time_s,x_m,y_m,yaw_rad,yaw_deg
0.049393415451049805,0.0,0.0,0.0,0.0
0.08266735076904297,0.0,0.0,-3.2823190947439684e-06,-0.0001880630311440304
0.14942097663879395,0.0005773077045913019,-4.53776585775279e-09,-7.680690142297664e-05,-0.0044007112890139186
0.18260979652404785,0.0024885031904971237,-1.695106144907679e-08,0.0006271848398977644,0.03593504430073015
0.24938106536865234,0.004073167931703675,5.170265018386115e-07,0.0027199375282394027,0.15584094090736295
0.2826881408691406,0.0056832692764612214,3.5306674874904425e-06,0.002273560593727186,0.13026542648782538
0.34938478469848633,0.008304385746369249,8.55801643423504e-06,0.0021184547952954893,0.1213785188596823
0.3826634883880615,0.010716815136097598,1.320653657969037e-05,0.0027649439385806214,0.15841961827094872
0.44938111305236816,0.013452234439070905,2.082586402400602e-05,0.005061151193733072,0.28998260287850347
0.4826774597167969,0.015987687181290098,3.174486797012354e-05,0.006745258256474874,0.3864748298217825
0.5493502616882324,0.018712613268681087,5.145014460688138e-05,0.008763094745845471,0.5020883444102123
0.5826523303985596,0.021244318563161956,7.182677866401444e-05,0.01036810241754216,0.5940485100845514
0.6493778228759766,0.02503154119784459,0.0001096741693484187,0.013704639924227548,0.7852180274047268
0.6826958656311035,0.02781991321462026,0.00014614852196638743,0.01715255164113083,0.9827688169169905
0.7494423389434814,0.031466672480215,0.00021044164131630108,0.02349844756991626,1.346361870865647
0.7827348709106445,0.03384357763761003,0.00026856333489506327,0.028187601565564435,1.615030604303194
0.8495373725891113,0.037766778040395965,0.0003786120012322637,0.03576788704367617,2.049348969703304
0.882643461227417,0.040549508535666565,0.000476512364832315,0.041273065602301706,2.3647724665784606
0.9495086669921875,0.044407703150347706,0.0006397645362350662,0.05004439132509075,2.867332411228809
0.9827172756195068,0.047194613940962464,0.0007782897012200061,0.055898191365484795,3.202730447656899
1.049485445022583,0.05148986764386505,0.0010167594250711609,0.06448695121592785,3.694830138338698
1.0826938152313232,0.054537976308361845,0.0012102210251717298,0.07022936063391283,4.023845962225413
1.1495137214660645,0.05891875619145729,0.0015206897675581763,0.07886237131573638,4.51848103878526
1.1827819347381592,0.06155038861329063,0.0017376185590684062,0.08514290949899907,4.878329369756973
1.2494149208068848,0.06577557873333162,0.0021031268745291126,0.09515004194091238,5.451695823707051
1.2827444076538086,0.06895041769504644,0.002400112991005237,0.10226231094924287,5.859198820646084
1.3494188785552979,0.07249504972534561,0.0027891668743025193,0.11234459758078463,6.436871292474598
1.3826799392700195,0.07526185417682196,0.003102041083482878,0.11853199165631388,6.791382859186673
1.4494595527648926,0.07986102797993337,0.0036410073708327897,0.12779613083613572,7.3221789350122535
1.4830105304718018,0.08234729765387588,0.003974889792776831,0.13454255873725973,7.708720780535962
1.549529790878296,0.08666649112904323,0.004559229767457568,0.1450448403394704,8.310457191600525
1.5826811790466309,0.08996813455059835,0.0050296335665060065,0.15167060816186106,8.690085723857095
1.649949312210083,0.09450705092354215,0.005725472367522457,0.1608845682331448,9.218006748543711
1.6828010082244873,0.09751739026754684,0.006216641612582444,0.16698341042517217,9.567444666063198
1.7494566440582275,0.10192421079929531,0.006966504842324491,0.17560532778886004,10.061444142313073
1.782679557800293,0.10492967181622552,0.007502011106888716,0.18049205469999355,10.341432969954024
1.8496384620666504,0.10946501088329932,0.008332620903802723,0.18791885768786365,10.766957436434131
1.88273024559021,0.11192330925865666,0.008819897826081115,0.19334745259144182,11.077993013095387
1.94950270652771,0.11610556206117363,0.009645276931094262,0.202701044687418,11.613914363481749
1.9826335906982422,0.118969192667902,0.010235510638000933,0.2093714506987161,11.996100475567824
2.049478769302368,0.12285080953863317,0.011074757618647768,0.21969307966256932,12.587486252896602
2.082608461380005,0.12571361162673705,0.011712286448189798,0.2259255139536056,12.94457843386559
2.1495473384857178,0.13025717281845658,0.012747401083215454,0.23575735939240872,13.507901682333957
2.182725667953491,0.1322963548175544,0.013269482672583611,0.2421556872702202,13.874498865673452
2.249586343765259,0.13607561941386437,0.014212143421103544,0.25191653212231957,14.433754080180742
2.2826991081237793,0.1389162435987392,0.014935591898553261,0.2583694057162864,14.803476502846458
2.349489212036133,0.1431093368872782,0.01603960004545371,0.2675062270403399,15.326977802879854
2.382727861404419,0.14606821024608108,0.016843296515165283,0.27314169746449224,15.649866473754583
2.449463367462158,0.15016315440703748,0.017996068357300807,0.2805202020655657,16.072623646513954
2.483020067214966,0.15297878164235473,0.018807552290168134,0.28492046797411374,16.324740311809055
2.549447774887085,0.15705906248203935,0.020008770141304467,0.2924505911225532,16.7561845874284
2.5826830863952637,0.1596018792859328,0.020783214729489498,0.29833220590620746,17.09317629125354
2.649437189102173,0.16335156909786486,0.02194819412288914,0.30700654473137856,17.59017929600231
2.682710647583008,0.16602070524175816,0.02279359192692401,0.3131183782856186,17.94036156374671
2.7494542598724365,0.17042212351889216,0.024204783118775632,0.3222827369528431,18.465440637322807
2.782716751098633,0.17267792304517343,0.02497844843401619,0.32849752734080034,18.82152189711123
2.849559783935547,0.17664360786504799,0.026330392660119894,0.3376734687409675,19.34726461240017
2.88274884223938,0.17941728246982755,0.02729979008117666,0.3439013097481829,19.704093617592115
2.9495415687561035,0.1833875410939231,0.02872486265602662,0.3533787682509412,20.247111990310543
2.982706308364868,0.18588100365857874,0.02965216412681183,0.3601015687348359,20.632300084546216
3.0494682788848877,0.18982222676555638,0.03113683867517238,0.3695793978762692,21.175339693296447
3.082686185836792,0.19203397524850996,0.03201137397396909,0.37591774798439864,21.538500403568552
3.1494457721710205,0.1964484090611888,0.03372892499648361,0.38650429885399845,22.14506508799717
3.182692766189575,0.19890465819863487,0.03473926561592034,0.39359617500648975,22.5513996603644
3.2494819164276123,0.20307471447288125,0.036462431042694754,0.4035084857325439,23.119333230189557
3.282702922821045,0.20564208309426743,0.037564598971873725,0.409750170894132,23.47695544699799
3.349527359008789,0.20980017740328913,0.039364069475941565,0.41835550316868053,23.970004667637333
3.382730007171631,0.2123480388606183,0.04050437836056312,0.42336403885078333,24.2569726237625
3.4494283199310303,0.21649411292898987,0.042368107324371046,0.43080882003862936,24.68352716522447
3.482694387435913,0.2188998173625761,0.043487776684248594,0.4369022578703144,25.03265543570537
3.5495479106903076,0.22261047284829075,0.04523124501082561,0.4475466492480913,25.642534137137428
3.5826756954193115,0.22526139920585847,0.04649969475788319,0.455431181045554,26.09428453256874
3.6510496139526367,0.22879566796846248,0.04824589026570721,0.4666472632794391,26.736918707242022
3.6825997829437256,0.23142312625355535,0.04956268671955201,0.4738900654258273,27.151900702078358
3.7494614124298096,0.235430880183253,0.05160714962867752,0.48534753202189274,27.808365181945028
3.783170461654663,0.23790334161702797,0.05291691565169866,0.4921414199049039,28.19762628412664
3.849663257598877,0.2416362429820254,0.05492321197993313,0.5019404047748628,28.759066760687833
3.8827319145202637,0.24408813030103002,0.05627215791376555,0.5084637626994151,29.132827638017897
3.949427843093872,0.24739367207924107,0.05813652173284026,0.5174938946705603,29.65021608841067
3.9826881885528564,0.2498335018911829,0.05952151971727183,0.5234751380388071,29.992916089651825
4.049530982971191,0.253326508432754,0.06154175282456701,0.5328145839664368,30.52802692429565
4.082683563232422,0.2561083109988231,0.06315911007644458,0.5388892645992436,30.87608048644534
4.149719953536987,0.2596118304904568,0.06526442579159751,0.5469887389657275,31.340146183919266
4.182671785354614,0.2620004388892823,0.06672001711089419,0.5528038184453163,31.673325695632837
4.249459743499756,0.2655866931969321,0.06893392904030098,0.5618912544420414,32.19399742484044
4.282689809799194,0.26795335195596504,0.07042498950691396,0.5683525192750274,32.56420063008684
4.349398612976074,0.27150317742392405,0.07269316340543375,0.578120964958154,33.123891340132786
4.38253927230835,0.27373860159010593,0.07415880839199576,0.5842238237688737,33.47355939295125
4.449518203735352,0.277108309411842,0.0763929426206762,0.5927845254160626,33.964051467005866
4.48271918296814,0.2794362219894456,0.07795830954717543,0.599186425371113,34.33085331529524
4.54946756362915,0.283259764178084,0.08054879141771772,0.6087303476322816,34.877679780861165
4.582724094390869,0.28543915776120127,0.08208005251592705,0.6151674647375955,35.24649942322712
4.6494526863098145,0.2892446078599752,0.08475162588650766,0.6241911284924977,35.76351727212818
4.682606935501099,0.29151059332449414,0.08639178105405222,0.6298695677863262,36.088867877885804
4.749372243881226,0.2951843383822774,0.08906322880255352,0.6376804538217641,36.53639868197407
4.782642364501953,0.2969769771448119,0.09042703213573361,0.6437141612744504,36.88210465382962
4.849392890930176,0.300210687350179,0.09285844651413004,0.6532533416857969,37.42865943141364
4.882645845413208,0.3022975612232518,0.09445861197000399,0.6593211224813466,37.77631766200918
4.94943904876709,0.30562302529960567,0.09703208730991925,0.6679720607203459,38.27197991193218
4.982604026794434,0.30760640559827473,0.09860744939463684,0.6740390894134163,38.61959505022988
5.04934024810791,0.3109732412457564,0.10128454819575602,0.6827623712350928,39.11940228211513
5.082692861557007,0.3131584689185838,0.10305946853223351,0.6888734664482715,39.46954224603288
5.14931058883667,0.31615929717353275,0.10554334615727877,0.6971624427492422,39.94446560456246
5.182598352432251,0.318206794295936,0.10725984955281909,0.7027426520211657,40.26418804464345
5.249350309371948,0.3211630973049505,0.10977172049140238,0.7109890748990272,40.73667327162504
5.282604217529297,0.32339661430710753,0.1116794568823576,0.7156386111036009,41.00307207284039
5.349300384521484,0.3263264031357017,0.11423680759376222,0.7216915755787721,41.34988139081031
5.38263201713562,0.32855736266505053,0.11618720337498487,0.7260269646256883,41.59828088574586
5.449302434921265,0.3312294595321647,0.11858283413662105,0.7325053408855169,41.96946450353178
5.482876300811768,0.3334288576875214,0.12054506555598943,0.7369101004171625,42.2218386344651
5.549367427825928,0.33662350495835125,0.12343307777076837,0.7443745548434637,42.6495203694599
5.582626819610596,0.33889585849836446,0.12551206767325723,0.7496518439828946,42.95188676441952
5.649429082870483,0.34220584610737004,0.1285839849134821,0.7572974296456367,43.389946554800375
5.68263840675354,0.34403227646063933,0.13033117438684602,0.7624970955146179,43.687865463971214
5.749419927597046,0.34697270123704393,0.13314774188201917,0.7706541631888735,44.15523101490866
5.782666921615601,0.34938699856607347,0.1354632720191166,0.7763027258573851,44.47886981612953
5.849414825439453,0.35243022832903304,0.13845917085611426,0.784799050935642,44.9656733844848
5.882748365402222,0.3544066721456439,0.14043903183908887,0.789857053874508,45.255475605646595
5.949461221694946,0.3572818648291577,0.14335162563628379,0.7976653347708789,45.70285714626127
5.982730388641357,0.35924068764216477,0.14535986631084633,0.8033365099662731,46.02779154983665
6.049440860748291,0.3623437768910758,0.14856283193829492,0.8118679473849455,46.516606907106556
6.082676410675049,0.36419645173242104,0.15052950682843283,0.8180423776292307,46.87037570100203
6.149459600448608,0.36687354314819637,0.15340356815030115,0.8275658492102117,47.416030428905025
6.18271541595459,0.36896720555771556,0.15566303878339824,0.8338334810950508,47.77513928344793
6.249504804611206,0.3718036075741228,0.15879062680911368,0.8440240982140175,48.359018634998485
6.282651901245117,0.37357030917345085,0.16078735277441633,0.8504364101125371,48.72641704370518
6.349445104598999,0.37614201138159314,0.16373254328804213,0.8597054115442858,49.2574917060451
6.382623195648193,0.37797676058625096,0.16585660564994592,0.8661917195066177,49.62912977690881
6.449423551559448,0.38078253136676293,0.1691436313066912,0.8762516425288975,50.20552090831194
6.4826271533966064,0.38257648651604365,0.17129707662806432,0.8823125893715122,50.55278758224691
6.549373626708984,0.3848650873120747,0.17411299389484103,0.8914185293572796,51.074519511930795
6.58264946937561,0.3865477599921469,0.17619319926169955,0.897370339101972,51.4155330907665
6.649495363235474,0.3892291735893019,0.1795347522595204,0.9056316653499898,51.88887221795857
6.6827638149261475,0.3907846968417043,0.18153030150862012,0.9110160620901588,52.19737542639426
6.749531507492065,0.3935206913790722,0.18503146070409673,0.9184268927308111,52.62198474478986
6.782702922821045,0.3953966825140876,0.18747026666937652,0.9230755694419984,52.888334300661654
6.849470615386963,0.39804219893265685,0.19096390511815248,0.93009829989637,53.29070711635514
6.882688760757446,0.3996280999275316,0.19310613805871246,0.9349586971797592,53.56918736745019
6.94966459274292,0.4022195365796496,0.1966110898930735,0.9427649706356034,54.01645389019506
6.982774257659912,0.4040331030367966,0.19909646185522073,0.9479399658278905,54.31295927371361
7.049447059631348,0.4064285881748952,0.20244925629621352,0.9559519889194306,54.772014382220206
7.082684755325317,0.40762819150493695,0.20419449441957288,0.9618802108084639,55.11167647647889
7.1494951248168945,0.410171696691972,0.20781304796133843,0.970923406661024,55.62981343214079
7.182751417160034,0.41167509069244823,0.2100181911258243,0.9766606355147296,55.95853243155881
7.249526500701904,0.41401831165296094,0.21348242930305075,0.9851642713083654,56.44575487305052
7.2826926708221436,0.4154106037464182,0.21559767249002706,0.990886475371318,56.773613015370316
7.34944486618042,0.4175277212295408,0.21884064012352525,0.9999393504217506,57.292304548219384
7.382656574249268,0.41874129331373044,0.22075689434484638,1.0060840385668293,57.644369245356465
7.449466943740845,0.4208582837724497,0.22408719297744079,1.0150671624961376,58.15906433334881
7.482691049575806,0.4224246183137631,0.2265819460797807,1.0212643757854325,58.51413849956779
7.549488067626953,0.424520148824002,0.23000366711241657,1.0312006475937778,59.0834449382808
7.582961320877075,0.42596574531434683,0.23240702188060966,1.037518478758658,59.44542999970465
7.6494739055633545,0.42832147414689226,0.2363586226269109,1.046821326385163,59.97844390615668
7.682713031768799,0.4297939296767598,0.2389017827332765,1.052978654216073,60.33123280394627
7.7494261264801025,0.4318172899911106,0.24247179394251625,1.0619105743756494,60.842994132037816
7.782729148864746,0.4329688467386057,0.24457163707307805,1.0675738847909741,61.1674779169084
7.84943699836731,0.4351255410352733,0.24845875181735544,1.0767402250116591,61.692670525134666
7.8828444480896,0.4365951729713379,0.2511659152936639,1.0831358208754176,62.059111175599355
7.94942307472229,0.43850697480110395,0.2547894644031401,1.0922533145737499,62.58150508425092
7.982697248458862,0.4397287654541846,0.2571588437064308,1.0976660932478275,62.891634457713984
8.049575328826904,0.4412932011464825,0.2602706998954023,1.1058823932403339,63.362393770497974
8.08262848854065,0.44236497096237776,0.2624217481441868,1.1110257914963952,63.657088782925236
8.149516582489014,0.444187888822027,0.2660776245179534,1.1187855514064173,64.10169027580432
8.182664632797241,0.44535736777166135,0.26848014881748494,1.1241728119481673,64.41035756798395
8.249489307403564,0.4470174185161218,0.2719537477841197,1.132222774883636,64.87158646942305
8.282719612121582,0.4480922035296736,0.27424904782613246,1.1371922008410698,65.15631360338676
8.349463701248169,0.4498260706166049,0.27797222032816443,1.1435468975513583,65.52041090497197
8.382840394973755,0.45105946472605907,0.2806547910606187,1.1470941256830844,65.72365210588995
8.44945764541626,0.4528393428812949,0.28458509313047264,1.152482606243165,66.03238929997086
8.48281192779541,0.4539188842992122,0.28702416788683754,1.1570585886289013,66.29457377779976
8.549455165863037,0.45566689113183445,0.2909910703988258,1.1638534383903396,66.68388999155565
8.58262848854065,0.45683289654967835,0.29368619894628245,1.1687657796139792,66.96534641119833
8.649636507034302,0.45842601488220236,0.29745029654023447,1.1760480122221368,67.3825876050783
8.682623863220215,0.4593908102783101,0.2997899851170691,1.1811794069141364,67.67659486394571
8.749423742294312,0.4610362934447828,0.30377764661684414,1.1889908214740412,68.12415595025529
8.782624959945679,0.46197145394291483,0.3061301645867752,1.1940723679604304,68.41530711732493
8.849334955215454,0.4636798817165256,0.310402118922775,1.2012398146795862,68.82597156421744
8.882680892944336,0.4647829781839177,0.31323058457542546,1.2064700725788322,69.12564326760919
8.949358224868774,0.4663096077530911,0.3172481856384509,1.2143961336766045,69.57977311667437
8.98261046409607,0.4672319762886371,0.3197491330492693,1.2198963404492822,69.89491175119808
9.049640893936157,0.4687356932127858,0.3238444822474178,1.227389459765737,70.3242358634189
9.082697629928589,0.4697770547082245,0.3267354061461037,1.2313189403120635,70.54937851440216
9.149819374084473,0.4711386585223262,0.3306191160598733,1.237327914428403,70.89366737047177
9.182664394378662,0.4721048136158858,0.33339955152815753,1.2414754885679091,71.13130586388307
9.249461889266968,0.47347186692848153,0.33740787988014204,1.2478313235419245,71.49546838317579
9.282641172409058,0.4744064045143423,0.3401930453242858,1.252494102016425,71.76262591056913
9.349418640136719,0.47563093168445986,0.3439470670198886,1.2603783024249724,72.21435731881421
9.382649660110474,0.47653523201749065,0.3467482366557903,1.2661611926656617,72.54569252299311
9.449421167373657,0.4778464239086601,0.350904882708019,1.275080388161994,73.05672478158503
9.482712507247925,0.4786162950009748,0.3534562606261709,1.280810963337893,73.38506255334649
9.549414157867432,0.47995811018501794,0.35790255895162937,1.2896046267124577,73.88890235116781
9.582642555236816,0.4806863774237948,0.3604581080592284,1.2949703239691788,74.19633415812285
9.649619817733765,0.4819236535040026,0.3648004973614743,1.3019007827268974,74.59342019502961
9.682689428329468,0.48262262190585825,0.36737180231066185,1.3060948753303796,74.83372400009617
9.749439001083374,0.48376994321096356,0.37159303554397083,1.3120861077046013,75.17699632922123
9.78266191482544,0.4844835016069056,0.37429979682647335,1.3159030602610946,75.39569160130996
9.849445343017578,0.4855475932055514,0.378391402262961,1.3216672926787725,75.72595779097539
9.882669925689697,0.4862375910823306,0.3811096577973079,1.32585504829827,75.9658985136048
9.94941258430481,0.48721989583700104,0.3850623967880513,1.332963303011226,76.37317150836115
9.98266863822937,0.48784625707072893,0.38765883133050993,1.337792016973565,76.64983643887906
10.049386739730835,0.4888890194709355,0.3920080210049334,1.3440909339181815,77.01073779530903
10.082642555236816,0.4896574909839511,0.39526917119327093,1.3490089195182489,77.29251761389901
10.149370193481445,0.4906294067007348,0.399590149990673,1.356418708032946,77.71706722287566
10.182650804519653,0.4911852352036202,0.402192793659858,1.3613909748434168,78.00195712572861
10.249454021453857,0.49216758706228214,0.40676632486692677,1.3688717574702443,78.43057439770061
10.282649993896484,0.49275344787876546,0.4096391626364143,1.3742299358376817,78.73757540403308
10.34939956665039,0.4935838219720867,0.41384111535035717,1.3825230364200243,79.2127350664788
10.382641077041626,0.49404334731762256,0.4163257681511964,1.3881192495620016,79.53337446076974
10.449436664581299,0.49483804816615984,0.420601696778043,1.3962151868676482,79.99723749958581
10.482712030410767,0.4953800267833878,0.42362993548986716,1.4013067669574486,80.28896354978421
10.54936695098877,0.4960647867183355,0.42768378227336606,1.4090898566378751,80.73490174004448
10.582677364349365,0.4965944516574214,0.4308521063949758,1.4145571072154322,81.04815212367895
10.649432897567749,0.49725297229892546,0.4350688567630717,1.4234231893750078,81.55614121223887
10.682705879211426,0.49768595394760784,0.43797697693328175,1.4296508848313427,81.91296187797967
10.749372005462646,0.4982809104567929,0.44219347255517805,1.438429156227743,82.4159197804138
10.782690286636353,0.49867035238190766,0.44510427414658077,1.4441925542742746,82.74613816413401
10.84939193725586,0.49927191350767547,0.4497434833850046,1.4532605552141489,83.26569634660947
10.882684230804443,0.49952996067989625,0.45211945424664907,1.4592934990435784,83.61135856607528
10.949377059936523,0.49995599917184724,0.4560211605406148,1.4679559390722738,84.1076798200047
10.982692956924438,0.5003045169196062,0.45921961472044387,1.473977181506429,84.45267159890689
11.049519538879395,0.5007110603988788,0.4634361443661722,1.4829514138392055,84.96685723594481
11.082601308822632,0.500989829079668,0.4665031174093437,1.4894171356732404,85.33731580854061
11.149336814880371,0.5013478954779782,0.47088164764512963,1.4983197409686413,85.84739751863789
11.182664632797241,0.5015912730159421,0.4740840148010681,1.5034915088638658,86.14371799165552
11.249441623687744,0.5018865312301786,0.4785164600955861,1.5112310242619458,86.58715955944201
11.282687425613403,0.5020851059406173,0.4817134524975201,1.5170198404476638,86.91883429526067
11.349424123764038,0.5023325618507424,0.4863099394365833,1.5255586993962362,87.40807487487139
11.382662296295166,0.5024822985304124,0.4895087682292428,1.5314252658844154,87.74420437487694
11.449393033981323,0.5026405562411467,0.4938415231889558,1.5406609269811193,88.27336877673123
11.482980728149414,0.5027630007530439,0.49732013824141225,1.5473824279330186,88.65848241326823
11.549384355545044,0.5028683042835826,0.5019610698200949,1.5564786190940403,89.17965577643898
11.582663536071777,0.5028808605470518,0.5044833078084124,1.5615881649181818,89.47241118739097
11.649380922317505,0.5029139154391655,0.5087546668283507,1.5690982385229069,89.90270670877433
11.682654857635498,0.5029196107895766,0.5116519359439572,1.574954437272547,90.2382421811185
11.749358654022217,0.5029016256690522,0.5160920553837944,1.5848328677631185,90.80423455644159
11.782680034637451,0.5028577464525416,0.5188924889325459,1.5916493929454834,91.19479268033574
11.849420309066772,0.5027663103373887,0.5231332138869423,1.6012675611509517,91.745873125156
11.882728576660156,0.5026811397224117,0.5262099906334144,1.6070546774480619,92.07745046453178
11.94934368133545,0.5025220480416647,0.5300297011943108,1.6154509549856135,92.55852173105399
11.982672929763794,0.502398044696409,0.5329735130727026,1.6207898726518228,92.86441918049562
12.049371242523193,0.5021875931998224,0.5371774502439124,1.6283021780530271,93.29484257439796
12.08259892463684,0.5020286000544866,0.5398438359207706,1.6338009051302456,93.60989642861688
12.149404287338257,0.5017666899484592,0.5440244482509465,1.6429437440661294,94.1337425124109
12.182645082473755,0.5015828888359071,0.5462981405465056,1.6489957362896233,94.4804961244631
12.249592065811157,0.5012503530435263,0.5508347094682616,1.6583421849947824,95.01600818870423
12.282708406448364,0.5010058840762042,0.5536256638937641,1.6644585302978125,95.36644896061252
12.349384784698486,0.5006043239209125,0.5579579214727272,1.6728700720087895,95.84839479984974
12.38268780708313,0.5003170223217446,0.5607465720094866,1.6786331316362446,96.17859379358516
12.449337244033813,0.4998618383464296,0.5649420187661247,1.687464607824669,96.68460010605216
12.482748985290527,0.49951365431526074,0.5679990018983335,1.6931022059145302,97.00761068319223
12.549370765686035,0.4990166210501092,0.5719273741911871,1.7011407469854225,97.46818515999693
12.582677602767944,0.4986274773267142,0.5749808104132823,1.7068365402707926,97.79453007622759
12.649375677108765,0.4980366295621672,0.5793175530800647,1.7158081170196366,98.30856355951406
12.682650566101074,0.4976573654908654,0.5818210958487731,1.7212541908446797,98.62060060460568
12.749412059783936,0.49702893142636956,0.5859709401930026,1.7289406915397592,99.06100465365812
12.782607793807983,0.4965385973426476,0.5891472702786624,1.7344503155013387,99.37668285336078
12.849367380142212,0.49582688490376936,0.5934622570913025,1.7424791186610842,99.8366993889555
12.88265609741211,0.4953397809972874,0.5962450757235755,1.7478069433070749,100.14196125515653
12.949386358261108,0.49462951531619387,0.6001386034755054,1.7559691466229292,100.60962105668268
12.982881784439087,0.49400127135873473,0.6036653151846159,1.7616772077533742,100.93666886865985
13.049391746520996,0.4931907527970786,0.6077855744853762,1.7699847815221557,101.41265778360462
13.08257508277893,0.492632531664961,0.6105305132511795,1.7760055143583757,101.75762036469585
13.149293661117554,0.4917174354409748,0.6149620293661128,1.7846605303876437,102.253516254791
13.182640314102173,0.49109260199906635,0.6178381203740746,1.790500973606761,102.5881490017322
13.249373197555542,0.4901586609779299,0.6219944474184762,1.7991908956283638,103.08604485786785
13.282732486724854,0.48949365468692096,0.6248610064356395,1.8055728311664927,103.45170282932717
13.349363803863525,0.48850150832480527,0.6289912183604104,1.8154122629662677,104.01546074426109
13.382665634155273,0.48781976629697993,0.631711522243256,1.8215258235728609,104.36574196481632
13.449369668960571,0.4867995944228483,0.635665156969025,1.8300603677794598,104.85473532792227
13.482662200927734,0.48607973113524394,0.6383800421167376,1.8360881673478586,105.20010280294231
13.549350500106812,0.48497811690576126,0.6424373562620742,1.8454522966676625,105.73662789178178
13.582676649093628,0.4841537917354039,0.6454033368305445,1.851256327100275,106.06917433973597
13.649376630783081,0.4828748877999534,0.6498899511436599,1.8600606835471327,106.57362680546971
13.682659387588501,0.482000123860259,0.6528393364118091,1.8660711586842753,106.91800166369629
13.749722242355347,0.4807795579964926,0.656805807655384,1.8756456314367353,107.46657854347526
13.782663583755493,0.47993450932371196,0.6594774290710766,1.8815936080695463,107.80737250117777
13.849931716918945,0.47867412684744676,0.6633757865979939,1.8904000666962864,108.31194541294654
13.882672786712646,0.47786826687100925,0.6657757072782241,1.895869132836439,108.62529982065519
13.949798822402954,0.47657989952281415,0.6695932289220059,1.9043600377698988,109.11179283758925
13.982690334320068,0.47562414067718395,0.6723798001258159,1.9097842250423442,109.42257587558895
14.049781084060669,0.4742308297899712,0.6763356774838175,1.9182168385546312,109.90572904010799
14.082687377929688,0.47327521504004205,0.6789774896835599,1.9237622895337656,110.22345997670907
14.14938759803772,0.4719200533813667,0.6826295767342732,1.931810680431763,110.68459880703583
14.182655572891235,0.4709270001693199,0.6852717783051743,1.936315195615103,110.9426885157938
14.249473571777344,0.4695281604905457,0.6889064629045751,1.9426747288361295,111.30706292903186
14.28306269645691,0.468557663210277,0.6913952012905094,1.9473367216190542,111.5741754396139
14.349447250366211,0.4672789150213869,0.6945778828399788,1.9548836506796163,112.00658262306874
14.382706642150879,0.4662805385153684,0.6970663974869676,1.9602387491086795,112.3134071619312
14.449331045150757,0.4647348670797708,0.7008592882351141,1.9684307971551556,112.78277694056267
14.482671737670898,0.4637493207993831,0.703198784750749,1.9736138715786156,113.07974522992913
14.549357175827026,0.46234993846677247,0.7064534957180952,1.9811649680729309,113.51239118974942
14.582627773284912,0.4613378525728997,0.7087854433339877,1.9864031002593074,113.81251405656045
14.649442434310913,0.45976979448733835,0.7123558169492318,1.9943976288631566,114.2705668047576
14.682644605636597,0.4586591887019296,0.7148309257733184,1.999712740675971,114.575100279272
14.74964189529419,0.4569553813615418,0.7185766064767449,2.0077651147318596,115.03646732773505
14.782726526260376,0.45571742332495346,0.7212526301807207,2.013655884003404,115.3739835450799
14.849459409713745,0.45387406290837745,0.7251575835496843,2.022312342150557,115.86996206244342
14.882831573486328,0.45265040335314305,0.7276813365256632,2.027605548844873,116.17324046611812
14.949444055557251,0.4506780655593529,0.7317174812472961,2.0353352513292027,116.616119795362
14.982747793197632,0.4492501878912813,0.7345934042969077,2.039961468357964,116.88118250622156
15.04955506324768,0.44712599483320276,0.7387995397696645,2.046745130563135,117.26985772022027
15.082801103591919,0.4460106114180738,0.7409113814418274,2.052016947185572,117.57191056305281
15.149649381637573,0.4441743943321682,0.7444023548273233,2.059643981056137,118.00890741403954
15.182921409606934,0.4427980575177749,0.7470033057877958,2.0648224592307525,118.3056123577456
15.249329566955566,0.4408652933289864,0.7505813640352482,2.0727789326945496,118.76148470702901
15.282601118087769,0.43933137125825783,0.7534095357559216,2.0776159473640217,119.03862523303263
15.349419355392456,0.43726573926438456,0.7571219430846513,2.084638314092853,119.44097720878776
15.382703304290771,0.4356349560845791,0.7600446944855734,2.08998183776062,119.74713856267907
15.449489831924438,0.4332274759497178,0.7642799208057632,2.098122201882685,120.21354707057311
15.482704162597656,0.43168330912709724,0.7669268478969674,2.103595673481716,120.52715389248232
15.549560070037842,0.42954117103777506,0.7705275221139211,2.1118664227030584,121.00103291627634
15.582738161087036,0.42789659052950885,0.7732802692390085,2.117147000038747,121.30358771100373
15.649439096450806,0.42543585621634805,0.777337538113267,2.1251254135815767,121.7607171342179
15.682728290557861,0.42375291881736676,0.7800622146518503,2.130267824203105,122.05535555935471
15.749498128890991,0.42121832490242334,0.78411335079954,2.1382805102798352,122.5144486541146
15.782707929611206,0.4195647556327704,0.7867005080071935,2.1435986983545146,122.81915838545054
15.849443435668945,0.41727339014420023,0.790221125570051,2.1513957909123,123.2658988814845
15.882726907730103,0.4158032830355147,0.7924395588550598,2.1568969953374335,123.58109467728335
15.949441194534302,0.413302778200857,0.7962172121629599,2.165920167817138,124.09808437818899
15.982648611068726,0.41143658427541374,0.7989986054546866,2.172203443612326,124.45808956276998
16.049451112747192,0.40906325143556144,0.8024298249355406,2.182414346496385,125.04313120304452
16.082720518112183,0.40752300711065387,0.80460775453649,2.188944828526056,125.4173002615307
16.14944839477539,0.4050690974890725,0.8080546235112105,2.197757179798147,125.92221079700826
16.1827495098114,0.4032737652981524,0.8105479943440811,2.203675761883053,126.26132057117512
16.249541521072388,0.4006725342094345,0.8140961442540976,2.2125305705367335,126.76866373542693
16.282719135284424,0.3990698824150285,0.816224506369446,2.2179053925155117,127.07661835044506
16.349483251571655,0.3963530406134978,0.8198341334377472,2.2259383185146264,127.53687110733524
16.38271951675415,0.3947225598684807,0.8219409586883185,2.2313300125647766,127.84579242083466
16.44951629638672,0.3922978533703693,0.8250423811121996,2.2393201607655406,128.30359419042247
16.482715845108032,0.39039886072332414,0.8274669834031788,2.2453246722904314,128.6476273588364
16.549470901489258,0.3876770996038163,0.830876273823058,2.2543463218937214,129.16452980535078
16.582685947418213,0.385823113580804,0.8331569764469638,2.2604085561563068,129.51187024301652
16.6493821144104,0.3834675703614057,0.8359756846197604,2.2687029517116315,129.9871041019487
16.6826114654541,0.381834608141286,0.8379139008450466,2.2741492787774336,130.299155656667
16.74935793876648,0.37916042706493613,0.8410770402822548,2.282472477698235,130.7760398268768
16.78270125389099,0.3774158380144696,0.8430993392521139,2.288390828049619,131.11513632369085
16.849384784698486,0.37468533524695435,0.8462345586943895,2.2974144266883076,131.6321504417077
16.882670402526855,0.37282471416280355,0.8483335900921805,2.3041078126856593,132.0156532100079
16.94945764541626,0.37012019894766207,0.8513316615310722,2.3135995876764213,132.5594918570664
16.982650995254517,0.3683991301974705,0.8531954392866832,2.3201244022618885,132.9333361949191
17.0494544506073,0.3656738524079833,0.8561263271514222,2.3298648254208576,133.4914213325995
17.08268928527832,0.3637398008105766,0.8581740208076136,2.3356859746261556,133.824948613979
17.149693250656128,0.3608618385641946,0.8611787668941818,2.344227019750015,134.31431445220693
17.18270492553711,0.3592694968027087,0.862783390555639,2.3500213473532146,134.6463049689864
17.24941635131836,0.3563789350239388,0.8657227713614768,2.358667090781947,135.14166957820575
17.28266930580139,0.35439510526510837,0.8677049891044282,2.364331936691176,135.46624134039655
17.349458694458008,0.35152755238104627,0.8705246062417156,2.373987223294005,136.01944851272785
17.38270664215088,0.3497007147602396,0.8722796770492163,2.38087735801982,136.41422415279357
17.44952392578125,0.3466057025109041,0.8752422033439814,2.391145391425127,137.00253913081698
17.482848405838013,0.34455481794851334,0.8771592962620687,2.3981365505582124,137.40310304304714
17.549433708190918,0.34178364410952,0.8796881781476402,2.407251393406275,137.92534506916613
17.582700729370117,0.3395073061022056,0.8817681380802852,2.412213018466641,138.20962524465145
17.64941430091858,0.33638075138890905,0.8845641420076775,2.419184889139367,138.60908400950967
17.682735443115234,0.3342767931196233,0.8864196453477626,2.4245694013802606,138.9175938356494
17.749500036239624,0.3311123260572997,0.8891790931536567,2.4329769054562735,139.39930833544398
17.7826509475708,0.32938286829777763,0.8906349041091144,2.438897303894537,139.73852217899233
17.849624156951904,0.3266549876946518,0.8929272420136245,2.4475107064590524,140.23203379318622
17.882778644561768,0.32450095342874136,0.8947353636153991,2.4529188931390395,140.54190006476836
17.949522972106934,0.3211113605390339,0.8975493820339401,2.4607644174766357,140.9914154973798
17.982739448547363,0.3189315134963908,0.8993180104061219,2.4660924723510984,141.2966905547006
18.049448013305664,0.3153364629748234,0.9022196613321785,2.4743101094798803,141.7675264797498
18.08271813392639,0.3130307926921676,0.9040370970265494,2.4805738335821346,142.12641143484333
18.149482250213623,0.3097764600784251,0.9065555568072697,2.49073888434342,142.70882594200125
18.182705640792847,0.3075494439488782,0.9082499041372084,2.4975145588878584,143.0970434967518
18.24945044517517,0.30428552212762927,0.9106921963482064,2.507478394954422,143.6679292511261
18.282711267471313,0.30245189019361846,0.912014704849874,2.514615255473693,144.0768412378539
18.349425792694092,0.29888195343286145,0.9146245777196202,2.5248996312513325,144.6660925648392
18.3827645778656,0.2964882764227968,0.9163305760056761,2.5314312018304346,145.04032399261357
18.449427843093872,0.2926932356082829,0.9190036121784397,2.5411369915248017,145.59642477894238
18.483882188796997,0.2904120161106563,0.9205586898329201,2.547297842840581,145.94941555754414
18.551154613494873,0.28720548904892457,0.9227004645675403,2.5559598652937403,146.44571288615774
18.582805633544922,0.28464593969400154,0.9244144192452586,2.561309319863099,146.75221405567896
18.649433374404907,0.2809969179402173,0.9268110518981179,2.5693135786326238,147.21082430130332
18.682682275772095,0.2785289744837745,0.928403925261926,2.574488552628881,147.5073284703788
18.74941873550415,0.2752998805033725,0.930437469026951,2.581871364931545,147.9303324562587
18.78261637687683,0.2730354224707289,0.9318531581648744,2.586912142568945,148.21914774034565
18.849358558654785,0.2697330265132908,0.9338913228825746,2.5947395194208465,148.66762339861802
18.882928371429443,0.26733489452312964,0.9353579410772483,2.6000226802061057,148.97032621410239
18.94958782196045,0.26377034163094687,0.9375069811531936,2.608116587584501,149.43407294665423
18.98295307159424,0.2609921638085148,0.9391685592463707,2.613772864853823,149.75815376194217
19.049373388290405,0.25722390223751673,0.9413683607697994,2.622243136786814,150.24346459503067
19.08303427696228,0.25443986767579496,0.9429735892359342,2.6272014798201475,150.52755672421878
19.14947772026062,0.25046722874498867,0.9452213120336643,2.63465613611174,150.95467706744768
19.18273138999939,0.24825044339880042,0.9464309063760002,2.6404521111649704,151.28676197616088
19.24946928024292,0.24453370097422328,0.9484635623012575,2.649714978401599,151.81748517500972
19.282548427581787,0.24217812754316245,0.9497170325637302,2.6562731046876715,152.19323813271546
19.349506378173828,0.23771104495554504,0.9521088474025933,2.66680392350903,152.79660960599622
19.38271951675415,0.23569469980612565,0.9531085934315131,2.673439370492231,153.17679271331644
19.44936466217041,0.23205707260481168,0.9549409091118002,2.683154581777119,153.7334333170184
19.4826922416687,0.22977773260122517,0.9560548428864555,2.689725020332718,154.10989171580428
19.549420833587646,0.22654461465427655,0.9576045537524096,2.69958574108702,154.67486939798286
19.58271098136902,0.224610348507888,0.9585005621234638,2.7062238988960567,155.05520782418245
19.649415969848633,0.22133824111136116,0.9600224966928448,2.716108517156048,155.6215547325779
19.682684421539307,0.2192582683636462,0.9609590075335395,2.7222723637446764,155.97471712767242
19.749415159225464,0.21558922989091484,0.9626156769585354,2.7313897477971683,156.49710475408008
19.782653093338013,0.21316720122011118,0.9636773637420224,2.7367495840369447,156.80420074950055
19.849457025527954,0.20911426121003407,0.9654375946678224,2.7447138669206144,157.2605205455831
19.88262152671814,0.20665128580682307,0.9664679553844289,2.7503299652347053,157.58229927631103
19.94935393333435,0.2026729795081912,0.9681194560934814,2.7591177302145793,158.0858011210107
19.982702255249023,0.19994778967639693,0.9692230148456012,2.764699069840203,158.40558832558807
20.049354553222656,0.19615876969685567,0.970715984204948,2.772520367910129,158.85371569530864
20.082628965377808,0.1940393349097163,0.9715146627715399,2.7777076770033737,159.1509266133814
20.149340391159058,0.18995587197822358,0.9730884442028985,2.7851053832838586,159.5747839613306
20.182712078094482,0.18779693732154598,0.9738721898388393,2.790448735976038,159.88093551904234
20.24945640563965,0.18378560315504566,0.9753550779161019,2.798434399187527,160.33848031767354
20.28269052505493,0.18102325512171769,0.9763514478632354,2.803140091306469,160.6080966157769
20.349446773529053,0.17719317611437987,0.977694825299911,2.809579284203454,160.97703519224476
20.382668495178223,0.1742876116298996,0.9787092271931416,2.814191173917016,161.24127700841166
20.44948410987854,0.1702884517847258,0.9800654185695431,2.820959711904788,161.62908566858496
20.48282790184021,0.1680079001909553,0.9808065868909926,2.8257774792923573,161.90512340656846
20.549460411071777,0.16432253124396362,0.982004237226929,2.8330225497407113,162.3202353655341
20.582638025283813,0.1615205520885217,0.9829087175759935,2.8381173930691457,162.61214838553377
20.649418592453003,0.15779586994865352,0.9840675350507295,2.844953658794715,163.00383755923883
20.6826331615448,0.15525007671876218,0.9848458252207906,2.849651430120254,163.27300002930977
20.74953031539917,0.15155075740945806,0.9859526728875468,2.8566637106898973,163.67477411071195
20.782655477523804,0.1492232515399713,0.9866263276301029,2.861719304745076,163.96443831300513
20.849544763565063,0.1455752517350502,0.9876745172282029,2.869289192047317,164.3981609068132
20.882787466049194,0.14273953366641656,0.9884810019305093,2.8742127433029276,164.68025961397603
20.949517965316772,0.13874137508744083,0.9895815705573536,2.8816290274355207,165.10518139444343
20.982755184173584,0.13655111879293755,0.9901480525872456,2.8865374468660825,165.38641311189465
21.049408674240112,0.13243455412394556,0.991234515582489,2.8943614123612225,165.83469331382216
21.083060026168823,0.12997751517455,0.9918489467737999,2.900458231293154,166.1840153070773
21.149437427520752,0.12596071034699077,0.9928430205863331,2.9099313913269302,166.72678739566467
21.18274712562561,0.12270589571716779,0.9936359079918347,2.916100553884003,167.08025437331506
21.2494854927063,0.1188459074043923,0.9945076000068028,2.9251730601396977,167.60007069137242
21.282679319381714,0.11597531725188051,0.9951447111374757,2.9310592128802666,167.93732240097637
21.349459171295166,0.11171074178038336,0.9960600911879427,2.940453548960191,168.4755782096835
21.382707357406616,0.10936453990731303,0.9965195878967026,2.9470293124152676,168.85234170273577
21.449469327926636,0.1056896658997525,0.9972309633786458,2.957268073720548,169.4389795129702
21.48274064064026,0.10305972910390486,0.9977239025854648,2.9634204508266233,169.79148475512122
21.549444437026978,0.09885171149834296,0.9984943034607092,2.9714070036937628,170.24908052726641
21.582737684249878,0.09622226609710921,0.9989437742734467,2.9763532055644735,170.53247701907785
21.64953637123108,0.09154732070673409,0.9997475507257112,2.9837591598732356,170.95680694423666
21.68275761604309,0.08838011228164377,1.0002629102408256,2.988418667448407,171.22377706290322
21.749465227127075,0.08413497779213751,1.0009102436724273,2.994464696965439,171.57018903704065
21.782645225524902,0.08109759856003972,1.0013644172400142,2.998790537438432,171.81804143899004
21.84953546524048,0.07714347082217023,1.0019164035100985,3.005929434069616,172.22707008633705
21.882744312286377,0.07436374790958888,1.002294313975153,3.0110856795625853,172.52250119121754
21.949472904205322,0.07032395247617694,1.002818659234785,3.018573760596471,172.95153663111114
21.98270535469055,0.06754100086296609,1.0031636981661212,3.023237810401258,173.21876700036427
22.049494981765747,0.06336718562462737,1.0036604284833757,3.029733587475948,173.59094761140184
22.08264660835266,0.061122308024519616,1.003894233361785,3.0341761817539687,173.8454895136214
22.149425983428955,0.05672521542453246,1.0043835264968588,3.0410115338926875,174.2371263426557
22.182679653167725,0.054068367499728244,1.0046481781400467,3.0454763514923906,174.4929415474144
22.249451637268066,0.04947986737260719,1.0051060734345656,3.052165467348866,174.87619965466448
22.28273034095764,0.046825530991206225,1.005336591707701,3.056863657689826,175.14538613255064
22.34939742088318,0.04205108026708898,1.0057591912948347,3.0636367241717277,175.53345425632511
22.382696866989136,0.0392609452982476,1.0059704936380518,3.0683117994998135,175.80131634153017
22.44976019859314,0.03501269204889783,1.0062773645032048,3.0755037273936185,176.2133834564076
22.48269820213318,0.03206968244482676,1.0064730470580137,3.0809598922084316,176.52599867262418
22.54953408241272,0.028123167168305582,1.0066999603921818,3.0893291433738703,177.00552144208876
22.58265995979309,0.025457196253500108,1.0068347297993212,3.0945110183426277,177.30242100776303
22.649467706680298,0.02170618396165786,1.0069989324170128,3.103192721298668,177.7998459461304
22.682618379592896,0.018899388837976046,1.007112916349936,3.1092399588105053,178.14632713327188
22.749460458755493,0.014740997652152208,1.007251970373422,3.117885244759109,178.64166553081063
22.78299570083618,0.012208317343188401,1.0073050218694124,3.123443925856302,178.96015449733892
22.84954595565796,0.008203757709563197,1.0073778804289761,3.1321953643591227,179.46157498821884
22.882648229599,0.005936778761710917,1.0073843781303164,3.1384649164798497,179.8207938641738
22.949484825134277,0.0016948157353406264,1.0074130157226227,3.147958831627649,180.36475513319803
22.98262643814087,-0.0012483028268721482,1.0074048332881982,3.1537450838960908,180.69628296737773
23.049415588378906,-0.00528697142415311,1.0073528149865127,3.1624387225478867,181.19439177073744
23.082701921463013,-0.008235324218531619,1.007299481107625,3.168404428943634,181.53620156902798
23.149646520614624,-0.0128628437489923,1.0071914316721688,3.177403662785889,182.05181968704045
23.18273091316223,-0.01552332152666597,1.0070860687388323,3.1829512050809394,182.36967044721717
23.249454021453857,-0.0197478630916546,1.0069094674407522,3.1913650722605555,182.85174952599283
23.282763957977295,-0.022681235286002292,1.0067678153052413,3.196218705668401,183.12984223556606
23.349481344223022,-0.026908925874248098,1.0065340421058506,3.2020506532240995,183.46398821684923
23.382724285125732,-0.030113064553355863,1.006352384606417,3.2062667972044583,183.70555547274327
23.449308395385742,-0.03437749377906215,1.006070059559918,3.213550744622625,184.12289491799945
23.482658624649048,-0.03703478350011551,1.005869647410548,3.219471706558678,184.4621410475929
23.549500942230225,-0.04109806852503354,1.0055466652815992,3.2286639974587787,184.98882052022518
23.582711935043335,-0.04348382802828084,1.0053242126797206,3.234337298121462,185.3138767041057
23.649385452270508,-0.048050875155091335,1.0049197171997915,3.242475742085461,185.78017519504655
23.682679414749146,-0.05111162283503924,1.0046183837573104,3.247179905657753,186.04970391387806
23.74941325187683,-0.05591296813470478,1.0041246391086973,3.254391038136258,186.46287137040613
23.782684087753296,-0.058823803032094855,1.003790468881688,3.259463103046373,186.7534792831721
23.849369287490845,-0.0626600996678104,1.0033138803965658,3.266857032552346,187.1771202378816
23.88271164894104,-0.06544021276514123,1.0029625268215214,3.271907483455563,187.46648975927397
23.94935703277588,-0.06962075620130975,1.0024142208936804,3.280326076339114,187.94883960094035
23.982642650604248,-0.0721259928005943,1.0020543269378686,3.285543664116338,188.24778535981432
24.049314737319946,-0.07640136843265953,1.001441868630828,3.293513065896316,188.7043984470511
24.082573175430298,-0.07863287235853657,1.0010806441161493,3.2997729058170786,189.0630608549383
24.149333000183105,-0.08243098239099893,1.0004716490455379,3.3096193218151075,189.62721893495544
24.182640314102173,-0.08506993034967221,1.0000271952064195,3.315519900393745,189.9652971841967
24.249388456344604,-0.08885279789072686,0.999359867458504,3.323679904474969,190.43283097886035
24.282594442367554,-0.09135306410403583,0.9988978210926099,3.328651835109784,190.71770162026704
24.3494074344635,-0.09539012147271278,0.9981427906716489,3.335972071396346,191.13712026452558
24.382620573043823,-0.09814950746966757,0.9976054862830237,3.3412723504937034,191.44080388704555
24.44936466217041,-0.1023671528073373,0.9967607314628792,3.3503627371237137,191.96164467508729
24.482585668563843,-0.10538376717235504,0.9961332323711001,3.357398145960716,192.36474390859655
24.549433946609497,-0.10965763080955977,0.9951994790099472,3.3676419709929553,192.95167184901433
24.58273696899414,-0.11265500463934115,0.9945178912203383,3.3735124273353336,193.28802422124843
24.649471044540405,-0.11666160695879653,0.9935603261325381,3.3814148232185546,193.74079815339854
24.68265128135681,-0.11939330188854562,0.9928900912979596,3.3866306571902913,194.03964342662002
24.749395608901978,-0.12361942133498567,0.9918371568932591,3.39396725550709,194.45999954615536
24.78289270401001,-0.12659716581233496,0.9910765949477701,3.3983520286509616,194.71122854142152
24.849366426467896,-0.13114016705460294,0.9898931033570632,3.4055046533259827,195.12104374774137
24.882673025131226,-0.13383773394237855,0.9891555283802539,3.411166935003887,195.44546859029953
24.94936180114746,-0.13753692869589074,0.9881125255965676,3.419621551417826,195.92988242822025
24.982662200927734,-0.1403649684593245,0.9873115832668697,3.4244641314300215,196.20734182487348
25.049380779266357,-0.14469594241625056,0.9860618407902285,3.4308735254869394,196.5745730535711
25.08258581161499,-0.14751123652211243,0.9852246143394665,3.4351124933795236,196.81744802330763
25.149303674697876,-0.15199984097178468,0.9838777787568387,3.4421594235898123,197.22120738288044
25.18266797065735,-0.15519625787599828,0.9828983001536864,3.4475117985402632,197.5278758779128
25.24951481819153,-0.1598866459994506,0.981425018213301,3.4556214385744335,197.9925240252411
25.28263521194458,-0.16275510845674832,0.9804880977987341,3.460408588369965,198.26680750442196
25.349382162094116,-0.1673396948180105,0.9789758376673742,3.4682810959636283,198.71786896372356
25.382701635360718,-0.16997995617668807,0.9780667675472695,3.473402776006212,199.01131961417997
25.449362754821777,-0.17419925465739097,0.9766076304276896,3.4807298259257067,199.4311286508487
25.48263955116272,-0.17696642210804625,0.9756277534333645,3.485556355907444,199.7076684484956
25.54976224899292,-0.18113796716811686,0.9741306768767327,3.492680751150951,200.11586622753163
25.582666158676147,-0.1836369410324567,0.9732033597231041,3.497614559634588,200.39855263056987
25.649319887161255,-0.1873412184183632,0.9718127394506476,3.5052401245006735,200.83546531379983
25.682640075683594,-0.1899616432119177,0.9708166281508972,3.510208814125157,201.12015025899316
25.74954652786255,-0.1940192322531954,0.9692548415337641,3.5178761432689947,201.55945585907273
25.782581329345703,-0.19675374071848795,0.9681785016920641,3.5234763055627436,201.88032152309285
25.849361181259155,-0.200545874314824,0.9666481691224793,3.5318086006906717,202.35772686758054
25.88261127471924,-0.20288676263334873,0.9656747185892699,3.5378221422893725,202.70227742111246
25.949373722076416,-0.20659972618103944,0.9641199445612785,3.547440459034484,203.25336637662735
25.982675313949585,-0.20880034125654187,0.9631624472061245,3.5532981401507615,203.58898678232353
26.049450159072876,-0.21285181619085827,0.9614127202937978,3.5617931728715715,204.07571630405147
26.082632064819336,-0.21503764545243512,0.960421929648001,3.5672706795850404,204.38955432098783
26.149378538131714,-0.21867770872871473,0.9587730688059366,3.574930063893982,204.8284047155589
26.182594537734985,-0.22186158483107213,0.9573341313124285,3.5794605677270486,205.08798346426144
26.24936556816101,-0.2258384014029355,0.955473552437054,3.5856224516633617,205.44103340766165
26.28263759613037,-0.2286149742136779,0.9541588023218693,3.590013538308314,205.69262413989367
26.34933567047119,-0.23259465063611068,0.9522431153185373,3.596441310220955,206.06090834216076
26.38268780708313,-0.23560585250045535,0.9507841576988229,3.601049771263695,206.3249537099602
26.449613094329834,-0.23998461082585928,0.9486272639706796,3.608971931630247,206.77886006358946
26.482678651809692,-0.24248259906083205,0.9473524914116751,3.613987593673019,207.06623633010423
26.54940104484558,-0.24644979769647166,0.9453201411379938,3.6211907422234817,207.47894634125154
26.58264136314392,-0.24928994346359673,0.9438498612151488,3.6261842296374165,207.7650520951217
26.649420738220215,-0.25273153060462505,0.9420111161373594,3.6337962151833136,208.20118674061618
26.68261218070984,-0.25495879443982156,0.9408033440207949,3.6395934900282394,208.53334612190778
26.749414682388306,-0.2587657219839012,0.9387408360703742,3.6490055110352966,209.07261520230063
26.782621145248413,-0.26121855579244,0.9373769724739072,3.6545386053539604,209.3896381544079
26.84938383102417,-0.2648858131255094,0.9353112421443348,3.6620338397516514,209.81908345185687
26.88270330429077,-0.26731979872640954,0.9339155316983555,3.6673560869892103,210.12402575609414
26.94935393333435,-0.2709269955767889,0.93182291984186,3.6759678487805036,210.6174433609073
26.982667446136475,-0.27337629939330543,0.9303731370506184,3.681405961675097,210.92902427828315
27.049372673034668,-0.2769832985783831,0.9282118595189839,3.690218539477879,211.43394779301323
27.082935571670532,-0.2793917759990174,0.9267396124702926,3.69667420471401,211.80383016499286
27.149388551712036,-0.2829540636365657,0.924530698962843,3.7068970540331985,212.38955628558054
27.182627201080322,-0.285204015527624,0.9230973462109165,3.7139160792653927,212.7917168076811
27.249643087387085,-0.2888526581425025,0.9207555395887393,3.724330876898528,213.38844075654262
27.282649517059326,-0.2911965783853617,0.919209813723399,3.730973728024304,213.7690480899833
27.34930396080017,-0.29481601641211913,0.9167963063561612,3.7412071761593437,214.3553814779871
27.3825945854187,-0.2973607130349047,0.9150681443299202,3.7470196350015392,214.68841083823838
27.44931387901306,-0.30061085114796054,0.91279960512008,3.7552694763466636,215.16109192896656
27.482598066329956,-0.3031366510044049,0.9110335665354331,3.761337101093408,215.50874121862415
27.549418926239014,-0.306824593635774,0.9084111117263889,3.7710994390023087,216.0680819789847
27.58272624015808,-0.3092006815444795,0.9066799189208512,3.7780580265907258,216.46677967917313
27.649376153945923,-0.3128635755813921,0.9039789172642182,3.788925663819364,217.08944942565336
27.68265700340271,-0.31486945817819023,0.9024391119885862,3.7961026989168722,217.50066324615784
27.749730825424194,-0.3178683953808714,0.9001142289913009,3.8061463299185765,218.07612091354224
27.78274393081665,-0.32008251224947554,0.8983854519188499,3.812844672263689,218.45990765965095
27.849441528320312,-0.32358759940355664,0.8956196795282393,3.822538906446381,219.01534636393066
27.882654428482056,-0.3255450224980577,0.8940175163323493,3.8289140958032606,219.38061780767657
27.949588298797607,-0.3288951053620358,0.8912778394210689,3.838214626957886,219.91349899006656
27.98267912864685,-0.3309379517024403,0.889562055607217,3.8444655121478974,220.27164832967503
28.049412965774536,-0.33424928378602625,0.8867660846110815,3.8531114293771918,220.76702289693304
28.082667350769043,-0.3360562226411517,0.8851858772975643,3.858949291846117,221.10150777778028
28.14942216873169,-0.33919056302379086,0.882457694852612,3.8675633427602043,221.5950565396683
28.182695627212524,-0.34129356283205037,0.880595346755524,3.8735522277838546,221.93819437551255
28.249469757080078,-0.3443780988144285,0.8778271124798758,3.8825967085408584,222.45640495077618
28.28268551826477,-0.3461704430903653,0.8761681298466322,3.888644570149032,222.80292189600374
28.34942603111267,-0.34932032461632806,0.8732668272721584,3.8967639138465864,223.26812602228972
28.382787704467773,-0.3510590766453947,0.8716114195432713,3.902746821922916,223.61092140427814
28.449443340301514,-0.35438362479894486,0.8684759637701169,3.9122469708217165,224.15523984092528
28.482645750045776,-0.35649354053868004,0.8664343157744605,3.9182614560637896,224.4998444612398
28.549533367156982,-0.359191692904875,0.8637573864782453,3.9270933095939857,225.00587239379774
28.582704782485962,-0.3614804032001687,0.8614969099600294,3.9329039177424,225.3387957171062
28.649474382400513,-0.36466337350709066,0.8582885868660827,3.941068718477041,225.80660433976644
28.682706356048584,-0.36690617342905985,0.8559969301654519,3.9460369974621425,226.0912657570563
28.74950361251831,-0.36956754274419035,0.8531974308081627,3.954101075315531,226.55330338372036
28.782718658447266,-0.37149703172493714,0.8511592275795448,3.959779270069556,226.87863997837934
28.849443197250366,-0.37427162732047387,0.8481885098163363,3.968514901039331,227.37915476433122
28.882699728012085,-0.3762680581518671,0.8460290579460964,3.9739661967618747,227.6914910021107
28.94938087463379,-0.3788055706556112,0.8432173093884072,3.981921619984902,228.14730317703052
28.982659101486206,-0.3806821852227001,0.841129117491084,3.9874466589131234,228.4638645892631
29.04957890510559,-0.38344984841972224,0.8380101957122494,3.9962343145361126,228.96736016827478
29.082632303237915,-0.3852046130442536,0.8359895420020061,4.001929686023978,229.29368091728858
29.14952325820923,-0.3878268547017255,0.8329389231647932,4.0105440148264915,229.78724560101062
29.18274688720703,-0.38964253476317995,0.8307975947567708,4.0162650121064924,230.1150345997605
29.249557495117188,-0.39213585013516217,0.8278023628776289,4.025058652709193,230.61887309285012
29.28269124031067,-0.3940088098507975,0.8255376404301118,4.031012145054895,230.95998307762227
29.349398136138916,-0.3965533555083637,0.8223949643880503,4.040247015867573,231.48910219953729
29.38262414932251,-0.3982127580904739,0.8203066188187627,4.046631893859091,231.85492876115725
29.44941473007202,-0.4008843774691426,0.8169201081557059,4.056146643532008,232.40008376053885
29.482619285583496,-0.402418856138004,0.814911870521219,4.0623620604410045,232.7562009173386
29.549416542053223,-0.404762482798325,0.8118177223822163,4.071446753119937,233.27671546601482
29.582634687423706,-0.4065340919826526,0.8094634133502873,4.077851921533721,233.64370458319516
29.649502277374268,-0.4091924572160385,0.8058750221660881,4.0869221686889325,234.16339146432932
29.68268084526062,-0.4109169907437768,0.8034937057254697,4.0930637194297175,234.51527640144175
29.749489784240723,-0.41337296263665624,0.8000433744948785,4.102301885244822,235.04458431308927
29.782694101333618,-0.41505830361068186,0.797638832913108,4.108498760453875,235.39963910873723
29.849448680877686,-0.41737685181101136,0.7942624621273928,4.117494120877161,235.91503529619058
29.88274312019348,-0.41870680084617024,0.7922676500364316,4.123527926080603,236.26074686875182
29.94968056678772,-0.4208514109365336,0.7890458244598315,4.131990293708574,236.74560481852274
29.982706546783447,-0.4223181339863259,0.7868120897165162,4.137757560017887,237.07604483737435
30.049367904663086,-0.42449191573503225,0.7834575860726679,4.146049103439358,237.55111528107412
30.082618474960327,-0.4261589460370892,0.7808674142963898,4.151215950721413,237.8471538237245
30.14940857887268,-0.4282299560644959,0.7775549495662837,4.1588319450169715,238.2835181536557
30.182601928710938,-0.4293313398801424,0.7757318887204835,4.1639723807416615,238.5780434255387
30.249359369277954,-0.4313937085651222,0.7723674204441254,4.171404127497308,239.00385114904728
30.282602310180664,-0.43270063479772963,0.7701904496823486,4.176279161241325,239.28317000756334
30.34929394721985,-0.43465037648606253,0.7669082223703652,4.183312419836117,239.686146041269
30.38266396522522,-0.435946173301944,0.7646918259550005,4.188076604486652,239.95911371456572
30.449394464492798,-0.43799272583390936,0.7611728409677162,4.195161172131311,240.36502954027958
30.482650995254517,-0.43910039631291914,0.7592008762269652,4.199639683753622,240.6216293547383
30.549463510513306,-0.4411135406779253,0.7556460991299325,4.206150179177319,240.99465326505538
30.58272075653076,-0.4424140827774544,0.7533055952343143,4.211434577030754,241.2974269593252
30.64937162399292,-0.4444027973996681,0.7496880812169615,4.21913577203517,241.73867293028545
30.682754278182983,-0.4456688719957873,0.7473322986405112,4.223732790148807,242.00206266654206
30.749549388885498,-0.44762099656632093,0.7436703878676797,4.230863980508024,242.4106497770296
30.78271484375,-0.448856551562276,0.7413024902117239,4.235721926176424,242.68898956093275
30.849442720413208,-0.4506292937839387,0.7378561376426892,4.243312360558569,243.12388941570066
30.88272452354431,-0.452100657610939,0.7349970656369408,4.249011486044398,243.4504252529541
30.949445486068726,-0.45391512672499434,0.7313535662698106,4.257534148328315,243.93873783203784
30.982898712158203,-0.4552773125156243,0.7285929173234383,4.263356073652206,244.27230958173715
31.04939913749695,-0.45711116768534255,0.7247818106294586,4.2723514616423675,244.78770734865608
31.08268976211548,-0.4583034409116371,0.7222450516452561,4.278280282657153,245.12740377029178
31.149378538131714,-0.46001162071385976,0.7185454691576577,4.287347261988286,245.646903418898
31.182732820510864,-0.46116927397819774,0.7159894385708827,4.29326759010307,245.9861132332078
31.249384880065918,-0.4630688282937027,0.7117637349350617,4.302590622449479,246.52028363892097
31.282684087753296,-0.4642375439273877,0.7090738415193382,4.309400020283686,246.91043339584655
31.34936833381653,-0.4657216974480727,0.7055398933536137,4.319115821818514,247.4671078183789
31.382694482803345,-0.46691104059113303,0.7027051743025096,4.3246907666500265,247.78652862824288
31.449379682540894,-0.4683319707511498,0.6991784427203771,4.333060409239088,248.26607382462902
31.482651472091675,-0.46937396261830394,0.696573747182955,4.338298843305632,248.5662139878996
31.549331665039062,-0.4709039203140663,0.6926833558233629,4.34663412033388,249.04379018269051
31.58255410194397,-0.47180162678220955,0.6903149909244218,4.352222246826553,249.36396624610595
31.649393558502197,-0.47327208736205,0.6864231987256108,4.360636344994488,249.84605855953734
31.682649850845337,-0.47418858761118504,0.6839197050529452,4.365935512007956,250.14967846434405
31.74943494796753,-0.47550239057721594,0.680262255660611,4.373698191909934,250.59444726043841
31.78262495994568,-0.4764894452022593,0.6774925437673702,4.378447077079687,250.86653833805752
31.84936809539795,-0.47765517230550425,0.6740790622218756,4.38609059989974,251.30447993625847
31.882617473602295,-0.47866120970417053,0.6711624960976585,4.391629061379461,251.62181040404226
31.94933295249939,-0.48007986694209187,0.6669342806823736,4.3992963374882565,252.06111296543776
31.982885599136353,-0.4808480477911122,0.6645238456289739,4.403312685652344,252.2912327642951
32.049392223358154,-0.48226796071369493,0.6601290875391075,4.410200419027394,252.68587081709683
32.08275747299194,-0.48313494431276194,0.6573524785611807,4.4153904330444815,252.9832367158897
32.14933466911316,-0.48456951503405765,0.6527172983594242,4.422717508809326,253.40304723338787
32.18265247344971,-0.4853595353558696,0.6500355419317473,4.426586695711536,253.62473531303178
32.24938750267029,-0.48660611783313645,0.6457856852063704,4.431999005164141,253.93483780208484
32.282689809799194,-0.48754062699061834,0.6425818303273881,4.43662374456437,254.1998158510658
32.34933853149414,-0.4886665483812274,0.6385494362424408,4.445006501427386,254.68011244000095
32.38270449638367,-0.4893999132854788,0.6358508806439658,4.4510424476935615,255.02594668642055
32.44932413101196,-0.49045281523663325,0.6318810620606982,4.460131278894607,255.54669835494727
32.48258829116821,-0.4911518620694731,0.6291648030904949,4.465533198615855,255.85620555624328
32.54931879043579,-0.49218118702303515,0.6250763254079855,4.473084063261717,256.2888382321257
32.58265542984009,-0.4928498253543793,0.622332218882788,4.478353729518324,256.5907678680718
32.64932036399841,-0.49378426721473484,0.6183917668755642,4.486218282857016,257.0413735821344
32.6826286315918,-0.49437946991130655,0.6157886585948441,4.490802512256952,257.3040305790705
32.749420404434204,-0.495300562252282,0.6117097895858226,4.498258378021513,257.7312202199959
32.782695293426514,-0.4958311589619971,0.6092337815788031,4.503582357571913,258.0362617784478
32.84951877593994,-0.49666275224935524,0.6053069827563488,4.511065961094924,258.46504067586557
32.88269114494324,-0.49722878851068936,0.6025543561431753,4.5161907242816755,258.75866797747045
32.94948720932007,-0.4980449732860895,0.59846534529079,4.524335948639947,259.2253549563865
32.98263907432556,-0.49857170646990095,0.5957075351524317,4.5296021665273605,259.52708701533163
33.049412965774536,-0.49924204833070723,0.5920096893563411,4.538422730293263,260.03246809204387
33.08305907249451,-0.499733698962592,0.5892480128297849,4.544482826204886,260.37968601122435
33.1494665145874,-0.5003760227583214,0.585426241109015,4.55293423651809,260.8639161531043
33.182663440704346,-0.5008281810010012,0.5826535637858773,4.5583424858265245,261.17378601303216
33.24955201148987,-0.5015246154674966,0.5782624249026671,4.56660565147945,261.6472305303622
33.282684087753296,-0.5019316382511767,0.5754863370406731,4.572085996877731,261.96123119195767
33.349464654922485,-0.5025694404615743,0.5710382336452032,4.581030588064518,262.4737185164305
33.38268494606018,-0.5029556879278643,0.5681267000255426,4.587081337728842,262.8204009350864
33.44941234588623,-0.5034830372750975,0.5639061698791368,4.596024996474678,263.3328348346281
33.48295211791992,-0.5038260463009294,0.5609886866235316,4.6023026285710005,263.69251665908325
33.5496666431427,-0.5042890393676223,0.5567680785912542,4.611901945251034,264.2425169910587
33.58259057998657,-0.5045675850050613,0.5539774949276817,4.617924336513236,264.58757459295936
33.64965200424194,-0.5049637273634876,0.5497754119454873,4.627250878261057,265.121946072562
33.68261241912842,-0.5051845034148288,0.5471152858148969,4.633199957546288,265.4628032075945
33.74947762489319,-0.5055471692815522,0.5426823188308971,4.641343619522845,265.92940066863235
33.78272080421448,-0.50576124494857,0.539711565546221,4.64691901366093,266.24884722186664
33.84947323799133,-0.5059918781026027,0.5359023528817666,4.654115189787763,266.66115774256696
33.88277769088745,-0.506168197377517,0.5330037107445905,4.6591100595898105,266.94734270144164
33.94944739341736,-0.5063566582653739,0.5291962230890567,4.667389000461927,267.42169107225226
33.982693910598755,-0.5064546019968527,0.5267979943530273,4.6730366121407565,267.745275385778
34.04969787597656,-0.5066040174948541,0.5229706833308981,4.681739288410375,268.2439020064958
34.08272981643677,-0.5067086554326087,0.5200219514851065,4.687103223474481,268.5512328472513
34.149718284606934,-0.5068182302249306,0.5158737638713671,4.695613600448778,269.0388415299438
34.18269062042236,-0.5068468961456535,0.5134753094149657,4.701609177150627,269.3823627707067
34.249488830566406,-0.5068921291477715,0.5094920337908377,4.710019921304567,269.86426291329184
34.282726526260376,-0.5069107686400951,0.5065422315369495,4.715567846318835,270.1821356016644
34.34937644004822,-0.5068824125641039,0.5029407105778791,4.724079102718351,270.6697946717104
34.38258123397827,-0.506868944191711,0.4997214760205505,4.729486312180613,270.97960495284127
34.44931650161743,-0.5067966548491092,0.4956767337617706,4.737340808115782,271.42963442012905
34.48261475563049,-0.5067271270745415,0.4930064277129049,4.742213416146679,271.70881429552105
34.54931974411011,-0.5066066056346963,0.488698254739467,4.750941009711509,272.2088685720913
34.582592487335205,-0.506499476351511,0.4861637463702482,4.757266056135159,272.5712670373908
34.649375438690186,-0.5063164064164256,0.48200049466794326,4.766388388489264,273.09393818059664
34.6825737953186,-0.5061698052633778,0.47933607354467594,4.7719136380493055,273.4105116611435
34.749377965927124,-0.5059317871005978,0.4754593821235098,4.78012377587784,273.88091790793925
34.78264904022217,-0.50575929034652,0.4730618749627725,4.785988746097427,274.21695594849155
34.84929323196411,-0.5054603243261087,0.46881832611075896,4.7952273183238425,274.7462871457919
34.882614850997925,-0.5052141237251206,0.4656097446495518,4.801439584955297,275.1022238049842
34.949334144592285,-0.5048297637765818,0.4612605576940702,4.810047751934085,275.5954354422126
34.982553482055664,-0.5045778764264123,0.45888293580840067,4.814716649195546,275.8629435502745
35.04924201965332,-0.5041479774161995,0.45462111078518735,4.8218481662702,276.2715493801777
35.08262014389038,-0.5038563969044488,0.45206147962652415,4.827014047850303,276.567532592182
35.14932084083557,-0.50337134608486,0.4477792366736151,4.835549106541073,277.05655543305954
35.18256092071533,-0.5030038604903028,0.44472297123112464,4.8412559471719945,277.3835333155651
35.24940276145935,-0.5025100002002935,0.4410903249063587,4.849243920227083,277.84121045848593
35.282583475112915,-0.5021183681850662,0.4381744630588522,4.854418534221315,278.13769400096476
35.34935808181763,-0.5015740241807961,0.4344603712490734,4.861742858618055,278.5573468766827
35.38261818885803,-0.5011919507067844,0.43194746732318173,4.866598691170282,278.8355655879475
35.44952034950256,-0.5006525363593898,0.42858648903520075,4.873938784189323,279.256121939172
35.48276901245117,-0.5001948788557323,0.42566795362507814,4.878637963619129,279.5253650876746
35.5494179725647,-0.4994636155334511,0.4211773360365836,4.885829852672526,279.93742997716055
35.582642793655396,-0.498960727766581,0.41827767071986616,4.890544071649134,280.2075348282207
35.64939260482788,-0.4982333354967534,0.41427183253197414,4.897802962335365,280.6234386284885
35.68268966674805,-0.49773704462544016,0.41164743439877177,4.902541036532714,280.89491028301643
35.74940896034241,-0.49694785987804324,0.4075375423392147,4.9094019182992295,281.288009851976
35.78272318840027,-0.49635589680422476,0.4045186010970282,4.914075309496664,281.55577544360267
35.84942269325256,-0.4956032847129792,0.4009410653423902,4.921410703417031,281.9760625563056
35.88273549079895,-0.4950728249842262,0.3984633720264428,4.92675255343509,282.28212801713227
35.94944167137146,-0.49419927112550627,0.39442272905500597,4.935464076846063,282.7812615417104
35.9826135635376,-0.4936588885241497,0.392084807676114,4.941535988353272,283.1291564446504
36.0493426322937,-0.49275807816703976,0.3882101254004174,4.949997916595382,283.61398921946585
36.08263158798218,-0.4921031197868828,0.3854770413081255,4.955989837880904,283.95730102030086
36.14942812919617,-0.49116632785552555,0.3817296637666175,4.965938477502779,284.52731608253094
36.18273401260376,-0.4904973715529139,0.37914037513892407,4.973029306489096,284.9335906566959
36.24949383735657,-0.48940561664001925,0.37499976260995377,4.982963785974659,285.502794402878
36.28277826309204,-0.48862700830882255,0.3721626761579338,4.9890574328930235,285.8519346531432
36.349544048309326,-0.48751397395095836,0.36826181166306915,4.99857024089827,286.39697840316205
36.38268280029297,-0.48662315504145165,0.3651707594491907,5.005036242343123,286.76745299627765
36.44939732551575,-0.4853951810766799,0.36110793828349874,5.0145081533017795,287.3101535181324
36.48273706436157,-0.4845235824867814,0.35830229177633943,5.020406641973038,287.6481120245012
36.5494270324707,-0.4831569611861871,0.353984107118317,5.029154510643339,288.1493279790442
36.58268332481384,-0.48224203379399927,0.35119479517188307,5.034745974483939,288.4696952584106
36.64935088157654,-0.4807627843735011,0.34673527080071664,5.042272584531096,288.9009382481534
36.68263006210327,-0.4798871235817254,0.3442227476895728,5.047068997721826,289.17575248078316
36.74937987327576,-0.4783981917722469,0.3399257593087791,5.054436938385165,289.5979043844953
36.78269028663635,-0.4775772955132497,0.3376854549916259,5.059497104042675,289.88783052030766
36.849417209625244,-0.47605604692191456,0.3334532796620402,5.068201686570315,290.3865663615647
36.88262987136841,-0.47520439113991575,0.3312135225549977,5.0744948273363315,290.7471367673392
36.94943284988403,-0.4735886245045928,0.3268980293545167,5.0827000898313335,291.2172636780998
36.982725381851196,-0.4725715973814579,0.32428793185855437,5.087596160568119,291.4977878675151
37.049439430236816,-0.4709697213021378,0.32021385172025335,5.094704247312284,291.9050512383686
37.082682609558105,-0.4699679086236828,0.3177443507981332,5.099157718257683,292.16021632772413
37.14936590194702,-0.46827689098287806,0.3135700666486087,5.105944441505873,292.54906692656874
37.18264675140381,-0.4671516163268084,0.3108584482093353,5.111389713714407,292.8610580424176
37.24933576583862,-0.46549297040650145,0.3069349767531939,5.120269623013511,293.3698393677153
37.282604455947876,-0.464529208848184,0.3047489337773387,5.1256498652487235,293.678104540551
37.34943461418152,-0.46285163184549233,0.3009170229714681,5.133132774879727,294.1068436808853
37.38269829750061,-0.46175828531424157,0.298481689099064,5.138193569192832,294.39680583601
37.44934320449829,-0.46014611282592516,0.29494373225631915,5.1460183168353515,294.8451308516813
37.48265552520752,-0.45896970524504566,0.29239132645793103,5.151331160259573,295.149534357103
37.549400329589844,-0.4571458135086404,0.288487203005483,5.160116646497199,295.6529056394893
37.58263301849365,-0.456041845124749,0.28620888677450024,5.166322985098958,296.0085026475992
37.64945960044861,-0.4541028247043287,0.28220252012609753,5.174813380237164,296.4949664554168
37.68264937400818,-0.4529071714850103,0.27981726771545,5.1799813988415,296.7910721098903
37.74950957298279,-0.4510757656015844,0.2761993047034566,5.188203328195375,297.2621539613221
37.782729148864746,-0.44967571835073117,0.27345552785505817,5.194000880543764,297.5943292423909
37.84951567649841,-0.4475941170942818,0.2694544469108729,5.202876908716559,298.1028881955313
37.88271450996399,-0.44639159062360956,0.26723330040180515,5.208498626380914,298.424988891313
37.949403524398804,-0.4442620790628191,0.26327772809926836,5.216439987471807,298.87999536541054
37.98271894454956,-0.4429672759657595,0.260947891498762,5.221800637457796,299.1871379850546
38.04951453208923,-0.4408441737746816,0.2571384217451282,5.230017427666327,299.65792538514785
38.082650661468506,-0.43958061917999297,0.2549442942791149,5.235424401091816,299.96772214236773
38.14939737319946,-0.43749129737254655,0.25131756487807794,5.2435498519073285,300.4332761807378
38.18278670310974,-0.43607117850277605,0.24889784968737078,5.248718739717645,300.7294316370455
38.2495379447937,-0.43385491344077176,0.2451589484131732,5.256328963772562,301.1654653565412
38.2827684879303,-0.43233987152362774,0.2426457522411594,5.261358975922097,301.4536638236091
38.34935259819031,-0.42998757098057827,0.2387857589745916,5.26771667183441,301.81793296681224
38.382609844207764,-0.4284383085871993,0.23628888004531934,5.271606592448363,302.04080900063263
38.449416160583496,-0.4260291138669274,0.23243175619421047,5.277725526587382,302.39139810191693
38.48260569572449,-0.4244539498853731,0.22995227252049394,5.282438309485901,302.6614206717635
38.54946970939636,-0.42177342701852355,0.2257395493278291,5.289502722332029,303.06618171258464
38.58266282081604,-0.4200268101626422,0.2230527600727922,5.293673269185776,303.3051364455659
38.649569511413574,-0.4177757486592488,0.2196662644274769,5.299695239982218,303.65016995655304
38.68263578414917,-0.416147183970867,0.21722179526932614,5.304347678665915,303.91673505757234
38.74937844276428,-0.4137563275464654,0.21367535303924698,5.3112825130322,304.3140717983827
38.78265643119812,-0.4119572378444279,0.2110224550292148,5.315758994227789,304.5705552779596
38.84946894645691,-0.4096724126228291,0.20773401875236375,5.322631613734708,304.9643273699054
38.88275766372681,-0.4078524544807091,0.2051112324992041,5.32693650164838,305.21097927863565
38.94934010505676,-0.405532220125344,0.2018484382992272,5.333863286903923,305.6078548393717
38.98263692855835,-0.4038222109090634,0.19945446017245055,5.339080105302854,305.9067565161167
39.049280881881714,-0.4012581860000287,0.19590910474117065,5.347318916242268,306.37880561115134
39.08267521858215,-0.39959373845599394,0.1936545262022249,5.353046656431118,306.7069809501199
39.14935827255249,-0.3969824796420088,0.19014759551726285,5.361544346329189,307.1938627168903
39.18266820907593,-0.39528535636076295,0.18791655255042536,5.3673324082750495,307.5254942379484
39.249738454818726,-0.39287279140826176,0.1847948002654084,5.376785629621338,308.0671239238937
39.28265190124512,-0.3911433989160374,0.18258335164299586,5.383398754173568,308.4460280501308
39.349356174468994,-0.3883683121829316,0.1790691668801407,5.392861167666978,308.9881844073108
39.38261318206787,-0.38687093507042764,0.17724812624876363,5.399090224215077,309.3450830578652
39.44933295249939,-0.3841121117455383,0.17386953292873195,5.40929141710211,309.9295683562911
39.482651472091675,-0.38214777146573603,0.17150548227992743,5.415829192758405,310.3041553088002
39.54960632324219,-0.3793159089970316,0.16816258691959932,5.425615491559133,310.86486892713583
39.58257269859314,-0.37739497323390575,0.16593963441718693,5.431390754935096,311.195767144155
39.64937901496887,-0.37459123447188425,0.16274294448104623,5.4397552680077945,311.67501844090265
39.68259835243225,-0.37263757784980905,0.1605447754866559,5.4453309758484805,311.9944829679719
39.749653577804565,-0.3697942067324374,0.15739178857343442,5.453764473690214,312.47768680083595
39.782665729522705,-0.3678137646323264,0.15522491003237618,5.459581694004889,312.8109889733646
39.84938144683838,-0.36483292293042136,0.15200425916271665,5.468274159821073,313.3090305781937
39.882938385009766,-0.3627346907118881,0.14976955609648457,5.4739966100924295,313.6369028272159
39.94932579994202,-0.3595867178187434,0.1464619673674885,5.483135292224756,314.16051074370984
39.98273968696594,-0.3577225255378465,0.14456061734128714,5.489030348463605,314.49827258618814
40.049357414245605,-0.35454983171252935,0.14132313449248407,5.498104897764872,315.0182059621341
40.082741498947144,-0.3524697325294101,0.13924499374869,5.5046593665783,315.3937493620937
40.14941430091858,-0.3493299394107,0.13614859356770126,5.513438736741942,315.8967702192534
40.18282508850098,-0.3469297674917305,0.13380162066305049,5.5190873346746745,316.22041104096536
40.24973249435425,-0.3435148548868206,0.13052217086354406,5.528135126756018,316.7388113411382
40.28267168998718,-0.3413721626010111,0.12851578870581432,5.533941591331168,317.0714972551865
40.349369287490845,-0.3383057205233477,0.1256854835407471,5.542942045322386,317.587185282585
40.38267397880554,-0.3362303106866571,0.12379730055445888,5.549995071587909,317.99129392039436
40.44928050041199,-0.33328133792251263,0.12116017163726094,5.560723584863094,318.6059924515126
40.482645750045776,-0.331175815434534,0.1193028947756494,5.567111209526189,318.97197638582156
40.549365282058716,-0.3280394717062392,0.1165724146737121,5.5763387207400115,319.50067383378325
40.58263564109802,-0.325773934144897,0.11462978995588191,5.582515393354525,319.8545711060289
40.64946365356445,-0.3224417700270478,0.11181353647380998,5.592165943598416,320.40750690498277
40.682618856430054,-0.32020975238714655,0.10996379181219232,5.5982544520215285,320.756352741157
40.74946093559265,-0.3165683125285037,0.10697283829566294,5.607788052653467,321.3025878209303
40.782700538635254,-0.31427498246872215,0.10513848821619103,5.614130338752202,321.66597404685234
40.84951567649841,-0.3108023024823839,0.10239488838191751,5.6233072630914,322.19177308039923
40.88273811340332,-0.30847948036612044,0.10059421126150443,5.6295493819260445,322.5494201448435
40.94951152801514,-0.30486643743381203,0.0978212565926206,5.639013791830709,323.0916908879626
40.982630491256714,-0.30283537343159417,0.09631958349986716,5.6453859509310185,323.4567887107962
41.04943919181824,-0.29954775313790916,0.09389243315414564,5.6546627091218165,323.98830780269236
41.08267688751221,-0.2972736853662325,0.09223860938405774,5.660504507723244,324.3230182073196
41.149364709854126,-0.2930655574996386,0.089170010187733,5.668592954648136,324.78645207893146
41.18268132209778,-0.29055811387502345,0.08740219969441351,5.674027316500242,325.09781807740404
41.2493851184845,-0.28722860383252935,0.08510680102025123,5.682505731110698,325.58359545154525
41.28262495994568,-0.2845886601868162,0.08328359133661127,5.68789521186634,325.8923899526105
41.34934902191162,-0.28103090446183465,0.08088436663549975,5.69503986823326,326.3017486085063
41.38261318206787,-0.2783652080990269,0.07909476829380845,5.700596820093776,326.6201384970712
41.44934630393982,-0.27441912369453386,0.07648704283576264,5.709285654772734,327.11797205306243
41.48258352279663,-0.2719525395829062,0.07489917511184246,5.715287340895968,327.46184333788597
41.549333333969116,-0.26831510720871715,0.07258933555945787,5.723483183385391,327.9314305220839
41.582645893096924,-0.26594233066548767,0.07111010395974586,5.7282513904039245,328.2046286600905
41.64935803413391,-0.26208181325359065,0.06871035857420787,5.735270071269067,328.6067694514124
41.68264317512512,-0.2594595942085279,0.06710568770396276,5.7403284252545905,328.8965917860661
41.74946689605713,-0.255183990036157,0.0645056142257074,5.747637158181787,329.3153513363827
41.78266978263855,-0.2528862835649308,0.06316327920824129,5.752144243715298,329.57358831535737
41.84927177429199,-0.24933794911365104,0.061093922075625154,5.759061246143457,329.96990336137264
41.88271641731262,-0.246756855237055,0.059600273902209316,5.764035193394062,330.254889546353
41.949389696121216,-0.24293949172148357,0.05741859777611682,5.771732215553216,330.6958964308912
41.9826717376709,-0.24049404112788808,0.056050591381886616,5.777833796912109,331.0454912911115
42.04933500289917,-0.23727348549453645,0.05429422471457001,5.786224630976004,331.5262506695672
42.08264422416687,-0.2348069199462868,0.05295135731421712,5.7915749819938185,331.83280320180154
42.14947056770325,-0.23100641801951563,0.050906814343322136,5.800377771978658,332.3371659158729
42.18265986442566,-0.228282278305513,0.049466034329748915,5.806151914375441,332.6679999055161
42.249393939971924,-0.22477158395884306,0.047665783080426655,5.814172528676233,333.12754725405375
42.282580614089966,-0.22238652522232877,0.0464612066673421,5.819961896453429,333.4592535937361
42.349358320236206,-0.21840033033087475,0.04445535559644677,5.829129624697349,333.98452572983564
42.382649183273315,-0.21575556502188376,0.043159977012391146,5.834771870281208,334.30780258876706
42.44927477836609,-0.21181163997451974,0.041259657933804865,5.842989183036582,334.77861992858897
42.482630491256714,-0.20951822535862244,0.04019455413423665,5.848841885445425,335.11395507536173
42.54936337471008,-0.20583804923623378,0.038491857391778725,5.857988560918491,335.6380209765443
42.58270287513733,-0.2031628451491203,0.037271981423562604,5.8641432560509195,335.99065903182213
42.64938235282898,-0.19970708703827242,0.035749315793400585,5.873355511091401,336.51848236543987
42.68256998062134,-0.1970083155920939,0.034564859903478996,5.87908497227796,336.8467563103137
42.74929714202881,-0.19303086638125228,0.03285580169527014,5.887430450773271,337.32491700611223
42.78265047073364,-0.19031840159202223,0.03171688950501873,5.893165182012468,337.65349290276004
42.84937810897827,-0.18641064099054136,0.030111947562450253,5.9014951695125735,338.1307660299128
42.882755517959595,-0.18380606654434406,0.029067841673937236,5.906800085104836,338.4347153040226
42.9493305683136,-0.17962393174947133,0.027404881406152878,5.915340280319566,338.92403244604446
42.98265266418457,-0.17713331393452694,0.026454300748581457,5.921102565364223,339.25418705945464
43.049351930618286,-0.1727875775691264,0.02479279026991648,5.928980486706535,339.70555870370515
43.082634687423706,-0.16990828680247538,0.023723087480542703,5.933944857037197,339.98999617159205
43.149373292922974,-0.16561599097142018,0.022157088385206938,5.941148509244787,340.40273504016704
43.182761669158936,-0.1628463231852756,0.021174570587918808,5.946426521802738,340.7051428839547
43.24941301345825,-0.15853380013655952,0.019662021553221717,5.954744988387697,341.1817559112934
43.28260684013367,-0.15562225743662517,0.018668437892879294,5.960590031571862,341.5166522168178
43.34936594963074,-0.15178884451848207,0.017407759330174043,5.970594168960975,342.089847066883
43.382651567459106,-0.14913698010370025,0.016553201540973332,5.977670471832921,342.4952893560018
43.449383020401,-0.1449689099294381,0.015235291462596409,5.987212591859566,343.04201256113583
43.48258829116821,-0.14202812885205662,0.01433036916125701,5.993609183943718,343.40851029082455
43.549379110336304,-0.13780430244690936,0.013071782306325948,6.00261711290291,343.9246266023399
43.582648515701294,-0.1352419730935338,0.01234495326330758,6.008305644843612,344.2505554741675
43.64935636520386,-0.13171566042789581,0.01137499393635057,6.017466378718105,344.77542686241844
43.68267226219177,-0.1292647580947784,0.010713313088552693,6.024393509470681,345.17232221867636
43.7495322227478,-0.12554810463332697,0.009732669519613204,6.035386262378025,345.80216056549733
43.78278136253357,-0.1225543915786375,0.008953857212578669,6.042853734358504,346.230015193611
43.8494291305542,-0.118640850658659,0.007996968078289287,6.053580954529798,346.8446396353337
43.882686614990234,-0.11564717226693788,0.007280858954371702,6.060139853555823,347.22043686777744
43.94969892501831,-0.11167656235537346,0.006386445162855814,6.069662797422641,347.76606135988607
43.98270130157471,-0.10827561444205382,0.005617996741799996,6.075541097633938,348.10286315270423
44.04948830604553,-0.10436213474911005,0.0048129187342773145,6.084173129937831,348.59744217233794
44.082693338394165,-0.10160680224187747,0.004258912349308046,6.090439278428913,348.9564660346792
44.14932036399841,-0.09789465786798579,0.003551721768301188,6.099783878938623,349.49187220512135
44.18272352218628,-0.09526150629741938,0.00306411150345726,6.105424217090772,349.81503977626613
44.24936604499817,-0.09103047870877275,0.002293375989168222,6.114545641829529,350.3376589169431
44.28268766403198,-0.08840157999524066,0.001849539368076147,6.121219315547794,350.7200322548471
44.34935164451599,-0.08441981107104186,0.0012014313400792293,6.131587246865842,351.31407096165276
44.38259983062744,-0.08137483966199872,0.0007205063571074291,6.138695263569826,351.7213303194995
44.449360370635986,-0.0767835393078562,3.556281929837388e-05,6.148906415756969,352.30638624378855
44.48261260986328,-0.07454272376082897,-0.00023787339263658285,6.154985187340547,352.65467420015165
44.549296617507935,-0.07054153904958627,-0.0007511161032681508,6.163446242672219,353.13945696088314
44.58259344100952,-0.0676188019114711,-0.0011122041785253086,6.168856779299119,353.44945787450547
44.649378061294556,-0.06287971734300127,-0.0016793023516286105,6.177313190940134,353.9339745713609
44.68267011642456,-0.060230527493442786,-0.0019492516182207061,6.1826825479262775,354.24161606536603
44.749725103378296,-0.055728408993711856,-0.0024112400624127436,6.18967651484895,354.64234085208926
44.78268313407898,-0.05307595914082267,-0.0026492071503122177,6.194300659932292,354.90728484922096
44.84970951080322,-0.04928807831756748,-0.002969509071015678,6.201526353292779,355.32128658283256
44.88274431228638,-0.046761869043549904,-0.003169914681901554,6.206010269552178,355.5781960601862
44.949303150177,-0.04234442128212958,-0.0035273868371127988,6.2123904868070134,355.9437555812648
44.98266792297363,-0.039410015504316734,-0.0037407166063548047,6.2166041782966985,356.18518231979397
45.0493688583374,-0.03448418055640476,-0.004091956388004705,6.223668943066455,356.5899635243537
45.082650661468506,-0.03168774477079527,-0.0042496446740138815,6.228791083269131,356.88344054004136
45.14934158325195,-0.02699353683376893,-0.004513705103452868,6.236815508921213,357.34320626292214
45.18261504173279,-0.024334667441467932,-0.004623097813346687,6.2416071858807705,357.6177491294949
45.249571323394775,-0.020076166221439293,-0.0047956080310472505,6.248271848869068,357.99960619060136
45.28258442878723,-0.01700335118080209,-0.00490899916571126,6.252349333026499,358.2332288238536
45.34931445121765,-0.012733340746718266,-0.005035319544557188,6.258947079672732,358.61125186097934
45.38273739814758,-0.01047585895034253,-0.005068194070002569,6.263344295109438,358.8631937471124
45.44938087463379,-0.0061638493342062,-0.005161386547645449,6.26973320607478,359.22925138111134
45.482667207717896,-0.003224682919858993,-0.005206191701078077,6.274845106988531,359.5221417287583
45.54939270019531,0.0011359305088801334,-0.005246510273501773,6.282671168112531,359.9705420013749
45.582677364349365,0.0036680759533984967,-0.005236324726631681,6.287582450767021,360.251937769473
45.6493456363678,0.007854455286106773,-0.005219530257287928,6.294810918546591,360.6660984655887
45.68255400657654,0.011208637365271367,-0.005200757841642377,6.299159219229559,360.91523774277664
45.74946403503418,0.014897535293747688,-0.0051182294635396,6.304942728834744,361.24660843392707
45.782694816589355,0.017987384973690436,-0.005062536007701821,6.309024802430983,361.4804940226534
45.849342584609985,0.022053980846759136,-0.00495209128603464,6.315312660244944,361.84076173757165
45.882659673690796,0.024447556056329332,-0.004863120057175001,6.319239724324829,362.0657659352265
45.949345111846924,0.02844685242865803,-0.0047194794729088045,6.324351773634468,362.3586647853316
45.98263168334961,0.03125567062898847,-0.004608220429650043,6.3277026284885665,362.55065462623236
46.049418926239014,0.03499014273958983,-0.00443332721796183,6.33268081682606,362.835883807592
46.08276081085205,0.037526280865050984,-0.004306268500937227,6.334508018985778,362.940574779661
46.14942526817322,0.04120250357545214,-0.004113053824442943,6.335983540825895,363.0251159536791
46.18263220787048,0.043839855587354724,-0.003977571473061867,6.336445541112468,363.0515866202336
46.24945521354675,0.04797813013855688,-0.003762988889822218,6.338054717173385,363.1437856170176
46.2826669216156,0.05023590792643444,-0.003631032110478126,6.339349813340622,363.21798916146383
46.34934186935425,0.05403436849517305,-0.0034181518720286406,6.340878811611246,363.3055943092534
46.382593870162964,0.057116222146752604,-0.003252168906243627,6.341478874695643,363.339975391431
46.44936800003052,0.06097759112034234,-0.0030238728352232976,6.341618500762688,363.34797537578265
46.482581615448,0.06392328750032177,-0.002857399799885828,6.341474282665714,363.33971228749664
46.54931020736694,0.06808858288495924,-0.002615985851433784,6.340501953932633,363.2840019547918
46.582589626312256,0.07089252042203541,-0.0024558955130934428,6.339472286003302,363.22500632814115
46.64930534362793,0.0750737966159726,-0.002220999036714695,6.337879650973443,363.13375506262554
46.6825647354126,0.07774006095455152,-0.002073568761875571,6.33666011464552,363.06388077807264
46.74936008453369,0.0822040493190159,-0.0018386336865178047,6.335062749743404,362.9723585108391
46.782628774642944,0.08541131089349321,-0.0016756128829302475,6.33395396204403,362.90882965528897
46.84938073158264,0.08981888854949567,-0.0014511244378802304,6.332634626668725,362.83323730652165
46.882795333862305,0.09261480795096631,-0.0013116654874743797,6.331844378002042,362.7879593931549
46.949482440948486,0.09714889884257262,-0.0010925634248637078,6.32973437675616,362.6670652269985
46.98273277282715,0.10021700064472269,-0.0009510417437803838,6.327258223116695,362.5251920740312
47.04980802536011,0.10407195401357115,-0.0007769393321306481,6.322131346835905,362.23144370105615
47.08274030685425,0.10701638475927402,-0.0006625232952709456,6.31876923553172,362.0388089130732
47.14947032928467,0.11152158196981833,-0.0005024333984991623,6.314079949489609,361.7701326139306
47.18267822265625,0.11473442618670457,-0.000403233410106255,6.311297219586774,361.6106939349733
47.24938130378723,0.11931377350678955,-0.0002742928094919346,6.307049075582861,361.3672932127853
47.282753467559814,0.12237717340122453,-0.00020166250342263596,6.304089442376697,361.19771872116536
47.351014614105225,0.12707263309195452,-0.00010330908752923684,6.298604460979041,360.88345243637184
47.382601737976074,0.13087075212690616,-4.2836810941986666e-05,6.294491272076381,360.64778407190937
47.44938540458679,0.13571424959923337,1.2060506640342516e-05,6.287952910178634,360.27316353023934
47.48278069496155,0.1390000627340024,2.77223033525398e-05,6.284361054143998,360.0673653388361
47.54934740066528,0.14389731959771881,3.264881741174737e-05,6.278171654976157,359.71273888879705
47.582573890686035,0.1477752658152251,1.7009150004205142e-05,6.2730279007901775,359.41802348308767
47.649327993392944,0.15240418137587786,-3.4655846539369066e-05,6.263351232482696,358.863591229321
47.68388795852661,0.1561520397305976,-0.000103437341213469,6.257320243554892,358.5180410174677
47.749327182769775,0.161338996364697,-0.00023797911751397412,6.24783546141966,357.9746030315178
47.78256893157959,0.1649404638990846,-0.00036245462558016917,6.241504251773316,357.61185143956976
47.84938669204712,0.17001601284250295,-0.000578577825923725,6.2326630147173,357.10528587058536
47.88273644447327,0.17334228394319257,-0.0007491941913856438,6.225516315562369,356.69581017155815
47.94937086105347,0.17866093937786365,-0.0010533898089724954,6.215541167094402,356.12427626432725
47.982585430145264,0.18239210754575724,-0.0013012075455838793,6.208878212671319,355.7425170967966
48.049309968948364,0.1876321628736288,-0.0016944511922696312,6.198753521174346,355.16241500514803
48.08272099494934,0.1912213591430627,-0.001997469967152701,6.19164842385574,354.7553229157621
48.149335622787476,0.19673452693874827,-0.002499614289307425,6.181475863991348,354.1724781686883
48.1826856136322,0.20031557535831013,-0.002866876178223142,6.175447361261357,353.8270704054768
48.24938154220581,0.20598533633388622,-0.0034751732962271607,6.16569507259131,353.2683054240898
48.28262114524841,0.2092880085073928,-0.0038761835612783997,6.1586752410747705,352.8660987052992
48.34935212135315,0.21465467965354076,-0.0045481909645243125,6.148354607929325,352.27476998416233
48.38267493247986,0.21794520536901207,-0.005002849505653797,6.1426275194193485,351.9466319836428
48.44939970970154,0.22298627226359818,-0.005722379213054813,6.134696457619796,351.492215615471
48.48268938064575,0.22669066915384578,-0.00626984120387535,6.129151235326196,351.1744977815859
48.54933428764343,0.23201089593646576,-0.007095567319099746,6.120560306820807,350.68227383612845
48.58264398574829,0.2352937751803894,-0.007641407639466205,6.1146649798636785,350.3444964826353
48.64938521385193,0.24042269414836553,-0.008515673969115158,6.106230851073269,349.861256499075
48.68271541595459,0.2437282311114841,-0.00911206848246936,6.100516067580176,349.53382352408977
48.74939155578613,0.24898381828198096,-0.01007927641627503,6.091877166317039,349.03885094208175
48.7826611995697,0.25198510390856765,-0.01067420790937721,6.085788283016282,348.68998362700074
48.8493492603302,0.25662831231796485,-0.011611790393565125,6.0764165788288,348.1530245302129
48.88269519805908,0.2600293794733098,-0.012319552427268664,6.070708049856135,347.82594991285106
48.94938921928406,0.26464116067965543,-0.013322812138155745,6.06207524498322,347.3313266282731
48.98266839981079,0.26790625875866186,-0.01405436549384677,6.056304890135021,347.0007096491784
49.04934740066528,0.2727562822242659,-0.01517289647268795,6.047057297638792,346.4708616284877
49.08258247375488,0.27627442043370204,-0.016009127775060136,6.040452851858287,346.0924547592417
49.14944124221802,0.28143818257040576,-0.01728112167214583,6.031514896711756,345.5803476518683
49.182618856430054,0.2846693306696624,-0.01811626169507981,6.025778134573161,345.2516553932563
49.24969673156738,0.2895410320639845,-0.01940230642167384,6.01740441083288,344.7718763641297
49.28262138366699,0.29236424446432757,-0.02018644111274629,6.011599104915447,344.4392568362785
49.34930229187012,0.29715755366616753,-0.021519512848763373,6.002817835964175,343.9361271866013
49.38258218765259,0.3004996963163105,-0.0224757806984178,5.995740230999486,343.53061029306383
49.44931411743164,0.30516403625083377,-0.02385992412369077,5.984734189356096,342.90001055775235
49.48260045051575,0.3079634440392741,-0.024735075109012097,5.976889702932389,342.45055459322623
49.54932618141174,0.31295431789029104,-0.026297170589844775,5.9649954159713685,341.7690621500423
49.582606077194214,0.31652012119464834,-0.02745503262153553,5.957518605009278,341.3406724376973
49.64938759803772,0.32117494119177825,-0.029036472788497796,5.946470300512269,340.70765121924336
49.68271732330322,0.32445105506535393,-0.03017934629709529,5.940228595843964,340.3500278847824
49.74931764602661,0.32919257506552924,-0.03187528188140493,5.930959177182517,339.81892931694165
49.78261351585388,0.33257899482064485,-0.03311130963165458,5.924872019646574,339.47016088090083
49.84940218925476,0.3377269518968618,-0.03502814304058689,5.9154636034875185,338.9310983430843
49.88268184661865,0.3409588796623099,-0.03627656376599773,5.9093040504551375,338.57818195064186
49.949480295181274,0.34583288803729606,-0.03819128070453142,5.900666341913434,338.0832777065381
49.982659339904785,0.3493084808864153,-0.039581016796351384,5.895293172880469,337.7754177983388
50.04926323890686,0.35403407631138606,-0.0415216479677242,5.887472536296804,337.32732832898927
50.08264422416687,0.3572356515433232,-0.0428617110695626,5.882403112862379,337.03687176163197
50.14941430091858,0.3619097199410271,-0.044847982335197746,5.874128058545044,336.5627460740072
50.18266844749451,0.3652192374670993,-0.04627718412712215,5.869586590967001,336.3025391489898
50.24947214126587,0.3701337031692826,-0.04843048027932667,5.862432805298507,335.89265742264394
50.282673835754395,0.37341998942319454,-0.04989883077871705,5.857773457909887,335.6256964819907
50.34933829307556,0.3783316836050661,-0.05212321061674663,5.850494965437234,335.2086695820899
50.382734060287476,0.3813468664161574,-0.05352531406553736,5.8452744304702,334.9095549616784
50.44931960105896,0.38621238388104373,-0.05580063700447812,5.83697730335785,334.4341645960572
50.48265814781189,0.3895943438283479,-0.057411438730068994,5.830722936180237,334.07581575325486
50.5494441986084,0.39445714433217643,-0.059776142257150854,5.820753940985788,333.5046344026267
50.58295130729675,0.39742926543228346,-0.06126912335106193,5.813651915511086,333.0977183169319
50.64960289001465,0.40222592979657806,-0.06369970102853774,5.803510045601711,332.516631974754
50.682687520980835,0.4054235164718649,-0.06536085269370887,5.79743082199288,332.1683181192517
50.74941372871399,0.41006639298242314,-0.06781654300101185,5.789185174075618,331.6958772942417
50.78257751464844,0.41262998909373033,-0.06922472842453602,5.7834861832354285,331.36934917161517
50.84932017326355,0.4170336358370666,-0.0716296450809095,5.7734091287071605,330.7919764772222
50.882729053497314,0.41982412538720904,-0.07319614303699885,5.766880780067666,330.4179296529892
50.949434995651245,0.4244236393152226,-0.0757932386245632,5.757662444638884,329.88975793878404
50.98262047767639,0.42755597219846314,-0.07760002097269336,5.7524434696423885,329.59073269810057
51.0493745803833,0.4316608245732439,-0.08002703297640186,5.745265653104521,329.1794741043616
51.08269429206848,0.43441080761457246,-0.08167337801770973,5.740149460968571,328.88633788779356
51.15006875991821,0.4388133154324282,-0.0843234023944955,5.732230805156004,328.4326323303167
51.18270659446716,0.4414169869563171,-0.0859350356145419,5.726419693417026,328.0996801533944
51.24942970275879,0.4458959863211237,-0.08870813106454196,5.717905385335501,327.6118462348489
51.28267741203308,0.44871459320174595,-0.09049741498282453,5.712252693621316,327.2879708567375
51.34933161735535,0.45318531200873213,-0.09335849919892841,5.703810351891983,326.8042603064396
51.382678747177124,0.45597331874832814,-0.09518684844325806,5.698018238739522,326.47239666834133
51.449328660964966,0.46029517786709123,-0.0980473165093528,5.690270509720149,326.0284844947202
51.48287510871887,0.46305958272180664,-0.09991423293271663,5.68555843251362,325.7585023580463
51.54935908317566,0.4673431430618833,-0.10282706576146786,5.678244061299287,325.33941975767306
51.58260655403137,0.47008555475318614,-0.10472744719700226,5.672931961936506,325.03505888383154
51.64935493469238,0.4742105301945697,-0.10761483260959213,5.664383003546121,324.5452396488295
51.682623863220215,0.47738319245240063,-0.1098524682379849,5.658173819581545,324.18947961343906
51.74946856498718,0.4816231416850066,-0.11291420605685092,5.648141758291394,323.6146848416968
51.782615423202515,0.48453001271335544,-0.11505185486704456,5.641949870176292,323.2599157854843
51.84938645362854,0.4887275206934482,-0.11818902860452099,5.632791789075592,322.7351963899756
51.88261675834656,0.4915977632638261,-0.12036926023849726,5.6263827881065085,322.3679876835519
51.94929099082947,0.49585965112450897,-0.12365293142159348,5.616217275329109,321.78554670482055
51.98260569572449,0.49836460955840867,-0.12564415577810387,5.609284915447741,321.3883517415524
52.04934859275818,0.5021991254439109,-0.12872004393630418,5.598985040423949,320.7982123731769
52.08264899253845,0.5050012313411186,-0.1309933950044705,5.591906964351952,320.3926684871789
52.14925003051758,0.5091205636180286,-0.134393269358762,5.581482314087315,319.7953800241153
52.182799339294434,0.5119931420771474,-0.13680826626135278,5.574900267881784,319.41825655597825
52.2493679523468,0.5160854348283036,-0.14031189409340697,5.56491603983899,318.84620242743
52.28273916244507,0.5185886267106893,-0.14251409785739624,5.55851450821061,318.47942168270436
52.34933376312256,0.522497228148097,-0.14597727013797374,5.548775197855646,317.9214003039968
52.38270807266235,0.5250722794147122,-0.1483046463143833,5.541867953885638,317.52564437644816
52.44931674003601,0.5289203959296268,-0.1518288790698655,5.530863459793467,316.89513330929015
52.48262882232666,0.531570749190315,-0.15430194035239933,5.524018257907752,316.5029321313237
52.54926109313965,0.5351351755928999,-0.15770389722114303,5.514322884977604,315.9474281816208
52.58259963989258,0.5376304446356178,-0.16011472582102504,5.5072888828805056,315.5444095483709
52.64936566352844,0.5411285692870296,-0.1635608417516398,5.497169661325986,314.96462086133914
52.68258452415466,0.5435881947762847,-0.1660158190852575,5.491013571294506,314.61190288423273
52.74945592880249,0.5474346043557188,-0.1698934755175665,5.482988135798978,314.15207930158454
52.782872915267944,0.54925748203677,-0.17182120207332754,5.477870736701307,313.85887393120396
52.849348306655884,0.5526051671205328,-0.17530741136952263,5.469904899206953,313.40246506249036
52.882705211639404,0.554903268648859,-0.17773096331687288,5.464331244155796,313.08311815159726
52.949416637420654,0.558308069595463,-0.18136608893091988,5.456163275867384,312.6151280414746
52.98265027999878,0.5604410753417414,-0.183689070727783,5.451373264900613,312.34068062925724
53.04933714866638,0.5637288760386975,-0.18729943520990858,5.443866843554804,311.91059436689545
53.08260631561279,0.5657776828140312,-0.1895918863865679,5.438939159337489,311.62825885847013
53.14936828613281,0.5692617439251626,-0.19348749445657024,5.430787501737203,311.161203281938
53.18266010284424,0.5714621539186365,-0.19600355854842932,5.425225112131879,310.84250183354544
53.249547243118286,0.5744442734382632,-0.19947574592192646,5.415977996158382,310.3126811155961
53.28273916244507,0.5764236184214413,-0.201816189761081,5.409275168169244,309.9286373610163
53.3493492603302,0.5793052292165786,-0.205271939196231,5.398708282142176,309.32319938906954
53.38263463973999,0.5815318048740425,-0.2079629053184651,5.392025591134719,308.94030939855224
53.44932675361633,0.5844545228779802,-0.21158795488725857,5.382882825646544,308.416467523002
53.4826295375824,0.5867143501090223,-0.21440640591554902,5.376454503913735,308.0481518183597
53.549391984939575,0.5896974460894415,-0.21822413219567155,5.366671861152492,307.4876476756563
53.58270835876465,0.5919099564027545,-0.22108456162277826,5.359346486923259,307.0679346489674
53.649457931518555,0.5952970335108916,-0.22553211810311868,5.348736371741061,306.46001982887975
53.68269634246826,0.5972735811991178,-0.22822246051570463,5.341647262741065,306.0538438026718
53.749534130096436,0.6002464853154454,-0.23231535088967534,5.330438734604096,305.4116424458698
53.78275418281555,0.602344037332331,-0.23525246943655795,5.323901552028189,305.0370894743639
53.84942865371704,0.6050772372458589,-0.23918183217456226,5.314276808547649,304.4856322940329
53.88273739814758,0.6070485752559094,-0.24204254503311545,5.308363277929237,304.1468119475765
53.94943690299988,0.609700994477109,-0.24597748927775887,5.299469262982667,303.63722242821177
53.982675313949585,0.6113923933111565,-0.24853556304284455,5.293752302691941,303.3096647319093
54.04938364028931,0.6142027002816628,-0.25279221349660996,5.285817560527222,302.8550374943464
54.082669496536255,0.6156228685649899,-0.2550386135698715,5.2808738294176365,302.5717825667196
54.14937138557434,0.6183344042409122,-0.25925554943926205,5.273170268277139,302.1304010261481
54.182608127593994,0.6200641793452064,-0.2620097528429691,5.267948748255092,301.8312299662418
54.24934911727905,0.6223606299014164,-0.2657393091165686,5.260833234734429,301.4235410724395
54.28259539604187,0.6241685225904431,-0.26866761610008216,5.25624553309973,301.160685131106
54.34946298599243,0.6264422625399797,-0.27245594885336427,5.250325692528377,300.8215032509771
54.38273620605469,0.6282389476570969,-0.27543834819775126,5.24599622976429,300.5734433070359
54.44935393333435,0.6306047620245615,-0.2794515564092891,5.238495310248966,300.14367227634057
54.48266410827637,0.6322931522506183,-0.2823442913599597,5.232823385814252,299.81869494451433
54.54936337471008,0.6348328839060637,-0.2867539548686379,5.225230353942624,299.3836462645617
54.58269810676575,0.6365448159827698,-0.28978040646494124,5.221057413569773,299.1445543930376
54.64928579330444,0.63898357382311,-0.29415473839130635,5.214444640132262,298.765670384192
54.6826856136322,0.6405902773880155,-0.2970823954611864,5.209566027062941,298.4861464454425
54.74937891960144,0.6431264689837205,-0.30173604078443234,5.201895821140914,298.0466760181141
54.782652616500854,0.644416638942788,-0.30420693823453393,5.1967486775945675,297.75176641636045
54.84965372085571,0.6468758044828469,-0.30885142066601123,5.18828957872662,297.26709575274316
54.88264083862305,0.6485386940725039,-0.3120581014055067,5.182937581481044,296.96044889860605
54.94968032836914,0.6506831192346754,-0.31630385913506237,5.174538977849343,296.4792443567063
54.98264741897583,0.6521764405912762,-0.3192997822812423,5.168924273143721,296.15754547386194
55.0493950843811,0.654310343478658,-0.3236541418325964,5.160908826516015,295.69829421118203
55.082693099975586,0.6555068215319635,-0.3261819056235726,5.155991316845468,295.4165416613449
55.14967060089111,0.6572319634786107,-0.3298642212296359,5.1484277875866615,294.9831833565916
55.18267560005188,0.6586606317843056,-0.3328948482642194,5.142652998005546,294.65231228601755
55.249414682388306,0.6606449410301083,-0.33720446959583633,5.1336420459253755,294.13602276242915
55.28290152549744,0.6619029957746048,-0.3400128007713274,5.1280220542324955,293.81402095752856
55.34943509101868,0.6639543781198228,-0.34462486425317845,5.1204601986440705,293.38075854702436
55.38265371322632,0.6652853670112399,-0.3476909582419633,5.114857288690206,293.05973545367607
55.44940996170044,0.667105220001363,-0.3519837870207564,5.106017365697568,292.5532451749773
55.48270916938782,0.6682294364219238,-0.35471384686117235,5.099721962685506,292.1925451520522
55.5494339466095,0.6700932567446874,-0.3592595531599343,5.091367484506533,291.7138688123629
55.58269143104553,0.6712806516882537,-0.36223824619745026,5.085460001495484,291.3753949682846
55.64928841590881,0.6729752701020629,-0.36657949760040553,5.076819973484995,290.8803578284087
55.6827118396759,0.6742266369950908,-0.36982448534987616,5.071105627092193,290.5529498974253
55.74932050704956,0.6758098386090953,-0.37407989662181657,5.062541594898573,290.06226699711675
55.78262448310852,0.6769636091020003,-0.3772180667686042,5.056861871802696,289.7368428349201
55.849366426467896,0.6786935840871168,-0.38200896071259255,5.047612007198207,289.20686463201537
55.88271737098694,0.6797943255524104,-0.3851629009531062,5.041488096905888,288.85599041814874
55.94940257072449,0.6815632718397732,-0.3902907339511035,5.032138811043062,288.3203157967475
55.98265075683594,0.6826068533804378,-0.3934550250596535,5.026138168258295,287.9765042908147
56.04936099052429,0.6843079307624172,-0.3986578755341313,5.018050553990518,287.5131181269413
56.08262515068054,0.6851664571816007,-0.4014555157290903,5.012441922950483,287.19176723950125
56.14938473701477,0.6868351855350717,-0.4067830740263082,5.003714927360309,286.69174722435497
56.182621002197266,0.6878287468842625,-0.4101027261902764,4.997223288924187,286.31980373984027
56.249396324157715,0.6892497397702917,-0.41498126072452746,4.988097469410998,285.79693279713644
56.28272008895874,0.6901129555196043,-0.41807064240264824,4.9817986196824595,285.43603529190403
56.34938645362854,0.6914024516163523,-0.42276809650702657,4.972117230602466,284.8813325577964
56.38268852233887,0.6921819943083071,-0.42574057591813985,4.965825024588188,284.52081570935144
56.44955229759216,0.6933896657911723,-0.43040906654365596,4.9574164286352325,284.03903864961626
56.48266100883484,0.6941662782570157,-0.4335200783488799,4.952054739639934,283.7318364991239
56.5495400428772,0.6953483981276345,-0.43833922441499024,4.943458489993414,283.2393076747376
56.58301019668579,0.6961516601143011,-0.44171752708514594,4.937193942646317,282.880375551189
56.64944124221802,0.6973418605827538,-0.44687193954150106,4.9275548884138765,282.3280984251724
56.68266201019287,0.6980514843547772,-0.45013349537875164,4.921580662233983,281.98580047920797
56.74945330619812,0.69902309573103,-0.4547727015750316,4.912986453908405,281.4933886138962
56.78269028663635,0.6996915174245779,-0.4580498051375218,4.907438853316927,281.1755345135802
56.84945225715637,0.7006601792604594,-0.46294657549503726,4.89935669564232,280.7124609894659
56.88318181037903,0.7012823849610842,-0.4662308600554214,4.893888011028114,280.3991284415838
56.949456214904785,0.7021854797241568,-0.4711498117854528,4.885611330913614,279.9249096026431
56.98267483711243,0.7027900044862032,-0.4745715561171602,4.879955951274929,279.6008802178022
57.04942321777344,0.7036840006159204,-0.479805690300204,4.871555555136865,279.1195729728532
57.082711935043335,0.7042083930556285,-0.4830974970080214,4.865824860348866,278.7912283478232
57.14953970909119,0.7049217738662633,-0.48780156828134336,4.857869890288994,278.33544213723957
57.18267035484314,0.7054072800287785,-0.49110455471933484,4.852240998526245,278.01293039589814
57.24950647354126,0.7061049856650852,-0.49605682979965804,4.844275395049595,277.5565349354114
57.28271150588989,0.706544549883179,-0.49936670088239166,4.8385316741401745,277.22744396860054
57.34956645965576,0.7071742856630396,-0.504328759659579,4.829907942624268,276.73334054908514
57.382630825042725,0.7075445152867692,-0.5075112690607975,4.823911772428565,276.38978530362925
57.44941997528076,0.7080595844160728,-0.5121856676867311,4.8140800013033065,275.8264663130133
57.48266816139221,0.7084410124609902,-0.5157787337263908,4.807198769848271,275.4322007927871
57.54940938949585,0.7089345461557259,-0.520905011148762,4.795854743060486,274.7822359351637
57.58276128768921,0.7092446921325475,-0.524500903487996,4.789209179899578,274.4014732135561
57.64946937561035,0.7096279004250631,-0.5295445080801411,4.778978947146276,273.8153240533553
57.68261480331421,0.7098017302221195,-0.5324622378542451,4.772042050157288,273.4178691329693
57.749411821365356,0.7100870638221373,-0.5372946197369355,4.76104562875624,272.7878205969419
57.782681465148926,0.7102791549354378,-0.5409039217812193,4.753444831816708,272.3523270113708
57.84934449195862,0.7104840924016065,-0.5459120964383364,4.743374607408503,271.775345654031
57.88266968727112,0.7105768753295929,-0.549116739446265,4.736788027958648,271.3979624501267
57.949387073516846,0.7107279771263391,-0.5545392671257968,4.726943924847865,270.83393688878726
57.982656717300415,0.7107714075727001,-0.5578766140378879,4.720328816852601,270.45491911963535
58.04943895339966,0.7108218890571287,-0.5632017577121192,4.710144403835221,269.8713952369214
58.08294057846069,0.7107856985227977,-0.5659900273566179,4.703480114294379,269.489559572778
58.14944410324097,0.7107396272609844,-0.5708285329497074,4.69294294909447,268.88582447879105
58.18266010284424,0.7106787932262485,-0.5741728167594664,4.686071363961623,268.4921116521141
58.249377489089966,0.7105503985153442,-0.5791505455119097,4.676175866403006,267.92514140582335
58.28270649909973,0.7104318470339092,-0.5824898627396257,4.669763360612029,267.55773188789715
58.34944009780884,0.7102199235877981,-0.5874822151180913,4.660880632610442,267.0487890628435
58.38268518447876,0.7100529189251731,-0.590408614194457,4.654593796972841,266.68857991431656
58.44935655593872,0.7097728728130329,-0.5953491925480368,4.645327953746383,266.15768620381067
58.48263931274414,0.7095565761547329,-0.5985495014502948,4.638950653866851,265.79229383602416
58.54940414428711,0.7092022077827353,-0.6033533383389122,4.629747783697761,265.26500821592845
58.5827419757843,0.7089311583733717,-0.6066883919042814,4.62361576815096,264.91366960518815
58.64949131011963,0.7084937082805112,-0.6116403595090095,4.6142821024887875,264.3788899553595
58.682705879211426,0.7081689458765856,-0.6149652672129561,4.607580808516458,263.99493409346854
58.749406814575195,0.7076490894376698,-0.619925748069709,4.597717190954787,263.4297904364537
58.78263521194458,0.7072969637693697,-0.6228396749082843,4.591198085772152,263.0562732232869
58.849385499954224,0.7067170989948038,-0.6276077895235634,4.5810019860679105,262.4720797427392
58.88268041610718,0.7062611817635001,-0.6311924188475555,4.574428332521091,262.09543713852526
58.94937539100647,0.7056024134955431,-0.6358631252030225,4.564452462617908,261.52386189610127
58.98265266418457,0.7051000106261497,-0.6393007582389381,4.558400495288916,261.177109710399
59.04940986633301,0.70435131708182,-0.6440959811228811,4.548604591363473,260.61584575895546
59.08261561393738,0.7037752511611113,-0.6476688222583098,4.5422502437099945,260.2517684568523
59.14938402175903,0.702943005292838,-0.6524699556093243,4.532654846234767,259.70199267877126
59.18262243270874,0.7022907638367788,-0.6561617313839022,4.526728908670259,259.36246146666696
59.24941849708557,0.7013716709507787,-0.6609932728496198,4.517723282634661,258.846477102954
59.282675981521606,0.7006632854948278,-0.6646667908178938,4.510718360670918,258.44512463861304
59.349539041519165,0.6996644087654347,-0.6694904331318727,4.500401929294957,257.85403666113416
59.3827006816864,0.6989824665454318,-0.6726187349711541,4.493466212056587,257.4566493354794
59.44940400123596,0.6979453689379075,-0.6772261246519188,4.483300590982949,256.8742021518307
59.48264765739441,0.6971646817718651,-0.6806155552150457,4.476337544664563,256.4752489852331
59.549408197402954,0.6959974898932876,-0.6854734204900649,4.465619321956343,255.86114006017078
59.58261823654175,0.6950445330856049,-0.6893814073584639,4.459098958760062,255.48755076813146
59.6493558883667,0.6937311233600207,-0.6944439329672268,4.449406051695505,254.93218810211985
59.68261003494263,0.6928570054963905,-0.6976585028468578,4.443210672152554,254.57721900182702
59.74934244155884,0.6914729439382409,-0.7026748705733041,4.433508551426627,254.021328431905
59.782593727111816,0.6905634586938947,-0.7058314640430361,4.427323340383818,253.66694194375438
59.849329471588135,0.6890903465603075,-0.7108636076055858,4.418843473947231,253.18108138610327
59.882845401763916,0.6881887496584544,-0.7137902095554882,4.41314170671046,252.85439418767035
59.94962668418884,0.6867848260488459,-0.7183015476412625,4.404083096301812,252.3353740430015
59.98268270492554,0.6857037698171973,-0.7217480859426038,4.397591816721108,251.9634511193877
60.049370765686035,0.6840720084692834,-0.7267941225547742,4.389121742451022,251.47815161154944
60.082674503326416,0.6829694878249418,-0.7300890670449208,4.38390665534549,251.1793491306094
60.14940404891968,0.6814183141220211,-0.7345923562985212,4.376200942633528,250.73784431407367
60.18265247344971,0.6802776066709,-0.7378737323819459,4.371309482820763,250.45758431114436
60.249359369277954,0.6787675574689092,-0.7420604200236564,4.363651771856492,250.01882979216055
60.28265905380249,0.6775467630849752,-0.7454651468952775,4.3581196748220545,249.70186398023046
60.34936714172363,0.6758140989392146,-0.7501537487859232,4.349212495638653,249.1915202056548
60.38270092010498,0.6746294221773251,-0.7532727048531117,4.3438376207689515,248.88356256020995
60.44939851760864,0.6727338220267309,-0.7582109822178603,4.335275386465243,248.39298267140532
60.482651233673096,0.6715470791943549,-0.7611839324533595,4.329021426192534,248.0346571425366
60.549389600753784,0.6696223314216291,-0.7659677498502453,4.319216530034507,247.4728779741176
60.582688093185425,0.6682949897285506,-0.7691775432020641,4.312324557388807,247.07799702899942
60.64958882331848,0.6662771044057022,-0.773954356785507,4.30256945129906,246.51907062135456
60.68267798423767,0.6649438139519049,-0.7770127823128838,4.295673921829402,246.12398588523504
60.74933362007141,0.6629008754361924,-0.781620598575099,4.285289804708059,245.52901980021255
60.78261208534241,0.6615661217522808,-0.784534710965667,4.278486977684171,245.13924652298624
60.84942150115967,0.6593533403774059,-0.7893384913547274,4.268656798151367,244.5760187239007
60.88275647163391,0.6578643398846449,-0.792476589737181,4.262282189569976,244.21078055613907
60.94943714141846,0.6557956882520921,-0.7967219272928773,4.253402991202456,243.70203996422072
60.98267078399658,0.6544659814922353,-0.799375678171203,4.247585263145796,243.36870870021926
61.04936218261719,0.6524886101306615,-0.8032829908243508,4.238984113000766,242.87589909795076
61.08268404006958,0.6508784059493146,-0.8064748311533924,4.233289541980788,242.5496242123685
61.14935111999512,0.6486360712964326,-0.8107906132188093,4.223780605000385,242.00480225573554
61.1827597618103,0.6471881832826405,-0.8135002912180537,4.217759436794131,241.6598147297788
61.249441146850586,0.6449780498202556,-0.8175905308897515,4.207947563827737,241.09763581968593
61.28268527984619,0.6433655167598044,-0.8205289610916878,4.2016412337141995,240.73630971996397
61.34945321083069,0.6411435739779123,-0.8244733667246879,4.191845540046604,240.1750578154077
61.382668256759644,0.6396210387832951,-0.827126366761495,4.185817242333073,239.82966179877403
61.44961094856262,0.6373600326687802,-0.8310035903046263,4.176579390386745,239.30037187048273
61.48290419578552,0.635733386421681,-0.8337580617934481,4.170724758623828,238.9649261798643
61.549365758895874,0.6332852082939837,-0.8378371344709626,4.162295938502904,238.48199036066046
61.58257031440735,0.6316651133083572,-0.8404752153711131,4.156367666360943,238.14232538712108
61.64938020706177,0.6290228012955418,-0.844755489956662,4.14667750846125,237.58712023665336
61.682591676712036,0.627167760565733,-0.8476988003768987,4.139994738120458,237.20422570067075
61.74933910369873,0.6244671056275635,-0.8518925642740217,4.131430389138017,236.7135246496997
61.78265595436096,0.6226325855691776,-0.8546886581545753,4.1248520867777705,236.33661568809666
61.849544525146484,0.619863947995954,-0.858847228870066,4.114722929998071,235.75625775459355
61.88260746002197,0.6180556028509463,-0.8614939789650697,4.107760651141621,235.35734856032582
61.949517488479614,0.6153686316027702,-0.8653669243920036,4.0970035151993205,234.7410100711835
61.982632875442505,0.6134521567725442,-0.8680868461347034,4.090294403734761,234.35660629998142
62.049389600753784,0.6105591173238114,-0.8721277741599638,4.079980790907211,233.76567981343078
62.082629919052124,0.6085820739268599,-0.8748304494020007,4.073361889296388,233.3864446861183
62.14932632446289,0.6056927483725462,-0.8787118545009149,4.0638951474948275,232.8440403351488
62.18295431137085,0.603675749804876,-0.8813783704904219,4.057264299650534,232.46412073907734
62.24935817718506,0.6005540019846638,-0.8854538133076623,4.046903400489225,231.87048494517373
62.28261184692383,0.5984919555531055,-0.8880800152526578,4.039473591482005,231.44478824647172
62.349302768707275,0.5953700102252522,-0.8919969281364091,4.0287033266471886,230.82769752719858
62.38261270523071,0.5932638870727986,-0.8945814955383277,4.022262189567563,230.4586475572708
62.449459075927734,0.59007081737111,-0.8984492809099196,4.013162615374691,229.9372803606531
62.48271679878235,0.5878415923976431,-0.9011083139670043,4.007416385720271,229.60804565334192
62.54940104484558,0.5847565051454674,-0.9047137907702306,3.9984623675378566,229.09501820180617
62.58266472816467,0.5825717016705736,-0.9072389461766627,3.992810307229304,228.77117900057272
62.64961886405945,0.5791029472506871,-0.9112168891609834,3.9842162514176587,228.27877587366552
62.682724475860596,0.5768813158072389,-0.9137039540700166,3.978435556716873,227.9475664646569
62.7494580745697,0.5735345017971163,-0.917410850241315,3.9689848767186007,227.40608238722717
62.78268909454346,0.5712508790637864,-0.9198934296271606,3.9625996341345813,227.04023493599564
62.849406480789185,0.5678337021962464,-0.9235612363759458,3.9539107903052884,226.54240085572889
62.88271903991699,0.5653576187529893,-0.9261894474438197,3.9477977877885215,226.1921516113653
62.949655055999756,0.5620494619902558,-0.9296158077267808,3.9383522219961495,225.65096055634922
62.98293352127075,0.5598990612939797,-0.9318012211984955,3.931928244504042,225.28289375836442
63.04938077926636,0.5563108087380905,-0.9354388526866846,3.922876428556974,224.7642629076682
63.08291721343994,0.5541233238720599,-0.9375947353864929,3.9172061714634063,224.43938110745268
63.14941120147705,0.5509778237166579,-0.940653518347727,3.9095925388038073,224.0031520892947
63.18266797065735,0.548295151905835,-0.9432811444994628,3.903958338324075,223.68033618087543
63.2494170665741,0.5450756344103319,-0.9463284273763202,3.895555972996262,223.1989161096647
63.28262734413147,0.542653180191282,-0.9486146920195967,3.8897591302977106,222.86678148853647
63.34932231903076,0.5391373679023777,-0.9518791520772074,3.8809570578211368,222.36245988466052
63.38263177871704,0.536668503016532,-0.9541377825116582,3.874893485453006,222.0150427791945
63.44942378997803,0.5330816843051575,-0.957368315817191,3.865089956598305,221.45334195148538
63.48266625404358,0.5305814029753858,-0.9595821972197065,3.859068796508382,221.1083548905602
63.5493381023407,0.5265241389236739,-0.9631496333613677,3.8491174383396767,220.53818406707035
63.582597970962524,0.5238823564921912,-0.9654119830470613,3.843348456938616,220.20764578070012
63.64931893348694,0.5199233092633941,-0.9687597228255487,3.834431675758601,219.69675185224358
63.68266558647156,0.5172503111266783,-0.9709794809524288,3.8277445698836003,219.31360890844888
63.749332904815674,0.5134394503430494,-0.9740852845307921,3.817066092354795,218.70177721442306
63.78262782096863,0.510941331891919,-0.9760775133576705,3.8093015374762094,218.25690099008239
63.849303245544434,0.5073398850965906,-0.9788955389783123,3.7982965865122567,217.62636374609949
63.88259267807007,0.5048009599146096,-0.9808532183779587,3.790923914401713,217.2039407504315
63.94934105873108,0.500750382848848,-0.9839434607000355,3.7800571727732026,216.58132231805874
63.9826283454895,0.4981766730016766,-0.9858496412100288,3.773036548907718,216.17907020101765
64.04934048652649,0.49416052258451815,-0.9887909873636331,3.7634722561170615,215.63107659008563
64.08262729644775,0.4917653906507825,-0.9904882295937,3.7566671217600227,215.24117111240784
64.14933228492737,0.48796605581994695,-0.9931669739760872,3.745980192753037,214.62885518435164
64.18260788917542,0.4853241385934966,-0.9949948924743579,3.7387313118528054,214.21352490257536
64.24939060211182,0.4814782129606396,-0.9976059466109568,3.727692191031685,213.58102986999018
64.28263425827026,0.47880970044021953,-0.999381849724166,3.720793431836349,213.18576008422036
64.34932136535645,0.4745747244891516,-1.002169683311092,3.710141435076165,212.5754456264748
64.38261985778809,0.47209622978186716,-1.003736752267356,3.7038024383165347,212.21224786580086
64.44940090179443,0.4676924989823988,-1.006535350787342,3.6950925514135102,211.7132081062213
64.4826672077179,0.4648511206841659,-1.008293185898908,3.6892491248788013,211.37840442788772
64.54945039749146,0.4609456285734174,-1.0106558669260417,3.6803649253783566,210.86937729215998
64.58268141746521,0.45830177384340537,-1.0122305383806662,3.6741600113148367,210.51386190407894
64.64945125579834,0.4543058778836769,-1.0145820834462282,3.665301887773415,210.00632881075
64.68271446228027,0.45141344935375954,-1.016263206086199,3.659769818139464,209.68936456875213
64.74954509735107,0.446994939100015,-1.018796380446033,3.651538439686676,209.21774132383243
64.782705783844,0.443738320815754,-1.0206399955890906,3.6465059626087664,208.9294016267719
64.84948921203613,0.43956623312269993,-1.022929956454579,3.639859199591439,208.5485701584554
64.88275337219238,0.4365201950093159,-1.0245939022818922,3.635786909899544,208.31524514615518
64.94941520690918,0.43259359717764634,-1.0266849228848465,3.628700359856959,207.9092157374068
64.9827790260315,0.42988063315412706,-1.0281172830964147,3.6235901484446345,207.61642219106102
65.04944276809692,0.4256412098469064,-1.0303381997102445,3.616098891192077,207.18720476724272
65.08276915550232,0.42266946143880185,-1.0318723029164314,3.611640352414178,206.93174931247367
65.14944839477539,0.41825402608669754,-1.0341208626577159,3.6051705201451467,206.56105522930065
65.18260025978088,0.4156285306428167,-1.0354201527150324,3.600872916382686,206.3148206716921
65.2494785785675,0.41107983888738053,-1.0376826655566,3.593955853692056,205.91850217289158
65.28261637687683,0.4085611511681234,-1.0388880017594995,3.5890715721092983,205.6386534522461
65.34944295883179,0.4041359736860151,-1.0410208710818936,3.580822503420602,205.16601663147028
65.38272500038147,0.4011115836656259,-1.042447676728821,3.5749345999022886,204.8286646096907
65.44938445091248,0.3971235498356513,-1.044276018720685,3.5659231567192493,204.31234694798061
65.48285460472107,0.3945651668652467,-1.0454195195412923,3.5609229495995947,204.02585618333313
65.54934668540955,0.3903823224725948,-1.0472878398997256,3.553233375220513,203.58527602515983
65.58284068107605,0.38793325854058736,-1.0483428320580954,3.5487427849315423,203.32798415407936
65.64936923980713,0.3840220750031927,-1.0500258926485713,3.541876138218172,202.93455427799586
65.6826798915863,0.38093868841087763,-1.051349411402953,3.5372734733667848,202.67084100749818
65.74930715560913,0.37658227312142845,-1.0531770254949708,3.5298915963876767,202.2478906117105
65.78264594078064,0.37386212100732163,-1.054284634188064,3.5245163947559646,201.93991424418155
65.8494622707367,0.36947856214813446,-1.0560580666724677,3.5163187789493535,201.47022545639302
65.88282608985901,0.3668629523097714,-1.057075791362642,3.5113000093818445,201.18267114182606
65.94937872886658,0.3626022159992233,-1.0587307403770798,3.5037235112550973,200.74856977567467
65.98290610313416,0.3599748451511832,-1.059718288882786,3.4995708378796655,200.5106391175661
66.04945254325867,0.35557546049585276,-1.0613742470915548,3.493830180197535,200.18172366075066
66.08271884918213,0.3523102678537057,-1.0625907313351497,3.489814989783008,199.95167019605685
66.14943194389343,0.3478091015337944,-1.064226222529166,3.48323489817511,199.57465871811485
66.18296837806702,0.3445363445124272,-1.0654008642764554,3.4788316046502152,199.32236858318112
66.24938583374023,0.34051110255132105,-1.066790383516892,3.472265951334437,198.94618435844095
66.28261137008667,0.33773204439402554,-1.067739462649624,3.4670212994775316,198.6456879420248
66.34948992729187,0.33297707435680257,-1.0693599721356213,3.45885878275082,198.17801018337929
66.38278079032898,0.33031638710414146,-1.0702205121260162,3.4537915796282372,197.8876808305198
66.44945693016052,0.3259330302942883,-1.0716356239838052,3.4468396656194686,197.48936549827948
66.48273348808289,0.32274616508957493,-1.072650098335055,3.441863785061804,197.2042685429641
66.54947566986084,0.31818080685294625,-1.0740656940065336,3.4343609513486695,196.77438783681302
66.58273124694824,0.3152831078542526,-1.0749363138473347,3.429514501211698,196.49670669834396
66.64940047264099,0.31052166735633135,-1.076353294243727,3.4226919885785034,196.1058055187872
66.68272185325623,0.30757166104378764,-1.0772005357103753,3.417476264628935,195.80696654937162
66.74940633773804,0.30323921875483933,-1.0784188137389505,3.409737716602057,195.36358040787223
66.78269839286804,0.3004048132923658,-1.0791929414721877,3.404859955807204,195.0841053008528
66.84930276870728,0.29583069270381357,-1.0804311895096252,3.398523052233308,194.72102747088718
66.88268518447876,0.29285834145287215,-1.0812115422178288,3.393339183226103,194.42401365522565
66.94949269294739,0.2888028581974294,-1.0822400759736472,3.3856688963597956,193.98453859013162
66.9827811717987,0.28634164586804844,-1.082839164863794,3.3810225784436594,193.718324183261
67.0496232509613,0.2822485504591028,-1.0838382601651997,3.3753600262617263,193.39388384196363
67.08273220062256,0.27951648776358307,-1.0844892209891985,3.3717551638513266,193.18734044012237
67.14940524101257,0.2755586671421244,-1.0854125986982848,3.366678437171513,192.8964654276276
67.1827163696289,0.2728183241364598,-1.0860421368838133,3.363199771158883,192.69715254676828
67.24943828582764,0.2683094442776625,-1.087072364836398,3.358179161093192,192.4094927794233
67.28269505500793,0.26557079633727143,-1.0876724734728291,3.355045404692372,192.2299417636342
67.34949541091919,0.2618501353351562,-1.0884655187123973,3.3510681424839968,192.00206142507741
67.38278388977051,0.25883654801020406,-1.0891166519079092,3.348689325095724,191.86576522849705
67.44948315620422,0.25457116102774174,-1.090016266143677,3.3444127658992673,191.6207364357022
67.48275899887085,0.2516881338768446,-1.0906115574087516,3.340882474989509,191.4184656661197
67.54952263832092,0.24753591190897004,-1.09144872874305,3.335459929781271,191.10777671146874
67.58278441429138,0.2446481263164945,-1.0920183613495205,3.3322831636686767,190.92576142071692
67.64938974380493,0.24076805443025298,-1.0927587137183212,3.3278581555054325,190.67222712865208
67.68260335922241,0.23787700453796534,-1.093308668574063,3.325843043792031,190.55676973222683
67.74942994117737,0.23389850696504483,-1.0940465037430687,3.3227586616443663,190.3800476527601
67.7827308177948,0.2315147302152687,-1.0944740430687387,3.319923759519866,190.21761972569357
67.84940791130066,0.22715567134169742,-1.0952707297128088,3.314714979477933,189.91917861287885
67.88264083862305,0.22415188458915378,-1.095804040582781,3.3114162893899204,189.7301775929141
67.94937896728516,0.2198075856261432,-1.0965511075722485,3.3070791020424,189.48167506294365
67.98271059989929,0.2166386827592797,-1.0970884904382363,3.30418551566997,189.31588477614682
68.04934120178223,0.21241096322079847,-1.0977771570643928,3.2992442719906587,189.03277236777657
68.08267951011658,0.2093707787305752,-1.0982644641986794,3.2954275926912895,188.8140927521678
68.14937424659729,0.20458136235120183,-1.0990165391810733,3.2898847559983624,188.4965116031328
68.18268013000488,0.20100589017049977,-1.0995643483622093,3.285857139293119,188.26574616442596
68.24950385093689,0.19599372957157826,-1.1002979166450633,3.2798188580871463,187.9197781358106
68.28267121315002,0.19291174623112772,-1.1007195499099625,3.2753066312198262,187.6612465801076
68.34937930107117,0.18827665091930693,-1.1013379382620223,3.26894640694139,187.29683257219656
68.38263845443726,0.18509703147158418,-1.1017447861877148,3.264717660728433,187.0545432615622
68.44932985305786,0.18075870001091657,-1.1022707118794983,3.258158956994404,186.67875721852565
68.48263692855835,0.17757232367629902,-1.102647077240263,3.2542489394244583,186.45472971394574
68.549391746521,0.17326186063272075,-1.103125748892096,3.247609074814927,186.07429349528132
68.58266711235046,0.1700680206695906,-1.103470633491975,3.242720309976721,185.79418790302017
68.64938855171204,0.16562526378231135,-1.1039176050537076,3.2347019795477774,185.33477141070037
68.68266725540161,0.16297157186769998,-1.104154984091786,3.2301381910305826,185.07328559007485
68.74939322471619,0.15873366075523765,-1.1045282662227343,3.224827902951309,184.76902849513385
68.78264236450195,0.15580166668023207,-1.104774071615223,3.2214550225264142,184.57577668198508
68.8493824005127,0.1512825069391377,-1.1051411322760325,3.21533312965764,184.22501805797307
68.88270378112793,0.14794154994753816,-1.1053986663506419,3.2114169254855387,184.00063608720015
68.94936943054199,0.14305258960436953,-1.1057487065790088,3.2052320890765196,183.6462710639845
68.98267221450806,0.14013377132701918,-1.1059278001914328,3.201614467409437,183.4389966105856
69.04931235313416,0.13539189843152694,-1.106216138859413,3.1952633120675085,183.0751022144611
69.08262777328491,0.13217989583287448,-1.1063905781458792,3.1914072451592856,182.8541658550999
69.14945888519287,0.1276856511932841,-1.1066089019016645,3.1856969189578392,182.52698826411404
69.18269753456116,0.12448483611215963,-1.1067532246038347,3.182466426679309,182.34189469080465
69.2493736743927,0.11984668857698662,-1.1069412751609706,3.1771234532334502,182.03576486230648
69.28269004821777,0.11679163175266848,-1.1070487077162583,3.173295251703558,181.81642507151813
69.34933614730835,0.11160162805811451,-1.1072269133488537,3.1673549355618005,181.476070027622
69.38265371322632,0.1081249702101886,-1.1073215715067732,3.1631263332147532,181.23378895989705
69.44958543777466,0.10312528909009988,-1.1074301249133298,3.1567631585763953,180.86920590881448
69.48267221450806,0.0999276015105039,-1.1074741500763763,3.153687794604716,180.69300053277067
69.54934358596802,0.09541573147043703,-1.1075183951635363,3.1480019975859284,180.36722836042605
69.58274006843567,0.0924378747330254,-1.1075300478235948,3.143312004946757,180.09851157625414
69.64963960647583,0.08781546777495738,-1.1075367877446172,3.1353769956328366,179.64386903216948
69.68266201019287,0.08446792477234129,-1.107523506544408,3.130597666035144,179.37003361731976
69.74940204620361,0.07996128369904505,-1.1074668575799087,3.1245642967299707,179.02434701988952
69.78270483016968,0.07675814971779978,-1.107415483354782,3.1205463375752265,178.79413491806673
69.8493664264679,0.07226924652362861,-1.1073155454734693,3.1148855875570653,178.4697978331475
69.88263607025146,0.06919455119730573,-1.1072339638731052,3.111801778094076,178.2931085660957
69.94960689544678,0.0644485617914533,-1.1070958219968254,3.1078734811153756,178.0680337285422
69.9825918674469,0.0612419930515482,-1.1069891404100474,3.1038271477246884,177.83619590275293
70.0493803024292,0.05675577498867035,-1.1068144282341565,3.0962049970634338,177.3994788390502
70.082692861557,0.05395483451944081,-1.106679452518417,3.0914134910536006,177.1249457671752
70.14947938919067,0.049678387235899256,-1.106459788391581,3.084387022211245,176.72235875762803
70.18260979652405,0.0461932100194944,-1.1062762235686445,3.0803809618615636,176.4928284071166
70.24940609931946,0.041442194312463626,-1.1059881469693218,3.0744113925326095,176.15079727905677
70.28269171714783,0.03824013540025534,-1.1057747672637397,3.070286847395331,175.91447825027953
70.34935235977173,0.033757822874723516,-1.1054487638515949,3.06433851159911,175.57366371402946
70.38262510299683,0.030556677045485654,-1.1052041698072208,3.0607978249530925,175.37079731263432
70.44937300682068,0.025799903478161988,-1.104821291829327,3.055133900915851,175.04627836981768
70.48266673088074,0.022740628195884897,-1.1045531371264627,3.050754838802419,174.7953765924924
70.5493471622467,0.018129788114480218,-1.104132008719437,3.043028148520577,174.3526698497381
70.58264136314392,0.014804099378603712,-1.103809709513072,3.038510209092797,174.09381098843056
70.64939737319946,0.010031635466739245,-1.103317188805671,3.031890701889009,173.71454116319705
70.6826593875885,0.006848061747697606,-1.1029665366970922,3.028125387913721,173.49880456387143
70.74941325187683,0.002073488197455669,-1.102422604203664,3.0218052159675777,173.13668538556044
70.78293108940125,-0.0012389460595895207,-1.1020276515017646,3.0175197700887244,172.89114742337043
70.84961223602295,-0.0058808148195469735,-1.1014436859463224,3.010869015299453,172.51008724336873
70.8828809261322,-0.008652803193353212,-1.1010677573505068,3.0065844462130817,172.26459951768746
70.94931721687317,-0.013078683194230594,-1.1004620912760603,2.999644092314056,171.8669465309461
70.982581615448,-0.016123478962390032,-1.1000285066386477,2.9942977527508328,171.5606238381296
71.0492947101593,-0.02081237931596885,-1.0993377330787837,2.986641023809507,171.12192558491597
71.08261561393738,-0.023984275203015114,-1.0988462474281562,2.981728903917122,170.84048184662004
71.14933228492737,-0.028693799592246674,-1.09808942545459,2.9754469307859717,170.48055129919055
71.18266320228577,-0.03212749898214891,-1.0975231199884752,2.971279701121113,170.24178662713246
71.2493987083435,-0.0370300493893643,-1.096682338173847,2.9643964191708774,169.84740362218537
71.28264737129211,-0.04003998940069726,-1.0961370427168646,2.959955169749608,169.5929387745817
71.34931302070618,-0.04462979049884536,-1.095289597324692,2.9541048640661165,169.25774095005625
71.38260841369629,-0.047515128349499995,-1.0947350471079476,2.9505012080036703,169.05126666686135
71.44934964179993,-0.05205157623566409,-1.0938560819027499,2.9447138281708902,168.71967422800392
71.48267722129822,-0.05492999362338745,-1.0932778108516064,2.940363916445974,168.47044264491174
71.54936122894287,-0.05957621997274042,-1.0923346402796317,2.9344093147424175,168.12926909861653
71.58269429206848,-0.06271371436617276,-1.0916786926958357,2.9304622259524713,167.90311756958923
71.64940524101257,-0.06724200253498831,-1.090706065006883,2.9248377511495667,167.58085890140512
71.68269038200378,-0.07023949956579767,-1.0900446293125896,2.9201946951083,167.31483138619782
71.74940085411072,-0.07474925958773794,-1.0890286491440193,2.9126805432091842,166.88430219575827
71.78268027305603,-0.07760372866602966,-1.0883593122400819,2.907775681637842,166.60327432862445
71.84943437576294,-0.08221824064501106,-1.0872655360830237,2.901267106991317,166.2303604707327
71.88262629508972,-0.0857370210225628,-1.0864192078021189,2.897411392487909,166.00944430268004
71.94941139221191,-0.09013634475209929,-1.0853134054914833,2.891892734378515,165.69324848443614
71.98268938064575,-0.09337465579412348,-1.0844932668445406,2.88820647720297,165.4820415060776
72.04933905601501,-0.09817358319999452,-1.083253937866026,2.882807845253322,165.1727226802183
72.0826690196991,-0.10126573081767466,-1.0824341161979723,2.8789523600858287,164.95181965214562
72.14939475059509,-0.10578393492711173,-1.0812139901664475,2.873315077797426,164.6288271690963
72.18261933326721,-0.10834390807241731,-1.0804952332103173,2.8688674850016804,164.3739988729073
72.24958920478821,-0.11318372218227227,-1.0791543171940334,2.8618935857984793,163.9744238818142
72.28270030021667,-0.1163990702880307,-1.0782360685716303,2.8571596098256036,163.7031870382521
72.34929537773132,-0.1206024345490959,-1.0769943029139288,2.8506509539389855,163.3302685256459
72.3826060295105,-0.12354158574534405,-1.0761136418905861,2.8462492529614334,163.07806963695356
72.44956874847412,-0.1279555020856177,-1.0747703261868566,2.8394649439026542,162.68935736097313
72.48258304595947,-0.13102036983846496,-1.0738192276566656,2.8348871797257136,162.42707079402825
72.54960608482361,-0.13529329991692338,-1.0724601893636223,2.828090020746872,162.0376222718612
72.58294773101807,-0.13834720143013654,-1.0714752318808347,2.823460943350554,161.77239567401276
72.64940285682678,-0.14273712648681297,-1.0700280323766616,2.8168543090268736,161.3938634104796
72.68266248703003,-0.14591341281918244,-1.068966808135644,2.8117044003900764,161.09879538071317
72.74937224388123,-0.15071668953845732,-1.0673318464316424,2.804432503223258,160.6821463640013
72.78262257575989,-0.15386696024759985,-1.0662296075646005,2.7994272121420396,160.39536430981303
72.84937286376953,-0.15829053492647527,-1.0646464901638641,2.7915676540769967,159.94504480384808
72.88263416290283,-0.16117051125888607,-1.0635894669018804,2.7857748687796713,159.61314265468587
72.94932532310486,-0.1658031507865352,-1.0618739021767176,2.7767836031477184,159.09798108149397
72.98266911506653,-0.168667025590656,-1.0607742208367545,2.7717132659560137,158.80747215970106
73.04929542541504,-0.17273392195864873,-1.0591844786801905,2.7643666199826624,158.38654035185127
73.08289456367493,-0.1758494330854873,-1.0579599146162437,2.7602505918365567,158.15070931072233
73.14937376976013,-0.1800199286430453,-1.056280366427462,2.7536840837188876,157.7744761094415
73.18266582489014,-0.18299387128721986,-1.0550693730349805,2.748864870483949,157.49835553050593
73.2493143081665,-0.18699625158470468,-1.0534009235734325,2.7413209147383997,157.06611870545248
73.28263306617737,-0.1897020581437142,-1.0522535796072734,2.736492318668362,156.7894605296659
73.34932732582092,-0.1943094005495787,-1.0502949611786416,2.729502762293535,156.38898844871954
73.3826105594635,-0.19745790618172945,-1.0489300519661937,2.725116233374359,156.13765885493865
73.44931268692017,-0.20204513913916883,-1.046904122403306,2.7182992060335875,155.74707195948716
73.48259496688843,-0.20471080266335417,-1.0456914192099058,2.714121063704641,155.50768203783358
73.54934525489807,-0.20934150812451435,-1.043591978589118,2.708166022578113,155.16648331445668
73.58262944221497,-0.212244953809801,-1.0422460197401444,2.704433164794181,154.9526063179148
73.64933633804321,-0.21648644595860989,-1.0402573410955913,2.698694174113153,154.623786373227
73.68268537521362,-0.21928460660604232,-1.0389260373125908,2.694310120666742,154.37259861358788
73.74932289123535,-0.22370606037615878,-1.0368109088598412,2.68802418869784,154.01244124146342
73.78264999389648,-0.22658751116126183,-1.0354061221830477,2.6840556943073866,153.7850632618691
73.84948301315308,-0.23064414044643658,-1.03339845822949,2.677880319053422,153.4312403229074
73.88258957862854,-0.23363510016564498,-1.0319100569417998,2.672430464690934,153.11898666897588
73.94940662384033,-0.23778537999173177,-1.0298014600974275,2.6642884571834573,152.65248400203365
73.98267340660095,-0.2411268317346345,-1.0280945495037024,2.658120004424606,152.2990576928256
74.04935717582703,-0.2455584647519773,-1.0257677488538228,2.649355548821803,151.79689137705523
74.08266615867615,-0.24826044641475342,-1.0243087358461427,2.6438066153286153,151.4789609070968
74.14927124977112,-0.2526377721973252,-1.0219330218371183,2.636337615814539,151.05101875775497
74.18261122703552,-0.25530631059870745,-1.0204482735700182,2.631483827399607,150.77291716692986
74.249427318573,-0.25912928216838554,-1.0182931767995758,2.623685121263775,150.3260842196839
74.28266549110413,-0.26227606093504974,-1.0165201220499358,2.6181146223478047,150.00691814201662
74.34959483146667,-0.266327457651915,-1.014174572022932,2.6092745005690254,149.50041647371089
74.38257956504822,-0.2693321851438826,-1.0124155540411295,2.602652655320613,149.12101268838808
74.44931507110596,-0.27410639139378934,-1.0095835826055741,2.5910303515251014,148.45510373268638
74.48257660865784,-0.27682532919965136,-1.0079041719303694,2.582829153243357,147.98520968419248
74.54936075210571,-0.2809560884606202,-1.005312119410774,2.573703551750703,147.46235123314514
74.58260560035706,-0.2835445100930775,-1.003648112029732,2.5672813144335196,147.09438413983912
74.64936780929565,-0.28784493254172794,-1.0008758672690956,2.558155745081497,146.57152753031428
74.68267273902893,-0.2905000934911405,-0.9991174410391385,2.553226658213192,146.28911165590705
74.7494249343872,-0.29478805186907797,-0.9962641432348591,2.5459154642017134,145.870211095848
74.78262996673584,-0.2974338184344034,-0.9944645013443417,2.5410202583770456,145.5897364622467
74.84932732582092,-0.3015540012396841,-0.9916432063492344,2.534304402702616,145.20494627628287
74.88285064697266,-0.3042988802963963,-0.9897364559040599,2.5297292154619226,144.94280735690904
74.94933772087097,-0.3086294954375447,-0.9867085792028613,2.5226682494583503,144.538243805619
74.982670545578,-0.31111790875058815,-0.9849216021557582,2.517578846443228,144.24664249261133
75.04932761192322,-0.31501682964602645,-0.9821090895915688,2.5103290783368832,143.83126137766922
75.08259916305542,-0.31775107579777717,-0.9801125425370967,2.504785025314975,143.51361053811712
75.14950680732727,-0.32188315471986806,-0.9770637938685,2.496716933278501,143.05134291570405
75.18264365196228,-0.3247662214457913,-0.9749058662209605,2.491410226171136,142.74729099533997
75.2493782043457,-0.32867682241639823,-0.9719217000107503,2.483394026814392,142.28799660446307
75.28286528587341,-0.331203851341766,-0.969959721139183,2.4779998505874863,141.97893307271156
75.34936666488647,-0.33548955901469585,-0.966628247493021,2.4693568817802793,141.48372743759538
75.38268995285034,-0.33820518287200974,-0.9644669153207316,2.464282633964225,141.19299445353198
75.44937419891357,-0.34226008490586507,-0.9612054927098879,2.455902900261135,140.7128710789014
75.48265385627747,-0.34494799307436086,-0.9590057480027248,2.4496480894753327,140.35449681922202
75.5493369102478,-0.3487240154827817,-0.9558638974667516,2.4397519932180627,139.78749227002524
75.58265256881714,-0.35138092473432536,-0.9536217264418839,2.433499878737786,139.42927249727276
75.64966058731079,-0.3552044876475599,-0.9503435473967422,2.424450149311519,138.9107611954123
75.68266367912292,-0.35729770576979325,-0.9484883778231769,2.418572195520013,138.57397925098607
75.74942088127136,-0.36113718793249194,-0.9451126891054035,2.41004358687269,138.0853259703757
75.78273630142212,-0.363412350467015,-0.9430590929478354,2.4038145720450803,137.72842971022925
75.84939098358154,-0.3668563182704213,-0.9399205681745311,2.395251569560604,137.23780580790873
75.88268065452576,-0.369111589356439,-0.9378298040980154,2.3897739589021176,136.92396183536158
75.94935584068298,-0.37238695319553605,-0.9347563171262252,2.3814330782275386,136.446064575286
75.98284149169922,-0.3749241819015485,-0.932365387842174,2.3751243803250928,136.0846028112528
76.04933428764343,-0.37838631746698875,-0.9290326922145977,2.366062604241481,135.56540128676926
76.08262467384338,-0.3806731409474397,-0.9267914951213728,2.360187510967049,135.2287832378986
76.14956259727478,-0.3839799138081106,-0.9235046320004009,2.351906768802218,134.75433166061777
76.18264675140381,-0.38604038505692756,-0.9214152564968785,2.3469289848867776,134.46912565093493
76.24938583374023,-0.3891684610200834,-0.918221769523973,2.3405015940209895,134.10086328104433
76.28267359733582,-0.3915066730634381,-0.9158247044351662,2.33677188478714,133.88716668313378
76.34935331344604,-0.39468497781052353,-0.9125176987730628,2.3304886354831966,133.52716301638932
76.38264846801758,-0.39673671041204783,-0.9103498053205401,2.3259093971536826,133.26479198672362
76.44936180114746,-0.3998919528624019,-0.906998789430658,2.31946684545286,132.89566096497165
76.48266911506653,-0.401982516305613,-0.9047497563772324,2.3151376105481374,132.64761407641032
76.54930830001831,-0.4053042905017872,-0.9011576780753355,2.30855103933112,132.2702313442129
76.58266544342041,-0.40736667365903295,-0.8988850472411576,2.304139111595286,132.0174465054329
76.64934539794922,-0.4103673939384544,-0.895545821488779,2.2973451999003567,131.62818403892888
76.68262696266174,-0.41240901374381234,-0.893249203952356,2.2929764813358346,131.37787490330132
76.7495129108429,-0.41564837831548507,-0.8895864035430933,2.2862997807596033,130.99532813921067
76.78266263008118,-0.417846736088569,-0.8870656051110953,2.2814775026032725,130.7190319532148
76.8494668006897,-0.42098590709607486,-0.8834185603790764,2.2727973547261957,130.22169611430886
76.88260746002197,-0.423236378886594,-0.8807713843496996,2.266923676089295,129.8851591181983
76.9493625164032,-0.42643371879399544,-0.8769489155453283,2.2579596704749614,129.3715594289654
76.98262119293213,-0.42836975463899657,-0.874574807884703,2.252273761850713,129.04578086209892
77.04929804801941,-0.4315977021777183,-0.8706085133402032,2.242202513787257,128.4687408536336
77.08263945579529,-0.43367683403336166,-0.867993666703826,2.2356033787508833,128.0906382676125
77.14928007125854,-0.43703754141810763,-0.8637319632200307,2.2265000479131247,127.56905583109763
77.18260765075684,-0.4390673097697969,-0.8610858605317017,2.2210935679004526,127.25928734434967
77.24932098388672,-0.4420280666090712,-0.8571784734149034,2.213413108784513,126.81922945228355
77.28264021873474,-0.44376564472966207,-0.8548314417454578,2.207804325207289,126.49786982510633
77.34930038452148,-0.44699103481258246,-0.8505037824463764,2.1999002288323384,126.04499846195701
77.38266634941101,-0.44903706063606175,-0.8476971751180901,2.1948378452992534,125.75494525123472
77.44937133789062,-0.45171825050890774,-0.8439430772162326,2.1877919776355546,125.35124677109707
77.48266434669495,-0.45365228416984027,-0.8412211268403404,2.183330392195403,125.09561675543937
77.54931497573853,-0.4565202947859573,-0.8371423670288748,2.176722713045291,124.71702462776136
77.58266639709473,-0.4582585532518719,-0.8346188267728337,2.1720176955424995,124.44744698231622
77.6494026184082,-0.4609850729876663,-0.8306428489099541,2.16490119184724,124.03970135568859
77.68266725540161,-0.46277988268379866,-0.8279849116245046,2.1609696612541347,123.8144412456771
77.74957180023193,-0.46545899323093676,-0.8239844681559226,2.1553943584736013,123.49499992684498
77.78263354301453,-0.46730953682751686,-0.8211953778956884,2.151765475804045,123.28708026553124
77.84946203231812,-0.46978970699353106,-0.817398856880447,2.1459055481856604,122.95133114474565
77.88266158103943,-0.4713801595592856,-0.8149332444363462,2.141425855670273,122.69466367009763
77.94934797286987,-0.47395551247615997,-0.8109289946283078,2.1351384471123973,122.3344216956569
77.98266458511353,-0.4758242146234411,-0.807996670141427,2.1308480158711793,122.08859809324403
78.04925203323364,-0.4783037846320568,-0.804032707297257,2.1227877651432276,121.62677974471515
78.08263301849365,-0.48020976276368077,-0.8009646380865055,2.1170137178524016,121.29595120424187
78.14934420585632,-0.4828850184381856,-0.7965753193958894,2.108254768651583,120.79410038206548
78.18271040916443,-0.48474139390758375,-0.7934769007358039,2.103095088869753,120.49847250692764
78.24936628341675,-0.4874528002863779,-0.7888844898326846,2.095336486676982,120.05393734636091
78.28273248672485,-0.48940488321034264,-0.7855361130456514,2.09004860890638,119.75096426752437
78.34929966926575,-0.4917886869060581,-0.7813263326020946,2.08178377153138,119.27742396757489
78.38261270523071,-0.4934853622357706,-0.7783016497016368,2.0763477853549768,118.96596490217553
78.44935083389282,-0.4956351560882679,-0.7743697657076822,2.068261999670126,118.50268350838628
78.48259925842285,-0.4973029533691196,-0.7713158005138828,2.0630928290248614,118.2065118468297
78.54933571815491,-0.49973984705412217,-0.7667832036902197,2.05575733002991,117.78621871379653
78.58265995979309,-0.5011572057921103,-0.7640702547730982,2.0503156881442925,117.47443560012904
78.64955854415894,-0.5034565586805687,-0.7596532014432401,2.041759514229091,116.98420294600808
78.68258833885193,-0.5050419114979435,-0.7565545287274649,2.036654918962035,116.6917311810833
78.7493507862091,-0.5072242461486964,-0.7522009011869258,2.0296063090907515,116.2878755840245
78.7826497554779,-0.5086388476054552,-0.7493291660894805,2.024088651309232,115.97173708034593
78.84943127632141,-0.5108238392446224,-0.744848387798416,2.0157100987340995,115.49168137936236
78.88270330429077,-0.5121988791219675,-0.7419575655648452,2.0101182648739995,115.17129289944029
78.9493567943573,-0.5141873695291714,-0.7377101598159036,2.00237385466872,114.72757087985974
78.98276352882385,-0.5155910573397808,-0.7346732319040894,1.997177933214048,114.42986650982554
79.0496985912323,-0.5175841480853633,-0.7302827433570624,1.9889821397978504,113.96028213731633
79.0827009677887,-0.5188257481770921,-0.7274741601775305,1.9835273232522932,113.64774417123776
79.14927244186401,-0.5206879975568409,-0.7232120800330606,1.9748386854932611,113.14992189792721
79.18262457847595,-0.5220100833190481,-0.7201377442415767,1.9689271412530216,112.81121536255662
79.24932551383972,-0.5241748759215453,-0.7150553726958727,1.9598705985591869,112.29231368921985
79.28260779380798,-0.5254935336226879,-0.7118429743557283,1.9543058236608966,111.97347557360747
79.3492865562439,-0.5274392762346896,-0.7070234643294444,1.9453282262774783,111.45909713336991
79.38262271881104,-0.5288177378818333,-0.70354721085584,1.9397305906670752,111.13837623764168
79.44945859909058,-0.5305892182097712,-0.6989287587636611,1.9320430339153853,110.69791168100255
79.48264002799988,-0.5318699605799675,-0.6955556294535761,1.9263811254809182,110.37350822371806
79.54931807518005,-0.5335193086045679,-0.6910677753885563,1.9172587964150827,109.85083726891617
79.58265233039856,-0.5347548117964813,-0.6876741311529103,1.9107904660758626,109.48022923998244
79.64930701255798,-0.5364353935748013,-0.6829117084519273,1.9020401761807764,108.97887455947802
79.68258547782898,-0.5374683758669253,-0.6798836034082536,1.89625441677897,108.64737496447638
79.74936413764954,-0.5391724200349789,-0.6748649968911495,1.88749704726745,108.14561465182973
79.78265142440796,-0.5402078892328659,-0.6716928244664381,1.8817435230784358,107.8159619984728
79.84942531585693,-0.541752264725463,-0.6668789058501429,1.8727132551496501,107.29856575828103
79.88260626792908,-0.5427358479319411,-0.6637137560987143,1.8667662717738136,106.95782871001114
79.94936752319336,-0.5440606456437342,-0.6593120476477924,1.8574678629103965,106.4250691259503
79.9826648235321,-0.5450089849889841,-0.6561106770911328,1.8514775700246018,106.08185062554702
80.0493278503418,-0.5463460417590408,-0.6514644394907064,1.84265947777687,105.57661115639496
80.0826473236084,-0.5472481374506485,-0.6482438765559024,1.8368266786317609,105.2424163826327
80.14935302734375,-0.5486437129146826,-0.6431707288699353,1.8286003542965965,104.77108271732202
80.18261528015137,-0.5494049843772383,-0.6402371422165575,1.8228800548677109,104.44333370249576
80.24958872795105,-0.5506200661042023,-0.635506997568241,1.8142415620709873,103.94838452388935
80.28264474868774,-0.5515024657575968,-0.6320092107770112,1.8082752880798827,103.60654220478038
80.34933614730835,-0.5527605468106696,-0.6268522195864619,1.7992873638352593,103.09157207898015
80.38267660140991,-0.5534393349671518,-0.6238687118539099,1.7939584522059266,102.7862479332212
80.44934630393982,-0.5545102478300661,-0.619128010075858,1.786035888800824,102.33231848718404
80.48265480995178,-0.5552595254148321,-0.6157323563814618,1.7806622686854527,102.02443273386666
80.54933094978333,-0.5563382321918167,-0.6106917745028332,1.772442980105902,101.55350218765832
80.58267498016357,-0.5570372105149944,-0.6072881847389651,1.7673613749057262,101.26234765653652
80.64933919906616,-0.5579851505532344,-0.6024861620625386,1.759603010399319,100.81782611439529
80.68267846107483,-0.558641925143026,-0.5990714503835803,1.7537956172085307,100.4850869945901
80.74936723709106,-0.5596165405724793,-0.5938491772834911,1.7443672819176248,99.94488317458695
80.78265047073364,-0.5602163629196851,-0.5904303504730892,1.738000412086321,99.58008840454407
80.84948992729187,-0.5609963066459565,-0.5857169456777578,1.7285464807589213,99.03841803967755
80.88275098800659,-0.5615201775227434,-0.582422381236129,1.7222526436470886,98.67780773622673
80.94935750961304,-0.5622761390376604,-0.5774694615058051,1.7126208959384428,98.12594924318653
80.98261284828186,-0.562748183133447,-0.5741641000946147,1.7064331832274853,97.77141942000921
81.04933214187622,-0.5634244150646828,-0.5692054766928311,1.6970665856091367,97.23475290808054
81.08264756202698,-0.5638677925501588,-0.5657581300322337,1.6903695876885305,96.85104319182192
81.14934849739075,-0.5644883745243964,-0.5606215456497947,1.6807627966261969,96.3006146092862
81.18262648582458,-0.5648928482283665,-0.5570336377436623,1.674281185494839,95.92924564701438
81.24938106536865,-0.5654095089667128,-0.552000898711612,1.664988231138284,95.39679858317606
81.28265428543091,-0.5657926143963659,-0.5481370437191461,1.6582354721356618,95.00989399225685
81.34965181350708,-0.5662282781964378,-0.5430565894856452,1.6481285711276925,94.43081122054369
81.38265633583069,-0.5664632416608699,-0.5398643902543412,1.6416294990587106,94.05844182023966
81.44937062263489,-0.5668014204058404,-0.534979442605185,1.6322821895456974,93.52288043534152
81.4827446937561,-0.5670328794137397,-0.531397063000328,1.6264305319970003,93.18760515464531
81.54932808876038,-0.5672969853594502,-0.5264840294811328,1.617252355301793,92.66173436638461
81.58265900611877,-0.5674281635502889,-0.5234194543440208,1.6108353027604696,92.29406433885308
81.64934515953064,-0.5675965515887929,-0.5188764910749553,1.6017468454343788,91.77333409178333
81.68266868591309,-0.5676884756258975,-0.5158007483960323,1.5953419848920223,91.40636261433642
81.74940609931946,-0.5678090102514819,-0.5110293883219507,1.585790001932068,90.85907430475017
81.78261399269104,-0.5678750449344505,-0.507548383088694,1.5794051149673767,90.49324722900525
81.84934949874878,-0.5679350983789581,-0.5023402452173876,1.5704014153251213,89.97737323950057
81.88259530067444,-0.5679105183074251,-0.49948927037550245,1.5642212585923652,89.62327634198428
81.94931268692017,-0.5678849155083958,-0.4945526921049288,1.5547377165934346,89.0799094106105
81.98263335227966,-0.567822787699198,-0.4918009394081482,1.5491882330660467,88.7619474260138
82.04932904243469,-0.5677283267735607,-0.48670498379087096,1.5405407993343845,88.2664859695705
82.08259057998657,-0.5676348190338024,-0.4830884783024572,1.535242335563891,87.96290635761824
82.14934515953064,-0.5674567067719164,-0.4779419736561027,1.5269503318728332,87.48780954241373
82.18263506889343,-0.5673088345436028,-0.4746031088091784,1.520888149390121,87.14047207151619
82.24935626983643,-0.5670550785055835,-0.46944969395579,1.5121274430283247,86.63852057143184
82.28259015083313,-0.5668599124818443,-0.46625686200850686,1.505975664396088,86.28604961930591
82.34945368766785,-0.5665342772321906,-0.4612544354994261,1.4969678546010998,85.7699401353965
82.38271641731262,-0.5662883435139969,-0.45792456571097834,1.4903058941412433,85.38823791776368
82.44935274124146,-0.5658785341236464,-0.452781413248005,1.4810998771522097,84.86077199816633
82.48267650604248,-0.5655786336935643,-0.4494645769597439,1.4748865570268404,84.50477497821896
82.54934787750244,-0.5650965265125144,-0.44446541822429003,1.4664103566795168,84.01912447201
82.58261203765869,-0.5647474206506531,-0.4411454436477835,1.4608963486991497,83.70319508653351
82.64932942390442,-0.5641754828913529,-0.435872178926388,1.4519728446412863,83.19191596555007
82.68259072303772,-0.5637762263529448,-0.4325618231810051,1.4459337845069458,82.84590330762666
82.74937915802002,-0.5631345552454918,-0.4274263293050547,1.4373782627564828,82.35570801979274
82.78271555900574,-0.5627118112032627,-0.4243892835146759,1.4320346767058814,82.04954309162831
82.84933495521545,-0.5620643955248761,-0.4198610776314202,1.4234694042221792,81.55878912793263
82.88266110420227,-0.5616230563131458,-0.41695919616682336,1.417861999382314,81.23750849658713
82.94956374168396,-0.5608342480189756,-0.411676252809655,1.4088533125658733,80.72134876304993
82.98291397094727,-0.5603137742306941,-0.4085155180897999,1.4035686238971856,80.41855840629351
83.0493655204773,-0.5594862733241222,-0.40359972561928276,1.3961053622512614,79.9909450125802
83.08267569541931,-0.5589059024857057,-0.40030481246130495,1.3905850577215366,79.67465486140001
83.14933228492737,-0.5579798816658234,-0.3951583840836923,1.3815375567465793,79.15627124039446
83.18265724182129,-0.5573602462242592,-0.3919646689303738,1.375582411623484,78.8150665584532
83.24958777427673,-0.5564101167616039,-0.3871898744671626,1.3670078788883888,78.32378202143546
83.28268098831177,-0.5557143014765402,-0.3837887876276848,1.3608145277379953,77.96892913947542
83.34931206703186,-0.5545935992988301,-0.3784594109039729,1.351256185048683,77.42127644423812
83.38258957862854,-0.5538617434194096,-0.3752066846288254,1.3440914137876916,77.01076528980667
83.4493134021759,-0.5526689839425106,-0.3700047947739167,1.333467887355603,76.40208206170232
83.48267531394958,-0.551798924945196,-0.3663650715888327,1.3267206589959246,76.01549435328178
83.5493495464325,-0.5505842245570125,-0.36155322112738303,1.316373199452631,75.42262859276869
83.58260035514832,-0.5496534620318249,-0.357924543821548,1.3098541897784104,75.04911685183089
83.64934420585632,-0.5482676786832711,-0.35272770191585967,1.3007568653167532,74.5278785553168
83.6826241016388,-0.5473992686383105,-0.3496482967022322,1.2943645543816267,74.16162611739874
83.74950551986694,-0.546014182401573,-0.34478722124568956,1.2848798958064254,73.61819521091714
83.78264689445496,-0.5450041505751198,-0.34132235088824797,1.2782362529462548,73.23754251443714
83.84934759140015,-0.5434990940557834,-0.3363279850492795,1.2691527696345286,72.71709725739771
83.88267159461975,-0.5425043485646146,-0.33315108111011704,1.2629058451646458,72.35917485033643
83.94932460784912,-0.5409704644949048,-0.3283400661520241,1.2540280452682906,71.8505143849136
83.98266911506653,-0.5399632786209649,-0.32529614779863686,1.2484942003782962,71.53344842823688
84.04933142662048,-0.5382958064360226,-0.3202691806813377,1.2394319315306823,71.01421867045572
84.08257865905762,-0.5371666822943495,-0.31698343211440083,1.2331236123928004,70.65277860803349
84.14931011199951,-0.5355739298458881,-0.3124932609440372,1.222989660879788,70.07214595654766
84.1827540397644,-0.5343536982286784,-0.30909241811308313,1.2164318112796746,69.69640885177961
84.24954605102539,-0.53273778233435,-0.3047804008297706,1.2070771093596129,69.16042391315713
84.28270268440247,-0.5316819172726055,-0.30204336966217915,1.201903926232541,68.86402235332763
84.34936022758484,-0.5298172115895959,-0.29716871069509826,1.1943926624931551,68.43365864225116
84.38277006149292,-0.5286360419261196,-0.29419108194816934,1.1886909991936772,68.10697739898644
84.44943428039551,-0.5267820486155566,-0.2895683873785468,1.1799242662391833,67.60468060057569
84.48270964622498,-0.5255568982384213,-0.2866033395970858,1.1750119898027895,67.32322789296876
84.54936671257019,-0.5235899399672466,-0.2818757507218792,1.1675729969069195,66.89700499620761
84.58266139030457,-0.5223298193795878,-0.27893393495167706,1.1615844804758106,66.55388827916032
84.64935350418091,-0.5203971670693345,-0.2744866439263215,1.1523460708807356,66.02456639994936
84.68263244628906,-0.5190442396619053,-0.27143579140220264,1.145891554082609,65.65474982862041
84.74939966201782,-0.5169370261165386,-0.26675923806400703,1.1370236161197207,65.14665441036307
84.78263664245605,-0.5154820147043527,-0.2636055715225148,1.1316111426754958,64.83654252528235
84.84934616088867,-0.5133411248740517,-0.2590528771000336,1.1233989204908887,64.36601685368066
84.88264417648315,-0.5118412446268257,-0.2559184457480742,1.1175372163483388,64.0301659455582
84.94941425323486,-0.5096319093679053,-0.251388120065256,1.1082469829497086,63.497874781125205
84.98262000083923,-0.5079192931563641,-0.24791014323135116,1.1018974313978065,63.13407227540048
85.04935717582703,-0.5056136662763989,-0.24337662326865642,1.0915772265440997,62.54276809357265
85.08267450332642,-0.5041873041948477,-0.24066806122482412,1.0848653180688421,62.1582040654623
85.14941358566284,-0.5017184105511224,-0.23597120442137423,1.0749022409539286,61.58736179581438
85.18270254135132,-0.5001883578302406,-0.2331634086664461,1.0681736379613724,61.20184124232182
85.24942445755005,-0.49783461952791486,-0.22889597161661374,1.0580975092670144,60.62452159430444
85.28273606300354,-0.49607374058247844,-0.22574175468660465,1.0512657267010281,60.23308928672237
85.34937191009521,-0.49330465263902834,-0.22086000902647634,1.0412074310596804,59.65679139737831
85.38262104988098,-0.4916128622861777,-0.21798874674963942,1.0344563729704221,59.26998426161616
85.44936800003052,-0.48922187466029166,-0.21401277250378603,1.0248706118308384,58.72076060489749
85.4826672077179,-0.4875517994991385,-0.21127354910179413,1.0187937208086861,58.37258039676723
85.54931569099426,-0.48487295298128863,-0.20690749133481234,1.009109976711013,57.81774273008584
85.5826723575592,-0.48322763002175423,-0.20431482554723612,1.002964118121116,57.465610971400515
85.64949131011963,-0.4806288195873269,-0.20024349631537647,0.9939881340853861,56.95132496917639
85.68265318870544,-0.47888024620540603,-0.1975583710085928,0.9889724991919877,56.663950258206114
85.74938106536865,-0.4763808665585716,-0.19378015749123922,0.9810690802914142,56.211117711479325
85.78264737129211,-0.4744531043013543,-0.19087385891526373,0.9753997910610099,55.88629136573819
85.84935879707336,-0.4718259442798567,-0.1870069299804998,0.966878333059424,55.398047786949334
85.88268780708313,-0.4698592948918002,-0.18413445559451766,0.9611809095486104,55.0716094656811
85.94944739341736,-0.4671678918796283,-0.18029456590963733,0.9529280226244081,54.59875387612561
85.98278164863586,-0.46523193011552233,-0.17756028170457974,0.946847053743169,54.25034002388022
86.04940557479858,-0.46249710822775214,-0.17377312795891928,0.9380160745302222,53.744362186010605
86.08269715309143,-0.46044588036125444,-0.1709560161957047,0.9317067787038774,53.38286616346154
86.1493239402771,-0.4575613734247515,-0.16707829808440045,0.9226518152656532,52.86405497480603
86.18258357048035,-0.45554836764109774,-0.16441424852230108,0.9167306947931496,52.52479976174307
86.249347448349,-0.4525972770818461,-0.16056946915653114,0.9071909851450259,51.97821466112535
86.28268337249756,-0.45046606559117114,-0.1578290366303034,0.9005845835086701,51.59969572959384
86.34938383102417,-0.44702202062429797,-0.15344581925599698,0.8908465855743088,51.04174954704782
86.38269233703613,-0.445006028767453,-0.15097241749246734,0.8853961136206436,50.729460507748385
86.449378490448,-0.44172585886654925,-0.14695675465936042,0.877329981633035,50.26730518786294
86.48279094696045,-0.43975517592144536,-0.14460876001290762,0.8721351601079466,49.96966383915166
86.54965472221375,-0.43671389291035584,-0.14100407380419727,0.8643412250192686,49.52310425277149
86.58266592025757,-0.4346324819580413,-0.13856722876448485,0.8587446520066528,49.20244423941179
86.64964032173157,-0.4314820245986732,-0.134917501769795,0.8505949658426811,48.735501617860045
86.68263459205627,-0.429284303952577,-0.13240533770591525,0.8460501436361557,48.475102486788806
86.74943709373474,-0.42608131979997893,-0.12879145817802867,0.8390748901192584,48.07544989923681
86.78262948989868,-0.4236770221713611,-0.1260930382604975,0.8338932042064698,47.778561165671626
86.84940004348755,-0.4204921947868553,-0.12259883483067457,0.8263680502203323,47.3474016020799
86.8826675415039,-0.41823292815143503,-0.12014148257615737,0.8215587158787119,47.07184704203772
86.94936919212341,-0.41502752063500054,-0.11670768834421164,0.8144622090177838,46.66524714962091
86.98275351524353,-0.4129272190467362,-0.11448859618152003,0.8090532534495365,46.355336823986555
87.0495057106018,-0.4097970502566868,-0.11121895271609136,0.801291419205902,45.910616480546175
87.08267736434937,-0.4075679917272864,-0.10891121289123498,0.7959845633276265,45.606556036236796
87.14934086799622,-0.40432633956001457,-0.10560236489318683,0.7883898405475191,45.171410474364784
87.18266463279724,-0.40179082879716704,-0.10302502708935748,0.7833696963881969,44.883777401488366
87.24942088127136,-0.3982686804418477,-0.09951243137808947,0.7757140212202547,44.44513952504217
87.2827537059784,-0.39579101926013416,-0.09707316692433969,0.7703741121745398,44.13918527373898
87.34931683540344,-0.3921972564685426,-0.09358573665321147,0.7613597404930675,43.62269982142837
87.38269424438477,-0.38968513380486497,-0.09118496873048723,0.7553873372418942,43.28050632158593
87.44943761825562,-0.3860253185045908,-0.08774087392434621,0.7460747306969244,42.746933270293255
87.48269820213318,-0.38341717524320285,-0.08531794944569492,0.7398315633808159,42.38922613228622
87.54937529563904,-0.37975149009299075,-0.08198495850122402,0.7298690618393762,41.81841684056914
87.58267164230347,-0.3771637752274373,-0.07966395237665627,0.7233315434487819,41.44384462829893
87.64931726455688,-0.3732828855303988,-0.07623398117255266,0.7137352638609595,40.89401830888917
87.68269324302673,-0.3707604488020741,-0.0740544980657089,0.7068303994910323,40.498398722382085
87.74948501586914,-0.36693116128283154,-0.0707878009514135,0.6962473122746428,39.89203249066411
87.78252339363098,-0.36447039104989415,-0.06874043455276695,0.6892999070548655,39.49397549300372
87.84942078590393,-0.36082073434757617,-0.06574626510060971,0.6795384268005993,38.93468387263397
87.88268494606018,-0.35822540024204025,-0.06364417736480545,0.6735430956073624,38.591176698478364
87.94940853118896,-0.35433397950667284,-0.06053540285869982,0.6645880585821158,38.07809087154834
87.98281478881836,-0.35160275784482964,-0.05838567463967263,0.6585301111702108,37.730996052333985
88.04934000968933,-0.34774627896486193,-0.05540876155769065,0.650328505737752,37.26107867582253
88.08270215988159,-0.3448795045085051,-0.053212843169323676,0.6451620070831736,36.96506010805517
88.14931416511536,-0.34074662071719897,-0.050098566768627145,0.6370450735638937,36.499994074812165
88.18272662162781,-0.3380627826619555,-0.04811744394745515,0.6315452376731457,36.18487669025773
88.24959826469421,-0.33388904307985817,-0.045060569096745086,0.6226873859531675,35.67735917115028
88.28273129463196,-0.33150497141604957,-0.0433723459542337,0.6174972445214122,35.37998597203472
88.34941840171814,-0.3272091897583256,-0.04030564978021517,0.6103333038868105,34.96952240898977
88.38268899917603,-0.3244729087943436,-0.038394798620838624,0.6054893315351575,34.691983237161985
88.44938540458679,-0.3205769124810845,-0.03571247914114117,0.5963859030659586,34.170395206777656
88.48266863822937,-0.31836021947023746,-0.03423540312899232,0.5893663507809661,33.76820448677617
88.54952359199524,-0.3140556905764127,-0.03133186392063503,0.5796687599519118,33.21257346082658
88.58269095420837,-0.31148879268484436,-0.029660027669778266,0.5736989487449269,32.870528474176446
88.64940428733826,-0.3074922708119318,-0.027077302011901807,0.5643383520075149,32.334205787398815
88.68266892433167,-0.3047432615309286,-0.025336252571726416,0.5574420912866511,31.93907915367147
88.74948239326477,-0.3010227433839394,-0.023035328079717945,0.547951625317586,31.395315508031505
88.78267979621887,-0.29820732879345,-0.021303707693219816,0.5420256269970983,31.055780814865948
88.84938192367554,-0.2940704234887964,-0.018809017351931984,0.5330398564741334,30.540934088226997
88.88266897201538,-0.29131213675568707,-0.01717972533139124,0.5274760243373944,30.222149988872594
88.94944953918457,-0.2870474253304873,-0.014687854822614966,0.5182950019688461,29.696116155539578
88.98265743255615,-0.28414585131550923,-0.013027639880822428,0.5116919634752812,29.317789917895887
89.04941606521606,-0.2796803199924312,-0.010509377456127537,0.5021523207156275,28.771208649705198
89.08264803886414,-0.2767574560855894,-0.008903895144845778,0.4965355443848223,28.449391071481077
89.14940237998962,-0.27236206855361217,-0.006522439420540929,0.4880515199060702,27.963292275562907
89.18268203735352,-0.2694111273244691,-0.004955932877491094,0.48186983150292356,27.609107619797637
89.24942374229431,-0.26459843439868086,-0.002420660975326865,0.472297946435936,27.060679003474952
89.28273010253906,-0.26162760335780594,-0.0009088149240084083,0.4663294818023847,26.71871116979937
89.34942054748535,-0.2567394143581827,0.001565340004511198,0.45798084766576513,26.240369669072223
89.38268232345581,-0.25363048825541323,0.00309472357973961,0.45231645173043633,25.915823688486824
89.44943952560425,-0.24893121407602922,0.005375670986592972,0.4437734950063117,25.426348323631572
89.4826774597168,-0.24615677586089038,0.006674998852884138,0.4379720912560434,25.093952373489834
89.54941773414612,-0.2416047391668954,0.008804747351111107,0.4290666821214226,24.58371001523881
89.58266544342041,-0.2383270644734924,0.01031532654426686,0.4232807759578901,24.25220201140967
89.6495144367218,-0.23371662890979283,0.012388140354516667,0.41582092266813486,23.82478390211991
89.6826229095459,-0.23078684349492623,0.013672647133155023,0.4111469835747874,23.556986918369898
89.7493748664856,-0.22632365151902956,0.015612422757675598,0.4034259598913965,23.114604847791046
89.78259682655334,-0.2230082485310778,0.01704029058392293,0.39816310745665534,22.81306561508023
89.84937596321106,-0.21823757084912848,0.019050288940053697,0.39071543468091274,22.386345397835694
89.88264012336731,-0.21564719289373188,0.02009175684377382,0.3858848236814309,22.10957177509591
89.949383020401,-0.21096102425152424,0.02200528894449182,0.3782298078548121,21.670971676124804
89.98263835906982,-0.20768494978239638,0.023313476433164757,0.37302853259620056,21.37296055572055
90.0494327545166,-0.203151156208665,0.02508198054101398,0.3653536297333533,20.93322101350653
90.0826895236969,-0.2005260536982556,0.026065756997354562,0.3604708815828639,20.653460152058177
90.14942812919617,-0.1957845257886618,0.027865650292762577,0.3524695139869265,20.195015558478225
90.18263626098633,-0.19303130695854115,0.02886570645231856,0.3467861423937526,19.869382352784818
90.24936962127686,-0.18839664623980257,0.03054828059671233,0.33793354396926295,19.3621658253374
90.28261089324951,-0.18511750338852065,0.03171109702190615,0.3321715921917056,19.032030306725463
90.34965896606445,-0.18026968034273774,0.03339078437233399,0.3232794956999605,18.522550706725383
90.38269233703613,-0.1769767825070762,0.034499063674315635,0.3174784213233015,18.190173628301338
90.4494137763977,-0.17192594786380694,0.03616726439410934,0.3087157074111433,17.6881071040541
90.48268461227417,-0.16835886512110898,0.03731586235360366,0.30238183115460154,17.32520272659614
90.54943346977234,-0.1634954131477275,0.03882414841482932,0.29250414749895937,16.759253141762485
90.58270144462585,-0.16069064914030057,0.039645834236843175,0.2862128433813753,16.398787968191645
90.64936876296997,-0.15592594815607277,0.04104886322938964,0.2772699914851273,15.886400297726068
90.68260264396667,-0.15307147789087538,0.04184493415189666,0.2711457185369616,15.535505305210032
90.7495629787445,-0.14857459470931744,0.04308999175508786,0.26217349715062893,15.021434886916152
90.7826657295227,-0.14560537673318347,0.043883603496960834,0.25699265230153756,14.724594342751125
90.849449634552,-0.14112603763141307,0.04505872122551691,0.2498312039072026,14.31427357455499
90.8826756477356,-0.1382749323004072,0.04577947369911617,0.2448201023145522,14.027158602584839
90.94942116737366,-0.13367337818858352,0.04693550465440278,0.23681559324173618,13.568534015638305
90.98267245292664,-0.13068004169614372,0.04765720612264957,0.23162165154452197,13.270943077350914
91.0494487285614,-0.12591737042760864,0.048790923255300656,0.22418772209119808,12.84501029447746
91.0828652381897,-0.12292198517364776,0.04947032607960886,0.21964088550332891,12.584495747856893
91.14953637123108,-0.11825712087659693,0.05051465347079307,0.2123635805312878,12.167536886729367
91.18263912200928,-0.11498429268715381,0.05122747163509537,0.20765192349701067,11.897578824152161
91.24948191642761,-0.11014318227355081,0.05225209497420476,0.20067010471152757,11.497550074418825
91.28272199630737,-0.10699674700456394,0.052890437265879324,0.19556042833331946,11.20478718326981
91.34945297241211,-0.10226915451856991,0.05382574834058133,0.18762006754365368,10.749838022210794
91.38266134262085,-0.09899026655120588,0.05445243452807339,0.182032398992809,10.429688196929414
91.44932222366333,-0.09437561702516727,0.055294593897479066,0.17321375267187464,9.924416981721304
91.48262524604797,-0.09108368432327149,0.05587629272845033,0.16700767754408072,9.568835069557599
91.54930353164673,-0.08647202267082112,0.05664728599311372,0.15821419503049894,9.065005634307273
91.58259105682373,-0.08303638712373025,0.05720607204298853,0.15174619658040103,8.694416621219505
91.64959692955017,-0.07796945339844807,0.057988358973526194,0.1405121691030793,8.050754259834969
91.68268013000488,-0.07507142770095776,0.05838173702423397,0.13244389235096898,7.588476053995529
91.74936175346375,-0.07015932226486096,0.05904212265813643,0.12094510525572179,6.92964408391837
91.78266310691833,-0.06670835726116606,0.05947090009620571,0.11427491601310491,6.547470391762859
91.84940338134766,-0.06188080793666161,0.06002018202796846,0.1041060470944699,5.9648371203033115
91.8829357624054,-0.05869571880458735,0.060349955842050496,0.09809970752177886,5.620699212465706
91.94934797286987,-0.05416968851621621,0.060781794514571386,0.0899067401626703,5.151276761100341
91.98294925689697,-0.0512440680410905,0.06103639435029248,0.08414859908195506,4.821359579334459
92.04935884475708,-0.04650315467522732,0.06144150930160395,0.07506323359129752,4.300806481385977
92.08296132087708,-0.04289329202186092,0.06173282373013536,0.06920624661783803,3.965225847143647
92.14934158325195,-0.038216469471235845,0.062049420810825595,0.06053509841217286,3.468405651426596
92.18264889717102,-0.03474551295662512,0.06227072350608024,0.05534132730625441,3.170824487300475
92.2493724822998,-0.02991274637246328,0.06253494188643471,0.04747645860579076,2.720200704339367
92.28266978263855,-0.026846595792922243,0.06267332207498565,0.04180904916972938,2.395482062880432
92.3498466014862,-0.022330583097117666,0.06285187382932667,0.033260827709202356,1.9057050508490772
92.38268542289734,-0.01912302564505598,0.06296270306643265,0.02758686142453381,1.5806107296380454
