time_s,x_m,y_m,yaw_rad,yaw_deg
0.040421485900878906,0.0,0.0,0.0,0.0
0.08043122291564941,0.0,0.0,0.0,0.0
0.14069676399230957,0.0006677781485891348,0.0,0.0,0.0
0.18042659759521484,0.003004988376236846,7.88254462762751e-06,0.006745233824132501,0.3864734299516809
0.24045014381408691,0.004507398953514029,2.4351133960768637e-05,0.015176776104298462,0.8695652173913011
0.2808201313018799,0.006510448568312735,5.8131931064289844e-05,0.018549393016364935,1.0628019323671543
0.3404421806335449,0.009014145767925317,0.00010669108467403958,0.020235701472397952,1.1594202898550683
0.38042569160461426,0.012018532208098887,0.00016749525144834065,0.020235701472397952,1.1594202898550683
0.440479040145874,0.014355008069015093,0.000226608144176995,0.030353552208596923,1.7391304347826022
0.48043251037597656,0.017525410876265725,0.0003255463686208605,0.03203986066462994,1.8357487922705162
0.5404443740844727,0.0196942636312024,0.00040421396731818763,0.04047140294479589,2.318840579710136
0.5804295539855957,0.022863277706518435,0.0005405683692554208,0.045530328312895385,2.6086956521739033
0.640484094619751,0.026198447261358504,0.0006981609889944798,0.048902945224961865,2.801932367149757
0.6810047626495361,0.02969964658350969,0.0008783950526798421,0.053961870593061345,3.091787439613524
0.7404928207397461,0.032699415878243966,0.0010556496914494644,0.0640797213292603,3.671497584541057
0.7805864810943604,0.03569688389083319,0.0012683009131725983,0.07757018897752577,4.444444444444445
0.8405876159667969,0.039024842835869884,0.001538265083903742,0.08431542280165827,4.830917874396126
0.8804910182952881,0.04251642044710613,0.0018541239065733841,0.09611958199389026,5.507246376811574
0.940514326095581,0.04567187349273127,0.0021771700477573636,0.10792374118612226,6.183574879227023
0.9807620048522949,0.04915502192607791,0.0025753634711326383,0.11972790037835422,6.859903381642469
1.040459156036377,0.05279924302328654,0.0030324894719100876,0.1298457511145532,7.439613526570004
1.0804734230041504,0.05660451431754903,0.0035457082310553193,0.13827729339471917,7.922705314009624
1.1404292583465576,0.06023962955738188,0.004070349803047288,0.14839514413091814,8.502415458937158
1.1805264949798584,0.06353928503179718,0.004580707661309004,0.15851299486711712,9.082125603864693
1.2407984733581543,0.06699784153575522,0.005154526378391337,0.1703171540593491,9.75845410628014
1.280580997467041,0.07094422534645793,0.005846949966245093,0.17706238788348158,10.144927536231819
1.3405463695526123,0.0735686812630677,0.0063440149856359785,0.19729808935587956,11.30434782608689
1.3804643154144287,0.07700118879984202,0.0070572982541429515,0.21247486546017802,12.17391304347819
1.4405510425567627,0.08091488388211238,0.007915427853565814,0.2192200992843105,12.56038647342987
1.4805729389190674,0.0840043862724246,0.00863391077802113,0.23776949230067548,13.623188405797027
1.5404713153839111,0.08756941322373005,0.009517027091081298,0.24788734303687446,14.202898550724562
1.5805418491363525,0.09161109856718982,0.010558097999587507,0.25631888531704033,14.685990338164178
1.6405553817749023,0.09532124140247594,0.011547200248827588,0.2647504275972063,15.169082125603797
1.68046236038208,0.09902118691587113,0.012573789901796832,0.2765545867894383,15.845410628019245
1.7405893802642822,0.10255100581136128,0.01358852639516242,0.28329982061357084,16.23188405797093
1.7805073261260986,0.10623311462459104,0.014677359626292179,0.2917313628937368,16.71497584541055
1.8404886722564697,0.10990591212172265,0.015797199642875095,0.30016290517390276,17.19806763285017
1.8804967403411865,0.11292883125125815,0.016758034003609115,0.3153396812782012,18.06763285024147
1.9405198097229004,0.11625345087868129,0.017870592021915245,0.33051645738249974,18.937198067632774
1.9805150032043457,0.1197213666561498,0.019080084372578205,0.3406343081186987,19.51690821256031
2.040614604949951,0.12270293475197531,0.020162440331786727,0.3558110842229971,20.386473429951607
2.0805888175964355,0.12613915077548676,0.021459256057204355,0.36592893495919604,20.96618357487914
2.1405436992645264,0.12987568879946731,0.02290551993414396,0.37267416878332865,21.352657004830824
2.180565357208252,0.13235348068849262,0.02390321219451811,0.39290987025572655,22.51207729468589
2.240635395050049,0.1352744207954456,0.02513988176399583,0.408086646360025,23.381642512077192
2.280574321746826,0.13863818185610907,0.02661447428828566,0.418204497096224,23.961352657004724
2.340557336807251,0.14198685129011038,0.028123024787179422,0.42832234783242296,24.54106280193226
2.3805294036865234,0.14547566448373808,0.029726666149094833,0.4333812732005224,24.830917874396025
2.4407689571380615,0.14864864412011794,0.03121766622899533,0.4451854323927545,25.507246376811477
2.4805922508239746,0.15195808818848416,0.032810428466205535,0.4519306662168869,25.89371980676315
2.540515661239624,0.15510286640067736,0.03436002551294364,0.463734825409119,26.570048309178606
2.580638885498047,0.15807898924612163,0.03587359222840515,0.47722529305738437,27.34299516908199
2.6404855251312256,0.16088789489104277,0.0373471226184579,0.4890294522496163,28.019323671497435
2.6805167198181152,0.1639786326866928,0.039001879666995504,0.4940883776177158,28.3091787439612
2.7405521869659424,0.16749968127237883,0.04091384526910009,0.5008336114418483,28.695652173912887
2.7806031703948975,0.1701258240535626,0.042374464699832234,0.5143240790901138,29.468599033816275
2.8405649662017822,0.17316786110872492,0.044117132644727025,0.5261282382823458,30.144927536231723
2.8805787563323975,0.17633768787716253,0.045972263325844594,0.5328734721064787,30.53140096618343
2.940512180328369,0.17934687801642138,0.047771056175766956,0.5446776312987112,31.207729468598902
2.9805452823638916,0.18219087819279764,0.04952030012390574,0.5581680989469766,31.98067632850229
3.0408151149749756,0.18515361077402856,0.051394625779510233,0.5699722581392086,32.657004830917735
3.0805165767669678,0.18766980787153859,0.05303742436578855,0.5868353426995405,33.62318840579698
3.140603542327881,0.1911393072932066,0.05535725686300051,0.59189426806764,33.91304347826075
3.180497407913208,0.19389439834782185,0.05724343412776311,0.6087573526279719,34.879227053139985
3.240499258041382,0.19703506706270513,0.05945243461237828,0.617188894908138,35.36231884057961
3.280535936355591,0.19988208089231968,0.061498257983328926,0.6289930541003699,36.038647342995056
3.340585708618164,0.2029774089792345,0.06377035550589105,0.6374245963805358,36.521739130434675
3.3804774284362793,0.205782444080272,0.06587336741576985,0.6492287555727678,37.19806763285012
3.4405810832977295,0.20883116409633717,0.06820763162132161,0.6576602978529338,37.681159420289745
3.480494499206543,0.21145981758028193,0.07026636236007144,0.6711507655011992,38.45410628019313
3.540621280670166,0.21406398690944292,0.07235597799419785,0.6812686162373982,39.03381642512066
3.580728769302368,0.21690517028343748,0.07468342050074109,0.6913864669735972,39.6135265700482
3.6409969329833984,0.21933674028115752,0.07672025875614247,0.7031906261658296,40.28985507246367
3.6806092262268066,0.2221262228511537,0.07910942149183355,0.7133084769020285,40.8695652173912
3.740565776824951,0.22501920901175282,0.08163412230425839,0.7217400191821945,41.352657004830824
3.780879497528076,0.22763717307398346,0.08396589098489833,0.7335441783744264,42.02898550724627
3.8406670093536377,0.23022743081765926,0.08632839936212623,0.7453483375666591,42.705314009661755
3.88065242767334,0.23278962132518627,0.08872131825216052,0.7571524967588915,43.38164251207723
3.941054344177246,0.23495966910079186,0.09080000237443238,0.7706429644071568,44.154589371980606
3.9806461334228516,0.2374605184479247,0.0932569585307546,0.7824471235993888,44.83091787439606
4.040670394897461,0.23981648887526485,0.09562288218523439,0.7925649743355878,45.41062801932359
4.080675840377808,0.24262443876820455,0.09848099572481478,0.7959375912476542,45.603864734299435
4.14067268371582,0.24494423215491956,0.10088240157062293,0.8094280588959198,46.376811594202834
4.1806371212005615,0.24735223153147606,0.10343042433615074,0.8178596011760856,46.85990338164245
4.241178750991821,0.24973866180798265,0.10599865943958602,0.8262911434562517,47.34299516908207
4.280580282211304,0.2520989853589368,0.108590908221234,0.8380953026484841,48.019323671497546
4.341025352478027,0.2544329605579454,0.11120690531250861,0.84652684492865,48.502415458937165
4.380380868911743,0.25663259159053153,0.11371883976902061,0.856644695664849,49.0821256038647
4.440792083740234,0.25880241879299354,0.11625656341528003,0.8701351633131145,49.85507246376809
4.480981826782227,0.2610513942774909,0.1189459853385331,0.87856670559328,50.33816425120768
4.5407021045684814,0.26359825433622575,0.12203902582446503,0.8853119394174129,50.724637681159386
4.58095383644104,0.2656988299506782,0.12463436269687603,0.895429790153612,51.304347826086925
4.640700817108154,0.26819317216950456,0.12776990930022497,0.9021750239777448,51.690821256038625
4.6805737018585205,0.27035018201727296,0.1305336367701059,0.9139791831699774,52.367149758454104
4.740728378295898,0.272687015933967,0.1335803875579888,0.9190381085380768,52.65700483091787
4.780587911605835,0.2743875389555046,0.13585256486948988,0.9375875015544413,53.71980676328499
4.840623617172241,0.27634507572178524,0.13855741998612514,0.9510779692027062,54.49275362318835
4.8799214363098145,0.2782705483109335,0.14128519319916302,0.9611958199389051,55.07246376811589
4.940515518188477,0.28026077961690427,0.14417134294577674,0.9729999791311377,55.74879227053137
4.98052191734314,0.28203051640412924,0.14680369444898095,0.9848041383233701,56.42512077294684
5.040589809417725,0.2840513284421607,0.1498705544544058,0.991549372147503,56.81159420289855
5.080870151519775,0.28595305153517925,0.15281577605704022,1.0033535313397355,57.48792270531402
5.140568017959595,0.287642084171995,0.15550062456007535,1.015157690531968,58.16425120772949
5.180589437484741,0.28938412873949826,0.15834904028081567,1.0286481581802338,58.937198067632906
5.240810394287109,0.2910047160689321,0.1610757488167904,1.0404523173724662,59.61352657004838
5.2805798053741455,0.29284646704008327,0.1642533682002583,1.0505701681086652,60.19323671497591
5.340632438659668,0.29440689483462884,0.16701494525521954,1.0623743273008976,60.86956521739138
5.381170272827148,0.2961839717662908,0.17022918064872797,1.0691195611250306,61.25603864734309
5.440550804138184,0.29752986148490523,0.17272781010245009,1.084296337229329,62.125603864734394
5.480596303939819,0.2992305675664328,0.17598309970710624,1.094414187965528,62.705314009661926
5.540597677230835,0.30089825062492515,0.1792554298864043,1.104532038701727,63.285024154589465
5.580688953399658,0.30261572708465745,0.1826896339758466,1.1095909640698265,63.57487922705323
5.640587329864502,0.3043158082589024,0.1861324826682312,1.114649889437926,63.864734299516996
5.680577039718628,0.30569619342053117,0.18898831521549897,1.1264540486301584,64.54106280193247
5.740724802017212,0.3071161934966269,0.19201020058347978,1.1365718993663574,65.12077294686
5.780559778213501,0.30886247871308375,0.19580091779726133,1.1416308247344569,65.41062801932377
5.840718746185303,0.31030784689759505,0.19899494219014674,1.1500623670146224,65.89371980676337
5.880633354187012,0.31172623347351697,0.20220103958922694,1.158493909294788,66.37681159420296
5.940673828125,0.3130435287362694,0.20526908857580756,1.171984376943053,67.14975845410632
5.980653524398804,0.3143912960359252,0.2085055070155528,1.1804159192232182,67.63285024154591
6.040024757385254,0.3158374831549278,0.21206247565956804,1.188847461503384,68.11594202898551
6.08065390586853,0.31706105974145865,0.21516908985032648,1.20233792915165,68.88888888888894
6.140665292739868,0.31818603972238985,0.21813483811593887,1.2141420883438825,69.56521739130442
6.180637359619141,0.3195114642480629,0.22173854911217886,1.2225736306240476,70.04830917874398
6.2409586906433105,0.32069384909858145,0.22503898045920137,1.2310051729042133,70.53140096618358
6.280667304992676,0.3217854095778476,0.22819440231902177,1.2444956405524792,71.304347826087
6.340982437133789,0.32278439788115676,0.23120492803761816,1.2562997997447116,71.98067632850247
6.380620718002319,0.3238491894035161,0.23454515258471917,1.268103958936944,72.65700483091794
6.440619945526123,0.3249262633861313,0.23805645194847339,1.2782218096731432,73.23671497584549
6.480578899383545,0.32591758049204056,0.24141921441505887,1.2900259688653755,73.91304347826096
6.540569543838501,0.32668327914247947,0.24415202868946462,1.305202744969674,74.78260869565226
6.58057975769043,0.32753792644738894,0.24737968563801713,1.318693212617939,75.55555555555561
6.640637159347534,0.3284420683296867,0.25093943830394805,1.3254384464420719,75.94202898550732
6.680551290512085,0.32919437146695046,0.25402087996689443,1.3372426056343045,76.61835748792281
6.74064564704895,0.3300735711600406,0.2577585919698913,1.3423015310024038,76.90821256038656
6.7806236743927,0.3309275393019674,0.2615021493062027,1.3507330732825693,77.39130434782616
6.840919733047485,0.3317171826826489,0.26508903861551697,1.3574783071067023,77.77777777777787
6.8806233406066895,0.3324075214663609,0.26835578374745356,1.3675961578429012,78.3574879227054
6.940593242645264,0.33313656942567565,0.27195547827045774,1.3743413916670342,78.74396135265711
6.980551481246948,0.33387653138589124,0.2757232281845458,1.3794003170351337,79.03381642512088
7.040618896484375,0.33449509641322467,0.27900432079224347,1.3895181677713326,79.6135265700484
7.080569267272949,0.33495449370117636,0.281635631610743,1.4063812523316646,80.57971014492765
7.140654802322388,0.3355733783595202,0.2854251520154042,1.411440177699764,80.86956521739141
7.180593013763428,0.3360865181545076,0.28872437600660705,1.421558028435963,81.44927536231894
7.240757942199707,0.33659316296009406,0.2921934093088566,1.4299895707161285,81.93236714975855
7.280640363693237,0.33701977657450594,0.2953365357072818,1.441793729908361,82.60869565217402
7.340587615966797,0.33740925936472754,0.2984844788275748,1.4535978891005934,83.2850241545895
7.380642414093018,0.33771971641804366,0.30130550429710284,1.468774665204892,84.1545893719808
7.4406468868255615,0.338042957338051,0.3046287115884046,1.4788925159410908,84.73429951690832
7.480626344680786,0.33836768833754366,0.3082871075981192,1.4856377497652236,85.12077294686001
7.540749549865723,0.3386348464299921,0.31161529298162294,1.4957556005014228,85.70048309178756
7.580950736999512,0.3388829395220024,0.31511233899631036,1.504187142781588,86.18357487922715
7.64061427116394,0.3391361386779791,0.3191109994962535,1.5109323766057212,86.57004830917887
7.6806488037109375,0.33934350857003176,0.3227779204544686,1.5176776104298544,86.95652173913058
7.740687131881714,0.33949828907177565,0.32611322169867557,1.5311680780781192,87.72946859903394
7.7806432247161865,0.33959708477963957,0.3291165988705778,1.544658545726385,88.50241545893735
7.840590000152588,0.33968125251320286,0.33295540062507145,1.5530900880065508,88.98550724637695
7.880708932876587,0.3397330506192043,0.33679477558382337,1.561521630286716,89.46859903381653
7.940657138824463,0.3397471265767435,0.3401336366562173,1.571639481022915,90.04830917874408
7.980648040771484,0.33972742029222625,0.3434724692449643,1.581757331759114,90.62801932367161
8.040687084197998,0.3396756238617092,0.3461430795912177,1.5986204163194462,91.59420289855086
8.080685138702393,0.3395717636763934,0.3491462858929063,1.6121108839677112,92.36714975845422
8.140692949295044,0.3394121969889938,0.3526484879835083,1.6205424262478763,92.8502415458938
8.180559873580933,0.3392236789053095,0.3559820524909766,1.6340328938961424,93.62318840579721
8.240743637084961,0.33900454951330333,0.35914642052299145,1.645837053088375,94.2995169082127
8.280663251876831,0.33874808355110875,0.3623079815207763,1.6576412122806072,94.97584541062817
8.34057068824768,0.33842928090263596,0.3657992915732453,1.6660727545607725,95.45893719806774
8.380654096603394,0.3380675520512859,0.3694542148041803,1.6728179883849057,95.84541062801947
8.440954446792603,0.3376811783040512,0.37310661496207304,1.6795632222090389,96.23188405797119
8.480619192123413,0.3373019464722652,0.3764238991843079,1.6896810729452376,96.8115942028987
8.54070782661438,0.3368540398453227,0.38006926490525667,1.6964263067693706,97.19806763285041
8.580573081970215,0.3363815547501048,0.38371152648574813,1.7031715405935035,97.58454106280212
8.640646934509277,0.3359185437125427,0.387018158030451,1.7166620082417694,98.35748792270553
8.680636644363403,0.33543899045912495,0.39015364386355805,1.7284661674340018,99.033816425121
8.740708351135254,0.3348500702700429,0.3937789003505971,1.7352114012581348,99.42028985507271
8.780615329742432,0.33431244149288375,0.3969049518585619,1.7470155604503672,100.09661835748818
8.840603351593018,0.3335967382289839,0.4008471802188216,1.7537607942745002,100.48309178743989
8.879760980606079,0.33288857013719636,0.40462103515395764,1.7588197196425996,100.77294685990366
8.940574645996094,0.33221875475569623,0.4080622890483761,1.7672512619227654,101.25603864734326
8.980571985244751,0.33155046646917097,0.41133361632632026,1.7773691126589641,101.83574879227078
9.04069972038269,0.3307850352757155,0.41492575032632817,1.784114346483097,102.22222222222248
9.080573081970215,0.3299626610762686,0.41867637478017056,1.7891732718511966,102.51207729468626
9.140641927719116,0.32922282503926165,0.42193226698226727,1.7992911225873955,103.0917874396138
9.18071699142456,0.32837281077774333,0.4255053311212302,1.8094089733235945,103.67149758454133
9.240686655044556,0.3275298361152768,0.42890831139293084,1.81784051560376,104.15458937198092
9.280647039413452,0.3266196926803271,0.4324665343361632,1.824585749427893,104.54106280193263
9.340653657913208,0.3258051926875956,0.4355321227779341,1.8363899086201252,105.21739130434808
9.380948543548584,0.3248232373673641,0.43907120109509473,1.8465077593563242,105.79710144927562
9.4406156539917,0.3238114774160644,0.4426018743151582,1.8532529931804573,106.18357487922734
9.480627298355103,0.32286466591073415,0.4458037080657927,1.863370843916656,106.76328502415487
9.540719509124756,0.32169613719777806,0.4496361924106257,1.8701160777407893,107.14975845410657
9.580566167831421,0.3206954700742413,0.45282160552374007,1.8802339284769882,107.72946859903412
9.640623807907104,0.31951693830804695,0.4564759927492195,1.8852928538450877,108.01932367149789
9.680585384368896,0.3184680439806503,0.4596458526961704,1.8954107045812867,108.59903381642542
9.740668535232544,0.31728490209139376,0.46312284663574144,1.9021559384054196,108.98550724637713
9.780635833740234,0.31613038666576093,0.46643312987787044,1.9105874806855851,109.46859903381672
9.84089183807373,0.3149424379537269,0.46973156266765426,1.9223916398778176,110.14492753623219
9.880636930465698,0.31372117756563717,0.47301780734442855,1.9308231821579829,110.62801932367178
9.940619945526123,0.312523837709977,0.47613462762531994,1.944313649806249,111.40096618357519
9.980680227279663,0.3112897906825565,0.4792370975006681,1.9544315005424477,111.98067632850272
10.040656089782715,0.30983760747630895,0.48279162237091017,1.9628630428226135,112.46376811594233
10.08070158958435,0.30823962201657,0.4866472016428923,1.964549351278647,112.56038647343027
10.140624284744263,0.30681339419736936,0.4900317526904709,1.974667202014846,113.1400966183578
10.180623531341553,0.30548575909214365,0.4930953415043786,1.9847850527510449,113.71980676328533
10.241011619567871,0.3038616570281354,0.496758084751192,1.9915302865751778,114.10628019323704
10.281007528305054,0.3023446410298869,0.5001029276543767,2.001648137311377,114.68599033816457
10.34073805809021,0.3008670307158911,0.5032821647910366,2.010079679591543,115.16908212560422
10.380691289901733,0.2994962850157691,0.5061426365979377,2.0252564556958417,116.03864734299552
10.440624475479126,0.29787289763347197,0.5094371661535686,2.0320016895199746,116.42512077294722
10.480650901794434,0.29614963249102705,0.512868469166494,2.04043323180014,116.90821256038683
10.540629386901855,0.29462353261001256,0.5158381847330922,2.050551082536339,117.48792270531436
10.580623626708984,0.29276223106468274,0.5193862760740452,2.057296316360471,117.87439613526601
10.64063310623169,0.29110486863600465,0.522475617555842,2.0691004755527036,118.55072463768148
10.680280923843384,0.28933321442077714,0.5256928450777301,2.0792183262889026,119.13043478260902
10.740755319595337,0.28761368058631676,0.5287480184612372,2.087649868569068,119.61352657004862
10.780697345733643,0.2857826569622513,0.5319318312814327,2.097767719305267,120.19323671497615
10.840693712234497,0.28375596313582047,0.5353881165330142,2.104512953129399,120.5797101449278
10.880690336227417,0.28220545046780104,0.5379622077308756,2.12137603768973,121.545893719807
10.940736770629883,0.28052548238526653,0.5406527374136971,2.1365528137940286,122.4154589371983
10.980669975280762,0.2783606055977909,0.5440241917143576,2.1466706645302276,122.99516908212583
11.040735960006714,0.27643411763574244,0.5469532743596967,2.158474823722459,123.67149758454126
11.08074140548706,0.27429180468278586,0.5501398051267333,2.1669063660026247,124.15458937198085
11.140641927719116,0.27221445516600656,0.5531686548376078,2.1770242167388236,124.73429951690838
11.180520296096802,0.2699204770765141,0.5564536297433448,2.1837694505629557,125.12077294686004
11.240901708602905,0.26779234958590237,0.5594470199567365,2.1938873012991547,125.70048309178758
11.280782699584961,0.2654487822677508,0.5626968026928105,2.1972599182112216,125.89371980676344
11.340771436691284,0.26318452152237254,0.5657978680572645,2.205691460491387,126.37681159420305
11.380756378173828,0.2607973276979952,0.5690157402193069,2.212436694315519,126.7632850241547
11.440787076950073,0.25868250912521856,0.5718118846031655,2.2242408535077516,127.43961352657017
11.480685949325562,0.2560379677717159,0.5752538091352172,2.2276134704198185,127.63285024154605
11.540672779083252,0.25368063612503533,0.5782847282409069,2.236045012699984,128.11594202898564
11.580760717391968,0.25170804220505055,0.5807687000522039,2.2478491718922164,128.79227053140113
11.640665769577026,0.24949555182499092,0.5834882160623219,2.259653331084449,129.4685990338166
11.67979121208191,0.24714661653437137,0.5863116562664717,2.269771181820648,130.04830917874412
11.740800619125366,0.24477395906383193,0.5891151911982,2.27651641564478,130.43478260869577
11.780609130859375,0.24248442739524267,0.5917701725069235,2.2883205748370123,131.11111111111126
11.840778112411499,0.24016371614016252,0.5943979434790002,2.3001247340292448,131.78743961352674
11.880656242370605,0.23759299583366872,0.5972501146210352,2.3085562763094103,132.27053140096632
11.94058609008789,0.23555678268181754,0.5994600628169946,2.322046743957676,133.04347826086973
11.980717420578003,0.23304087677069982,0.6021357924431583,2.3287919777818082,133.42995169082138
12.040658712387085,0.2306200180056873,0.6046716007661603,2.3372235200619738,133.913043478261
12.080749750137329,0.22828810582269357,0.6070612402712183,2.3507139877102396,134.6859903381644
12.140610218048096,0.22581224317308785,0.6095433734568939,2.359145529990405,135.169082125604
12.180909395217896,0.22378104959378856,0.6115254988124386,2.3776949230067697,136.23188405797111
12.24081826210022,0.22087832155925569,0.6142873035781542,2.3844401568309017,136.6183574879228
12.28066372871399,0.21831613105172867,0.6166802224681885,2.396244316023134,137.29468599033825
12.340797662734985,0.21560461547964044,0.6191575183504461,2.406362166759333,137.87439613526578
12.380647420883179,0.21299058721905773,0.6214936984085793,2.4181663259515656,138.55072463768127
12.440658569335938,0.21034916507242374,0.6237988600199237,2.429970485143798,139.22705314009673
12.48077654838562,0.20743078287922542,0.6262941613027551,2.4384020274239635,139.71014492753633
12.540637969970703,0.20499921288150538,0.6283309995581564,2.450206186616196,140.3864734299518
12.580783605575562,0.20203093745693754,0.6307667384853781,2.4586377288963615,140.8695652173914
12.640590906143188,0.1991702313761081,0.6330701429885066,2.4687555796325604,141.44927536231893
12.680647611618042,0.19667796565836804,0.6350322475536755,2.480559738824793,142.12560386473442
12.740693092346191,0.19389794969017246,0.6371682232622737,2.4923638980170253,142.80193236714987
12.780640125274658,0.19069828495531208,0.6395797665836519,2.4991091318411573,143.18840579710152
12.840271472930908,0.18774672481396276,0.6417655397461565,2.5092269825773563,143.76811594202906
12.880617380142212,0.18491009703929673,0.643825739707116,2.517658524857522,144.25120772946866
12.94064474105835,0.1823218007635989,0.6456593059376318,2.5328353009618203,145.12077294685997
12.979677677154541,0.178621857352191,0.6482337957058616,2.534521609417853,145.21739130434784
13.040628910064697,0.17586676629757575,0.6501199729706242,2.5480120770661188,145.99033816425126
13.080618619918823,0.1729523867833746,0.6520686322682823,2.5564436193462843,146.47342995169086
13.140605926513672,0.16974256600239299,0.6541758896497275,2.56487516162645,146.95652173913047
13.180728435516357,0.16665374053971982,0.6561629651005016,2.5749930123626488,147.536231884058
13.240979194641113,0.16368470343791922,0.6580272879532489,2.586797171554881,148.21256038647346
13.280781030654907,0.16055630324390535,0.6599514562962016,2.5935424053790133,148.5990338164251
13.340657949447632,0.15755319684640046,0.6617603877422242,2.6053465645712457,149.2753623188406
13.380635023117065,0.15452894725126662,0.6635337448403512,2.617150723763478,149.95169082125605
13.440613269805908,0.15162758026816975,0.6651860949917185,2.630641191411744,150.72463768115946
13.480653285980225,0.14855944648345715,0.666882395699214,2.6424453506039765,151.40096618357495
13.54067087173462,0.14547150351175417,0.6685423623297987,2.654249509796209,152.0772946859904
13.580700635910034,0.14207426209130328,0.670331840982605,2.6593084351643084,152.3671497584542
13.640671491622925,0.13851835548183716,0.6721781680909874,2.6660536689884413,152.7536231884059
13.68068242073059,0.13509728302166193,0.6739216549248658,2.674485211268607,153.2367149758455
13.740772724151611,0.13210850441267552,0.6754100748319463,2.684603062004806,153.81642512077303
13.780705451965332,0.12895334542589984,0.6769384245233825,2.6964072211970382,154.4927536231885
13.84077787399292,0.12593026385313572,0.67835587617961,2.709897688845304,155.2657004830919
13.880632162094116,0.12303933068225843,0.6796611532130402,2.7250744649496026,156.13526570048322
13.940703868865967,0.11997686235833672,0.6809913709239073,2.7385649325978676,156.90821256038657
13.980689764022827,0.11659351504368543,0.6824204519343364,2.7453101664219997,157.29468599033822
14.040760040283203,0.11335144350223214,0.6837545632982199,2.757114325614232,157.9710144927537
14.080714225769043,0.11009385013311654,0.6850503126770114,2.7689184848064645,158.64734299516917
14.140125274658203,0.10713095694704453,0.6861827908006001,2.784095260910763,159.51690821256048
14.180710077285767,0.10384163365397447,0.6873957348573526,2.7925268031909294,160.0000000000001
14.240822553634644,0.10085283269718759,0.6884579549725776,2.807703579295228,160.86956521739143
14.280784368515015,0.09769283712201504,0.6895362032548475,2.817821430031427,161.44927536231896
14.340734720230103,0.09515204083508241,0.6903603371760275,2.8380571315038248,162.60869565217402
14.380794763565063,0.0919607772202894,0.6913421864181347,2.8481749822400237,163.18840579710155
14.440682172775269,0.08860053300843398,0.6923420063258364,2.85660652452019,163.6714975845412
14.48070740699768,0.08554984607960656,0.6932106558493845,2.8717833006244886,164.5410628019325
14.540670156478882,0.08280880331001837,0.6939463547123494,2.886960076728787,165.4106280193238
14.58065676689148,0.07973315908029946,0.6947220191402276,2.9021368528330855,166.28019323671512
14.64002275466919,0.07648426856944972,0.6954920203362258,2.9156273204813505,167.05314009661848
14.680719137191772,0.07322528633017623,0.6962181237430684,2.9291177881296164,167.8260869565219
14.740732431411743,0.06979398648883929,0.6969371942611579,2.940921947321849,168.50241545893735
14.780762434005737,0.06619125046373796,0.6976510602985657,2.951039798058048,169.08212560386488
14.84079360961914,0.06258147617795565,0.6983284384733189,2.961157648794247,169.6618357487924
14.8807532787323,0.059129933915859204,0.6989430416169056,2.9695891910744123,170.14492753623202
14.94063949584961,0.055344132199420915,0.6995842814172062,2.978020733354578,170.62801932367162
14.980696201324463,0.05138985003803535,0.7002300741041737,2.9813933502666448,170.8212560386475
15.040712356567383,0.04743235147390024,0.7008558541943503,2.988138584090777,171.20772946859915
15.080939292907715,0.0444588943576863,0.7012901211705672,3.005001668651108,172.17391304347834
15.140623807907104,0.04131399739014616,0.7017034803316312,3.0168058278433403,172.85024154589382
15.180683851242065,0.03766751036915625,0.7021421647189524,3.0269236785795393,173.42995169082135
15.240613460540771,0.03434865687559383,0.702507408311089,3.0370415293157382,174.0096618357489
15.280647993087769,0.03036247881029786,0.7029121057760502,3.0437867631398703,174.39613526570054
15.340810775756836,0.02687143879859984,0.7032338520236864,3.0555909223321027,175.07246376811602
15.380773067474365,0.0227123570048098,0.7035818285812871,3.060649847700202,175.36231884057977
15.440784454345703,0.018551568052100478,0.7039087602914157,3.0657087730683017,175.65217391304355
15.480721473693848,0.014721700500127353,0.7041837105633197,3.074140315348467,176.13526570048313
15.540671825408936,0.01138896036262243,0.7043862804751823,3.087630782996733,176.90821256038654
15.580647945404053,0.007387417456646502,0.7045888884168492,3.094376016820865,177.2946859903382
15.640838861465454,0.003384598954205882,0.7047645006115049,3.101121250644997,177.68115942028987
15.680795669555664,-0.0006193130244358464,0.7049131090691446,3.1078664844691293,178.06763285024152
15.740862846374512,-0.004624136309264109,0.7050347070283797,3.1146117182932613,178.45410628019317
15.780962228775024,-0.008462865732866372,0.7051221114335715,3.123043260573427,178.93719806763278
15.840785264968872,-0.011801523861043026,0.7051615233161486,3.1365337282216927,179.7101449275362
15.880680561065674,-0.015140409856694518,0.7051558929191234,3.150024195869959,180.48309178743963
15.940744876861572,-0.018979827124510223,0.7051073320163797,3.158455738150125,180.96618357487924
15.980716943740845,-0.023152513381408352,0.705019363535837,3.166887280430291,181.44927536231887
16.040745496749878,-0.026489866118765238,0.7049180319031412,3.17700513116649,182.0289855072464
16.08073091506958,-0.02982579024155743,0.7047773136019099,3.1904955988147554,182.8019323671498
16.14078688621521,-0.033326361792154195,0.7045852723816028,3.2022997580069874,183.47826086956522
16.1808979511261,-0.037157996808267806,0.7043361615208024,3.2107313002871534,183.96135265700485
16.240999937057495,-0.04082067142269581,0.7040639001486764,3.2208491510233523,184.54106280193238
16.280603408813477,-0.04414770095673953,0.7037827136039607,3.2309670017595513,185.12077294685992
16.340749979019165,-0.047970621297360024,0.7034238777265086,3.2393985440397173,185.60386473429955
16.3808331489563,-0.051291280053951525,0.703075428568667,3.2528890116879827,186.37681159420293
16.441033124923706,-0.05444083716596306,0.7026992202079726,3.268065787792281,187.24637681159422
16.480656385421753,-0.058248656091022324,0.7022052585175176,3.2731247131603807,187.536231884058
16.540584802627563,-0.061887227438848114,0.7017051483969357,3.2832425638965796,188.11594202898553
16.580596446990967,-0.06552055259312584,0.7011682499808269,3.2933604146327786,188.69565217391306
16.64068579673767,-0.06832265056424194,0.7007178998482116,3.308537190737077,189.56521739130437
16.680606842041016,-0.07144640777984985,0.7001670971699172,3.3237139668413755,190.43478260869566
16.74067783355713,-0.07489045487407192,0.6995117952365117,3.3355181260336075,191.11111111111111
16.780583381652832,-0.0781623444592356,0.6988462654206313,3.349008593681873,191.8840579710145
16.840654373168945,-0.08158871597992005,0.6981040665164372,3.360812752874105,192.56038647342996
16.880553722381592,-0.08500608796063924,0.6973214748243398,3.372616912066337,193.2367149758454
16.940608263015747,-0.08825104153562716,0.6965350476570182,3.3861073797146024,194.00966183574877
16.98056960105896,-0.09132272239665658,0.6957438337665535,3.401284155818901,194.87922705314008
17.04087471961975,-0.09454380108239262,0.6948647185900121,3.4147746234671663,195.65217391304347
17.080740451812744,-0.09791398915608955,0.6938989477274078,3.4265787826593983,196.32850241545893
17.140676259994507,-0.10127254258632423,0.6928934628357245,3.4383829418516303,197.00483091787436
17.180690050125122,-0.10397870556501854,0.6920383311415252,3.4569323348679952,198.06763285024152
17.240745306015015,-0.10730705850931697,0.6909369920977588,3.465363877148161,198.55072463768113
17.280590772628784,-0.11062409809788691,0.6898020342223272,3.477168036340393,199.2270531400966
17.340638399124146,-0.11376926049697007,0.6886812555302021,3.4906585039886586,199.99999999999997
17.38067650794983,-0.11674159679033179,0.6875737991239975,3.505835280092957,200.86956521739128
17.440670490264893,-0.12016675664564729,0.6862480572368029,3.515953130829156,201.44927536231882
17.48069453239441,-0.12342216035095997,0.6849468163956898,3.527757290021388,202.12560386473427
17.540644884109497,-0.126196233299313,0.6837915872816991,3.5446203745817195,203.09178743961348
17.58078932762146,-0.1297219300474921,0.6822707501577584,3.5530519168618855,203.5748792270531
17.640787839889526,-0.1329292222254473,0.6808550673202656,3.5614834591420514,204.05797101449272
17.680668354034424,-0.13612202681485094,0.6794070065946648,3.5732876183342834,204.73429951690815
17.74071979522705,-0.13930001696820074,0.6779267162189763,3.5817191606144494,205.21739130434779
17.780601978302002,-0.14185627601889247,0.6766937896406934,3.6002685536308143,206.28019323671495
17.840713500976562,-0.14439138166486154,0.6754179339884131,3.615445329735113,207.14975845410623
17.880637168884277,-0.14750416098820962,0.673805021747998,3.6238768720152787,207.63285024154587
17.94076704978943,-0.1509014024086605,0.6720155430951916,3.6289357973833782,207.92270531400962
17.980571269989014,-0.1539893453803635,0.670355576464607,3.6407399565756102,208.59903381642508
18.040709018707275,-0.1575039256256055,0.6684317466108655,3.6441125734876767,208.79227053140093
18.080583095550537,-0.16071365569149676,0.666646545084415,3.6542304242238757,209.37198067632846
18.140721559524536,-0.1636122321786665,0.6649893046850296,3.667720891872141,210.14492753623185
18.180639266967773,-0.1666304837312833,0.6632057580564632,3.6828976679764396,211.01449275362316
18.240713596343994,-0.1694803672516099,0.661466115761651,3.696388135624705,211.78743961352654
18.280652046203613,-0.17188132506084713,0.6599528511185887,3.7115649117290035,212.65700483091783
18.340763330459595,-0.1751052866575858,0.6578672925026704,3.7199964540091695,213.14009661835746
18.380859851837158,-0.1781704417168694,0.6558438953472718,3.7301143047453684,213.719806763285
18.440696954727173,-0.18149928224045878,0.65361404863171,3.733486921657435,213.91304347826085
18.47976541519165,-0.18439712815374917,0.6516408861766723,3.745291080849667,214.5893719806763
18.54074192047119,-0.18685940782448557,0.6499183259159922,3.7587815484979323,215.3623188405797
18.580931663513184,-0.18998133984323687,0.6476829235835312,3.7672130907780983,215.8454106280193
18.640647649765015,-0.19294757627880152,0.6455171089575172,3.7773309415142973,216.42512077294683
18.68059277534485,-0.19589544633755016,0.6433263616643178,3.7840761753384298,216.8115942028985
18.740764379501343,-0.19828908134340617,0.6415096210423972,3.797566642986695,217.5845410628019
18.780627012252808,-0.20092466317444072,0.639459767436588,3.807684493722894,218.16425120772945
18.840638399124146,-0.20340697090209198,0.6374850798466838,3.819488652915126,218.84057971014488
18.88094973564148,-0.2061246204751484,0.6352702972819134,3.831292812107358,219.51690821256034
18.940593004226685,-0.20881972248820047,0.6330281317772312,3.839724354387524,219.99999999999994
18.980819702148438,-0.21188030552580778,0.6304423577971039,3.8464695882116566,220.38647342995162
19.040698766708374,-0.21466978809580395,0.6280531950614128,3.853214822035789,220.77294685990333
19.080750226974487,-0.2176952103935733,0.6254263689296422,3.8599600558599216,221.159420289855
19.14069962501526,-0.2205796652684718,0.6228919255603103,3.865018981228021,221.44927536231876
19.180622577667236,-0.22294473845661805,0.6207782388410469,3.876823140420253,222.12560386473422
19.240642070770264,-0.22553100860145353,0.6184113658514091,3.888627299612485,222.80193236714965
19.280576944351196,-0.22796926764654352,0.6161303388409672,3.898745150348684,223.3816425120772
19.34061336517334,-0.23124268534752368,0.6130315785454216,3.900431458804717,223.4782608695651
19.380556106567383,-0.23328720251680107,0.6110631990529939,3.9156082349090156,224.34782608695642
19.4407000541687,-0.23566303734956925,0.608717223724749,3.9257260856452145,224.92753623188395
19.480772733688354,-0.23789551681167634,0.606463942077074,3.9375302448374465,225.60386473429938
19.540712356567383,-0.2398656194475259,0.6044210852818241,3.952707020941745,226.4734299516907
19.580681562423706,-0.2416887957446949,0.6024689401332322,3.9695701055020765,227.4396135265699
19.640143871307373,-0.2437025451284627,0.6002385033042745,3.986433190062408,228.4057971014491
19.680599689483643,-0.24557043058585193,0.5981017833413983,4.001609966166707,229.27536231884045
19.740739583969116,-0.24784650166182168,0.5954352534862722,4.010041508446873,229.75845410628008
19.779786586761475,-0.24999054193066525,0.5928757061202512,4.020159359183072,230.33816425120762
19.840703010559082,-0.25242878270577024,0.5899094854541017,4.028590901463238,230.82125603864722
19.880690813064575,-0.254524978797147,0.5873106100550444,4.038708752199437,231.40096618357475
19.940673351287842,-0.256801752431246,0.584428663940871,4.048826602935636,231.98067632850228
19.980685710906982,-0.2590492509255438,0.581523829676398,4.058944453671835,232.56038647342982
20.040596961975098,-0.2610656084510056,0.5788625341793061,4.069062304408034,233.14009661835735
20.08077311515808,-0.26275076653630325,0.5765789382191512,4.084239080512332,234.00966183574866
20.140303134918213,-0.2649940585196359,0.5734626705484925,4.0926706227924985,234.4927536231883
20.18084955215454,-0.2666248401604015,0.5711399308898519,4.107847398896797,235.3623188405796
20.24087882041931,-0.2686970791511095,0.5681075824350538,4.117965249632996,235.94202898550714
20.28064489364624,-0.27074367741230976,0.5650578698021687,4.124710483457129,236.32850241545884
20.340734243392944,-0.27258077926506563,0.5622698152517824,4.134828334193328,236.90821256038637
20.38071036338806,-0.2746690554361919,0.5590476132483719,4.139887259561427,237.19806763285015
20.440747022628784,-0.2765508692091774,0.5560896311769342,4.151691418753659,237.87439613526558
20.48096513748169,-0.2781316581322974,0.5535340213849008,4.165181886401925,238.647342995169
20.540709733963013,-0.279770600742161,0.5508183060364056,4.17361342868209,239.13043478260857
20.580626964569092,-0.2816444075733331,0.5476594835429154,4.180358662506222,239.51690821256022
20.640859365463257,-0.2832373239937182,0.5449165179926129,4.192162821698455,240.1932367149757
20.68068814277649,-0.2848823299673798,0.5420109807376554,4.202280672434654,240.77294685990324
20.740631103515625,-0.28641473714369214,0.5392337571279212,4.214084831626886,241.4492753623187
20.780911207199097,-0.28783310032815296,0.5365845533030783,4.227575299275152,242.22222222222211
20.840717554092407,-0.2892947759556224,0.5337694605705843,4.2393794584673845,242.8985507246376
20.880664587020874,-0.2909569384875364,0.5304943228172327,4.246124692291517,243.28502415458925
20.940829753875732,-0.29251448516763046,0.5273534743091903,4.257928851483749,243.96135265700474
20.980562210083008,-0.29374094184668703,0.5247941047977526,4.2731056275880475,244.83091787439602
21.040586709976196,-0.29529172224026556,0.5214647817799576,4.27985086141218,245.21739130434773
21.080568313598633,-0.29660430759777834,0.5185771595034605,4.291655020604413,245.89371980676322
21.140541076660156,-0.2980226941737003,0.5153710621043803,4.300086562884578,246.37681159420282
21.180520057678223,-0.2996919192778545,0.5115457860877068,4.301772871340612,246.47342995169075
21.24059510231018,-0.30094089183638284,0.5086300854376877,4.313577030532844,247.1497584541062
21.28058385848999,-0.3023499792869732,0.5052383625506411,4.323694881269043,247.72946859903377
21.340646028518677,-0.3037304195351197,0.5018348795835581,4.330440115093175,248.11594202898542
21.380581855773926,-0.3048316384629975,0.4990389268118755,4.343930582741441,248.88888888888883
21.440556287765503,-0.3058902986486884,0.49622658372472755,4.360793667301773,249.85507246376807
21.48073959350586,-0.3070243266267792,0.4930861742071271,4.370911518037972,250.4347826086956
21.540533781051636,-0.3082367425350264,0.48961927945081324,4.381029368774171,251.01449275362313
21.580554008483887,-0.30930699428551856,0.4864565665988621,4.39114721951037,251.59420289855066
21.640563011169434,-0.31062145257934637,0.48249534854807735,4.3928335279664035,251.6908212560386
21.68058967590332,-0.31186728977021305,0.4786872932306947,4.399578761790536,252.0772946859903
21.740684270858765,-0.3129320812925724,0.47534706868359367,4.408010304070702,252.5603864734299
21.780526876449585,-0.3140673949856923,0.47167902479946533,4.4164418463508675,253.0434782608695
21.8405442237854,-0.314974557003107,0.468639567642893,4.4282460055431,253.71980676328496
21.880568742752075,-0.3159374859344368,0.465268566473455,4.440050164735332,254.39613526570045
21.94060707092285,-0.3168193166642836,0.4620482301622561,4.450168015471531,254.97584541062798
21.980587482452393,-0.3177081210230837,0.45865693132214747,4.461972174663764,255.65217391304344
22.040640354156494,-0.31856256781838654,0.4552568134293177,4.470403716943929,256.13526570048305
22.080555200576782,-0.31922172473900684,0.4524963641116018,4.485580493048228,257.00483091787436
22.14058542251587,-0.32006937887734654,0.4487513720449304,4.494012035328393,257.48792270531396
22.180619478225708,-0.3207707311939105,0.4454869737356889,4.507502502976658,258.2608695652173
22.241020679473877,-0.321579295754604,0.4415627389112189,4.510875119888725,258.4541062801932
22.28057551383972,-0.3222255031381575,0.43828697832613805,4.524365587536991,259.2270531400966
22.340686321258545,-0.3229952510640135,0.4341849620922945,4.5294245129050905,259.51690821256034
22.380633115768433,-0.3236185827794745,0.4307349854860485,4.537856055185257,260.0
22.440535068511963,-0.3242128040594925,0.4272798759246137,4.546287597465422,260.4830917874396
22.48087239265442,-0.32480172424857456,0.42365461943757465,4.556405448201621,261.06280193236717
22.54059338569641,-0.32527598942638675,0.4205183293882339,4.568209607393854,261.7391304347826
22.58058261871338,-0.3257334238075394,0.4172109217659007,4.581700075042119,262.512077294686
22.640615940093994,-0.3261049218788169,0.41422897203265013,4.595190542690385,263.2850241545894
22.680530786514282,-0.32649430354374603,0.41074482752787406,4.606994701882617,263.96135265700485
22.740597009658813,-0.32684253163983795,0.4072563295410269,4.61879886107485,264.6376811594203
22.780595541000366,-0.3271203170741555,0.4040965703753689,4.630603020267081,265.31400966183577
22.840842485427856,-0.3273706347783106,0.4007670760533562,4.644093487915347,266.0869565217392
22.88056254386902,-0.32754281920339373,0.397934246936477,4.6592702640196455,266.9565217391305
22.940707683563232,-0.3277192642916639,0.39426570789255877,4.6693881147558445,267.536231884058
22.980727910995483,-0.32786477203258496,0.39059581156115386,4.676133348579977,267.9227053140097
23.040788888931274,-0.3279632897265246,0.3872583745718896,4.689623816228243,268.6956521739131
23.080827236175537,-0.32802831744504507,0.3835861704678465,4.699741666964442,269.2753623188407
23.140755653381348,-0.3280722336832668,0.379579742261774,4.703114283876508,269.4685990338165
23.180723667144775,-0.32808067927380113,0.37624086220023706,4.716604751524773,270.24154589371983
23.240944623947144,-0.3280452083609369,0.37273520636637586,4.728408910717006,270.91787439613535
23.280674934387207,-0.327973988268976,0.3690631171402774,4.735154144541139,271.30434782608705
23.340694189071655,-0.3278794090302533,0.36555855785575286,4.743585686821304,271.7874396135266
23.380589246749878,-0.32774768141976807,0.3615540549598832,4.74695830373337,271.98067632850245
23.44073724746704,-0.32761174135521726,0.3580508562344332,4.755389846013536,272.46376811594206
23.480754613876343,-0.3274513367295171,0.3547158207399621,4.765507696749735,273.04347826086956
23.54071879386902,-0.3272571974985178,0.35138257887170304,4.775625547485934,273.6231884057971
23.580692052841187,-0.3270420190248538,0.34838529122233275,4.792488632046266,274.58937198067633
23.640686988830566,-0.32670796152955706,0.34439257270029433,4.799233865870399,274.97584541062804
23.68065118789673,-0.3263587967240869,0.34056875692854255,4.807665408150564,275.45893719806764
23.740673542022705,-0.32595824818763236,0.3364144086135815,4.8093517166065975,275.5555555555556
23.780681371688843,-0.3255903565255654,0.33276010056541305,4.8160969504307305,275.9420289855073
23.84066653251648,-0.3252540829278422,0.32977397345893045,4.832960034991062,276.9082125603865
23.880565643310547,-0.3248118700549283,0.32629613953733877,4.844764194183294,277.584541062802
23.940635919570923,-0.32433449221255467,0.3228229577962323,4.85319573646346,278.0676328502416
23.980622053146362,-0.32387080721682443,0.3196850860720834,4.864999895655693,278.7439613526571
24.04061245918274,-0.3232941169552489,0.3160578640044218,4.875117746391892,279.3236714975846
24.080660581588745,-0.32281308068094866,0.31326087054992696,4.89029452249619,280.1932367149759
24.140631198883057,-0.3222280722572981,0.31014333821220585,4.905471298600489,281.0628019323672
24.18061113357544,-0.3215653013851938,0.30687088864583845,4.918961766248754,281.8357487922706
24.240652561187744,-0.32089640214992726,0.30377027313508276,4.930765925440986,282.51207729468604
24.280689001083374,-0.3201909502065965,0.30067776924856465,4.942570084633219,283.18840579710155
24.340649366378784,-0.3193709484445353,0.2972691803731851,4.954374243825451,283.864734299517
24.38063144683838,-0.3185165016492325,0.2938690624803553,4.9628057861056165,284.3478260869566
24.440701007843018,-0.3175883691532522,0.29031548939741014,4.9729236368418155,284.9275362318841
24.480628490447998,-0.31658363462676115,0.28660954934811717,4.981355179121982,285.4106280193238
24.540776252746582,-0.3155897489584139,0.2830738029114816,4.991473029858181,285.9903381642513
24.580726385116577,-0.31451644828512604,0.27938713656064423,4.999904572138346,286.4734299516909
24.640706300735474,-0.3135480613652712,0.27619176206509877,5.013395039786612,287.2463768115943
24.680810928344727,-0.31248890400308066,0.2728497467010913,5.025199198978845,287.9227053140098
24.740707397460938,-0.3113468865781196,0.2693590293268239,5.031944432802978,288.3091787439615
24.780609369277954,-0.31012530095140867,0.2657188079497247,5.040375975083143,288.7922705314011
24.840789079666138,-0.30882181545314064,0.26193009825350916,5.047121208907276,289.1787439613528
24.8807315826416,-0.30765056839663674,0.25862569795333734,5.0589253680995085,289.8550724637683
24.940682411193848,-0.3066061491310179,0.2558080351938503,5.0757884526598405,290.8212560386475
24.980642795562744,-0.30528329565273565,0.25238175875127833,5.085906303396039,291.40096618357506
25.04108476638794,-0.30387317082062354,0.2488103401150026,5.090965228764139,291.6908212560388
25.080745458602905,-0.3024984718545988,0.24540453414009183,5.101083079500338,292.2705314009663
25.14066767692566,-0.3009612855448639,0.24170447280876822,5.111200930236537,292.8502415458939
25.18069624900818,-0.2993308487914335,0.23786250390661157,5.116259855604636,293.14009661835763
25.241135835647583,-0.29768099675058074,0.23402883239024902,5.121318780972736,293.42995169082144
25.279807090759277,-0.29614530965475894,0.23050957845490944,5.126377706340835,293.7198067632852
25.340667963027954,-0.2945212075907507,0.22684683520809606,5.133122940164968,294.1062801932369
25.380619287490845,-0.2930758394062394,0.22365281081521066,5.141554482445134,294.5893719806765
25.440677642822266,-0.29153067548048495,0.2203208774382545,5.151672333181333,295.169082125604
25.480714321136475,-0.289957473473676,0.21700209045628358,5.158417567005466,295.5555555555557
25.540653944015503,-0.2883563452255048,0.21369668580347095,5.168535417741665,296.1352657004833
25.580771446228027,-0.286870445848512,0.21070665328947033,5.178653268477863,296.7149758454107
25.64080548286438,-0.28542303020842674,0.20788420210347694,5.193830044582161,297.58454106280203
25.680569410324097,-0.2837917742957918,0.20478099647725137,5.198888969950261,297.8743961352658
25.74068832397461,-0.2820582192925619,0.20154308069133228,5.20900682068646,298.45410628019334
25.78066086769104,-0.2802974256085855,0.19831989636703495,5.215752054510593,298.84057971014505
25.840686321258545,-0.27867205543672396,0.19540332934436067,5.225869905246792,299.4202898550726
25.880686283111572,-0.2770976770573078,0.19264968168154942,5.237674064439024,300.09661835748807
25.940768003463745,-0.2754039109697033,0.18977229609150256,5.251164532087289,300.8695652173914
25.98064112663269,-0.2738447257128142,0.1872034488085183,5.264654999735555,301.64251207729484
26.04067850112915,-0.2718165752621941,0.1839430671027473,5.2730865420157205,302.12560386473444
26.080756902694702,-0.27020145485743924,0.18140901479335422,5.286577009663986,302.89855072463786
26.140763759613037,-0.2683737664748747,0.17861478027034672,5.296694860400185,303.47826086956536
26.18070101737976,-0.26597332372007426,0.17499838454592012,5.300067477312252,303.67149758454127
26.24079203605652,-0.26392158561499984,0.17195212744348887,5.310185328048451,304.2512077294688
26.280679941177368,-0.26175248176052285,0.16878377273068132,5.315244253416551,304.5410628019325
26.340784549713135,-0.25965474935678007,0.16576900402508968,5.32536210415275,305.1207729468601
26.380654096603394,-0.25724503455931075,0.16236131805849405,5.330421029520849,305.41062801932384
26.440226793289185,-0.2548181114419109,0.1589658662131124,5.335479954888949,305.70048309178765
26.48067569732666,-0.2527555204988406,0.1561309765128403,5.347284114081181,306.3768115942031
26.540663480758667,-0.250562288475543,0.15318495463954926,5.35740196481738,306.9565217391306
26.580220937728882,-0.24814265944498887,0.1499914000430389,5.364147198641513,307.3429951690823
26.64065194129944,-0.24629979183705808,0.1476178217299775,5.381010283201845,308.3091787439616
26.680758476257324,-0.244314656984638,0.14514386086727457,5.396187059306143,309.1787439613529
26.74063491821289,-0.2419800352641311,0.14230857375517028,5.406304910042342,309.7584541062804
26.780757904052734,-0.23972652778448542,0.1396229481203646,5.414736452322509,310.24154589372006
26.841006755828857,-0.23744596335496213,0.136960260212641,5.42654061151474,310.91787439613546
26.88064956665039,-0.23513412774640696,0.13432467733021045,5.438344770706973,311.594202898551
26.940188884735107,-0.23279574448996054,0.1317126197586559,5.446776312987139,312.0772946859906
26.9806125164032,-0.23043105296598743,0.12912435489438984,5.458580472179371,312.75362318840604
27.04056143760681,-0.2280359746050235,0.12656418289704535,5.470384631371603,313.4299516908215
27.08082151412964,-0.22561084312903967,0.12403246049217215,5.482188790563836,314.10628019323696
27.14062738418579,-0.22315599644750442,0.12152954044125165,5.493992949756068,314.7826086956524
27.180629014968872,-0.22078412102889916,0.11917956206008631,5.5108560343164,315.7487922705317
27.24069333076477,-0.21814042399975234,0.11663001747251629,5.520973885052599,316.32850241545924
27.280782461166382,-0.21559037182531587,0.1142241673278073,5.532778044244831,317.0048309178747
27.340684413909912,-0.2128914233522175,0.11173318584945639,5.54289589498103,317.5845410628022
27.380637168884277,-0.2100457638686843,0.10915525931414664,5.551327437261197,318.06763285024186
27.4406795501709,-0.20767357548927878,0.10704956108669515,5.563131596453428,318.74396135265727
27.480650186538696,-0.2047763360196676,0.10452974232864848,5.571563138733595,319.2270531400969
27.540645599365234,-0.2018579538264693,0.10203444104581715,5.57999468101376,319.71014492753653
27.580597639083862,-0.19904444125667287,0.09967362368618832,5.590112531749959,320.2898550724641
27.64073395729065,-0.19608027745765477,0.09723288279656744,5.598544074030125,320.77294685990364
27.680657386779785,-0.19360799124897807,0.0952456627194583,5.613720850134423,321.64251207729495
27.740501403808594,-0.191235967601047,0.09340079447423001,5.630583934694754,322.60869565217416
27.78099274635315,-0.18843804109308074,0.09128833423385524,5.642388093886987,323.2850241545896
27.840829372406006,-0.18535039351012675,0.08900581029725457,5.650819636167153,323.7681159420293
27.88077139854431,-0.18278078114932328,0.08714615036928797,5.6626237953593845,324.4444444444447
27.940731287002563,-0.17978201749871914,0.08502560134751493,5.6727416460955835,325.02415458937224
27.980673789978027,-0.17703650368848617,0.08312551047833304,5.6828594968317825,325.60386473429975
28.040607213974,-0.17399544612074264,0.08106607355150158,5.6929773475679815,326.1835748792273
28.0806884765625,-0.17148759198132876,0.07941056678799362,5.7064678152162465,326.95652173913066
28.140568494796753,-0.16853756946825085,0.07751629959895245,5.718271974408479,327.6328502415461
28.180700302124023,-0.16556539276597856,0.07565698610693065,5.730076133600711,328.3091787439616
28.23997712135315,-0.16257147600737837,0.0738328853822673,5.741880292792944,328.9855072463771
28.280730724334717,-0.15998311519211986,0.07230631297368975,5.758743377353276,329.9516908212563
28.3407142162323,-0.15679468105623318,0.07048334853436579,5.768861228089475,330.53140096618387
28.38100028038025,-0.15416853827504942,0.06902272910363362,5.78235169573774,331.3043478260872
28.44066071510315,-0.15064427053341842,0.06711670379118578,5.792469546473939,331.8840579710147
28.48072123527527,-0.14739907527124788,0.06539681446442284,5.799214780298071,332.2705314009664
28.540737867355347,-0.1447274902750215,0.06402107152457763,5.816077864858403,333.23671497584564
28.580730199813843,-0.14114397296429912,0.06222892217529176,5.822823098682536,333.62318840579735
28.64075493812561,-0.13769683499858956,0.060537554987765516,5.831254640962701,334.10628019323696
28.680686473846436,-0.13408946757046186,0.05879391057307654,5.834627257874768,334.2995169082128
28.740684509277344,-0.13137084925704112,0.05751361783525084,5.851490342435099,335.265700483092
28.780643224716187,-0.1281780446676375,0.05606555710965,5.8632945016273315,335.9420289855075
28.84059190750122,-0.12512234497550676,0.054719863688086075,5.87341235236353,336.52173913043504
28.880645036697388,-0.12174627053864251,0.05327368493610588,5.883530203099729,337.10144927536254
28.94066548347473,-0.11897025346281535,0.05212313540509385,5.897020670747995,337.87439613526595
28.980639696121216,-0.11571484975750267,0.05082189456398068,5.908824829940228,338.5507246376814
29.040628910064697,-0.11244644714410623,0.04955365745370209,5.917256372220393,339.033816425121
29.080710649490356,-0.1093206308094465,0.04838000348625568,5.930746839868659,339.80676328502443
29.140559196472168,-0.10618117856848987,0.047243328062011494,5.940864690604858,340.386473429952
29.180559635162354,-0.10287186993746303,0.04608602196777553,5.95266884979709,341.0628019323674
29.24077582359314,-0.09986558246503521,0.045074350891979455,5.964473008989322,341.73913043478285
29.280646562576294,-0.09637198757050286,0.04394116675035694,5.974590859725521,342.3188405797104
29.340693712234497,-0.09318573187304184,0.04294318577672793,5.98470871046172,342.89855072463797
29.38063144683838,-0.08998791810381845,0.041982884526758094,5.998199178109985,343.6714975845413
29.44072461128235,-0.0864580992083283,0.04096814803339249,6.008317028846184,344.25120772946883
29.48061227798462,-0.08340019674850031,0.04012525107726037,6.020121188038416,344.9275362318843
29.540683031082153,-0.08033120181322946,0.03932368210345921,6.035297964142714,345.79710144927554
29.580663442611694,-0.07676617486192401,0.03844056579039903,6.045415814878913,346.3768115942031
29.640856742858887,-0.07303069871664461,0.037551914516993516,6.053847357159079,346.85990338164277
29.680747270584106,-0.06944990474278154,0.03673507542471573,6.063965207895278,347.43961352657027
29.740714073181152,-0.06602478966946802,0.03598709965926269,6.072396750175445,347.92270531400993
29.780681610107422,-0.062429460717243396,0.035236818837688096,6.082514600911644,348.50241545893743
29.84075164794922,-0.05915424614896946,0.03458784971277187,6.092632451647843,349.082125603865
29.88070774078369,-0.05619894209450561,0.034043595200373984,6.109495536208174,350.0483091787442
29.940679788589478,-0.053071540676578335,0.033513875365343,6.121299695400406,350.72463768115966
29.980621576309204,-0.04977275051403593,0.03299795399842575,6.134790163048671,351.497584541063
30.040698289871216,-0.046468100296006065,0.03252100711479667,6.14490801378487,352.0772946859906
30.080625772476196,-0.04266282900174358,0.03200778835565142,6.153339556065037,352.5603864734302
30.14059591293335,-0.039515215394423556,0.031615651502636254,6.165143715257269,353.23671497584564
30.180643558502197,-0.036860132599573624,0.03132345662892696,6.1820067998176,354.20289855072485
30.24063229560852,-0.03353719903143696,0.03099741384787079,6.188752033641733,354.58937198067656
30.280613660812378,-0.030377675204865257,0.030716964348308926,6.2005561928339645,355.26570048309196
30.340802907943726,-0.027215061103218755,0.03047382904329235,6.212360352026197,355.9420289855075
30.381154537200928,-0.024049797394255338,0.03026804181045718,6.224164511218429,356.61835748792294
30.440828800201416,-0.020549225843658574,0.030076000590150125,6.232596053498595,357.10144927536254
30.48060917854309,-0.017713792197323174,0.02995399928315364,6.247772829602893,357.97101449275385
30.5406813621521,-0.014209662778783001,0.0298446465087683,6.25620437188306,358.45410628019346
30.58069634437561,-0.010871574296614613,0.02977145717523497,6.266322222619259,359.033816425121
30.64061975479126,-0.007366019399913317,0.02972711895968637,6.274753764899424,359.5169082125606
30.68073606491089,-0.004027147646130873,0.029715858181646886,6.284871615635623,360.0966183574881
30.740717887878418,-0.0005213734279465474,0.029736549780389965,6.293303157915789,360.57971014492773
30.780658960342407,0.002817042596717962,0.02979285110889582,6.306793625564055,361.35265700483114
30.840760707855225,0.005987607736518987,0.029886442918138464,6.318597784756287,362.0289855072466
30.880631923675537,0.009991263422747539,0.030041802991910848,6.325343018580419,362.41545893719825
30.94078779220581,0.013326432977587607,0.030199395611649894,6.335460869316618,362.9951690821258
30.9807071685791,0.017160032161176147,0.030416191407886758,6.3438924115967845,363.4782608695655
31.040637969970703,0.02065848152371466,0.030643640454704548,6.35232395387695,363.9613526570051
31.08083701133728,0.024154888809491327,0.030900578391008852,6.360755496157116,364.4444444444447
31.140628576278687,0.02748191834353505,0.03118176493572451,6.374245963805382,365.2173913043481
31.180726528167725,0.030971853375977285,0.03151528327176748,6.382677506085548,365.7004830917877
31.2407648563385,0.0349573433292206,0.0319267020839156,6.389422739909681,366.0869565217394
31.280640125274658,0.03860739947708128,0.03233462573288892,6.39954059064588,366.66666666666697
31.341146230697632,0.04158966138051674,0.03270360942888834,6.413031058294146,367.4396135265704
31.38061833381653,0.04539493267477923,0.033216828188033565,6.421462600574312,367.92270531401
31.44074773788452,0.04836838979099317,0.03365109516425053,6.434953068222578,368.6956521739134
31.481080532073975,0.051830738128306506,0.0342015722321181,6.44675722741481,369.3719806763289
31.540770292282104,0.05528733969548929,0.034787052049783905,6.455188769694976,369.85507246376847
31.580679893493652,0.05840922150254941,0.03534838681195871,6.466992928887208,370.531400966184
31.64078974723816,0.06185326859677148,0.03600368874536418,6.475424471167374,371.01449275362353
31.68070912361145,0.06512738414668276,0.03665817996696877,6.485542321903573,371.5942028985511
31.740890502929688,0.06823079202202251,0.037314001811495155,6.497346481095805,372.27053140096655
31.780659914016724,0.07181567248522334,0.03811271555902188,6.507464331832004,372.8502415458941
31.840718746185303,0.07457778028307178,0.03876488792484597,6.522641107936303,373.7198067632854
31.880753993988037,0.07830407414041356,0.03969128805784126,6.531072650216469,374.202898550725
31.94062900543213,0.0820240344901565,0.04064280164892503,6.536131575584569,374.49275362318883
31.980648517608643,0.08509030859128139,0.041454716588589,6.5479357347768,375.16908212560423
32.040764570236206,0.08895560301416464,0.042509654800438584,6.551308351688867,375.3623188405801
32.079972982406616,0.09249385213366204,0.04349459376012242,6.558053585512999,375.74879227053174
32.14096641540527,0.0965079138821192,0.04463755365952773,6.563112510881099,376.03864734299555
32.180721282958984,0.09987317308788173,0.045620361621021246,6.571544053161265,376.52173913043515
32.240723609924316,0.10339076823402746,0.04667669299598804,6.578289286985398,376.90821256038686
32.28058743476868,0.10738088114738452,0.047900640703505276,6.583348212353497,377.19806763285067
32.340752601623535,0.11056544941161338,0.048903993265566416,6.593466063089696,377.77777777777817
32.38068890571594,0.1138974978143232,0.049994100807574715,6.605270222281929,378.4541062801937
32.440629959106445,0.11705749338949575,0.05107234908984472,6.618760689930195,379.2270531400971
32.48074293136597,0.12036288005689431,0.05224080961126952,6.627192232210361,379.7101449275367
32.54072332382202,0.12365829742596463,0.053437097776710504,6.635623774490527,380.1932367149763
32.58096981048584,0.1269414424604646,0.05466666668229598,6.647427933682759,380.86956521739177
32.64068841934204,0.13005522414711504,0.055871886579745636,6.657545784418958,381.4492753623193
32.680684089660645,0.1331587334115218,0.05710331730823576,6.664291018243091,381.83574879227103
32.74082064628601,0.13640528595246706,0.05842648684008957,6.6760951774353225,382.51207729468643
32.780736446380615,0.1393283073117395,0.05965822904758103,6.687899336627554,383.1884057971019
32.84075164794922,0.14239077563566122,0.0609884467584481,6.698017187363753,383.7681159420294
32.88067698478699,0.14559327502606093,0.062414938491909606,6.706448729643919,384.251207729469
32.94069766998291,0.14878117771229785,0.06387375906834385,6.718252888836151,384.92753623188446
32.98067593574524,0.1519541573486777,0.06536475914824434,6.7266844311163165,385.41062801932407
33.04069256782532,0.1546596829197735,0.06667249245926105,6.740174898764582,386.1835748792275
33.08052682876587,0.15779658162795718,0.06823797880725005,6.751979057956815,386.85990338164294
33.140610456466675,0.16061781141622553,0.06968777369421375,6.763783217149047,387.53623188405845
33.18065166473389,0.1637168809184609,0.07132687382277793,6.77558737634128,388.2125603864739
33.240575075149536,0.1670927628586061,0.0731563284529555,6.784018918621445,388.6956521739135
33.28061628341675,0.17015803179612024,0.07485780056611381,6.795823077813678,389.371980676329
33.34070563316345,0.1734993996393214,0.07674955743582461,6.800882003181777,389.6618357487927
33.38043403625488,0.17668166749268904,0.07858326485396694,6.810999853917976,390.2415458937203
33.440728187561035,0.17970292236223823,0.08036171924595167,6.819431396198142,390.7246376811599
33.48065638542175,0.18285063054496084,0.08225413695416209,6.829549246934341,391.3043478260874
33.54061555862427,0.18583528104232885,0.08409336027385586,6.841353406126573,391.98067632850285
33.58063888549805,0.1888011701007984,0.08596268718587396,6.8497849484067395,392.4637681159425
33.64066553115845,0.19174799410221693,0.08786192632716397,6.861589107598972,393.140096618358
33.68060564994812,0.1945344987015657,0.08970137828661724,6.871706958335171,393.71980676328553
33.7401123046875,0.19771922203592565,0.09184637721464958,6.880138500615337,394.2028985507252
33.78062987327576,0.20074631914436122,0.09392627978016276,6.890256351351536,394.7826086956527
33.840667486190796,0.20320277528660188,0.09565713455449944,6.903746818999801,395.55555555555605
33.87994432449341,0.2061799304130284,0.09780791556127802,6.913864669736,396.1352657004836
33.940670013427734,0.20859484325595057,0.09959627542150903,6.927355137384266,396.908212560387
33.98065161705017,0.2109854112748726,0.10141704986539359,6.940845605032532,397.68115942029044
34.04065227508545,0.21348098216101674,0.10337494891404461,6.9560223811368305,398.55072463768175
34.08097052574158,0.21634556842309385,0.10567352611158365,6.962767614960963,398.93719806763346
34.14076280593872,0.21905947932735065,0.1078928883206204,6.974571774153196,399.6135265700489
34.18070077896118,0.2213614441571841,0.1098244661603167,6.988062241801461,400.3864734299523
34.24104380607605,0.2238936711939529,0.11200070549172889,6.99818009253766,400.9661835748798
34.28070306777954,0.22665475802316584,0.11442262851021523,7.008297943273859,401.54589371980734
34.34072160720825,0.22876768399626343,0.11631738762785772,7.02010210246609,402.22222222222274
34.38064789772034,0.23172570098399609,0.11901989222668412,7.026847336290223,402.60869565217445
34.44069504737854,0.23417163917774397,0.12129268296621418,7.036965187026422,403.188405797102
34.480634689331055,0.2365983275258657,0.12358601570579178,7.043710420850555,403.5748792270537
34.54060959815979,0.23924632011271657,0.1261310985818314,7.053828271586754,404.1545893719812
34.58069467544556,0.24150899333155107,0.128354058913742,7.065632430778987,404.83091787439673
34.640668630599976,0.2439848559811568,0.13083619209941755,7.074063973059152,405.31400966183634
34.6806435585022,0.2463207945159908,0.1332218958854744,7.084181823795351,405.89371980676384
34.74071216583252,0.24851496108949997,0.13551250187083586,7.0959859829875835,406.5700483091793
34.78071093559265,0.2505660344238151,0.13770866516300184,7.109476450635849,407.3429951690827
34.84068989753723,0.2530410431999586,0.14042226851351933,7.119594301372048,407.9227053140103
34.88067626953125,0.25572102362379917,0.1434007077917696,7.122966918284115,408.1159420289861
34.940678119659424,0.2581638289082791,0.14614333680934455,7.129712152108248,408.50241545893783
34.98059868812561,0.2601396817180029,0.1484074129350308,7.143202619756513,409.2753623188412
35.04003596305847,0.2625264916407111,0.15119890894591614,7.149947853580646,409.6618357487929
35.08073282241821,0.2645653793603906,0.15362876071074033,7.161752012772879,410.3381642512084
35.140650272369385,0.2669000010808975,0.1564640478228446,7.168497246597012,410.7246376811601
35.1806058883667,0.2693181786882074,0.15944664738986356,7.176928788877177,411.20772946859967
35.2407808303833,0.2710793808128772,0.16167212157702868,7.192105564981476,412.077294685991
35.280672550201416,0.27332687930717503,0.16457695584150164,7.1988507988056085,412.4637681159427
35.340978145599365,0.27514160108009067,0.1669721217888844,7.2123412664538735,413.23671497584604
35.380704402923584,0.27702501305777627,0.1695243760972928,7.224145425646106,413.91304347826156
35.44064474105835,0.2785800755499231,0.17169615489294585,7.241008510206438,414.87922705314077
35.48062992095947,0.2806828887986245,0.17470738188987137,7.247753744030571,415.2657004830925
35.54063129425049,0.2829546569465798,0.1780077553669689,7.254498977854704,415.6521739130442
35.58069372177124,0.2850166572216172,0.18104707543100837,7.261244211678837,416.0386473429959
35.64064598083496,0.2868678400659314,0.18382580058298814,7.271362062415036,416.61835748792345
35.680713176727295,0.2886860941892009,0.18662618329550118,7.284852530063302,417.39130434782686
35.740705490112305,0.29056291721877425,0.1895873344782015,7.293284072343467,417.8743961352664
35.780885457992554,0.2925965627923686,0.19284429146266976,7.298342997711567,418.1642512077302
35.84072494506836,0.294075258742959,0.19526669245494735,7.313519773815865,419.03381642512153
35.88067674636841,0.2956912456987308,0.1979961299228616,7.3253239330080975,419.710144927537
35.94064164161682,0.29744160277968484,0.2010337492374398,7.33712809220033,420.38647342995245
35.9809410572052,0.29890886026084984,0.20365618903895313,7.350618559848596,421.15942028985586
36.04066467285156,0.3005046383517983,0.2065890517493058,7.360736410584795,421.7391304347834
36.080888986587524,0.30214635089098113,0.20968673813592315,7.372540569777027,422.4154589371989
36.14063286781311,0.30359852399415105,0.2125067445208288,7.38434472896926,423.09178743961434
36.18062949180603,0.3050944991355444,0.21549174866984794,7.394462579705459,423.6714975845419
36.24067807197571,0.3067123286192651,0.218789011071831,7.401207813529592,424.0579710144936
36.280619621276855,0.30830788066174886,0.222097111019785,7.4079530473537245,424.4444444444453
36.34071350097656,0.3097329745472973,0.22511659753419447,7.4180708980899235,425.0241545893728
36.38064002990723,0.3114124760717126,0.2287542712738088,7.424816131914056,425.4106280193245
36.44098520278931,0.31285784425622387,0.2319482956666942,7.433247674194222,425.8937198067641
36.48061490058899,0.31434660448156476,0.23530581030960646,7.439992908018355,426.28019323671583
36.54090690612793,0.3158763548490619,0.2388276488821164,7.44842445029852,426.76328502415544
36.580620527267456,0.31731398932938726,0.24220737056990477,7.455169684122653,427.14975845410714
36.64081358909607,0.31885741289527714,0.24590483447137135,7.461914917946786,427.53623188405885
36.680678844451904,0.32011757435418553,0.24899678927227162,7.472032768682985,428.11594202898635
36.74071955680847,0.3215397361705995,0.25256343179509483,7.477091694051085,428.40579710145016
36.78064250946045,0.32262679655083826,0.25536491974943465,7.49058216169935,429.1787439613535
36.84067678451538,0.3239764986134016,0.25895960853429334,7.499013703979515,429.6618357487931
36.88072443008423,0.3250018884694939,0.2617842519934965,7.512504171627781,430.43478260869654
36.940624713897705,0.32633727192255085,0.2655618367562377,7.515876788539847,430.62801932367233
36.98073601722717,0.3274862035506957,0.26887406215994936,7.524308330820013,431.11111111111194
37.04064226150513,0.32866348047623706,0.2723530462970956,7.531053564644146,431.49758454106365
37.08063220977783,0.3297070279531975,0.2755246704956188,7.541171415380345,432.07729468599115
37.14066171646118,0.330873228191972,0.27918301166625326,7.54960295766051,432.56038647343075
37.180596113204956,0.33196213829414734,0.2826906585092675,7.556348191484643,432.94685990338246
37.24066472053528,0.33297611529571,0.28604665786139,7.564779733764809,433.42995169082207
37.28058409690857,0.33381365675435615,0.2889325822078767,7.578270201413074,434.2028985507254
37.3406867980957,0.3347538257613271,0.2923100018219424,7.586701743693239,434.685990338165
37.38065433502197,0.33561935383540364,0.2955347580214579,7.596819594429438,435.2657004830926
37.44066071510315,0.3364079775442296,0.2986071049059025,7.6086237536216705,435.94202898550805
37.48063564300537,0.33724521253645157,0.30201150185381315,7.617055295901836,436.42512077294765
37.54063892364502,0.3380952267979699,0.30558456599277606,7.623800529725969,436.81159420289936
37.58061385154724,0.3388006787413007,0.30867706987929416,7.635604688918201,437.4879227053148
37.64064383506775,0.3396230529407476,0.3124276943331366,7.640663614286301,437.77777777777857
37.68059706687927,0.3403078820055948,0.3156955989439337,7.654154081934567,438.550724637682
37.74071383476257,0.34095408938914834,0.3189713595290145,7.664271932670766,439.13043478260954
37.78066039085388,0.34166225748093587,0.32274521446415055,7.672703474950931,439.6135265700491
37.84072947502136,0.3423449541216788,0.32652376027099145,7.677762400319031,439.9033816425129
37.880653381347656,0.3428773106498343,0.3296507139418042,7.692939176423329,440.7729468599042
37.940643548965454,0.3434770165695868,0.33344331673243366,7.701370718703495,441.25603864734376
37.98061966896057,0.34396232090791695,0.33674674996053533,7.714861186351761,442.02898550724717
38.040658950805664,0.34445936297428015,0.34038574168492725,7.721606420175894,442.4154589371989
38.080753564834595,0.3448541536113152,0.3435330235416074,7.736783196280192,443.2850241545902
38.14064931869507,0.3452435352762443,0.3470171680463835,7.7485873554724245,443.96135265700565
38.18066906929016,0.34559764555808536,0.3505050738535175,7.75701889775259,444.44444444444525
38.2407329082489,0.34593471305560897,0.35416235386577255,7.767136748488789,445.0241545893728
38.28063726425171,0.34624093242629767,0.3578223458443078,7.773881982312922,445.4106280193245
38.34060263633728,0.3465320260521674,0.3616510202387496,7.7823135245930875,445.8937198067641
38.380667209625244,0.3467764860558923,0.365315655403743,7.792431375329286,446.4734299516916
38.44065451622009,0.3470029780943201,0.36914869394701455,7.797490300697386,446.7632850241554
38.480656147003174,0.3471917947324667,0.372816617046411,7.807608151433585,447.34299516908294
38.540971517562866,0.3473856974514095,0.37715284180884107,7.810980768345651,447.5362318840588
38.580594301223755,0.34754443316877787,0.3811563650794646,7.817726002169784,447.9227053140105
38.64062142372131,0.34764069821983895,0.38432685017995366,7.829530161362016,448.59903381642596
38.68065905570984,0.34771191831179993,0.3879989394060521,7.839648012098215,449.17874396135346
38.740763425827026,0.34774147755995616,0.39150465007038154,7.851452171290448,449.855072463769
38.78059196472168,0.3477380993205403,0.39551131753772784,7.858197405114581,450.2415458937207
38.84072518348694,0.3477060065898536,0.39868310138741175,7.870001564306813,450.91787439613614
38.880085468292236,0.347628311944078,0.4026890169067919,7.876746798130946,451.30434782608785
38.94065451622009,0.34753739344318907,0.40585965983192157,7.8885509573231785,451.9806763285033
38.98065114021301,0.3473918857022681,0.4095295561633265,7.898668808059377,452.56038647343087
39.040724754333496,0.3472092545793915,0.4131977924505474,7.908786658795576,453.14009661835837
39.08068585395813,0.3470024575008269,0.416697523294404,7.917218201075742,453.623188405798
39.14065337181091,0.3467518181423414,0.42036174101417795,7.927336051811941,454.20289855072554
39.180670738220215,0.3464742487268887,0.42385657094290835,7.939140211004173,454.879227053141
39.24074339866638,0.3461804819295897,0.42701488438544116,7.954316987108472,455.7487922705323
39.28069543838501,0.3458146103138561,0.4305015760798622,7.962748529388637,456.23188405797185
39.340628147125244,0.34538171039149085,0.43431681929293436,7.971180071668803,456.71497584541146
39.38021492958069,0.34500518436374844,0.4372981383263537,7.988043156229135,457.6811594202907
39.44073939323425,0.34449587222243017,0.44093543302552685,7.998161006965334,458.26086956521823
39.480597734451294,0.34392816473126736,0.4447329573930793,8.0065925492455,458.7439613526579
39.540661096572876,0.34335759190198595,0.4483611467806958,8.013337783069634,459.13043478260965
39.58062219619751,0.34275644848409015,0.45198439645150895,8.023455633805833,459.7101449275372
39.64066672325134,0.34214475574107356,0.4554364556919168,8.035259792998065,460.3864734299527
39.68071365356445,0.3414643342110068,0.45904565756038423,8.045377643734264,460.9661835748802
39.7407751083374,0.3407829166298448,0.46248463285707186,8.05380918601443,461.4492753623198
39.780632972717285,0.3400356674914089,0.4660805931336926,8.063927036750629,462.02898550724734
39.84071207046509,0.3392520738323629,0.46966880892478297,8.074044887486828,462.60869565217484
39.88054299354553,0.3383981056904361,0.47341236626109434,8.082476429766993,463.09178743961445
39.940693855285645,0.33751260431503805,0.47714859034857154,8.090907972047159,463.57487922705405
39.9806764125824,0.33670703898199866,0.48038884587669484,8.104398439695423,464.34782608695735
40.040586948394775,0.3357398513913664,0.48410476181791356,8.112829981975588,464.83091787439696
40.08072829246521,0.3347817901393901,0.487650383092583,8.122947832711787,465.41062801932446
40.14069223403931,0.33378790447104284,0.4911861295292186,8.133065683447986,465.990338164252
40.18048596382141,0.3326280324128316,0.4951953371642328,8.138124608816085,466.2801932367157
40.24061131477356,0.3314918586064354,0.4990375376649943,8.144869842640219,466.6666666666675
40.2806601524353,0.33042070728622563,0.5025506483144245,8.154987693376418,467.24637681159504
40.340686082839966,0.32941466999893243,0.5057343694658296,8.165105544112617,467.82608695652254
40.38078165054321,0.3283217534140419,0.5090654975554737,8.17690970330485,468.50241545893806
40.44069504737854,0.3272923567138071,0.5120657617381791,8.192086479409149,469.3719806763294
40.480687856674194,0.32610997186328855,0.5153661930852016,8.203890638601381,470.0483091787449
40.539803981781006,0.3248887114751988,0.5186524377619759,8.215694797793613,470.72463768116035
40.58065342903137,0.3235774210163067,0.522083156187954,8.222440031617746,471.111111111112
40.64075970649719,0.3222372512628223,0.5255026965982683,8.232557882353944,471.6908212560395
40.6802122592926,0.3208625522967976,0.5289085025731791,8.242675733090143,472.27053140096706
40.740623235702515,0.3193316076144152,0.5326111508127338,8.249420966914276,472.6570048309187
40.780627489089966,0.31789967442870415,0.5359932919892056,8.259538817650474,473.23671497584627
40.8406822681427,0.31643359512077496,0.5393607722116849,8.269656668386673,473.8164251207738
40.88069248199463,0.3149391752095296,0.542715771573056,8.276401902210806,474.2028985507254
40.940738916397095,0.31335025609254047,0.5462113143288155,8.284833444490971,474.685990338165
40.980632305145264,0.31200367701912424,0.5490832418229414,8.30001022059527,475.5555555555564
41.040650606155396,0.31054304074563915,0.5520856963304915,8.313500688243536,476.3285024154598
41.08078646659851,0.3089696247460156,0.5552186251683799,8.325304847435769,477.00483091787527
41.140692710876465,0.3068471190352071,0.5593834090329411,8.325304847435769,477.00483091787527
41.18067979812622,0.3050892252787382,0.5627971009725637,8.333736389715934,477.4879227053149
41.24107623100281,0.3036038663147157,0.5655997696080747,8.348913165820234,478.35748792270624
41.28061389923096,0.3016889326055776,0.5691192048604979,8.355658399644366,478.7439613526579
41.34068417549133,0.2999848766030568,0.5721830381052123,8.367462558836598,479.42028985507335
41.380738496780396,0.2980049926856771,0.5756663490703853,8.37420779266073,479.806763285025
41.44066524505615,0.2960075123685148,0.5791395994196895,8.377580409572797,480.00000000000085
41.480684757232666,0.29415505499933703,0.5823109892224899,8.387698260308996,480.5797101449284
41.540735721588135,0.2923537255777155,0.5853186616325016,8.399502419501228,481.25603864734387
41.58063220977783,0.2905220576958683,0.5883079548235007,8.407933961781394,481.7391304347835
41.640724182128906,0.2884939072452482,0.5915683365292718,8.412992887149493,482.02898550724717
41.680681467056274,0.2864438110628342,0.5948149638193265,8.42142442942966,482.5120772946869
41.740716218948364,0.2841046902959362,0.598471322320977,8.424797046341727,482.7053140096628
41.780701875686646,0.28228643617266674,0.60127170503349,8.434914897077926,483.2850241545903
41.839733600616455,0.2804352533283525,0.6040504301854698,8.448405364726192,484.0579710144937
41.88067293167114,0.2783681307564082,0.6070862687612978,8.455150598550324,484.44444444444537
41.94071578979492,0.2762805779236768,0.6101080951554645,8.461895832374456,484.830917874397
41.98069787025452,0.2742612473536173,0.6129739606547453,8.473699991566688,485.50724637681253
42.040727615356445,0.2725954031754278,0.6152716837572256,8.488876767670988,486.37681159420384
42.080676794052124,0.27049949321732075,0.6180820293691838,8.500680926863218,487.05314009661925
42.140697717666626,0.26827163948912813,0.6210019573394778,8.510798777599417,487.63285024154675
42.180713415145874,0.2659143078424476,0.6240328764451676,8.519230319879583,488.11594202898635
42.24069166183472,0.2639417139224628,0.6265168482564646,8.531034479071815,488.7922705314018
42.28066444396973,0.2618323971941101,0.6291050859450897,8.544524946720081,489.5652173913052
42.34067726135254,0.2593742041863055,0.6320547927532416,8.552956489000247,490.04830917874483
42.38073110580444,0.25700627771167417,0.6348623247293137,8.556329105912313,490.24154589372074
42.44070315361023,0.25462417850367186,0.6376578416670484,8.563074339736445,490.6280193236724
42.480661153793335,0.2525446078160202,0.6400529676527825,8.574878498928678,491.30434782608785
42.540708780288696,0.25032808336607126,0.6425500080521568,8.584996349664877,491.88405797101535
42.58064413070679,0.24786683411924396,0.6452760975097717,8.591741583489009,492.27053140096706
42.640676498413086,0.2458268972099528,0.6474826088817586,8.60860466804934,493.2367149758462
42.68063998222351,0.2432974872344661,0.6501455765424401,8.618722518785539,493.8164251207738
42.740702390670776,0.24074126367726395,0.6527828161431461,8.628840369521738,494.3961352657013
42.7806613445282,0.23815848821902916,0.6553940577095791,8.638958220257937,494.97584541062884
42.84068059921265,0.23566593945107042,0.6578594342833487,8.65076237945017,495.6521739130443
42.88069272041321,0.23314446331297187,0.6602952173393994,8.662566538642402,496.32850241545975
42.94070291519165,0.23035599638250728,0.662934902035605,8.670998080922567,496.81159420289936
42.98071646690369,0.22790622904201135,0.6652035649393366,8.684488548570833,497.58454106280277
43.04069137573242,0.22493911438187517,0.6678960779290913,8.691233782394965,497.9710144927544
43.080655097961426,0.222076131048856,0.6704547513260944,8.69966532467513,498.454106280194
43.140647411346436,0.21919167617395752,0.6729891946954265,8.708096866955296,498.93719806763363
43.18071007728577,0.2164102671838662,0.6753877516815676,8.718214717691495,499.51690821256113
43.24083113670349,0.21347929884615027,0.6778682572189497,8.72664625997166,500.00000000000074
43.28073859214783,0.21052752045090278,0.6803239622955065,8.735077802251826,500.48309178744034
43.34093928337097,0.2080653190336089,0.6823236640015504,8.750254578356126,501.3526570048317
43.380674839019775,0.2053180392067479,0.6845015837806211,8.758686120636291,501.8357487922713
43.440672636032104,0.2024188991926099,0.6867564227470112,8.76880397137249,502.4154589371988
43.480626583099365,0.19937017917654473,0.689090686952563,8.773862896740589,502.7053140096626
43.54067897796631,0.1964371531695894,0.691301268330493,8.783980747476788,503.2850241545901
43.580663442611694,0.19375056968705426,0.6932838072543726,8.794098598212987,503.86473429951764
43.64076042175293,0.19144305471667286,0.6949360611522786,8.812647991229353,504.92753623188486
43.68072533607483,0.18883633949004866,0.696743345983113,8.824452150421585,505.6038647343003
43.74069619178772,0.18620548108340348,0.6985153016193137,8.839628926525885,506.4734299516917
43.780861616134644,0.18299566030242187,0.700622559000759,8.84806046880605,506.9565217391313
43.84074592590332,0.18018763715453717,0.7024289912287355,8.85817831954225,507.5362318840588
43.880621671676636,0.1769392824714515,0.7044763492752315,8.866609861822415,508.0193236714984
43.940661907196045,0.17409823610218864,0.7062303865955376,8.876727712558614,508.5990338164259
43.98069143295288,0.17038578131955498,0.7084794137055621,8.883472946382746,508.9855072463776
44.040701389312744,0.1676577073479043,0.7100977014233926,8.895277105574978,509.66183574879307
44.08077430725098,0.1646245252091395,0.7118557364413096,8.903708647855144,510.1449275362327
44.14064908027649,0.1620058051661334,0.7133296225851328,8.920571732415475,511.1111111111118
44.18071222305298,0.1590742889851649,0.7149278729641562,8.930689583151674,511.6908212560394
44.24074673652649,0.15583199859961125,0.7166532322431683,8.940807433887873,512.2705314009669
44.280659198760986,0.15286874309172283,0.7181918381668204,8.950925284624072,512.8502415458944
44.34068727493286,0.149887532501259,0.7196953589710112,8.964415752272338,513.6231884057978
44.38073396682739,0.14644039453554944,0.7213867261585375,8.972847294552503,514.1062801932375
44.440654277801514,0.14283009191551357,0.7231242849627668,8.979592528376635,514.4927536231891
44.48065662384033,0.1402594576313638,0.7243269518571451,8.994769304480934,515.3623188405804
44.54061698913574,0.1372152126913626,0.725698361401594,9.0082597721292,516.1352657004838
44.58065056800842,0.13385145163069914,0.7271729539258839,9.015005005953332,516.5217391304355
44.640673875808716,0.13001917255659146,0.7288260377562542,9.020063931321431,516.8115942028993
44.68062138557434,0.12694559743486614,0.7301303871589986,9.026809165145565,517.198067632851
44.74065375328064,0.12340469380905339,0.7316154745740631,9.028495473601598,517.294685990339
44.78064966201782,0.12031593642757894,0.7328834529775524,9.041985941249864,518.0676328502424
44.84073567390442,0.11752091314701535,0.7339870289331184,9.05547640889813,518.8405797101458
44.88063669204712,0.11455611446710652,0.7351145090970634,9.067280568090363,519.5169082125612
44.940706729888916,0.11095576760776198,0.7364490448253542,9.072339493458461,519.806763285025
44.980631589889526,0.10750448351572992,0.7377052095048504,9.079084727282595,520.1932367149767
45.040745973587036,0.10341823518132111,0.7391691145578734,9.082457344194662,520.3864734299526
45.08073663711548,0.10011088282965608,0.7403319995191142,9.090888886474827,520.8695652173922
45.14066815376282,0.09632107544097566,0.7416322900878319,9.09763412029896,521.2560386473439
45.18064284324646,0.09315210100034788,0.7426838567228942,9.111124587947225,522.0289855072473
45.240750551223755,0.08981097985717706,0.7437458315426528,9.122928747139458,522.7053140096627
45.28058958053589,0.08614198003244442,0.7448780521058773,9.127987672507558,522.9951690821265
45.34074425697327,0.08278342660220973,0.7458835369975606,9.139791831699789,523.671497584542
45.3807213306427,0.08005386461325888,0.7466607497291562,9.154968607804088,524.5410628019333
45.441115617752075,0.07651067805894923,0.7476277764233517,9.16171384162822,524.9275362318849
45.48064398765564,0.07295946401821166,0.7485648945710767,9.17183169236442,525.5072463768124
45.54063844680786,0.06940047494857131,0.7494720375521484,9.178576926188551,525.8937198067641
45.58065485954285,0.066319668688433,0.7502269385522613,9.190381085380784,526.5700483091796
45.64067459106445,0.06290629949362951,0.7510268083861161,9.19881262766095,527.0531400966191
45.680317878723145,0.058837999516582855,0.7519584651624226,9.200498936116983,527.1497584541071
45.74069261550903,0.05606631232302181,0.7525686441384037,9.215675712221282,528.0193236714985
45.78086042404175,0.052308222020605165,0.753356197562978,9.22073463758938,528.3091787439622
45.84073996543884,0.04903633243544149,0.7540217273788584,9.227479871413513,528.6956521739138
45.88067865371704,0.04608765858963344,0.7546008280433749,9.234225105237645,529.0821256038655
45.940619468688965,0.042807088693871224,0.7552221593176135,9.240970339061777,529.4685990338172
45.98065948486328,0.03935869981704021,0.7558542156167615,9.246029264429875,529.7584541062809
46.0407989025116,0.03639979189669061,0.7563785236822043,9.25277449825401,530.1449275362327
46.08067297935486,0.033274194803817735,0.7569187880114945,9.254460806710043,530.2415458937205
46.14070534706116,0.030311817641995174,0.7574231257750103,9.25783342362211,530.4347826086964
46.180214643478394,0.027019347177001485,0.7579779497385091,9.25783342362211,530.4347826086964
46.240694761276245,0.023561763225376783,0.75855759983004,9.259519732078143,530.5314009661844
46.280635356903076,0.02076120004613429,0.7590173977864849,9.264578657446243,530.8212560386482
46.34068846702576,0.01762859916951747,0.7595154484669365,9.269637582814344,531.111111111112
46.380698442459106,0.013836503371507637,0.7601183519222201,9.264578657446243,530.8212560386482
46.440820932388306,0.010703902494890817,0.7606164026026717,9.269637582814344,531.111111111112
46.48067784309387,0.0070761954777669705,0.7611900343520002,9.266264965902277,530.9178743961362
46.5407235622406,0.003613847140453644,0.7617405114198678,9.26795127435831,531.014492753624
46.58073377609253,0.00015149880314031718,0.7622909884877354,9.266264965902277,530.9178743961362
46.640700817108154,-0.0033099163376501743,0.7628473033574367,9.264578657446243,530.8212560386482
46.680654764175415,-0.0066060542912082364,0.763379906384505,9.264578657446243,530.8212560386482
46.74077224731445,-0.010395051533712781,0.7640019859726364,9.259519732078143,530.5314009661844
46.78061580657959,-0.014346016091705209,0.764667774728835,9.256147115166076,530.3381642512085
46.84067463874817,-0.01796669928948834,0.7652841875509098,9.256147115166076,530.3381642512085
46.88069486618042,-0.02142230864291415,0.7658754954298194,9.254460806710043,530.2415458937205
46.94065523147583,-0.025205926176391846,0.7665294996179075,9.25277449825401,530.1449275362327
46.98041296005249,-0.028988435477984936,0.7671898832193381,9.251088189797976,530.0483091787447
47.04068112373352,-0.03194909485713148,0.7677042090589258,9.254460806710043,530.2415458937205
47.080819606781006,-0.035567678542755034,0.7683328295295329,9.251088189797976,530.0483091787447
47.14063000679016,-0.03934906885638566,0.7689995906664157,9.249401881341942,529.9516908212568
47.18069052696228,-0.04329309494787426,0.7697053199318212,9.246029264429875,529.7584541062809
47.24075245857239,-0.04707106379312314,0.7703912022263919,9.244342955973842,529.6618357487929
47.280609130859375,-0.05084787065822377,0.771083454363554,9.242656647517808,529.5652173913049
47.339759826660156,-0.054787046754235125,0.7718157707507839,9.239284030605742,529.3719806763291
47.380733251571655,-0.05937688477608715,0.7727011193059219,9.229166179869543,528.7922705314015
47.4410355091095,-0.06330582343598068,0.7734865087718474,9.225793562957476,528.5990338164257
47.47989058494568,-0.06739638539393997,0.7743149723619779,9.224107254501442,528.5024154589378
47.54075026512146,-0.07131993707897585,0.7751268453700554,9.21736202067731,528.1159420289861
47.58066201210022,-0.07605331462737602,0.7761438062290731,9.208930478397145,527.6328502415465
47.64071869850159,-0.0796408684527905,0.776930425028544,9.208930478397145,527.6328502415465
47.681004762649536,-0.08420172289339453,0.7779546622581671,9.198812627660946,527.053140096619
47.74074625968933,-0.0884286325253716,0.7789414137049987,9.192067393836814,526.6666666666673
47.78069233894348,-0.09281021345154224,0.779999396408902,9.183635851556648,526.1835748792278
47.84077763557434,-0.09686053286169632,0.7810063530752013,9.178576926188548,525.8937198067639
47.8806939125061,-0.10090570634570874,0.7820337870323578,9.173518000820447,525.6038647343001
47.94067072868347,-0.10526690967477785,0.78317285873197,9.165086458540282,525.1207729468605
47.9806752204895,-0.10977848886522144,0.7843960138076983,9.154968607804083,524.541062801933
48.040708780288696,-0.11395808716725374,0.785567082331899,9.14822337397995,524.1545893719813
48.080806016922,-0.11828908606095799,0.7868160928991375,9.139791831699785,523.6714975845417
48.14072251319885,-0.12277053408725667,0.7881454080305141,9.133046597875653,523.28502415459
48.18078947067261,-0.1270798560336823,0.7894672715546328,9.12124243868342,522.6086956521746
48.24071741104126,-0.13169130563923606,0.7909415866294763,9.109438279491188,521.9323671497591
48.2807412147522,-0.13565583588739002,0.7922460209756769,9.10437935412309,521.6425120772954
48.34070873260498,-0.13992792861136638,0.7936836588202292,9.095947811842922,521.1594202898557
48.38105797767639,-0.1438722059361419,0.7950481094193119,9.087516269562757,520.6763285024161
48.440683364868164,-0.1478071900639973,0.7964391338495795,9.082457344194658,520.3864734299524
48.480698585510254,-0.1522024232013366,0.7980304794435215,9.07233949345846,519.8067632850249
48.54072284698486,-0.15642626951295585,0.7996042332839175,9.063907951178294,519.3236714975852
48.580650329589844,-0.16032732040757272,0.8010877598154242,9.058849025810193,519.0338164251215
48.64009952545166,-0.1643752366002183,0.8026545456821088,9.05210379198606,518.6473429951697
48.680739641189575,-0.16825850433866635,0.8041840164152724,9.04704486661796,518.3574879227059
48.740718841552734,-0.17244119620423107,0.8058640960479325,9.038613324337792,517.8743961352661
48.78066682815552,-0.1759944953967361,0.8073192757503129,9.033554398969692,517.5845410628024
48.84073781967163,-0.17954286662630936,0.8087864310709294,9.031868090513658,517.4879227053144
48.88067293167114,-0.183547041306481,0.8104618499992566,9.025122856689526,517.1014492753627
48.940651416778564,-0.18708291617279252,0.8119588710570455,9.023436548233493,517.0048309178749
48.98073124885559,-0.19092074865961992,0.8135990207011717,9.018377622865394,516.7149758454111
49.04066610336304,-0.1947474307306191,0.8152650199147277,9.009946080585227,516.2318840579715
49.08070707321167,-0.19886492994684726,0.8170990807148925,9.001514538305061,515.7487922705318
49.14073395729065,-0.2029668190276121,0.8189677927803116,8.993082996024896,515.2657004830922
49.18078851699829,-0.2067501406387428,0.8207300432275599,8.98465145374473,514.7826086956526
49.24071526527405,-0.21052449878175464,0.8225114105844955,8.982965145288697,514.6859903381646
49.28071570396423,-0.21384461103581415,0.8240818137831585,8.982965145288697,514.6859903381646
49.340728998184204,-0.21761293985475824,0.8258759004489555,8.977906219920598,514.396135265701
49.38072466850281,-0.22151773033112135,0.8277714359380532,8.9677883691844,513.8164251207735
49.440675497055054,-0.2251102680970879,0.8295454336850915,8.964415752272334,513.6231884057977
49.480669260025024,-0.22839792456697292,0.83118269558288,8.961043135360267,513.4299516908218
49.54067420959473,-0.23242084603883145,0.8332158413340746,8.952611593080102,512.9468599033822
49.58070373535156,-0.23657303023951204,0.8353628908198903,8.942493742343903,512.3671497584546
49.640732288360596,-0.24011640214202282,0.837233161165827,8.93574850851977,511.98067632850297
49.68067979812622,-0.24394130111948556,0.8392851336965713,8.929003274695638,511.5942028985513
49.74068284034729,-0.2476073795074264,0.8412798563102569,8.923944349327538,511.3043478260875
49.780630350112915,-0.251552122944914,0.8434608143627511,8.91551280704737,510.82125603864785
49.84070801734924,-0.25562181544696216,0.8457603921652393,8.905394956311172,510.2415458937203
49.880634784698486,-0.25938267745548754,0.8479275009321349,8.89864972248704,509.85507246376864
49.9407320022583,-0.26312883636364104,0.8501199281007283,8.891904488662908,509.468599033817
49.98067235946655,-0.2671471436798143,0.852508162059894,8.885159254838776,509.08212560386534
50.04071378707886,-0.2707222703435106,0.8546616518765876,8.880100329470675,508.7922705314015
50.080700635910034,-0.27442711891993515,0.8569231868598435,8.873355095646541,508.40579710144976
50.14084267616272,-0.27797657696442596,0.8591187270308436,8.868296170278441,508.11594202898596
50.180712938308716,-0.2817979470102046,0.8615092729491574,8.86323724491034,507.8260869565221
50.24075794219971,-0.2856031054547112,0.8639255403239612,8.854805702630175,507.34299516908254
50.280625343322754,-0.28938775602479566,0.8663738047861261,8.84637416035001,506.85990338164294
50.3406879901886,-0.29315580650681755,0.8688475417121705,8.84131523498191,506.5700483091791
50.380648612976074,-0.296633110087997,0.8711556597456325,8.836256309613809,506.28019323671526
50.441004037857056,-0.3003716983500717,0.8736737019654965,8.827824767333643,505.7971014492757
50.480748414993286,-0.3042243673971715,0.8763208506852406,8.817706916597444,505.21739130434815
50.54074764251709,-0.3079156070147414,0.8789078042797265,8.809275374317279,504.73429951690855
50.58100414276123,-0.3113171868026866,0.8813261309736035,8.80421644894918,504.44444444444485
50.640828371047974,-0.3149731923807699,0.8839626442065239,8.795784906669013,503.96135265700514
50.68065619468689,-0.31860683839584375,0.8866298891243143,8.787353364388848,503.47826086956553
50.740694761276245,-0.3220863139154109,0.889224825262923,8.780608130564715,503.0917874396139
50.78066611289978,-0.3250230634724414,0.891430457513596,8.780608130564715,503.0917874396139
50.840763330459595,-0.32834968284380633,0.8939509044204232,8.77217658828455,502.6086956521743
50.88067126274109,-0.33152890105724936,0.8963893398117562,8.768803971372483,502.4154589371984
50.94067120552063,-0.33509392492728435,0.8991476334183944,8.763745046004384,502.1256038647347
50.980732679367065,-0.33864026250233126,0.9019299110138459,8.755313503724217,501.642512077295
51.04064464569092,-0.34164918802698857,0.9043152517242565,8.753627195268184,501.54589371980705
51.08066415786743,-0.3447826304008546,0.9068122368055203,8.750254578356117,501.3526570048312
51.14071798324585,-0.34816346486001665,0.9095344421273994,8.743509344531985,500.96618357487955
51.18072962760925,-0.35113993820193556,0.911960156365005,8.738450419163886,500.6763285024158
51.240885496139526,-0.35461477216283144,0.9148312376523505,8.730018876883719,500.19323671497614
51.28071689605713,-0.3578142063703578,0.917511287988405,8.724959951515618,499.90338164251233
51.34071087837219,-0.3612499930844091,0.9204289837350327,8.716528409235451,499.4202898550726
51.38072896003723,-0.36441298212378564,0.9231519507544546,8.71146948386735,499.1304347826088
51.44071173667908,-0.36768571951286594,0.9260032019599503,8.704724250043217,498.74396135265704
51.48088073730469,-0.370816346602507,0.9287633148340337,8.699665324675117,498.45410628019323
51.54066562652588,-0.3740552001440851,0.9316529984137587,8.692920090850983,498.06763285024147
51.58070206642151,-0.377153029073193,0.9344498725578807,8.687861165482882,497.77777777777766
51.640756130218506,-0.380231922102759,0.9372675784979257,8.679429623202715,497.29468599033794
51.68072056770325,-0.38377575256933794,0.940566114238011,8.67099808092255,496.81159420289833
51.74075746536255,-0.38693044742189614,0.9435474467994619,8.664252847098417,496.4251207729467
51.7807080745697,-0.3901828889516265,0.9466682164016635,8.655821304818252,495.9420289855071
51.840736627578735,-0.3932868631941728,0.9497023204467375,8.645703454082053,495.3623188405796
51.88065004348755,-0.3964754921836282,0.9528882620629548,8.63389929488982,494.6859903381641
51.940685510635376,-0.3996317236313164,0.9561063021284241,8.625467752609655,494.2028985507245
51.98069787025452,-0.4024154756953744,0.9589879891433939,8.618722518785523,493.81642512077286
52.04070019721985,-0.4051846139602464,0.9618837220171953,8.615349901873456,493.62318840579695
52.08064794540405,-0.4082806131586762,0.9651597512871596,8.60691835959329,493.14009661835735
52.1406946182251,-0.4113488806570418,0.9684617678487192,8.598486817313125,492.6570048309178
52.18087291717529,-0.414498891826679,0.9719154448402869,8.588368966576926,492.07729468599024
52.24073338508606,-0.4175053845849673,0.9752738045751428,8.57993742429676,491.59420289855063
52.28074359893799,-0.42026285687680187,0.9784067577525523,8.571505882016595,491.11111111111103
52.34068703651428,-0.42310028567411617,0.9816914862458826,8.561388031280396,490.5314009661835
52.3806836605072,-0.42590991861531324,0.9850000216001542,8.554642797456264,490.1449275362319
52.44069147109985,-0.42869155596222724,0.9883321286099872,8.544524946720065,489.5652173913043
52.480754375457764,-0.43154207861576294,0.9918238473008357,8.532720787527833,488.88888888888886
52.540666580200195,-0.4340522513447429,0.9949467351433747,8.529348170615766,488.69565217391295
52.580615758895874,-0.43675445541513813,0.9983435772970027,8.522602936791634,488.3091787439613
52.64071798324585,-0.43922759105553943,1.001495877363711,8.515857702967502,487.92270531400965
52.680686473846436,-0.4418837256397096,1.0049288633126336,8.50911246914337,487.536231884058
52.740646839141846,-0.4447129050298694,1.0086499114323466,8.49899461840717,486.9565217391305
52.78065800666809,-0.44672027557458144,1.0113179921825397,8.49899461840717,486.9565217391305
52.84073090553284,-0.4491237177573001,1.0145237465837253,8.495622001495104,486.7632850241546
52.88060426712036,-0.45160755089650984,1.017877792198895,8.487190459214938,486.280193236715
52.94072651863098,-0.45406870388061665,1.0212485154211277,8.48213153384684,485.9903381642513
52.97988224029541,-0.4564177480001534,1.02449434156109,8.478758916934773,485.79710144927543
53.04066514968872,-0.45875583185266844,1.0277480716520782,8.475386300022706,485.6038647342995
53.08070087432861,-0.4609886011206763,1.0308718873498293,8.473699991566672,485.50724637681157
53.14068913459778,-0.4635910931019432,1.0345521881937525,8.465268449286507,485.024154589372
53.180712938308716,-0.46597776761645887,1.0379760506053919,8.460209523918408,484.73429951690827
53.24088191986084,-0.4680653204491903,1.0409978769995585,8.456836907006341,484.5410628019324
53.28066301345825,-0.4702397640404086,1.0441625694311047,8.455150598550308,484.44444444444446
53.340718507766724,-0.47231200303111665,1.0471949178859028,8.45177798163824,484.2512077294686
53.380760192871094,-0.47474285189377047,1.0507909458698956,8.445032747814109,483.86473429951695
53.44073176383972,-0.47687440573563905,1.0539846837014797,8.43997382244601,483.5748792270532
53.48064827919006,-0.47935131882970133,1.05775064710263,8.431542280165843,483.09178743961354
53.54065179824829,-0.4815332237776247,1.0611111063576455,8.428169663253776,482.89855072463763
53.58065366744995,-0.48395910841860257,1.0649101407774697,8.416365504061543,482.2222222222222
53.6408314704895,-0.4865163415954714,1.069021056841268,8.404561344869311,481.5458937198067
53.68069291114807,-0.4886908944639866,1.072583411241676,8.39950241950121,481.25603864734285
53.74063801765442,-0.49084136913240756,1.0761603523584062,8.391070877221043,480.7729468599032
53.780696392059326,-0.49313122774527385,1.080042893581294,8.382639334940878,480.2898550724636
53.840691328048706,-0.49505949499100316,1.083363325563239,8.37758040957278,479.9999999999999
53.88067960739136,-0.4972170838751586,1.0871296571553448,8.370835175748645,479.6135265700481
53.94070243835449,-0.4991116573605265,1.0904694287682277,8.369148867292612,479.51690821256017
53.980666399002075,-0.5010005962697133,1.0938123904663386,8.367462558836579,479.4202898550722
54.04062819480896,-0.5031199681869516,1.0976003590685246,8.360717325012446,479.03381642512056
54.08062124252319,-0.504740417818531,1.100519662818538,8.360717325012446,479.03381642512056
54.139785051345825,-0.5068341909819816,1.1043218407989512,8.353972091188314,478.6473429951689
54.180657386779785,-0.5087491246911197,1.1078412760513745,8.350599474276247,478.45410628019306
54.24075722694397,-0.5104168968395115,1.1109250103253017,8.348913165820214,478.3574879227051
54.27995443344116,-0.5124656436615105,1.114751638072297,8.342167931996082,477.97101449275345
54.34071183204651,-0.5141073562006933,1.1178493244589145,8.340481623540049,477.8743961352655
54.38069677352905,-0.5161237662081338,1.1216930900782802,8.333736389715916,477.48792270531385
54.44071364402771,-0.517887414000054,1.1251038128145536,8.328677464347816,477.19806763285004
54.480712890625,-0.5197856430277883,1.1288207706580518,8.323618538979716,476.90821256038623
54.540671586990356,-0.5217369516724522,1.1326979910577692,8.316873305155584,476.5217391304346
54.580912590026855,-0.5236620633669219,1.13658828518785,8.310128071331452,476.1352657004829
54.640658140182495,-0.5254910224746817,1.140339812561363,8.305069145963351,475.84541062801907
54.68062973022461,-0.5273009795624206,1.1441005444572339,8.30001022059525,475.55555555555526
54.740777254104614,-0.5292282925789615,1.1481752276781252,8.291578678315085,475.07246376811565
54.78067374229431,-0.5307112619639911,1.151351968588903,8.289892369859052,474.97584541062776
54.84069848060608,-0.5325972499977645,1.1554459431797872,8.281460827578886,474.49275362318815
54.8810179233551,-0.5344486528827704,1.1595556738487889,8.27302928529872,474.00966183574855
54.940648555755615,-0.5360021238944944,1.1630671138573052,8.267970359930622,473.71980676328485
54.980698108673096,-0.5376713489986485,1.1668923898739787,8.262911434562522,473.429951690821
55.04062294960022,-0.539258309475804,1.170571377785122,8.259538817650455,473.23671497584513
55.08070230484009,-0.5406387528299669,1.173793994293038,8.257852509194421,473.1400966183572
55.14070129394531,-0.541892640381015,1.1767075846454735,8.26291143456252,473.42995169082093
55.18062925338745,-0.5435360253264471,1.180544032869183,8.254479892282355,472.9468599033813
55.24064064025879,-0.5450856817595577,1.1842388888265527,8.247734658458223,472.5603864734297
55.281031131744385,-0.5465498447348169,1.1877884958329066,8.242675733090124,472.2705314009659
55.34069323539734,-0.54818127411899,1.1918107938849138,8.23593049926599,471.88405797101416
55.38069677352905,-0.5497271021803095,1.1956875792358086,8.23087157389789,471.59420289855035
55.440191984176636,-0.551131202496889,1.1992613706984794,8.225812648529791,471.30434782608666
55.48065710067749,-0.5524598318505142,1.2026854115315613,8.222440031617726,471.11111111111086
55.5407235622406,-0.5539532211882315,1.2065826974253684,8.217381106249627,470.82125603864716
55.58061408996582,-0.555364768102486,1.2103324882082322,8.210635872425494,470.4347826086954
55.64069414138794,-0.5567023390037271,1.2139317085685088,8.20894956396946,470.33816425120744
55.68062925338745,-0.5581903357824918,1.2180092456978444,8.198831713233261,469.75845410627994
55.74072265625,-0.5594319395184958,1.2214657948076746,8.198831713233261,469.75845410627994
55.780712366104126,-0.5608329128836522,1.2253972478065285,8.19377278786516,469.46859903381613
55.84109449386597,-0.5622657680479444,1.2294944870639903,8.187027554041027,469.08212560386437
55.881290435791016,-0.5636202373903586,1.2334422030938659,8.181968628672928,468.7922705314006
55.9410080909729,-0.5651036480814334,1.2378750292637635,8.17185077793673,468.2125603864731
55.98088717460632,-0.5663980501340035,1.2418428463435163,8.166791852568629,467.9227053140093
56.040605306625366,-0.5678140165603484,1.2462976745344108,8.15667400183243,467.34299516908175
56.08067846298218,-0.5689088400860207,1.2498034801527476,8.15667400183243,467.34299516908175
56.14064860343933,-0.5703247163570713,1.2544332065798216,8.144869842640198,466.6666666666663
56.18052411079407,-0.5715555713140006,1.2585955904556465,8.138124608816064,466.2801932367145
56.24067211151123,-0.5727086809655524,1.2626067482914307,8.129693066535898,465.7971014492749
56.28101873397827,-0.5737929198764766,1.2664639262223059,8.126320449623833,465.6038647342991
56.340595960617065,-0.5748576318210645,1.2703265398557728,8.1195752157997,465.21739130434736
56.38068962097168,-0.5758623663475556,1.2740324799050657,8.117888907343666,465.12077294685946
56.44058609008789,-0.5769010000364474,1.2779021873444842,8.114516290431599,464.92753623188355
56.480562686920166,-0.5779200439570044,1.2817770996137323,8.107771056607465,464.5410628019318
56.540613889694214,-0.5789577067317754,1.2858196613037909,8.102712131239365,464.251207729468
56.580599308013916,-0.5800049416647266,1.2900319934903512,8.092594280503166,463.6714975845405
56.64054846763611,-0.5810518379504177,1.2944162365243705,8.084162738223,463.18840579710087
56.68061113357544,-0.581993782348277,1.2984821668980264,8.0791038128549,462.89855072463706
56.74062395095825,-0.5828414364866168,1.3022271589646979,8.0740448874868,462.60869565217325
56.78087568283081,-0.5837421948963071,1.3063024115138595,8.0689859621187,462.3188405797095
56.8406138420105,-0.5846154444917506,1.3103836471351062,8.060554419838535,461.8357487922699
56.880764961242676,-0.5854611455418314,1.314470680140352,8.055495494470437,461.5458937198062
56.94071984291077,-0.5862861598632795,1.3185619391667986,8.050436569102338,461.2560386473425
56.980666637420654,-0.5871118624602124,1.3228232369358055,8.040318718366139,460.67632850241495
57.04088354110718,-0.5879282442288092,1.3272561930175013,8.031887176085974,460.19323671497534
57.08054518699646,-0.5886564498752574,1.3313657873513203,8.026828250717873,459.90338164251153
57.14088416099548,-0.5893136440036194,1.335148852113563,8.02514194226184,459.8067632850236
57.1807599067688,-0.590007173957993,1.339264440194805,8.016710399981674,459.32367149758403
57.24078178405762,-0.5906729277418284,1.3433846126367526,8.011651474613576,459.0338164251203
57.28083276748657,-0.591317829450475,1.3475081003399305,8.006592549245475,458.74396135265647
57.34075736999512,-0.5919418625791751,1.3516347977732737,8.001533623877375,458.45410628019266
57.38073539733887,-0.5925242277851713,1.3555989176469956,7.998161006965309,458.2608695652168
57.440821170806885,-0.5930663073659828,1.359400184915387,7.993102081597209,457.97101449275306
57.48066735267639,-0.5936725477654102,1.3638667329552543,7.984670539317044,457.48792270531345
57.54066586494446,-0.5942164186943715,1.3681730826701934,7.974552688580845,456.90821256038595
57.58074736595154,-0.5947397077953688,1.3726501070537678,7.966121146300679,456.42512077294634
57.64079308509827,-0.5951892658763297,1.3767994379135473,7.957689604020514,455.94202898550674
57.680673360824585,-0.5955633193029638,1.380453120387429,7.954316987108448,455.7487922705309
57.74077916145325,-0.5959579325953457,1.3844403093666309,7.950944370196382,455.5555555555551
57.78072500228882,-0.5963678217148106,1.3889291365769483,7.939140211004149,454.87922705313963
57.840702533721924,-0.596712291401738,1.393088510290245,7.934081285636049,454.58937198067576
57.8807008266449,-0.5970194096817589,1.3970833912607459,7.927336051811917,454.2028985507241
57.94076442718506,-0.5973384052289223,1.4017469410859127,7.917218201075718,453.6231884057966
57.98072910308838,-0.5975845922272135,1.405913287328599,7.908786658795552,453.140096618357
58.04066801071167,-0.5978125261615888,1.410415023097822,7.900355116515387,452.6570048309174
58.080729722976685,-0.5979720928489884,1.413917225188424,7.8986688080593535,452.56038647342945
58.14066243171692,-0.598137579512609,1.4179204750895114,7.8919235742352205,452.17391304347774
58.180992603302,-0.5982853466156494,1.4220914718451243,7.886864648867121,451.884057971014
58.24068737030029,-0.5984049762220822,1.4262633704308212,7.8784331065869555,451.4009661835744
58.28099703788757,-0.5984894264537132,1.4304361293755068,7.87000156430679,450.91787439613483
58.3408317565918,-0.5985457287428452,1.4346093630263241,7.8649426389386905,450.628019323671
58.38074064254761,-0.5985797921726306,1.4382819848784454,7.8615700220266245,450.43478260869523
58.44073843955994,-0.5985938681451799,1.4424555745706735,7.853138479746459,449.9516908212556
58.48074650764465,-0.5985769769961329,1.4464622078575462,7.846393245922325,449.56521739130386
58.54070687294006,-0.5985398168909125,1.4504687044234967,7.843020629010259,449.37198067632806
58.58073687553406,-0.5984835146017805,1.454641938074314,7.83796170364216,449.08212560386426
58.64077019691467,-0.5983990643701496,1.4588146970189997,7.829530161361994,448.59903381642465
58.680739402770996,-0.5982864700383368,1.4629867914053385,7.824471235993895,448.3091787439609
58.74065947532654,-0.5981527709232176,1.4671582628002653,7.819412310625795,448.01932367149715
58.780699253082275,-0.5980258306967206,1.4708288482801068,7.819412310625795,448.01932367149715
58.84064698219299,-0.597873846376991,1.4748326335357056,7.812667076801662,447.63285024154544
58.88062310218811,-0.5976686892074773,1.479335464795051,7.804235534521497,447.14975845410584
58.940696477890015,-0.597468056866692,1.4831699438706891,7.799176609153397,446.8599033816421
58.98063898086548,-0.5972156758663929,1.487503158299426,7.792431375329264,446.4734299516904
59.040725231170654,-0.5969557340986011,1.4915013861423272,7.785686141505131,446.08695652173867
59.08079743385315,-0.5966291757396524,1.495997043875356,7.777254599224966,445.60386473429907
59.14069414138794,-0.5963085860287142,1.4999908663355606,7.770509365400833,445.21739130434736
59.180646896362305,-0.5958952920293599,1.504647006711561,7.760391514664634,444.6376811594198
59.240803241729736,-0.5955074029253511,1.508634855461123,7.753646280840501,444.2512077294681
59.28041982650757,-0.5950156545197797,1.5132833647529866,7.743528430104302,443.6714975845406
59.340789794921875,-0.5945672897228154,1.51726486756163,7.740155813192236,443.47826086956474
59.38073420524597,-0.5941054994175698,1.5212448355665735,7.73678319628017,443.28502415458894
59.440753698349,-0.5936404468794223,1.5250562931951508,7.728351654000004,442.80193236714933
59.48068976402283,-0.5930820554032558,1.5293607841539134,7.721606420175871,442.4154589371976
59.54066610336304,-0.592513748448049,1.5334955243218973,7.713174877895706,441.932367149758
59.580729722976685,-0.5917774370684558,1.5384494395600974,7.699684410247441,441.15942028985467
59.64070200920105,-0.591088666277397,1.5427350011629808,7.689566559511242,440.57971014492716
59.680625677108765,-0.590388197161403,1.5468494138877344,7.681135017231076,440.09661835748756
59.74064564704895,-0.5896272599360101,1.5511227519265205,7.674389783406943,439.71014492753585
59.77967095375061,-0.5888713508910131,1.5552273408910535,7.669330858038844,439.42028985507204
59.84069204330444,-0.5880600246877491,1.5594913991981856,7.662585624214711,439.03381642512034
59.88065195083618,-0.5873200627275336,1.5632591491122736,7.6575266988466115,438.7439613526566
59.9407217502594,-0.5865673978226883,1.5670243819946716,7.655840390390578,438.64734299516863
59.98074173927307,-0.585661485341883,1.5714399115655682,7.6474088481104125,438.1642512077291
60.040735960006714,-0.584718375778804,1.5758476460365147,7.638977305830247,437.6811594202895
60.08071184158325,-0.5837780138570616,1.5800851173238348,7.632232072006114,437.29468599033777
60.140727043151855,-0.582930359718722,1.5838301093905063,7.630545763550081,437.1980676328498
60.180641651153564,-0.5819543032273777,1.5880595014485248,7.623800529725948,436.8115942028981
60.240687131881714,-0.5811573116741676,1.5914735438435832,7.625486838181981,436.90821256038606
60.28065490722656,-0.58011781005957,1.5958595460332303,7.617055295901816,436.42512077294646
60.340675592422485,-0.5791279375105387,1.5999140745371072,7.611996370533716,436.1352657004827
60.38073420524597,-0.5781175661586359,1.603963543487887,7.606937445165617,435.8454106280189
60.44068503379822,-0.5769968903618832,1.6083295101131503,7.598505902885451,435.36231884057935
60.48068141937256,-0.5759778464413262,1.6122044223823984,7.595133285973385,435.1690821256035
60.540653228759766,-0.5748455922344451,1.6163947020706442,7.585015435237186,434.589371980676
60.58072590827942,-0.5736780481720682,1.6205752862782798,7.578270201413053,434.2028985507243
60.64066219329834,-0.5724752972554683,1.6247458778055506,7.568152350676854,433.6231884057967
60.680641174316406,-0.5712884087453106,1.6287471706861745,7.563093425308755,433.333333333333
60.740718603134155,-0.5700812932672599,1.6327424080101298,7.558034499940655,433.04347826086916
60.78075551986694,-0.5688998457230257,1.6365709295663726,7.551289266116522,432.6570048309175
60.840704679489136,-0.5675380719716379,1.6408678064629536,7.542857723836357,432.1739130434779
60.880746841430664,-0.5661884150148657,1.6449931997234515,7.532739873100158,431.59420289855035
60.9398980140686,-0.5649668293881548,1.6486334211005507,7.527680947732058,431.3043478260866
60.980647563934326,-0.5637895524626134,1.652112405237697,7.527680947732058,431.3043478260866
61.040656328201294,-0.5626629885369268,1.6554323050452944,7.525994639276025,431.20772946859864
61.07968878746033,-0.561185790729312,1.6596908805643522,7.514190480083792,430.5314009661832
61.14062857627869,-0.5598376745488324,1.6634639401146802,7.5074452462596595,430.1449275362315
61.18068599700928,-0.5585304978109515,1.6670743101917804,7.505758937803626,430.0483091787435
61.24067950248718,-0.5572111521352365,1.6706802511377263,7.5007000124355265,429.75845410627977
61.28081250190735,-0.5557506756218549,1.6745899899277141,7.492268470155361,429.27536231884017
61.34087610244751,-0.554445172274129,1.678022914714977,7.488895853243295,429.08212560386437
61.380712032318115,-0.553071254083429,1.6816084177372794,7.4872095447872615,428.9855072463764
61.440930128097534,-0.5517484006051468,1.6850346941798515,7.4838369278751955,428.79227053140056
61.48105216026306,-0.5502863972377093,1.6887651019001946,7.4770916940510626,428.40579710144885
61.54064464569092,-0.5488055408048048,1.6924880657506125,7.4737190771389965,428.21256038647306
61.58088731765747,-0.547371358180517,1.6960498915910864,7.468660151770897,427.92270531400925
61.640663385391235,-0.5457263724300001,1.7000666645913096,7.461914917946764,427.53623188405754
61.68068981170654,-0.5440475779607968,1.7040694252117936,7.451797067210565,426.95652173913004
61.74066495895386,-0.5424041930153648,1.707905873435503,7.446738141842466,426.6666666666663
61.78070545196533,-0.540741420876781,1.7117339588404052,7.441679216474366,426.3768115942025
61.84069061279297,-0.5390593040998262,1.7155535834555686,7.436620291106267,426.0869565217387
61.88066530227661,-0.537429027833013,1.7192135827588826,7.433247674194201,425.89371980676293
61.94087791442871,-0.5358519068568969,1.722714464439884,7.428188748826101,425.6038647342991
61.980648040771484,-0.5341184161847778,1.7265110496347336,7.423129823458002,425.31400966183537
62.040653467178345,-0.5323657411357579,1.7302988166846744,7.418070898089902,425.0241545893716
62.08081531524658,-0.5305875567776667,1.7340746754533143,7.409639355809737,424.541062801932
62.1406729221344,-0.52885913564806,1.7376893616091404,7.406266738897671,424.34782608695616
62.18069267272949,-0.527042839382759,1.7414470360134402,7.401207813529571,424.0579710144924
62.24039578437805,-0.5251242906582261,1.7453405709428222,7.391089962793372,423.4782608695649
62.28071689605713,-0.5232511763729599,1.7490702481307847,7.386031037425273,423.1884057971011
62.34066891670227,-0.5213529473452257,1.7527872059742828,7.377599495145107,422.7053140096615
62.38060975074768,-0.5194296899406607,1.7564912753591433,7.372540569777008,422.41545893719774
62.44079947471619,-0.5174814916636434,1.7601822877575921,7.364109027496842,421.93236714975814
62.480679750442505,-0.5154262948829196,1.7640054552463673,7.357363793672709,421.54589371980643
62.540745973587036,-0.513593994514236,1.7673797934743165,7.355677485216676,421.44927536231853
62.580729246139526,-0.5115838343246693,1.7710374300150837,7.34724594293651,420.9661835748789
62.64068412780762,-0.5093796322038201,1.7749692326328133,7.338814400656345,420.4830917874393
62.68060493469238,-0.5073141945146109,1.7785959413616843,7.333755475288245,420.19323671497557
62.74036908149719,-0.5052304360849037,1.7822121548314203,7.328696549920146,419.90338164251176
62.78072810173035,-0.5031223330381792,1.7858142307046447,7.32026500763998,419.4202898550722
62.84066891670227,-0.5009899812889242,1.789402005094085,7.315206082271881,419.1304347826084
62.88069200515747,-0.49866095758017076,1.7932611795366835,7.306774539991715,418.64734299516886
62.94077491760254,-0.49665484513814767,1.7965351673173016,7.301715614623616,418.35748792270505
62.98067283630371,-0.4946377022197957,1.799802370641954,7.300029306167582,418.26086956521715
63.04062271118164,-0.4923419036509269,1.8034860851240908,7.293284072343449,417.87439613526544
63.080700635910034,-0.49029728519583415,1.8067361648909228,7.291597763887416,417.7777777777775
63.1406044960022,-0.48842545824667355,1.8097004767644511,7.289911455431382,417.68115942028953
63.180601596832275,-0.4859064051130912,1.8136380936123824,7.279793604695183,417.10144927536203
63.240883588790894,-0.4840046820200727,1.8165833152150168,7.281479913151217,417.1980676328499
63.280710220336914,-0.4817348166166746,1.8200857086969848,7.276420987783117,416.9082125603862
63.340587854385376,-0.4795359393490796,1.8234350869032265,7.2696757539589845,416.52173913043447
63.38062500953674,-0.47722489023317943,1.8269104431491345,7.264616828590885,416.2318840579707
63.440818786621094,-0.47499223758459735,1.8302374023850092,7.261244211678819,416.03864734299486
63.48070693016052,-0.4726461442239738,1.8336891982937085,7.252812669398653,415.55555555555526
63.5406858921051,-0.4699827771048493,1.8375306733645231,7.2426948186624545,414.97584541062776
63.58072328567505,-0.4674736864736173,1.841072552478636,7.2325769679262555,414.3961352657002
63.64058327674866,-0.4649348218789532,1.8445931504427162,7.2258317341021225,414.0096618357485
63.6806960105896,-0.4623722679645356,1.8480965432112233,7.21908650027799,413.6231884057968
63.74079465866089,-0.4599850741401583,1.8513144153732657,7.212341266453857,413.2367149758451
63.78066277503967,-0.4575762294865039,1.8545161122734974,7.205596032629724,412.85024154589337
63.84065389633179,-0.455353302822807,1.857439792938986,7.202223415717658,412.6570048309176
63.88061285018921,-0.4529121877272661,1.8606169540454953,7.195478181893525,412.27053140096587
63.94068789482117,-0.45024449012472173,1.8640409623626732,7.188732948069392,411.88405797101416
63.98063588142395,-0.44776073706934105,1.8671849035781352,7.181987714245259,411.49758454106245
64.04066491127014,-0.44514871752668306,1.8704401152395864,7.173556171965093,411.01449275362285
64.08073329925537,-0.4428332734460007,1.8732910853017162,7.170183555053027,410.821256038647
64.14061260223389,-0.44040003809825096,1.8762614133745286,7.165124629684928,410.53140096618324
64.18071246147156,-0.4378427609033127,1.8793458467024904,7.158379395860795,410.14492753623153
64.24076437950134,-0.43537463366370077,1.8822872462072775,7.153320470492695,409.8550724637678
64.28064727783203,-0.43278628005947595,1.8853456479509811,7.149947853580629,409.66183574879193
64.34061360359192,-0.4299599455092436,1.8886399273053904,7.13983000284443,409.0821256038644
64.38064217567444,-0.42754968408850336,1.8914111998415402,7.1364573859323635,408.8888888888885
64.44066834449768,-0.424571614013322,1.8947947892731425,7.128025843652198,408.40579710144897
64.48071908950806,-0.4217930721097404,1.8979090715246598,7.1229669182840984,408.11594202898516
64.54062628746033,-0.41934103089867364,1.9006434463133743,7.1229669182840984,408.11594202898516
64.58077573776245,-0.41677031059217984,1.9034956174554094,7.117907992915999,407.8260869565214
64.64066243171692,-0.41418998564366494,1.90633910233804,7.1162216844599655,407.72946859903345
64.68067288398743,-0.4113696847238183,1.9094156185128046,7.1077901421798,407.24637681159385
64.74071550369263,-0.4084123768189143,1.9125928458276684,7.101044908355667,406.85990338164214
64.78065419197083,-0.4051988476235336,1.9159875012212775,7.090927057619468,406.28019323671464
64.84068059921265,-0.40253807916221945,1.9187558571075307,7.085868132251369,405.9903381642509
64.88064551353455,-0.39951183620216085,1.9218674960649647,7.079122898427236,405.6038647342992
64.94107341766357,-0.3970569895206256,1.9243704161158852,7.077436589971203,405.5072463768113
64.98070502281189,-0.39436372907576617,1.9271071717304464,7.07575028151517,405.4106280193233
65.04099535942078,-0.391546155848601,1.9299557988938278,7.072377664603103,405.2173913043475
65.08074259757996,-0.3885937215991052,1.9329057448347697,7.063946122322937,404.73429951690787
65.14072251319885,-0.3856214565902934,1.9358357089590328,7.058887196954838,404.4444444444441
65.18068790435791,-0.3829950168466004,1.938403027766403,7.055514580042772,404.25120772946826
65.24081087112427,-0.379875733083099,1.9414213902790052,7.04876934621864,403.8647342995166
65.28076386451721,-0.3773460563377532,1.943848655525162,7.047083037762606,403.76811594202866
65.34062123298645,-0.37432480802977836,1.9467280838909378,7.042024112394507,403.4782608695649
65.38065910339355,-0.3712890316316397,1.9495921912060674,7.036965187026407,403.18840579710115
65.44066143035889,-0.3687308799645271,1.9519894273352782,7.035278878570374,403.0917874396132
65.48066091537476,-0.3661727282974145,1.954386663464489,7.036965187026407,403.18840579710115
65.54066514968872,-0.3633665196463135,1.9570074793916694,7.031906261658308,402.89855072463735
65.58065891265869,-0.3609205814525656,1.9592802701311995,7.031906261658308,402.89855072463735
65.64106178283691,-0.3583543593905602,1.9616688649774683,7.03359257011434,402.99516908212524
65.68075728416443,-0.3552897602628006,1.964502110684817,7.025161027834174,402.51207729468564
65.74109721183777,-0.352331743275068,1.9672046152836435,7.021788410922108,402.3188405797098
65.78067827224731,-0.34961188816994315,1.9696727521909188,7.018415794010041,402.12560386473393
65.84069538116455,-0.34663570958695017,1.9723552429455211,7.015043177097975,401.9323671497581
65.88074326515198,-0.34402562456135904,1.974695827737903,7.013356868641942,401.8357487922702
65.94071817398071,-0.3411626412283399,1.977254501134906,7.011670560185909,401.7391304347822
65.98102498054504,-0.33854467716610925,1.979586269815546,7.009984251729875,401.6425120772943
66.04069519042969,-0.3355459871058733,1.9822435717421314,7.0066116348178085,401.4492753623184
66.08075523376465,-0.33227806245676855,1.9851003377357854,6.9964937840816095,400.8695652173909
66.14072060585022,-0.32924379810394167,1.9877169453570303,6.9931211671695435,400.67632850241506
66.18100786209106,-0.32593763287931676,1.9905293669047726,6.9830033164333445,400.09661835748756
66.24068522453308,-0.32338351696558554,1.992679874587287,6.9830033164333445,400.09661835748756
66.28070640563965,-0.32057000439578914,1.9950406919469157,6.9796306995212785,399.9033816425117
66.34074354171753,-0.317226200284512,1.997808257216269,6.9695128487850795,399.3236714975842
66.38069081306458,-0.3145122893802552,2.000027619425306,6.967826540329047,399.2270531400963
66.44074606895447,-0.31153172976984683,2.0024483109642013,6.962767614960947,398.9371980676325
66.48070883750916,-0.3082787216005354,2.0050630742235556,6.957708689592848,398.64734299516874
66.540776014328,-0.3051410729967919,2.0075547718066944,6.950963455768715,398.26086956521704
66.57987070083618,-0.30212411975952763,2.009929951017162,6.9492771473126815,398.1642512077291
66.64079856872559,-0.2988318040699335,2.0124950448657626,6.940845605032516,397.68115942028953
66.68071341514587,-0.2957870246761955,2.0148344468323227,6.9357866796644165,397.3913043478257
66.74081492424011,-0.29286521931973525,2.0170598378192928,6.9324140627523505,397.1980676328499
66.78072476387024,-0.2899359252033121,2.019275362038392,6.929041445840284,397.004830917874
66.84070420265198,-0.2867281454694282,2.021676100421739,6.922296212016151,396.6183574879223
66.88067579269409,-0.2836404978864742,2.02395862435834,6.917237286648051,396.32850241545856
66.94071674346924,-0.2809439193086882,2.0259275467456255,6.910492052823918,395.94202898550685
66.98070645332336,-0.2783743069478847,2.027787206673592,6.908805744367885,395.8454106280189
67.04064965248108,-0.2755307470538199,2.0298378280769747,6.907119435911852,395.74879227053106
67.08070230484009,-0.27268373322420536,2.0318836514479255,6.905433127455819,395.6521739130431
67.14068245887756,-0.2699673717479001,2.0338251899418456,6.902060510543752,395.4589371980672
67.18073964118958,-0.2671100447260261,2.0358565843647023,6.900374202087719,395.36231884057935
67.24072027206421,-0.2638386661980943,2.038169910570273,6.897001585175652,395.16908212560344
67.28066563606262,-0.2609710991105922,2.0401868240562258,6.89531527671962,395.07246376811554
67.34069085121155,-0.2585146429683515,2.0419176788305626,6.898687893631687,395.26570048309145
67.3806505203247,-0.255377703773358,2.044131972308083,6.897001585175653,395.1690821256035
67.44070935249329,-0.2523718053915879,2.0462423956078974,6.893628968263587,394.97584541062764
67.48070955276489,-0.24935880646934527,2.048342669180671,6.89025635135152,394.7826086956518
67.54075646400452,-0.2464810727049169,2.050345050111517,6.891942659807553,394.8792270531397
67.58065152168274,-0.24346453635920248,2.0524402398549317,6.888570042895487,394.68599033816383
67.64075899124146,-0.2408608724771006,2.0542519178399825,6.893628968263586,394.97584541062764
67.6807177066803,-0.237847873554858,2.0563521914127563,6.890256351351519,394.78260869565173
67.74005079269409,-0.23510878362554655,2.058261531024369,6.893628968263586,394.97584541062764
67.78067541122437,-0.23264941222228008,2.0599882409969443,6.897001585175652,395.16908212560344
67.84068608283997,-0.2295087435073968,2.0621972414815595,6.89531527671962,395.07246376811554
67.87985467910767,-0.22636435420354098,2.064400942691677,6.893628968263587,394.97584541062764
67.94070339202881,-0.22335490127264096,2.0665062941213974,6.893628968263587,394.97584541062764
67.9809217453003,-0.2200679933574672,2.0687975016553324,6.89025635135152,394.7826086956518
68.04073095321655,-0.21719025959303884,2.070799882586178,6.891942659807553,394.8792270531397
68.08075785636902,-0.21403476221344114,2.0729876484340304,6.886883734439453,394.58937198067593
68.14073491096497,-0.21059288754199293,2.075348272884916,6.881824809071354,394.2995169082121
68.18067622184753,-0.20685429927991822,2.0778663151047803,6.870020649879121,393.62318840579667
68.24029564857483,-0.20323184330076485,2.0802576026520696,6.8632754160549885,393.23671497584496
68.28070592880249,-0.2000149338164815,2.0823540225736514,6.858216490686889,392.9468599033812
68.34065651893616,-0.19679097221974287,2.08443958118957,6.8565301822308555,392.85024154589325
68.38071322441101,-0.19342134444228123,2.0866072998631418,6.853157565318789,392.6570048309174
68.44067621231079,-0.1904681318063328,2.0884965897133285,6.851471256862755,392.56038647342945
68.48066401481628,-0.18708758086754687,2.0906472340253117,6.848098639950688,392.36714975845354
68.54060339927673,-0.18412484828631595,2.0925215596809164,6.846412331494655,392.27053140096564
68.58076620101929,-0.18073346070353474,2.0946550745905785,6.843039714582588,392.0772946859897
68.64069986343384,-0.17762139522377507,2.0966055514644775,6.843039714582588,392.0772946859897
68.68069696426392,-0.17479523890479073,2.0983834805558623,6.846412331494655,392.27053140096564
68.74068522453308,-0.1718325063235598,2.100257806211467,6.848098639950688,392.36714975845354
68.78060936927795,-0.16872703674176834,2.1022187677772544,6.844726023038621,392.1739130434777
68.84071397781372,-0.16547523420170102,2.104260645187406,6.843039714582588,392.0772946859897
68.880690574646,-0.16193320104580022,2.1064681438113184,6.837980789214488,391.787439613526
68.9408631324768,-0.15837635848615084,2.10865170055616,6.829549246934322,391.3043478260863
68.98067855834961,-0.15523826414167408,2.110560018001212,6.829549246934322,391.3043478260863
69.04025745391846,-0.1518113828038584,2.11263604302585,6.826176630022255,391.11111111111046
69.08077502250671,-0.14837404290670228,2.114694705221989,6.819431396198122,390.72463768115875
69.14075374603271,-0.1452199702379687,2.1165764961737885,6.822804013110188,390.91787439613455
69.18076825141907,-0.14177916369025936,2.1186293590302974,6.819431396198121,390.7246376811587
69.24089217185974,-0.13847675835615592,2.12058833889925,6.817745087742089,390.6280193236708
69.28069591522217,-0.13517105427471848,2.1225417471114896,6.816058779286055,390.53140096618284
69.34064102172852,-0.13127506582557738,2.1248086509070885,6.804254620093823,389.8550724637674
69.38075184822083,-0.12750328874755149,2.126956706103866,6.79750938626969,389.4685990338157
69.44076824188232,-0.12386445287900037,2.1290007028195728,6.79245046090159,389.1787439613519
69.48069310188293,-0.12036292917075536,2.1309481953938825,6.789077843989524,388.9855072463761
69.54002070426941,-0.11714719657001049,2.1327225615980336,6.785705227077457,388.7922705314002
69.58099246025085,-0.1139284764141353,2.1344915025648525,6.785705227077457,388.7922705314002
69.64073252677917,-0.11056189270786988,2.1363380120466546,6.784018918621424,388.69565217391226
69.68073582649231,-0.10689245581640773,2.138326549688152,6.775587376341258,388.21256038647266
69.74078297615051,-0.10365600283547771,2.140062834137243,6.775587376341258,388.21256038647266
69.78066992759705,-0.1001189587785101,2.141945044259802,6.768842142517126,387.826086956521
69.84069800376892,-0.09687086786787522,2.143659458743577,6.768842142517126,387.826086956521
69.88069581985474,-0.0934766488892365,2.14545466364629,6.77052845097316,387.92270531400897
69.94073557853699,-0.08993327698672572,2.1473249339922265,6.767155834061094,387.7294685990331
69.98105454444885,-0.08638361754287617,2.1491832432880873,6.763783217149027,387.53623188405726
70.04070281982422,-0.0831240364841989,2.1508757098041045,6.76041060023696,387.3429951690814
70.0807089805603,-0.08000854172039497,2.1524833706476456,6.758724291780927,387.2463768115935
70.14063906669617,-0.0768903403754668,2.1540857755227107,6.757037983324894,387.14975845410555
70.18074822425842,-0.07302138067638925,2.1560534122528106,6.750292749500761,386.76328502415384
70.24079418182373,-0.06944089057594532,2.1578516019666663,6.746920132588695,386.570048309178
70.28070545196533,-0.06585435624516166,2.159637705855163,6.743547515676628,386.37681159420214
70.34073424339294,-0.06256119662635899,2.1612638704566147,6.740174898764561,386.1835748792263
70.38071060180664,-0.058962696288652736,2.163025741883797,6.736802281852494,385.9903381642504
70.44073867797852,-0.055358274310471405,2.164775466950656,6.733429664940427,385.7971014492745
70.48076868057251,-0.05189699820913091,2.166437709672994,6.728370739572328,385.5072463768107
70.54078602790833,-0.04843013569570235,2.1680882694055272,6.726684431116295,385.41062801932287
70.58076786994934,-0.044655777552690505,2.169869636762463,6.721625505748196,385.12077294685906
70.64079976081848,-0.04102521651180159,2.1715644589167824,6.71825288883613,384.92753623188327
70.68067193031311,-0.037388960143858285,2.1732470269638418,6.714880271924063,384.73429951690736
70.74082398414612,-0.033749871618628004,2.1749234607716406,6.714880271924063,384.73429951690736
70.78065013885498,-0.02995474937310788,2.1766601519340623,6.709821346555963,384.4444444444436
70.84062385559082,-0.02645786815614201,2.1782461232049584,6.708135038099931,384.3478260869557
70.88087821006775,-0.02326506356673839,2.1796941839305592,6.709821346555964,384.44444444444366
70.94072699546814,-0.019921500930794464,2.1812140196076792,6.709821346555964,384.44444444444366
70.9807345867157,-0.016421950250258822,2.1827940918060422,6.704762421187865,384.1545893719799
71.04072546958923,-0.012760577673743802,2.1844212815498447,6.698017187363733,383.76811594202826
71.08077311515808,-0.009091020153020029,2.186029927939979,6.694644570451666,383.57487922705235
71.1406786441803,-0.005413371601866938,2.187619989806887,6.687899336627533,383.18840579710064
71.1806857585907,-0.001417723943624027,2.1893156440304544,6.681154102803401,382.801932367149
71.24080204963684,0.0024338009537369955,2.1909233769115897,6.676095177435301,382.51207729468524
71.28063488006592,0.005982172183310276,2.1923905322322064,6.674408868979269,382.41545893719734
71.34065175056458,0.009533012442997204,2.1938517018212216,6.672722560523235,382.3188405797094
71.3807098865509,0.012932992753663502,2.1952407466271975,6.669349943611168,382.12560386473353
71.44072461128235,0.01649117949197762,2.1966839341593505,6.667663635155135,382.0289855072456
71.48073935508728,0.019895825173171178,2.1980615042560996,6.667663635155135,382.0289855072456
71.5407509803772,0.02361251300670914,2.199558042646661,6.664291018243068,381.8357487922697
71.58076429367065,0.02733422694356814,2.2010420375855277,6.660918401331001,381.6425120772938
71.64078068733215,0.03090445535779365,2.202455173172771,6.6592320928749675,381.54589371980586
71.68063926696777,0.03447706167716587,2.2038622862472814,6.657545784418935,381.449275362318
71.74074125289917,0.03805439332252765,2.205257342309513,6.6524868590508355,381.1594202898542
71.78066849708557,0.04148178391658535,2.2065773064384544,6.649114242138769,380.96618357487836
71.84070539474487,0.04522559063637885,2.208004649022147,6.645741625226702,380.77294685990245
71.88076210021973,0.049446777109307366,2.2095855233293284,6.637310082946536,380.2898550724629
71.94067215919495,0.0528938050187543,2.2108533207017116,6.633937466034469,380.096618357487
71.98068332672119,0.05681692093431418,2.2122774732796175,6.62887854066637,379.80676328502324
72.04074931144714,0.06074719129923923,2.213681760967617,6.62381961529827,379.5169082125595
72.08069658279419,0.06452590065329197,2.215013958859819,6.620446998386203,379.3236714975836
72.14070773124695,0.0681503815348928,2.2162814845820775,6.618760689930171,379.2270531400957
72.18073892593384,0.07130303224168236,2.2173810230826803,6.618760689930171,379.2270531400957
72.24078559875488,0.07540627566119872,2.2187965925422692,6.612015456106038,378.84057971014397
72.28068566322327,0.07935966672613762,2.2201344072303844,6.606956530737938,378.5507246376802
72.34075260162354,0.08268428635356076,2.2212469652486906,6.605270222281906,378.4541062801923
72.38072752952576,0.08632758603723079,2.222459339173124,6.603583913825872,378.3574879227044
72.44067692756653,0.0899729249762243,2.22366556764963,6.601897605369839,378.26086956521647
72.48062777519226,0.09377992850724609,2.2249146151752193,6.598524988457772,378.06763285024056
72.54070854187012,0.09727352340177844,2.226047799316842,6.595152371545705,377.8743961352647
72.58067727088928,0.10108886538099367,2.227271139493584,6.591779754633638,377.6811594202888
72.64070010185242,0.10475014470510949,2.228428082373971,6.586720829265539,377.39130434782504
72.6808910369873,0.10873610702671659,2.229665480217352,6.581661903897439,377.1014492753613
72.7407693862915,0.1128890309451145,2.230927885216836,6.574916670073307,376.71497584540964
72.78066921234131,0.1168893216735138,2.232118147011719,6.569857744705208,376.4251207729459
72.84070563316345,0.12057326135927048,2.2332007695264413,6.568171436249175,376.328502415458
72.88064527511597,0.12426083135755907,2.234270961390267,6.5631125108810755,376.0386473429942
72.9406726360321,0.1282768147807817,2.2354071507215303,6.55468096860091,375.55555555555463
72.98064255714417,0.13197676029417688,2.2364337403744994,6.552994660144877,375.45893719806674
73.04065942764282,0.13535497141510291,2.2373710613619933,6.55468096860091,375.55555555555463
73.08099317550659,0.1393785272832976,2.2384801363042723,6.5496220432328105,375.2657004830908
73.14071559906006,0.14292333950436042,2.239441186720916,6.546249426320744,375.07246376811497
73.1806960105896,0.14679392129655647,2.2404765572808185,6.542876809408677,374.8792270531391
73.24072122573853,0.1501829610925366,2.2413739369509735,6.541190500952644,374.7826086956512
73.2806944847107,0.15373575035360282,2.2423050653268595,6.537817884040577,374.5893719806753
73.34100937843323,0.15794001451126383,2.243384234612621,6.531072650216444,374.2028985507236
73.37976694107056,0.1621514622200748,2.2444350208186,6.524327416392312,373.81642512077195
73.44071412086487,0.16620682389787722,2.2454214744233307,6.519268491024213,373.5265700483082
73.48065447807312,0.16977917007374482,2.2462745010264866,6.515895874112146,373.3333333333323
73.54077625274658,0.1740060797057219,2.247261252473318,6.509150640288013,372.9468599033806
73.58070087432861,0.1779124004044816,2.248152349664894,6.505778023375947,372.7536231884048
73.64073729515076,0.18165810584306474,2.2489968458964107,6.504091714919913,372.65700483091683
73.68152856826782,0.1854052300363987,2.249835024515446,6.502405406463881,372.56038647342893
73.74073266983032,0.18948274798081954,2.2507254718552714,6.493973864183715,372.0772946859894
73.78069472312927,0.19340214227133395,2.251557183344837,6.490601247271648,371.8840579710135
73.84079098701477,0.1969962009073618,2.25231352593039,6.490601247271648,371.8840579710135
73.88071894645691,0.2010825194035217,2.2531626726786125,6.485542321903549,371.5942028985497
73.94069123268127,0.20484583640484424,2.2539248591815326,6.480483396535449,371.304347826086
73.980642080307,0.20943417493073554,2.2548179463568663,6.47036554579925,370.7246376811584
74.04073882102966,0.21353812508844225,2.2555773159343016,6.461934003519084,370.24154589371875
74.08080649375916,0.2173172451706729,2.2562568264358815,6.460247695063051,370.14492753623085
74.1408257484436,0.2214274520333149,2.2569815668020583,6.455188769694952,369.8550724637671
74.18071413040161,0.22521216703944794,2.2576291897170546,6.450129844326852,369.56521739130335
74.24084949493408,0.2286687686066307,2.2582146695347203,6.451816152782886,369.6618357487913
74.28070306777954,0.23311548411171962,2.258952436456683,6.44338461050272,369.1787439613517
74.3406891822815,0.23690757990972944,2.2595553399119668,6.438325685134621,368.88888888888795
74.38075399398804,0.2411993452404062,2.260204334365815,6.428207834398422,368.3091787439604
74.44067573547363,0.24599396098022533,2.26087570037028,6.41640367520619,367.632850241545
74.48061537742615,0.24996602075814867,2.2614011875033255,6.413031058294124,367.43961352656913
74.54022598266602,0.2539398302093396,2.2619132754371987,6.409658441382057,367.2463768115933
74.58071231842041,0.2577500993129375,2.2623879674171645,6.404599516013958,366.95652173912947
74.6407380104065,0.2620604521048907,2.2628991447480646,6.397854282189826,366.5700483091778
74.68014430999756,0.26604233153892054,2.2633441523651263,6.391109048365694,366.18357487922617
74.74083685874939,0.2703591879224895,2.26379713627032,6.384363814541562,365.7971014492745
74.78071594238281,0.2743467082042535,2.2641883876075877,6.37761858071743,365.41062801932287
74.84068560600281,0.2785027082181797,2.2645714188547736,6.37255965534933,365.1207729468591
74.88073301315308,0.28266059276876265,2.2649334203963436,6.367500729981231,364.8309178743953
74.94063401222229,0.28715364303649266,2.265294083821149,6.359069187701065,364.34782608695576
74.98063015937805,0.2909830414923433,2.2655754920371014,6.354010262332966,364.05797101449195
75.03997707366943,0.29498013795383576,2.265852287058583,6.3506376454209,363.86473429951616
75.08066296577454,0.29914495862352447,2.266123059733366,6.3455787200528,363.5748792270524
75.14072251319885,0.30347795871591843,2.266379094211589,6.338833486228667,363.1884057971007
75.18055844306946,0.3079798850684168,2.2666032324078467,6.327029327036435,362.5120772946852
75.240802526474,0.3119829940157674,2.2667720943693244,6.323656710124368,362.31884057970933
75.28105807304382,0.31598664970199597,2.266927454443097,6.320284093212301,362.1256038647334
75.34071278572083,0.3206586976643139,2.2670771974520303,6.310166242476102,361.5458937198059
75.3807487487793,0.3249980460754796,2.2671796612077597,6.30342100865197,361.15942028985427
75.44072961807251,0.32933810416070824,2.267245534355297,6.293303157915771,360.5797101449267
75.48079562187195,0.333678606583301,2.2672674928204386,6.283185307179572,359.9999999999992
75.54073762893677,0.33768525268783994,2.2672539798867914,6.27644007335544,359.61352657004755
75.58070468902588,0.34202558848214426,2.2672100635184833,6.269694839531308,359.22705314009585
75.64098978042603,0.34619866636802804,2.2671432053819323,6.264635914163208,358.9371980676321
75.68075346946716,0.34970384244748565,2.2670752225668784,6.262949605707176,358.8405797101442
75.74105930328369,0.3540431908586514,2.266972758811149,6.256204371883044,358.45410628019255
75.7810070514679,0.3578810468884811,2.266852991486822,6.247772829602878,357.97101449275294
75.8405065536499,0.3617180077584298,2.2667073398470814,6.242713904234779,357.6811594202892
75.88072276115417,0.36555418269170714,2.2665422792552627,6.237654978866679,357.39130434782544
75.94068646430969,0.36922286920203123,2.26636892737355,6.234282361954613,357.1980676328496
75.98072743415833,0.373557497722318,2.26614212559701,6.22753712813048,356.8115942028979
76.04085063934326,0.37755719011529704,2.2659057860786507,6.220791894306348,356.42512077294623
76.08071494102478,0.3815551973660355,2.2656424732809457,6.214046660482215,356.0386473429945
76.14074087142944,0.38538552312338364,2.2653739817349483,6.212360352026183,355.9420289855066
76.18070006370544,0.3890486516465923,2.265107897146175,6.208987735114116,355.74879227053077
76.24070572853088,0.3927113262610203,2.264835635774049,6.208987735114116,355.74879227053077
76.28064346313477,0.3968721152137296,2.2645087040639207,6.20055619283395,355.26570048309117
76.34026980400085,0.40069847046401647,2.2641885656309277,6.198869884377917,355.1690821256032
76.38070774078369,0.4043582029514646,2.2638792604317404,6.198869884377917,355.1690821256032
76.44085884094238,0.4081834567380009,2.263546219013496,6.193810959009817,354.87922705313946
76.48066234588623,0.41200756555030726,2.263200278398191,6.192124650553785,354.78260869565156
76.54076313972473,0.4161629137466339,2.2628102394009604,6.187065725185685,354.4927536231878
76.58067297935486,0.4199846021316309,2.262438512342952,6.185379416729652,354.39613526569985
76.64073491096497,0.42363982905658126,2.2620798652837903,6.185379416729652,354.39613526569985
76.68075108528137,0.42746088516164965,2.2617016942119244,6.183693108273619,354.299516908212
76.74082088470459,0.43161279706378797,2.26127663349984,6.17863418290552,354.0096618357482
76.78070831298828,0.4357632517886661,2.260837572423437,6.176947874449486,353.9130434782603
76.8409538269043,0.439745875980941,2.2603992801128734,6.170202640625354,353.5265700483086
76.88074111938477,0.4440570846466051,2.259895372089691,6.163457406801222,353.14009661835695
76.94070959091187,0.4481995456931378,2.259386387286347,6.158398481433123,352.8502415458932
76.98065972328186,0.45200900890250695,2.258905270695343,6.156712172977089,352.75362318840524
77.04077219963074,0.4563120736619239,2.258335992967877,6.14659432224089,352.17391304347774
77.08079934120178,0.4604453630928025,2.2577572291709243,6.141535396872791,351.884057971014
77.1407220363617,0.46506959510733775,2.257073903914059,6.131417546136592,351.3043478260864
77.18070578575134,0.4691936250963414,2.2564324791703245,6.126358620768492,351.0144927536227
77.24077343940735,0.4731500627758772,2.2558000264097626,6.122986003856425,350.82125603864677
77.28070902824402,0.47677581452479106,2.2552141630799873,6.122986003856425,350.82125603864677
77.34070920944214,0.481386576467429,2.254445183600908,6.1128681531202265,350.24154589371926
77.38072562217712,0.48566182559569027,2.2536950580474,6.1061229192960935,349.85507246376756
77.44076466560364,0.4892760868022337,2.2530420438692977,6.1027503023840275,349.6618357487917
77.48076367378235,0.4933800369599404,2.2522826742918625,6.097691377015928,349.37198067632795
77.54072833061218,0.49748009302449053,2.2515025529425703,6.0926324516478285,349.0821256038642
77.58065962791443,0.5012484655012963,2.250765768039271,6.087573526279729,348.7922705314004
77.64070248603821,0.5051774041611898,2.249980378573346,6.084200909367663,348.5990338164246
77.68074536323547,0.5091036716633862,2.2491817427942893,6.080828292455596,348.4057971014487
77.74077534675598,0.5130258487021767,2.248363254625299,6.074083058631464,348.01932367149703
77.78081941604614,0.5171063465887286,2.247486564229594,6.0690241332633645,347.7294685990333
77.84075331687927,0.5206952217945998,2.246705996268037,6.0690241332633645,347.7294685990333
77.88070940971375,0.5242827756200144,2.245919377468566,6.0656515163512985,347.53623188405743
77.94078588485718,0.5281935543071425,2.245048053380355,6.062278899439232,347.3429951690816
77.98071026802063,0.5324254017307989,2.2440826980894815,6.0555336656150995,346.9565217391299
78.04073238372803,0.5361653256769663,2.243212955601983,6.053847357159066,346.85990338164197
78.08064007759094,0.5405504498475117,2.242169756281029,6.045415814878901,346.37681159420237
78.14074277877808,0.5447654174973059,2.241133179623992,6.0386705810547685,345.9903381642507
78.18070030212402,0.5491342048600393,2.240023550950263,6.030239038774603,345.5072463768111
78.24068975448608,0.5534934811629433,2.2388771265396366,6.0218074964944375,345.02415458937156
78.28062987327576,0.5581629688141817,2.2375984719813586,6.010003337302205,344.34782608695605
78.34069561958313,0.5618576735635465,2.2365531777965963,6.0049444119341056,344.0579710144923
78.38070631027222,0.5660272495039613,2.2353469108560566,5.998199178109973,343.6714975845406
78.44070291519165,0.5693908466083478,2.234358429429571,5.99651286965394,343.5748792270527
78.48068857192993,0.5735501037699732,2.233117049826793,5.989767635829807,343.188405797101
78.54076409339905,0.5777008929804535,2.2318476435148167,5.983022402005675,342.80193236714933
78.58084464073181,0.5813660533996237,2.230703055283432,5.9779634766375755,342.5120772946856
78.64067578315735,0.5853435785700651,2.2294387995456244,5.972904551269476,342.22222222222183
78.68070101737976,0.5894723725363307,2.228099581923707,5.966159317445344,341.8357487922702
78.74075317382812,0.5932772643760811,2.226844116394832,5.962786700533277,341.64251207729427
78.78069686889648,0.5970757562478368,2.2255694183495685,5.956041466709145,341.2560386473426
78.84074926376343,0.6010223288480614,2.2242116209555394,5.9476099244289795,340.772946859903
78.88074111938477,0.6048032793249841,2.222885797023997,5.944237307516913,340.57971014492716
78.94069194793701,0.6084234647226111,2.2216060545481504,5.942550999060879,340.4830917874392
78.98076009750366,0.6123513614383272,2.220195141211782,5.934119456780714,339.9999999999996
79.04071354866028,0.6161140824254012,2.2188184326806013,5.930746839868648,339.8067632850238
79.0809440612793,0.6197144292847457,2.2174838969523107,5.925687914500548,339.51690821256
79.14069271087646,0.6233102547987219,2.216137226246193,5.924001606044515,339.4202898550721
79.18068504333496,0.6272138018289045,2.214660280195984,5.918942680676415,339.1304347826083
79.24067974090576,0.6317273101997853,2.212908905138933,5.907138521484184,338.4541062801929
79.2806785106659,0.6357591669647159,2.2113012439551607,5.9003932876600516,338.06763285024124
79.34075570106506,0.6397773255136852,2.2096596455480984,5.890275436923853,337.4879227053137
79.38076210021973,0.6440864648992827,2.2078480791302115,5.880157586187654,336.9082125603862
79.44071841239929,0.6477694551940437,2.206270429582597,5.876784969275587,336.71497584541027
79.48067164421082,0.6519053000928192,2.2044781221905425,5.871726043907487,336.4251207729465
79.54065465927124,0.6554232579563098,2.202939468367104,5.870039735451455,336.3285024154586
79.58063411712646,0.6595438441089749,2.2011123535450947,5.861608193171288,335.845410628019
79.64069414138794,0.6633448019535031,2.1993884717289034,5.853176650891122,335.36231884057935
79.68063879013062,0.6669838904787334,2.197712037921105,5.849804033979056,335.1690821256035
79.74077725410461,0.6710666625770889,2.1958019199123866,5.841372491698889,334.6859903381639
79.78070664405823,0.674834991396033,2.1940078332465895,5.83631356633079,334.3961352657001
79.84109783172607,0.6785911330469564,2.192188369328213,5.827882024050624,333.91304347826053
79.88068985939026,0.6823349166329007,2.190343610939239,5.822823098682525,333.6231884057967
79.94076991081238,0.6856253293556118,2.1887118953696167,5.822823098682525,333.6231884057967
79.98067569732666,0.68935973257964,2.1868482211458202,5.817764173314425,333.333333333333
80.04071593284607,0.6929341377233377,2.185037966060176,5.8110189394902925,332.94685990338127
80.08077192306519,0.6966462821815855,2.183130341208908,5.805960014122193,332.6570048309175
80.14073038101196,0.7006414103327544,2.1810431110179422,5.797528471842027,332.17391304347785
80.17991614341736,0.7040356293113932,2.1792479061152292,5.795842163385993,332.0772946859899
80.24080634117126,0.7075726733683608,2.1773656959926706,5.792469546473927,331.8840579710141
80.28073334693909,0.7115392811256386,2.175224761216867,5.784038004193761,331.40096618357444
80.3407530784607,0.715487696720683,2.1730504583163603,5.775606461913594,330.9178743961348
80.3806700706482,0.7188385920226168,2.1711756293126494,5.770547536545495,330.628019323671
80.44072461128235,0.7223268998815152,2.1692045626248024,5.767174919633429,330.4347826086952
80.48065376281738,0.7260950493148359,2.1670501501056014,5.760429685809296,330.04830917874347
80.54063200950623,0.7298449000033556,2.1648640432306903,5.750311835073097,329.46859903381596
80.5807192325592,0.7335761853683737,2.162646397411465,5.743566601248964,329.08212560386426
80.640629529953,0.7370135252655298,2.1605877352153264,5.743566601248964,329.08212560386426
80.6807062625885,0.7407297673213653,2.1583449716439342,5.736821367424831,328.69565217391255
80.74066090583801,0.7445711572857867,2.1559867303595057,5.7283898251446645,328.2125603864729
80.78066229820251,0.74825293474649,2.1536878266676163,5.721644591320532,327.8260869565212
80.84079456329346,0.7515012894295757,2.15164046862112,5.719958282864498,327.7294685990333
80.88072371482849,0.7550245842856004,2.1494031840148202,5.714899357496399,327.4396135265695
80.94078707695007,0.758532708096813,2.147142185037094,5.706467815216232,326.95652173912987
80.98066115379333,0.7620255012505723,2.1448575745588885,5.701408889848133,326.66666666666606
81.04064226150513,0.7655066920847724,2.1425553236108037,5.696349964480033,326.3768115942023
81.08059644699097,0.7691088572996835,2.1401335785335487,5.686232113743834,325.79710144927475
81.14071273803711,0.7726904756706833,2.137681548089357,5.679486879919701,325.41062801932304
81.18070197105408,0.7763904190820912,2.1351070583211276,5.671055337639535,324.92753623188344
81.2406325340271,0.7797960720764304,2.132694471175712,5.662623795359369,324.44444444444383
81.280921459198,0.7837181119955515,2.1298560428646054,5.650819636167137,323.7681159420284
81.34031915664673,0.78707842963737,2.1273807015955764,5.6457607107990375,323.47826086956456
81.38071012496948,0.7902902531938936,2.1249853759291684,5.639015476974905,323.09178743961286
81.44075608253479,0.793489917928754,2.1225738326077903,5.635642860062838,322.898550724637
81.48008060455322,0.7970734658922967,2.1198396484868267,5.627211317782671,322.41545893719734
81.54070997238159,0.8002444421318275,2.11739050469874,5.623838700870605,322.22222222222155
81.58073139190674,0.8032733725662542,2.115030618358028,5.618779775502506,321.93236714975774
81.64069437980652,0.8061648913985934,2.1127660145454032,5.618779775502506,321.93236714975774
81.68076133728027,0.8091818446358576,2.1103908353349357,5.613720850134406,321.642512077294
81.74070501327515,0.8123194932396012,2.107899137751797,5.610348233222339,321.44927536231813
81.7806704044342,0.8157003276987632,2.105176932429918,5.60023038248614,320.8695652173906
81.8399887084961,0.8191848249362994,2.1023175867327444,5.591798840205975,320.38647342995097
81.88083982467651,0.8218837040982659,2.100079969187173,5.590112531749941,320.28985507246307
81.94069743156433,0.8250876531461823,2.0974053178920635,5.585053606381842,319.99999999999926
81.98001503944397,0.827771377772236,2.0951495468170966,5.583367297925809,319.9033816425114
82.04069542884827,0.8310822809040866,2.0923427044798384,5.576622064101677,319.5169082125597
82.08070349693298,0.8344983090666134,2.0894019000988626,5.568190521821512,319.03381642512016
82.14069318771362,0.8377614116829559,2.0865396274406516,5.558072671085313,318.4541062801926
82.18075609207153,0.8408780355665638,2.0837637123446515,5.553013745717213,318.16425120772885
82.24065947532654,0.8440973239838336,2.080852247843553,5.542895894981014,317.5845410628013
82.28067111968994,0.8470507795116076,2.0781447589605,5.539523278068948,317.3913043478255
82.3407416343689,0.8501153786393671,2.075311513253151,5.534464352700849,317.1014492753617
82.3807487487793,0.8531656054340422,2.072462800288825,5.529405427332749,316.81159420289794
82.44083094596863,0.8563203002866004,2.069481467727374,5.522660193508616,316.42512077294623
82.48073124885559,0.859331820221536,2.066591866243854,5.514228651228451,315.9420289855066
82.5407292842865,0.8623237807575301,2.0636820172437975,5.509169725860351,315.6521739130429
82.58066892623901,0.8653009823612597,2.060757069438652,5.504110800492252,315.3623188405791
82.64076662063599,0.8684949792948075,2.0575765093617426,5.4956792582120855,314.87922705313946
82.68072080612183,0.8714324522712642,2.054611665088486,5.490620332843986,314.5893719806757
82.7406678199768,0.8744691723665484,2.0515102501666123,5.483875099019853,314.202898550724
82.7806806564331,0.8771392622815425,2.048750883760438,5.4788161736517536,313.91304347826025
82.840740442276,0.8796865769188018,2.046105038011961,5.4788161736517536,313.91304347826025
82.88071799278259,0.8822294262242995,2.0434549004692175,5.4754435567396875,313.7198067632844
82.94072413444519,0.8854429554196802,2.0400602450756087,5.4653257060034885,313.14009661835684
82.98066329956055,0.8881777198654337,2.0371320273527207,5.461953089091422,312.946859903381
83.0407087802887,0.8910135484950982,2.034069818177101,5.456894163723322,312.65700483091723
83.0807592868805,0.8938338494149448,2.0309933020023365,5.451835238355223,312.3671497584534
83.13980388641357,0.8968572933199319,2.027650194799787,5.443403696075057,311.8840579710139
83.18072175979614,0.8995272133863699,2.0246627339305494,5.44003107916299,311.69082125603796
83.2408196926117,0.9021870427263086,2.0216662854513006,5.436658462250923,311.4975845410621
83.28074216842651,0.9050520656655534,2.01840559733185,5.429913228426791,311.11111111111046
83.3407154083252,0.9081137190164328,2.01487335528324,5.423167994602658,310.72463768115875
83.38069128990173,0.9108286766706272,2.0117034887264262,5.418109069234559,310.43478260869495
83.44070553779602,0.9137376723982703,2.008260332809118,5.409677526954392,309.95169082125534
83.48069882392883,0.9167211624590317,2.004661827259829,5.399559676218193,309.3719806763278
83.54067277908325,0.9192575764122166,2.0015602147978213,5.396187059306127,309.178743961352
83.58073925971985,0.922192250940144,1.9979217892391412,5.386069208569928,308.5990338164244
83.64069437980652,0.9249894543146197,1.9943872125889377,5.377637666289763,308.1159420289848
83.68074750900269,0.9274572706909336,1.9912307465366588,5.374265049377696,307.92270531400897
83.74069428443909,0.9300140285527699,1.9879319530772235,5.3692061240095965,307.6328502415452
83.78067874908447,0.9327451902185968,1.9843461010488403,5.357401964817364,306.9565217391297
83.84078049659729,0.9353430591689718,1.9808688146971858,5.350656730993231,306.570048309178
83.88069605827332,0.9378155662924383,1.977506411155598,5.342225188713065,306.0869565217384
83.94069194793701,0.940265337142717,1.974127406593127,5.337166263344965,305.7971014492746
83.98074340820312,0.9425979308809372,1.9708697383996474,5.330421029520833,305.4106280193229
84.04073309898376,0.9451879958398002,1.9671806812947477,5.318616870328601,304.73429951690747
84.08075952529907,0.947649078000085,1.9636052766945586,5.311871636504468,304.34782608695576
84.1407253742218,0.9498074838918588,1.9604296244585553,5.306812711136368,304.057971014492
84.1807074546814,0.9523160614468659,1.9566846788695174,5.298381168856202,303.57487922705235
84.24076461791992,0.9543420422811805,1.9536212309354213,5.295008551944136,303.3816425120765
84.28064346313477,0.9563628543192119,1.9505543709299964,5.295008551944136,303.3816425120765
84.3407073020935,0.9588270521986294,1.9467800752837314,5.28657700966397,302.89855072463695
84.38062405586243,0.960991928986105,1.943408620983071,5.279831775839838,302.51207729468524
84.44069361686707,0.9632262421165495,1.9398834410036658,5.274772850471739,302.2222222222215
84.48074746131897,0.9653511718217173,1.9364866676296404,5.268027616647606,301.8357487922698
84.54071712493896,0.9676283054556238,1.9327913860614705,5.261282382823473,301.4492753623181
84.58069562911987,0.9697129919980962,1.9293697669087846,5.257909765911407,301.2560386473423
84.64075517654419,0.9717803422221222,1.9259376453116361,5.251164532087274,300.8695652173906
84.68069648742676,0.9739126939713771,1.9223498709221958,5.2461056067191745,300.57971014492676
84.74071717262268,0.9761019617713146,1.9186018647916134,5.2359877559829755,299.99999999999926
84.78066062927246,0.9782595506554701,1.9148355331995077,5.2292425221588426,299.61352657004755
84.8407769203186,0.9803127451219774,1.911201879179822,5.224183596790743,299.3236714975838
84.8807384967804,0.9824193296430306,1.9074067843048046,5.214065746054544,298.74396135265624
84.94083762168884,0.9844171426168098,1.903742389078594,5.209006820686445,298.4541062801925
84.9807801246643,0.9866986837724502,1.8994723021521263,5.197202661494212,297.77777777777703
85.04073190689087,0.9886344226223052,1.8957747402314495,5.192143736126113,297.4879227053132
85.08068060874939,0.9903980704142253,1.8923640174951761,5.187084810758013,297.1980676328495
85.14076495170593,0.9924413854800984,1.8883462516538263,5.178653268477848,296.71497584540987
85.18074703216553,0.9942365556497704,1.8847642466750034,5.175280651565782,296.52173913043407
85.2406816482544,0.996013581829281,1.8811732059395443,5.168535417741649,296.13526570048236
85.28067398071289,0.9979820225294979,1.8771182312140904,5.160103875461483,295.65217391304276
85.34075665473938,1.00005209947319,1.8727417196064664,5.148299716269251,294.9758454106273
85.38075137138367,1.00180477452221,1.8689539525565255,5.143240790901151,294.6859903381635
85.44071698188782,1.003338692346651,1.8656168268930555,5.143240790901151,294.6859903381635
85.4807562828064,1.005005915862576,1.8619735095373562,5.139868173989085,294.4927536231877
85.54096722602844,1.0067854108386491,1.858014489319568,5.129750323252886,293.91304347826014
85.5806839466095,1.0083388818503731,1.8545030493110517,5.128064014796853,293.8164251207722
85.6407220363617,1.0099506216712788,1.8508348494315332,5.124691397884787,293.6231884057964
85.68065524101257,1.0115437837975496,1.8471585428548438,5.117946164060654,293.2367149758447
85.74064922332764,1.0129928085865774,1.843783688969605,5.117946164060654,293.2367149758447
85.7807297706604,1.0146918311542346,1.8397894724294916,5.111200930236522,292.850241545893
85.84068417549133,1.0161799035689274,1.8362498222198937,5.109514621780488,292.7536231884051
85.8807544708252,1.017845188737807,1.832241422444293,5.102769387956355,292.36714975845337
85.94071912765503,1.0192973719440546,1.8286868975740511,5.097710462588256,292.0772946859896
85.98085403442383,1.0208562661008893,1.8248153477474491,5.092651537220156,291.78743961352586
86.0407087802887,1.0222784279173034,1.821248705224626,5.090965228764123,291.6908212560379
86.0807433128357,1.0238690774797936,1.81721010677664,5.08421999493999,291.3043478260862
86.14075303077698,1.025318491320112,1.813474789504187,5.080847378027924,291.11111111111035
86.18068885803223,1.0268118806578295,1.8095775036103798,5.0757884526598245,290.8212560386466
86.24089217185974,1.028223427572084,1.805827712827516,5.0690432188356915,290.4347826086949
86.28074145317078,1.0297251678328252,1.80175521732181,5.062297985011559,290.0483091787432
86.34075546264648,1.0313579850073509,1.7971974787949696,5.050493825819326,289.3719806763277
86.38061857223511,1.0326806205436205,1.7934154117880818,5.04712120890726,289.17874396135187
86.44069290161133,1.034092729833411,1.7893109762838484,5.040375975083127,288.79227053140016
86.48066473007202,1.0353204522564305,1.7856728200516765,5.035317049715028,288.5024154589364
86.54072332382202,1.0365358976130887,1.782030543881113,5.033630741258994,288.40579710144846
86.58067154884338,1.0377881545854413,1.7782245948428852,5.026885507434862,288.0193236714968
86.64077472686768,1.0390211416034811,1.7744123594593157,5.023512890522795,287.82608695652095
86.6810712814331,1.0402887505586709,1.7704359016651479,5.018453965154696,287.53623188405714
86.74067759513855,1.0414831034957681,1.766611386445144,5.011708731330563,287.14975845410544
86.78060269355774,1.042786788212063,1.7622965301352722,4.99990457213833,286.47342995169
86.84073615074158,1.043872516470916,1.758613504576631,4.998218263682297,286.376811594202
86.8806586265564,1.0450391476375331,1.7546062585431121,4.9931593383141974,286.0869565217383
86.94065833091736,1.0461000085169607,1.7509159933341907,4.991473029858164,285.9903381642503
86.98009157180786,1.04715464496556,1.74722394443433,4.9897867214021305,285.8937198067624
87.0407235622406,1.0481544915770717,1.7436898790218942,4.9864141044900645,285.70048309178657
87.08075833320618,1.0492322245577272,1.7398308782148457,4.9830414875779985,285.50724637681077
87.14070272445679,1.0502494520624157,1.7361283478204557,4.977982562209899,285.21739130434696
87.18066811561584,1.0514142439423062,1.7317739433042352,4.9695510199297335,284.7342995169074
87.24069094657898,1.0524655348016891,1.727734904237693,4.964492094561634,284.4444444444436
87.28068208694458,1.053534066117132,1.7235279238143202,4.957746860737501,284.0579710144919
87.34070897102356,1.054537607381973,1.7194767568242004,4.9526879353694016,283.76811594202815
87.38068318367004,1.0555564055412874,1.7152574566730732,4.945942701545269,283.38164251207644
87.44072246551514,1.0565052050093946,1.7111931204884798,4.937511159265103,282.89855072463683
87.48022103309631,1.0574928623379596,1.7067951537064687,4.929079616984938,282.41545893719723
87.54071974754333,1.0583410896570387,1.7028793005399723,4.922334383160805,282.0289855072455
87.58096289634705,1.05922420227519,1.698629529303966,4.912216532424606,281.449275362318
87.64074802398682,1.0600714518015872,1.6943724632139523,4.905471298600473,281.0628019323663
87.68068814277649,1.0608550298527781,1.6902730663693217,4.897039756320307,280.5797101449267
87.74073100090027,1.0616109388977752,1.6861684774047887,4.891980830952208,280.28985507246296
87.78066110610962,1.0623199933342067,1.6822250477537655,4.888608214040142,280.0966183574871
87.8407666683197,1.0629835659392333,1.678443096601842,4.883549288672042,279.80676328502335
87.88077425956726,1.0636840350552272,1.6743286838770883,4.878490363303943,279.5169082125596
87.94073581695557,1.0643567357708184,1.6702096399589783,4.870058821023777,279.03381642512
87.98065948486328,1.0650238175043019,1.6659206487704146,4.863313587199645,278.64734299516834
88.0408411026001,1.065619548830614,1.6619585155327201,4.859940970287578,278.45410628019243
88.08067083358765,1.0662634271235132,1.6574972377383799,4.851509428007413,277.97101449275283
88.1404345035553,1.0668508404746697,1.6531966111550076,4.844764194183281,277.5845410628012
88.18074870109558,1.067391244923713,1.6490581317140136,4.839705268815181,277.2946859903374
88.24069499969482,1.0679278532488918,1.6447508709882073,4.832960034991048,276.9082125603857
88.28025341033936,1.0683634629296959,1.6411040153848255,4.829587418078982,276.7149758454099
88.340735912323,1.0688716497950812,1.6366252516129582,4.821155875798817,276.2318840579703
88.38068795204163,1.069314210188453,1.632475168559537,4.816096950430717,275.9420289855065
88.44066286087036,1.069695602865125,1.6286544326691805,4.807665408150552,275.45893719806696
88.48074865341187,1.0700076340629094,1.6253301541121192,4.804292791238486,275.2657004830911
88.5407145023346,1.070394809392311,1.620839310752722,4.792488632046253,274.58937198067565
88.58061838150024,1.0706923589272455,1.6170111326753676,4.787429706678154,274.2995169082119
88.63988614082336,1.070972524018721,1.613014271015526,4.777311855941955,273.71980676328434
88.68062257766724,1.0712257231746976,1.6090156105155828,4.773939239029889,273.5265700483085
88.74092411994934,1.0714384215821533,1.6055162333712028,4.772252930573855,273.4299516908206
88.77997088432312,1.0716775824888414,1.601349477905281,4.767194005205756,273.1400966183568
88.84104251861572,1.0718835642759104,1.597348107251394,4.760448771381623,272.7536231884051
88.88058567047119,1.0720693008780031,1.5933457457583458,4.757076154469557,272.5603864734293
88.94070076942444,1.0722451987545423,1.5891758406048555,4.752017229101457,272.2705314009655
88.98069500923157,1.0723999992312503,1.585005098960437,4.746958303733358,271.9806763285017
89.0408501625061,1.0725353883804893,1.580666653013673,4.740213069909226,271.59420289855007
89.08076810836792,1.072640947117505,1.5764943746906084,4.735154144541126,271.3043478260863
89.14070534706116,1.0727183606737045,1.5723214792697535,4.72672260226096,270.82125603864665
89.18065881729126,1.0727676255269258,1.5681481566095328,4.72166367689286,270.5314009661829
89.24075698852539,1.0727873318674808,1.5634737511081813,4.711545826156661,269.95169082125534
89.28076720237732,1.0727662179586905,1.5593001910864575,4.703114283876496,269.4685990338158
89.34071850776672,1.0726992184965953,1.5546262242270326,4.692996433140297,268.88888888888823
89.38068127632141,1.0726004135168132,1.550286790965569,4.686251199316164,268.5024154589365
89.4407377243042,1.0724723405146916,1.5459481228795255,4.679505965492031,268.1159420289848
89.48068928718567,1.072342865870249,1.5421105820739935,4.677819657035998,268.01932367149686
89.54065203666687,1.0721810324600693,1.5379401074008388,4.669388114755832,267.5362318840573
89.58063387870789,1.0719682824234216,1.5334376285018048,4.6609565724756665,267.0531400966177
89.64075970649719,1.0717361482884231,1.529270475661382,4.652525030195501,266.5700483091781
89.680673122406,1.0714896924642676,1.5252713938751299,4.649152413283435,266.37681159420225
89.741366147995,1.0712297506964759,1.5212731660322287,4.645779796371368,266.1835748792264
89.78063130378723,1.0709107738638912,1.5167769640133448,4.6373482540912025,265.7004830917868
89.84066939353943,1.0705634683437082,1.51245032301479,4.627230403355004,265.1207729468593
89.88058233261108,1.0702682224717568,1.5089569420040443,4.628916711811037,265.2173913043472
89.93979549407959,1.0698844494723563,1.5046333830834724,4.618798861074838,264.6376811594197
89.98070287704468,1.0694642362763467,1.50031321360478,4.612053627250706,264.25120772946804
90.04067826271057,1.0690561779927459,1.4963273781787272,4.608681010338639,264.0579710144921
90.08083128929138,1.0686903063770123,1.492840686484306,4.606994701882606,263.9613526570042
90.14076924324036,1.0682191276725412,1.4885257781326515,4.600249468058473,263.5748792270525
90.18066048622131,1.0678019726575767,1.4848767654881931,4.596876851146407,263.38164251207667
90.24065041542053,1.0673104559932496,1.4807321954959305,4.591817925778307,263.0917874396129
90.28064632415771,1.066773847668071,1.4764249347701242,4.585072691954174,262.7053140096612
90.34061980247498,1.0662154561919044,1.4721204438113615,4.581700075042108,262.51207729468535
90.38058543205261,1.0656280428407479,1.4678198172279893,4.571582224305909,261.93236714975785
90.44067311286926,1.0649766423764224,1.4633596315536683,4.563150682025744,261.44927536231825
90.48073530197144,1.0642582466634403,1.4587407179659844,4.553032831289545,260.8695652173907
90.54071283340454,1.0635855459478492,1.4546216740478743,4.547973905921445,260.57971014492693
90.58063292503357,1.0629782934710073,1.4509994432414104,4.544601289009379,260.3864734299511
90.64038252830505,1.0622708871852715,1.4468862175730357,4.53954236364128,260.09661835748733
90.68061971664429,1.0616331156630359,1.4432692355339107,4.536169746729213,259.9033816425115
90.74066829681396,1.060950419022293,1.4394906897270698,4.531110821361113,259.61352657004767
90.78070497512817,1.0602549827008956,1.4357144678796994,4.52942451290508,259.51690821255977
90.84061980247498,1.059546814609108,1.4319406129445633,4.52436558753698,259.22705314009596
90.88067579269409,1.0588542245165955,1.4283337263993998,4.520992970624914,259.03381642512016
90.94066166877747,1.0580787756563312,1.4244028136973028,4.514247736800781,258.64734299516846
90.98076558113098,1.057319762480599,1.4206388553929719,4.512561428344748,258.5507246376805
91.04064536094666,1.0564809546280016,1.4165504020865862,4.507502502976648,258.2608695652167
91.08095812797546,1.0556965701327192,1.4127916490910786,4.505816194520614,258.16425120772874
91.14070868492126,1.0548681635922648,1.4088715549327546,4.502443577608548,257.97101449275294
91.18075633049011,1.0539880330195457,1.4047917976817603,4.497384652240449,257.68115942028913
91.24065589904785,1.0530872746098554,1.4007165451325987,4.492325726872349,257.3913043478254
91.28070902824402,1.0522060611508817,1.3968079829358162,4.488953109960283,257.1980676328496
91.3407289981842,1.0513116706456276,1.3929024149578515,4.485580493048216,257.0048309178737
91.38068652153015,1.0503628711775204,1.3888380787732582,4.480521567680117,256.7149758454099
91.44074535369873,1.0494773698021223,1.385101854685781,4.478835259224083,256.61835748792197
91.4807448387146,1.0485011772282398,1.3810440107865196,4.473776333855984,256.3285024154582
91.54069447517395,1.0475904944831311,1.377313844562953,4.47209002539995,256.23188405797026
91.58071231842041,1.04654325955018,1.3731015123763926,4.465344791575817,255.84541062801856
91.6410014629364,1.0454534591988165,1.368899991384074,4.451854323927551,255.07246376811514
91.68093991279602,1.0445013783173323,1.3653527595646069,4.448481707015485,254.87922705313932
91.74077796936035,1.0433956962470188,1.3613282700054872,4.44005016473532,254.39613526569974
91.7807047367096,1.042214059342505,1.3571516472453355,4.433304930911188,254.0096618357481
91.8407084941864,1.0410973373976435,1.3533037481166865,4.426559697087055,253.62318840579638
91.8806414604187,1.0399611635912474,1.349461547615925,4.423187080174989,253.42995169082053
91.9407114982605,1.0389077984666268,1.345943063069965,4.419814463262923,253.2367149758447
91.98071050643921,1.0378485015922694,1.3424263598243238,4.419814463262923,253.2367149758447
92.04099011421204,1.0366799728793132,1.3385938754794908,4.41306922943879,252.850241545893
92.08080577850342,1.035332698564914,1.3342924302879184,4.404637687158624,252.36714975845342
92.1408154964447,1.0341603308955365,1.3306360608911705,4.399578761790525,252.07729468598964
92.18067598342896,1.0328106739387644,1.3265106676306726,4.392833527966392,251.69082125603794
92.24078035354614,1.0315455881045728,1.3227089636129299,4.389460911054326,251.4975845410621
92.28107213973999,1.030324002477862,1.3190687422358307,4.387774602598292,251.40096618357418
92.3407461643219,1.0291525938637822,1.315587777794072,4.387774602598292,251.40096618357418
92.3807361125946,1.0278682917631916,1.3117925223717308,4.384401985686226,251.20772946859836
