time_s,x_m,y_m,yaw_rad,yaw_deg
0.006283283233642578,-0.0,0.0,0.0,0.0
0.06620073318481445,-0.0,0.0,0.0,0.0
0.10624909400939941,-0.00033388859956509496,-5.630397024128267e-07,0.003372616912066251,0.19323671497584047
0.16622209548950195,0.0018363834404338654,4.926594144823984e-06,0.0016863084560330144,0.09661835748791386
0.20627522468566895,0.00317192264738541,1.1683044957631547e-05,0.008431542280165738,0.4830917874396075
0.2662220001220703,0.005175117524291358,3.533017450380689e-05,0.015176776104298462,0.8695652173913011
0.30618834495544434,0.007178107326301705,7.248868147963694e-05,0.021922009928431185,1.2560386473429948
0.3662087917327881,0.010015429074181749,0.00013709193749095183,0.023608318384464422,1.3526570048309214
0.40619635581970215,0.012184868018047945,0.00019747018289644185,0.03203986066463016,1.835748792270529
0.4663081169128418,0.0153550994772782,0.00030175454119718906,0.033726169120663396,1.9323671497584556
0.5062355995178223,0.018525150573505157,0.00041138473680829395,0.03541247757669663,2.0289855072463823
0.566258430480957,0.021194254364324202,0.0005149581193231974,0.042157711400829356,2.4154589371980757
0.6061873435974121,0.02402926042190003,0.0006465215458055801,0.050589253680995094,2.8985507246376834
0.6662096977233887,0.026529433802501317,0.0007879101085687956,0.06239341287322708,3.574879227053131
0.7062315940856934,0.02919416477682964,0.0009724401228899116,0.07588388052149253,4.347826086956519
0.7661874294281006,0.03252257423276322,0.0012367919471306422,0.08262911434562548,4.734299516908225
0.8062586784362793,0.03551558225088562,0.0015050046091190285,0.09611958199389092,5.507246376811612
0.8662822246551514,0.039170199189487345,0.0018698149955009118,0.10286481581802343,5.893719806763293
0.9062278270721436,0.04248966387731092,0.002229461460269585,0.11298266655422262,6.47342995169084
0.9661829471588135,0.046136885470501994,0.0026619961248774467,0.1231005172904216,7.053140096618374
1.0062813758850098,0.04961434530227262,0.003107141190632651,0.1315320595705871,7.536231884057969
1.0662336349487305,0.05341874574140951,0.0036267760781941993,0.13996360185075285,8.019323671497576
1.1061522960662842,0.05721955460198704,0.004172060520510487,0.14502252721885256,8.309178743961356
1.1662216186523438,0.06085104834332894,0.0047212096737667755,0.15514037795505153,8.88888888888889
1.2062764167785645,0.06447680009224285,0.005307073003542051,0.1652582286912505,9.468599033816425
1.2662675380706787,0.06826151509837577,0.005954695918538214,0.17368977097141625,9.951690821256031
1.3063218593597412,0.07204063518060645,0.006634206420118291,0.18212131325158198,10.43478260869564
1.3662569522857666,0.07614200094022851,0.0074074127042850525,0.19055285553174772,10.917874396135247
1.4062724113464355,0.07958040047447042,0.008091729629452062,0.20235701472397993,11.594202898550707
1.4662768840789795,0.08300925565629617,0.008822368495932265,0.21753379082827817,12.463768115941996
1.5063807964324951,0.08691855946252819,0.009700286121323416,0.22427902465241112,12.850241545893702
1.5663425922393799,0.09049517530497028,0.010535229653257771,0.2343968753886101,13.429951690821236
1.606328010559082,0.09357470418942694,0.011295324767224672,0.24957365149290833,14.299516908212524
1.6662468910217285,0.09728980332159703,0.012265645103931324,0.261377810685141,14.975845410628011
1.7063302993774414,0.10067271303049531,0.013185864052109551,0.2698093529653063,15.458937198067593
1.7663061618804932,0.10436917521425071,0.01422492634174537,0.27824089524547224,15.942028985507212
1.806265115737915,0.10773443442001324,0.015207734303238865,0.2900450544377047,16.618357487922687
1.8662927150726318,0.11124844696634997,0.01627592314895643,0.3001629051739034,17.198067632850208
1.9063291549682617,0.11459135417532518,0.017332262300614302,0.31196706436613564,17.87439613526567
1.9662995338439941,0.11808110741209508,0.01847722253240438,0.32208491510233483,18.454106280193216
2.006301164627075,0.12171614653073752,0.019714143598445307,0.3338890742945666,19.13043478260865
2.0663187503814697,0.12549709700766018,0.021039967529987887,0.34063430811869955,19.516908212560356
2.1062915325164795,0.12895259802552902,0.02228448522830934,0.3507521588548985,20.09661835748789
2.166301727294922,0.1328684590887077,0.023728466248252894,0.355811084222998,20.386473429951657
2.206352472305298,0.13645972235647558,0.025087256614445216,0.3676152434152302,21.06280193236712
2.266449213027954,0.13972382911177572,0.026366509560953096,0.37941940260746243,21.73913043478258
2.3062756061553955,0.14328444444918245,0.027803694843615275,0.3878509448876284,22.2222222222222
2.366345167160034,0.14683281567875578,0.02927085016423178,0.3962824871677939,22.705314009661794
2.40623140335083,0.1508341593939534,0.03095301898084098,0.39965510407986016,22.898550724637634
2.4662587642669678,0.15436496528183463,0.03246195665343724,0.4080866463600259,23.381642512077242
2.506641149520874,0.15711099471422088,0.03368234896128923,0.42832234783242384,24.54106280193231
2.5662434101104736,0.16059709871468453,0.03529187125552043,0.4367538901125896,25.024154589371918
2.6063504219055176,0.1640695082062554,0.0369307292239011,0.44518543239275554,25.507246376811537
2.6663153171539307,0.16722723997475694,0.03845375617354459,0.45361697467292106,25.990338164251135
2.7062785625457764,0.17006777086305755,0.03986536058168777,0.4687937507772195,26.859903381642436
2.766298532485962,0.17333587223631294,0.04154131553336541,0.4789116015134183,27.439613526569957
2.806265354156494,0.1764377013593334,0.0431751873467973,0.4907157607056507,28.11594202898543
2.866368532180786,0.17952002834816172,0.044845558965655105,0.5025199198978829,28.79227053140089
2.9062745571136475,0.18243796477169924,0.04646846944424636,0.5126377706340819,29.371980676328423
2.9662747383117676,0.18548293617593797,0.04820600510100638,0.5244419298263139,30.04830917874387
3.0062789916992188,0.18836459687451762,0.04989248753838606,0.5345597805625131,30.62801932367142
3.0663115978240967,0.1913707494171005,0.051696352251125406,0.5463639397547455,31.304347826086893
3.106342315673828,0.19449914961111436,0.05362052059407808,0.5564817904909443,31.884057971014414
3.1662399768829346,0.1968975521768728,0.05513783183909127,0.5716585665952427,32.75362318840571
3.20630145072937,0.20011799229626281,0.057228824080851046,0.5800901088754085,33.236714975845324
3.266268491744995,0.20276074301795924,0.058982993786282245,0.5918942680676407,33.91304347826078
3.3062002658843994,0.20524032496711297,0.06068055332456859,0.6087573526279726,34.87922705314002
3.366175413131714,0.2083809936819963,0.06288955380918378,0.6171888949081379,35.362318840579604
3.4062154293060303,0.21150669083799856,0.06511968842544272,0.6222478202762374,35.65217391304337
3.466181993484497,0.2142065857906386,0.06708406075217638,0.6357382879245033,36.425120772946784
3.506537675857544,0.21715445584938736,0.06927480804537571,0.6424835217486358,36.81159420289847
3.5663363933563232,0.21941076382643276,0.07099633138079722,0.6610329147650007,37.87439613526562
3.6063215732574463,0.22163772218738484,0.07275565646169177,0.6762096908692992,38.743961352656925
3.666327476501465,0.22396553464795044,0.0746560048973823,0.6930727754296309,39.71014492753615
3.7062125205993652,0.22690485209553307,0.0771266113128222,0.7048769346218628,40.3864734299516
3.7662508487701416,0.2298190222936644,0.07962683033802781,0.7133084769020288,40.86956521739122
3.8062806129455566,0.23284001065281537,0.08225875452771615,0.7200537107261615,41.25603864734291
3.8663532733917236,0.23546190307215836,0.08458610520016259,0.7318578699183937,41.93236714975837
3.9062724113464355,0.23793449862227192,0.08682986602495817,0.7419757206545929,42.512077294685916
3.9663572311401367,0.2406292426968174,0.08932539521906295,0.7520935713907919,43.091787439613455
4.006340026855469,0.24330285007542599,0.09184355628837056,0.7588388052149246,43.47826086956515
4.066303730010986,0.24607792741281911,0.09449731379220629,0.7672703474950902,43.96135265700474
4.106284856796265,0.2483480849426241,0.0967126303660503,0.7790745066873224,44.637681159420204
4.166263103485107,0.2505919349722409,0.09895458928116617,0.7908786658795546,45.31400966183566
4.206270456314087,0.2532805765758272,0.10169588267026955,0.7993102081597203,45.79710144927527
4.2662107944488525,0.2557099738665922,0.10422351195771806,0.8111143673519525,46.47342995169073
4.306355237960815,0.25799305589441196,0.10665984687877764,0.8246048350002182,47.24637681159413
4.366236686706543,0.2601325387018163,0.10900161032739927,0.8364089941924508,47.92270531400962
4.4065704345703125,0.2623532707786162,0.11149490943428547,0.8498994618407163,48.695652173913004
4.466241121292114,0.2647682019905007,0.11426211358790207,0.8566446956648486,49.082125603864675
4.506283760070801,0.2671597158406974,0.11704958073394066,0.8667625464010473,49.66183574879219
4.566211223602295,0.26974806944492224,0.12010798247764409,0.8701351633131136,49.85507246376803
4.606319427490234,0.271774638688009,0.12254811768608102,0.8853119394174123,50.72463768115935
4.666258335113525,0.2741978424375981,0.12552663522097207,0.8903708647855115,51.0144927536231
4.70621395111084,0.27638732473161215,0.12826470905039,0.902175023977744,51.690821256038575
4.766210317611694,0.27854433457938055,0.1310284365202709,0.9139791831699764,52.36714975845405
4.806194305419922,0.2808811684960746,0.13407518730815388,0.9190381085380759,52.65700483091781
4.866299390792847,0.28288853904078676,0.13674326805834686,0.9325285761863413,53.429951690821206
4.906210422515869,0.28496544502449855,0.1395676870332807,0.9409601184665073,53.913043478260825
4.966282367706299,0.28721923420675494,0.14267637123075405,0.9460190438346068,54.20289855072459
5.00622034072876,0.28886174549595245,0.14499083119941594,0.9611958199389052,55.072463768115895
5.066309928894043,0.29104684999551167,0.14814817208118386,0.9696273622190712,55.555555555555515
5.106367111206055,0.2928254546141389,0.15077453998059867,0.9814315214113031,56.23188405797095
5.166296720504761,0.2946625564668948,0.15356259453098486,0.9949219890595687,57.00483091787435
5.206424713134766,0.29673995352906773,0.15679182115105228,1.0033535313397346,57.48792270531397
5.266205787658691,0.2985202648738469,0.15961647739721369,1.0134713820759338,58.067632850241516
5.30626916885376,0.3003569710193927,0.16260267758240862,1.025275541268166,58.743961352656974
5.366222858428955,0.3020749374124778,0.1654656800039163,1.035393392004365,59.323671497584506
5.406182765960693,0.304025557712327,0.16877302993452425,1.0404523173724645,59.61352657004828
5.466171979904175,0.3058673086834782,0.17195064931799217,1.0505701681086634,60.19323671497581
5.506181955337524,0.3073434022880166,0.17456812571697597,1.0640606357569289,60.966183574879196
5.5662336349487305,0.30886643425556204,0.1773505017444592,1.0758647949491609,61.64251207729465
5.606179237365723,0.31059998925879184,0.18058841753037835,1.0826100287732938,62.028985507246354
5.666256666183472,0.311991476052769,0.18325183629782424,1.0961004964215593,62.80193236714974
5.706168174743652,0.31381678388126494,0.18681857807956634,1.0994731133336257,62.99516908212559
5.76629114151001,0.31523556878278286,0.1896555292838882,1.1146498894379242,63.8647342995169
5.80626106262207,0.31699440549328506,0.1932555138716584,1.1180225063499907,64.05797101449275
5.8663530349731445,0.31851476944698576,0.19641452866418985,1.1264540486301566,64.54106280193237
5.906618118286133,0.32015655460922426,0.1998855551116158,1.1315129739982561,64.83091787439614
5.966244697570801,0.32185443728364066,0.20351468586570967,1.1348855909103226,65.02415458937199
6.006656169891357,0.32346101968278096,0.20700214570238873,1.1433171331904886,65.50724637681161
6.066274166107178,0.32482986197206803,0.21004754586991803,1.1534349839266875,66.08695652173914
6.106298446655273,0.3261678218185362,0.2131066396642576,1.1635528346628865,66.66666666666667
6.16631007194519,0.32747476225519556,0.21617911392588335,1.1736706853990855,67.2463768115942
6.2063822746276855,0.32894490887815536,0.21972624685610698,1.1821022276792514,67.72946859903384
6.266316890716553,0.33032534912630185,0.22312972982319013,1.188847461503384,68.11594202898551
6.306322336196899,0.33161285440779553,0.226390590317181,1.2006516206956164,68.79227053140099
6.366311311721802,0.3329299282490217,0.22981909262616157,1.2073968545197493,69.1787439613527
6.406282186508179,0.33403487812395993,0.23279236161943348,1.2225736306240478,70.04830917874399
6.466559171676636,0.33521726297447846,0.2360927929664559,1.2310051729042137,70.53140096618361
6.506303310394287,0.33642383090771816,0.2395617272997065,1.2411230236404127,71.11111111111114
6.566212892532349,0.33765768663585116,0.24319780804136087,1.2461819490085122,71.40096618357491
6.606176376342773,0.3388114703959875,0.24668465398300682,1.2562997997447112,71.98067632850245
6.666266202926636,0.33977485320193157,0.24970676190657448,1.2681039589369432,72.6570048309179
6.70620322227478,0.340903979830355,0.2533767150635864,1.2765355012171091,73.14009661835752
6.76623272895813,0.341951410209852,0.25689697090457764,1.286653351953308,73.71980676328505
6.806223392486572,0.3430122710892797,0.2605872361134991,1.295084894233474,74.20289855072467
6.866281509399414,0.34381080504772055,0.2634841963385994,1.3085753618817395,74.97584541062805
6.9062254428863525,0.3448363818136119,0.2673573846768623,1.315320595705872,75.36231884057973
6.966295957565308,0.3457465252485616,0.27091560762009476,1.325438446442071,75.94202898550728
7.006253004074097,0.34653568813234636,0.27415989696233656,1.3389289140903364,76.71497584541066
7.066278457641602,0.3474085836430051,0.2778990862521625,1.343987839458436,77.00483091787443
7.10631251335144,0.3482163626470643,0.2814819349325463,1.354105690194635,77.58454106280196
7.166306257247925,0.3489878501952846,0.28507277307271195,1.3642235409308339,78.16425120772949
7.206612586975098,0.349650621067389,0.28834522263907947,1.3777140085790993,78.93719806763288
7.2663414478302,0.35024088577791573,0.29146176404005353,1.3895181677713317,79.61352657004835
7.30632758140564,0.35094994021434706,0.2954051936910767,1.3962634015954647,80.00000000000006
7.366290092468262,0.3514517800580606,0.2983679950343762,1.4097538692437301,80.77294685990346
7.406243085861206,0.35205148597781316,0.3021605978250057,1.418185411523896,81.25603864734308
7.466291189193726,0.35256982760017913,0.30562790268233625,1.426616953804062,81.7391304347827
7.50631856918335,0.35305306161677213,0.30910027447930033,1.438421112996294,82.41545893719814
7.5663275718688965,0.3535255467119901,0.3127425360597917,1.445166346820427,82.80193236714985
7.60633397102356,0.3539271456046935,0.316057186829135,1.455284197556626,83.38164251207738
7.666252613067627,0.3542895907619789,0.3193763470996385,1.4687746652048914,84.15458937198076
7.706330060958862,0.35461283168198626,0.3226995543909403,1.4788925159410904,84.7342995169083
7.766192197799683,0.3548852883952688,0.32585977749570144,1.4906966751333224,85.41062801932375
7.806201457977295,0.35521572817556957,0.33002028931561866,1.4923829835893554,85.50724637681166
7.866177082061768,0.3554604309720498,0.3333502010163583,1.5025008343255544,86.0869565217392
7.906187295913696,0.35565821113865403,0.3365159751299326,1.5143049935177864,86.76328502415464
7.9661705493927,0.355853212755145,0.34018357461126814,1.5210502273419189,87.14975845410632
8.00621771812439,0.3560344442678449,0.34401901959933423,1.5261091527100183,87.43961352657008
8.066280603408813,0.3561610978676195,0.34735550731233306,1.5395996203582838,88.21256038647348
8.106351613998413,0.3562556771063422,0.35086006659685753,1.5480311626384498,88.6956521739131
8.166261196136475,0.3563091633684229,0.3540315618202888,1.5598353218306817,89.37198067632855
8.206303119659424,0.3563308402813918,0.35770427766791035,1.5699531725668807,89.95169082125608
8.266244411468506,0.35631310462532634,0.3607092269977826,1.5834436402151462,90.72463768115946
8.306227445602417,0.3562480772381186,0.36421445915130074,1.5952477994073782,91.40096618357492
8.366326093673706,0.35614955954417893,0.36755189614056505,1.6053656501435771,91.98067632850245
8.406315803527832,0.3559975752244493,0.3715556813961638,1.6121108839677096,92.36714975845413
8.466231346130371,0.35583717059874903,0.3748907168906349,1.625601351615975,93.14009661835752
8.506279468536377,0.35562447219129345,0.3783900940350151,1.637405510808207,93.81642512077296
8.566274881362915,0.3553704823565555,0.38188671671625973,1.649209670000439,94.49275362318842
8.606360673904419,0.3550811278195365,0.38538059063542884,1.657641212280605,94.97584541062804
8.666329383850098,0.35475643820146924,0.3888713581245441,1.669445371472837,95.65217391304348
8.706278800964355,0.3544051893403467,0.3921917219044466,1.6829358391211025,96.42512077294687
8.766245365142822,0.35399818670623767,0.3956738519805598,1.6913673814012684,96.90821256038649
8.80630373954773,0.3535379882278858,0.39931768635473897,1.7014852321374674,97.48792270531402
8.866537094116211,0.35304708332783385,0.40295751107099004,1.7082304659615999,97.8743961352657
8.906250238418579,0.35257292294321113,0.40626256225410085,1.7183483166977989,98.45410628019324
8.966257095336914,0.3520145898286212,0.4098926553271611,1.7284661674339978,99.03381642512078
9.00629734992981,0.3515227452139791,0.4128571323305538,1.7419566350822633,99.80676328502416
9.066349744796753,0.3508527960192467,0.41663795911766716,1.7503881773624292,100.28985507246378
9.106304407119751,0.350239764802987,0.419920090151191,1.7605060280986282,100.86956521739131
9.166306734085083,0.3494709457734576,0.423852304909597,1.7672512619227607,101.25603864734299
9.20630669593811,0.34871193259772526,0.427616263213928,1.7723101872908602,101.54589371980676
9.26625370979309,0.34796468345928944,0.43121222349054866,1.7790554211149927,101.93236714975845
9.306286573410034,0.34715496333238777,0.43496560016146335,1.7874869633951587,102.41545893719807
9.3662588596344,0.3463867854101705,0.43838624099191636,1.7959185056753246,102.89855072463769
9.40625262260437,0.34552019656413985,0.44212689693567964,1.8009774310434241,103.18840579710145
9.466251850128174,0.344557695069142,0.4461880100742417,1.8060363564115236,103.47826086956522
9.506348371505737,0.3436533038267222,0.4499197066854778,1.811095281779623,103.76811594202898
9.56629753112793,0.3428045918911239,0.45332126060413286,1.819526824059789,104.2512077294686
9.606319427490234,0.3419272301173306,0.4567155377479487,1.827958366339955,104.73429951690822
9.666300773620605,0.3409811323137097,0.46026437002517884,1.8347036001640875,105.1207729468599
9.706160068511963,0.3400051463645041,0.4638050991891902,1.8448214509002865,105.70048309178745
9.76616907119751,0.3389567373457347,0.46749892128114867,1.849880376268386,105.99033816425121
9.80618143081665,0.33793307556294505,0.471026162149077,1.8566256100925185,106.37681159420289
9.866186141967773,0.3369304228068552,0.4743855621642359,1.8650571523726844,106.85990338164251
9.906175136566162,0.3359925549734083,0.47741568537286366,1.8768613115649164,107.53623188405795
9.966136693954468,0.3348741090545615,0.48091402645293885,1.883606545389049,107.92270531400963
10.00619125366211,0.33357970700199147,0.4848818435326917,1.8886654707571484,108.2125603864734
10.06642770767212,0.33257057104949117,0.4878889829311649,1.9004696299493804,108.88888888888886
10.106295108795166,0.33142163942134634,0.49120120833487657,1.9089011722295464,109.37198067632848
10.166173696517944,0.33035186265182964,0.4941873128869446,1.9207053314217784,110.04830917874392
10.206279754638672,0.32919139680114207,0.4973180492863746,1.9308231821579773,110.62801932367145
10.266141176223755,0.32799405694548184,0.5004348695672661,1.9443136498062428,111.40096618357484
10.306196928024292,0.32687870765309923,0.5032252156003911,1.9578041174545082,112.17391304347824
10.366108179092407,0.3256029204177805,0.5063107558000202,1.9679219681907072,112.75362318840577
10.406167984008789,0.32422791334924883,0.5095356955781604,1.9797261273829392,113.42995169082121
10.466099500656128,0.32282034775788127,0.5127465584087936,1.9881576696631051,113.91304347826083
10.506274461746216,0.3212491325877279,0.5162500946233569,1.996589211943271,114.39613526570045
10.566088438034058,0.3199219558232207,0.5191310397058309,2.008393371135503,115.0724637681159
10.606136322021484,0.3184175924765126,0.5222977054495156,2.020197530327735,115.74879227053135
10.666377305984497,0.3167407726207723,0.5257519431786062,2.0252564556958346,116.03864734299512
10.706171751022339,0.3151173852384752,0.5290464727342371,2.032001689519967,116.4251207729468
10.766186237335205,0.3138308535303328,0.5315761771528649,2.050551082536332,117.48792270531395
10.806083917617798,0.3120442399117325,0.5349749261720642,2.058982624816498,117.97101449275357
10.866138219833374,0.31038687748305455,0.5380642676538611,2.067414167096664,118.45410628019319
10.906205654144287,0.3086206510222005,0.5412844781555063,2.077532017832863,119.03381642512072
10.966198205947876,0.30722447878497544,0.5437553628888926,2.0927087939371614,119.90338164251203
11.006266832351685,0.30537737198856163,0.5469298719956002,2.1028266446733603,120.48309178743956
11.06616473197937,0.30341560837924697,0.5502306244338855,2.1112581869535263,120.96618357487918
11.106307029724121,0.3015152347231512,0.5533735357519383,2.118003420777659,121.35265700483086
11.166196823120117,0.29984889926886044,0.5560725298027379,2.129807579969891,122.0289855072463
11.206273317337036,0.297972076239287,0.5590336809854383,2.1416117391621228,122.70531400966176
11.266230344772339,0.29614910239443343,0.5618309935804674,2.155102206810388,123.47826086956515
11.306145429611206,0.29420290106055336,0.5647470150788704,2.163533749090554,123.96135265700477
11.366419553756714,0.29222729597614083,0.567643196282039,2.175337908282786,124.63768115942021
11.406190395355225,0.29021764233868075,0.570515855897898,2.187142067475018,125.31400966183566
11.466185092926025,0.2881790269200648,0.5733680354480186,2.195573609755184,125.79710144927527
11.50624418258667,0.28640086364153794,0.5757904661247346,2.2124366943155156,126.7632850241545
11.566156148910522,0.284388996745943,0.5784551580370835,2.2225545450517146,127.34299516908203
11.606099128723145,0.28204702839261886,0.5814979638721156,2.2309860873318805,127.82608695652165
11.66624903678894,0.27988536111693146,0.5842580500302575,2.2394176296120465,128.30917874396127
11.706294536590576,0.2773910188981051,0.5873935966336065,2.246162863436179,128.69565217391295
11.766213178634644,0.27508520319759067,0.5902523595725695,2.2529080972603115,129.08212560386463
11.806127548217773,0.27285898335945147,0.5929606480068798,2.2647122564525435,129.75845410628008
11.866187810897827,0.2706054758798059,0.5956462736416854,2.2731437987327094,130.2415458937197
11.906219959259033,0.26822337667180357,0.5984417905794203,2.279889032556842,130.6280193236714
11.966285705566406,0.266032229925676,0.6009611292486474,2.2933795002051074,131.40096618357478
12.006265878677368,0.2639205380789539,0.6033279837598007,2.3051836593973394,132.0772946859902
12.066235303878784,0.2615602145279998,0.6059202325414486,2.3136152016775053,132.56038647342984
12.106178045272827,0.25906241413635145,0.6086128715423934,2.3237330524137043,133.14009661835738
12.166247844696045,0.25654199969903724,0.6112843547727554,2.330478286237837,133.52657004830905
12.206231355667114,0.2536651197347501,0.6143080298087273,2.33216459469387,133.62318840579695
12.266217708587646,0.2508911023105709,0.6171990889462655,2.3389098285180023,134.00966183574866
12.306186437606812,0.24855919012757713,0.6195887284513235,2.3490276792542013,134.5893719806762
12.366236209869385,0.24608751663839315,0.6220750331740014,2.3574592215343673,135.0724637681158
12.406146764755249,0.24359496787043436,0.624540409747771,2.3658907638145332,135.55555555555543
12.46625566482544,0.24131363231691658,0.6267442134651503,2.3810675399188317,136.4251207729467
12.5062997341156,0.23912266415840147,0.6288008353450709,2.394558007567097,137.1980676328501
12.566254377365112,0.23666145121858984,0.6310570760809483,2.404675858303296,137.77777777777766
12.60621190071106,0.23393328751751294,0.6335160259393336,2.4114210921274286,138.16425120772934
12.66624903678894,0.23130747419676412,0.6358389519854495,2.4232252513196606,138.84057971014477
12.706210136413574,0.22853417042380894,0.6382468759395725,2.429970485143793,139.22705314009644
12.76645016670227,0.2254910985292677,0.6408532352875993,2.4367157189679256,139.61352657004812
12.80620265007019,0.22318913369943422,0.6427848131272957,2.450206186616191,140.3864734299515
12.86618161201477,0.2200939469173652,0.6453290643708836,2.4569514204403236,140.77294685990321
12.906177997589111,0.21762501528826075,0.6473204506576914,2.468755579632556,141.44927536231867
12.966221809387207,0.21487406672473164,0.6494937345811495,2.477187121912722,141.9323671497583
13.006227731704712,0.21184116110248657,0.6518485098579498,2.485618664192888,142.4154589371979
13.066167831420898,0.20905037501270193,0.6539703944005697,2.4974228233851203,143.0917874396134
13.106152772903442,0.20650289288441834,0.6558602561782019,2.5092269825773528,143.76811594202886
13.16623854637146,0.20326301894125026,0.6582175029702824,2.5159722164014857,144.15458937198056
13.206359624862671,0.20014486093738673,0.660458166662276,2.521031141769585,144.44444444444434
13.266372203826904,0.19728069906369694,0.6624799128808815,2.5328353009618176,145.1207729468598
13.306290864944458,0.19426063387244066,0.6645700128369816,2.5395805347859506,145.5072463768115
13.366194248199463,0.19108680263407501,0.6667310955258324,2.5480120770661165,145.99033816425114
13.406137466430664,0.18816914122449627,0.6686748375123623,2.5598162362583485,146.66666666666657
13.466136455535889,0.18523196299971584,0.6705889600494588,2.5682477785385145,147.1497584541062
13.506215810775757,0.18283356043395743,0.6721062712944718,2.5867971715548794,148.21256038647337
13.566167116165161,0.17956126527908003,0.6741151434997258,2.5952287138350454,148.69565217391298
13.606176376342773,0.17655815888157506,0.6759240749457486,2.6036602561152113,149.1787439613526
13.666233539581299,0.17367934620843908,0.6776154143517579,2.617150723763477,149.951690821256
13.706154584884644,0.17106811592365193,0.6791025294879884,2.6306411914117422,150.72463768115938
13.766134977340698,0.16756659221540693,0.681050022062298,2.637386425235875,151.1111111111111
13.806154489517212,0.16463507603443853,0.6826482724413213,2.647504275972074,151.69082125603862
13.866376638412476,0.16183366078169112,0.6841359939589962,2.6593084351643066,152.36714975845408
13.906205892562866,0.15857407972301385,0.6858284604750133,2.6660536689884395,152.75362318840578
13.966152429580688,0.15574313498355782,0.6872591926702984,2.681230445092738,153.6231884057971
14.006192207336426,0.15259574814530122,0.6888034844502137,2.689661987372904,154.10628019323673
14.066184997558594,0.14958229631498438,0.6902412950982783,2.7031524550211694,154.8792270531401
14.106258153915405,0.14639933179282186,0.6917108589321415,2.714956614213402,155.55555555555557
14.166215658187866,0.14350401287240105,0.6930063785504925,2.7267607734056343,156.23188405797106
14.206361770629883,0.14105046310192895,0.6940622838566383,2.743623857965966,157.1980676328503
14.266189098358154,0.13796599968434325,0.6953406722244294,2.753741708702165,157.77777777777783
14.306203603744507,0.13455903583693346,0.696712499082444,2.763859559438364,158.35748792270536
14.366189956665039,0.13144933659649408,0.6979282136983547,2.773977410174563,158.9371980676329
14.406195640563965,0.1280197250099439,0.699242396315546,2.7773500270866296,159.13043478260875
14.46619462966919,0.12489390867528416,0.7004160502829924,2.7874678778228286,159.71014492753628
14.506131887435913,0.12175637768252767,0.7015580181734433,2.7975857285590275,160.2898550724638
14.566177368164062,0.11876401126911643,0.7026101521859945,2.8093898877512595,160.96618357487927
14.60641860961914,0.11575943405976288,0.7036268913489621,2.821194046943492,161.64251207729473
14.666238069534302,0.11321863777283028,0.704451025270142,2.834684514591757,162.4154589371981
14.706170320510864,0.11018930640840893,0.7053914476311117,2.8464886737839894,163.09178743961357
14.766131401062012,0.10667171126226316,0.7064477790060786,2.8532339076081223,163.47826086956528
14.806235790252686,0.10378649411812954,0.7072877534460431,2.8633517583443213,164.0579710144928
14.866146326065063,0.10073145181254967,0.7081409587223955,2.8751559175365538,164.7342995169083
14.906137228012085,0.09750742653285699,0.7090092054553178,2.8819011513606867,165.12077294686
14.966149806976318,0.09427619527962328,0.7098502381428241,2.8920190020968857,165.70048309178753
15.006128549575806,0.09119795252790616,0.7106155252092117,2.903823161289118,166.376811594203
15.066131353378296,0.08778730039525978,0.7114269024588427,2.9122547035692836,166.8599033816426
15.106125354766846,0.08436992841454058,0.71220949415094,2.920686245849449,167.3429951690822
15.166245222091675,0.08143357597337314,0.7128481406649414,2.934176713497714,168.11594202898556
15.206205606460571,0.07816281332826464,0.7135191869470194,2.944294564233913,168.6956521739131
15.26621413230896,0.07472212541465933,0.7141919035978576,2.9527261065140786,169.17874396135267
15.306219339370728,0.07094886891580707,0.7149032533792908,2.957785031882178,169.46859903381645
15.366170883178711,0.06782698710874696,0.7154645881414657,2.9695891910744106,170.14492753623193
15.406139135360718,0.06404227210261396,0.7161122110564617,2.97464811644251,170.43478260869568
15.466224193572998,0.06025432926494556,0.716740679175171,2.9797070418106095,170.72463768115946
15.506238460540771,0.05695641379483299,0.7172621625836515,2.9898248925468085,171.304347826087
15.566197872161865,0.053488673128092995,0.7177775805493667,2.998256434826974,171.78743961352657
15.606212615966797,0.05001753476066459,0.7182695962455704,3.0033153601950735,172.07729468599035
15.666234016418457,0.0462131343215276,0.7187892311331319,3.008374285563173,172.3671497584541
15.706296920776367,0.043066861140401785,0.7191919814307199,3.0201784447554054,173.0434782608696
15.766263961791992,0.03925423937322989,0.7196473915515605,3.025237370123505,173.33333333333337
15.806189775466919,0.035604876299856564,0.7200614697381706,3.031982603947638,173.71980676328505
15.866220951080322,0.032449972495892015,0.7203898364846736,3.0437867631398703,174.39613526570054
15.906217098236084,0.028958932484194094,0.7207115827323096,3.0555909223321027,175.07246376811602
15.966227531433105,0.025298683616493095,0.7210147160568057,3.0623361561562357,175.45893719806773
16.00619077682495,0.02213526750079045,0.721247183713462,3.074140315348468,176.1352657004832
16.06619930267334,0.018969327753341064,0.7214422945742518,3.0859444745407005,176.81159420289868
16.106204986572266,0.015467829479175743,0.7216166242824521,3.097748633732933,177.48792270531413
16.16620397567749,0.011964746617380145,0.7217555180351494,3.1061801760130985,177.97101449275374
16.20623755455017,0.008794181477579155,0.7218491098443921,3.117984335205331,178.6473429951692
16.26626491546631,0.00595648851517816,0.7218945733772467,3.133161111309629,179.51690821256048
16.306333303451538,0.0026176167613956025,0.7219058341552862,3.143278962045828,180.096618357488
16.366263389587402,-0.001389000859459144,0.7218855648028476,3.1500241958699613,180.48309178743975
16.40658974647522,-0.004894555756160379,0.7218412265872989,3.158455738150127,180.96618357487935
16.466256141662598,-0.008399612211954788,0.721767333063643,3.1668872804302923,181.44927536231893
16.50626301765442,-0.012070700223047293,0.7216558682676775,3.1770051311664913,182.02898550724646
16.566224575042725,-0.015573783084842918,0.7215169745149803,3.185436673446657,182.51207729468607
16.6062433719635,-0.01890868214803826,0.721353757997352,3.195554524182856,183.0917874396136
16.66623878479004,-0.022074946411036855,0.7211639861624115,3.2073586833750882,183.76811594202908
16.706202030181885,-0.025905719481709583,0.7209019541058128,3.2124176087431877,184.05797101449284
16.766310691833496,-0.0297351179375602,0.7206205458898605,3.217476534111287,184.34782608695662
16.806349992752075,-0.03322971259023913,0.7203400298927897,3.2259080763914527,184.8309178743962
16.866293907165527,-0.036555277054819674,0.7200420158239137,3.2360259271276517,185.41062801932372
16.906288146972656,-0.040044067411621254,0.7196967291930796,3.244457469407817,185.89371980676333
16.966349363327026,-0.043363532099444824,0.719337082728311,3.254575320144016,186.47342995169086
17.00629186630249,-0.04651308921145633,0.7189608743676166,3.2663794793362486,187.14975845410635
17.066309452056885,-0.04998979344737989,0.7185098658676359,3.274811021616414,187.63285024154592
17.10632610321045,-0.05329681420639326,0.7180496429946901,3.284928872352613,188.21256038647346
17.166375637054443,-0.056930139360670956,0.7175127445785815,3.291674106176746,188.59903381642516
17.206289529800415,-0.06072523666432486,0.7169290326860558,3.2967330315448455,188.88888888888894
17.26633071899414,-0.06451733246233471,0.7163261292307723,3.301791956912945,189.1787439613527
17.306297779083252,-0.06781073384993322,0.715776858174287,3.311909807649144,189.75845410628025
17.366241455078125,-0.07093355780135394,0.715220788663423,3.3237139668413764,190.4347826086957
17.40622591972351,-0.07388607070753989,0.7146615905166083,3.3338318175775754,191.01449275362324
17.466243505477905,-0.07699595512922,0.7140372015222539,3.345635976769808,191.69082125603873
17.50631093978882,-0.08042481031104579,0.7133065626557739,3.3574401359620407,192.36714975845422
17.56631827354431,-0.08400969077424664,0.7125078489082471,3.3641853697861737,192.75362318840592
17.606234550476074,-0.08742440394248638,0.7117137362022703,3.3759895289784057,193.42995169082138
17.666298627853394,-0.09034245846926692,0.7109961062089372,3.3894799966266707,194.20289855072474
17.706268310546875,-0.09389836785802633,0.7100769653030585,3.3995978473628696,194.78260869565227
17.766268730163574,-0.09744640116753936,0.7091278756231477,3.4063430811870026,195.16908212560398
17.806246995925903,-0.10082461228846534,0.708190554635654,3.418147240379235,195.84541062801947
17.866312980651855,-0.10419316698356867,0.7072191019722462,3.4265787826594005,196.32850241545904
17.90627384185791,-0.1073909807527921,0.7062588007222764,3.4400692503076655,197.1014492753624
17.966296434402466,-0.1110580660886705,0.7051203947063658,3.445128175675765,197.39130434782618
18.006301641464233,-0.11455734894753822,0.7040048988257989,3.455246026411964,197.9710144927537
18.066325187683105,-0.11804710218430817,0.702859938594009,3.461991260236097,198.35748792270542
18.10628318786621,-0.12105167939366174,0.7018431994310415,3.4737954194283294,199.03381642512088
18.166279077529907,-0.12404226733083196,0.700786020864038,3.488972195532628,199.9033816425122
18.20627212524414,-0.12764709458327694,0.6994636352932961,3.4974037378127933,200.3864734299518
18.266310930252075,-0.130928161518283,0.6982285317433233,3.505835280092959,200.86956521739137
18.3063223361969,-0.1346671330754368,0.6967885708753873,3.5125805139170923,201.2560386473431
18.366304397583008,-0.13808554230060005,0.6954455183986591,3.519325747741225,201.6425120772948
18.406257390975952,-0.14164857611200699,0.694014339452319,3.5277572900213903,202.1256038647344
18.4663507938385,-0.1451994163716939,0.6925531698633037,3.536188832301556,202.608695652174
18.5062358379364,-0.1488929644164918,0.691000398647972,3.5429340661256887,202.9951690821257
18.566296577453613,-0.1527335572435239,0.6893667231021476,3.544620374581722,203.09178743961363
18.606243133544922,-0.15625925399170304,0.6878458859782071,3.5530519168618877,203.57487922705323
18.666255712509155,-0.15961802269550135,0.6863599571843839,3.5631697675980867,204.15458937198076
18.70635437965393,-0.16311490391246716,0.6847739859134879,3.571601309878252,204.63768115942034
18.76633644104004,-0.16644553329373002,0.6832260132035876,3.581719160614451,205.2173913043479
18.806262016296387,-0.16961092950164303,0.6817189804043179,3.5901507028946167,205.70048309178748
18.866273880004883,-0.17306375218532563,0.6800392486898101,3.598582245174782,206.18357487922708
18.90631675720215,-0.17635140865521065,0.6784019867920215,3.608700095910981,206.7632850241546
18.96628165245056,-0.17917507923242304,0.6769569514277954,3.620504255103214,207.4396135265701
19.006283283233643,-0.182127889151182,0.6753983928061815,3.6339947227514795,208.21256038647348
19.06628942489624,-0.18491410872601707,0.6738824036197805,3.645798881943712,208.88888888888897
19.106279611587524,-0.18812383879190836,0.67209720209333,3.652544115767845,209.27536231884068
19.166335344314575,-0.19102798802050203,0.6704497468886624,3.662661966504044,209.8550724637682
19.206281900405884,-0.1943532868549314,0.6685298847114688,3.6677208918721433,210.144927536232
19.26633310317993,-0.1969442182607538,0.6670076792460603,3.6778387426083423,210.72463768115952
19.306353092193604,-0.19980577115413797,0.6652872995113234,3.6879565933445413,211.30434782608705
19.36628746986389,-0.20264977133051415,0.6635380555631846,3.6980744440807403,211.88405797101458
19.4063241481781,-0.2051906100792527,0.6619336324639041,3.711564911729006,212.657004830918
19.46627688407898,-0.20799252486482706,0.6601177401411855,3.721682762465205,213.23671497584553
19.506353855133057,-0.2106352755865235,0.6583635704357544,3.7334869216574376,213.913043478261
19.566277742385864,-0.21339671231348298,0.6564866957472554,3.7436047723936365,214.49275362318852
19.606338024139404,-0.21683060594321776,0.6541144766191513,3.748663697761736,214.7826086956523
19.6663076877594,-0.21970157009021662,0.6521024016012178,3.7570952400419015,215.2657004830919
19.706299543380737,-0.22255546749352303,0.6500661917341989,3.765526782322067,215.74879227053148
19.766330242156982,-0.22552535194142703,0.6479053821747918,3.775644633058266,216.328502415459
19.80622100830078,-0.22820523381301674,0.6459137937264288,3.785762483794465,216.90821256038654
19.86624836921692,-0.23113452792944003,0.6436982695073294,3.792507717618598,217.29468599033825
19.906301736831665,-0.2336432484305758,0.6417572480804359,3.8076844937228964,218.16425120772956
19.966241359710693,-0.23599333021097532,0.6398845092694881,3.8211749613711614,218.93719806763292
20.006214141845703,-0.23923306891794086,0.6372533228141671,3.826233886739261,219.2270531400967
20.066274404525757,-0.24232825570000993,0.6347090715705792,3.832979120563394,219.6135265700484
20.106385231018066,-0.24501957290025964,0.6324623644826871,3.8414106628435594,220.09661835748798
20.166248083114624,-0.2475627769192019,0.630298963292116,3.8515285135797583,220.67632850241552
20.20635724067688,-0.25008026721849436,0.6281056931340423,3.8650189812280242,221.44927536231893
20.266277313232422,-0.2528249549225493,0.6256652011768467,3.871764215052157,221.83574879227064
20.306281805038452,-0.2555531186236262,0.6232062513184612,3.87850944887629,222.22222222222234
20.366358280181885,-0.25839006758098537,0.6206187421434022,3.8835683742443896,222.51207729468612
20.406250476837158,-0.2610848116555308,0.6181232129492974,3.8936862249805886,223.09178743961365
20.466288566589355,-0.2637584190341394,0.6156050518799897,3.9004314588047215,223.47826086956536
20.506282567977905,-0.26616958322925666,0.6132954028552431,3.9105493095409205,224.0579710144929
20.566263437271118,-0.2686745722046162,0.6108426673936675,3.9223534687331534,224.7342995169084
20.60624623298645,-0.27103452895736974,0.6084807199940709,3.932471319469352,225.3140096618359
20.666261911392212,-0.27384247885030955,0.6056226064544905,3.939216553293485,225.70048309178762
20.706250429153442,-0.2763942515756962,0.6029810600241016,3.949334404029684,226.28019323671515
20.76633095741272,-0.2786896295723966,0.6005563061715238,3.959452254765883,226.85990338164268
20.80628991127014,-0.28119196703039234,0.5978678830589464,3.9661974885900158,227.2463768115944
20.866371154785156,-0.2834419750087046,0.5954009709221123,3.9796879562382816,228.0193236714978
20.90626835823059,-0.28577153551330053,0.5927810417500599,3.991492115430514,228.69565217391326
20.966264486312866,-0.28796268225942795,0.5902617030808329,4.001609966166713,229.2753623188408
21.00634765625,-0.2903447814674302,0.5874661861430981,4.011727816902912,229.85507246376835
21.066309213638306,-0.2923754626477904,0.5850294718233205,4.0235319760951445,230.5314009661838
21.106276273727417,-0.29426598070079757,0.5826936686381506,4.0403950606554755,231.497584541063
21.16627073287964,-0.29591119161834023,0.5805893579366314,4.0572581452158065,232.4637681159422
21.20631170272827,-0.29792754914380204,0.5779280624395393,4.070748612864072,233.23671497584562
21.26624345779419,-0.3001158101494813,0.5749783462910004,4.0774938466882045,233.62318840579726
21.306286573410034,-0.3021784010925516,0.5721434565907283,4.089298005880437,234.29951690821272
21.366320371627808,-0.3043115733341907,0.569153659311074,4.096043239704569,234.6859903381644
21.406373262405396,-0.3063260683021953,0.5662843926739298,4.1044747819847345,235.16908212560398
21.46629238128662,-0.30821920842549133,0.5635340814430152,4.1145926327209335,235.7487922705315
21.50632333755493,-0.3100844248846499,0.5607647568044414,4.124710483457132,236.32850241545904
21.566279888153076,-0.31219979463802117,0.5575602765151904,4.133142025737298,236.81159420289865
21.606364250183105,-0.31401332386925446,0.5547568316484611,4.143259876473497,237.39130434782618
21.66631555557251,-0.315885150818415,0.551792519774933,4.155064035665729,238.06763285024167
21.706279754638672,-0.3177268900047363,0.548809421087207,4.163495577945895,238.55072463768124
21.766418933868408,-0.3198058036805883,0.5453842913765612,4.170240811770027,238.9371980676329
21.806310892105103,-0.32169025333288787,0.5422318064687663,4.176986045594159,239.32367149758457
21.86625647544861,-0.3236408736327369,0.538924456538158,4.1820449709622585,239.61352657004832
21.906230449676514,-0.3255747374066967,0.5356072809290829,4.187103896330358,239.9033816425121
21.966246128082275,-0.32749179516202737,0.5322803645369257,4.192162821698457,240.19323671497585
22.006210803985596,-0.3294716790794071,0.5287970535717528,4.19890805552259,240.57971014492756
22.0662579536438,-0.3309300837478285,0.5261696801967407,4.212398523170856,241.35265700483097
22.106334447860718,-0.3327566913389243,0.5227922569443442,4.220830065451022,241.83574879227058
22.166260719299316,-0.33431773908041396,0.5198407621803105,4.230947916187221,242.4154589371981
22.206360340118408,-0.33616106735517415,0.516283300096484,4.237693150011353,242.80193236714976
22.266260862350464,-0.3377503124064087,0.5131583711087675,4.246124692291518,243.28502415458937
22.306294679641724,-0.3391595213074462,0.5103166510300624,4.257928851483751,243.96135265700482
22.366290807724,-0.34083051387152313,0.5068595905781068,4.266360393763916,244.44444444444443
22.406289100646973,-0.34240371587833207,0.5035408035961358,4.273105627588048,244.83091787439608
22.46630024909973,-0.3440220509841369,0.5000587819702702,4.281537169868214,245.31400966183568
22.506319999694824,-0.34561097010112596,0.49656323921451057,4.289968712148379,245.79710144927526
22.56631302833557,-0.3472412463679392,0.4929032399111966,4.296713945972511,246.18357487922694
22.606322526931763,-0.3485049531932629,0.489993895003471,4.308518105164744,246.8599033816424
22.666314840316772,-0.3499311810124636,0.4866093439558923,4.318635955900943,247.43961352656993
22.706296920776367,-0.3513893561764763,0.48305727296719675,4.327067498181108,247.92270531400953
22.76623249053955,-0.3527583099512366,0.4796491536693292,4.33381273200524,248.30917874396118
22.806246995925903,-0.35416241026781603,0.4760753622066585,4.342244274285406,248.7922705314008
22.86622929573059,-0.3555929089502438,0.4723327602874097,4.352362125021605,249.37198067632832
22.90625262260437,-0.35699180125281793,0.46857823023263706,4.359107358845737,249.75845410627997
22.96652603149414,-0.35812582923090874,0.4654378207150367,4.372597826494003,250.53140096618338
23.006264448165894,-0.3592803446565416,0.46212753747290763,4.381029368774168,251.014492753623
23.066277265548706,-0.3605080670795612,0.4584893812407357,4.392833527966401,251.69082125603845
23.106595277786255,-0.3617050709582509,0.4548410028568398,4.3978924533345,251.98067632850223
23.166444301605225,-0.36261050451681476,0.4519756538205753,4.414755537894832,252.94685990338147
23.206684112548828,-0.3637725688206407,0.44814120442592076,4.421500771718964,253.33333333333312
23.266419887542725,-0.36470857640301546,0.44493619565852793,4.43499123936723,254.10628019323653
23.306386947631836,-0.36569649830194967,0.44139877825206686,4.445109090103429,254.68599033816406
23.366403341293335,-0.36660244754186455,0.4380120191838952,4.456913249295662,255.36231884057955
23.406548738479614,-0.3675953312890825,0.43413032142764174,4.4670311000318605,255.94202898550708
23.466394662857056,-0.3684694271839501,0.43056307207379735,4.4771489507680595,256.5217391304346
23.506649017333984,-0.3693901411121724,0.4266636257709525,4.483894184592192,256.90821256038623
23.566365957260132,-0.37020396075288,0.4230821443486461,4.4940120353283906,257.4879227053138
23.606359720230103,-0.37087285998814656,0.41998152883789047,4.505816194520623,258.16425120772925
23.66640067100525,-0.37160797710332444,0.4163830688321519,4.515934045256822,258.7439613526568
23.706706762313843,-0.37224313294711897,0.4131051474713775,4.526051895993021,259.3236714975843
23.766314268112183,-0.37287809654491666,0.4096572927411697,4.5344834382731865,259.8067632850239
23.806642293930054,-0.3734157253220757,0.40653124123320483,4.549660214377485,260.67632850241523
23.86572790145874,-0.3739399891962353,0.4032337666262398,4.559778065113684,261.2560386473428
23.90631937980652,-0.3744524831388846,0.3997655926153383,4.571582224305915,261.9323671497582
23.966383934020996,-0.3749043395628511,0.39645741832043657,4.581700075042114,262.5120772946857
24.00635838508606,-0.37537068201268986,0.39281436516334367,4.5884453088662465,262.8985507246374
24.06634521484375,-0.37576669081342073,0.389499041887542,4.598563159602445,263.4782608695649
24.10640811920166,-0.3760878535783392,0.3865112518167663,4.612053627250711,264.2512077294683
24.166132926940918,-0.37638694584609605,0.38335343824597923,4.623857786442944,264.9275362318838
24.206413507461548,-0.37662738812929974,0.38035807140082595,4.640720871003275,265.893719806763
24.266376495361328,-0.3768718481330247,0.37669343623583257,4.650838721739474,266.4734299516905
24.306316137313843,-0.37704827007562364,0.37352640007711113,4.662642880931706,267.149758454106
24.36665105819702,-0.37721234160703687,0.36985728681659336,4.672760731667905,267.7294685990335
24.406331300735474,-0.3773277418129434,0.36652039092582817,4.682878582404104,268.30917874396107
24.466341495513916,-0.37741050100026335,0.36301553259373276,4.694682741596337,268.9855072463765
24.506354808807373,-0.3774631434347668,0.35934313006132734,4.701427975420469,269.3719806763282
24.566389560699463,-0.3774848203477359,0.35567041421370577,4.711545826156668,269.95169082125574
24.60631012916565,-0.37747299653079436,0.3521645988722342,4.719977368436833,270.43478260869534
24.66588044166565,-0.3774276728658309,0.3483251420248311,4.728408910716999,270.9178743961349
24.70636296272278,-0.3773502606029534,0.34465317811876073,4.738526761453198,271.49758454106245
24.76634407043457,-0.37724386238862284,0.34114895774453596,4.746958303733363,271.98067632850206
24.806294918060303,-0.3770983546477018,0.33747906141313105,4.757076154469562,272.56038647342956
24.86637568473816,-0.37691065565242954,0.33364392749045635,4.765507696749728,273.04347826086916
24.90639066696167,-0.3766971024983302,0.32997736143537126,4.775625547485927,273.6231884057967
24.966355562210083,-0.37643184060274365,0.32614681065977424,4.787429706678159,274.2995169082122
25.00638198852539,-0.3761590705456497,0.3228190805190805,4.800920174326425,275.0724637681156
25.066378831863403,-0.37582849488128667,0.31932886551978956,4.812724333518657,275.74879227053106
25.106391191482544,-0.37542043659768587,0.31534303009373676,4.816096950430724,275.94202898550697
25.1663179397583,-0.3749922195777946,0.31135930999936917,4.822842184254856,276.3285024154586
25.20670437812805,-0.374657988246052,0.30854100240463056,4.838018960359155,277.1980676328499
25.26632595062256,-0.3741672373094237,0.30473276834723917,4.843077885727254,277.4879227053137
25.306382417678833,-0.3737098029282711,0.301425360724906,4.85656835337552,278.2608695652171
25.366326093673706,-0.37321336015634443,0.29812358302682723,4.866686204111719,278.8405797101446
25.40628147125244,-0.3725909170698557,0.2941655582403366,4.870058821023786,279.0338164251205
25.466421604156494,-0.37202584846875925,0.2907055613491242,4.878490363303952,279.5169082125601
25.506365060806274,-0.3715090265198135,0.28774533667831226,4.8919808309522175,280.2898550724635
25.566378593444824,-0.37091876180928673,0.2846287952773382,4.907157607056516,281.1594202898548
25.606426239013672,-0.37037971876882453,0.28201263872769167,4.924020691616848,282.12560386473405
25.666388988494873,-0.36962885536932955,0.2785881555307052,4.932452233897013,282.60869565217365
25.706357955932617,-0.3687748872274028,0.2748445981943938,4.940883776177179,283.09178743961326
25.76631760597229,-0.3678956875343128,0.27110688619139695,4.945942701545278,283.381642512077
25.80634880065918,-0.367101054902615,0.2678639322333566,4.959433169193543,284.15458937198036
25.866462469100952,-0.3661969130203173,0.2643041795674257,4.96280578610561,284.3478260869562
25.90638518333435,-0.36527477426147115,0.26074904642007946,4.969551019929742,284.73429951690787
25.96641731262207,-0.3642491974955798,0.2568758580818163,4.972923636841809,284.9275362318838
26.006720066070557,-0.36325071375271906,0.2531682290101698,4.977982562209909,285.21739130434753
26.066394567489624,-0.3622687584324875,0.249629150693009,4.988100412946108,285.7971014492751
26.10640597343445,-0.3611291834120862,0.24561412668001073,4.98978672140214,285.893719806763
26.166454076766968,-0.36010552162929654,0.2420868858120826,4.999904572138339,286.4734299516905
26.206466913223267,-0.3590462247549391,0.23857018256644147,5.010022422874538,287.05314009661805
26.266320943832397,-0.3580509306406915,0.23538308654977175,5.020140273610737,287.63285024154555
26.306363344192505,-0.3571165527475416,0.23252704506173472,5.037003358171068,288.59903381642476
26.36637830734253,-0.35613893862384044,0.22968551278957305,5.050493825819334,289.3719806763282
26.4063503742218,-0.35485004312789636,0.22606857603062738,5.0589253680995,289.8550724637678
26.466404914855957,-0.3538103767935371,0.22324915606513868,5.0724158357477656,290.6280193236712
26.506524085998535,-0.35261303693787693,0.22013233578424724,5.0859063033960314,291.4009661835746
26.566430807113647,-0.35132003467296224,0.21687365105662015,5.094337845676197,291.88405797101416
26.606390476226807,-0.3497611405161276,0.213002101230018,5.09602415413223,291.9806763285021
26.666356086730957,-0.34842976319246377,0.20975890597946983,5.107828313324463,292.6570048309176
26.706413745880127,-0.34694169077777104,0.20621925576987177,5.112887238692562,292.9468599033814
26.76639223098755,-0.34549266598874345,0.20284440188463318,5.123005089428761,293.5265700483089
26.806320905685425,-0.3440796878961013,0.19963591720789592,5.131436631708928,294.00966183574855
26.86635112762451,-0.3423068715762525,0.19567390184310968,5.134809248620995,294.2028985507244
26.906341314315796,-0.3407179524592633,0.19217835908735004,5.14324079090116,294.685990338164
26.966365337371826,-0.33923498307423366,0.18900161817657224,5.155044950093393,295.36231884057946
27.00636649131775,-0.3379955944852082,0.18644848594202718,5.173594343109758,296.4251207729467
27.066385984420776,-0.33612248019994206,0.1827188087540647,5.182025885389924,296.9082125603863
27.106309175491333,-0.3342971723714462,0.17915206697232278,5.188771119214056,297.294685990338
27.16633677482605,-0.33289671081707606,0.17649335629544807,5.2056342037743875,298.26086956521715
27.206401824951172,-0.33114679769255834,0.17326425183096128,5.2123794375985195,298.6473429951688
27.266338348388672,-0.32952634806097914,0.1703449480809479,5.225869905246785,299.4202898550722
27.306330680847168,-0.3277060726110399,0.16715497803841217,5.235987755982984,299.9999999999998
27.366352796554565,-0.3258482699368117,0.16398671655779584,5.24947822363125,300.7729468599032
27.406303882598877,-0.32412547808345693,0.16112661522683883,5.259596074367449,301.3526570048307
27.466320753097534,-0.32245459366405793,0.15843043496775217,5.274772850471748,302.222222222222
27.506380319595337,-0.32057277989107247,0.1554724528963144,5.283204392751914,302.70531400966166
27.566441297531128,-0.3186611345283049,0.15253366181524824,5.2950085519441465,303.3816425120771
27.606345891952515,-0.3168005906544866,0.14976119578535263,5.311871636504478,304.34782608695633
27.666380882263184,-0.31489818556939775,0.14701728502048503,5.3253621041527435,305.12077294685974
27.706316709518433,-0.31277005807878605,0.14402389480709332,5.3354799548889424,305.70048309178725
27.76634693145752,-0.31061175335778074,0.141052189519348,5.345597805625141,306.2801932367148
27.80632972717285,-0.3088132286998289,0.1386448374297411,5.3624608901854725,307.24637681159396
27.866322994232178,-0.3065755398622498,0.13573243974877428,5.372578740921671,307.8260869565215
27.906346797943115,-0.3043084988585485,0.1328428313542916,5.38269659165787,308.4057971014491
27.966307640075684,-0.3019155548223374,0.12983994907933666,5.38775551702597,308.69565217391283
28.006325006484985,-0.30001716976682,0.1275105351595739,5.404618601586301,309.661835748792
28.06635069847107,-0.2977636622871743,0.12482490952476821,5.4164227607785325,310.33816425120744
28.106369256973267,-0.2952659012453155,0.12190863229249939,5.424854303058698,310.82125603864705
28.1664080619812,-0.2929585133273642,0.11926915469129937,5.43665846225093,311.4975845410625
28.206353664398193,-0.29084283323819843,0.11690586450751198,5.448462621443163,312.17391304347797
28.266376733779907,-0.2880329242489672,0.11381985405316913,5.453521546811262,312.4637681159417
28.306392908096313,-0.285762196620196,0.11137200041594654,5.467012014459527,313.23671497584513
28.366347551345825,-0.28346273300611724,0.10895112072441794,5.477129865195726,313.81642512077264
28.406600952148438,-0.2811388934086607,0.10655363017832162,5.487247715931925,314.3961352657002
28.466321229934692,-0.2782114364033786,0.10357889581466821,5.492306641300025,314.68599033816395
28.506348133087158,-0.2757355737537728,0.1010967626289926,5.500738183580191,315.1690821256036
28.5663902759552,-0.27335578626285006,0.09875479702476705,5.51085603431639,315.7487922705311
28.606425285339355,-0.27083431012475156,0.09631901396871616,5.519287576596556,316.2318840579707
28.666443824768066,-0.26876998217401726,0.09437142099442791,5.534464352700854,317.10144927536203
28.706383228302002,-0.2659505509764785,0.0917648349436669,5.539523278068954,317.3913043478258
28.766334295272827,-0.26336029323280286,0.08940232656643902,5.547954820349119,317.8743961352654
28.806337118148804,-0.2607502082072119,0.08706174177405716,5.556386362629285,318.357487922705
28.866284370422363,-0.2583709316190846,0.08496405598975389,5.56481790490945,318.8405797101446
28.90658211708069,-0.2559705531047279,0.08289055033017796,5.576622064101683,319.51690821256005
28.966278314590454,-0.2529187082819971,0.08029446890149276,5.5799946810137495,319.7101449275359
29.005980491638184,-0.2502349836559433,0.07803869782652599,5.588426223293915,320.1932367149755
29.066616773605347,-0.24753233501969096,0.07580563460303515,5.5968577655740805,320.6763285024151
29.106438159942627,-0.2448072313036595,0.07360003020786014,5.608661924766313,321.3526570048306
29.166382789611816,-0.2419310534168946,0.07131597408998314,5.615407158590445,321.7391304347822
29.20643377304077,-0.23877666923616098,0.06884549720348336,5.622152392414577,322.1256038647339
29.266351461410522,-0.23626141669350775,0.06691294775284674,5.6339565516068095,322.8019323671494
29.306378841400146,-0.2335882669152712,0.0649123324333907,5.647447019255075,323.5748792270528
29.3666889667511,-0.23062203047970664,0.06274651780737672,5.657564869991274,324.1545893719803
29.40636110305786,-0.22803993282909607,0.06090423268959752,5.669369029183507,324.83091787439577
29.466360330581665,-0.2254332176024718,0.0590969478587631,5.684545805287805,325.7004830917871
29.505643606185913,-0.2225287334615545,0.057133569931235015,5.692977347567972,326.18357487922674
29.566420555114746,-0.21974533470603103,0.05528942168310558,5.703095198304171,326.76328502415424
29.606345653533936,-0.216524894586641,0.05319842944134569,5.711526740584336,327.24637681159385
29.666379928588867,-0.2135653269075804,0.05131911037205385,5.723330899776569,327.92270531400936
29.706372261047363,-0.21086492883853317,0.04965505117804511,5.738507675880867,328.7922705314006
29.766422271728516,-0.20814232823634654,0.0480275719328772,5.750311835073099,329.4685990338161
29.805607795715332,-0.204969377653753,0.04617778919256789,5.760429685809298,330.0483091787436
29.86635994911194,-0.2022091172615435,0.0446150335175894,5.775606461913596,330.9178743961349
29.90629506111145,-0.19899338466079872,0.04284066731343823,5.782351695737729,331.3043478260866
29.966381311416626,-0.19562059254389305,0.04100552250884749,5.7874106211058285,331.59420289855035
30.006409645080566,-0.19267305582975341,0.03943701407338184,5.8009010887540935,332.3671497584537
30.066357374191284,-0.1892668050812061,0.03766474463684084,5.805960014122193,332.6570048309175
30.106378078460693,-0.18570469175290436,0.03583042071704724,5.809332631034259,332.8502415458933
30.166342973709106,-0.18228068410167325,0.03409270534277354,5.8177641733144245,333.3333333333329
30.206358909606934,-0.17869414977088965,0.03230660145427693,5.824509407138557,333.71980676328457
30.266366720199585,-0.17524701180518007,0.030615234266750682,5.829568332506656,334.0096618357483
30.305566787719727,-0.1717885436777737,0.02894715713142665,5.8379998747868225,334.492753623188
30.366307735443115,-0.16831613418620278,0.027308299163046,5.846431417066988,334.9758454106276
30.40673518180847,-0.1657354510592491,0.026127349172599325,5.8616081931712865,335.8454106280189
30.4663348197937,-0.1626797513671184,0.024781655751035483,5.8750986608195515,336.61835748792225
30.506314516067505,-0.15960838014984188,0.023472125209576686,5.88521651155575,337.19806763284976
30.56644892692566,-0.15652391673225616,0.022193736841785508,5.895334362291949,337.7777777777773
30.606332540512085,-0.153580540975007,0.021011458581765355,5.907138521484182,338.4541062801928
30.665432691574097,-0.15000320932964528,0.019616402519533477,5.915570063764347,338.9371980676324
30.706268310546875,-0.14703651358670647,0.018493923521374613,5.92737422295658,339.61352657004784
30.76638150215149,-0.14390091276414488,0.01734666641205724,5.937492073692779,340.1932367149754
30.806456565856934,-0.14043916006872684,0.01611964568619608,5.947609924428978,340.7729468599029
30.86634397506714,-0.1382246301882744,0.015372336385227593,5.967845625901376,341.93236714975797
30.906432628631592,-0.13504346395294,0.014358249221075807,5.981336093549642,342.7053140096614
30.966075658798218,-0.13216836277866456,0.013484276529125122,5.9948265611979075,343.4782608695648
31.006340265274048,-0.1284826026961628,0.01240786780939418,6.003258103478073,343.9613526570044
31.066367626190186,-0.12478966588758213,0.011356344701941183,6.0083170288461725,344.2512077294682
31.106629371643066,-0.12141145476665603,0.010419023714447431,6.016748571126339,344.7342995169078
31.166359901428223,-0.11834655416359353,0.009601939247683974,6.028552730318571,345.4106280193233
31.206276655197144,-0.11494860843702318,0.008738894723672522,6.040356889510804,346.0869565217388
31.266311168670654,-0.11154210462766903,0.00791027369569846,6.048788431790969,346.5700483091784
31.306434631347656,-0.10780513525410942,0.007027922847818786,6.053847357159069,346.85990338164214
31.36635446548462,-0.10438776327339032,0.006245331155721359,6.062278899439235,347.3429951690818
31.406291484832764,-0.10080154103012812,0.005452663755193855,6.069024133263367,347.72946859903345
31.46549415588379,-0.09753537912136621,0.004759570847222366,6.079141983999566,348.30917874396096
31.506333827972412,-0.09409813844477248,0.004069456695567492,6.090946143191799,348.98550724637647
31.56626796722412,-0.09065299120669001,0.0034199634168673547,6.102750302384031,349.66183574879193
31.606426239013672,-0.08752923399108205,0.0028691607385730317,6.1145544615762635,350.3381642512074
31.666348457336426,-0.08406971476966477,0.0023011750276704865,6.126358620768496,351.01449275362285
31.706287145614624,-0.08043915222606712,0.001745902839502586,6.136476471504695,351.5942028985504
31.76646065711975,-0.077132912246389,0.0012801039664828325,6.149966939152961,352.3671497584538
31.80635094642639,-0.07365620801046538,0.0008290954665019848,6.158398481433126,352.8502415458934
31.866316318511963,-0.0698443596257207,0.0003672567398930321,6.166830023713292,353.333333333333
31.906364679336548,-0.06619499655234744,-4.6821446717359994e-05,6.173575257537424,353.7198067632847
31.966411113739014,-0.062376578205459575,-0.0004507576370083033,6.182006799817589,354.2028985507242
32.006389141082764,-0.058720751688294,-0.000803240349088321,6.192124650553788,354.7826086956518
32.066344022750854,-0.05555984952501353,-0.0010677025328648358,6.207301426658087,355.6521739130431
32.10637044906616,-0.0515642044910921,-0.0013647149388203855,6.210674043570153,355.8454106280189
32.1663658618927,-0.04789936451124846,-0.0016060850033833927,6.224164511218419,356.6183574879223
32.206406354904175,-0.04406540519392828,-0.0018164158637197052,6.232596053498584,357.1014492753619
32.26642942428589,-0.0402298087630904,-0.0019944134407252085,6.24102759577875,357.5845410628015
32.3064022064209,-0.0363928478931417,-0.0021400650804660262,6.249459138058915,358.0676328502411
32.366398334503174,-0.032721577137728435,-0.0022453391341270192,6.259576988795114,358.64734299516863
32.40668821334839,-0.02871572855083023,-0.00232641135649282,6.266322222619247,359.03381642512034
32.46642470359802,-0.025210173654129052,-0.0023707495720414404,6.274753764899413,359.51690821255994
32.50639343261719,-0.02187128765847748,-0.002376379969066672,6.288244232547678,360.2898550724633
32.566635847091675,-0.018532567816704815,-0.0023425981472912968,6.298362083283877,360.86956521739086
32.60644793510437,-0.014860539945381593,-0.0022682819434560932,6.308479934020076,361.44927536231836
32.66653823852539,-0.011523362829440166,-0.0021613226513607785,6.321970401668342,362.2222222222218
32.706509590148926,-0.008021027444400423,-0.0020047089168300763,6.333774560860574,362.8985507246373
32.76643514633179,-0.004687305172062234,-0.001819001608831341,6.343892411596773,363.4782608695648
32.806411027908325,-0.0010224651922186528,-0.0015776315442683037,6.354010262332972,364.05797101449235
32.86645865440369,0.002640209422209313,-0.0013053701721423509,6.360755496157105,364.44444444444406
32.90641164779663,0.006300458289910492,-0.0010022368476463412,6.370873346893304,365.02415458937156
32.96642017364502,0.010123978302722563,-0.000649848100235315,6.379304889173469,365.50724637681117
33.006486892700195,0.014110833144833627,-0.0002518731332731795,6.386050122997602,365.8937198067629
33.06639218330383,0.017762244301439675,0.00014373797797238332,6.396167973733801,366.4734299516904
33.10638380050659,0.02091180141345116,0.0005199463386667009,6.407972132926034,367.1497584541059
33.16641116142273,0.024885610864642128,0.0010320342725398737,6.414717366750167,367.5362318840576
33.206482887268066,0.02802691083210987,0.0014718947582239555,6.429894142854465,368.4057971014489
33.26647400856018,0.03215413295470832,0.00209244822313227,6.434953068222565,368.69565217391266
33.30646753311157,0.03545204842482084,0.0026139316316127568,6.445070918958764,369.27536231884017
33.36642074584961,0.039073765936313946,0.0032242379914615184,6.455188769694963,369.8550724637677
33.40645098686218,0.04302014974701672,0.0039166615793153284,6.458561386607029,370.0483091787435
33.46636915206909,0.04630483600602955,0.004515850675661683,6.468679237343228,370.6280193236711
33.50643873214722,0.050075671939609406,0.005239922136015526,6.477110779623393,371.1111111111107
33.566498041152954,0.05400461059950299,0.006025311601941105,6.483856013447525,371.49758454106234
33.60637712478638,0.05743711813627726,0.006738594870448068,6.492287555727691,371.98067632850194
33.666531562805176,0.0608622332095908,0.0074865706359009965,6.504091714919923,372.6570048309174
33.706491231918335,0.06411497750851554,0.0082401261541885,6.517582182568189,373.4299516908208
33.76666522026062,0.06768442644100225,0.009105196038242273,6.524327416392322,373.8164251207725
33.80648994445801,0.07092125710605789,0.009924414348025136,6.537817884040587,374.5893719806759
33.86636805534363,0.07414674193288795,0.010787223147944069,6.551308351688852,375.36231884057923
33.90636396408081,0.07720034112816408,0.011645578952425715,6.563112510881084,376.0386473429947
33.96642565727234,0.08088610121066594,0.012721987672156605,6.57154405316125,376.5217391304343
34.00644850730896,0.08392015131699201,0.013647072903246911,6.586720829265548,377.3913043478256
34.06643271446228,0.08726127246016285,0.014709047723005457,6.595152371545714,377.8743961352652
34.106380224227905,0.09075102569693282,0.01585400795479543,6.605270222281913,378.4541062801927
34.166513442993164,0.0935950217145882,0.016824431408838377,6.618760689930179,379.22705314009613
34.20636701583862,0.09689843329840525,0.017998464167771115,6.630564849122411,379.90338164251165
34.26638317108154,0.10003209503426608,0.019151007233573665,6.64068269985861,380.48309178743915
34.30638360977173,0.10362335830203397,0.020509797599765994,6.649114242138776,380.96618357487876
34.36635088920593,0.10673510318991303,0.02172026657751243,6.659232092874975,381.5458937198063
34.406285762786865,0.10983234305119455,0.02296738190298012,6.6727225605232405,382.31884057970973
34.466344118118286,0.11260446398362109,0.024127287314898906,6.6862130281715055,383.0917874396131
34.50635242462158,0.11520469370880973,0.02526455318439675,6.704762421187871,384.15458937198025
34.56639909744263,0.11824196186468956,0.02665134572209191,6.718252888836136,384.9275362318836
34.60641312599182,0.12126024573201646,0.028078984993603742,6.731743356484402,385.700483091787
34.66679286956787,0.12486466771019786,0.029828710060463226,6.738488590308535,386.0869565217387
34.70635938644409,0.12785344631918427,0.0313171299675438,6.751979057956801,386.85990338164214
34.766396284103394,0.13157200334111402,0.03321222435219422,6.7570379833249,387.1497584541059
34.80637264251709,0.13498123783811442,0.03497874728217265,6.765469525605066,387.6328502415455
34.86630845069885,0.13822932874874944,0.03669316176594781,6.772214759429199,388.0193236714972
34.906325817108154,0.14131446811552098,0.03835833325823938,6.784018918621431,388.69565217391266
34.96646571159363,0.14467480511782527,0.040216186414067684,6.7924504609015965,389.17874396135227
35.00638794898987,0.14743506551003496,0.04177894208904608,6.804254620093829,389.8550724637677
35.066346168518066,0.1507571221382059,0.043704409013431436,6.8126861623739945,390.33816425120733
35.106590032577515,0.15348519610985667,0.04532269673126198,6.824490321566227,391.01449275362285
35.166765451431274,0.1561939779390663,0.046973073577385935,6.836294480758459,391.6908212560383
35.206380128860474,0.15945264844249504,0.04900397231138523,6.844726023038625,392.1739130434779
35.26644849777222,0.1624122161215557,0.05088329138067701,6.85315756531879,392.65700483091746
35.30648159980774,0.16521413090713005,0.05269918370339553,6.863275416054989,393.236714975845
35.36632490158081,0.16757339051386425,0.05427666980149961,6.881824809071355,394.2995169082122
35.40640115737915,0.1704612173063245,0.05626446693096042,6.890256351351521,394.78260869565185
35.46639800071716,0.1737442568673063,0.058561213945200426,6.897001585175654,395.16908212560355
35.50650453567505,0.17660158388918032,0.060592608368057015,6.90543312745582,395.65217391304316
35.56640911102295,0.17930478753915718,0.06255242504827987,6.915550978192019,396.23188405797066
35.606486320495605,0.18212394402794121,0.06463646864256745,6.923982520472184,396.71497584541027
35.66644310951233,0.18492542881564394,0.06674420771451507,6.93241406275235,397.19806763284987
35.706398010253906,0.18757477732684652,0.06877623720729244,6.942531913488549,397.7777777777774
35.76640200614929,0.19033668512259067,0.07093557653656721,6.950963455768714,398.260869565217
35.80620718002319,0.19308028840052105,0.07311812597804024,6.95939499804888,398.7439613526566
35.86638045310974,0.1955424898178149,0.07511782768408398,6.971199157241112,399.42028985507204
35.90633678436279,0.19772423906647613,0.07693291404501733,6.9830033164333445,400.09661835748756
35.96631908416748,0.200006542987382,0.07888768355603726,6.999866400993676,401.06280193236677
36.006330251693726,0.20238581957550927,0.08098536934034051,7.011670560185909,401.7391304347822
36.06633400917053,0.20461455771054218,0.08300099861033179,7.025161027834175,402.51207729468564
36.10636353492737,0.2073135061836406,0.08549198008868271,7.031906261658308,402.89855072463735
36.16649603843689,0.20999135615515918,0.08800562905303037,7.042024112394507,403.4782608695649
36.206446170806885,0.21252512241973537,0.0904286250347934,7.050455654674672,403.9613526570045
36.266390800476074,0.21479154101648942,0.09264776664288565,7.065632430778971,404.8309178743958
36.30569553375244,0.2173831084865637,0.09525028266281341,7.07575028151517,405.4106280193233
36.366597414016724,0.220305545012201,0.09822994939009964,7.08080920688327,405.70048309178713
36.40633416175842,0.22274345319545652,0.10074937089138915,7.0892407491634355,406.18357487922674
36.46634125709534,0.2252728631709433,0.10341233855207067,7.0993585998996345,406.7632850241543
36.50637483596802,0.22754771540548488,0.10585635956350449,7.1094764506358334,407.3429951690818
36.566343784332275,0.2300227241816285,0.10856996291402195,7.119594301372032,407.92270531400936
36.605841875076294,0.2324701509091967,0.11130846871082294,7.129712152108231,408.50241545893687
36.66640520095825,0.23489440108855775,0.11406751250420406,7.1364573859323635,408.8888888888885
36.70635795593262,0.23740688333416962,0.11697111648601044,7.144888928212529,409.3719806763281
36.76639771461487,0.23978426505364403,0.1197706464011632,7.155006778948728,409.9516908212557
36.80639982223511,0.2420287021477265,0.12246385696512797,7.1634383212288935,410.4347826086953
36.86633634567261,0.24446193749547626,0.1254341850379403,7.171869863509059,410.91787439613483
36.90630030632019,0.2466606417939172,0.12816485902418648,7.1803014057892245,411.40096618357444
36.966349601745605,0.2489374154280161,0.13104680513835987,7.1904192565254235,411.980676328502
37.006332874298096,0.2512947470746968,0.1340777242440495,7.195478181893523,412.27053140096575
37.06636619567871,0.253320068645781,0.13673220421704418,7.208968649541788,413.0434782608691
37.10563278198242,0.255212077671726,0.13927809199505434,7.22077280873402,413.71980676328457
37.16634202003479,0.2568701630507109,0.14158142027336723,7.239322201750385,414.78260869565173
37.20641255378723,0.259076514682335,0.14472395039976327,7.244381127118484,415.0724637681155
37.26643514633179,0.2606837121193225,0.14706307089264534,7.259557903222783,415.9420289855068
37.306461811065674,0.26301231315514484,0.15052669129159824,7.264616828590882,416.23188405797055
37.36645865440369,0.2649486688156809,0.15344925998489772,7.273048370871049,416.7149758454102
37.40647006034851,0.2664881589386008,0.15583348699655405,7.288225146975347,417.5845410628015
37.46563172340393,0.26808185621747666,0.1583810670270732,7.301715614623612,418.3574879227049
37.50648021697998,0.2697299485563853,0.1610912394154849,7.313519773815845,419.03381642512034
37.56635856628418,0.27142856439311536,0.16396576470369134,7.3270102414641105,419.80676328502375
37.60664105415344,0.2729222797744538,0.1665732250366876,7.3405007091123755,420.5797101449271
37.66637110710144,0.2745476499463154,0.16948979205936177,7.3506185598485745,421.15942028985467
37.7063684463501,0.27622581284429004,0.17256788404937862,7.359050102128741,421.64251207729427
37.76616144180298,0.27779680594997064,0.17551409722144068,7.36916795286494,422.22222222222183
37.8064923286438,0.2791793021560408,0.17818219378431055,7.382658420513206,422.99516908212524
37.8663763999939,0.28083040947075655,0.1814629187379175,7.392776271249405,423.57487922705275
37.90634632110596,0.28214953700363316,0.18416290717874514,7.40626673889767,424.3478260869561
37.966455936431885,0.28350579431156947,0.18703027685270557,7.418070898089901,425.02415458937156
38.00637626647949,0.2849726738933933,0.190214479312282,7.426502440370068,425.5072463768112
38.066386699676514,0.28662760043693714,0.193863398843029,7.429875057282134,425.700483091787
38.10667300224304,0.28798616399261473,0.19691339826245724,7.439992908018333,426.2801932367146
38.166468143463135,0.28938289258902516,0.20012899000257506,7.448424450298498,426.76328502415413
38.206751585006714,0.29088289440218124,0.20366360139255907,7.456855992578665,427.2463768115938
38.26581645011902,0.29189519332557623,0.20613546170038874,7.4737190771389965,428.21256038647306
38.30639576911926,0.2931826986070699,0.20939632219437962,7.482150619419163,428.69565217391266
38.36636519432068,0.2944426643665141,0.21266792230688913,7.4905821616993284,429.17874396135227
38.40629744529724,0.29573658237124745,0.2161052305245144,7.497327395523461,429.565217391304
38.46632695198059,0.2968264766250991,0.21908405130594785,7.509131554715694,430.2415458937195
38.50627946853638,0.29810927102031776,0.22270315639661215,7.517563096995859,430.72463768115904
38.566593647003174,0.2993099875475106,0.22617412044241453,7.524308330819991,431.1111111111107
38.60629153251648,0.3004253483371163,0.22949780083020072,7.536112490012224,431.7874396135262
38.66625452041626,0.30134526583454635,0.23235853269923662,7.54960295766049,432.5603864734296
38.7063102722168,0.3022265081839589,0.23523141399685366,7.563093425308756,433.33333333333303
38.76663160324097,0.3031182822716965,0.23827542150487957,7.574897584500988,434.0096618357485
38.80635356903076,0.3041666912904658,0.24196924359683802,7.5799565098690875,434.29951690821224
38.866355657577515,0.3050539512442892,0.2451880882913937,7.5900743606052865,434.8792270531398
38.906291246414185,0.30590859854919866,0.24841574523994628,7.6001922113414855,435.4589371980673
38.96633434295654,0.3067305457149239,0.2516518840271563,7.6103100620776845,436.03864734299486
39.00634145736694,0.3076412284600326,0.2553820502507231,7.618741604357851,436.5217391304345
39.06633687019348,0.3083218964937271,0.25830894725207154,7.632232072006117,437.29468599033794
39.10632872581482,0.30911758735058614,0.26189449987980384,7.63897730583025,437.68115942028965
39.16657590866089,0.3098890748988064,0.26548533801996943,7.645722539654383,438.06763285024135
39.20636987686157,0.31059946378087433,0.26891844574437573,7.654154081934548,438.5507246376809
39.26634740829468,0.3112456711644278,0.2721942063294566,7.664271932670747,439.13043478260846
39.306331634521484,0.31198794919722794,0.2761315174586939,7.67101716649488,439.51690821256017
39.36630082130432,0.312743858242225,0.28023610642322705,7.672703474950913,439.61352657004807
39.40630578994751,0.3132972945335257,0.28335939811692945,7.684507634143145,440.2898550724635
39.46630811691284,0.3139289562484839,0.28714680971266765,7.6929391764233115,440.7729468599032
39.50627160072327,0.3145877612074025,0.291268098962184,7.697998101791411,441.06280193236694
39.5665717124939,0.31520352896138737,0.2952271677516274,7.701370718703478,441.2560386473428
39.60632252693176,0.3157160229040366,0.2986953417625289,7.71317487789571,441.9323671497583
39.66632413864136,0.31623886530282685,0.30249930271707415,7.721606420175876,442.41545893719785
39.70631527900696,0.3166336559398619,0.3056465845737543,7.736783196280174,443.28502415458917
39.76637029647827,0.3170729889205652,0.30946109235979213,7.741842121648274,443.574879227053
39.80638527870178,0.3174506177085723,0.3129465302820069,7.750273663928439,444.0579710144925
39.866326570510864,0.3177929626286813,0.3164356105285504,7.762077823120672,444.73429951690804
39.906298875808716,0.31808256386193734,0.3197619181690167,7.772195673856871,445.31400966183554
39.966331243515015,0.31837026376685046,0.3234234124474009,7.778940907681003,445.7004830917872
40.00631546974182,0.3186484431096588,0.3272530468125736,7.783999833049102,445.990338164251
40.0662522315979,0.31894465326059623,0.3315834859359429,7.787372449961169,446.18357487922685
40.10632276535034,0.31917675248690824,0.3352489247275574,7.794117683785302,446.57004830917856
40.16630935668945,0.319371745160307,0.3387493331135126,7.802549226065468,447.05314009661816
40.20630621910095,0.3195529766730069,0.3425847781015786,7.810980768345634,447.5362318840578
40.266305446624756,0.31971846333662757,0.3465880280026661,7.8143533852577,447.7294685990336
40.306357622146606,0.31983386354253396,0.3499249238934312,7.824471235993899,448.3091787439612
40.36628556251526,0.31992365946924006,0.35359660583465036,7.834589086730098,448.8888888888887
40.40629863739014,0.31995715956943055,0.3564344652436006,7.8497658628343965,449.75845410628
40.46631455421448,0.3199495585379497,0.35943945729898397,7.8632563304826615,450.53140096618336
40.506333351135254,0.3199031089788036,0.36311194338124253,7.8700015643067935,450.917874396135
40.566617250442505,0.31983357911194693,0.36628312743930247,7.881805723499025,451.59420289855046
40.60634398460388,0.3197190190625909,0.3699541201634874,7.888550957323158,451.98067632850217
40.66631627082825,0.3195906809911645,0.3731234690038489,7.9003551165153905,452.65700483091763
40.706302642822266,0.31943113421403563,0.3761242322158508,7.913845584163656,453.42995169082104
40.76629662513733,0.31923507107381954,0.37895550887607465,7.932394977180021,454.49275362318815
40.80658674240112,0.3189457165368006,0.38244938279524376,7.940826519460186,454.97584541062776
40.866310834884644,0.31864662426904355,0.3856071963660309,7.956003295564485,455.84541062801907
40.90626335144043,0.31832042362748675,0.38859444060948395,7.969493763212751,456.6183574879225
40.966267347335815,0.3178452130666098,0.3925728285404459,7.976238997036883,457.00483091787413
41.00653958320618,0.31737887061677095,0.396215881697539,7.986356847773082,457.58454106280163
41.06628751754761,0.31691585957920887,0.39952251324224186,7.999847315421347,458.357487922705
41.1063392162323,0.3164363063257912,0.40265799907534905,8.01165147461358,459.0338164251205
41.166263580322266,0.3158473861367092,0.4062832555623881,8.018396708437711,459.42028985507216
41.20635175704956,0.31533555677211855,0.40924434754510974,8.031887176085977,460.19323671497557
41.26624846458435,0.3146673115439754,0.4128558236838917,8.042005026822176,460.7729468599031
41.306272745132446,0.31394006094511206,0.41662604777327017,8.047063952190275,461.0628019323668
41.36655259132385,0.31322315749969915,0.4202281806186663,8.053809186014407,461.4492753623185
41.40629744529724,0.3123843496471017,0.42431663392505203,8.058868111382505,461.73913043478217
41.4662139415741,0.3117531325621942,0.4272545924033693,8.072358579030771,462.5120772946856
41.506256341934204,0.3110132965251873,0.430510484605466,8.08247642976697,463.09178743961314
41.5663583278656,0.31016328226366896,0.4340835487444289,8.09259428050317,463.67149758454065
41.606301069259644,0.3092463106055211,0.437812173973093,8.097653205871268,463.9613526570044
41.66627860069275,0.3083861313802492,0.44121084617140144,8.106084748151433,464.44444444444395
41.7063512802124,0.30757163138751775,0.4442764346131723,8.121261524255733,465.3140096618353
41.766348361968994,0.3067584522043246,0.44716931806132865,8.134751991903999,466.0869565217387
41.806368350982666,0.3059467809255852,0.44988883235931443,8.153301384920363,467.1497584541059
41.86644101142883,0.3048519573999128,0.45339463797765117,8.160046618744495,467.53623188405754
41.9063286781311,0.3036795897305352,0.4570510073743992,8.16847816102466,468.0193236714971
41.96630001068115,0.3025810573927695,0.4603802877341807,8.176909703304826,468.5024154589367
42.0063214302063,0.30146009344131697,0.4637020825548594,8.181968628672927,468.7922705314005
42.06631374359131,0.3004776890099775,0.4665419622286977,8.192086479409125,469.37198067632806
42.10632801055908,0.29941294925245865,0.4695298665078267,8.200518021689291,469.85507246376767
42.166263818740845,0.2982083292876754,0.47282224737151635,8.208949563969457,470.3381642512073
42.20629143714905,0.2970320401924633,0.475947073023903,8.219067414705655,470.9178743961348
42.26630425453186,0.29588708128988617,0.4789051656262209,8.227498956985821,471.4009661835744
42.3062903881073,0.2947717319975035,0.48169551165934593,8.240989424634087,472.1739130434778
42.36629819869995,0.2936188422652023,0.48447055765783864,8.254479892282353,472.9468599033812
42.406256914138794,0.292181207784877,0.48785027934562697,8.25785250919442,473.14009661835706
42.46627688407898,0.2907899036513326,0.491068221827886,8.266284051474585,473.62318840579667
42.506314277648926,0.28937151707541064,0.4942743192269663,8.27471559375475,474.1062801932363
42.56633758544922,0.28812570903179785,0.4970089119474762,8.288206061403017,474.8792270531397
42.60621356964111,0.28670570895570213,0.5000307973154571,8.298323912139216,475.45893719806725
42.666342973709106,0.2852552070988988,0.5030381609045061,8.308441762875415,476.03864734299475
42.70626401901245,0.28356093404397065,0.5064838715616888,8.313500688243513,476.3285024154585
42.766279220581055,0.2821373671871683,0.5093184262245403,8.325304847435746,477.00483091787396
42.80624604225159,0.280532333757349,0.5124352753868044,8.333736389715911,477.48792270531357
42.86660623550415,0.27867701803204614,0.5159865004100659,8.337109006627978,477.6811594202894
42.90632653236389,0.2771869350183538,0.5187866602884984,8.34891316582021,478.3574879227049
42.96653151512146,0.2754315791183105,0.5220128092698865,8.355658399644343,478.7439613526565
43.006221771240234,0.27381112948673125,0.5249321130198998,8.365776250380542,479.3236714975841
43.066301107406616,0.27240247514725363,0.5273959030339942,8.38095302648484,480.19323671497546
43.10625863075256,0.27070385931052365,0.5302704283222006,8.394443494133107,480.96618357487887
43.16625142097473,0.269060339499352,0.5329833760479713,8.402875036413272,481.4492753623184
43.206191301345825,0.2672186003130307,0.5359664747356974,8.411306578693438,481.932367149758
43.2662718296051,0.2650081159939064,0.5395066453709889,8.412992887149471,482.028985507246
43.30632185935974,0.2632182883088666,0.5423252812558086,8.426483354797737,482.8019323671494
43.366375207901,0.26121301707952765,0.5454023251103406,8.436601205533936,483.38164251207695
43.4061439037323,0.2593618342352134,0.5481810502623202,8.446719056270135,483.96135265700445
43.46627640724182,0.2572998339601761,0.5512203703263597,8.453464290094267,484.3478260869561
43.50633788108826,0.25539742887508715,0.5539642810912273,8.466954757742533,485.1207729468595
43.56626486778259,0.2533684443413726,0.556823319876045,8.475386300022699,485.6038647342991
43.60629153251648,0.25111990056155864,0.559935800235491,8.483817842302864,486.0869565217387
43.66632318496704,0.24904299457784682,0.562760219210425,8.49224938458303,486.57004830917833
43.70626163482666,0.2468447977736834,0.5657025384310558,8.498994618407162,486.95652173913
43.766308307647705,0.2450220083597076,0.5680915704067511,8.512485086055428,487.7294685990334
43.80623722076416,0.2429654947127793,0.5707219587836502,8.522602936791627,488.3091787439609
43.866294384002686,0.24057761786227136,0.5737288720289043,8.527661862159725,488.59903381642465
43.906670570373535,0.23837431193353606,0.5764558344407362,8.539466021351958,489.2753623188401
43.96636486053467,0.23614352825315202,0.5791603649327952,8.547897563632123,489.7584541062797
44.00626754760742,0.23420613386481728,0.5814574365495814,8.561388031280389,490.5314009661831
44.066285371780396,0.2320234963284217,0.58398415077522,8.571505882016588,491.11111111111063
44.10627269744873,0.2300324168603225,0.5862348479072904,8.584996349664854,491.88405797101404
44.16628646850586,0.2277907416122271,0.5887093344147106,8.595114200401053,492.4637681159416
44.20634841918945,0.22518653370304204,0.5915309623638589,8.603545742681218,492.9468599033812
44.26625418663025,0.22289934651111687,0.5939634438421896,8.613663593417417,493.5265700483087
44.3062641620636,0.2203609697683175,0.5966178656431742,8.62040882724155,493.91304347826036
44.36624240875244,0.21826224880362324,0.5987685411977264,8.633899294889815,494.6859903381638
44.40622925758362,0.21602218259683717,0.6010142807466708,8.64233083716998,495.1690821256034
44.46626138687134,0.21376326119014022,0.6032410534811109,8.650762379450146,495.652173913043
44.50626873970032,0.21160023634811104,0.6053270445073045,8.664252847098412,496.4251207729464
44.56628966331482,0.20893087916517705,0.6078497105208399,8.670998080922544,496.81159420289805
44.606260538101196,0.2063646571031717,0.6102383053671085,8.67942962320271,497.29468599033765
44.66626453399658,0.20377838695833625,0.6126051783567463,8.687861165482875,497.77777777777726
44.706300497055054,0.20141688145899192,0.6147228503117586,8.699665324675108,498.4541062801927
44.76669406890869,0.19841371463376142,0.617375091746136,8.703037941587175,498.6473429951686
44.80625915527344,0.19577229248712746,0.6196802533574803,8.71146948386734,499.1304347826082
44.86629128456116,0.1928581222889962,0.6221804723826858,8.719901026147506,499.6135265700478
44.90631866455078,0.19017820540274552,0.6244407658357432,8.728332568427671,500.0966183574874
44.966609716415405,0.18696975062530252,0.6271100104841745,8.733391493795772,500.3864734299512
45.00624394416809,0.18451430742621308,0.6291180048637792,8.745195652988004,501.06280193236665
45.06627130508423,0.18177438849902128,0.6313051777612796,8.756999812180236,501.7391304347821
45.10632681846619,0.17888286966668202,0.6335697815739045,8.76374504600437,502.1256038647339
45.16629600524902,0.17584599748109675,0.6359194390906704,8.76880397137247,502.4154589371977
45.20626926422119,0.1730587935094525,0.6380460267403089,8.777235513652636,502.8985507246373
45.266361474990845,0.16972369257171127,0.6405552399211989,8.782294439020735,503.18840579710104
45.306336641311646,0.16743867657527473,0.6422384719841389,8.797471215125034,504.05797101449235
45.36625099182129,0.16459166274566012,0.6442842953550896,8.8059027574052,504.54106280193196
45.406224489212036,0.16159289909505603,0.6464048443768626,8.812647991229333,504.9275362318837
45.46622681617737,0.15884738528482306,0.6483049352460446,8.8261384588776,505.70048309178713
45.50625538825989,0.15608278749596527,0.6501771506340731,8.832883692701731,506.0869565217388
45.566317319869995,0.15357772861599428,0.6518368840573896,8.846374160349997,506.8599033816422
45.60628795623779,0.15105050778289808,0.6534626730625684,8.859864627998263,507.6328502415456
45.666300535202026,0.14822435146391386,0.6552406021539534,8.866609861822397,508.0193236714974
45.706218004226685,0.1455239533948666,0.6569046613479622,8.87841402101463,508.69565217391283
45.766273021698,0.14252390168217982,0.6587186543833263,8.883472946382728,508.9855072463766
45.806217670440674,0.13965945176788305,0.6604342062134421,8.886845563294795,509.17874396135244
45.8663125038147,0.137501412575348,0.6617045307791454,8.898649722487027,509.8550724637679
45.90627717971802,0.13489773887713816,0.6632048368485346,8.905394956311161,510.24154589371966
45.966310024261475,0.13199637189404137,0.6648571869999018,8.908767573223228,510.43478260869557
46.00624895095825,0.1295219635034266,0.6662471047665828,8.917199115503394,510.9178743961352
46.06628370285034,0.12689090955736268,0.6676988589336156,8.923944349327527,511.3043478260869
46.10654926300049,0.12425012311809819,0.669132833135194,8.930689583151661,511.69082125603865
46.1662700176239,0.12145374130298622,0.6706299942743472,8.93574850851976,511.9806763285024
46.20626258850098,0.11894273677482686,0.6719526524090301,8.944180050799925,512.463768115942
46.266327142715454,0.11627580681772728,0.6733373977403169,8.947552667711992,512.6570048309178
46.30634069442749,0.11360422182150084,0.6747131406801621,8.95092528462406,512.8502415458937
46.36628842353821,0.11077811848483443,0.6761534124124964,8.95598420999216,513.1400966183576
46.406275510787964,0.1077969078943706,0.6776569332166873,8.959356826904227,513.3333333333335
46.46659469604492,0.10466530680229114,0.6792329901989158,8.957670518448193,513.2367149758455
46.506343364715576,0.10197766881924933,0.6805771022108802,8.964415752272325,513.6231884057971
46.566341400146484,0.09853913142814874,0.6822858864944219,8.962729443816292,513.5265700483092
46.606884241104126,0.09495561411742642,0.6840780358437076,8.959356826904225,513.3333333333334
46.66641569137573,0.09211986017585816,0.6854992122280315,8.961043135360258,513.4299516908212
46.70632791519165,0.08927932928755761,0.6869108166361746,8.966102060728357,513.719806763285
46.766308546066284,0.08598616966875491,0.6885369812376264,8.966102060728357,513.719806763285
46.80635070800781,0.0829923881971161,0.6900153126934917,8.966102060728357,513.719806763285
46.866369009017944,0.07955097415896778,0.6917182961155226,8.964415752272323,513.623188405797
46.90625309944153,0.07611243676786714,0.6934270803990643,8.96272944381629,513.526570048309
46.96634221076965,0.07312365815888075,0.6949155003061448,8.96272944381629,513.526570048309
47.00628423690796,0.0698360016889957,0.6965527622039335,8.96272944381629,513.526570048309
47.066338539123535,0.06610790515080592,0.6984290205161102,8.954297901536124,513.0434782608695
47.10632538795471,0.06298163729533396,0.7000156302056645,8.955984209992158,513.1400966183575
47.16634225845337,0.059855369439861944,0.7016022398952187,8.954297901536124,513.0434782608695
47.20633316040039,0.05628708991010367,0.7034245397618436,8.950925284624057,512.8502415458936
47.26632046699524,0.05257816757224182,0.70533842171844,8.945866359255957,512.5603864734298
47.306336879730225,0.048586564813669714,0.707432385956936,8.937434816975792,512.0772946859902
47.36632180213928,0.045926674276904944,0.7088306053106233,8.944180050799924,512.4637681159419
47.406362533569336,0.04281661924562269,0.710448764361378,8.945866359255957,512.5603864734298
47.46631383895874,0.039410368497075327,0.7122210337979191,8.944180050799924,512.4637681159419
47.50633192062378,0.036303046601721733,0.7138444350575591,8.94249374234389,512.3671497584539
47.566330671310425,0.03261039288384032,0.7157895205497398,8.937434816975792,512.0772946859902
47.60629963874817,0.029219205998935488,0.7175904465974514,8.935748508519758,511.9806763285023
47.66628909111023,0.02539430702147283,0.7196424191281956,8.929003274695624,511.5942028985505
47.70638465881348,0.02187325843578683,0.7215543847303002,8.925630657783557,511.40096618357467
47.76662015914917,0.01821392832028082,0.723561460253998,8.920571732415457,511.1111111111108
47.80636405944824,0.014856729007765301,0.7254249773303142,8.915512807047357,510.821256038647
47.866323947906494,0.011361793347561377,0.7273842681044024,8.91214019013529,510.62801932367114
47.90656399726868,0.007586399350389406,0.7295259598704705,8.905394956311156,510.2415458937194
47.96629619598389,0.004114834419442992,0.7315263679629894,8.898649722487022,509.8550724637676
48.006388664245605,0.0003686755112893847,0.7337187951315829,8.891904488662888,509.46859903381585
48.06640839576721,-0.0030755879025733956,0.7357658528108676,8.885159254838754,509.0821256038641
48.106337547302246,-0.0066507145662697,0.7379193426275612,8.880100329470656,508.7922705314004
48.16656160354614,-0.010214901183650815,0.7400908911093034,8.875041404102557,508.50241545893664
48.20659613609314,-0.013908261463692534,0.7423711396257012,8.868296170278423,508.11594202898493
48.26663827896118,-0.01772154739601045,0.744774559941153,8.85649201108619,507.4396135265694
48.306373834609985,-0.021514433484253415,0.7472100463270633,8.851433085718092,507.1497584541057
48.36637592315674,-0.02514894040287896,0.7495829776183542,8.841315234981893,506.57004830917816
48.40636968612671,-0.028626243984058358,0.7518910956518161,8.836256309613795,506.28019323671447
48.46638321876526,-0.032091826521427835,0.7542167754940893,8.831197384245694,505.99033816425066
48.50635886192322,-0.03568169426647516,0.7566567125891378,8.824452150421562,505.603864734299
48.56643223762512,-0.03911958330511839,0.7590231377432579,8.819393225053462,505.3140096618352
48.60632681846619,-0.0420006896082292,0.7610206630826011,8.817706916597428,505.21739130434725
48.66630029678345,-0.04542253846837194,0.7634102235924891,8.81264799122933,504.92753623188355
48.7062554359436,-0.04869781332469286,0.7657180299582715,8.809275374317263,504.73429951690764
48.76628565788269,-0.051961371299128006,0.7680423760929712,8.802530140493129,504.3478260869559
48.806262731552124,-0.0554798273576321,0.7705842081918914,8.795784906668995,503.9613526570041
48.86627507209778,-0.05871572165097541,0.7729469150566339,8.792412289756928,503.76811594202826
48.90656042098999,-0.06180721388144833,0.7752242290241407,8.787353364388828,503.47826086956445
48.96632122993469,-0.06502307212735581,0.7776141351621764,8.783980747476761,503.28502415458854
49.00634050369263,-0.06862498114011642,0.7803240853975377,8.775549205196596,502.80193236714894
49.06636166572571,-0.07207358392268196,0.7829599120805361,8.768803971372463,502.4154589371973
49.10631585121155,-0.0755043291204947,0.785618940256846,8.76205873754833,502.0289855072455
49.166309118270874,-0.07878797502331594,0.7881951232155973,8.75699981218023,501.7391304347817
49.20633006095886,-0.08218709434403801,0.7908944622639974,8.750254578356095,501.35265700482995
49.26633143424988,-0.0850516806061152,0.7931930394615365,8.746881961444029,501.1594202898541
49.30636286735535,-0.08816820907678025,0.7957111033800912,8.743509344531962,500.9661835748782
49.36630868911743,-0.09153522889883109,0.7984503771839745,8.740136727619895,500.77294685990233
49.40656137466431,-0.09501006285972685,0.8013214584713201,8.728332568427662,500.0966183574869
49.46629571914673,-0.09782755249361103,0.8036775280265077,8.728332568427662,500.0966183574869
49.50633788108826,-0.10114790318146169,0.8064731880137764,8.72158733460353,499.7101449275352
49.566359996795654,-0.10457383010391186,0.8094024547371002,8.713155792323365,499.2270531400956
49.60654401779175,-0.10760367773710117,0.8120241753412167,8.709783175411298,499.0338164251197
49.6663761138916,-0.11050091720671232,0.8145439940992634,8.708096866955264,498.9371980676318
49.706233739852905,-0.11400982476541091,0.8176323630661181,8.697979016219065,498.35748792270425
49.766308546066284,-0.11699953572686767,0.8202997632935566,8.694606399306998,498.1642512077284
49.80628275871277,-0.12022862507098489,0.8232003538304015,8.691233782394931,497.9710144927525
49.866302490234375,-0.12332645400009279,0.8259972279745235,8.689547473938898,497.8743961352646
49.906272888183594,-0.1268979699143894,0.8292657668649758,8.677743314746666,497.1980676328491
49.96630239486694,-0.12994819670906446,0.8321144798293022,8.6693117724665,496.71497584540947
50.006282329559326,-0.1329791390247868,0.834983702325178,8.664252847098401,496.4251207729458
50.06630539894104,-0.13611871123421793,0.8379809560342412,8.660880230186335,496.2318840579699
50.10631012916565,-0.13912535413021407,0.8408756317583995,8.655821304818236,495.94202898550617
50.16634202003479,-0.1418824682582248,0.8435480472954745,8.654134996362203,495.84541062801827
50.206342697143555,-0.14510316836940165,0.8467015643175004,8.645703454082037,495.36231884057867
50.266345500946045,-0.14817628564690466,0.8497669180741552,8.635585603345838,494.7826086956511
50.306333780288696,-0.1512234483361382,0.8528580736833196,8.628840369521706,494.39613526569946
50.366278648376465,-0.15413581898575274,0.8558475797046112,8.623781444153607,494.10628019323576
50.40635323524475,-0.1571462817388773,0.8589744883164474,8.617036210329475,493.7198067632841
50.46628785133362,-0.16024780092860239,0.8622452921213412,8.60860466804931,493.2367149758445
50.50652766227722,-0.16343259405696053,0.8656669215373484,8.59848681731311,492.65700483091695
50.56636166572571,-0.16603204013062103,0.8684929369703932,8.596800508857077,492.56038647342905
50.606306314468384,-0.16928549332657453,0.8720782005180576,8.584996349664845,491.88405797101353
50.66628122329712,-0.1718465797503015,0.8749390254773793,8.583310041208811,491.78743961352563
50.7063148021698,-0.1745064090902402,0.8779354739566284,8.57656480738468,491.4009661835739
50.76631140708923,-0.17736592943260213,0.8812009887500941,8.569819573560547,491.0144927536223
50.80627965927124,-0.18020335822991645,0.8844857172434244,8.563074339736415,490.6280193236706
50.866291761398315,-0.18259016815262477,0.8872772132543096,8.559701722824348,490.4347826086948
50.90634226799011,-0.18496754987209924,0.8900767431694626,8.556329105912281,490.24154589371886
50.96638298034668,-0.18776040929824872,0.8933994498493387,8.54958387208815,489.8550724637672
51.00631809234619,-0.1905307929260986,0.8967409192879638,8.542838638264017,489.46859903381556
51.06636357307434,-0.19327857470871546,0.9001009994551389,8.536093404439885,489.0821256038639
51.106266498565674,-0.19579926544605836,0.9032154037020321,8.532720787527818,488.88888888888806
51.166282653808594,-0.19841128498871638,0.9064706153634833,8.527661862159718,488.5990338164242
51.20631265640259,-0.20100680330448592,0.9097389993257162,8.522602936791618,488.3091787439604
51.26631140708923,-0.20348525117627814,0.9128871244428616,8.51923031987955,488.11594202898453
51.306288957595825,-0.20605312004266907,0.9161772761927199,8.514171394511452,487.8260869565208
51.36633324623108,-0.20850493658190306,0.9193461862994178,8.510798777599385,487.63285024154493
51.40627408027649,-0.21094605167744393,0.922523347405927,8.507426160687318,487.4396135265691
51.466331243515015,-0.21357314682544937,0.925978606374232,8.500680926863186,487.05314009661737
51.50630283355713,-0.21588420917510345,0.9290449517451398,8.498994618407153,486.95652173912947
51.56632852554321,-0.2181849167924778,0.932119073990112,8.493935693039052,486.66666666666566
51.606300354003906,-0.22066309044732724,0.9354773033432809,8.485504150758887,486.18357487922606
51.66629981994629,-0.2229273511927055,0.9385783687077348,8.483817842302853,486.0869565217381
51.70624923706055,-0.2252818654338022,0.9418202290216389,8.480445225390786,485.89371980676225
51.76665449142456,-0.22772022628525077,0.9452074764897462,8.475386300022688,485.6038647342985
51.80629348754883,-0.23024124802536955,0.9487408732747921,8.472013683110621,485.41062801932264
51.86661672592163,-0.23255733168496848,0.9520103001493578,8.468641066198554,485.21739130434673
51.90632748603821,-0.235233639456043,0.9558427708727175,8.458523215462355,484.63768115941923
51.96631979942322,-0.23759716509867168,0.9592826539504852,8.453464290094256,484.3478260869555
52.006332874298096,-0.24022152908508285,0.9631508794865353,8.446719056270124,483.96135265700383
52.066343784332275,-0.2424485682824063,0.9664815989313366,8.439973822445992,483.5748792270522
52.10628819465637,-0.24483680069098887,0.9701060698468384,8.43322858862186,483.18840579710053
52.166324615478516,-0.24720053105123924,0.9737465673731055,8.426483354797728,482.8019323671489
52.20630764961243,-0.2493654078387149,0.9771180216737662,8.423110737885661,482.608695652173
52.266300678253174,-0.25159972096915945,0.9806432016531712,8.414679195605496,482.1256038647334
52.30632567405701,-0.25372465067432726,0.9840399750271969,8.411306578693429,481.9323671497575
52.36636209487915,-0.25609260105674037,0.9878753876257015,8.402875036413263,481.44927536231796
52.40625739097595,-0.25842812920945823,0.9917306291307443,8.394443494133098,480.96618357487836
52.46623778343201,-0.26073106909865357,0.9956054254713398,8.386011951852932,480.48309178743875
52.5065975189209,-0.2630012570072152,0.9994995011863411,8.377580409572767,479.99999999999915
52.566346168518066,-0.26507280750644685,1.0031227217953034,8.369148867292601,479.51690821255954
52.60652828216553,-0.26711987159509004,1.0067598329661451,8.364089941924503,479.22705314009585
52.66635060310364,-0.26898621864546995,1.0101154598532132,8.359031016556402,478.93719806763204
52.706292390823364,-0.27130368169505387,1.0143661583156176,8.34722685736417,478.2608695652165
52.76629400253296,-0.27318887342187065,1.017901614122092,8.340481623540038,477.8743961352649
52.80631971359253,-0.2750501749672004,1.021449705463045,8.333736389715906,477.4879227053132
52.866642236709595,-0.2768195717794002,1.0248574492971168,8.332050081259872,477.39130434782527
52.90632724761963,-0.27857746553586904,1.0282711412367396,8.326991155891774,477.1014492753616
52.96627497673035,-0.28024514859436134,1.0315434714160376,8.323618538979707,476.9082125603857
53.006290674209595,-0.28190731112627515,1.034818609169389,8.323618538979707,476.9082125603857
53.0665647983551,-0.2838520788100866,1.038699114563114,8.313500688243508,476.32850241545816
53.10630536079407,-0.2856230468635016,1.0422931468056207,8.310128071331441,476.1352657004823
53.16633462905884,-0.28744567714148006,1.046047753032893,8.301696529051275,475.6521739130427
53.206287145614624,-0.28924294045156074,1.0498145678207893,8.296637603683177,475.36231884057895
53.266581296920776,-0.29108894055048523,1.053743018799164,8.289892369859045,474.9758454106273
53.30630540847778,-0.29283522576694215,1.0575337360129458,8.28146082757888,474.49275362318775
53.36632323265076,-0.2944901523104859,1.0611826555436932,8.278088210666812,474.29951690821184
53.4062933921814,-0.2961979948867396,1.0649908470812621,8.273029285298712,474.00966183574803
53.46626591682434,-0.29795074506649266,1.0689617802539684,8.26628405147458,473.6231884057964
53.50624990463257,-0.2994804954339898,1.0724836188264786,8.26122512610648,473.3333333333326
53.56629514694214,-0.30118625106388114,1.0764749646127794,8.254479892282347,472.9468599033809
53.6063129901886,-0.30267432347857376,1.080014614822377,8.249420966914247,472.65700483091706
53.66630744934082,-0.30427230893831275,1.0838701940943596,8.244362041546148,472.36714975845337
53.706302881240845,-0.3058442514589679,1.0877364643595935,8.235930499265983,471.88405797101376
53.76628279685974,-0.3072724257099222,1.0913007036089408,8.23424419080995,471.78743961352586
53.80627727508545,-0.3087470019748717,1.095026159345524,8.227498956985817,471.40096618357416
53.866331577301025,-0.3100290066117487,1.0982891863331796,8.229185265441851,471.4975845410621
53.90628910064697,-0.31154864988163694,1.102176310383729,8.224126340073752,471.2077294685984
53.966511726379395,-0.3129917627670358,1.1059140665028981,8.220753723161685,471.0144927536225
54.00629210472107,-0.31436568095773587,1.109499569525201,8.219067414705652,470.9178743961346
54.066537380218506,-0.31578354916593643,1.1132469746741762,8.21232218088152,470.53140096618296
54.10625648498535,-0.3171211200671775,1.1168461950344526,8.20726325551342,470.2415458937191
54.16629338264465,-0.3185010006627344,1.1206077539065695,8.203890638601353,470.04830917874324
54.20634698867798,-0.3196456135694764,1.1237443209291353,8.203890638601353,470.04830917874324
54.2662787437439,-0.32117297619923446,1.1279851630874287,8.195459096321187,469.56521739130363
54.30631470680237,-0.3226127385321994,1.1320799802847283,8.188713862497055,469.178743961352
54.366305351257324,-0.3239226111073189,1.135866486516513,8.185341245584988,468.98550724637613
54.40632915496826,-0.32516872290234006,1.1394983852639986,8.183654937128955,468.8888888888882
54.466304779052734,-0.32645302500293066,1.1432936406863403,8.176909703304823,468.5024154589365
54.50635552406311,-0.3276185619744896,1.1467765755341168,8.176909703304823,468.5024154589365
54.5663366317749,-0.3289751736945382,1.150899686992197,8.166791852568624,467.92270531400897
54.60627818107605,-0.33024948637864426,1.1548740015538796,8.161732927200525,467.63285024154527
54.66630840301514,-0.33145673112339613,1.1586944669355659,8.158360310288458,467.43961352656936
54.70622181892395,-0.3325102513135604,1.1620382636130064,8.160046618744492,467.5362318840573
54.76660203933716,-0.3337110518618044,1.1658607593487436,8.156674001832425,467.34299516908146
54.80630397796631,-0.3349450884847608,1.1698477635706224,8.151615076464326,467.0531400966177
54.866294860839844,-0.3362487732010555,1.1741626198804942,8.14318353418416,466.5700483091781
54.906272172927856,-0.3373784662598961,1.178006730856936,8.136438300360028,466.18357487922646
54.96626925468445,-0.3386585813472301,1.1825024800152077,8.12632044962383,465.60386473429895
55.006373167037964,-0.33964650324616436,1.1860398974216688,8.12632044962383,465.60386473429895
55.06630897521973,-0.3407589702719578,1.1900625167385568,8.12126152425573,465.31400966183514
55.10628318786621,-0.3418106490698757,1.1939286992630116,8.117888907343662,465.12077294685923
55.16640496253967,-0.342842755764735,1.1978001526563538,8.11114367351953,464.7342995169076
55.20638060569763,-0.3438552639421679,1.2016767778377486,8.107771056607463,464.54106280193173
55.266380071640015,-0.3449685757825741,1.20604462805958,8.099339514327298,464.0579710144921
55.30633497238159,-0.34596528410664784,1.2100974815689973,8.090907972047132,463.5748792270525
55.36637020111084,-0.3469698464157148,1.2143201937332262,8.084162738223,463.18840579710087
55.40629005432129,-0.34784274192637354,1.2180593830230522,8.082476429766967,463.0917874396129
55.46629023551941,-0.34873713243162763,1.2219649510010173,8.075731195942835,462.70531400966127
55.50649952888489,-0.3497099515140931,1.2263662237541115,8.067299653662669,462.22222222222166
55.56631064414978,-0.35055157429396977,1.2302835017252014,8.063927036750602,462.0289855072458
55.60677146911621,-0.35134229608795686,1.234040926662867,8.058868111382502,461.739130434782
55.66633081436157,-0.35218110394055435,1.2381293799692528,8.053809186014403,461.44927536231825
55.70632195472717,-0.35296980582815984,1.2420576550282172,8.050436569102336,461.2560386473424
55.76630353927612,-0.35370976778837526,1.2458254049423054,8.045377643734238,460.96618357487864
55.80626082420349,-0.35449334583956615,1.249924801786936,8.040318718366137,460.67632850241483
55.86634111404419,-0.3551399340972853,1.2533704954233647,8.038632409910104,460.57971014492693
55.906277656555176,-0.35578071093611136,1.2568172745073747,8.03694610145407,460.483091787439
55.96630930900574,-0.35650306099228035,1.26075829036661,8.033573484542003,460.28985507246307
56.00631308555603,-0.35725679097310414,1.2650329055037575,8.023455633805805,459.71014492753557
56.06628942489624,-0.3579744529911898,1.2693137237295784,8.016710399981672,459.3236714975839
56.106311559677124,-0.35858694647231837,1.2731042823761705,8.011651474613572,459.0338164251201
56.1664252281189,-0.35923184818096476,1.277227770079348,8.006592549245472,458.74396135265624
56.20636487007141,-0.3598342600358716,1.281188893097314,8.003219932333405,458.5507246376804
56.26628088951111,-0.36043740861395057,1.2853186946476112,7.994788390053239,458.0676328502408
56.306559801101685,-0.36098632987133394,1.289287583794411,7.988043156229107,457.68115942028913
56.3662383556366,-0.361551979249632,1.2935911270131502,7.981297922404974,457.2946859903374
56.406585454940796,-0.36207144061415175,1.297732287350887,7.976238997036875,457.0048309178737
56.466333627700806,-0.36253006520089676,1.301544523781922,7.971180071668775,456.7149758454099
56.50628638267517,-0.3630230665822184,1.3058569932708273,7.964434837844642,456.3285024154582
56.56628394126892,-0.36347969010167747,1.3101734661847004,7.954316987108443,455.74879227053066
56.606351375579834,-0.36387430339405924,1.3141606551639022,7.9509443701963765,455.5555555555548
56.666339635849,-0.3642608386536631,1.318316330746182,7.942512827916211,455.0724637681152
56.70631122589111,-0.36463286591554467,1.3228084543565426,7.9307086687239785,454.3961352656997
56.766279458999634,-0.3649675879856886,1.3274709018111186,7.9205908179877795,453.8164251207722
56.806283473968506,-0.3652070060821042,1.3313031546854452,7.912159275707613,453.3333333333325
56.86631917953491,-0.3654264817624553,1.3353038078861275,7.90541404188348,452.9468599033808
56.90625190734863,-0.3656350077758654,1.33963935402894,7.898668808059348,452.56038647342916
56.966277837753296,-0.36579683382228145,1.3434756667701508,7.893609882691249,452.2705314009654
57.00625658035278,-0.36594206631218423,1.3474797026254188,7.886864648867116,451.8840579710137
57.06628465652466,-0.36605859768978444,1.351317658273379,7.881805723499016,451.59420289854995
57.10629105567932,-0.366164720148619,1.3556569187493652,7.875060489674884,451.20772946859825
57.16632151603699,-0.3662424147943947,1.3596628342687453,7.871687872762818,451.01449275362245
57.20636868476868,-0.36629984290476214,1.3636690915768241,7.864942638938686,450.6280193236708
57.26633310317993,-0.36633503248590044,1.3678425566534065,7.859883713570587,450.33816425120705
57.306313276290894,-0.3663479823806457,1.371682259170256,7.854824788202487,450.04830917874324
57.3662314414978,-0.3663510791001103,1.3753550376819903,7.854824788202487,450.04830917874324
57.406293630599976,-0.3663370031275608,1.3795286273742182,7.846393245922322,449.56521739130363
57.46632647514343,-0.36628942720282054,1.3838689245974636,7.839648012098189,449.1787439613519
57.50632834434509,-0.36624157044418104,1.3872074723541956,7.839648012098189,449.1787439613519
57.56631636619568,-0.3661773866330921,1.3912136271246438,7.836275395186123,448.98550724637613
57.60635948181152,-0.3660996924199915,1.3950525653537542,7.831216469818023,448.6956521739124
57.666339635849,-0.36600905140530793,1.3988912197174779,7.8295301613619905,448.5990338164245
57.706530809402466,-0.36589645707349516,1.403063314103817,7.824471235993891,448.30917874396073
57.76628613471985,-0.36576275795837604,1.4072347854987435,7.819412310625792,448.0193236714969
57.80631136894226,-0.36561077363864636,1.411238570754342,7.812667076801659,447.6328502415452
57.86626935005188,-0.3654590775303275,1.4149082164970057,7.812667076801659,447.6328502415452
57.90632891654968,-0.36526517481138465,1.4192444412594356,7.805921842977527,447.24637681159356
57.96630668640137,-0.3650541248721484,1.4234127151198273,7.800862917609427,446.9565217391298
58.00630235671997,-0.3648470267052006,1.4272468504156826,7.799176609153394,446.85990338164186
58.066285848617554,-0.3646008397069095,1.4314131966583692,7.790745066873228,446.37681159420225
58.10628414154053,-0.3643549595935378,1.4352450403513615,7.789058758417195,446.28019323671435
58.16631627082825,-0.36409615756220814,1.439076032993779,7.783999833049095,445.99033816425055
58.206265687942505,-0.36377804392678376,1.4434049182047406,7.777254599224962,445.60386473429884
58.26625204086304,-0.3634641894850605,1.447399275599342,7.773881982312895,445.410628019323
58.30668067932129,-0.36313013198976374,1.4513919941213802,7.767136748488763,445.02415458937134
58.366289138793945,-0.36277587999031713,1.4553829715865234,7.763764131576697,444.8309178743955
58.406275510787964,-0.3624629652179975,1.4588748142743326,7.76545044003273,444.9275362318834
58.46627855300903,-0.3621019837063749,1.4628651886871742,7.762077823120664,444.7342995169076
58.506352186203,-0.3617463712675394,1.466688410222872,7.760391514664631,444.6376811594197
58.56657290458679,-0.3613843122065704,1.470511026650667,7.758705206208598,444.54106280193173
58.60649299621582,-0.36099642310256175,1.474498875400229,7.755332589296531,444.3478260869559
58.66638684272766,-0.36058836481896084,1.4784847108262817,7.748587355472399,443.96135265700417
58.706319093704224,-0.3601388067379999,1.482634041686061,7.743528430104299,443.6714975845404
58.76629996299744,-0.3597059068156344,1.4864492848991333,7.7384695047362,443.38164251207667
58.806225061416626,-0.3591910953746842,1.4907592051576755,7.731724270912067,442.99516908212496
58.86624836921692,-0.35867163401016444,1.4949003654954125,7.726665345543967,442.7053140096612
58.90622854232788,-0.3580987283382352,1.4992029487364198,7.716547494807768,442.12560386473365
58.966238260269165,-0.3574623740477174,1.5036653059645313,7.708115952527603,441.64251207729404
59.006251096725464,-0.35690107115814906,1.5074637822621852,7.706429644071569,441.54589371980614
59.066301584243774,-0.35627703802944893,1.5115904796955286,7.70137071870347,441.25603864734234
59.106266021728516,-0.35562518376884844,1.5157128740331696,7.6929391764233035,440.77294685990273
59.166261434555054,-0.3548523169801405,1.520322985968669,7.6828213256871045,440.19323671497517
59.20628094673157,-0.35418874437511405,1.5241049371205926,7.677762400319005,439.9033816425114
59.26630353927612,-0.35341339917255593,1.5283756845108738,7.671017166494872,439.5169082125597
59.30660128593445,-0.3525671348772698,1.5328030331030749,7.65921300730264,438.84057971014425
59.36661887168884,-0.35178505839136465,1.53673263257078,7.655840390390573,438.64734299516834
59.40657901763916,-0.3510196991031024,1.5404953055937183,7.650781465022473,438.3574879227046
59.466618061065674,-0.350167107260404,1.544580906675792,7.645722539654374,438.06763285024084
59.50656700134277,-0.3493637176325959,1.548335643447339,7.640663614286274,437.77777777777703
59.547364234924316,-0.3485022884900343,1.5522486136029547,7.633918380462142,437.3913043478254
59.60633969306946,-0.34761448524562605,1.5561556842454707,7.627173146638009,437.0048309178737
59.666605710983276,-0.34662417021323433,1.5603817603914178,7.620427912813876,436.61835748792197
59.70635461807251,-0.3458099175465857,1.5637917271956552,7.618741604357844,436.52173913043407
59.766284465789795,-0.34482688358743385,1.56784791916439,7.613682678989744,436.2318840579703
59.806248903274536,-0.34386020518778665,1.5717362257981382,7.606937445165612,435.84541062801867
59.84724402427673,-0.34287386858891644,1.57561959234279,7.603564828253546,435.6521739130428
59.90623712539673,-0.3418678990338116,1.5794979194126224,7.596819594429413,435.2657004830911
59.96627926826477,-0.3408423222679203,1.5833711077508854,7.593446977517347,435.0724637681153
60.006200313568115,-0.33984383852505934,1.587078736822532,7.588388052149248,434.78260869565156
60.06619358062744,-0.33873815645474586,1.5911032263816516,7.583329126781148,434.49275362318775
60.10621500015259,-0.3377979874477748,1.594480645995717,7.581642818325115,434.39613526569985
60.166232109069824,-0.3367620422148281,1.5981779829552072,7.579956509869081,434.2995169082119
60.20628523826599,-0.33571986360718187,1.6018735677353795,7.578270201413049,434.202898550724
60.266188621520996,-0.3346226221037529,1.6057270670138983,7.574897584500983,434.0096618357482
60.30625057220459,-0.3335123904884297,1.6095768438083022,7.571524967588916,433.8164251207723
60.36619997024536,-0.33238269742958887,1.6134209547847436,7.564779733764783,433.4299516908206
60.40617251396179,-0.33123357183909363,1.6172593015621546,7.561407116852717,433.2367149758448
60.46627140045166,-0.32996766573339126,1.6214111596023904,7.554661883028585,432.8502415458931
60.50620722770691,-0.32872690754926287,1.6253960771900695,7.549602957660485,432.56038647342933
60.56625413894653,-0.3275668780573399,1.6290563797316016,7.544544032292386,432.2705314009656
60.60611915588379,-0.3261761520653487,1.6333439734658006,7.53611249001222,431.787439613526
60.66619038581848,-0.32486169377152097,1.6373051915165855,7.531053564644121,431.4975845410622
60.706217527389526,-0.32352054624094145,1.6412574531922965,7.522622022363954,431.01449275362256
60.747097969055176,-0.3220946023198399,1.6453571028588654,7.515876788539821,430.62801932367086
60.806220054626465,-0.32058155108547093,1.6496030720976276,7.507445246259656,430.14492753623125
60.86619186401367,-0.31921436461068126,1.653369263376565,7.504072629347589,429.9516908212554
60.90619373321533,-0.3178281428315355,1.6571284899972167,7.497327395523456,429.5652173913037
60.966310024261475,-0.31642292122515203,1.660880655750931,7.49395477861139,429.37198067632784
61.00616693496704,-0.31475400609565296,1.6652470246567213,7.483836927875191,428.79227053140033
61.06620192527771,-0.3135514120244874,1.668361821422696,7.487209544787257,428.98550724637613
61.10618233680725,-0.3119743921280513,1.6724057615435395,7.477091694051058,428.4057971014486
61.166189670562744,-0.310363332039054,1.6764362613691646,7.470346460226925,428.0193236714969
61.206279277801514,-0.30892314511972535,1.6799956636722306,7.468660151770893,427.922705314009
61.26617431640625,-0.3072781593692084,1.684012436672454,7.46191491794676,427.5362318840573
61.30629086494446,-0.30573473580331856,1.6877099005739207,7.455169684122627,427.1497584541056
61.366215467453,-0.304172626873452,1.6913995091300718,7.45179706721056,426.95652173912976
61.40618944168091,-0.30259808321509063,1.6950838283174259,7.448424450298493,426.76328502415384
61.44712209701538,-0.3009417687703949,1.6989147122248773,7.443365524930393,426.4734299516901
61.50624370574951,-0.29926609544733823,1.702737167975631,7.438306599562294,426.18357487922634
61.566261768341064,-0.29764199338333,1.7063999112224444,7.434933982650227,425.99033816425043
61.606791257858276,-0.296076688487103,1.7099060920077898,7.4332476741941935,425.8937198067625
61.66629457473755,-0.2943624265565418,1.713711398182791,7.428188748826094,425.6038647342987
61.706313610076904,-0.2925496145822027,1.717655273966892,7.418070898089895,425.0241545893712
61.747307538986206,-0.2907778000119182,1.7214341259328474,7.413011972721796,424.7342995169074
61.806305170059204,-0.28905547681275306,1.725051721599034,7.406266738897663,424.3478260869557
61.86625623703003,-0.287010586029874,1.729255157909604,7.396148888161464,423.7681159420282
61.906254529953,-0.2853816453653226,1.7325469452504416,7.392776271249398,423.57487922705235
61.947327852249146,-0.28335868193723507,1.7365749966134407,7.384344728969232,423.09178743961274
62.00656247138977,-0.28184762509004047,1.7395523945710332,7.384344728969232,423.09178743961274
62.06629252433777,-0.27994313082677036,1.7432661461315506,7.375913186689067,422.6086956521732
62.106348276138306,-0.27801362995616175,1.7469669670462125,7.370854261320967,422.3188405797094
62.1473925113678,-0.2763823740435267,1.7500701726724377,7.3691679528649345,422.2222222222215
62.20627760887146,-0.27450911675373907,1.753611966389278,7.365795335952868,422.02898550724564
62.247182846069336,-0.2727053320529535,1.7570016336105387,7.364109027496834,421.9323671497577
62.30652928352356,-0.27064369115773523,1.7608213299693989,7.353991176760635,421.3526570048302
62.347365617752075,-0.26862736592574527,1.764475571561154,7.34555963448047,420.8695652173906
62.40651559829712,-0.2666710226175253,1.767972157963172,7.342187017568403,420.6763285024147
62.44755148887634,-0.2648669082119784,1.7711712957841517,7.338814400656337,420.48309178743887
62.50645565986633,-0.26279535771274654,1.7747945163931138,7.33038285837617,419.9999999999992
62.54744219779968,-0.26061241331698465,1.778546208973768,7.323637624552037,419.6135265700475
62.606499910354614,-0.25848611469096905,1.7821375740631287,7.315206082271871,419.1304347826079
62.647381067276,-0.25633564002254805,1.7857145151798588,7.3101471569037715,418.8405797101441
62.70650053024292,-0.25407098208479384,1.7894174556168214,7.3000293061675725,418.2608695652166
62.74743103981018,-0.25204833252446873,1.792681252772558,7.29834299771154,418.1642512077287
62.80647110939026,-0.24983784820534438,1.7962214234078497,7.2932840723434404,417.87439613526493
62.84711217880249,-0.24770147459160935,1.7996110109032435,7.289911455431374,417.6811594202891
62.906498670578,-0.2453685228958522,1.8032713086834777,7.283166221607242,417.2946859903374
62.947229623794556,-0.24300479253560198,1.806911806209745,7.273048370871043,416.71497584540987
63.00648331642151,-0.24061045154959376,1.8105322446773127,7.26630313704691,416.32850241545816
63.04727125167847,-0.23828185051377143,1.8139958650762655,7.257871594766744,415.84541062801856
63.106486797332764,-0.23583284079748018,1.8175795496137543,7.251126360942612,415.4589371980669
63.147404193878174,-0.23354995469537332,1.8208722425315953,7.244381127118479,415.0724637681152
63.20654773712158,-0.2310528237127648,1.8244225636875504,7.237635893294346,414.6859903381635
63.24746918678284,-0.22863162982245278,1.8278221032442539,7.232576967926247,414.3961352656997
63.30649757385254,-0.22638833783912005,1.8309383709149123,7.227518042558147,414.10628019323593
63.347571849823,-0.22413454865686372,1.834047055112386,7.225831734102114,414.009661835748
63.406519412994385,-0.2219712357951939,1.837015116609131,7.222459117190048,413.8164251207722
63.44719481468201,-0.21939099134512347,1.8405055008333397,7.212341266453849,413.2367149758446
63.50649976730347,-0.21698754916240498,1.8437112552345256,7.208968649541783,413.0434782608688
63.54726433753967,-0.21456792013185072,1.8469048098310359,7.20222341571765,412.6570048309171
63.60655188560486,-0.21223622729689062,1.8499554969079208,7.200537107261617,412.5603864734292
63.64746165275574,-0.20958588555975116,1.8533929570358498,7.193791873437484,412.1739130434775
63.70648694038391,-0.20712339546509473,1.85655358009786,7.190419256525418,411.98067632850166
63.74725794792175,-0.20443841027065324,1.8599640489747677,7.183674022701285,411.59420289854995
63.80647897720337,-0.2015160234253131,1.8636123513549314,7.173556171965086,411.01449275362245
63.847347021102905,-0.19898484335128974,1.8667182365812813,7.166810938140953,410.62801932367074
63.90649223327637,-0.1964379832925549,1.8698112770672133,7.163438321228887,410.4347826086949
63.94726490974426,-0.1936619688581862,1.8731480700357537,7.156693087404754,410.0483091787432
64.00648212432861,-0.19086351029725818,1.8764660623711116,7.149947853580621,409.6618357487915
64.04741621017456,-0.18837067054738654,1.8793865474505351,7.144888928212522,409.3719806763277
64.10649037361145,-0.18564503760858986,1.88254723948473,7.139830002844422,409.082125603864
64.14748620986938,-0.18312766256564295,1.8854466025200924,7.138143694388389,408.985507246376
64.20653033256531,-0.1806005234174105,1.888337458940454,7.133084769020289,408.69565217391226
64.24736499786377,-0.17783777192326755,1.8914657577167358,7.12802584365219,408.4057971014485
64.30651807785034,-0.17505923001968582,1.8945800399682533,7.1229669182840905,408.1159420289847
64.34741854667664,-0.17192088467235211,1.8980443210786415,7.1128490675478915,407.5362318840572
64.40648221969604,-0.16909539980967758,1.901116076984125,7.107790142179792,407.2463768115934
64.4471583366394,-0.16625441138526498,1.9041734997263098,7.1027312168116925,406.95652173912964
64.50655841827393,-0.16351471295188114,1.9070971016315812,7.0993585998996265,406.76328502415384
64.54736351966858,-0.16088209001578668,1.9098922366183082,7.097672291443593,406.6666666666659
64.60668683052063,-0.15800521005149948,1.91291591165428,7.0892407491634275,406.1835748792263
64.64712834358215,-0.15534444159018546,1.9156842675405332,7.087554440707394,406.08695652173833
64.70618081092834,-0.15244216994345283,1.9186835788515926,7.082495515339295,405.7971014492746
64.7471387386322,-0.14963904370165204,1.921546423394861,7.075750281515162,405.41062801932287
64.80615425109863,-0.1467015707251954,1.9245112676681173,7.070691356147062,405.1207729468591
64.84702038764954,-0.1435022149301185,1.927686437161365,7.05888719695483,404.44444444444366
64.90619730949402,-0.14039312866797504,1.930715302636964,7.052141963130697,404.05797101449195
64.94695663452148,-0.13726368288351498,1.9337231278541018,7.045396729306564,403.67149758454025
65.00618433952332,-0.13436095484898214,1.9364849326198175,7.042024112394498,403.4782608695644
65.0469651222229,-0.13132035300106892,1.939343916609724,7.033592570114332,402.9951690821248
65.10639142990112,-0.1281356554584241,1.942293178384575,7.026847336290199,402.6086956521731
65.14692234992981,-0.12505676242885821,1.94511088432462,7.0217884109221,402.31884057970933
65.20629143714905,-0.12208511158214763,1.9477983900179419,7.015043177097967,401.9323671497576
65.246901512146,-0.11897317317669198,1.9505795567538144,7.009984251729867,401.6425120772939
65.30628228187561,-0.11609728239682415,1.9531237138519413,7.004925326361768,401.35265700483006
65.34715843200684,-0.11320855777183536,1.9556532895394154,6.999866400993668,401.0628019323663
65.40624809265137,-0.1104352539988801,1.9580612134935382,6.996493784081602,400.8695652173905
65.44703245162964,-0.10778220406195949,1.9603529829067536,6.994807475625569,400.77294685990256
65.50620889663696,-0.10461462775964281,1.9630706122819772,6.989748550257469,400.4830917874388
65.54691815376282,-0.10155840948408823,1.9656615436702156,6.9830033164333365,400.0966183574871
65.60628199577332,-0.09835446043617191,1.9683361949653253,6.974571774153171,399.6135265700475
65.64697504043579,-0.0950013414222638,1.9710924671458787,6.967826540329038,399.2270531400958
65.70614981651306,-0.09149285963353648,1.9739223318692372,6.956022381136806,398.5507246376803
65.7470452785492,-0.08808919322963682,1.976615935118732,6.949277147312673,398.1642512077286
65.80615377426147,-0.08493064754977275,1.979081089230467,6.94253191348854,397.7777777777769
65.84685039520264,-0.08162539742676411,1.981629494746947,6.93747298812044,397.4879227053131
65.9061644077301,-0.07870734891843933,1.9838598096325613,6.934100371208373,397.29468599033726
65.9469985961914,-0.07538072954707431,1.9863802565393882,6.929041445840274,397.0048309178735
66.00615739822388,-0.07190125402750702,1.9889751926779966,6.918923595104075,396.42512077294595
66.04694676399231,-0.06839570187638522,1.9915347917814676,6.908805744367876,395.8454106280184
66.10619187355042,-0.0652813267543142,1.993780710461363,6.907119435911842,395.7487922705305
66.1470274925232,-0.062021692982747845,1.996110556654067,6.9003742020877095,395.3623188405788
66.20619058609009,-0.058611976466450555,1.9985173973905024,6.89531527671961,395.07246376811497
66.24698781967163,-0.05505115955834572,2.0009995388855986,6.888570042895477,394.68599033816326
66.30626487731934,-0.051891977418989654,2.0031819804834545,6.886883734439444,394.58937198067537
66.34685730934143,-0.04831035904798975,2.0056340109276456,6.880138500615311,394.20289855072366
66.40630006790161,-0.04485263983261201,2.0079713656032743,6.875079575247211,393.91304347825985
66.44705152511597,-0.04138314041094393,2.0102911981004863,6.870020649879112,393.6231884057961
66.50618529319763,-0.037901949576743976,2.012593449048571,6.864961724511012,393.33333333333235
66.54704141616821,-0.03427144931793058,2.014972505862832,6.861589107598946,393.1400966183565
66.60623717308044,-0.030770970927289087,2.0172453235169185,6.856530182230847,392.85024154589274
66.64700269699097,-0.027685500676910335,2.019237604852462,6.856530182230847,392.85024154589274
66.70622158050537,-0.024031115714259532,2.021579807661673,6.849784948406714,392.46376811594104
66.74693965911865,-0.020789684446716916,2.023638109499469,6.84809863995068,392.3671497584531
66.8062264919281,-0.017401899448398983,2.0257773402985095,6.844726023038614,392.1739130434773
66.84701943397522,-0.013432739110938563,2.0282463930210035,6.834608172302415,391.5942028985497
66.90619444847107,-0.00972789053451395,2.0305079280042593,6.827862938478282,391.207729468598
66.94712352752686,-0.006152763870817646,2.0326614178209526,6.822804013110183,390.91787439613427
67.00627303123474,-0.0025667886578476518,2.0347967938590408,6.817745087742083,390.6280193236705
67.04695320129395,0.0010299433297108473,2.0369140014685465,6.812686162373984,390.3381642512067
67.10646080970764,0.0046408744472880015,2.0390069002994,6.804254620093818,389.85507246376716
67.1470639705658,0.008412651525313897,2.0411549554961774,6.797509386269686,389.4685990338155
67.2062578201294,0.01175720470179309,2.0430410751019767,6.795823077813653,389.37198067632755
67.2470314502716,0.015402913480135894,2.045072787816803,6.787391535533487,388.88888888888795
67.30640769004822,0.019062243595641903,2.0470798633405014,6.782332610165388,388.5990338164242
67.34703373908997,0.02228987146585415,2.0488324984757638,6.778959993253322,388.40579710144834
67.40615391731262,0.025965994051214802,2.0508086492264597,6.773901067885222,388.1159420289846
67.44698786735535,0.029205370340259496,2.052539473551428,6.773901067885222,388.1159420289846
67.50624132156372,0.03289473879530147,2.05449078322829,6.765469525605057,387.632850241545
67.54698276519775,0.03630098954384886,2.056263052664831,6.760410600236957,387.34299516908123
67.60687732696533,0.040163291166787074,2.058243726698632,6.753665366412824,386.9565217391295
67.64702868461609,0.04328955902225906,2.0598303363881865,6.751979057956791,386.8599033816416
67.70622897148132,0.04701765556044879,2.061706594700363,6.746920132588691,386.5700483091778
67.74689531326294,0.05075519620294966,2.063563968921604,6.741861207220592,386.28019323671407
67.80613970756531,0.05435072036696631,2.0653319060223985,6.738488590308526,386.0869565217382
67.84693646430969,0.05810686201788973,2.067151369940775,6.73005704802836,385.6038647342986
67.90614986419678,0.06217991876849038,2.0690821178582226,6.721625505748195,385.120772946859
67.94693970680237,0.06596620669684972,2.070837985955671,6.713193963468029,384.63768115941946
68.0061354637146,0.06945771916272825,2.0724357418250983,6.711507655011996,384.5410628019315
68.04701662063599,0.07310803275459721,2.0740875911788255,6.704762421187864,384.15458937197985
68.10622191429138,0.07646177089710138,2.0755848393404337,6.701389804275797,383.96135265700394
68.14695405960083,0.08027997587085778,2.0772701760517345,6.696330878907697,383.6714975845402
68.20624804496765,0.08410946188824253,2.078929719933267,6.687899336627531,383.18840579710053
68.24678182601929,0.08779775203431295,2.08049493921656,6.681154102803398,382.8019323671488
68.30618166923523,0.09196323130381201,2.0822172519842406,6.669349943611166,382.12560386473336
68.34706568717957,0.09598964312347802,2.0838385019073487,6.662604709787033,381.73913043478166
68.40619206428528,0.09909107140419371,2.085075164356404,6.662604709787033,381.73913043478166
68.44684863090515,0.10266129981841932,2.0864882999436474,6.657545784418933,381.4492753623179
68.50616407394409,0.10608196898290279,2.0878255860211494,6.654173167506867,381.25603864734205
68.54703259468079,0.10950712883821823,2.0891513279083442,6.650800550594801,381.06280193236626
68.60621571540833,0.11340567250410227,2.0906414307025396,6.645741625226702,380.77294685990245
68.64712047576904,0.11684188852761379,2.091938246427957,6.642369008314635,380.5797101449266
68.70617604255676,0.12091057241314374,2.0934502830989254,6.635623774490503,380.19323671497494
68.74686551094055,0.12435973331796157,2.094712265919175,6.632251157578436,379.99999999999903
68.80617141723633,0.12796899996027655,2.096022486290848,6.630564849122403,379.9033816425112
68.84687542915344,0.13174092149973093,2.0973737832628694,6.62381961529827,379.5169082125595
68.90612316131592,0.1352047384076126,2.0985949646640547,6.620446998386204,379.32367149758363
68.94699120521545,0.13914670924085204,2.09996606458819,6.615388073018105,379.0338164251199
69.0061845779419,0.14277965736166676,2.1012091136898534,6.610329147650005,378.74396135265613
69.04699945449829,0.14657599429958545,2.102490215348656,6.606956530737939,378.5507246376803
69.10669136047363,0.15069566107240162,2.1038572519742367,6.600211296913806,378.16425120772857
69.14691233634949,0.1545047654689643,2.105099877944704,6.59683868000174,377.9710144927527
69.20623874664307,0.15880049265304097,2.1064652741415366,6.585034520809508,377.29468599033726
69.24697184562683,0.16247139653332976,2.1075913060324525,6.576602978529342,376.81159420289765
69.30624151229858,0.1664696744264661,2.108788311855885,6.571544053161243,376.5217391304339
69.34699296951294,0.16951141648956902,2.1096877827859486,6.569857744705209,376.42512077294595
69.4061439037323,0.17367895236442854,2.1109010791992304,6.563112510881076,376.03864734299424
69.44692897796631,0.17737188917300928,2.1119526023066832,6.558053585512977,375.7487922705305
69.50617909431458,0.18155345631423336,2.1131166210772183,6.551308351688844,375.3623188405788
69.54696440696716,0.18558257139908507,2.114205327045373,6.5428768094086776,374.8792270531391
69.60619020462036,0.18945834150206642,2.115221103455431,6.536131575584545,374.4927536231874
69.64729499816895,0.19334087503258324,2.1162107139802364,6.529386341760412,374.1062801932357
69.7061996459961,0.19739119444273734,2.1172176706465353,6.524327416392312,373.81642512077195
69.74695324897766,0.2012851387327228,2.118161383247321,6.517582182568179,373.42995169082025
69.80614042282104,0.2051838073457426,2.1190853846825193,6.514209565656113,373.23671497584445
69.8468291759491,0.2084339916961746,2.1198499061547715,6.514209565656113,373.23671497584445
69.90618181228638,0.21201060753861678,2.1206848496867057,6.510836948744046,373.04347826086854
69.94695377349854,0.2157519928207099,2.1215482842752027,6.509150640288013,372.9468599033806
70.00615620613098,0.21933278679457302,2.1223651233674805,6.505778023375947,372.7536231884048
70.04699778556824,0.22324209060080502,2.1232430409928718,6.502405406463881,372.56038647342893
70.10617542266846,0.22699202033326982,2.124068577254493,6.497346481095782,372.27053140096524
70.14690971374512,0.23025582613406548,2.1247726817126686,6.493973864183716,372.0772946859894
70.206214427948,0.23385115508629006,2.125522962534243,6.483856013447517,371.4975845410619
70.24688982963562,0.23761575201779728,2.1262788018431986,6.478797088079418,371.20772946859813
70.30654883384705,0.24072668492973026,2.1268979457278734,6.480483396535451,371.30434782608603
70.34696078300476,0.24416392560632405,2.1275880598795283,6.482169704991485,371.400966183574
70.40611815452576,0.24792979176287455,2.1283375498451873,6.477110779623385,371.11111111111023
70.44690537452698,0.25153372646330674,2.1290453395462636,6.477110779623385,371.11111111111023
70.5062928199768,0.25530209894011235,2.1297821244495623,6.475424471167352,371.0144927536223
70.54691910743713,0.2590729348736922,2.1305061959099163,6.470365545799252,370.7246376811585
70.60630559921265,0.2628461913725447,2.13121754569135,6.468679237343219,370.62801932367057
70.64708614349365,0.2661278043596196,2.1318333440320343,6.468679237343219,370.62801932367057
70.70626497268677,0.269902255048172,2.132538329930733,6.466992928887185,370.5314009661826
70.74698972702026,0.2735142933369612,2.13320352989033,6.463620311975119,370.3381642512068
70.80611252784729,0.2774583194284499,2.133909259155735,6.456875078150986,369.9516908212551
70.84689211845398,0.2812408287300431,2.134569642757166,6.455188769694953,369.85507246376716
70.90614223480225,0.28519066494580625,2.1352420931085203,6.448443535870821,369.4685990338155
70.94688749313354,0.28930914020939824,2.1359182665738805,6.44338461050272,369.1787439613517
71.0061674118042,0.29293587474897276,2.136498014937729,6.440011993590654,368.98550724637585
71.04687523841858,0.29623290614858566,2.1370250589048636,6.44338461050272,369.1787439613517
71.1062982082367,0.2993629473489158,2.1375389507385374,6.448443535870821,369.4685990338155
71.14699864387512,0.3029856888752739,2.1381431489006713,6.448443535870821,369.4685990338155
71.2067060470581,0.3072694945501083,2.138842757644886,6.441698302046688,369.0821256038638
71.24691724777222,0.31089720156723233,2.1394163893942144,6.438325685134622,368.88888888888795
71.30619859695435,0.31452682258908904,2.1399777830383018,6.434953068222556,368.69565217391215
71.34691715240479,0.31799280522980955,2.1405048934113453,6.433266759766522,368.5990338164242
71.40615367889404,0.32195643267083984,2.141090600774373,6.426521525942389,368.2125603864725
71.44693875312805,0.325922972429161,2.141656249032611,6.423148909030322,368.01932367149664
71.5061388015747,0.32939493555109933,2.1421424106220512,6.421462600574289,367.9227053140087
71.54695534706116,0.3333642861123638,2.1426879852990495,6.418089983662222,367.7294685990328
71.60640454292297,0.337501385382563,2.143238856137443,6.4130310582941235,367.4396135265691
71.64696907997131,0.34081216893535826,2.1436711796966774,6.4130310582941235,367.4396135265691
71.70615887641907,0.3439570659028981,2.144084538857742,6.414717366750157,367.53623188405703
71.74695873260498,0.348095999517093,2.144621453738671,6.409658441382057,367.2463768115933
71.80623316764832,0.3520723487216739,2.1451134320000036,6.4029132075579245,366.8599033816416
71.84696745872498,0.35605113591424575,2.1455852879977577,6.399540590645858,366.66666666666566
71.90614748001099,0.3595329215866695,2.145995226459544,6.401226899101891,366.7632850241536
71.94698882102966,0.36334630589456174,2.146444206679596,6.399540590645858,366.66666666666566
72.00614380836487,0.36749291117235516,2.1469182464693284,6.394481665277758,366.3768115942019
72.0469434261322,0.37130923718315656,2.1473414945017613,6.392795356821725,366.28019323671396
72.10617113113403,0.3747943554671851,2.1477220619169106,6.391109048365691,366.183574879226
72.14689803123474,0.37861208722428763,2.148132436560973,6.389422739909658,366.0869565217381
72.20625233650208,0.3824311813027709,2.148529933148845,6.384363814541558,365.7971014492743
72.24694585800171,0.38608517786262564,2.1489009058250597,6.384363814541558,365.7971014492743
72.30617427825928,0.3902384997159606,2.149311961337957,6.379304889173459,365.50724637681054
72.346919298172,0.39422794827494934,2.1496830351871767,6.372559655349326,365.12077294685884
72.40617251396179,0.39855246410251743,2.1500558706895636,6.365814421525193,364.73429951690713
72.44673538208008,0.4027126958318967,2.150389818305124,6.360755496157093,364.4444444444434
72.5061821937561,0.4062077585521727,2.150664440941632,6.362441804613127,364.54106280193133
72.54706501960754,0.41020289705072055,2.150968190812105,6.355696570788994,364.1545893719796
72.60626649856567,0.4138660255739295,2.1512342754008777,6.355696570788994,364.1545893719796
72.66648006439209,0.41802942313626434,2.1515261140378317,6.350637645420894,363.8647342995158
72.70619821548462,0.4216938508811853,2.15177366380693,6.350637645420894,363.8647342995158
72.7469334602356,0.4251919117204972,2.1520070119923034,6.348951336964861,363.7681159420279
72.80617761611938,0.42919035731318467,2.152263582545387,6.345578720052795,363.57487922705207
72.8475821018219,0.43302281069167614,2.1524997693768695,6.343892411596761,363.4782608695641
72.90616488456726,0.4370225030846552,2.1527361088952293,6.340519794684695,363.2850241545883
72.94690895080566,0.44052274581749695,2.1529340528830976,6.338833486228662,363.18840579710036
73.00620436668396,0.4438561501902343,2.153125381608448,6.342206103140728,363.3816425120762
73.04673838615417,0.44785623543751896,2.1533549760788686,6.338833486228662,363.18840579710036
73.10616779327393,0.45168983462110746,2.1535717718751055,6.340519794684695,363.2850241545883
73.1469087600708,0.45552343380469595,2.1537885676713424,6.338833486228662,363.18840579710036
73.2065019607544,0.4590236765375375,2.1539865116592107,6.340519794684695,363.2850241545883
73.24700355529785,0.4630241432643436,2.1542093604288097,6.337147177772629,363.09178743961246
73.30622267723083,0.4671922376954759,2.15442392479034,6.33208825240453,362.8019323671487
73.34691262245178,0.4710275285141179,2.1546083901098947,6.330401943948496,362.70531400966075
73.40617990493774,0.47503004518909153,2.1547907520383514,6.32702932703643,362.51207729468496
73.44689297676086,0.47936704886537573,2.154966372557146,6.3202840932122974,362.12560386473325
73.50621557235718,0.48353816872883193,2.1551106228145285,6.315225167844198,361.8357487922695
73.54675102233887,0.48737622126648605,2.155223918162559,6.3101662424760985,361.5458937198057
73.60716485977173,0.49154858710878013,2.1553259589883615,6.305107317107999,361.25603864734194
73.64701676368713,0.4947197114152343,2.1553981626274332,6.3067936255640324,361.3526570048299
73.70623707771301,0.49905938071770706,2.1554859908683293,6.3000483917398995,360.9661835748782
73.74679970741272,0.5032326603566375,2.155538774458268,6.291616849459734,360.4830917874386
73.8062047958374,0.5074062366971297,2.1555563694051925,6.2831853071795685,359.999999999999
73.84699559211731,0.5115798367740507,2.1555458124170244,6.278126381811469,359.7101449275352
73.90618562698364,0.5154194942511099,2.1555231501898295,6.2764400733554355,359.61352657004727
73.94697999954224,0.5199267259829413,2.15547374442183,6.26800853107527,359.13043478260767
74.0061662197113,0.5235990828242887,2.1554180056046834,6.26800853107527,359.13043478260767
74.04693913459778,0.5279388940619779,2.1553374955062354,6.261263297251137,358.74396135265596
74.10614681243896,0.5316106504098873,2.155250795405234,6.257890680339071,358.55072463768016
74.14708304405212,0.5352822553341843,2.15515790371666,6.257890680339071,358.55072463768016
74.20670366287231,0.538453253374328,2.1550803526890503,6.2595769887951045,358.64734299516806
74.24697136878967,0.5421246964343063,2.1549812696770547,6.2528317549709715,358.26086956521635
74.30624771118164,0.5457957844453988,2.1548698048810895,6.2528317549709715,358.26086956521635
74.3467698097229,0.5489663495851997,2.154776213071847,6.254518063427005,358.3574879227043
74.40616703033447,0.553137932226319,2.1546460311975784,6.2494591380589055,358.06763285024056
74.44701147079468,0.5568084093712586,2.1545159961469027,6.2460865211468395,357.8743961352647
74.50627541542053,0.5604786620183467,2.1543797717274,6.2460865211468395,357.8743961352647
74.54704332351685,0.5641486797307227,2.1542373583264416,6.242713904234773,357.68115942028885
74.60633754730225,0.5681517886780736,2.1540684963649643,6.2393412873227065,357.487922705313
74.6470251083374,0.5721539921438815,2.1538793852212774,6.232596053498574,357.1014492753613
74.706209897995,0.5759886390205232,2.15368198600867,6.23090974504254,357.0048309178734
74.74681639671326,0.5798229475691921,2.1534781206823386,6.229223436586507,356.90821256038544
74.80615901947021,0.583990294653236,2.153249500181973,6.227537128130473,356.8115942028975
74.84699749946594,0.5883232947456298,2.15299346570375,6.220791894306341,356.42512077294583
74.90618324279785,0.5921553443914087,2.1527508165126057,6.219105585850308,356.3285024154579
74.94679546356201,0.5956537937539476,2.152523367465788,6.217419277394274,356.23188405797
75.00614595413208,0.5993186337337909,2.1522819974012246,6.217419277394274,356.23188405797
75.0469160079956,0.6028166945731028,2.152048649215851,6.215732968938241,356.135265700482
75.10619115829468,0.6066474676437755,2.1517866171592526,6.214046660482207,356.03864734299407
75.14693689346313,0.6109766195348403,2.151472153554339,6.207301426658075,355.6521739130424
75.20633578300476,0.6148050471315702,2.151177831869319,6.205615118202042,355.55555555555446
75.24698972702026,0.6189652788609499,2.1508438842537583,6.200556192833942,355.2657004830907
75.30623507499695,0.6224589075677334,2.150551583945374,6.19886988437791,355.1690821256028
75.34701585769653,0.6261186400551814,2.1502422787461866,6.19886988437791,355.1690821256028
75.40619349479675,0.6301105008190903,2.1498981228978296,6.195497267465843,354.97584541062696
75.44667053222656,0.6341011781765866,2.1495405060151787,6.192124650553776,354.78260869565105
75.50619697570801,0.6379240985172072,2.1491816701377267,6.187065725185676,354.4927536231873
75.54670524597168,0.6415799250343729,2.1488291874256467,6.187065725185676,354.4927536231873
75.60625457763672,0.6457332468877083,2.1484181319127487,6.182006799817577,354.20289855072355
75.64685344696045,0.6497187368409514,2.1480067131006004,6.17863418290551,354.00966183574764
75.70623707771301,0.653702816572236,2.1475818551229637,6.175261565993443,353.8164251207718
75.74691009521484,0.657354227728842,2.147186244011718,6.175261565993443,353.8164251207718
75.80634307861328,0.6613368519211168,2.1467479517011543,6.171888949081376,353.62318840579593
75.84671235084534,0.6656489042009855,2.1462513144186204,6.165143715257244,353.2367149758442
75.90625977516174,0.6692953912219757,2.145812630031299,6.161771098345177,353.04347826086837
75.94708824157715,0.673602197973222,2.145272390212198,6.155025864521045,352.6570048309167
76.00618004798889,0.6770796578049926,2.144827245146443,6.156712172977079,352.7536231884047
76.04665398597717,0.6813836764236263,2.1442652245194376,6.149966939152947,352.367149758453
76.10614657402039,0.6851889477178887,2.1437520057602923,6.148280630696913,352.27053140096507
76.1468415260315,0.6891582982791533,2.143206431083294,6.144908013784846,352.07729468598916
76.20622825622559,0.693125786254767,2.1426474724356703,6.141535396872779,351.8840579710133
76.24673318862915,0.6972560948843212,2.1420478061312083,6.13647647150468,351.59420289854955
76.30619049072266,0.7010540965669412,2.1414833007401866,6.134790163048647,351.49758454106166
76.3468406200409,0.7050157261029506,2.1408842289366348,6.13141754613658,351.30434782608575
76.40621089935303,0.7083162375062212,2.1403794360383,6.13141754613658,351.30434782608575
76.44686031341553,0.712439179992149,2.1397310578232074,6.122986003856415,350.8212560386462
76.50627255439758,0.7163934621535344,2.13908526513624,6.119613386944348,350.6280193236703
76.54691791534424,0.7200162036798929,2.1384810669741063,6.116240770032281,350.43478260869443
76.60646486282349,0.7236379211913858,2.1378707606142577,6.116240770032281,350.43478260869443
76.64701700210571,0.727422636197519,2.1372231376992614,6.1111818446641815,350.1449275362306
76.7061550617218,0.7312040265111497,2.1365563765623787,6.106122919296082,349.8550724637669
76.74672245979309,0.73531051438642,2.1358108523291497,6.1010639939279825,349.5652173913031
76.80639624595642,0.7392484499709099,2.135071894320328,6.0943187601038495,349.1787439613514
76.84663701057434,0.7430192859044897,2.1343478228599744,6.092632451647816,349.08212560386346
76.90621399879456,0.7471153429444959,2.133546969704214,6.087573526279717,348.7922705313997
76.94666528701782,0.7512059049024554,2.132718506114084,6.07914198399955,348.30917874396005
77.00613451004028,0.7543125908051607,2.1320783925035354,6.080828292455584,348.405797101448
77.04666638374329,0.7582361424901966,2.1312665194954574,6.077455675543517,348.2125603864721
77.10621070861816,0.7621555367807111,2.1304348080058917,6.070710441719385,347.82608695652044
77.1466953754425,0.7659068532895782,2.129615596453253,6.065651516351285,347.5362318840567
77.20632457733154,0.7694917337527791,2.128816882705726,6.062278899439219,347.34299516908084
77.24669122695923,0.7730752622418252,2.1280121248824506,6.062278899439219,347.34299516908084
77.30618834495544,0.7764952541640098,2.1272410631058483,6.060592590983186,347.24637681159294
77.34677004814148,0.7797517690045939,2.12650397255077,6.060592590983186,347.24637681159294
77.40619611740112,0.7831704558167952,2.1257271447119126,6.058906282527152,347.149758454105
77.44677591323853,0.7867512497906584,2.124910305619635,6.058906282527152,347.149758454105
77.50618720054626,0.7909781594226357,2.123923554172803,6.048788431790953,346.5700483091775
77.54676747322083,0.7951965990701199,2.122901198855285,6.042043197966821,346.1835748792258
77.60625410079956,0.7992469184802741,2.121894242188986,6.036984272598722,345.893719806762
77.64680814743042,0.803290353643038,2.1208599882856336,6.028552730318555,345.41062801932236
77.70631718635559,0.80748724296391,2.1197524850201406,6.021807496494423,345.0241545893707
77.74672722816467,0.8111940288419732,2.1187508755294377,6.016748571126324,344.73429951690696
77.80621480941772,0.8148974155998521,2.117736770190114,6.015062262670291,344.63768115941906
77.84662222862244,0.8185973611132472,2.1167101805371447,6.010003337302192,344.3478260869553
77.90619659423828,0.82261334453647,2.1155739912058817,6.004944411934092,344.05797101449156
77.94682621955872,0.826623528697307,2.11441749993992,5.999885486565993,343.76811594202775
78.00625514984131,0.8307869488940319,2.113190154951652,5.99314025274186,343.38164251207604
78.04687976837158,0.8346243254171001,2.112037793451688,5.989767635829793,343.1884057971002
78.10619711875916,0.8386164966096342,2.1108205760423586,5.984708710461693,342.89855072463644
78.1467752456665,0.8427608109008203,2.1095301875308654,5.9779634766375604,342.51207729468473
78.20629668235779,0.8465802570311148,2.108319721974076,5.9745908597254935,342.3188405797088
78.24682760238647,0.8503955990103302,2.107096381797334,5.971218242813427,342.12560386473297
78.30622220039368,0.8545198528356038,2.105743246977946,5.961100392077228,341.5458937198054
78.34650731086731,0.858475494246693,2.1044121008255825,5.956041466709128,341.25603864734165
78.40620636940002,0.8621105333653354,2.1031751797595417,5.954355158253096,341.15942028985376
78.44683313369751,0.8663703528760931,2.101701573112532,5.94592361597293,340.67632850241415
78.50622367858887,0.8703053370039484,2.1003105486822644,5.940864690604831,340.3864734299504
78.5467004776001,0.8743891109341568,2.0988397550387936,5.934119456780698,339.9999999999987
78.60651564598083,0.8783074014259451,2.0974023794184222,5.929060531412598,339.71014492753494
78.64666867256165,0.88175228653793,2.096128771099059,5.929060531412598,339.71014492753494
78.70618224143982,0.8855079947399578,2.094733044941242,5.925687914500532,339.5169082125591
78.74680638313293,0.8895689773131986,2.0932004445384758,5.9189426806764,339.13043478260744
78.806143283844,0.8936195298334485,2.091640486931545,5.912197446852268,338.7439613526558
78.8466625213623,0.8978106675371046,2.0899815886334765,5.900393287660036,338.06763285024033
78.90618991851807,0.9018315886129482,2.088346768411996,5.8936480538359035,337.6811594202887
78.9470145702362,0.9056885138624841,2.086752034367847,5.888589128467804,337.39130434782487
79.00621318817139,0.9096898575776818,2.085069865551238,5.881843894643671,337.00483091787316
79.04669642448425,0.9132232029785515,2.0835668840490795,5.880157586187638,336.90821256038527
79.1064863204956,0.9172102213555685,2.0818510379265924,5.873412352363506,336.5217391304336
79.14677882194519,0.9208824863315751,2.0802485818266048,5.870039735451439,336.3285024154577
79.20632934570312,0.9245493259621318,2.078633749720728,5.866667118539372,336.13526570048185
79.24671411514282,0.9276027520564939,2.0772829053627073,5.866667118539372,336.13526570048185
79.30629229545593,0.9311102513888364,2.0757205572736783,5.861608193171272,335.84541062801804
79.34673118591309,0.9344589208228379,2.0742120067747845,5.858235576259206,335.65217391304225
79.40620589256287,0.9371987412688387,2.0729777381847803,5.861608193171273,335.8454106280181
79.44677710533142,0.9405499498218994,2.0714748367176767,5.861608193171273,335.8454106280181
79.50637483596802,0.9437476199978053,2.0700375523139254,5.85992188471524,335.7487922705302
79.5465190410614,0.9470937407903519,2.0685233570730093,5.856549267803173,335.5555555555543
79.60740423202515,0.9507384625774077,2.066859206027775,5.853176650891106,335.36231884057844
79.64706182479858,0.9542245665778711,2.0652496837335437,5.848117725523006,335.07246376811463
79.70631170272827,0.9578551276187602,2.063554861579224,5.84474510861094,334.87922705313883
79.74675297737122,0.9613302957919382,2.0619218614917143,5.843058800154907,334.7826086956509
79.80634641647339,0.9649522364327302,2.0602086943659,5.83968618324284,334.589371980675
79.84675812721252,0.9687175345117159,2.0584082556892263,5.8346272578747405,334.2995169082113
79.90635085105896,0.9723219564898973,2.056658530622367,5.8278820240506075,333.91304347825957
79.94675898551941,0.9757690944556069,2.0549671634348408,5.826195715594574,333.8164251207716
80.00631403923035,0.9796545066472891,2.053032217555636,5.816077864858375,333.23671497584405
80.04686546325684,0.9833762540942795,2.051143396496643,5.811018939490276,332.9468599033803
80.10643029212952,0.98723521019994,2.0491562122502,5.804273705666143,332.5603864734286
80.14660716056824,0.9910772743086003,2.0471365620726516,5.794155854929944,331.98067632850103
80.20634460449219,0.9947567240653263,2.045166613205345,5.789096929561844,331.6908212560373
80.2467954158783,0.9984261609567884,2.043178075563848,5.784038004193745,331.40096618357353
80.3062903881073,1.0022301029591865,2.041087508966698,5.777292770369613,331.0144927536219
80.34656119346619,1.0061637626614564,2.038886622744951,5.768861228089447,330.5314009661823
80.40623641014099,1.0092145767791618,2.0371593664726064,5.767174919633414,330.4347826086943
80.44668674468994,1.012839542736589,2.03509087164313,5.762115994265314,330.14492753623057
80.50625848770142,1.0165967449857471,2.032917423987067,5.755370760441181,329.75845410627886
80.54669785499573,1.020197042122811,2.030806284584535,5.750311835073082,329.4685990338151
80.60642433166504,1.0233605942303492,2.0289404738629404,5.750311835073082,329.4685990338151
80.64666366577148,1.0272334474603568,2.0266342677418048,5.741880292792915,328.98550724637545
80.70625495910645,1.0306638247426663,2.024564024445135,5.738507675880848,328.7922705313996
80.74686002731323,1.0345091859656659,2.022212264279006,5.730076133600683,328.30917874396
80.80628705024719,1.0379148873455646,2.0201016734334494,5.726703516688616,328.1159420289841
80.84663963317871,1.0414531929435078,2.0178882049905664,5.7216445913205165,327.8260869565203
80.90623569488525,1.0445586625252992,2.015927243424779,5.7182719744084505,327.6328502415445
80.9467260837555,1.0478000937928416,2.0138689415869835,5.716585665952417,327.5362318840566
81.00622773170471,1.0513158231213517,2.0116197870034274,5.7115267405843175,327.24637681159277
81.0468099117279,1.054126888477237,2.009818092534803,5.714899357496384,327.4396135265686
81.10618710517883,1.0573613594594664,2.0077488703179323,5.71321304904035,327.34299516908067
81.14671421051025,1.0610117895517162,2.005400508421563,5.709840432128283,327.1497584541048
81.20627975463867,1.0640972598020952,2.0034082270860196,5.709840432128283,327.1497584541048
81.24674129486084,1.0681488998604562,2.000758078931301,5.698036272936051,326.47342995168935
81.30627202987671,1.0716223063004309,1.9984441003759077,5.692977347567951,326.18357487922555
81.34680461883545,1.0749473818834256,1.9962086433815185,5.689604730655885,325.99033816424975
81.4062271118164,1.0784011546834706,1.993865461250794,5.684545805287786,325.700483091786
81.44688034057617,1.0817072639490086,1.9916020485330792,5.68117318837572,325.50724637681014
81.50620317459106,1.0852764319023116,1.9891319304031427,5.674427954551588,325.1207729468585
81.54666113853455,1.0885594714632936,1.9868351833889026,5.671055337639521,324.9275362318826
81.60636448860168,1.0921034648685528,1.9843290799995343,5.664310103815389,324.54106280193093
81.64668273925781,1.095630473526331,1.9817991287386034,5.657564869991257,324.1545893719793
81.70628619194031,1.098874317906303,1.9794473487223359,5.65419225307919,323.96135265700343
81.74694442749023,1.1019734730476747,1.9771804741057357,5.64913332771109,323.6714975845397
81.80636858940125,1.1053296117247986,1.974699469826822,5.644074402342991,323.38164251207587
81.84665966033936,1.108277481783547,1.9725087225336226,5.644074402342991,323.38164251207587
81.90634036064148,1.1117525764952547,1.9699079226183298,5.637329168518859,322.9951690821242
81.94681215286255,1.1153407300392635,1.9671797853492472,5.628897626238693,322.5120772946846
82.00628161430359,1.1187759542987554,1.9645265462454868,5.622152392414561,322.12560386473297
82.04680228233337,1.1219344999786194,1.9620613921337515,5.618779775502494,321.9323671497571
82.1063244342804,1.125604873310624,1.9591667738973286,5.612034541678362,321.54589371980546
82.14678144454956,1.1287383156844903,1.956669788816065,5.608661924766295,321.35265700482955
82.20639157295227,1.1318590859544861,1.9541569839035606,5.601916690942163,320.9661835748779
82.24709868431091,1.1347120072794605,1.9518439444530904,5.601916690942163,320.9661835748779
82.30633616447449,1.1376925668898692,1.9494232529141953,5.60023038248613,320.86956521738995
82.34654688835144,1.1407920396614997,1.9468842247252391,5.593485148661998,320.4830917874383
82.40619230270386,1.144004991044793,1.9442203943138452,5.588426223293898,320.19323671497455
82.44670462608337,1.1472044252523195,1.9415403439777905,5.583367297925799,319.9033816425108
82.50631141662598,1.1502650082899266,1.9389545699976636,5.579994681013732,319.7101449275349
82.54683375358582,1.1530665417091848,1.936579549558445,5.579994681013732,319.7101449275349
82.6068024635315,1.1559933229841173,1.9340941050335398,5.578308372557698,319.613526570047
82.6468858718872,1.1592899842032038,1.9312705490731774,5.571563138733566,319.22705314009534
82.7062418460846,1.162443771746606,1.9285369300098922,5.566504213365467,318.9371980676315
82.74660444259644,1.1655836898172462,1.9257873912191599,5.561445287997367,318.6473429951678
82.8063611984253,1.1689496436115427,1.9227894029154797,5.549641128805135,317.9710144927523
82.84676623344421,1.172042751745818,1.9199873088553603,5.544582203437035,317.6811594202885
82.90630674362183,1.175121644775384,1.9171696029153154,5.539523278068936,317.39130434782476
82.9467658996582,1.1779410759729227,1.9145630168645542,5.534464352700836,317.101449275361
83.00635981559753,1.1812301281163533,1.9114808561269978,5.52603281042067,316.61835748792134
83.0465362071991,1.184137509276259,1.9087239501805753,5.522660193508603,316.4251207729455
83.10629439353943,1.1864373449832113,1.9065394597472005,5.5243465019646365,316.5217391304334
83.14655423164368,1.1892213566284693,1.9038950765910099,5.522660193508603,316.4251207729455
83.20653796195984,1.1924737981581994,1.9007743069888081,5.5142286512284375,315.9420289855059
83.24659013748169,1.195582884420343,1.8977454415132091,5.5074834174043055,315.55555555555424
83.30655288696289,1.198083733767476,1.8952884853568865,5.505797108948272,315.4589371980663
83.34660649299622,1.2010510537293317,1.8923535132452562,5.5007381835801725,315.16908212560253
83.40659880638123,1.2040034879788273,1.8894035673043141,5.495679258212073,314.8792270531388
83.44664645195007,1.2069359571391334,1.886433773763354,5.4872477159319075,314.3961352656992
83.50652503967285,1.2098483277887482,1.8834442677420624,5.482188790563808,314.10628019323536
83.54652333259583,1.212632079852806,1.8805625807270925,5.478816173651742,313.91304347825957
83.60628914833069,1.2152881762312646,1.8777897419027076,5.4737572482836425,313.6231884057958
83.64663982391357,1.2180475325681592,1.8748846862728734,5.4703846313715765,313.42995169081996
83.7063045501709,1.2206848652186737,1.8720939946725332,5.468698322915543,313.333333333332
83.74677085876465,1.2236528718548392,1.868926759275156,5.461953089091411,312.94685990338036
83.80630373954773,1.2262618341941307,1.8661095268335854,5.4568941637233115,312.6570048309166
83.84663558006287,1.2288612802677912,1.8632835114005408,5.455207855267279,312.5603864734287
83.90629720687866,1.2318959819761608,1.8599506201098501,5.446776312987113,312.0772946859891
83.94667220115662,1.2346850113385117,1.8568457265097376,5.441717387619014,311.78743961352535
84.00628781318665,1.237458297653507,1.853726763209675,5.436658462250914,311.4975845410616
84.04670190811157,1.240430657721649,1.8503381566465502,5.428226919970749,311.014492753622
84.1066153049469,1.2432680865189634,1.8470534281532198,5.421481686146617,310.62801932367034
84.14665794372559,1.2461886781262344,1.8436201027276478,5.413050143866451,310.14492753623074
84.20636534690857,1.248866029893493,1.8404184099618703,5.404618601586286,309.66183574879113
84.24670553207397,1.2514233070884313,1.8373339766339087,5.404618601586286,309.66183574879113
84.3063416481018,1.2540735688005018,1.8341098237359204,5.39618705930612,309.17874396135153
84.34669876098633,1.25659950779761,1.8309996745772334,5.392814442394053,308.9855072463757
84.40629315376282,1.2592170129148013,1.8277488722126547,5.387755517025954,308.6956521739119
84.44673705101013,1.2620201726958324,1.8242190175334434,5.3793239747457875,308.21256038647226
84.50631546974182,1.2645935861192696,1.8209332006785122,5.374265049377688,307.9227053140085
84.54674005508423,1.2669458033521592,1.8178983106958315,5.3692061240095885,307.6328502415447
84.60634064674377,1.2695845368019134,1.8144519315472358,5.3624608901854565,307.24637681159305
84.6467113494873,1.2722058015850135,1.8109922474010167,5.3590882732733895,307.0531400966172
84.70628690719604,1.2745168639346678,1.8079259020301086,5.357401964817356,306.95652173912924
84.74676084518433,1.2771088654167466,1.8044442398162193,5.347284114081157,306.37681159420174
84.8063063621521,1.279575698977921,1.8010776716476626,5.342225188713058,306.08695652173793
84.84658789634705,1.2822152938498768,1.7974238903561393,5.333793646432891,305.6038647342983
84.90633869171143,1.284830183251414,1.7937523876348993,5.328734721064792,305.3140096618345
84.9466769695282,1.2869482030994772,1.790751837100558,5.325362104152726,305.1207729468587
85.00632190704346,1.2892477174056869,1.7874707352182737,5.321989487240659,304.9275362318828
85.04676842689514,1.2916286148413856,1.7840428530072345,5.316930561872559,304.63768115941906
85.10633850097656,1.2939863364223387,1.7805989891889658,5.308499019592393,304.1545893719794
85.1466178894043,1.2963207748769139,1.777139300452406,5.303440094224293,303.86473429951565
85.20633125305176,1.2985478140742375,1.773808581007605,5.300067477312227,303.67149758453985
85.24668502807617,1.301031074219499,1.7700467997984841,5.291635935032062,303.18840579710024
85.30644154548645,1.3033068425085081,1.7665482389876912,5.286577009663962,302.8985507246365
85.34672546386719,1.3055648827934787,1.763038210052835,5.281518084295863,302.6086956521727
85.40629363059998,1.3078916587840306,1.7593739834025697,5.274772850471731,302.22222222222103
85.44655013084412,1.310193665964629,1.755694145580709,5.268027616647599,301.8357487922694
85.50634455680847,1.3123862126150116,1.75214283761913,5.262968691279499,301.54589371980563
85.54654049873352,1.314554755166207,1.748576821318588,5.254537148999333,301.06280193236597
85.60633897781372,1.316781832028016,1.7448511573366485,5.247791915175201,300.6763285024143
85.64717531204224,1.3188143513331414,1.7413982946285922,5.241046681351069,300.2898550724627
85.70622658729553,1.3209102939915427,1.7377891294308259,5.235987755982969,299.9999999999989
85.74655818939209,1.322821738816581,1.7344589850197663,5.23092883061487,299.7101449275351
85.80618977546692,1.3248749332830885,1.73082533100008,5.222497288334704,299.2270531400955
85.84655666351318,1.3269815178041413,1.7270302361250627,5.215752054510572,298.84057971014386
85.90631198883057,1.3289793307779205,1.7233658408988521,5.207320512230407,298.3574879227043
85.94673109054565,1.3308764354985891,1.719836763216906,5.20394789531834,298.1642512077284
86.00633382797241,1.3329057975625256,1.7159998200236621,5.193830044582141,297.5845410628009
86.04669213294983,1.3349761667095623,1.711995928115863,5.185398502301975,297.1014492753613
86.10617780685425,1.3368681251038887,1.7082757745590578,5.180339576933876,296.8115942028975
86.14666938781738,1.338663295273561,1.7046937695802344,5.173594343109743,296.42512077294583
86.20660138130188,1.3403691797327117,1.7012537926428548,5.171908034653709,296.3285024154579
86.24662470817566,1.3421401477861266,1.6976597604003483,5.1685354177416425,296.13526570048197
86.30623269081116,1.3439627780641055,1.693905154173076,5.160103875461477,295.6521739130424
86.34659910202026,1.3455527493637334,1.690594368337011,5.160103875461477,295.6521739130424
86.40631484985352,1.3471427206633606,1.687283582500946,5.160103875461477,295.6521739130424
86.44674515724182,1.34900857079579,1.6833645205292442,5.153358641637345,295.2657004830907
86.50632786750793,1.3508545708947142,1.6794360695508692,5.149986024725278,295.07246376811486
86.54669117927551,1.3524787754592704,1.6759567818866838,5.1482997162692445,294.9758454106269
86.60634136199951,1.3541644088328206,1.672321945475459,5.144927099357178,294.78260869565105
86.64663004875183,1.3560365787587092,1.6682216334650213,5.136495557077012,294.29951690821144
86.70631003379822,1.3576791895058538,1.6645671532639859,5.133122940164945,294.1062801932356
86.74678874015808,1.359502829389182,1.660445028036597,5.12469139788478,293.623188405796
86.80633759498596,1.3612287550259754,1.656462362578517,5.117946164060648,293.23671497584434
86.84661412239075,1.3629277775936326,1.6524681460384039,5.111200930236516,292.8502415458927
86.90631818771362,1.3645998197900135,1.6484625601451484,5.1044556964123835,292.463768115941
86.9467203617096,1.3663045565973473,1.6442898570366034,5.096024154132218,291.98067632850143
87.00618386268616,1.3679156166863444,1.640259357210978,5.089278920308086,291.5942028985498
87.04664659500122,1.3694418126826269,1.6363748012732924,5.084219994939986,291.304347826086
87.10629534721375,1.371005184975142,1.6323255654775255,5.0774747611158535,290.91787439613427
87.14660024642944,1.3724854217921565,1.6284232651280357,5.072415835747754,290.6280193236705
87.2063479423523,1.37389064339854,1.6246710993743219,5.069043218835688,290.43478260869466
87.24651265144348,1.3755005040933566,1.6202826140235191,5.058925368099489,289.85507246376716
87.3063178062439,1.3768015907779652,1.6166700447775655,5.0572390596434555,289.7584541062792
87.34662389755249,1.3781959325118982,1.6127362348964085,5.04880751736329,289.2753623188396
87.40628266334534,1.3795637082596899,1.6087931094157994,5.0437485919951905,288.98550724637585
87.44653391838074,1.380867193757958,1.6050043997195838,5.0437485919951905,288.98550724637585
87.50630116462708,1.3819587542372243,1.6018489778597633,5.047121208907257,289.1787439613517
87.54671335220337,1.383217107925192,1.598221302417603,5.045434900451223,289.08212560386374
87.60630321502686,1.3845715772676062,1.5942735863877275,5.040375975083124,288.7922705314
87.64656376838684,1.3858993877314227,1.5903168240213155,5.031944432802957,288.30917874396033
87.70632696151733,1.3872490446881947,1.5861914307608176,5.025199198978825,287.9227053140087
87.74674010276794,1.3882818895770896,1.583016305120971,5.028571815890892,288.11594202898453
87.80633783340454,1.3896176255132993,1.5788863834554374,5.02182658206676,287.7294685990329
87.84656620025635,1.3908313110215949,1.5750679592918135,5.018453965154693,287.53623188405703
87.9065752029419,1.3920256639586923,1.57124344407181,5.011708731330561,287.1497584541054
87.94661784172058,1.3932915700643946,1.567091586031574,5.004963497506429,286.76328502415373
88.00641202926636,1.39444069565489,1.563253239254163,5.001590880594362,286.5700483091778
88.04666566848755,1.3956140826124392,1.5592479662172867,4.993159338314197,286.0869565217382
88.10628390312195,1.3968448236344728,1.5549117402832486,4.984727796034031,285.6038647342986
88.14669394493103,1.3978682932982027,1.5512109305117119,4.979668870665932,285.31400966183486
88.20634937286377,1.3988730278246937,1.547504990462419,4.974609945297832,285.0241545893711
88.24655079841614,1.3999051345195528,1.543633537069077,4.971237328385765,284.8309178743952
88.30634713172913,1.4008452465549532,1.540083114425669,4.971237328385765,284.8309178743952
88.34660053253174,1.4018577547323863,1.5362064892442744,4.964492094561633,284.44444444444355
88.40630507469177,1.4027738971318717,1.5326498061420297,4.964492094561633,284.44444444444355
88.446528673172,1.4038798418500789,1.5282800847442046,4.956060552281468,283.961352657004
88.50631141662598,1.404833401008116,1.5243885399945563,4.9493153184573355,283.5748792270523
88.54657936096191,1.4057672610136094,1.5204922210783824,4.945942701545269,283.38164251207644
88.60633730888367,1.406757576046001,1.5162661449324353,4.9391974677211365,282.9951690821248
88.64664077758789,1.4075430488312155,1.5128494340118521,4.937511159265103,282.89855072463683
88.70627021789551,1.408490555096212,1.508613554488953,4.927393308528904,282.31884057970933
88.74658107757568,1.409433664659291,1.5042058200180064,4.918961766248739,281.8357487922697
88.80628657341003,1.4102422292199845,1.5002815851935365,4.9122165324246065,281.4492753623181
88.84652876853943,1.4110603432469904,1.4961889407561473,4.907157607056507,281.15942028985427
88.90626692771912,1.4118225302595437,1.492255435123218,4.900412373232374,280.77294685990256
88.94654560089111,1.4125370612249184,1.4884827797430913,4.898726064776341,280.67632850241466
89.00632953643799,1.4132113955628036,1.484872435606215,4.895353447864274,280.48309178743875
89.04668164253235,1.413986740765362,1.4806016882159336,4.888608214040142,280.0966183574871
89.10634446144104,1.4147332613582837,1.476325808135872,4.88186298021601,279.71014492753545
89.14665055274963,1.4154198501788902,1.472209056401374,4.873431437935844,279.22705314009585
89.20651149749756,1.4161013932152975,1.4679223394123193,4.866686204111712,278.8405797101442
89.24652338027954,1.4167540060581134,1.463631122809523,4.85994097028758,278.45410628019255
89.30636620521545,1.4173571546361925,1.4595013212592254,4.8548820449194805,278.1642512077288
89.34664130210876,1.4179590689850234,1.4552027002511119,4.8481368110953476,277.7777777777771
89.40631699562073,1.4185134278399352,1.4510660669204847,4.843077885727248,277.48792270531334
89.44661545753479,1.4190288661256274,1.4470926906508577,4.839705268815182,277.2946859903375
89.50626730918884,1.419565474450806,1.4427854299250513,4.83296003499105,276.90821256038583
89.54652810096741,1.4199900876378106,1.4393054033946113,4.834646343447083,277.0048309178738
89.60632348060608,1.4205209256352838,1.4348292678029675,4.826214801166918,276.5217391304342
89.64650869369507,1.4210140044846682,1.4303488155866584,4.817783258886752,276.0386473429946
89.7062714099884,1.4214425657473226,1.4261972635520301,4.812724333518653,275.7487922705308
89.7466459274292,1.4218371790397044,1.4222100745728283,4.809351716606587,275.555555555555
89.80613088607788,1.4221865792012733,1.4185539521578887,4.80597909969452,275.3623188405791
89.84658598899841,1.422588898194256,1.4140644401307054,4.7975475574143545,274.8792270531395
89.90631294250488,1.4229434992684777,1.4097383909478034,4.790802323590222,274.49275362318787
89.9467523097992,1.4232528871913481,1.4055762607041353,4.782370781310057,274.00966183574826
90.0063087940216,1.4235097051918677,1.4019124708492807,4.782370781310057,274.00966183574826
90.04687190055847,1.4237910117476607,1.3977483484118705,4.777311855941957,273.7198067632845
90.10621213912964,1.424064481128675,1.3932491492262389,4.768880313661791,273.23671497584485
90.14658689498901,1.4243000060504665,1.3887478042244026,4.7604487713816255,272.75362318840524
90.20632672309875,1.4244899663926087,1.384578516021305,4.755389846013526,272.4637681159415
90.24647617340088,1.424662203531898,1.3805755508735373,4.755389846013526,272.4637681159415
90.30626130104065,1.424831069415354,1.3764053550309565,4.7503309206454265,272.17391304347774
90.3465723991394,1.4249695496624417,1.3724010799620383,4.7435856868212944,271.7874396135261
90.40625977516174,1.4250736951618561,1.3690638138491429,4.7435856868212944,271.7874396135261
90.44654893875122,1.4251837543997745,1.3652256671503018,4.738526761453195,271.4975845410623
90.5062186717987,1.4252749589964964,1.3612200364474125,4.731781527629062,271.1111111111106
90.54656314849854,1.4253458983257916,1.3572139956066382,4.728408910716995,270.9178743961347
90.60627102851868,1.4253976964317931,1.3533746206478863,4.723349985348896,270.62801932367097
90.64696049690247,1.425425848216784,1.3492011021647503,4.714918443068729,270.1449275362313
90.7062463760376,1.4254317601336606,1.345695271869316,4.713232134612696,270.04830917874335
90.74655103683472,1.4254165580833074,1.34118779500171,4.70480059233253,269.56521739130375
90.80626487731934,1.4253557516110447,1.3366807026588272,4.692996433140298,268.8888888888883
90.84648513793945,1.4252642649441278,1.3325080920561168,4.687937507772198,268.59903381642454
90.90629959106445,1.4251446353376953,1.3283361934704199,4.679505965492032,268.1159420289849
90.94652056694031,1.4249673202980109,1.3236651106722215,4.669388114755833,267.5362318840573
91.00636124610901,1.4247773599558686,1.3194958224691238,4.664329189387733,267.24637681159356
91.04654359817505,1.4245342447164078,1.3149948810348588,4.652525030195502,266.57004830917816
91.10635375976562,1.4242599456307663,1.3106629988265874,4.64577979637137,266.1835748792265
91.14674544334412,1.4240093062722807,1.3069987811068133,4.642407179459303,265.9903381642506
91.20636057853699,1.4237069374214024,1.3028361350577125,4.637348254091203,265.70048309178685
91.24664616584778,1.4233329160919745,1.2981766755208073,4.6272304033550045,265.1207729468593
91.30648064613342,1.4228926648155122,1.2933553425912074,4.615426244162773,264.4444444444439
91.3467607498169,1.4225309359641622,1.2897004193602724,4.612053627250706,264.25120772946804
91.40643501281738,1.4221228776805614,1.2857145839342197,4.608681010338639,264.0579710144921
91.44655418395996,1.4217157221186594,1.281896507525072,4.60362208497054,263.7681159420284
91.5062985420227,1.4212521725175535,1.2777487164479577,4.59856315960244,263.4782608695646
91.54664301872253,1.4208064077278153,1.2739349549360242,4.593504234234341,263.1884057971008
91.60682559013367,1.4202939303722604,1.269792924514586,4.585072691954174,262.7053140096612
91.64656567573547,1.4198458534301215,1.266315841244794,4.583386383498141,262.60869565217325
91.70653676986694,1.4193237155424616,1.2623433398121116,4.580013766586074,262.4154589371974
91.74640035629272,1.4187554085872551,1.2582085996441277,4.571582224305908,261.9323671497578
91.80636477470398,1.4182133290064434,1.2544073323757363,4.569895915849875,261.83574879226984
91.84653735160828,1.4176584323146106,1.2506079149494629,4.564836990481775,261.5458937198061
91.90629696846008,1.417118470636242,1.2469750437747829,4.564836990481775,261.5458937198061
91.94649052619934,1.4165227393099302,1.2430129105370884,4.561464373569709,261.35265700483023
92.0067548751831,1.4159136486394686,1.2390528090028412,4.558091756657642,261.1594202898544
92.04662299156189,1.4152321056030612,1.2347660920137864,4.55134652283351,260.77294685990273
92.10637736320496,1.4145216633819115,1.2304840696755526,4.544601289009378,260.3864734299511
92.14641332626343,1.413782354299725,1.226206936811621,4.537856055185246,259.9999999999994
92.20634818077087,1.4130142119935911,1.2219348880230125,4.531110821361114,259.6135265700477
92.24660778045654,1.4122172714124537,1.2176681176794317,4.524365587536982,259.2270531400961
92.30626559257507,1.4113915688155207,1.2134068199104249,4.51762035371285,258.8405797101444
92.34648108482361,1.4105005533483568,1.2089882601618624,4.509188811432685,258.3574879227048
92.40624785423279,1.409572314720633,1.2045773700176463,4.500757269152519,257.8743961352653
92.44643998146057,1.408614344949631,1.2001728413558952,4.49569834378442,257.58454106280146
92.50625777244568,1.4076668386846345,1.195936961832996,4.488953109960287,257.19806763284976
92.54645800590515,1.40656623130163,1.1912223318588677,4.477148950768054,256.5217391304343
92.60632228851318,1.405533208880423,1.187006491713415,4.467031100031855,255.94202898550677
92.64656734466553,1.4044646775649803,1.182799511290042,4.460285866207723,255.55555555555512
92.70639300346375,1.4033677937060944,1.178599834010198,4.453540632383591,255.16908212560344
92.74668383598328,1.4023356870112353,1.1747283806168558,4.450168015471524,254.97584541062758
92.80625319480896,1.4012905292818068,1.1708604301353982,4.446795398559457,254.7826086956517
92.84663534164429,1.4002323324059907,1.1669960265619594,4.44342278164739,254.58937198067582
92.90631103515625,1.3990647883436138,1.1628154423543235,4.436677547823258,254.20289855072417
92.94643664360046,1.397819429919938,1.1584833918916768,4.428246005543093,253.71980676328457
93.00634789466858,1.3966832561135414,1.1546411913909154,4.421500771718961,253.33333333333292
93.04651141166687,1.395572709873735,1.1509655730528765,4.416441846350861,253.04347826086914
93.10633492469788,1.394345398321101,1.1469764935343851,4.411382920982762,252.75362318840538
93.14659857749939,1.393044531060503,1.1428354564873366,4.40463768715863,252.3671497584537
93.20631790161133,1.3917702183763971,1.138861141925654,4.39957876179053,252.07729468598995
93.2466561794281,1.390420561419625,1.1347357486651564,4.392833527966397,251.69082125603825
93.30624747276306,1.3890431086350554,1.1306195529359657,4.386088294142265,251.3043478260866
93.34638404846191,1.3877524083922301,1.1268264686382519,4.382715677230198,251.11111111111072
93.40622806549072,1.3863912839118564,1.1228810422733322,4.377656751862099,250.82125603864694
93.44662261009216,1.3848925612831293,1.1186299942500229,4.369225209581932,250.3381642512073
93.50618362426758,1.3834783366259462,1.1147032885478991,4.364166284213833,250.04830917874352
93.54650783538818,1.3820442652392995,1.110783787519697,4.359107358845733,249.75845410627977
93.60630989074707,1.380590383824907,1.106871591475918,4.354048433477634,249.468599033816
93.64642286300659,1.3792406817623437,1.1032769026910594,4.352362125021601,249.37198067632812
93.70624804496765,1.3776349213556895,1.0990651201312915,4.343930582741436,248.88888888888852
93.74651193618774,1.3760579014592538,1.095021180010448,4.337185348917304,248.50241545893687
93.80629873275757,1.3743884071530286,1.0908342518314815,4.328753806637138,248.01932367149726
93.84670090675354,1.3730022295482294,1.087433101550491,4.322008572813006,247.6328502415456
93.90629720687866,1.3715320829252697,1.0838859686202675,4.316949647444907,247.34299516908183
93.94672107696533,1.3699761980315963,1.0801937311138183,4.310204413620774,246.95652173913012
94.00628852844238,1.3684642838817986,1.0766641987480055,4.305145488252674,246.66666666666637
94.04654502868652,1.366940474592679,1.0731397855531506,4.303459179796642,246.57004830917847
94.10630702972412,1.3654047874968571,1.0696205316178111,4.298400254428542,246.28019323671472
94.14663863182068,1.363716232049331,1.0658037489998582,4.293341329060443,245.99033816425094
94.20633697509766,1.3620736213021867,1.062149268798823,4.286596095236311,245.6038647342993
94.24653816223145,1.3604125439107029,1.0585031451714766,4.283223478324244,245.4106280193234
94.30635905265808,1.358659868861683,1.0547153781215357,4.274791936044078,244.9275362318838
94.34669375419617,1.3571034764101348,1.051388674930283,4.274791936044078,244.9275362318838
94.40631365776062,1.355473407005473,1.0479121311216044,4.273105627588045,244.83091787439588
94.44640684127808,1.3536141682701532,1.0439899283247296,4.266360393763913,244.44444444444423
94.506352186203,1.3519490077494336,1.0405300549805283,4.261301468395813,244.15458937198045
94.54640650749207,1.3502721878936934,1.0370758172514378,4.259615159939781,244.05797101449258
94.60637927055359,1.34866548799286,1.0337731172931328,4.259615159939781,244.05797101449258
94.64637517929077,1.3469066512823578,1.0301731327053627,4.256242543027714,243.8647342995167
94.7063364982605,1.3450587369625264,1.026430905865814,4.251183617659614,243.57487922705292
94.7464075088501,1.34318562267726,1.0227012286778518,4.242752075379448,243.09178743961328
94.80633854866028,1.3412811284139903,1.0189874771173342,4.234320533099282,242.60869565217368
94.84646844863892,1.3393516275433814,1.0152866562026726,4.229261607731183,242.31884057970993
94.90630054473877,1.337322265479445,1.0114497130094289,4.22251637390705,241.93236714975822
94.94642686843872,1.335349214969114,1.0077719255310993,4.21745744853895,241.64251207729444
95.00637602806091,1.3333575841335885,1.0041041665876764,4.212398523170851,241.35265700483066
95.04647064208984,1.3312638109701378,1.000301988607263,4.205653289346719,240.966183574879
95.10644006729126,1.3290596088492888,0.9963701859895335,4.197221747066553,240.48309178743943
95.14652967453003,1.3269083742266334,0.9926002213938092,4.190476513242421,240.09661835748776
95.20659947395325,1.32464475615556,0.9887023229802214,4.182044970962256,239.61352657004818
95.24639201164246,1.3226122368504345,0.9852494602721653,4.178672354050189,239.4202898550723
95.30638074874878,1.3204798851011796,0.9816616858827248,4.173613428682089,239.13043478260852
95.34662461280823,1.3184241218441255,0.9782226114378576,4.173613428682089,239.13043478260852
95.40631127357483,1.3162676184100945,0.9746493017687852,4.165181886401923,238.64734299516888
95.44643378257751,1.3140029604723404,0.9709463613318225,4.161809269489856,238.454106280193
95.50632643699646,1.3119858175539882,0.9676791580071703,4.156750344121757,238.16425120772925
95.54631924629211,1.310134028012118,0.964702287754075,4.155064035665724,238.06763285024135
