time_s,x_m,y_m,yaw_rad,yaw_deg
0.03505420684814453,0.0,0.0,0.0,0.0
0.06824684143066406,0.0,0.0,2.554617053052155e-05,0.001463687754120364
0.1350088119506836,-0.0002738664103132707,-5.857582048837264e-09,3.0692564954915014e-05,0.001758554434347768
0.16824698448181152,0.0015689178226177085,3.670097070552331e-08,0.00013528832102194244,0.007751449811968314
0.23510456085205078,0.0026453370843988132,1.7724000185669454e-07,0.0007248213687471861,0.04152920533010931
0.2683088779449463,0.004658890137318242,1.3000986965048308e-06,0.0028270461930928192,0.1619778153527449
0.33504462242126465,0.006265385859287332,4.52889491265175e-06,0.004755268939784951,0.2724568406993273
0.36823225021362305,0.009210368888364509,1.5387239803266363e-05,0.006428823232493382,0.368344438457522
0.434950590133667,0.01093324638245651,2.628159795096236e-05,0.007507957398164237,0.4301742716788333
0.4682900905609131,0.01435240302581614,4.8987892008777725e-05,0.010075860871662012,0.5773043029072401
0.5349547863006592,0.01688059691022998,7.201220582787361e-05,0.011510687431358413,0.6595138091111196
0.568317174911499,0.020081381916997078,0.00010951844519824439,0.013729967465184513,0.7866691886070056
0.6350243091583252,0.022328353591122087,0.00014063402193251927,0.015991627512584206,0.9162527640163658
0.6682696342468262,0.02541836313003163,0.00019222496471928586,0.020698512834477878,1.185937427612949
0.735095739364624,0.027532417571777688,0.00023701077619433684,0.024508732864427785,1.404246954345289
0.7683260440826416,0.031327800157106664,0.00032689775551842087,0.030614973333232154,1.7541087618997644
0.8350107669830322,0.033707972432345384,0.0004003449304506153,0.03548831269066932,2.033330539215911
0.8683085441589355,0.037881396854575075,0.0005429936940143594,0.042640648830433836,2.4431292136833087
0.9350476264953613,0.04052718718861333,0.0006560464763320854,0.04724875373161064,2.7071541760742885
0.9683148860931396,0.0448012044128538,0.0008554368250283426,0.053773936677864675,3.081019619445385
1.035038709640503,0.04757874270032404,0.0010060162008780355,0.05834857125032933,3.3431268732622432
1.068324089050293,0.05205885036982028,0.0012652369517802428,0.06539115225524617,3.7466370417229804
1.1349868774414062,0.055096260715444066,0.0014628082601701967,0.06998544781096339,4.009870786901288
1.1681556701660156,0.05950995888894587,0.0017758519848750337,0.07665693377424798,4.392118775678266
1.23508620262146,0.06241663576398139,0.0020021584970993296,0.08189713183104352,4.692360008145306
1.2683448791503906,0.06697638104721898,0.0023779194150178686,0.08989372028121645,5.150530776843274
1.3351852893829346,0.07001054946522259,0.002653173918070878,0.09611354031100872,5.5069002138813055
1.3683958053588867,0.07488324782913088,0.003120002339385417,0.10566126117254936,6.053944323216594
1.4349803924560547,0.07763682497061787,0.003424009361229103,0.11222721817887037,6.4301459481431404
1.4682927131652832,0.08193493713681141,0.00391893615443181,0.12196588253032645,6.988130313576083
1.535050630569458,0.08510009761220597,0.004304215944975567,0.12892165888710894,7.386666942056603
1.5683321952819824,0.0895358377785442,0.0048863578463403945,0.13869302539884654,7.946525003254638
1.6350891590118408,0.0920106153070542,0.005250339767393378,0.14483431539211544,8.298395000634871
1.6687142848968506,0.09650754764158506,0.005904843912340781,0.15446002156175845,8.849907338988453
1.735093593597412,0.09925602732781925,0.006341211497392521,0.1613505635757062,9.244706314945235
1.7684998512268066,0.1037529488685316,0.007071879579670172,0.1719851977601441,9.854025970379075
1.835075855255127,0.10648979469397114,0.007556472867927291,0.17864595828486074,10.235659436792684
1.8682997226715088,0.11083590385256202,0.008344571144462545,0.18868196432734585,10.810680226194872
1.9351699352264404,0.11357030264309156,0.008874662276449362,0.19516774447772797,11.182288055661491
1.9683399200439453,0.11789034219471936,0.009731310562043457,0.20502402089571706,11.747011096126588
2.035137891769409,0.12088454140595131,0.01035204633471461,0.2119967777590821,12.146520635968283
2.0682590007781982,0.12550220699980832,0.011341382444964215,0.22240349325785758,12.742781512641498
2.135035276412964,0.1283475926579142,0.011992209273908898,0.22894897895043045,13.11781021768919
2.168264389038086,0.13310723386266265,0.01309423273504007,0.23862974247574353,13.672477110153817
2.2350780963897705,0.13607461939293528,0.013821643926435114,0.245619008620924,14.072932562166327
2.268277645111084,0.14028984890114748,0.014893472327181759,0.2560843574336573,14.672552880268194
2.3349595069885254,0.14324858482226321,0.01566956404400646,0.26315844354842177,15.077868158556296
2.368274211883545,0.14769538402031854,0.016869909150778954,0.27350952354543834,15.670941355787633
2.4349496364593506,0.15103729610970318,0.017794110824489888,0.27991019444322474,16.037672784283004
2.4682769775390625,0.15552007358982475,0.019091063471919315,0.2889296785173858,16.554451155117896
2.5349533557891846,0.15778530777710092,0.019796443979515917,0.2953030519390034,16.919618553437438
2.56820011138916,0.16214711347367625,0.021120738776786357,0.30442046600406325,17.442007899438583
2.6350183486938477,0.16507129732484457,0.02203888672193257,0.31015621086585377,17.770641872383024
2.668318510055542,0.16916577687797202,0.023361552410825624,0.3188618815820683,18.26944006225275
2.735050916671753,0.1715508957766271,0.02416746212650618,0.3244647238821723,18.59045927932608
2.768256664276123,0.17569382686479718,0.02555908331891496,0.3334947538560109,19.10784188570366
2.834972620010376,0.17833295812679095,0.026477986841612837,0.33961015156351104,19.4582283643874
2.86826229095459,0.18232455624297486,0.027891446873144123,0.34859291171575757,19.972902609489417
2.9351279735565186,0.18481975333868042,0.028806989804161715,0.3537361474789593,20.267588311761624
2.9683420658111572,0.18876716502432112,0.03026619426583419,0.36228326262868027,20.75730193685296
3.0351321697235107,0.19125291361910873,0.031214659257883637,0.36832605695821385,21.10352854840082
3.06830096244812,0.19516679552274593,0.032725268728001834,0.3772065927747334,21.612345770502156
3.135167121887207,0.19789856106501214,0.0338028296010628,0.38358470195519434,21.977784507816214
3.1684837341308594,0.20126729904651783,0.03518596589748587,0.3934642542113007,22.543841155570057
3.2350995540618896,0.20411823982513716,0.03635336302313906,0.39993628348097143,22.914661117607327
3.268151044845581,0.20771618269746314,0.03788560317023839,0.40974171660298664,23.476471051796587
3.3353018760681152,0.20990382962084855,0.03884936071374484,0.41579541523642627,23.82332243393679
3.368314027786255,0.21395140436165885,0.040618266001332295,0.4240536234157712,24.29648290895367
3.4350950717926025,0.21675908669883864,0.041874071221243564,0.42941609346304377,24.60372981042771
3.4682462215423584,0.22047323847845407,0.04358396257891814,0.43779475189051675,25.08379157630363
3.5352623462677,0.2231325034760148,0.04482492446474012,0.44416164855736806,25.44858788391012
3.5682461261749268,0.22642386489455668,0.046416676425868206,0.455424633957382,26.093909412048383
3.635031223297119,0.2284457250770702,0.04742511823777255,0.46323694672405447,26.541521961814887
3.668246030807495,0.23172536794363394,0.049069991964751696,0.4743105444998146,27.1759923783914
3.735084056854248,0.23447479548043043,0.05045536942466045,0.4815259974410684,27.589407379200498
3.768338441848755,0.2384201631183294,0.05249894019463393,0.4932041416645827,28.25851575575295
3.8351399898529053,0.24125861717171543,0.05400523343298725,0.5003793637167084,28.66962569640895
3.868359088897705,0.24499265461888092,0.05605432197746293,0.510085549537478,29.225749179108767
3.934952974319458,0.24730967577695137,0.057362582110338456,0.5163899925895669,29.586967158174037
3.9683475494384766,0.25110519178404705,0.05951328306985452,0.5255701748784851,30.112952858489802
4.035094738006592,0.25364629994520216,0.0609848135706242,0.5315326680743517,30.45457855398843
4.068336009979248,0.25755449496994326,0.0632756447467456,0.5409085749454139,30.991778446808
4.135117292404175,0.25970882950349883,0.06459073826856132,0.5474666854143524,31.367530498258738
4.168303489685059,0.2630581152195177,0.06664755335278191,0.5570555058838912,31.91692944167196
4.235110521316528,0.2656779042349233,0.06826353323747637,0.5631789720476892,32.26777820884875
4.268357753753662,0.26924362042174615,0.07051793891505241,0.5722232494055048,32.785977130197324
4.335095167160034,0.27148503090040477,0.07197030769481214,0.5787465634897274,33.15973549566152
4.368282318115234,0.2747505315876065,0.07411672896716055,0.5883707155465654,33.71115878991049
4.435024738311768,0.27697001938409693,0.07559973590484333,0.5945302586034349,34.06407461079822
4.4683427810668945,0.2805434988979858,0.07800459401252648,0.6035271346457214,34.5795576368236
4.535138368606567,0.28296688603958275,0.07966711093862326,0.6093776669842272,34.91476844772479
4.568241834640503,0.2867834085011715,0.0823127880184375,0.6171391706499901,35.35946985044832
4.635114431381226,0.2888356585090244,0.08379063864421203,0.6223096943399359,35.65571903575462
4.668329477310181,0.292501118850237,0.08640919135460796,0.6308898345012341,36.14732485462771
4.735112905502319,0.29475770285258396,0.08806329306640416,0.6363828638826563,36.46205225492456
4.768533945083618,0.2981660956362444,0.09058654823803658,0.6445127167363767,36.92785851150512
4.8350934982299805,0.3006275527311388,0.09242713701236009,0.6505004816785949,37.27093217141062
4.868345022201538,0.30389352222134125,0.09492564280904671,0.6599434309427066,37.81197331040038
4.9351677894592285,0.3061069928464514,0.09664606394866276,0.6659140396175459,38.15406398859288
4.968418121337891,0.3096560878687615,0.09942297736296897,0.6747960762049559,38.66296719853225
5.0350658893585205,0.3114012394476442,0.10085314551928831,0.6807207317994628,39.00242495916607
5.068576812744141,0.3148771160745942,0.10365029906353407,0.6896832255121907,39.51593802281791
5.13504958152771,0.31682114687224044,0.10527016603761441,0.6958111248514404,39.86704079223792
5.168320655822754,0.319916571941358,0.10785944502222294,0.7057290447900497,40.435295746268885
5.235332012176514,0.32227707418925416,0.10985211324014621,0.7122007171481997,40.806095258782356
5.268249273300171,0.3253460279378873,0.11251047643253771,0.7214914005734232,41.33841220783981
5.335098743438721,0.32745205949905287,0.11436200863719177,0.7272179470397506,41.66651915154593
5.368335247039795,0.33047878823206955,0.11706222264796147,0.7355666026207515,42.14486188094562
5.435079574584961,0.3327704153889452,0.11911843130639531,0.7406969630946789,42.4388098834824
5.468364953994751,0.3359967762755588,0.12206407219974892,0.7474476666094009,42.8255967036201
5.5350661277771,0.3377389484765865,0.12370426904789424,0.751808509280039,43.07545458376822
5.568247318267822,0.34057917585140596,0.12637014424984677,0.7585728623367273,43.46302346505288
5.635089159011841,0.34272051031738227,0.12838631594977207,0.7630763921549958,43.72105671655098
5.668419361114502,0.34542674466268186,0.13099200916583392,0.7700496343025258,44.12059406112719
5.735015869140625,0.34774807004704106,0.13321495055902124,0.7747850769598087,44.391914939515715
5.768299341201782,0.3505481344469491,0.13596973343078939,0.7818615358667552,44.797366168781515
5.83502721786499,0.35284104634744046,0.1382225213130221,0.786002395767154,45.03461996462933
5.868662357330322,0.3558322510266068,0.14122099885465095,0.7924588244835937,45.40454608080839
5.93526029586792,0.35799484235733625,0.14340423585147843,0.7969599690031486,45.66244266475732
5.968281984329224,0.3612768684119543,0.14674952022411228,0.8044259105701572,46.090209606638204
6.035021781921387,0.3634078949862747,0.14896118134820133,0.809559362152406,46.38433471663581
6.068217992782593,0.36626779100149826,0.1519820721212395,0.8174669246877415,46.83740467614631
6.134981155395508,0.36808279935415894,0.15393073443010308,0.8224302675348113,47.121783273559856
6.168206453323364,0.3708553506578589,0.15692629880127315,0.8294391412972706,47.52336215928875
6.235072374343872,0.3729406481559786,0.15919005399533318,0.834573597258593,47.81754481596831
6.268514156341553,0.37588437535539077,0.16243564981097955,0.8431957599780081,48.31155835006584
6.335034370422363,0.37774448871018934,0.16452979031370524,0.8488160610260178,48.63357787970975
6.368194103240967,0.38063975392703886,0.1678150149967841,0.8575762771301352,49.135501290098205
6.434929609298706,0.38228268588226166,0.16973458000305028,0.8639654465866631,49.50157373455115
6.4684436321258545,0.3850112155566971,0.17292823550710115,0.872962095099393,50.01704372409323
6.535114049911499,0.3869048950743958,0.1751777668201064,0.878456795218213,50.33186685059164
6.568333148956299,0.3897869065799367,0.1786396354624031,0.8866873276608915,50.80344162270262
6.6350953578948975,0.39164374856371587,0.180915310266039,0.8922575773084498,51.12259341834194
6.66860556602478,0.3941249540968493,0.18401683025054966,0.9005320233544561,51.59668425458682
6.734995603561401,0.396042396052898,0.18641929688081219,0.906504745753292,51.938896040243364
6.768250226974487,0.39874690975997584,0.18987072945720782,0.9156023014972795,52.46014758825885
6.835030555725098,0.4006251178407095,0.1923039645048245,0.9217918408917097,52.81478207268966
6.868284463882446,0.4029275754935961,0.19537451854453872,0.9301727583084656,53.294973269117456
6.935235500335693,0.4048644605430004,0.19794517696551378,0.9355629961725374,53.603811149300384
6.968260765075684,0.407473482555088,0.20148274504897692,0.9435584393881741,54.061916300892875
7.035264015197754,0.40902905377980386,0.20364578020618468,0.9489069931887748,54.36836586016595
7.068261623382568,0.4116646387986597,0.2073089713371019,0.9579361315643871,54.88569738172814
7.134981870651245,0.41335439708156263,0.20971071398387597,0.9642333153024446,55.24649943273725
7.168261528015137,0.4158642752704683,0.21332772347176712,0.973139370963656,55.75677883423326
7.234930753707886,0.4173544992182558,0.21553518030189273,0.9787624372277559,56.07895679908858
7.268331050872803,0.41954488235192444,0.2188136323180653,0.986528793912103,56.523936259294885
7.335031747817993,0.4213319826323465,0.22148532423656347,0.9913753271351685,56.801622158246474
7.36832857131958,0.42340441013097296,0.2246855056953134,0.9992505444267276,57.25283887180125
7.435000419616699,0.4250799074348527,0.22726758366215905,1.004351321203087,57.545091853325
7.468261003494263,0.4273441770626075,0.2308308102201476,1.012807973795078,58.029622355654446
7.534988164901733,0.4288279343104135,0.2332095372009546,1.0190013544544572,58.38447692835482
7.568262577056885,0.4311166089764309,0.2369176786321578,1.0275547128094598,58.87454826275943
7.635008335113525,0.4324884472107405,0.23920444018281184,1.0324533893044787,59.15522175112396
7.668280124664307,0.43456576318853235,0.24269235368378783,1.0408337167821466,59.63537914653185
7.735044002532959,0.43591308998742273,0.244998785290662,1.046440002546312,59.9565956595628
7.768349885940552,0.4378517554890618,0.24836500509113502,1.055103828815536,60.45299633922391
7.835001707077026,0.4395278673930577,0.2512698713984571,1.0609936986475947,60.7904610224823
7.86833119392395,0.44151843547429676,0.2548451424246857,1.0698903521460812,61.300201719735874
7.9350361824035645,0.4427252073224662,0.25707176749261373,1.0754481235534588,61.61863856487709
7.968151330947876,0.44478406668431003,0.26086504094894275,1.0845123303163182,62.13797935702287
8.035160779953003,0.44623297226880837,0.26358260943989337,1.0905447397742114,62.48361095925495
8.068253517150879,0.44811804231642366,0.2672188609977785,1.0996230499120063,63.00375981526143
8.135141372680664,0.44939157341367975,0.2697192593680546,1.1056699038970794,63.35021902793798
8.168303489685059,0.4511400524548841,0.2732270144877868,1.1146153935438017,63.86275783037314
8.235281944274902,0.4524442260474868,0.2758654795147404,1.1207128501297534,64.21211635851243
8.268269300460815,0.4540694825713125,0.2792634085921472,1.1301033184589855,64.75015056142868
8.335072040557861,0.45527331064484305,0.2818019036844602,1.1360101650341505,65.08858794041696
8.368266820907593,0.45696607886872326,0.2854497202085201,1.1447933797972674,65.59182907690054
8.435423851013184,0.4583163377013226,0.2883758801799157,1.151103191065289,65.95335463208227
8.468562364578247,0.45997283825927493,0.2921044966435896,1.160592346055596,66.49704316417237
8.535006999969482,0.4610918800304998,0.29467639538616225,1.1661149415685585,66.813464579023
8.568302154541016,0.46274701273688784,0.29854003570088045,1.1746078209154245,67.30007072151224
8.635034799575806,0.46382971343922924,0.3011276966479641,1.1805862457606835,67.64260923328175
8.668289422988892,0.46542960761832836,0.30501647245650504,1.1893816703584934,68.1465499417618
8.734968423843384,0.4664181527220155,0.3074951521248654,1.1947757473761573,68.45560778924245
8.76821255683899,0.4679579807711256,0.3113901877478927,1.2026107233345975,68.90451884424755
8.834939241409302,0.4690225383738404,0.3141322296824376,1.207545413648349,69.1872557724296
8.868195056915283,0.47057529071574444,0.31820551984264184,1.2151652497581784,69.6238402221042
8.935030698776245,0.47149712030984126,0.32070819419653734,1.2204526101970998,69.92678366001884
8.968225479125977,0.4729947197559726,0.3247930444890991,1.2286530226127106,70.39663268170001
9.035048246383667,0.4737826466271977,0.3270543885422707,1.2344316474001014,70.72772349340718
9.068305015563965,0.47526618246340435,0.33125633158947243,1.2424139445101436,71.18507542863209
9.13503909111023,0.4761208488552038,0.33378251285183064,1.247839550130605,71.49593973198698
9.168256521224976,0.47760482445254865,0.33816528639453014,1.2551870950278199,71.91692304438028
9.234992265701294,0.4785644962624129,0.3410859637153572,1.2594462666106478,72.16095560029838
9.268265724182129,0.4799158589298558,0.34529098988968265,1.2660368553507482,72.53856851961257
9.334938526153564,0.48084164869673046,0.3482215183680193,1.271339306461627,72.84237658934038
9.368223428726196,0.4820992363586518,0.35231938294032294,1.279356294412718,73.30171616334512
9.434937000274658,0.4829866205056175,0.3552609589078345,1.2848186356565936,73.61468526287943
9.46818995475769,0.48436852450399653,0.359916042312299,1.2930590794738102,74.08682791492062
9.534997701644897,0.48520867986005173,0.36286757605207764,1.298783519150521,74.41481414847338
9.56832218170166,0.48636015587777964,0.3670373762496847,1.3071644861403595,74.8950081852296
9.635063648223877,0.487082528813509,0.36974317728571654,1.3126309739700395,75.20821486662989
9.668317317962646,0.48820713686857203,0.37400462865289996,1.3207322879328833,75.67238596521123
9.735186100006104,0.48893342410083435,0.37684818401311926,1.3259706699667566,75.97252314722934
9.768487215042114,0.4900408792654469,0.38126310527613594,1.3330746435314627,76.3795508502595
9.835062265396118,0.4907305813625614,0.38411928079384355,1.3384710671270792,76.68874314675314
9.868252277374268,0.49170899491799014,0.38828134628251476,1.3469947512175988,77.17711427104273
9.935033082962036,0.49225639479921995,0.39075073068110305,1.3522027649041366,77.4755114749277
9.968324661254883,0.4932051622219369,0.3949994052126161,1.3599781991868047,77.92101104320592
10.035131454467773,0.49392405289396657,0.39827132897173834,1.365235577602584,78.22223663773325
10.068229675292969,0.4947243775086667,0.40219276419633904,1.3726916857060354,78.6494401636543
10.135072469711304,0.49527459037961347,0.4049423745761027,1.3775891888598386,78.93004642451923
10.168378114700317,0.4960185309739428,0.40880132163947164,1.3851176342754294,79.3613945731272
10.235011577606201,0.49650980722846927,0.41142921777176394,1.3904128433357401,79.66478770392244
10.268331050872803,0.4972302272714819,0.4153880601463498,1.3984445929040392,80.124973056292
10.335018157958984,0.4976318013085932,0.4177565713221695,1.404025032199879,80.44470867577257
10.368334293365479,0.4982944356315877,0.4216786884590277,1.4127942922219026,80.94715026448732
10.435050010681152,0.49874442729125595,0.42445755566967946,1.4192853765573108,81.3190620013697
10.468313217163086,0.49937589578096986,0.4285594684907219,1.4288275410451927,81.86578775394494
10.535265684127808,0.4998265464390765,0.431610798593026,1.434969293175004,82.21768422979862
10.568249464035034,0.5003471420988294,0.43550016611459835,1.4433748141286937,82.69928510505382
10.63509464263916,0.5007073139159676,0.43828450192855983,1.4484303023271288,82.98894324220234
10.668244123458862,0.5012655962552083,0.44272810580131533,1.4556324678479526,83.4015969299002
10.73515796661377,0.5016058942850232,0.4456428529910619,1.461405250767527,83.73235302723701
10.768318891525269,0.5019829168119921,0.4492862164297956,1.4703563600841194,84.24521381303798
10.834994792938232,0.5023068428897564,0.4523485694484893,1.4765856333518232,84.60212488071107
10.868407964706421,0.50270288226847,0.4565360069897926,1.485128722980013,85.09160786040835
10.935062885284424,0.502960049566059,0.4594681710726661,1.4905125018304943,85.40007566637271
10.968333721160889,0.5032306293344087,0.4631036806161258,1.4986600915201507,85.86689816879432
11.035042762756348,0.5034539714696692,0.4660453863816835,1.504547610348804,86.20422814947997
11.068312883377075,0.5037624403261102,0.47049873380554474,1.5132530559651798,86.70301344207897
11.135040044784546,0.5039351746242622,0.4734366996420523,1.5183955641796913,86.99765745888183
11.16830587387085,0.5041291229577154,0.4773789156356604,1.5261046306176735,87.43935442976417
11.235021829605103,0.5042557104895424,0.4801846916803094,1.531638107011039,87.75639927313928
11.268374681472778,0.5044104902097348,0.4842316583348301,1.5406355894677588,88.27191704415232
11.335394144058228,0.5044974025171858,0.487035395844035,1.5465289440089445,88.60958138653652
11.368364810943604,0.5046006702622573,0.49122417589239553,1.555873890610279,89.14500738656811
11.435097455978394,0.5046438992051692,0.4940285774368681,1.5623223557339792,89.51447722249344
11.468306064605713,0.5046806547745312,0.49822866793448567,1.5715054135916668,90.0406276807634
11.535111427307129,0.5046635992062924,0.500625570888124,1.5772545349725133,90.37002807179431
11.568376064300537,0.5046380019084856,0.5046319149153641,1.5860700917712753,90.87512227042124
11.635079860687256,0.5046069039186308,0.5077107732835652,1.5919905272548487,91.21433823650949
11.668313980102539,0.5045181745361081,0.5119155235110492,1.6014090071655185,91.75397738481962
11.736794233322144,0.504436575767473,0.5151283609163527,1.6077105470844033,92.11502902660493
11.768437147140503,0.5042746942935071,0.519520721630157,1.6164658423033984,92.61667049104442
11.835322141647339,0.5041420562412643,0.5223175125772549,1.6224321218090818,92.95851312611548
11.86830186843872,0.5039194599798904,0.5265540694457757,1.6308713885675326,93.44204749355976
11.935073137283325,0.5037458013273581,0.5294919527101001,1.6363657279037405,93.75684994873717
11.968275308609009,0.5034682593883941,0.5335814668116358,1.644446319043051,94.21983371699048
12.034982919692993,0.5032715984911992,0.5361041539122897,1.6502320778342767,94.55133327700842
12.068252325057983,0.5029430962343151,0.5402690124727016,1.657851997556719,94.98792251733286
12.135143756866455,0.5026944399332929,0.5431980591326194,1.6627225557475462,95.26698494554014
12.168303489685059,0.5022991234411367,0.5475370250456585,1.6703803540844702,95.70574447060818
12.23510479927063,0.5019850999213512,0.5508706431239284,1.6749297389937856,95.96640502529246
12.268242835998535,0.5015012491154557,0.5555641643315792,1.680329261294722,96.27577486452289
12.335102558135986,0.5011964172922199,0.5582047236873211,1.6849469803392803,96.54035067675326
12.36835241317749,0.5007044114639089,0.5624479894928427,1.6922864257553467,96.9608699230605
12.435132265090942,0.5003618808917697,0.5652262274551159,1.6971067845591223,97.23705613825558
12.468364238739014,0.49985186790032016,0.5691473913128504,1.703582651129068,97.60809596140332
12.534981727600098,0.49952221384347667,0.5715211570380422,1.7079714219812185,97.85955400848158
12.568280935287476,0.49897569183194246,0.5754837197598707,1.7148186572534436,98.25187169091319
12.634966373443604,0.49856267470706944,0.5783998297250507,1.7199758079099645,98.54735465784496
12.66831111907959,0.4979430436741175,0.582536953390423,1.7278888288964787,99.00073736357066
12.735060214996338,0.49748922696459896,0.5854415316217051,1.7336713991993342,99.33205423666197
12.768465280532837,0.4967506302195572,0.5900224693321093,1.7426812933755729,99.84828314681995
12.83498239517212,0.4963214915975559,0.5923779269583449,1.7486153321701297,100.18827852521495
12.868207454681396,0.4955188586968058,0.5969328653396462,1.757632760665139,100.70493912004
12.934951543807983,0.49503491931807836,0.5994159849005923,1.7637312124965885,101.05435467154588
12.968297243118286,0.49422810092671665,0.6035453656014591,1.7727050346165643,101.56851680512163
13.0349760055542,0.4936209870543325,0.6065620748447415,1.7792998695198816,101.94637301166728
13.068254232406616,0.4927407370449938,0.6107083757254723,1.7894129991796976,102.52581265884332
13.1349515914917,0.49217952706822055,0.6131748701661779,1.7956325542254659,102.88216691341513
13.168221235275269,0.49116579193334853,0.6176860567445204,1.8050042375497917,103.41912481483213
13.235118627548218,0.49045862654010175,0.620679513868998,1.8112371429964658,103.77624399103065
13.268324613571167,0.4894352924183083,0.6248277266375792,1.8199144987875053,104.27341985519064
13.335002660751343,0.488712119125941,0.6276733321818797,1.8256097332488865,104.59973275316524
13.368499755859375,0.48757450260001595,0.6320642972642226,1.8345985448680755,105.11475372178292
13.434969902038574,0.4868377123714971,0.6347649628782481,1.840638537765729,105.46081982310746
13.468401193618774,0.48569817033091967,0.6388670010820188,1.8504756760974832,106.02444633200334
13.535107135772705,0.4850510221102969,0.6410314809246382,1.8567808639624976,106.38570698570577
13.568342447280884,0.4838110968430557,0.6453024348466511,1.8653398043602891,106.87609814760324
13.63504958152771,0.4829960377967028,0.6479861056161484,1.871216830969261,107.21282696838341
13.668307542800903,0.4817871175763531,0.6518697646598216,1.8809787428168177,107.77214331722716
13.734984874725342,0.48104125404003484,0.6541482538274757,1.8876703384840186,108.1555435071658
13.76823902130127,0.4796370470884735,0.658503054470033,1.898158655245652,108.75647979180371
13.835019588470459,0.4787735198598977,0.6610269290473189,1.9045029341983089,109.11998019984463
13.868328094482422,0.47748167672266745,0.6647228265545035,1.9129487861925394,109.6038918735062
13.935086727142334,0.4765032814626688,0.6674978446151587,1.9190842155571441,109.95542608159867
13.968337297439575,0.47516240723441383,0.6711641373839694,1.9290680556863142,110.52745798433347
14.035308599472046,0.4741815850642175,0.6737965555264607,1.9354044579484444,110.89050709125068
14.068300724029541,0.4727411621152792,0.6775651630985456,1.9451336900020946,111.44795102582823
14.134984016418457,0.47171860979073055,0.680179616104997,1.9511933815552185,111.79514577697331
14.16824746131897,0.47026610540792707,0.683791056231976,1.9600522953080868,112.30272414608307
14.234995365142822,0.46943784673011646,0.6857530401394376,1.9656694604470246,112.62456400137222
14.268260717391968,0.4679305726291935,0.6893882055132803,1.9742848393494887,113.11818885138946
14.334974765777588,0.46678804772264754,0.6921047677908063,1.9802086277290147,113.45759692426495
14.368255138397217,0.4651934163974078,0.6957813166788543,1.9888673134145571,113.95370307017686
14.435118198394775,0.46400879201825074,0.6984750313364312,1.9940668360722216,114.25161377394367
14.468337059020996,0.4623460809046046,0.7021591789919661,2.0017712668428187,114.69304514064962
14.535339117050171,0.46122920153794283,0.7045830508837656,2.006784984655,114.98031001095717
14.568364381790161,0.4595851960518343,0.7080961427162589,2.0152288259812625,115.46410648183016
14.635133743286133,0.45849143074687826,0.7103832868905747,2.021467742877531,115.8215700887192
14.668346881866455,0.45698810604565493,0.7134485320923262,2.030648132104483,116.34756764571092
14.735051155090332,0.4558645596346942,0.7157254494967557,2.036331407461325,116.67319533746867
14.768302202224731,0.4539903882131098,0.7194975605378011,2.044791118917029,117.157901099779
14.83499026298523,0.4528848846478898,0.7216344309606619,2.0504506937764972,117.48217085306487
14.868289709091187,0.45112658950315365,0.7250148179790233,2.0583506744858475,117.93480640594541
14.935060739517212,0.44987675157226015,0.7273820023443484,2.0634555363860443,118.22729344782381
14.968361616134644,0.44800310276006616,0.7308802878686219,2.072259457281687,118.73172095831117
15.035081148147583,0.44678105328815854,0.7331039071668861,2.0782960230184937,119.07759069778348
15.068343877792358,0.44478938258299255,0.7367036949136373,2.087786082221653,119.62133103745379
15.135088920593262,0.44340657237800846,0.7391488938209919,2.0938616796364915,119.96943712734463
15.16837763786316,0.44153153734825373,0.7423776191990877,2.102104469712799,120.44171421012938
15.235048770904541,0.44017991292450975,0.7446828869137454,2.1074625451299207,120.74870931784324
15.268301248550415,0.4380745471786449,0.7482361145441844,2.115965134447733,121.23587180068691
15.335033178329468,0.43649065956672506,0.7508776528633306,2.1215657113361086,121.55676121922933
15.368252038955688,0.43443169516369723,0.7542110605101126,2.129520977294325,122.01256438353923
15.434932470321655,0.43281241237035045,0.756827161780798,2.13428485102549,122.28551424246824
15.46823000907898,0.43041470443371244,0.7606396414963551,2.141253336818939,122.68477906802971
15.534987211227417,0.42896796166556767,0.7628779858820673,2.1454537456749314,122.92544476770746
15.568300008773804,0.42667433198884874,0.7664181824691835,2.151252245421949,123.25767433071924
15.635201930999756,0.42513746540715386,0.7687601049574038,2.1542362737274594,123.42864655857257
15.668295621871948,0.4226632955991659,0.7725232337438934,2.1584092645861466,123.66774132272202
15.73497748374939,0.4212528790950904,0.7746187524508066,2.161437664641765,123.84125586458615
15.768258571624756,0.4187564547040956,0.7783565732150091,2.166948994757968,124.15703181974793
15.834971904754639,0.4171096960541725,0.7807863694919298,2.1714524671824034,124.41506178282161
15.868231534957886,0.4148617974587224,0.784046672109149,2.1779690450026123,124.78843418878814
15.934999465942383,0.4132614237407911,0.7863509927772242,2.1822399261939616,125.03313765585426
15.968330144882202,0.41077045896286707,0.7899118616614358,2.1889112194253446,125.4153746019067
16.035059452056885,0.40929609277374607,0.7919680503809342,2.193587894443894,125.68332834262385
16.068313121795654,0.4070175314141701,0.7951290721842182,2.2006512683676718,126.08802985757907
16.135021686553955,0.40536705371174336,0.7973998367292338,2.2057225615409495,126.3785935530814
16.168294429779053,0.40289559636580347,0.8007596955830255,2.214226707802405,126.86584524222476
16.235021829605103,0.4013693085588541,0.8027824918120436,2.220136788192387,127.20446790515376
16.26831340789795,0.3991925118431443,0.805626510913469,2.2294898999009334,127.74036173136786
16.335022449493408,0.3975565103180013,0.8077478743446773,2.2353178901657715,128.0742809765864
16.368329286575317,0.39477417861255715,0.8113372701825406,2.2440416822479285,128.57411744424365
16.435115575790405,0.3930254419366858,0.8135308749842811,2.2497103578329254,128.89890863069283
16.468318462371826,0.3903881918638242,0.8168001284445895,2.258800752476631,129.4197498778855
16.535134077072144,0.38852477227002663,0.8190755318650754,2.264940070809282,129.7715069074337
16.568568229675293,0.3858235410412508,0.8223189821639079,2.273938449010597,130.28707600083155
16.635098457336426,0.3840954418865716,0.8243482544874151,2.2793942610620554,130.59967100519674
16.668264389038086,0.3815445987352748,0.8273102695625112,2.2872051936889477,131.0472044787787
16.734963178634644,0.37953251217193196,0.8296420013987627,2.29232093058444,131.34031461198975
16.76826500892639,0.37656684921299377,0.8330275168668442,2.2997464016146196,131.76576276291573
16.834995985031128,0.3746979241579295,0.8351144415304007,2.3042864771516287,132.02588992985693
16.86813712120056,0.3719532320502946,0.8381492364083434,2.3115209377289663,132.44039398799214
16.93506669998169,0.3700601295811133,0.8402191855942907,2.3160074227738896,132.6974506459148
16.96831727027893,0.36730101592891035,0.8432019994910525,2.3228514584314137,133.089585003928
17.035037755966187,0.36556522717525314,0.8450457844870628,2.327975598472049,133.3831766018904
17.068262338638306,0.36270916734746467,0.8480735570221274,2.3359727707799856,133.84138082317403
17.135047674179077,0.3608584511818534,0.8499978444260992,2.3409706935306716,134.12774070312076
17.168301105499268,0.357863308770464,0.8530974959874781,2.3480135157933804,134.53126469463476
17.235035181045532,0.3557118996256726,0.8552982194801636,2.3524104593803736,134.78319100492658
17.268359422683716,0.35252964318810376,0.858514394821968,2.359445542779204,135.1862715922021
17.335047006607056,0.3506354207637673,0.8603828139602012,2.36393143961378,135.44329454815443
17.368327617645264,0.34781787123591196,0.8631420736346422,2.370903710230504,135.84277622811578
17.43503975868225,0.3460899503293579,0.8648030176832875,2.3751587126955442,136.08656991118033
17.468313932418823,0.34331023439642394,0.8674739940384821,2.3821698152982247,136.48827650004714
17.535019636154175,0.341277006892019,0.8694129228388249,2.387685031681972,136.80427512193725
17.568402528762817,0.3381525965089716,0.8723594492011743,2.396707033768082,137.32119776422957
17.634981155395508,0.33609234946269495,0.8742615636013986,2.4025251821223206,137.65455310950844
17.668331146240234,0.33330367564520574,0.8767854173729163,2.4114682938062746,138.16695566471313
17.73498034477234,0.3311152263113577,0.8787586504580434,2.4175732382229462,138.51674321395038
17.768524408340454,0.3278822772257417,0.8816273249830822,2.4266830307346243,139.0386958771094
17.834998607635498,0.3257659032788907,0.8834646794111147,2.4324237361105094,139.3676140665757
17.86837863922119,0.3225728424424072,0.886204167122441,2.4411934352214386,139.87008081323157
17.93526864051819,0.3205307684992166,0.8879190220534926,2.447489696842819,140.23083003084685
17.968510389328003,0.31709596426255066,0.8907931603787932,2.4564082320782905,140.7418244592781
18.035054683685303,0.31482265731000236,0.8926545046398222,2.4617575970399255,141.04832049465492
18.068329095840454,0.31141244697744,0.8954132331409337,2.470002604441037,141.52072462079275
18.135029077529907,0.3094257303427955,0.8969741707182818,2.475910391129828,141.85921586432403
18.168237686157227,0.3063400215353202,0.8993848943287073,2.4851318559958653,142.38756688207616
18.23503351211548,0.3039088765046845,0.9012756675740351,2.4910445056455393,142.72633675274196
18.26840567588806,0.3005549864493719,0.9038271933898354,2.4995327318830363,143.21267629170276
18.33505368232727,0.29798912975920894,0.905764374730519,2.505241043297338,143.5397384438886
18.368345260620117,0.2944478501839123,0.908380519288736,2.51372938376125,144.0260845275409
18.435242176055908,0.2919643409595817,0.910189250714799,2.519583360653386,144.36149269682738
18.468556880950928,0.2882530600363235,0.9128537750583589,2.5280962742855078,144.84924671930733
18.53514266014099,0.28563523313165484,0.9147054740750287,2.533836580020939,145.17814201106228
18.568334579467773,0.28162211897042444,0.9175081478643583,2.542812094808939,145.69240112737197
18.63505744934082,0.2790870200619608,0.919233053837975,2.549109531310892,146.05321766068548
18.66828417778015,0.27535670534456275,0.9217337947435964,2.558492357173537,146.59081398252124
18.735101222991943,0.2727938025453263,0.9234235886323021,2.5647963782699454,146.95200778530688
18.768314599990845,0.26904720516317027,0.9258539542255985,2.5737265353055188,147.4636680938343
18.83503556251526,0.2666839909094025,0.9273501163356731,2.579511481932612,147.79512112027518
18.86834216117859,0.2628230716586716,0.9297866283777155,2.588003449741712,148.28167503549756
18.93526315689087,0.2603237625388446,0.9313282138738846,2.592884762420775,148.56135365049158
18.96826958656311,0.256906317795144,0.9333971768044185,2.5996551244685424,148.9492668216042
19.03501009941101,0.25461690108654766,0.9347672596726652,2.6047045907440545,149.23857992798466
19.068278074264526,0.25124791264288465,0.9367618126689002,2.613801645321473,149.75980276127092
19.135213136672974,0.24870992667349837,0.938251422243713,2.620022376314189,150.1162243926398
19.168270111083984,0.2451936799476808,0.9402679898690507,2.6293606477818816,150.651267935686
19.23523449897766,0.24251634189953764,0.9417885297369796,2.63477089008331,150.96125198570098
19.26836371421814,0.23919309946186434,0.943614312334629,2.642761353231351,151.41907180043856
19.335111618041992,0.23684526790751373,0.9448920645740198,2.6486443095572447,151.75614036897207
19.368377208709717,0.2333091260385761,0.9467911066525493,2.65814462712835,152.30046846983038
19.435003757476807,0.23117865977072555,0.9478975154889405,2.6646755672271567,152.67466377374475
19.468321561813354,0.22764934913286375,0.9497252096920593,2.674535983725365,153.23962402333325
19.535046577453613,0.22537892511688162,0.9508669843757622,2.6807571764473606,153.5960721098411
19.568299770355225,0.2218239067334812,0.9526361130582032,2.6901526023007074,154.13439035796597
19.63509726524353,0.21881692130685815,0.954127225384588,2.6965090668047598,154.4985889466729
19.66827893257141,0.21501010316092253,0.9559418246788078,2.7059818497705264,155.04133943085472
19.735414505004883,0.21246778925768467,0.9571246862890718,2.7121681568138065,155.39578871520675
19.768319368362427,0.20850984318031165,0.9589423478090794,2.72076982081175,155.88862775907853
19.83501672744751,0.20607327687479368,0.9600245445505191,2.726809155479174,156.23465614658895
19.868279218673706,0.20209511912758518,0.9617820493685271,2.7361922841087756,156.7722698156935
19.935031414031982,0.19976293753624524,0.9627695863111498,2.742606453547486,157.13977465361342
19.968261003494263,0.19629972515863559,0.9642149956100117,2.75137168025811,157.64198515060752
20.03503680229187,0.1932089161321327,0.965517016623096,2.7566024310807435,157.94168509642898
20.068316221237183,0.188896641281461,0.9672798348941987,2.7644439874097397,158.39097317889457
20.135031700134277,0.18628905929940412,0.9683059545222918,2.768820605290026,158.64173491197647
20.168294429779053,0.1824589797643913,0.9697934857194377,2.7749706155119167,158.99410454165312
20.235000371932983,0.17996630456143753,0.970743617244045,2.7793911206169764,159.24738082748908
20.268243074417114,0.17590513093409196,0.9722881087201638,2.7868285332163953,159.6735131799332
20.335176706314087,0.1731492339325333,0.9733131235552126,2.791743674513599,159.95513003197343
20.368491649627686,0.16890306423822077,0.97486998523817,2.798611717055824,160.34863988315922
20.43501901626587,0.16613983756420905,0.9758562254209858,2.803689072827069,160.63955093993795
20.468337535858154,0.16198255764571443,0.9773166171899088,2.8124027572869963,161.1388082835005
20.535058975219727,0.15945987624173327,0.9781678944192139,2.818459252556467,161.48581990108215
20.5683114528656,0.15544709810466556,0.9795093954044595,2.827353509788404,161.99542330237583
20.635013103485107,0.15290760673005735,0.9803278722339048,2.8333195401584064,162.33725166302384
20.668329000473022,0.14849980114015982,0.9817481726046801,2.8421176607699588,162.84134684171286
20.73500084877014,0.14569203112831944,0.9826150345458983,2.8482253532358364,163.1912918425715
20.76832413673401,0.14174955325037067,0.9837957539026411,2.858120765760769,163.75825721679104
20.83494997024536,0.138928531515906,0.9846215346135722,2.8638606663359454,164.08712929457334
20.868276119232178,0.13498728541249483,0.9857361359774791,2.872488091698263,164.58144435589827
20.93501329421997,0.13228606087808376,0.9864808182172728,2.8793902922741363,164.9769113182486
20.968307495117188,0.12835796134982447,0.987529703508913,2.88971964099718,165.56873940519785
21.035036087036133,0.12550969282919375,0.9882702049224433,2.8961168751712627,165.93527392392963
21.068259954452515,0.12169910876853243,0.9892130842386248,2.905806445189029,166.49044539124412
21.1350576877594,0.11936522672835954,0.9897603894381376,2.9123885209488565,166.8675705527176
21.168283224105835,0.11603497750357995,0.9905170172590892,2.922115409253575,167.42488020037314
21.235125303268433,0.11342027147886559,0.9911097540711478,2.9286753541521087,167.8007373568975
21.268234491348267,0.10928927645016652,0.9920213480686358,2.9378892704897863,168.32865587583308
21.33506178855896,0.1065383991870509,0.9925967353537443,2.9428933192461892,168.61536675005266
21.368330240249634,0.10231903021839481,0.9934562344017651,2.9496158927598426,169.00054183985142
21.434992790222168,0.0995638643845706,0.9939932821388504,2.9542720858152416,169.2673220505239
21.468302488327026,0.09558133622899737,0.9947434379821227,2.96121013048214,169.66484272801043
21.53497076034546,0.09295385906085744,0.9952198917065525,2.96668134223696,169.97832007038397
21.568496227264404,0.08856518202548255,0.9960087954017106,2.9747377927079475,170.43992068022774
21.634921073913574,0.08593419621399956,0.9964456829687276,2.979991254774898,170.7409218844961
21.66821837425232,0.08179005963530078,0.9971219848794337,2.987852701632516,171.19134961030397
21.73521137237549,0.07901867188899082,0.9975525360482568,2.992627780653729,171.46494148506093
21.768303632736206,0.07443615175050038,0.9982555746100467,2.9984525258565045,171.79867480191905
21.83501625061035,0.07153142907935768,0.9986746366800762,3.0020299224992435,172.00364453119226
21.86833357810974,0.06703009570048668,0.9993114287546832,3.0070543310117843,172.29152193351047
21.935256242752075,0.06398651681405532,0.9997260352612124,3.0108341428419836,172.5080891987345
21.96824336051941,0.05944530995773414,1.0003244349716471,3.017346316453102,172.88120926210803
22.03502583503723,0.05626616742905169,1.000727211136033,3.0222796833055074,173.16387036154063
22.068291425704956,0.052393864380359784,1.0011678406272846,3.0290943563960386,173.55432236838942
22.13507652282715,0.049338258643129324,1.0015199490720605,3.0335759469633548,173.81109859340228
22.16828417778015,0.04524602667903022,1.0019542598751296,3.0401155318943243,174.1857892097142
22.235002756118774,0.042050357198450405,1.002291770243935,3.044968464321814,174.46384175607153
22.26830530166626,0.03779701260712176,1.0026988554793073,3.0514763873120048,174.8367182768056
22.335092544555664,0.03527679613634646,1.0029137096208076,3.055587094108013,175.07224442703264
22.368308782577515,0.030803267421747486,1.0033076218900863,3.06303811572415,175.49915651869804
22.434971570968628,0.027872635984525225,1.0035401463073172,3.0694675357953667,175.86753515349545
22.468356609344482,0.023349694896027846,1.003872807167544,3.078704491339673,176.39677372173418
22.535178184509277,0.020283803329082337,1.004069902175285,3.084641065993182,176.73691439414458
22.56832242012024,0.015573753793834647,1.0043461459589054,3.0931642906174446,177.2252591929568
22.635292291641235,0.013050962098144131,1.0044484485181133,3.098442660088608,177.52768748636518
22.66831135749817,0.008661401933105117,1.0046384868191227,3.107013969820926,178.0187873589264
22.735034227371216,0.005591074206030829,1.0047504746377647,3.1134530424647266,178.3877190453943
22.768321990966797,0.0011735301367618162,1.0048738629597591,3.122472861655746,178.9045166170108
22.835057258605957,-0.0018991587647898996,1.0049364616482326,3.12826329745889,179.2362841500724
22.86838984489441,-0.0066158838800772606,1.005006974451497,3.1376606723918448,179.77471407223277
22.935258626937866,-0.009821606216338628,1.0050248583019517,3.1439070741672284,180.13260653110527
22.968295097351074,-0.01401372515868879,1.004997634542841,3.1531432187127333,180.66179863253547
23.035075187683105,-0.01681188122939843,1.0049582477638834,3.15990484322222,181.04921117958128
23.06829833984375,-0.021355847523735767,1.0048810605624168,3.1704968097043538,181.65608615575158
23.135076761245728,-0.024443619348079263,1.0047961248843351,3.1767432493986734,182.01398078721908
23.16828227043152,-0.028287051968256607,1.0046365987763888,3.185265411164371,182.5022646887213
23.235066413879395,-0.031517315681013514,1.0045114123350918,3.190975445014807,182.82942552922813
23.268253803253174,-0.03561101377627687,1.00429881354677,3.199104320110103,183.2951757643776
23.33500623703003,-0.038545562409320805,1.004132871248223,3.205094567943752,183.63839168348306
23.36824345588684,-0.04277456160982115,1.0038611132126225,3.2154450537014845,184.2314308333114
23.43508768081665,-0.045984660034508254,1.0036384830811407,3.222122266821976,184.61400696402495
23.468297481536865,-0.050380846794215416,1.0032826071248495,3.2309858731876293,185.12185420004218
23.535109043121338,-0.053598952616647974,1.0030045796770226,3.23683727760264,185.4571149772465
23.568314790725708,-0.05800389915317916,1.002579817789029,3.2447841755101496,185.91243868756814
23.635108947753906,-0.06051536599541509,1.0023012811480316,3.250025049977205,186.2127186754883
23.668203592300415,-0.06486351408793038,1.0018303802373565,3.258221475069912,186.68233924039555
23.735331058502197,-0.06751494763597254,1.00151138798934,3.2646255197564527,187.0492639727475
23.768303155899048,-0.07169428931191943,1.0009937639311335,3.2745198490116514,187.6161672801832
23.835301876068115,-0.07420294002710545,1.0006471506082975,3.28179752188014,188.03314722022446
23.868361473083496,-0.07815761897937551,1.0000868572823416,3.2929473023771383,188.67198258519974
23.93504285812378,-0.08097336235912445,0.9996621953608065,3.300435738559459,189.10103837359978
23.968385934829712,-0.08495779889540742,0.9990219450927976,3.31029712541066,189.66605422031938
24.03510046005249,-0.08786426244891488,0.9985372480829284,3.3158031174532634,189.98152432639318
24.06839346885681,-0.09185390102536707,0.9978305551094765,3.3237749880479366,190.43827886629242
24.135016441345215,-0.09420940236237663,0.997383112153422,3.3292904935753462,190.75429405489405
24.168294191360474,-0.09799845920964367,0.9966599130410966,3.3369642996145665,191.19397075374337
24.23501491546631,-0.10034955257150416,0.9961865664601294,3.342520284773009,191.51230525435946
24.268306255340576,-0.10450477387652807,0.9953565133113207,3.3524586636599896,192.08173241978537
24.334993600845337,-0.10698466216327457,0.9948212016875458,3.359182959478574,192.46700619038774
24.368233680725098,-0.11117911418032772,0.9939071943485633,3.368835239044289,193.02004107218357
24.43507742881775,-0.11376005428606578,0.9933086496650934,3.375512050628096,193.40259419653975
24.468215703964233,-0.11781302487876955,0.9923478107172414,3.384982151563764,193.94519101171645
24.535017728805542,-0.12067249776152075,0.9916464485687566,3.390832318669923,194.2803808963456
24.568228483200073,-0.12488800272959849,0.9905794885069406,3.400225594381076,194.81857595039742
24.634989500045776,-0.12759402381838325,0.9898624872562876,3.4062114337047262,195.161539280486
24.66822099685669,-0.1319052670154764,0.9887045025614227,3.414089448569582,195.61291628318358
24.734966039657593,-0.13477672113709746,0.9879032064985055,3.419377234270524,195.9158840868172
24.768239736557007,-0.1388644787370871,0.9867330975420017,3.426872483646667,196.34533024246824
24.83498501777649,-0.14168505297267797,0.9859076846555954,3.431502398668341,196.6106048327144
24.868226051330566,-0.14603405510082398,0.9846167323415392,3.4393038547299737,197.05759533910268
24.934932470321655,-0.1488443222685641,0.9837530609581533,3.445246072919125,197.39805936228692
24.968218564987183,-0.15319226408781658,0.9823950179057227,3.4551954592934795,197.9681172102824
25.034985303878784,-0.15572288077659666,0.9815605937388668,3.4620871446333026,198.36298169398646
25.06825304031372,-0.15975165621061532,0.9802198666373008,3.471847609955403,198.9222151630266
25.134945154190063,-0.16279319899391792,0.9791921515275585,3.4769639883629666,199.21536205217186
25.168197870254517,-0.1672400380796597,0.9776519397479657,3.4838974753784284,199.61262159546658
25.23503804206848,-0.16935417554110896,0.9768660072517602,3.488660307002381,199.88551174605053
25.26824140548706,-0.17358729486041707,0.9753452999858231,3.4962508936741203,200.32042032636943
25.33494210243225,-0.17608621148186873,0.9744106301987278,3.501358666008786,200.61307412385946
25.368210792541504,-0.1798950302562801,0.9729714883079137,3.5094462097674195,201.07645624785653
25.434921741485596,-0.18289892094806962,0.9718314094388846,3.515088711431058,201.39974777907855
25.46822690963745,-0.18685852349248472,0.970275690024698,3.522941859417063,201.8497000145683
25.53497838973999,-0.18907371934133216,0.9693682517229324,3.5277178874235995,202.12334626217913
25.56827664375305,-0.1926721321167214,0.9678977551151886,3.534896356507731,202.534642244065
25.635015726089478,-0.19463130092213488,0.9670640880916986,3.539726270853419,202.81137595148263
25.668266534805298,-0.19839704263189456,0.9654925735915887,3.5469740859375434,203.2266451664942
25.734978914260864,-0.20123903108717717,0.9642922351508507,3.552090659238559,203.51980322221172
25.7684485912323,-0.20533693141846115,0.9625221992212817,3.5594901144847677,203.9437607785154
25.83497142791748,-0.2077716503190924,0.9614345636935084,3.564032890096975,204.20404264836984
25.8682279586792,-0.21174199321118145,0.9596556127351521,3.5702543876922683,204.56050820283093
25.935006141662598,-0.21441648121323428,0.9584373392309697,3.5744430509346787,204.80050092842265
25.968286752700806,-0.21865538720537636,0.9564913073533026,3.580449335884098,205.1446357065773
26.03522562980652,-0.22144054276296474,0.9551874286755299,3.5843486562717466,205.3680503077589
26.068275451660156,-0.22544519988241582,0.9532850891483441,3.590389789968998,205.71418177208565
26.13524580001831,-0.2284632767286013,0.9518445278491668,3.595149182960585,205.98687490354774
26.168328285217285,-0.2324843788623522,0.9498784877437778,3.601405166800363,206.34531637426906
26.235082149505615,-0.23511038442321291,0.9485736286742611,3.604985283343358,206.55044194234765
26.268279552459717,-0.23881533906465552,0.9467089906907581,3.610714373956384,206.87869465492204
26.335012912750244,-0.2409453757913798,0.9456114221411607,3.6151431666380747,207.13244578392136
26.36833906173706,-0.24428383225473452,0.9438873465736559,3.62206629145738,207.5291116171098
26.435189962387085,-0.24702219012388002,0.9424765572991871,3.627646140805589,207.848813435081
26.468419313430786,-0.25034392811432415,0.9407078387000581,3.6352972597700832,208.28719026029904
26.535072565078735,-0.2527012400886532,0.9394404563639179,3.6405292199792263,208.58695949886334
26.5683434009552,-0.25634203025203733,0.9374625501800125,3.6482660084692906,209.0302448263294
26.634958505630493,-0.25928320528532245,0.9358559479175039,3.6535365315071413,209.33222355222472
26.66836452484131,-0.262981739547279,0.9337741698713128,3.6610090983967933,209.760370097131
26.7351176738739,-0.26565536866375294,0.9322539692774,3.6656917830147586,210.02866816253123
26.768609046936035,-0.2694663142088734,0.9300510936065859,3.6723861571150884,210.4122275449618
26.835094451904297,-0.2718789279919122,0.928629552498443,3.6774836448452297,210.70429207801863
26.86832618713379,-0.27615582035015596,0.9261121377519533,3.6856336398210208,211.17125239318426
26.935035467147827,-0.2787804436975293,0.9245237423375166,3.691263899491461,211.4938425098632
26.968344688415527,-0.2824629900071639,0.922254844637058,3.700171574245988,212.00421467857285
27.035306453704834,-0.28436026552604565,0.9210384625086735,3.707079195474532,212.3999922214434
27.068299293518066,-0.2883996974296183,0.9184993928260009,3.716657829540624,212.9488075269307
27.134990215301514,-0.29109689888630585,0.9167621018314352,3.723565591436906,213.34459312946893
27.16827917098999,-0.29432010986736734,0.9146124896683274,3.7339413788921645,213.93908195978003
27.235027074813843,-0.2967619451714369,0.9129741568387664,3.740151478667945,214.29489446728738
27.268281936645508,-0.300135124560002,0.9106644276879676,3.7496359516029583,214.83831473736973
27.334994077682495,-0.3025524139141881,0.9089885769128132,3.755907450112537,215.19764513319117
27.368273973464966,-0.3061244081917918,0.9064733924799336,3.7656603233371766,215.75644360708915
27.434971570968628,-0.3082817456059397,0.9049094948057997,3.7728813761625664,216.170179457625
27.468291759490967,-0.3114427813935416,0.9025851928815013,3.7842986655863147,216.82434195508515
27.535053491592407,-0.3136932169824146,0.9009048775073667,3.791400082302759,217.23122316150105
27.568249702453613,-0.31702702070369143,0.8983747078502741,3.8020005112216553,217.83858299958223
27.63496422767639,-0.3191314184635877,0.8967351123522803,3.8095144615923826,218.26910064329567
27.668209314346313,-0.32229889310189747,0.8942333350377693,3.821149839212532,218.9357586739712
27.73518991470337,-0.32459308103869516,0.8923930312364676,3.828788435897546,219.3734180254251
27.768332958221436,-0.32795395988405673,0.8896446844669907,3.8398911316735496,220.00955563460786
27.834919691085815,-0.32977513946104603,0.8880913898562013,3.8464879425308487,220.38752505497717
27.868194341659546,-0.33306317516318135,0.8853077516610718,3.8564890048304497,220.9605437153917
27.93497061729431,-0.3352899109945042,0.8833847633233416,3.8638450168563785,221.3820121585249
27.968193769454956,-0.3386743414751637,0.880418026828933,3.8739076574234788,221.95855899377688
28.034963130950928,-0.3404401473409576,0.878800928216009,3.8796035453978917,222.28490933529005
28.06821084022522,-0.3435380057547352,0.8759860393760288,3.888454793479715,222.79204849380181
28.13489818572998,-0.3458061478475291,0.8739038557247543,3.8955300953364076,223.19743342897138
28.16820740699768,-0.34889101406615064,0.8710043467108926,3.9060646965449948,223.80102161707683
28.23517918586731,-0.35070660613167776,0.8692448980225255,3.9125892770538786,224.1748525433292
28.26819348335266,-0.35413641795696055,0.865947548017277,3.922558958987325,224.7460732412035
28.335004091262817,-0.3560213067791842,0.8640627929354402,3.929631320389631,225.15128970074684
28.36820149421692,-0.35889784725167445,0.8611600964840973,3.939791431199515,225.73342116953845
28.435187101364136,-0.3607554840362983,0.8592463766156505,3.945762507629101,226.0755386481038
28.46823811531067,-0.36407739147241314,0.8558335165470456,3.9545896277695736,226.58129537740777
28.53511691093445,-0.3659965838374225,0.8537964033524588,3.9602222578618322,226.90402130925258
28.568294763565063,-0.36879554866010006,0.850790237079061,3.968938583931734,227.4034300059178
28.63501477241516,-0.3706917321770799,0.8487264103152408,3.9751464127500564,227.75911239714736
28.668286323547363,-0.37312424577332276,0.8460142501228642,3.9840675083630184,228.27025352440276
28.73516082763672,-0.37519008760071626,0.8437250026124955,3.9894203996676016,228.57695160434767
28.76833963394165,-0.3779619031486795,0.8405856187597869,3.997710701885742,229.05195093233505
28.834973096847534,-0.37980304148099103,0.8384656548352521,4.003199384510751,229.36642928183483
28.868237495422363,-0.3823428407791741,0.8354903397090934,4.01113263960621,229.8209713166053
28.935219526290894,-0.38397356399832516,0.8335495085092017,4.0166005219089795,230.13425789542828
28.96838617324829,-0.3869210176556987,0.8300546824783221,4.024070240637076,230.56224125269802
29.035046815872192,-0.3887020961254877,0.827887892393476,4.028775464791238,230.83183073839453
29.068268299102783,-0.3913653085847405,0.8246174757486626,4.035887631834047,231.23932789313952
29.134971857070923,-0.39312236946948437,0.8224283234427356,4.041001280474523,231.53231837815161
29.16823410987854,-0.3958341858332169,0.8190226035331536,4.04883753500853,231.98130269014044
29.234976053237915,-0.3978231384796145,0.8165002060553003,4.054166812220508,232.28664778224206
29.268285989761353,-0.40024762198475927,0.8133385687099777,4.061873024234184,232.7281812066587
29.33530879020691,-0.40185904658463184,0.8112114398176432,4.066742067171982,233.0071568172625
29.368531703948975,-0.40447775867404895,0.8077453086366094,4.074023224344316,233.42433639320865
29.43496012687683,-0.40597371459341164,0.805710624092914,4.07912426832565,233.7166046844497
29.468251705169678,-0.40827217156957724,0.802566842542371,4.087579786264399,234.2010701759372
29.5350399017334,-0.4098969315128266,0.8003228374710708,4.093580589930891,234.5448908997138
29.56831669807434,-0.41225356728863943,0.797011448572201,4.102472535649278,235.05436186103682
29.635079860687256,-0.41402981181399146,0.7944952637662165,4.108002222487778,235.3711895789119
29.668288707733154,-0.41642220410073266,0.7910300619363908,4.1166587273666195,235.8671707738039
29.734987020492554,-0.4178339281861251,0.7889287580488115,4.123142945144609,236.2386890859264
29.768287420272827,-0.4199883624267612,0.7856936998644372,4.132453527575514,236.7721461640259
29.835291624069214,-0.4215967490591505,0.7832585974891222,4.137817929700658,237.07950376540765
29.868232488632202,-0.4237227241241813,0.7799606085216709,4.146126604560372,237.55555576821575
29.93506145477295,-0.4253094349132538,0.7774841120933659,4.151132275284283,237.84235957432804
29.968246698379517,-0.4277010064267031,0.7737034188331127,4.1584445818182205,238.2613238772286
30.03496742248535,-0.42909877781941974,0.7714301082634569,4.163047652555116,238.5250604032529
30.06824278831482,-0.43145211987649573,0.7676051080396499,4.170096359914542,238.92892158597078
30.135015964508057,-0.43311968993616723,0.7648598801977354,4.174887778693058,239.20344965985944
30.168589115142822,-0.43546122942503307,0.7609360751960352,4.18235316829646,239.6311849765553
30.235303163528442,-0.43708736873314474,0.7581732982903819,4.188269683360315,239.9701763191397
30.26828145980835,-0.43939363650151936,0.7541840188965462,4.197000557749396,240.47041857309293
30.334978580474854,-0.4408812989315719,0.7515564328545921,4.201167177740205,240.7091483134011
30.368248224258423,-0.44315839784854116,0.7474949913484766,4.20774181084355,241.0858470420698
30.435194969177246,-0.44422431655991507,0.745504377676444,4.212571135763062,241.36254697785517
30.46818780899048,-0.44617176232265926,0.741925271024374,4.219958064572706,241.7857868222114
30.534947872161865,-0.44742920731890484,0.7395733006694467,4.2251149168749045,242.08125269469969
30.56838059425354,-0.44932096694713886,0.7359971808590523,4.232858302205851,242.52491599330642
30.6350576877594,-0.45048276570646995,0.7337488508469525,4.238388119202821,242.84175116871253
30.66851258277893,-0.45250315827989357,0.7298434368401537,4.246654300641506,243.31536847783852
30.734965801239014,-0.4536495152335237,0.7275422306164772,4.2520785705244215,243.6261562490695
30.76828169822693,-0.45543699226394047,0.7239329416894932,4.260227948117079,244.09308119078725
30.835002183914185,-0.456730948522604,0.7212900864731484,4.26649775395447,244.45231460363624
30.86826515197754,-0.4580747771293874,0.7184005422240718,4.275653722062994,244.9769129336111
30.935011863708496,-0.4592165955370365,0.7159732891604679,4.281995698541059,245.34028141957543
30.968454122543335,-0.46074052720500513,0.7126426692012028,4.291567612823762,245.88871170983532
31.03514003753662,-0.46202325467759264,0.7098361685308117,4.297684536241782,246.2391856052926
31.068391799926758,-0.46382487631569275,0.7057833252970964,4.305475647087773,246.6855833744865
31.13523244857788,-0.46493485098311516,0.7032093244863693,4.311485058139486,247.02989726510893
31.16838788986206,-0.46645427466265266,0.6995996282875083,4.320247875337687,247.53196970721046
31.235018491744995,-0.46752988124170486,0.6970090255315482,4.325614004586711,247.8394262655013
31.26830744743347,-0.4691097384838555,0.6931370872992239,4.333184715756311,248.2731960634319
31.335185289382935,-0.47026182883941126,0.6902791871754393,4.33768959751857,248.53130677561478
31.36823058128357,-0.4718058625618974,0.6863466651283422,4.343775640861091,248.88001137307495
31.43497133255005,-0.4728678055255937,0.6836075711134493,4.348444892424487,249.1475397811424
31.468238353729248,-0.47430182744649546,0.6798222928663683,4.3550977863097255,249.52872252231495
31.53501296043396,-0.47529715078094853,0.6771550882005803,4.360226340336767,249.82256702306924
31.568227767944336,-0.47674863533103556,0.673204718946515,4.368403855386434,250.2911041223199
31.635024309158325,-0.4775939895325673,0.6708163060676315,4.374003014547331,250.6119123110613
31.668230533599854,-0.47898168664282925,0.6668820295327337,4.382390056518291,251.0924544185964
31.73500967025757,-0.47994143767513586,0.6641030262325404,4.387583028434321,251.38998979251485
31.76822543144226,-0.4812379898407498,0.6602363038241751,4.394597417607256,251.7918846879863
31.834989309310913,-0.48211266235387157,0.6575817459123519,4.399861510597538,252.09349499929385
31.86820387840271,-0.4835012672485037,0.6533199886525043,4.407725667177325,252.5440779807457
31.934997081756592,-0.4843852440348018,0.6505169827045855,4.412158973825049,252.79808774094755
31.96822953224182,-0.48573209519042954,0.646186446046697,4.418812331494349,253.17929705498946
32.035006046295166,-0.48658031602780427,0.6433785888634455,4.423659639185164,253.45702732767447
32.068357944488525,-0.4876991073170504,0.6395604990719465,4.430865641447825,253.86990084448666
32.1350302696228,-0.4886043303169984,0.6364781457526606,4.4360123792512365,254.16478719888258
32.16828942298889,-0.4898066259915673,0.6322378519958997,4.44417455920631,254.63244566193455
32.235034465789795,-0.49062473387404787,0.6292781526759353,4.4499647273079805,254.96419785683156
32.26830697059631,-0.49181454093932064,0.6248615806140912,4.458333208294407,255.44367649828928
32.335026025772095,-0.4925868604349866,0.6218930988417718,4.46355571495735,255.74290408855484
32.36834478378296,-0.49367877574120816,0.6175806654383839,4.472134574570338,256.2344365374143
32.43502616882324,-0.49445452301947135,0.6144437365726615,4.4777807121769895,256.5579363928255
32.46838045120239,-0.49544224596998365,0.6102665500065967,4.486384715861513,257.0509094908638
32.534998655319214,-0.496027261965655,0.6076687936968683,4.492493100243263,257.40089413558167
32.56831121444702,-0.4969134768614354,0.6036651708846797,4.501499901231544,257.9169458191244
32.63531851768494,-0.49753369242532913,0.6007913441011229,4.507067090613134,258.23592227443953
32.668620586395264,-0.49836032696441873,0.5967864333668911,4.5145647746736195,258.6655079272279
32.73504590988159,-0.49891123805914295,0.5940387866161257,4.520115047010252,258.98351510726513
32.76834034919739,-0.499682634792298,0.5900517984382162,4.528873321796624,259.4853272883401
32.83503556251526,-0.5002266414769448,0.5871601526003981,4.5345773016694935,259.8121412614831
32.86831998825073,-0.501001285190605,0.5828759387997298,4.542707298390313,260.27795576104126
32.93503284454346,-0.5015007728292323,0.5799798854328903,4.5483811806551575,260.603045268271
32.968297243118286,-0.5022466902588865,0.5755134215875718,4.557293630135706,261.1136910086299
33.035199880599976,-0.5027524218068012,0.5723441683260785,4.563960880118251,261.4956962935884
33.068357944488525,-0.5034056430137545,0.5679517955915223,4.573506108004725,262.042597565974
33.13508749008179,-0.5037375160061667,0.5654471803949541,4.579495302045345,262.3857531071864
33.168262243270874,-0.5043685296019751,0.5608279822450092,4.587798773443368,262.86150697360074
33.235265493392944,-0.5046660645746507,0.5583167942906557,4.593168998346061,263.16919819556114
33.2682683467865,-0.5052553863323839,0.5535556345800023,4.6009046564023155,263.61241875394086
33.33532190322876,-0.5055391038099243,0.5509070264652696,4.60628216500743,263.9205273013092
33.36830806732178,-0.5060049473846325,0.5465406916631634,4.614806731752898,264.4089489980021
33.434998512268066,-0.5063290150860139,0.5433470174465925,4.620863728161473,264.75598932873936
33.468350648880005,-0.5066954274780386,0.5392164401733999,4.628752038901113,265.20795624160843
33.534996032714844,-0.5069585505683615,0.5361525133808901,4.633832908435309,265.49906862217443
33.568352460861206,-0.5073368150100387,0.5314676233352659,4.64174880709734,265.9526162065621
33.63507914543152,-0.5075254218371547,0.5286778231072615,4.646618093854391,266.23160578698
33.668373346328735,-0.5078008654384087,0.5244055649798469,4.653710107795484,266.6379482540526
33.7350537776947,-0.5079478042596545,0.5217493215856222,4.658283004809411,266.8999559530986
33.76827597618103,-0.5081870730245385,0.5173891132316577,4.665820633266932,267.3318302512523
33.835062742233276,-0.5083037312216425,0.514722735327781,4.671846924616782,267.67711131171484
33.868332862854004,-0.5084633642106485,0.5106611372538588,4.681895775668518,268.25286806593493
33.935049533843994,-0.508532354151189,0.5081273730376964,4.688658417533794,268.64033890317376
33.96829128265381,-0.5086532494505406,0.5036790330614557,4.697890395816361,269.16929229532127
34.03500938415527,-0.5086787389759214,0.5011497144339765,4.703697970318451,269.50204180349886
34.0684175491333,-0.5087182977064868,0.49697113193188447,4.713407118927375,270.05833504145545
34.135053873062134,-0.5087229239507608,0.4940290160015244,4.719854975469709,270.427770008237
34.16825771331787,-0.508678922947888,0.49025149188303246,4.729565113042038,270.9841199096229
34.23500466346741,-0.5086361148839325,0.4874454524683131,4.736074745736699,271.35709438920736
34.268256187438965,-0.5085396864892201,0.4834180080872875,4.74578470593817,271.9134341279916
34.33507752418518,-0.5084521348683465,0.4803388062990589,4.751837429652736,272.260229651395
34.368252992630005,-0.5082864622616026,0.4762797099346428,4.761616661033367,272.820538336387
34.434980154037476,-0.5081513712699449,0.47361312030297353,4.768165384587057,273.1957525572114
34.46825814247131,-0.5079295017555769,0.46987072114770884,4.777720417438338,273.74321561269863
34.534998655319214,-0.5077670602868453,0.4676104952131491,4.783556158742033,274.07757895973054
34.56830978393555,-0.507493492730612,0.46367416775974013,4.792641593754537,274.5981360409874
34.63510513305664,-0.5072842650110373,0.46101064603238723,4.798466238299008,274.93186359054954
34.66841173171997,-0.5069180005849474,0.4564729220217993,4.807062473241465,275.42439157245514
34.735044956207275,-0.5066614689025661,0.45381931546568877,4.812586980225032,275.74092250650415
34.76836109161377,-0.5062084799339268,0.4490822118778644,4.821138183192045,276.2308703462737
34.83506393432617,-0.5058803610626116,0.44602857577042115,4.827026432610047,276.5682421866456
34.86828827857971,-0.50537272513196,0.4416376776671273,4.835530040665015,277.0554630388287
34.93504452705383,-0.5050219514766384,0.4388572723215622,4.841149219967444,277.37741829718516
34.96829295158386,-0.5044435998593267,0.43434850184667806,4.849455287708855,277.85332092311774
35.03527808189392,-0.5040819858458317,0.43185064633283216,4.85518871228072,278.1818219532422
35.068331241607666,-0.5034484424738703,0.42738215891514225,4.863230758779992,278.6425972762985
35.13507604598999,-0.5030513375749316,0.42486722794242016,4.86856608935837,278.9482892007466
35.16863775253296,-0.5024343919636513,0.42101435550894606,4.876246406846574,279.38833897814123
35.23525357246399,-0.5019453721789496,0.4179742097239054,4.881718896496526,279.7018895385125
35.26827049255371,-0.5012344432137122,0.4138199913726777,4.89040228096479,280.19941082043346
35.33502674102783,-0.5007563290681338,0.4111922797848334,4.895846921095628,280.511365720898
35.36834955215454,-0.5000776800635255,0.40764286293212026,4.9038580298252485,280.97036844032573
35.435025691986084,-0.49954971067517073,0.4048782325537705,4.9104771587175735,281.34961658990903
35.468353271484375,-0.49866997955105996,0.4003853363091375,4.919787637024447,281.883067702141
35.5350775718689,-0.4980902204260085,0.3976364459006368,4.9250089423915915,282.1822264632274
35.568350315093994,-0.4972249730568328,0.39365819510561645,4.9329087240319565,282.63485061029525
35.635109663009644,-0.49661257507354045,0.3909197498889444,4.938176745407541,282.93668600150096
35.6683669090271,-0.49567305845461135,0.38682708005848954,4.945530356048097,283.3580168553873
35.735071897506714,-0.4950525527321154,0.38423266194842526,4.950677915879422,283.65295030851325
35.768293619155884,-0.4940666734296482,0.3801654191268362,4.958002826877894,284.0726367940347
35.835023641586304,-0.49338579275550337,0.37744427232275746,4.962955819809169,284.3564223849549
35.86831712722778,-0.49240869720476477,0.3736628912099562,4.97088703447477,284.8108475117061
35.93505644798279,-0.4918147481909989,0.3714767806615516,4.976169650023585,285.11351908744336
35.96831822395325,-0.4908505137154808,0.3679301726243973,4.983766410672315,285.5487814105866
36.034993171691895,-0.4901710256147898,0.36548193416915836,4.989596661373016,285.88283016924
36.06826591491699,-0.4891661324651855,0.36196366685885856,4.997671176049159,286.3454657817994
36.1353325843811,-0.48835315055173173,0.3591291276403465,5.003287024311,286.6672301855888
36.1683189868927,-0.4871395633101591,0.3550325288297191,5.012193326520575,287.1775237132655
36.2350389957428,-0.48631386733938026,0.3523488578912249,5.018177611947433,287.52039801162607
36.26825165748596,-0.4851348782444928,0.3486400834791075,5.026844437830856,288.01697055652096
36.33498549461365,-0.4842457638606376,0.34587339116855936,5.032785680636244,288.35737869433217
36.368306159973145,-0.48275596779226,0.3413122274193229,5.042055141369205,288.88847967269305
36.435019969940186,-0.48184398169611686,0.33866416022536294,5.048111812216945,289.23550135016853
36.46827745437622,-0.48039870046956623,0.3345188713727609,5.057135933010041,289.7525453854292
36.53504395484924,-0.47949021576332623,0.3320180949368405,5.0631812504699045,290.0989165616961
36.56832981109619,-0.47799114956426914,0.3279098776687486,5.071768079017571,290.5909055968798
36.635082483291626,-0.47696537757796986,0.3251727154360251,5.076614850437269,290.8686051434932
36.668292760849,-0.4753985083725456,0.3210582724779517,5.083593242302924,291.2684375451836
36.735153675079346,-0.474288173104874,0.31819128631230487,5.088390749590021,291.5433144649175
36.768264055252075,-0.47266551508728083,0.314084203536298,5.096748719714899,292.0221908783695
36.835033655166626,-0.4716107810879987,0.31149232516564496,5.102234595669177,292.3365084174819
36.868319511413574,-0.46989171866976126,0.30729341332577437,5.110368894328883,292.80256939998196
36.935033082962036,-0.46880142127484475,0.30471679325090195,5.115930366225783,293.1212182675549
36.968140840530396,-0.4670752075076985,0.30067220487473845,5.124524077261499,293.6136016402565
37.03502893447876,-0.46584749395453834,0.29785126868543643,5.130171920324469,293.9371992111169
37.068336963653564,-0.4641581979392386,0.2940745424452064,5.139124519814064,294.4501453775417
37.13502740859985,-0.46311643225115484,0.2918154119806008,5.144968400329299,294.7849750670434
37.16830515861511,-0.4615639579138675,0.2884997007350125,5.154227470019402,295.3154806825038
37.235140562057495,-0.46026068482017146,0.2857021588241191,5.160881687769632,295.696739275553
37.268396615982056,-0.45867938881402415,0.2824588552169621,5.1712032766009965,296.28812275345956
37.33509850502014,-0.45721883161207244,0.2794322998834341,5.1776539724863895,296.657720402615
37.36830973625183,-0.45532990705450416,0.2756708258917857,5.1869992582279805,297.1931658339519
37.43504977226257,-0.4542782038038483,0.273672154326753,5.193031161232385,297.5387684185366
37.468278884887695,-0.452566008782229,0.27040961729047847,5.20187836052205,298.04567559834555
37.53498458862305,-0.4513583785229595,0.26814428058687717,5.208203435231384,298.40807568429534
37.56829762458801,-0.4494808985830546,0.2646619602736406,5.217116909600335,298.91878014643424
37.635071992874146,-0.4483057570660857,0.2625494723735817,5.222670734419995,299.23699086875575
37.66832637786865,-0.44639085700056924,0.25911654809396234,5.231120670901179,299.72113656628125
37.735132694244385,-0.44500364128914854,0.25666691941647374,5.237296096028496,300.0749623627755
37.76832890510559,-0.44300501199222925,0.25321277951807086,5.2462338994373425,300.5870607762201
37.835047006607056,-0.44177186165793436,0.2511451968049323,5.252353219080806,300.93767196528205
37.868314027786255,-0.43960085345339905,0.24749365027229694,5.261169492582623,301.4428072279692
37.935062408447266,-0.4383394900393332,0.24545225867941328,5.266681403324349,301.7586164505229
37.96831655502319,-0.4363199303541165,0.24219379472441072,5.27508724446503,302.2402356711413
38.034991979599,-0.43482823340747867,0.23981076968291543,5.2802803681788175,302.5377797424307
38.068281173706055,-0.43238827093337473,0.23594608905731357,5.287485416992819,302.9505986306587
38.13511109352112,-0.4309223023073855,0.23369516739953966,5.292733253914102,303.2512775378212
38.16830277442932,-0.4286324079352604,0.23020075957418132,5.3003226630009515,303.68611864749585
38.235326051712036,-0.4269254878126261,0.22762106841332594,5.3053465466529115,303.97396597751793
38.26827907562256,-0.42496895417771685,0.22476690592767773,5.3130373719522686,304.41461780814353
38.33509087562561,-0.4233638803851859,0.22241354808323904,5.318760007108743,304.7425006503027
38.36828827857971,-0.42099794603686896,0.218993774085215,5.327748560565297,305.25750682729097
38.43509030342102,-0.41930707016696045,0.21658762297536252,5.333080997847838,305.56303297809876
38.46832799911499,-0.41702274321179006,0.2134093103834729,5.341105678116634,306.0228132894427
38.53506517410278,-0.4152230765276259,0.21091093622400847,5.346726305523733,306.344851518085
38.568325996398926,-0.41264439676205283,0.2073984288687643,5.355020539606646,306.82007612532954
38.635075092315674,-0.4109642331655366,0.20515783455448086,5.360047965120946,307.1081263891153
38.668436765670776,-0.40866240011884464,0.2021424818745244,5.367421191652412,307.5305811507622
38.73509430885315,-0.4071927724914012,0.20024732610033505,5.371937770500193,307.7893620565781
38.76833701133728,-0.4048319868009945,0.19720705381447726,5.378713475182325,308.1775813380913
38.835015296936035,-0.4029459829096868,0.1947797962706727,5.383595737469214,308.45731436160594
38.86831760406494,-0.4004361916439265,0.1916228841545115,5.390635039703793,308.8606366703643
38.93506145477295,-0.39876029554980846,0.1895453802649993,5.395129529359256,309.1181519586875
38.96828365325928,-0.39622427799576293,0.18642812547943532,5.402027750830369,309.5133909351288
39.03502702713013,-0.3942744936536605,0.18404291022404046,5.406481255585537,309.7685579616414
39.068342208862305,-0.3918479148270375,0.18114935602119925,5.4134222561182295,310.16624799776275
39.13525676727295,-0.38995599714589674,0.17889357809542505,5.418382452742927,310.45044632991295
39.168325901031494,-0.3871481914824697,0.17559118989688513,5.4258867765177445,310.88041241030965
39.235116720199585,-0.38531745725665456,0.17347655576450047,5.431348042826194,311.1933199205808
39.26831316947937,-0.38263477555195524,0.17041928436528703,5.439035560605013,311.6337822442389
39.335052728652954,-0.3805117149934227,0.1680073982758214,5.44420825407536,311.9301557488047
39.368412256240845,-0.3772999943897247,0.164409386307547,5.452084442120404,312.38142808243714
39.43508791923523,-0.37558478654653166,0.1625571512110476,5.45781106465172,312.70953938434604
39.468326807022095,-0.37251665815007673,0.1592246039740132,5.46625830941549,313.19353085782404
39.53506851196289,-0.37023697691600466,0.15677590429298655,5.472040569116049,313.52482993471466
39.568358421325684,-0.36696870762184597,0.15332894563878546,5.480442579600093,314.00622967487504
39.63501715660095,-0.3650187765469175,0.15132791442316929,5.486438380476425,314.3497637598897
39.66830897331238,-0.36181273325645325,0.14804662402247304,5.495485621005631,314.8681324584529
39.735032081604004,-0.3600172926116305,0.14627082555200455,5.501368406447694,315.20519123606414
39.76832461357117,-0.3568049373821653,0.1430722143887428,5.509919448300606,315.69512984467576
39.83499836921692,-0.3547966351069543,0.14112077922574634,5.5157855647565315,316.03123355973247
39.868282318115234,-0.3517351400527535,0.138172696210878,5.524769133583958,316.54595413850933
39.935049057006836,-0.3497954268627887,0.13634585104607533,5.529679118014969,316.8272755238812
39.968432664871216,-0.3466218125458983,0.13336200831879946,5.536527522377505,317.2196601902535
40.03514337539673,-0.3443684287304337,0.13126646200963063,5.5410409362829505,317.47825975823116
40.068334102630615,-0.3407156186168036,0.12789051753389263,5.548534052769204,317.90758370829343
40.13506555557251,-0.33853612846147907,0.12593030476080525,5.553945192554565,318.2176191803499
40.168314695358276,-0.3353158264598061,0.12306514938021276,5.56219062649036,318.6900477451249
40.23502516746521,-0.33300961845356425,0.12103446960561913,5.567589747041184,318.9993945657695
40.26831078529358,-0.3294493188365826,0.11793039672351747,5.576146796742726,319.4896773987515
40.33530330657959,-0.3274154453635224,0.11621280243251517,5.581775053750212,319.81215277129536
40.36830472946167,-0.3240445937282404,0.11336668411411932,5.590300337727799,320.3006155623616
40.43507409095764,-0.3222924593838344,0.11194553627054891,5.59626749952357,320.642508748931
40.46833848953247,-0.31938356418079517,0.10957644864707682,5.605678500668961,321.1817193955547
40.535062313079834,-0.31709475249298563,0.10771991482492221,5.6128077821002185,321.5901971325267
40.568350076675415,-0.3140452556904723,0.10531076974223508,5.623986270638463,322.2306773471035
40.63509249687195,-0.3117231494675735,0.10349647797816038,5.630783690903772,322.62014083988237
40.668346643447876,-0.308623664412226,0.1011389011840621,5.64051701737027,323.1778193670357
40.73506546020508,-0.3066964244736371,0.09970955395707379,5.647035868882053,323.5513220459334
40.76828360557556,-0.30383938513083203,0.09761478992259277,5.6563111653030065,324.0827573845868
40.83537840843201,-0.30156271645895816,0.09594908058106237,5.6623043070633,324.42613911347524
40.86834692955017,-0.29845425776765566,0.09372703244924264,5.671872115466627,324.97433415417566
40.93504285812378,-0.2964827950744079,0.09235250820154678,5.67800137097719,325.32551462648826
40.96863317489624,-0.2927882080318231,0.08976211092312011,5.687264970408419,325.85627977699744
41.035046339035034,-0.2903561385698125,0.08810217826405457,5.69383977215745,326.2329881683521
41.06831693649292,-0.286980975649862,0.08585104560809802,5.703204411717032,326.7695424917775
41.13502740859985,-0.28485623572499624,0.08446983444965532,5.709167186702947,327.1111843326566
41.168283224105835,-0.28125124951698804,0.08212587129975628,5.718325637280169,327.63592489761055
41.2350172996521,-0.27921814448179416,0.0808544119917096,5.723327708910659,327.92252249085976
41.26827096939087,-0.2755909517228491,0.07856764763970876,5.730019355050399,328.30592557266186
41.33500409126282,-0.2729789820044199,0.07694018545113439,5.734619785476514,328.56951082002183
41.36835956573486,-0.26925382544677745,0.07465933267601108,5.741497681361196,328.96358522614446
41.43504619598389,-0.2663948687555038,0.07292003792921808,5.746209029055201,329.2335255648297
41.46828889846802,-0.2630624339425543,0.07096271249173418,5.75478689453356,329.72500105397063
41.53501796722412,-0.26075554688999614,0.06962229992788087,5.760506351449918,330.05270179638484
41.5682737827301,-0.2569974185090139,0.06745050688040712,5.768600617705188,330.51646909106694
41.63501477241516,-0.25432498681841087,0.06592901463230173,5.7743849878122315,330.84788908534216
41.66842699050903,-0.2506125156751712,0.06386264217182092,5.782785468660959,331.32920118385476
41.735005378723145,-0.24838681045078204,0.0626604781006763,5.788332005365307,331.64699432792827
41.768308877944946,-0.24506817697736188,0.06088533290193718,5.796896109563363,332.1376813537872
41.83510160446167,-0.24305929225078726,0.05983978621430807,5.802496029382941,332.4585331250606
41.86833953857422,-0.23930747770921085,0.05786515729154761,5.810720748729977,332.92977483132535
41.935030698776245,-0.23657308472710684,0.05644956415318719,5.815469207080609,333.20184145401026
41.968337297439575,-0.23282529868553442,0.05455602704756604,5.822332686363682,333.5950898497058
42.03499484062195,-0.2303132944388837,0.05330774963877422,5.827059048671971,333.86589046242045
42.068350076675415,-0.2269201053288976,0.0516584229306336,5.832971904410691,334.20467214111886
42.13504672050476,-0.2246346311544463,0.050559054194763114,5.836736979962045,334.4203950797593
42.16832399368286,-0.2209116293706827,0.04877018105661289,5.8432089021026306,334.79120890375214
42.235061168670654,-0.21849422415139125,0.04763243371050628,5.847920772883441,335.0611792131036
42.26833701133728,-0.2149860659030335,0.04600631738934778,5.855058833450191,335.47015995748717
42.335036754608154,-0.21279913935340228,0.045016904641800824,5.860294769775541,335.7701570107289
42.368269205093384,-0.20944737243388284,0.04351393989577708,5.868657261144983,336.2492924724125
42.435059785842896,-0.20675266230962758,0.042311209363113986,5.874343617367359,336.5750966847626
42.46832203865051,-0.2029602976735945,0.04066121085177715,5.883358781248187,337.09162752675286
42.53529691696167,-0.20037584828144567,0.03956419078476513,5.889284588700693,337.4311512839886
42.56830406188965,-0.1969172693546408,0.03813960298856816,5.89826460828163,337.9456685059211
42.63507914543152,-0.19444174995416372,0.0371340023568235,5.9041740132475224,338.2842524699004
42.66828727722168,-0.1907332758678452,0.035654846565221526,5.9118563888300955,338.7244201674162
42.73505401611328,-0.18786729354876955,0.03452181948849653,5.916486358094957,338.9896978655681
42.76833248138428,-0.18421834589903638,0.03312938341160832,5.92398335502696,339.41924414879435
42.83499813079834,-0.1815927620987157,0.03213908941558073,5.928429136799728,339.6739686810102
42.86868977546692,-0.17726344161143745,0.030517230649281787,5.934616883428009,340.028500447507
42.935078144073486,-0.17489749020898535,0.02967059259741862,5.938695374253854,340.2621807586107
42.96836519241333,-0.17081442403506403,0.02819996919526427,5.945373381550284,340.6448023922537
43.03499102592468,-0.16829719365983883,0.027322057494043584,5.950235093830021,340.9233579870896
43.06831192970276,-0.16486622398923217,0.026153753675560814,5.958272498849163,341.3838673729237
43.13506555557251,-0.1623335028639218,0.025298893084914016,5.963514260142305,341.68419817223577
43.16829586029053,-0.1586810553073038,0.024092795942849434,5.9718461314283084,342.16157923237
43.235037326812744,-0.15600809376866223,0.023224818267305,5.976751312667823,342.442625415141
43.26839733123779,-0.15151372377535793,0.02177770116578286,5.984320769052267,342.8763233191779
43.33503699302673,-0.1489634979278771,0.021000006961552468,5.989683668151577,343.1835948035229
43.36830163002014,-0.14479544527613375,0.019736152966152647,5.998195408090327,343.6712815783262
43.43502688407898,-0.14223656300329787,0.01899380055732867,6.004292271741023,344.02060613377785
43.46830725669861,-0.13805576395345345,0.01779158687078633,6.01367488869834,344.5581904862199
43.53508234024048,-0.1354825270283519,0.017087630214045163,6.019786353943025,344.9083516513813
43.568304777145386,-0.13142540055864496,0.015993342936029553,6.028549398523517,345.4104371215285
43.63506841659546,-0.12845256993127813,0.015208399579506092,6.034031126759677,345.72451701389815
43.668312311172485,-0.12434033942975799,0.014165289819251883,6.041149633052797,346.13237738093125
43.735087156295776,-0.12148979355346085,0.013458872583237084,6.045897496180932,346.40440989987917
43.76814365386963,-0.11778278777028833,0.012580691475960122,6.053554423370249,346.843119511866
43.83503699302673,-0.11518247702765995,0.011975350977203448,6.059452549789203,347.18105726270664
43.86832046508789,-0.11084071105163715,0.010973858654721506,6.068737075955723,347.713021426827
43.93508720397949,-0.10809790780178441,0.010377718481240314,6.074879240144384,348.0649415119137
43.96831941604614,-0.10397488044951413,0.009507292647954984,6.08485344510025,348.6364213598833
44.03502678871155,-0.10162715574364144,0.009051864078778823,6.091869990231053,349.0384397826414
44.06826877593994,-0.09768298212709889,0.008288475552608037,6.101872303578929,349.61153012284205
44.13500499725342,-0.09532245538452536,0.007867117981091973,6.108156885779236,349.97161015892266
44.168339252471924,-0.09140703998369837,0.007171084623815277,6.117179451141366,350.48856507455366
44.23529386520386,-0.08836777699339007,0.00664318537297277,6.122429173756916,350.78935202403903
44.26826524734497,-0.0843768935426129,0.005999689435286827,6.130523415525579,351.25311791574194
44.33505201339722,-0.08147200751861344,0.005544334253495592,6.136439528561793,351.5920862238393
44.368295669555664,-0.0777377669601207,0.005007198807424198,6.144726044277632,352.06686860122574
44.43503451347351,-0.07522781022980266,0.0046621913857789864,6.149509373443616,352.3409331744584
44.46830177307129,-0.07141300789283939,0.004152400478578496,6.156389101445637,352.7351125531722
44.535064458847046,-0.06903238892168205,0.003855809663610954,6.161112194082077,353.0057258274895
44.56839895248413,-0.06482729228514941,0.0033251609546222855,6.168471850166253,353.4274030597806
44.63505554199219,-0.06203816632045665,0.0029979017032395814,6.173255651918404,353.70149471020613
44.668280363082886,-0.057900135400696176,0.002537960865101191,6.179420315289477,354.0547039034875
44.735007762908936,-0.055378770205554435,0.002282414458391417,6.184491257595529,354.34524749577866
44.768343448638916,-0.05082000988683197,0.0018123807804528997,6.192294200300685,354.7923231805665
44.83504128456116,-0.04802858609753662,0.0015595790018492449,6.197477814850192,355.0893224168758
44.8682644367218,-0.04354131406499818,0.0011660948629142523,6.205552945952164,355.55199334803365
44.93504500389099,-0.04074611457543505,0.0009524994455126987,6.211216069728721,355.87646643929054
44.96837878227234,-0.03594470275946754,0.0005900353573591714,6.219014095925398,356.3232604288926
45.035059452056885,-0.03342739272643105,0.00044644067326968424,6.2239613089235135,356.6067148540369
45.06830835342407,-0.0291931545675536,0.00019845204674976444,6.230832274438184,357.00039217920744
45.13507437705994,-0.02625810877602187,4.219889788212078e-05,6.235394952041031,357.26181434912945
45.168333292007446,-0.021736357126586264,-0.00018016413319497585,6.242594500995495,357.6743181186181
45.23511099815369,-0.018939261642732984,-0.0002887093624349082,6.247456296681977,357.9528784923084
45.26830267906189,-0.014115534884837902,-0.0004755287346402832,6.2545887387052055,358.3615373178611
45.33504295349121,-0.01186731639719762,-0.0005123763047484983,6.2600116132662444,358.6722451430375
45.368314027786255,-0.0076572936868716775,-0.0006094595642015823,6.268347134759934,359.14983534466654
45.43530893325806,-0.004716550996301188,-0.0006572863942682954,6.27421004902474,359.4857555876869
45.46829175949097,-0.0006352568211703524,-0.0006873556299857181,6.283503951410301,360.01825696958616
45.535106897354126,0.0020334317995377026,-0.0006819357017336339,6.289537864111873,360.3639747013366
45.568211793899536,0.005789894448391067,-0.000645122510060235,6.298280517425178,360.8648918379351
45.63503980636597,0.008191581456929086,-0.0005999846554689563,6.303796811408915,361.1809522017566
45.668298959732056,0.012154303531969843,-0.0005223313507359462,6.312316919574761,361.66911844065453
45.734901666641235,0.014690376150953918,-0.0004467181569786006,6.318052657337252,361.99775200683905
45.76828980445862,0.018800014708915427,-0.0003127850962778157,6.325375166708235,362.41730088924135
45.83502769470215,0.021470460183000865,-0.00020129452078157777,6.328961835531657,362.6228018753346
45.868306159973145,0.024748024906540725,-2.85698605036347e-05,6.333788125737019,362.89932793480716
45.93511438369751,0.02715219786894631,9.384422399275332e-05,6.3365578019827975,363.0580186943079
45.96830892562866,0.031051311893321477,0.0002938050786770764,6.340208105123881,363.26716565823534
46.03503751754761,0.03331622501346421,0.00042984009549929653,6.3428131876434914,363.41642589189235
46.06830835342407,0.03692574581103765,0.0006453847992606171,6.346957559201224,363.65388089088447
46.13531160354614,0.03932969240148889,0.0007988269179893125,6.3493651994619205,363.79182851640815
46.16832780838013,0.04307505129298004,0.001042867122816745,6.3528085733227035,363.9891193059167
46.23509669303894,0.045337718045369194,0.0012046573374662171,6.354455059750235,364.0834560292398
46.268298864364624,0.04893094589957949,0.0014605029524900545,6.356224773771586,364.18485317360836
46.335047483444214,0.05133296595355328,0.0016354469766127944,6.357571689668063,364.2620257698356
46.36836624145508,0.0550679044938244,0.0019099284593789615,6.359191612149144,364.35484049113984
46.435216188430786,0.05773984128234871,0.0021079755577429987,6.360154466612603,364.4100079881814
46.46851825714111,0.06180792983174005,0.002414870346718829,6.361345916473483,364.4782730367113
46.53503727912903,0.06420075005545048,0.0026060640127455507,6.361809008906877,364.5048062786692
46.568440675735474,0.06856984235089866,0.0029396378907076068,6.36244576986316,364.5412899940229
46.63510489463806,0.07181699110176962,0.0031886426031352707,6.362418609991796,364.5397338480216
46.66829299926758,0.07570748416309453,0.003503174660748034,6.362046968855811,364.51844037943624
46.73535966873169,0.07822836016695077,0.0037055817471307235,6.361373287787519,364.4798412974852
46.768282890319824,0.0825183324788732,0.004037982721622545,6.359694719405919,364.3836664135955
46.835331201553345,0.08517924835205193,0.004243070117286654,6.358160751061484,364.29577650155267
46.868366956710815,0.08963497787056152,0.004574129775884758,6.355561066219245,364.1468255320283
46.93520641326904,0.09270068289966059,0.004794261261983054,6.3538722831092995,364.0500653873154
46.96841096878052,0.0968014870830986,0.005086542239848385,6.350502390361224,363.85698475543893
47.03509545326233,0.0997331624311968,0.005283655421712009,6.347554038373223,363.6880566300075
47.06832957267761,0.10453649286253977,0.00559100884367816,6.343362270083643,363.4478859983178
47.1351957321167,0.10732471636297361,0.00576011180007386,6.34143517713548,363.33747170565863
47.16829991340637,0.11159019377211733,0.006008942974469398,6.339011641140164,363.19861332162895
47.23536992073059,0.11479588868007129,0.006187300293571649,6.336397023218551,363.0488067496813
47.26828479766846,0.11965535381761536,0.006445383690822096,6.332369553607502,362.81804973885096
47.33521294593811,0.12326429571081271,0.006623485765519769,6.330314634322618,362.7003115365871
47.36835980415344,0.12722507654708043,0.006811763375599552,6.328933245739297,362.6211638008952
47.43506383895874,0.1300221539367096,0.006939771181279042,6.328683369324183,362.60684693690933
47.46831512451172,0.13457057099920194,0.007145863492409957,6.327152948240862,362.5191602679572
47.53502130508423,0.13736553610563698,0.007268195089065429,6.324011278101571,362.3391558283535
47.56827640533447,0.1421993198702853,0.00746512522304294,6.317001619252202,361.93753196045816
47.635031938552856,0.14526663208604393,0.007568781700702488,6.311997306975954,361.65080598766366
47.66831636428833,0.15030324187689448,0.007715923461445565,6.3044283967444095,361.21713937588277
47.73507499694824,0.15350186733345433,0.007783664670367268,6.299517559220427,360.9357691118841
47.768375396728516,0.15845539354661642,0.007865115357656147,6.29171015504831,360.488437803869
47.83505725860596,0.16151463034607727,0.007889081282036765,6.286139331946425,360.169253151717
47.86823511123657,0.16632299923117957,0.007903010690611185,6.278394848974987,359.72552696294264
47.93503379821777,0.1697957747801907,0.00788998877800892,6.273313381540685,359.43438032522397
47.96830606460571,0.17464080593267456,0.007839600203143823,6.2651361785005655,358.96586110280356
48.035075426101685,0.17811395222326526,0.007779642684334327,6.257961526084717,358.5547837999021
48.068299770355225,0.18297625821613434,0.007654836581778419,6.2472522413727685,357.9411869843035
48.13504433631897,0.18630551301793796,0.007535876133470973,6.241352506491377,357.60315707535364
48.16836428642273,0.19129900069439792,0.007326776847528151,6.233165167805294,357.1340571231969
48.235127687454224,0.19476489041231096,0.007155803695021798,6.227605073197345,356.81548716846794
48.268349170684814,0.20007054101760674,0.006864948860741612,6.219257429352266,356.3372024072666
48.33500599861145,0.20366531224317874,0.006636859488927593,6.213446883202731,356.00428263623223
48.36842346191406,0.20887543342143805,0.006271834736381405,6.20370915168402,355.44635171817856
48.43500590324402,0.2121933121914213,0.006002939037782002,6.197786437361649,355.10700518424505
48.46827960014343,0.2172325495530556,0.005568032390017567,6.1889406609551845,354.60017952963824
48.53496170043945,0.2206840422478677,0.00524265964554324,6.183296373469657,354.27678567835903
48.568276166915894,0.22571227025290416,0.004735501153034828,6.17540085540773,353.82440581634125
48.63500237464905,0.22847735260765606,0.004420895594488082,6.1706604238427225,353.55279909459574
48.66827154159546,0.2334122712185781,0.0038650147732633955,6.164384979179186,353.1932426008072
48.73502540588379,0.23658930522395483,0.0034839563051018846,6.159680012441968,352.9236678640152
48.76826310157776,0.24138226479701017,0.002887348113766082,6.152581417950348,352.5169483591705
48.83497381210327,0.24482899112568937,0.0024403602008920824,6.147882823424803,352.24773872321356
48.86826491355896,0.24963608557769892,0.0017825018018386022,6.141179909869121,351.8636900660319
48.93508052825928,0.252669238393911,0.0013436850042189662,6.136018943870214,351.567988496084
48.968337059020996,0.2574319102761445,0.0006371507344221979,6.128723660604153,351.1499995545863
49.035017013549805,0.26100383018427087,9.088522630135067e-05,6.124183624650724,350.88987465561723
49.06833624839783,0.26609342340189174,-0.0007227178089780828,6.117501274846509,350.5070042146056
49.1350257396698,0.2695144776557421,-0.0012931358476535983,6.112166822810103,350.20136262690454
49.16828370094299,0.2744790275455047,-0.002153140296626217,6.103533256038733,349.7066956887607
49.23511838912964,0.2778925509111028,-0.0027712705438141276,6.097452513554245,349.3582948080936
49.26831531524658,0.2824225590663165,-0.003635982097934533,6.088674563721526,348.8553553299012
49.33500623703003,0.2855646214000011,-0.0042572662455521975,6.083311091908756,348.54805103149215
49.36828637123108,0.29057915080973235,-0.005266658401358433,6.075266827242373,348.0871486168222
49.43505239486694,0.2941151151193308,-0.00600492727240096,6.070041941859348,347.78778473593525
49.468488454818726,0.2986117826708296,-0.006992427681849591,6.06144304411435,347.29510418668235
49.535239934921265,0.3020052147670161,-0.00775133058648806,6.055715028834254,346.9669130861464
49.5683069229126,0.30716164464154655,-0.008936794043424838,6.0469635257536,346.46548889522916
49.63510203361511,0.31028613460190607,-0.009695826344624974,6.041311418410465,346.1416469991126
49.6683349609375,0.314857564999387,-0.01083341436869694,6.033164321441343,345.6748527274981
49.735058069229126,0.3184942206623312,-0.011746544052471096,6.027451234515459,345.34751695865356
49.76830172538757,0.3232258789303046,-0.01299040971334448,6.020086208343465,344.925532042995
49.83515429496765,0.32658067446701505,-0.013890140272140321,6.015778215643307,344.6787022431027
49.86831569671631,0.3314307167763732,-0.015221639617627312,6.009008422665966,344.2908216773238
49.93528199195862,0.3351710855349606,-0.01625832348721018,6.003388769349064,343.9688392599386
49.96840858459473,0.3400612497891133,-0.017670029388687065,5.995230871751873,343.50142615791964
50.035120487213135,0.34325242546388984,-0.018619993233367216,5.989603439583413,343.1789980451707
50.068323850631714,0.3482245526358248,-0.020121395914182542,5.981765375234479,342.72991003842486
50.135042667388916,0.35140447199281083,-0.021114257755295338,5.977796368774343,342.50250271939893
50.16827201843262,0.35593743942866696,-0.022554661067921575,5.971506299833,342.14210831621364
50.23507595062256,0.3593764753716769,-0.02365438324692717,5.966643299084914,341.86347889757934
50.26835250854492,0.3642992328780432,-0.025264966090971508,5.957689142514408,341.35044351698997
50.33507680892944,0.3675871960315068,-0.02637325174149288,5.951753278403379,341.01034355566486
50.36830115318298,0.3723625042632979,-0.028020469954631654,5.943066908242007,340.5126512061299
50.435057640075684,0.3756366186492451,-0.029177284385598256,5.937164578105071,340.17447259999057
50.46829628944397,0.3806567242888771,-0.030981636967912746,5.928045920648136,339.6520120128827
50.53504776954651,0.38416730605971094,-0.032274490880590714,5.921886402636172,339.29909762696235
50.56830859184265,0.3886684723991203,-0.03399449760816626,5.913028458423409,338.7915748084087
50.63501048088074,0.3922935054295971,-0.0353839497086094,5.906833848113326,338.4366497819127
50.66840314865112,0.39675944369573934,-0.03716731595181648,5.897980888293611,337.9294125480441
50.735084533691406,0.3997214424197379,-0.03837601631920899,5.892404148487813,337.6098888937293
50.76829528808594,0.40449053322140316,-0.04033647244622612,5.883926240020129,337.1241405194328
50.83507180213928,0.4076909618794094,-0.041683743600963746,5.877601112997683,336.7617374361625
50.86828351020813,0.4119189968988043,-0.04351757891003785,5.868128237872098,336.218981671612
50.935062646865845,0.41459654659665657,-0.04471054230365807,5.862025956679836,335.8693467138933
50.96834945678711,0.4192367372903066,-0.046776259294837634,5.8529365091332215,335.3485597313668
51.03504920005798,0.4224012870833434,-0.04822036909245365,5.847101351164815,335.014229806985
51.0683217048645,0.42707016066418096,-0.05038984310631296,5.8377104506062345,334.4761708391513
51.135151386260986,0.42995196542780934,-0.05177314977725192,5.8318136803700344,334.13831079185866
51.16842770576477,0.4344544064529679,-0.05395491039853011,5.82268636656663,333.6153542326321
51.23517441749573,0.4374456772326613,-0.05543798973484717,5.81714271602647,333.2977264535855
51.268308877944946,0.44178492559702104,-0.05762607560755394,5.809386270719363,332.8533148734642
51.33505129814148,0.44475867873095,-0.05914863440123853,5.804159954744013,332.5538690256748
51.36835598945618,0.44906143172181656,-0.061387212617922376,5.796971609952324,332.1420072074262
51.435258865356445,0.4518940120846846,-0.06288658822715551,5.792786196214536,331.9022006647349
51.46829891204834,0.4564112348009462,-0.06529017452920755,5.786903030502534,331.5651200992611
51.53531861305237,0.459102232854969,-0.0667565781203519,5.782483920767825,331.3119237622571
51.568294286727905,0.46320625768110557,-0.06900905595223013,5.77605043541983,330.9433122042577
51.6352596282959,0.4661322274935144,-0.07062886587149252,5.771483866981735,330.68166710589725
51.66828942298889,0.47020617800565073,-0.07292300537780899,5.764626845550126,330.28878871783525
51.735215187072754,0.47299253302959343,-0.07451187752679878,5.759608989164415,330.0012867247313
51.76835656166077,0.4772764308423939,-0.07697921566764236,5.752072591620451,329.5694829527294
51.835004806518555,0.4802814187331639,-0.07873467807930995,5.74712271496036,329.28587591099586
51.86832857131958,0.4844486106819129,-0.08121485149103311,5.73992851992367,328.8736788983996
51.93507361412048,0.4876663540494803,-0.08313952706437452,5.734443996230214,328.559438838125
51.96831655502319,0.49196479714216423,-0.08577076119531696,5.726450368163228,328.10143768688937
52.03504538536072,0.49515162391213424,-0.08774047758550921,5.7210109732501655,327.789783315266
52.068739891052246,0.49931833588348284,-0.09037790784889072,5.712599794111469,327.3078582498902
52.13503432273865,0.5022414107854594,-0.0922518775273332,5.706559009671032,326.9617467965049
52.16827368736267,0.5065930881570753,-0.09508023391575121,5.696923290144435,326.40966073505905
52.23502492904663,0.5092527035392888,-0.09685818578182198,5.69037989023126,326.0347515363679
52.268303871154785,0.513415636115296,-0.09966436125040397,5.679495796510972,325.4111389023705
52.33499836921692,0.5160503717983138,-0.1014882270418177,5.672411909856224,325.00526209450436
52.36832118034363,0.5203867608495149,-0.10451032203214058,5.662648256297485,324.4458459529608
52.434966802597046,0.523326628369498,-0.10660163274679657,5.656109566758231,324.0712066388152
52.468414068222046,0.5276612663702184,-0.10973729287048357,5.646375566461101,323.5134895040105
52.5351448059082,0.5305634124538625,-0.11187905405603224,5.639209798970326,323.10292126981705
52.56830883026123,0.5346334769688427,-0.11494522409931433,5.629532461744422,322.5484506898479
52.635066986083984,0.5372896254828031,-0.11698745533691311,5.62358730840388,322.2078184948768
52.668306827545166,0.5410301753448546,-0.11990727255007125,5.614716880076917,321.6995803892685
52.735027551651,0.5440931287805321,-0.12229853069683556,5.608352016301831,321.3349005577804
52.76825499534607,0.5479343336922627,-0.1253866458343657,5.598679519280655,320.78070730111415
52.835055112838745,0.5504082967154043,-0.1274165616300457,5.592281887227404,320.41414998558525
52.86832141876221,0.5540422630260079,-0.1304348388542079,5.582344734678698,319.8447930841667
52.93504285812378,0.5563844837662687,-0.13242068299049903,5.576373949365599,319.50269228534745
52.96829867362976,0.5598119082918368,-0.13536063517745375,5.5676864847122385,319.0049372260408
53.035319328308105,0.5620247117096966,-0.13729282846188792,5.562287918197894,318.69562214934825
53.06834554672241,0.5658171277074526,-0.14060265122766843,5.553883883899071,318.2141064531425
53.13508319854736,0.5682105465405913,-0.14273930978273197,5.548844033426571,317.9253442916912
53.16829562187195,0.5718848093790672,-0.14604861216307996,5.542424415010003,317.5575272503374
53.235024213790894,0.5743544017157266,-0.14830150772140555,5.537827365176014,317.29413569663853
53.268310546875,0.5781220696662815,-0.15176940196040198,5.530687739799122,316.8850652952381
53.33504676818848,0.5805592039210219,-0.15405061666176117,5.525130265410817,316.5666454680362
53.36831068992615,0.584087574747798,-0.15739813152008303,5.516854126271419,316.0924576246856
53.4352011680603,0.5864941417810569,-0.15971183254973306,5.510955399484784,315.7544854753107
53.46831274032593,0.5901790345446881,-0.16329236342419373,5.502612518179775,315.2764735875551
53.535080432891846,0.592351048250641,-0.16545833936380266,5.497280646614515,314.97097984995986
53.56829643249512,0.5959770768295056,-0.16907720100577706,5.490121050289045,314.5607651974931
53.63504505157471,0.5981219914479852,-0.17126894523537975,5.48571972694788,314.3085879457719
53.668296813964844,0.60159888453243,-0.17482701133936207,5.479066663257936,313.9273954755064
53.73504996299744,0.6039170290930713,-0.17723061345378502,5.473965589463004,313.635125476072
53.76827430725098,0.6071576189078826,-0.1806406085249634,5.466566663578114,313.2111982499377
53.8350715637207,0.6093519874718629,-0.18297675197923513,5.462376093176568,312.97109625217666
53.868298292160034,0.6123304523575999,-0.18619469656687815,5.456938590113624,312.6595502755805
53.9350528717041,0.6146033940764077,-0.18864886772479156,5.453153598443076,312.4426862273659
53.968287229537964,0.6178360425590638,-0.19218122424702302,5.446639924312231,312.069480190545
54.035046100616455,0.6198922034731259,-0.19446354794736836,5.442383525364838,311.82560649493547
54.06879425048828,0.6230816411467471,-0.1980245661725892,5.436089617392646,311.46499213148513
54.135098695755005,0.6251135932757331,-0.20032834973466054,5.431003039670903,311.1735526958639
54.168275356292725,0.6282611158281532,-0.20392291397430828,5.42301578774242,310.7159168704541
54.23504877090454,0.629985303342013,-0.20595122263146468,5.417699903569065,310.4113391429405
54.2683207988739,0.6333439218749587,-0.20986242168208408,5.410289142764113,309.9867338258358
54.335158348083496,0.6355869979828267,-0.21252238309066757,5.406005783837342,309.74131543719216
54.36851906776428,0.6386789566557027,-0.21624472944167691,5.398782414543929,309.3274468628151
54.43524622917175,0.6406179095381429,-0.2186217737651844,5.393945286022545,309.0502998135775
54.46827840805054,0.6436446766524413,-0.2223517745365135,5.386171457299687,308.60489223710016
54.53510904312134,0.6454690000580426,-0.22465145772310485,5.381262821418785,308.323648117958
54.56834316253662,0.6486162937397353,-0.22861330070195926,5.373364776394307,307.8711234716511
54.63506865501404,0.6506704789912153,-0.2312486370801239,5.368092389069664,307.5690379299908
54.66833567619324,0.6536153168722867,-0.2350805272296378,5.359899256907376,307.0996060360988
54.73507213592529,0.6552886197053172,-0.2373181324105319,5.354492936578927,306.7898466985829
54.76855516433716,0.6581472302825427,-0.2411357902318675,5.346790377641991,306.34852258004565
54.8350133895874,0.6601361873465221,-0.24382570217442062,5.340933653146253,306.012956984669
54.86829662322998,0.6632260025253801,-0.24805226823542093,5.332594026557389,305.535131578412
54.93495488166809,0.6650846228428355,-0.25066174707271005,5.326660172104004,305.19514676198816
54.96826696395874,0.6682204043318918,-0.2550800126495539,5.318448512347807,304.72465331516065
55.03502178192139,0.6698714339041841,-0.25749503850380234,5.312613449675474,304.3903288508416
55.06827998161316,0.6726893172261925,-0.2616088848828544,5.303538688765781,303.8703833506259
55.13501262664795,0.6744704751420998,-0.264269743900691,5.2971930365054645,303.50680425785214
55.16833853721619,0.6771395582144837,-0.2683047770664737,5.287804027589901,302.9688536731797
55.23506951332092,0.6788821112833219,-0.27099553874232457,5.282299643304267,302.65347568479467
55.26830554008484,0.6817275616262607,-0.2754104311565997,5.272897875870835,302.1147940908955
55.33508372306824,0.6835010615024324,-0.27823819605353955,5.265929033189968,301.71550881719116
55.368321657180786,0.6862170384311282,-0.28262340527571905,5.255308586603535,301.1070020512444
55.435044050216675,0.6877883263234075,-0.285252435104274,5.249413377902199,300.7692314733091
55.4682719707489,0.6902643155094789,-0.2894186546376791,5.241049365783793,300.29000887912815
55.534984827041626,0.6920983451505214,-0.29253175581835955,5.2352852102067455,299.9597470921065
55.568320751190186,0.6945284323769172,-0.2967605815165153,5.227059638284844,299.4884565369003
55.635090351104736,0.6960301378631518,-0.29943500648570887,5.222052959853113,299.2015949933829
55.668341398239136,0.6984574656427653,-0.3037704508900841,5.215205837555153,298.8092837838999
55.73510527610779,0.6999990729164005,-0.30657851008777337,5.210856568282415,298.560089010606
55.76831889152527,0.7022320233145294,-0.31069538829239524,5.204264887273638,298.18241350890656
55.83517551422119,0.7038154362845982,-0.3136395600720395,5.199134838397084,297.8884833595842
55.868277072906494,0.7058564220185534,-0.3175293192692148,5.191279735622399,297.4384191229533
55.93502402305603,0.7071369306008347,-0.3200160914351091,5.186221605100992,297.14860959185035
55.968440532684326,0.7093004947889514,-0.3242200455199742,5.179731826167635,296.7767726489961
56.035001039505005,0.7108819213658449,-0.3273219304353676,5.174383989114144,296.47036415630737
56.068281412124634,0.7131593275572777,-0.33187368869079786,5.166014045001431,295.9908016838885
56.13507628440857,0.7144967058797927,-0.33463294253473796,5.160191140781186,295.6571738475596
56.16818571090698,0.7166476569208841,-0.33910053823924763,5.15216638386125,295.1973891444288
56.23509645462036,0.7180095519557572,-0.3419991965493692,5.146767209998614,294.8880392692424
56.26839900016785,0.7201021139665195,-0.34650092795056114,5.138831679385205,294.43336685689724
56.335060119628906,0.7214254289844231,-0.3494195467316669,5.133682995315809,294.13836898967463
56.36832237243652,0.7235240182917536,-0.354083664465485,5.12581658606351,293.68765693959523
56.43508267402649,0.7248654056500468,-0.3571405807805365,5.120035244912874,293.3564104917385
56.468324422836304,0.7267268542774934,-0.361474961730331,5.110990035060601,292.83815814239307
56.535032510757446,0.7280838523318371,-0.36467543065626595,5.105029852338338,292.4966648272806
56.56830167770386,0.7300567880401623,-0.36942468132480943,5.095907411803161,291.9739874857559
56.63502550125122,0.7312479811800074,-0.3723944434845355,5.0894172444935055,291.6021282905789
56.66837453842163,0.7330902602127475,-0.37704553731787055,5.07921880094306,291.01780051753593
56.73509216308594,0.734394566754826,-0.3804098994192915,5.0721718377340475,290.61403926727553
56.76835560798645,0.7363322155783394,-0.38552455042620226,5.061339951676371,289.9934179120041
56.83506488800049,0.7373601294120428,-0.38840473477695747,5.054450980476995,289.5987089370927
56.86829900741577,0.7389911628981298,-0.3930097762934669,5.044375923439944,289.0214506905161
56.935205698013306,0.7401298402340115,-0.39629410897805906,5.037263189426991,288.6139210507747
56.96830630302429,0.7416291456289966,-0.4007853463121593,5.027145787420108,288.0342366161431
57.03507351875305,0.7426179890880732,-0.4038325254034267,5.020703449077066,287.66511781889153
57.06832957267761,0.7440337830921707,-0.40830102295135245,5.011648739341795,287.1463211663445
57.13500690460205,0.745070141376498,-0.41162180578389324,5.006489284892618,286.85070620181665
57.16835570335388,0.7464709288220879,-0.4162555601325412,4.998422394345016,286.38850741964507
57.23506426811218,0.7473730929613769,-0.41933025234020704,4.993628211501184,286.1138209764795
57.268330335617065,0.7487549614355017,-0.4240996496353488,4.986306227566145,285.6943021993392
57.335054874420166,0.7495770304966777,-0.42705441860467097,4.981125533687806,285.39747030516105
57.36832928657532,0.7507687151041436,-0.4314185552973951,4.973014776547655,284.9327581523748
57.4350700378418,0.7516384667668148,-0.43464823808458025,4.967806198247363,284.6343285985046
57.46829628944397,0.7529346659183892,-0.4395690676484668,4.959377456183942,284.15139725166625
57.53504967689514,0.753562145623015,-0.4421519233021028,4.953761750303313,283.8296410057194
57.56834316253662,0.7547046858586087,-0.4467743280050447,4.945242357119324,283.34151573226427
57.63502359390259,0.75541215860146,-0.4497641326803906,4.939702668843194,283.02411497422395
57.66833519935608,0.7564531984874692,-0.4542688251235168,4.932208862458662,282.5947514959021
57.735124349594116,0.757191411599994,-0.457531540514433,4.927063933299469,282.29996876918653
57.76833248138428,0.7582497030346139,-0.46235265259844927,4.918653387030182,281.8180799645569
57.835062742233276,0.758905958771052,-0.4654908902882859,4.9137576438768615,281.53757454429154
57.86830735206604,0.7598008087896134,-0.4699253497551417,4.906729108390559,281.1348691247685
57.935033082962036,0.7604855518985753,-0.47333904846330627,4.90190315730676,280.85836249553023
57.96833562850952,0.7614232902788003,-0.47821085906827143,4.89347660158242,280.3755564166937
58.03501772880554,0.7619692411039294,-0.48122941947316056,4.886998297318806,280.004376923987
58.06830286979675,0.7628340250254405,-0.48610460857687393,4.878038112283953,279.4909961378337
58.13502645492554,0.7633341919294405,-0.4891334873571221,4.872031324233637,279.14683253412096
58.168299436569214,0.7640698999049514,-0.49373518616947076,4.863937564871815,278.68309428229406
58.23514199256897,0.7646076183795899,-0.4971734875423132,4.857813497473732,278.3322110669302
58.26838684082031,0.7653051432844493,-0.5019496076279607,4.848744203459775,277.81257879676724
58.33506989479065,0.765739679100158,-0.5051233277401225,4.842562207019101,277.4583764917517
58.36833381652832,0.7663643351003687,-0.5099004700454308,4.833879174285838,276.9608753627618
58.43505096435547,0.7666866996393177,-0.5126774991989215,4.8279687300254475,276.6222318515941
58.4683096408844,0.7672408686445592,-0.5174087839591758,4.8186939240641316,276.0908246142079
58.53503060340881,0.767564596182226,-0.5204631794626368,4.8127275804143075,275.7489783039483
58.56836128234863,0.7680270562070024,-0.5250634368586582,4.803899140757639,275.2431459719353
58.63508892059326,0.7683248657035678,-0.5282585203969168,4.798926487403991,274.9582339217897
58.66830086708069,0.7687404812769768,-0.5330155685495953,4.791206052560714,274.5158855892642
58.735121965408325,0.7690108303784262,-0.5363490129688919,4.785313129783568,274.1782459851372
58.768322706222534,0.769345340487395,-0.5410026788387945,4.775683968850825,273.6265357034388
58.83508038520813,0.7695779189965746,-0.5444723305001388,4.769051352744967,273.2465147934426
58.86834216117859,0.7698629088351758,-0.549436554656012,4.759961607134253,272.72571073310115
58.93499422073364,0.7700358047190268,-0.5529087724271349,4.754313878831432,272.4021197375129
58.9681601524353,0.7702677780502017,-0.5581988852356168,4.74595674847146,271.9232914390459
59.035279750823975,0.7703561355419712,-0.5612600414460347,4.74015573086141,271.59091761310896
59.06860542297363,0.7704955825005642,-0.5662614626068346,4.731471634797195,271.09335555974326
59.134934186935425,0.7705595303527086,-0.5695973675166799,4.72593766386813,270.7762823815598
59.16829299926758,0.7706485793280275,-0.5750334784542894,4.717683214082207,270.3033372466237
59.23672533035278,0.7706485388363911,-0.5780933807206355,4.711518529041825,269.95012681178235
59.268311500549316,0.7706486562921167,-0.5832504694356014,4.7012720727952795,269.3630481138898
59.33501839637756,0.7706170298408124,-0.586857608555959,4.694497760385477,268.9749086037051
59.36827087402344,0.7705185245425887,-0.5917714142328301,4.684405887230469,268.3966868645417
59.43497133255005,0.7704203601638102,-0.5948341158098024,4.678317183823647,268.0478298566239
59.468252182006836,0.7702523764046555,-0.599818918751947,4.670270929201543,267.5868134258897
59.53497004508972,0.7701137117460625,-0.6028804524658773,4.664652813560539,267.2649191108438
59.56834816932678,0.7699564041400367,-0.6061489723683695,4.658661120371193,266.92162037895696
59.635008335113525,0.7697007308846054,-0.6108938641338596,4.6500329907108675,266.42726496432863
59.66825294494629,0.7693925612923144,-0.6159913071179114,4.641668010967029,265.9479869292943
59.735082149505615,0.7691760832516021,-0.6187691463528286,4.635951413980571,265.62045004879303
59.76828622817993,0.7688074379021214,-0.6236878090715774,4.628188888646193,265.1756901087698
59.835007667541504,0.7685378567131119,-0.6268810086103451,4.623564988299476,264.91076013401386
59.86838698387146,0.7682460725545149,-0.6301549208405729,4.618626010108775,264.6277775285795
59.93505358695984,0.7678042094164163,-0.6348569969643381,4.6112953791595,264.2077633140181
59.968297243118286,0.7673187365978282,-0.6396431523768294,4.604396562117914,263.81249021390227
60.035013914108276,0.7669836064966955,-0.6426889423940547,4.599633713469736,263.53959908790205
60.06825637817383,0.766434276612064,-0.6475952162138039,4.592063223354472,263.1058419554519
60.1351318359375,0.766084264224863,-0.65036615156614,4.586599031808103,262.7927668413939
60.16834235191345,0.7655042762053448,-0.6549478059028125,4.578741901140935,262.3425864150824
60.23500990867615,0.7650944001415215,-0.6579963123729017,4.573421164641276,262.0377306697507
60.26834559440613,0.7644411605384687,-0.662701101361901,4.56560260973476,261.58976047171603
60.33507227897644,0.7639746242744754,-0.6658803544373589,4.559974610871305,261.2672998897357
60.36831068992615,0.7632518633065603,-0.6706026162867647,4.551574640249066,260.78601702504744
60.43499541282654,0.7627396618024362,-0.6737687095128463,4.545696739703779,260.44923813140485
60.46839761734009,0.7619074697427953,-0.6787857117971341,4.536377685201883,259.91529563939383
60.535287618637085,0.7613248089586615,-0.6820733187384658,4.5303265683220575,259.56859218083946
60.568288803100586,0.7604655628767018,-0.6866949805098881,4.5202599094246185,258.99181511221843
60.63504600524902,0.759790940588477,-0.6902433223938065,4.51400971885898,258.63370557165484
60.66831064224243,0.7588046183750583,-0.6951502873343658,4.504707892985727,258.10075020735184
60.73507475852966,0.7581151646375333,-0.6984212325138454,4.49896595174636,257.771761208124
60.768372535705566,0.7573683610294364,-0.7018871859607343,4.492671951068929,257.4111415330547
60.835057735443115,0.7562378245615767,-0.7069895210714703,4.4826343557279795,256.83602968355814
60.868303537368774,0.7551097171002614,-0.7117650298803602,4.473104518611523,256.29001023733804
60.93504285812378,0.7543450296172843,-0.7148704197630215,4.466918161004591,255.9355580559022
60.96829152107239,0.7531583935009697,-0.7195866471407143,4.458549462932421,255.45606697634759
61.03503608703613,0.7522351887941188,-0.7232171470702341,4.4530938020955935,255.14348063594258
61.06831216812134,0.7510976006222642,-0.727387646120121,4.444650064548793,254.65969011119478
61.13505935668945,0.7501877847605719,-0.7307473544292905,4.438940196847429,254.33253879032853
61.16843318939209,0.7488120047687293,-0.7356826637378654,4.430547112378759,253.85165047317696
61.23509955406189,0.7479484616663551,-0.7386266607755432,4.425342567854675,253.553452037659
61.26836133003235,0.7465086276692904,-0.7435340871836953,4.417421192340389,253.09959065275214
61.33509850502014,0.7455715509695381,-0.7466019931770834,4.412440269116347,252.81420477393584
61.36831998825073,0.7441391738721422,-0.7512228510504845,4.405167137849569,252.39748504850482
61.434993743896484,0.743167173645719,-0.7542795867461525,4.400655984925059,252.13901502519232
61.46836996078491,0.742122638018802,-0.757530641177646,4.3958612061555655,251.8642944380014
61.53499150276184,0.7405999355830165,-0.762187484599689,4.388360687847737,251.4345463948022
61.568328857421875,0.7390543165442166,-0.7667793489007999,4.3812922869943955,251.0295568579991
61.635069370269775,0.7380512680742403,-0.7696758417604037,4.376888786923244,250.77725488883655
61.66836619377136,0.7364238446983112,-0.7743567040524362,4.370137962372901,250.3904611338686
61.7352249622345,0.7352642342167821,-0.7776352539412975,4.365035261637563,250.0980979176154
61.76827836036682,0.7340991841316903,-0.7808542222710912,4.359503825717231,249.7811699847333
61.83500289916992,0.7324445648466323,-0.7853357911035006,4.351097251379487,249.29950875501763
61.86832594871521,0.7305424115112844,-0.7904167939963711,4.3435230223204675,248.86553739687045
61.93501877784729,0.7294733536341965,-0.7931316723035128,4.3386234518680915,248.5848126885223
61.96841549873352,0.7281352442577097,-0.7965733845779991,4.333794005994414,248.3081058225737
62.03504228591919,0.7265471720403311,-0.8004979816256726,4.326288492970957,247.87807160324917
62.06834578514099,0.7246938732342008,-0.8050739400314244,4.3181866510849956,247.41387025690125
62.13504433631897,0.7234120900167644,-0.8081678112933084,4.31211539055922,247.06601265244993
62.1683144569397,0.7222707729386967,-0.8108240619012209,4.306093696267804,246.72099498403378
62.23509097099304,0.7204224003708857,-0.8151283891395572,4.297296710004993,246.21696479874012
62.2683207988739,0.7191493843197062,-0.8180111003581366,4.290941745277776,245.85285214091607
62.33504819869995,0.7171253748495292,-0.8225580133269907,4.281766122935295,245.327127706286
62.368412017822266,0.7157046417330445,-0.8256621276270588,4.275248095310648,244.95367223264404
62.43503284454346,0.7136872758803472,-0.8299723184151124,4.266314247288176,244.44180044614512
62.468406677246094,0.712373116091024,-0.8326932544196821,4.259210538180451,244.0347878953838
62.53500151634216,0.710260786403809,-0.837048630523098,4.2497641524282495,243.49354986013014
62.568358421325684,0.7086818508114955,-0.840239478687496,4.2438596677043074,243.15524780524882
62.63500738143921,0.7064683480110129,-0.8446165073351111,4.236046353606886,242.7075778834565
62.66835641860962,0.7049035430157714,-0.8476514164843802,4.229977029142857,242.35983120717214
62.735060930252075,0.7025585313502174,-0.8521418484267403,4.220720065739281,241.82944627304016
62.76836562156677,0.7010626037053822,-0.8549096759414629,4.213981620989605,241.44336182840166
62.83501148223877,0.6987222638559946,-0.8592155129646037,4.20423953150162,240.88518121710135
62.86835265159607,0.6971325114478446,-0.8620614645592768,4.197849541932381,240.51906178365135
62.935033082962036,0.6946465479125574,-0.866475633390761,4.188127000564611,239.96200119713677
62.9683575630188,0.6928795803383466,-0.8695420871644077,4.1816531370077,239.59107613818222
63.03500270843506,0.6902991979881832,-0.8739450985331773,4.171708865820333,239.02131136881255
63.06834673881531,0.6885425473384993,-0.8768654781913198,4.164569814410414,238.61227385329724
63.135013818740845,0.6858885225204201,-0.8812220484950054,4.1549916407526535,238.0634849272642
63.168333768844604,0.684148371459192,-0.8839969952353341,4.149005185255987,237.72048629306232
63.23510956764221,0.6814372126695244,-0.8882976099166436,4.140968957755467,237.26004437407553
63.268322467803955,0.6795844134167152,-0.8911751528669133,4.135538378578039,236.94889510689728
63.33503174781799,0.6770369976250249,-0.8950676739775312,4.128215798101026,236.52934215041955
63.36832237243652,0.6752876585675626,-0.8976981953055795,4.122914804204074,236.22561757289958
63.43496823310852,0.6728121442233864,-0.9013807880298863,4.114738743479215,235.7571638003225
63.46827578544617,0.670831158638706,-0.9043142951936262,4.108827996661876,235.41850295391862
63.53504180908203,0.6681297921927382,-0.9082319728611677,4.099687602927524,234.89479696985242
63.5684118270874,0.6662474457935557,-0.9109083662188457,4.093750837723086,234.55464537967796
63.6350781917572,0.6635732533359151,-0.9146557061527487,4.0846957208187895,234.03582539806422
63.66833233833313,0.6614960202971856,-0.9175392688513027,4.078528315292094,233.68245909083893
63.7350549697876,0.6586779822510113,-0.9213691469745093,4.069300764904355,233.15375939837716
63.76831936836243,0.6565598727635122,-0.9242111643625271,4.062504379821483,232.76435521718295
63.8350305557251,0.6533314153027076,-0.928487225764636,4.05246269775635,232.18900921563858
63.86835241317749,0.6513149612591053,-0.9310693229427605,4.045618784452985,231.79688186800237
63.935009479522705,0.6483379416243642,-0.934840973246992,4.036723734630121,231.28723305459363
63.96834635734558,0.6461271660239549,-0.9376087578707822,4.031291081198708,230.9759649414164
64.03503370285034,0.6429215621270931,-0.9415695716635203,4.022942529351026,230.4976281554981
64.06832575798035,0.640909820440297,-0.9439886433497361,4.01656327828405,230.13212399290603
64.13502836227417,0.6377619098500253,-0.9477598302396805,4.007469238278908,229.61107388188827
64.1683042049408,0.6357140678456603,-0.950151892466096,4.001239713199952,229.25414838649323
64.23506999015808,0.6327068155548026,-0.9536323466737919,3.9926889723269388,228.76422702275954
64.2683539390564,0.6304588783173435,-0.9562066458404345,3.9870652091875276,228.44200912989004
64.33503651618958,0.6272196867256495,-0.9598669726950471,3.9791836293717076,227.99042787054805
64.36836266517639,0.6246694953884997,-0.9627256868055741,3.9734365844967003,227.66114645453783
64.43500423431396,0.6213316233240471,-0.9663845179907355,3.964516624004671,227.15007036492113
64.46840763092041,0.6190185998894587,-0.9688750033526724,3.958424599091217,226.80102304869166
64.53503441810608,0.6157143504847538,-0.9723835671842395,3.949652178965133,226.2984003993514
64.56836557388306,0.61353769410244,-0.9746468706106904,3.943481179949868,225.94482820039735
64.63700652122498,0.6101359603917208,-0.9781682217317827,3.934887336703222,225.45243725256753
64.66841125488281,0.6079309301568098,-0.980397349044076,3.9293885791934264,225.1373816546904
64.73509120941162,0.6044899801427399,-0.983862239956968,3.9222427510075604,224.72795585851463
64.7684166431427,0.6021568864219975,-0.9861707189098282,3.9174635109430933,224.45412557354084
64.83504843711853,0.5986699373123407,-0.9895966850703957,3.9100526744310553,224.0295159187396
64.86835289001465,0.5960271921304418,-0.9921690953362744,3.904279015692707,223.6987096406834
64.93496894836426,0.5923500261159955,-0.995687795783778,3.8960918592431257,223.2296201299091
64.96844100952148,0.5897724181251556,-0.9981140975125343,3.8902941562938453,222.8974362200448
65.03509497642517,0.5862231868075891,-1.0013998158054678,3.8817163340776437,222.40596320964286
65.06837058067322,0.583707851984965,-1.0036955735690152,3.875227234248901,222.03416517661685
65.13505029678345,0.5799200746723484,-1.007117372145171,3.8658849135267097,221.49888962837767
65.16838836669922,0.577382105701539,-1.0093596254203578,3.860774245984454,221.2060699477119
65.23508667945862,0.573755504776556,-1.0125261923265692,3.8533432143093824,220.7803031953023
65.26835060119629,0.5711795611536425,-1.0147475273376683,3.8475149472072125,220.44636808847304
65.33521127700806,0.5676277935730992,-1.0177627264705988,3.837317773864018,219.86211309294467
65.36832785606384,0.5652077316627624,-1.01977451934978,3.83068262079249,219.48194682552284
65.43496870994568,0.561778390138081,-1.0225870097112681,3.82124483188251,218.9412013530456
65.4682993888855,0.5595399121901201,-1.0243804691158487,3.815045478659699,218.58600457766772
65.5349485874176,0.5557907280012335,-1.0273890190060608,3.8059908574948,218.0672129998292
65.56839418411255,0.5532200627649052,-1.029407761913393,3.799591747543797,217.70057100699654
65.63499879837036,0.5493754610284748,-1.032389396037041,3.7905979474427576,217.18526421942266
65.66831231117249,0.5465610542659592,-1.0345384789971357,3.7838470397415134,216.798465700259
65.73496556282043,0.5424022646188805,-1.0376657448542188,3.773933330836664,216.23045202068985
65.76836895942688,0.5395380041356028,-1.039769157289328,3.7672769568267643,215.84906988306204
65.83518719673157,0.5356294381967995,-1.0425826445457633,3.758752423086278,215.3606500774153
65.86832070350647,0.5328598251127926,-1.044547454451744,3.753434979342908,215.05598299312197
65.93497848510742,0.5291470598552531,-1.047132159216667,3.7455716993522983,214.60545023653034
65.96832394599915,0.5263395269242279,-1.0490753957559202,3.739735787370931,214.27107711038818
66.03497385978699,0.5221776732545432,-1.051922510777666,3.7319024464311905,213.82225973505402
66.06832337379456,0.5192376422124823,-1.0538990453851327,3.72731874472045,213.5596329724817
66.13502287864685,0.5153412502770645,-1.0564701686803566,3.720305974343725,213.15783082720097
66.16834831237793,0.5125978177350884,-1.0582594096551756,3.7153956943161726,212.87649250539482
66.23496198654175,0.508484267338938,-1.0609224300397937,3.7085084216578243,212.48188084971562
66.26833510398865,0.5054994549370505,-1.062831157633476,3.7045173694434537,212.25321040201584
66.33502006530762,0.5015566883310283,-1.0653078629362815,3.699089984259453,211.94224413718078
66.36834716796875,0.4985633451178139,-1.0671825584796624,3.695045409507981,211.71050707399627
66.43499994277954,0.4943578923847246,-1.0697817566397063,3.688558159574122,211.33881503213962
66.4685845375061,0.49144510298710886,-1.071555564067584,3.684017174730097,211.0786357657441
66.53495597839355,0.4872205017353036,-1.0741020591813917,3.6769037985335076,210.67106933159073
66.56835150718689,0.4841718570026922,-1.0759151720480349,3.6716870315157553,210.37217059877045
66.63499784469604,0.47990015513554324,-1.0784172505651803,3.663766646452623,209.91836596253452
66.66858720779419,0.47729713426789305,-1.079897275296272,3.658540752534597,209.61894429684855
66.73496627807617,0.4729159568792139,-1.0823980358534544,3.6506018037013357,209.16407603493238
66.7683539390564,0.4701826705329175,-1.0839135206911077,3.6456248170490824,208.8789157050653
66.83501434326172,0.4660079468597987,-1.08621453045715,3.638173483653265,208.4519857497401
66.86833620071411,0.46265935825017573,-1.0880498629614426,3.6325911896962753,208.1321438660032
66.93502163887024,0.45816529820486956,-1.0904561167136777,3.624457090404038,207.66609430641765
66.96833896636963,0.45514096736135673,-1.092038275551401,3.6186496108545083,207.33335023862105
67.03495788574219,0.45073840136057713,-1.094311940863453,3.6103129712631583,206.85569597471505
67.06834053993225,0.4477015037786235,-1.0958479180848244,3.6051055370588734,206.55733197271744
67.13501524925232,0.4432680920181876,-1.0980627772241387,3.597475914708055,206.12018681273685
67.16836047172546,0.440086298787187,-1.099627386471253,3.5923665412348162,205.82744127676418
67.23503708839417,0.4358782661603313,-1.1016513056089232,3.5850154036129083,205.40625211640904
67.26902484893799,0.43279924077521253,-1.1031154825647198,3.5800937204491476,205.12426044302495
67.33500480651855,0.4283369758209362,-1.105209301666706,3.572680700896751,204.69952570922464
67.36833572387695,0.4256132392813958,-1.1064469454425665,3.567257460837551,204.3887969425462
67.43503618240356,0.4211675476528828,-1.1084681818241189,3.55884698361096,203.90691209377167
67.46834826469421,0.41841629527518753,-1.109675591367122,3.5530586893149363,203.57526726002985
67.53504061698914,0.4139670242428439,-1.111625247804328,3.544662085813189,203.09417731713498
67.56836891174316,0.4110810083078862,-1.1128506586865958,3.5394485506981144,202.79546375869793
67.6351432800293,0.406462721420761,-1.1148039033915138,3.5320233697843784,202.37003223021978
67.66839265823364,0.4038088235677814,-1.1158781895037146,3.5267836146587337,202.0698163758383
67.73525381088257,0.39931604795721115,-1.1177081394281971,3.5186917430792373,201.6061862859713
67.76843428611755,0.39615476628696233,-1.1189667644648293,3.51311678647332,201.28676480148366
67.83504486083984,0.3917211554255254,-1.1206923880586774,3.505487116398179,200.84961690710082
67.86835050582886,0.388541076575664,-1.1219085746640125,3.499362760049169,200.4987171360684
67.93506956100464,0.3836752475333796,-1.1237407531792296,3.490941377353082,200.0162074499181
67.96835398674011,0.38047415185914707,-1.1249059730459698,3.4846466618870315,199.6555468204777
68.03504300117493,0.37608293207300436,-1.126462463655429,3.4760030677674107,199.16030535759933
68.06947112083435,0.3729854776376889,-1.127536222912278,3.469510457782801,198.78830620745669
68.1350359916687,0.3687495219822104,-1.128965359629951,3.4605948402334668,198.27747895012706
68.16834878921509,0.36551768762971626,-1.1300407712413751,3.4552361899589963,197.97045090551327
68.23507118225098,0.3608689861919142,-1.1315537431337337,3.4474246219720026,197.52288102847905
68.26838278770447,0.3577616622200199,-1.1325332144536178,3.441612275715742,197.18985811892662
68.33499026298523,0.35280144902915556,-1.13408222221776,3.433006089358688,196.69675996296436
68.36837530136108,0.34940048822566083,-1.1351068746305795,3.426928783150522,196.34855596642782
68.43507885932922,0.3453294225881122,-1.136273291714364,3.4184829814252202,195.8646471729637
68.46843528747559,0.34231719811424255,-1.1371256632262972,3.4133719138618392,195.57180457277576
68.53512811660767,0.338044812013829,-1.1383091473631521,3.4054076701804563,195.1154870228188
68.56836891174316,0.3351401908369436,-1.1390890275548167,3.400048472138578,194.80842759344438
68.6350359916687,0.33049606463521114,-1.1403292359357275,3.3923505791418513,194.36737081358865
68.6683840751648,0.3275788298180377,-1.1410696833109721,3.38712013455511,194.06768841379133
68.73505282402039,0.32276976757910936,-1.1422902689159953,3.3794072060360514,193.62577016196317
68.76833987236023,0.31985337446318357,-1.1429879613100937,3.374021537798792,193.31719410211053
68.83677315711975,0.31541460468205396,-1.1440375822144424,3.366763024946379,192.9013119501258
68.86833357810974,0.3122267934653429,-1.1447717862562183,3.362045015448993,192.63098991822295
68.93503069877625,0.30790426569970897,-1.145733938249614,3.355046297131,192.22999289660106
68.96835803985596,0.30457512486532545,-1.1464653685765285,3.3503348088948113,191.9600445054419
69.0350456237793,0.3000958763055571,-1.1474116113152484,3.342919196085257,191.5351611889513
69.06831884384155,0.29688769242266067,-1.1480695036182822,3.3376296018728557,191.23208976524387
69.13507795333862,0.29197579942801083,-1.1490566056252796,3.329773730830615,190.78198151012444
69.16949915885925,0.28877359028650845,-1.1496645278123836,3.323920667319598,190.44662567372114
69.2350435256958,0.2836732799877173,-1.150617703992656,3.3143796648373054,189.89996649916193
69.26837468147278,0.28058210069435796,-1.151146659300472,3.3071163959915335,189.48381184883036
69.33517169952393,0.2757413901968932,-1.1519577307355844,3.2972596699231187,188.9190630452936
69.36838436126709,0.27317771671881397,-1.1523302508749973,3.290590029229221,188.53692078266457
69.43506288528442,0.26826475352955687,-1.1530843517662974,3.281868973311037,188.037241085655
69.46832847595215,0.26516289390099035,-1.153517645579746,3.27602179834984,187.70222263830388
69.53504467010498,0.260198990026442,-1.1542013825786646,3.2675174134688123,187.2149572772661
69.56838011741638,0.2568204997333031,-1.1546324183636998,3.2615722971542507,186.87432720372738
69.63514137268066,0.25208146836989087,-1.1552012962045919,3.2536939792536943,186.42293283836312
69.66839742660522,0.24882635569045014,-1.1555656033456523,3.2491794010398154,186.16426656042614
69.7350766658783,0.24395985751484003,-1.156094850071991,3.242633497968686,185.78921394134872
69.76839923858643,0.24070354179551928,-1.156422195980939,3.2380799659832236,185.5283157767039
69.83502531051636,0.2359658618889155,-1.1568795419760418,3.231424532531306,185.1469875290788
69.8683602809906,0.2332575892410205,-1.1571034575568375,3.227594033294651,184.9275160893904
69.93501806259155,0.22886339034458714,-1.1574784341202993,3.2218681474204933,184.5994469948276
69.96838402748108,0.22573838496677917,-1.1577316631111652,3.2182096822258455,184.38983237967878
70.03502893447876,0.22136485256911168,-1.1580646358086832,3.2127810481052634,184.0787945560487
70.06839871406555,0.21809463955247144,-1.158304581556614,3.209109215677034,183.8684140548319
70.13503217697144,0.21357018417850546,-1.1586105793462487,3.203273421487149,183.5340476776445
70.16830444335938,0.21084925281316486,-1.158766199420644,3.1979491693745565,183.22899050252934
70.23502087593079,0.20650456474420684,-1.1590122354745993,3.1898977277628964,182.76767687918522
70.26829147338867,0.20337237176595646,-1.1591688074743178,3.1856396705418204,182.52370817149236
70.33512806892395,0.19943824233208257,-1.15932855335455,3.1802797373345,182.2166066202409
70.36861944198608,0.1965744419039814,-1.1594388200676087,3.1769862409130525,182.0279031754505
70.4350597858429,0.19213566510801833,-1.1596047180215427,3.172027536366216,181.74379033306442
70.46838688850403,0.18913785698577462,-1.1596980800779324,3.1696056534722876,181.6050266647674
70.53506064414978,0.18466024506661494,-1.159828455484016,3.166719434161229,181.43965847949457
70.56822943687439,0.18152768260899346,-1.1599104438475956,3.164021271383651,181.28506513990007
70.6351227760315,0.17701340737122892,-1.160014113197459,3.1597336415043515,181.03940204370204
70.66839408874512,0.17428272241014425,-1.1600547856765682,3.1566275601547606,180.86143669154617
70.73504209518433,0.16981004721756976,-1.1601265426254441,3.151934217642293,180.59252797377243
70.76839089393616,0.16680514847811576,-1.1601571569566045,3.1482286223412452,180.3802130024389
70.83505749702454,0.16217016075891122,-1.1601947761054416,3.1422528590229395,180.0378269849309
70.86834597587585,0.15903857051162557,-1.1601983187781624,3.137814358949726,179.78351966336726
70.93502116203308,0.15435948932743732,-1.1601849192993203,3.1313119271582877,179.41095776514615
70.96839141845703,0.150952508624283,-1.1601572026451965,3.126136597363294,179.11443321030472
71.03504753112793,0.14651267334447482,-1.1600817181179495,3.1189360164084463,178.70187031154964
71.06836175918579,0.14379029545093985,-1.1600076188930684,3.114420301907256,178.44313892914542
71.13499045372009,0.13985000698418745,-1.1598878103719525,3.108924563523806,178.1282563144657
71.16845750808716,0.1368587805918044,-1.1597937822013047,3.1052882870368586,177.91991301862095
71.23510432243347,0.13197405687639535,-1.1596342053296038,3.0997501733528225,177.60260247806204
71.26836252212524,0.12897926998737916,-1.159505525360288,3.0950813589610378,177.3350991180828
71.33504271507263,0.12459884526586838,-1.1592993597405747,3.0879045595676016,176.9238988024269
71.36834597587585,0.12174562309863882,-1.1591406201713252,3.0827595789883078,176.62911312955657
71.43525743484497,0.11712179294686001,-1.1588767480778648,3.0753089279756423,176.20222227190595
71.46839165687561,0.11385519660324425,-1.1586661139026166,3.0702511770204564,175.91243448834555
71.53510999679565,0.10960808018607104,-1.1583544269297028,3.0635987496711663,175.53127847771384
71.56841087341309,0.10634502593132948,-1.15810667454849,3.0596800536316215,175.3067537334533
71.6351010799408,0.10153766208682907,-1.1577206043351276,3.054552324852168,175.01295651590283
71.66839480400085,0.09882378360189892,-1.157469897098606,3.050879031823808,174.802492328463
71.73516702651978,0.09490078396223287,-1.1570995299313611,3.045652269947238,174.50302093241564
71.76863288879395,0.09149783806148096,-1.156786412940091,3.041850529407108,174.2851972446624
71.8349859714508,0.08686514462249739,-1.1563284703638872,3.0365676315838823,173.98250949579273
71.86839485168457,0.0836130460119758,-1.1559899323494403,3.0325960735767175,173.75495598389077
71.93502926826477,0.079366459964966,-1.1555167426780624,3.0273883085908992,173.45657302950738
71.9683632850647,0.0762537429539375,-1.1551617555666216,3.0240356789951197,173.26448150339857
72.03507471084595,0.07146951222579816,-1.1546051171017468,3.019616025295733,173.01125399951434
72.06855964660645,0.06835848805591262,-1.154222177519216,3.0162941330476483,172.82092359370185
72.13523268699646,0.06411995442175081,-1.1536797964645669,3.0111134251924194,172.52409089870696
72.16837072372437,0.06101440506951214,-1.1532739356303263,3.006993938064213,172.28806167250227
72.23506689071655,0.056520492910616185,-1.1526664544406766,3.001084209522156,171.9494591689744
72.26838517189026,0.05355776291685917,-1.152244717926145,2.9970335654805225,171.71737436107898
72.33499360084534,0.04879515578862342,-1.1515601526267887,2.991219146293265,171.38423268132925
72.36866903305054,0.04556532735683677,-1.1510734089519004,2.986838233148337,171.1332248477115
72.43502902984619,0.040618382720985516,-1.150310490567817,2.9806604993451686,170.77926677383465
72.4683575630188,0.037271279176143084,-1.1497697273311447,2.976227302953968,170.5252633308662
72.53513431549072,0.03297642514470242,-1.149038987000817,2.9701907805219077,170.1793960725731
72.56844186782837,0.029746435684669628,-1.1484822785880429,2.9660473786515014,169.94199663257223
72.63506388664246,0.025388019725752345,-1.1477028269278997,2.9605986582037844,169.6298079471714
72.66835379600525,0.020553070404886877,-1.14682603386041,2.9552627696136704,169.32408405100585
72.73507976531982,0.017680084218441406,-1.1462779127880272,2.9528981051518817,169.1885987573808
72.76835870742798,0.014870175830527441,-1.145733340005427,2.9504895554929704,169.0505990271775
72.83500289916992,0.010289582220123498,-1.1448519499354395,2.9462618457609007,168.80836910252353
72.86839008331299,0.007192783577716348,-1.1442395212165253,2.943253579535917,168.6360081441802
72.93494462966919,0.002615559349530037,-1.1433229194942838,2.939549664404901,168.42378943949834
72.96838283538818,-0.0001832175971789446,-1.1427425572437413,2.9373751293223065,168.29919775686255
73.03503751754761,-0.004192767725058201,-1.141903763978197,2.934814407576884,168.15247920834247
73.06841588020325,-0.007381633124852488,-1.141241642744216,2.932683830714169,168.03040614618067
73.13504266738892,-0.011816441830508673,-1.1403031109793411,2.9296985537034907,167.85936237279137
73.16828060150146,-0.014879721079888442,-1.1396451952930233,2.9273977350345413,167.72753517363566
73.23512482643127,-0.01902921407465004,-1.1387374296196309,2.923616034501093,167.5108596936867
73.26843094825745,-0.022220751716874883,-1.1380356502582578,2.9203686253907697,167.32479685731283
73.33502125740051,-0.026924798746086442,-1.1369843578490157,2.915130602783424,167.02468026891782
73.368408203125,-0.029974446738773322,-1.136280365366165,2.91143791909226,166.81310507833734
73.4353380203247,-0.03455793873700458,-1.1352084046571083,2.906185882336763,166.5121855383998
73.4684009552002,-0.03800223541987179,-1.1343903535635138,2.9025331554259544,166.30289970269658
73.53509902954102,-0.04276631225029768,-1.1332311204258385,2.897469421252714,166.01276910599375
73.56840324401855,-0.04578808289194926,-1.1324730218300427,2.89355307466283,165.78837897528294
73.6350588798523,-0.05054798646916308,-1.1312705514095684,2.8876992099881496,165.45297723558303
73.66833758354187,-0.05304203916813536,-1.1306045403968388,2.8838115303604686,165.23022960081792
73.73504900932312,-0.05784727968415432,-1.1293486797600307,2.8778216359834006,164.88703393328277
73.7683653831482,-0.06112276868021508,-1.1284681714988776,2.873632899719484,164.64703702386697
73.8349769115448,-0.06585502784630345,-1.127171783151538,2.8676408203734067,164.30371616682922
73.86844086647034,-0.06913553385815593,-1.1262517129944163,2.863877622501477,164.08810081129505
73.93508172035217,-0.0735874382106018,-1.1249767094623124,2.8586795542643846,163.79027343968863
73.96841645240784,-0.07712506233977809,-1.1239584621022054,2.855591864213882,163.6133618313503
74.0351231098175,-0.0814461515654036,-1.122676628232743,2.851141955989022,163.35840087084526
74.06839656829834,-0.08484475607870846,-1.1216668575003244,2.8470449745534805,163.1236611258453
74.13506269454956,-0.08913507747769915,-1.1203555352492836,2.8403265596348306,162.7387243059889
74.16833329200745,-0.09200555997122968,-1.119457355055195,2.835352549040556,162.45373449168363
74.23516273498535,-0.09579561917578484,-1.1182435368896138,2.829218038091424,162.10225290492156
74.26839828491211,-0.09865160499424507,-1.1173218339106672,2.8255080401660666,161.8896856817963
74.33512711524963,-0.1027802247729524,-1.1159720623961324,2.8201845781889436,161.5846737781088
74.36842107772827,-0.10522035972556279,-1.1151494679134963,2.8166282979455173,161.3809139293947
74.43500089645386,-0.109716365499443,-1.1136493649573844,2.811959336310553,161.11340213300275
74.46835732460022,-0.11255579046403937,-1.112677067505087,2.8085846427356658,160.9200464340118
74.53505206108093,-0.11667357728845873,-1.111252102855366,2.8031818625242564,160.61048993026122
74.56839418411255,-0.11948951623310389,-1.110260946258837,2.7990754322467866,160.37520880649748
74.63508296012878,-0.12387415587069034,-1.1087046859613836,2.7933115026838036,160.04495996912786
74.66838002204895,-0.12695164263768222,-1.107592383203557,2.7896094945155885,159.83285052536618
74.7350811958313,-0.1312196316159883,-1.1060244102107386,2.784371566261258,159.5327393430007
74.76839232444763,-0.13414687860311234,-1.104931562283749,2.780273616172766,159.29794409827485
74.83507513999939,-0.1386781937113105,-1.1032263199775467,2.7740421632512544,158.9409081456378
74.86840867996216,-0.14199232362610784,-1.1019592070870743,2.770129555886062,158.71673225672046
74.93502497673035,-0.14629174045246263,-1.1002788817874134,2.765005424097169,158.42314113154808
74.96844625473022,-0.14893580260228484,-1.0992222124076585,2.7611610645691838,158.2028755556636
75.03506374359131,-0.15303298654149147,-1.0975794182802883,2.7551113348231735,157.85625157402248
75.0684130191803,-0.15568418128886283,-1.0964943632942712,2.750517892555767,157.59306671866307
75.13499808311462,-0.15984807135397894,-1.0947806599538534,2.744225571704479,157.2325432905421
75.16839838027954,-0.163123782256652,-1.0934200654315405,2.739912872319025,156.98544381744694
75.23505878448486,-0.16733321612389718,-1.0916296301736181,2.7339144099224044,156.64175723855266
75.26835560798645,-0.1704632788052268,-1.0902844730753658,2.7294694802121087,156.3870815259204
75.33496618270874,-0.1744015391638268,-1.088551302882403,2.723310899913012,156.03422086698973
75.36829662322998,-0.1771405468812497,-1.0873299121021227,2.7186929284253574,155.7696305908354
75.4350037574768,-0.18139996782318935,-1.08541844048675,2.7118703668942605,155.3787266096352
75.46950387954712,-0.18435475673414928,-1.0840681969071266,2.7073944081044314,155.12227306170354
75.53497242927551,-0.18851402634443204,-1.0821376889073067,2.700824228460436,154.7458294974598
75.56836938858032,-0.1912081235479055,-1.0808619251056297,2.6961556592598517,154.47834018590157
75.63512992858887,-0.19558109221575168,-1.078783042369245,2.689945634858591,154.12253199703608
75.66842794418335,-0.19851741645066037,-1.0773609559940602,2.6861146478661753,153.90303261100115
75.73527812957764,-0.20276567344853602,-1.0752809252172524,2.681219329771514,153.62255154480303
75.76843118667603,-0.20543701372419404,-1.0739487871580007,2.677408788573001,153.4042236164675
75.83507537841797,-0.209658629788269,-1.0718378033434346,2.671500650130963,153.06571221895973
75.86836409568787,-0.21280151092720767,-1.0702509587840052,2.6671256490980295,152.81504312440728
75.93504762649536,-0.2167933474692525,-1.0681915189896045,2.660833210273712,152.4545129369296
75.96846675872803,-0.21991852894094355,-1.066571464705377,2.656674982783621,152.21626405149212
76.03504300117493,-0.223759282862738,-1.0645345382752007,2.6507909850005063,151.87913581185532
76.06839489936829,-0.2268726673941877,-1.0628822716296762,2.647631835980047,151.6981299061301
76.13505697250366,-0.230940965570205,-1.060686671146734,2.6432215790786757,151.4454407991131
76.16842126846313,-0.2338036227272821,-1.0591292642566459,2.6393910220488004,151.22596604811707
76.23521828651428,-0.23796764688484384,-1.056843259349124,2.633160212918171,150.8689669819804
76.26837182044983,-0.24092947318400162,-1.0551974899301324,2.629565868713135,150.66302622891456
76.33496809005737,-0.2449584266732756,-1.0529280321657828,2.625214008588619,150.4136830107485
76.3683295249939,-0.2477957191358821,-1.0513173576060149,2.622109307564742,150.23579674543043
76.43495726585388,-0.25141177212829324,-1.0492341491622146,2.6169970127505313,149.94288382894953
76.46832942962646,-0.25436027517599835,-1.0475366042913068,2.612796044483963,149.7021860774068
76.53503489494324,-0.25843242861703514,-1.0451596539373185,2.605905285142106,149.30737464947802
76.56832647323608,-0.2610017691110224,-1.0436277335647286,2.6008568705944097,149.0181218026626
76.63695240020752,-0.26478134575693973,-1.0413545352395805,2.59360191131714,148.60244325553575
76.66845059394836,-0.26744837774277885,-1.0397273711975812,2.5892604934169685,148.35369833275337
76.73508548736572,-0.2713177658286305,-1.037343738444405,2.581943471124744,147.93446383680578
76.76838111877441,-0.27419788182604266,-1.0355487905718779,2.576802243326624,147.63989318245817
76.83508825302124,-0.2781956789379622,-1.0330181005339452,2.568506160022276,147.16456262263006
76.8684024810791,-0.2808103738418116,-1.0313274691229086,2.56321297882359,146.86128567974734
76.93505525588989,-0.28490272339533756,-1.028663876447886,2.5559857769590972,146.44719751522285
76.9684247970581,-0.2877214692743728,-1.0267991789374638,2.551876633085153,146.21176091383379
77.03506183624268,-0.29108667385902565,-1.024522326016152,2.5457095548885866,145.8584133612434
77.06860184669495,-0.2937812829564279,-1.0227014796428247,2.5418695012892827,145.63839449689925
77.13503313064575,-0.2976728563223784,-1.0200454325257695,2.5356215703214384,145.2804144217527
77.1683828830719,-0.30022919613897603,-1.018272010384977,2.5311539537647314,145.0244388485706
77.23509407043457,-0.3038614904373859,-1.0157255316122422,2.523940179535409,144.6111200308702
77.26835083961487,-0.30628711542570486,-1.0139985228398314,2.5194118909856678,144.3516682085526
77.33505845069885,-0.30974185594460363,-1.0115132021700577,2.5126539031554214,143.96446402787873
77.3682005405426,-0.3119329477753198,-1.0099092557598872,2.507669640157785,143.67888679413093
77.43499112129211,-0.31530495381128193,-1.0074285779896373,2.5000128584877284,143.24018551978355
77.46828174591064,-0.3176998732302503,-1.0056437684343602,2.494420131390822,142.91974586116237
77.53506779670715,-0.3216277502311923,-1.0026993426568296,2.486166598097205,142.4468532373674
77.56832337379456,-0.32443235100950363,-1.0005593588513384,2.480079068786577,142.09806350020622
77.63505029678345,-0.32829733700382946,-0.9975569965258662,2.470199138859368,141.53198521349216
77.66840529441833,-0.33095652263249953,-0.9954495211812903,2.4645942224555397,141.21084715902916
77.73501992225647,-0.3349106102432252,-0.9922802664919423,2.4579674475173854,140.83116092328987
77.76835250854492,-0.33731405274951426,-0.9903102264414823,2.453467523368675,140.57333426143975
77.83497905731201,-0.3408961357365735,-0.98735700093181,2.4464700717478043,140.17240981621688
77.86831545829773,-0.34327647326381133,-0.985366332522795,2.44182606230614,139.90632767519062
77.93494606018066,-0.34702708709068025,-0.9822159665443038,2.435196474542668,139.5264802764321
77.96829390525818,-0.3496125518298678,-0.9800146142806722,2.430842444751326,139.27701274551399
78.03497004508972,-0.3534510671569693,-0.9767183178218577,2.4243417752012753,138.90455181628687
78.06834077835083,-0.35590316369461045,-0.9745738532209908,2.4191977984200688,138.60982365681045
78.13498950004578,-0.35960280627407637,-0.971314803838047,2.411307425276519,138.15773857690166
78.16828227043152,-0.36223212603380517,-0.968967386395555,2.4061089421540474,137.85988743411406
78.23498368263245,-0.3658073470453063,-0.9657254486897084,2.399183601548327,137.4630946457157
78.26825904846191,-0.36819930531348033,-0.9635252929146763,2.3946565685272003,137.20371475988878
78.33495736122131,-0.37192694085406686,-0.9600814111500797,2.387380457808486,136.78682432443657
78.36831283569336,-0.3743802170485011,-0.9577761201105346,2.3822806307189315,136.4946257559586
78.43494153022766,-0.3777782847266049,-0.9545382781665044,2.375078165348889,136.08195488816602
78.4683313369751,-0.38042731133371177,-0.9520020850015715,2.369762202236409,135.7773726377737
78.53493404388428,-0.383984302647125,-0.948538990443969,2.3614429056337127,135.30071205392167
78.56840515136719,-0.38648398821236235,-0.9460700751762372,2.3561597231005984,134.99800799237698
78.63502883911133,-0.3900140225510379,-0.942537113124667,2.3485134468752613,134.55990863567393
78.66823863983154,-0.3920848883344123,-0.9404124721643033,2.343923563523996,134.2969276911891
78.73504066467285,-0.39542359983263603,-0.9369886177193887,2.3370866770315337,133.905202950161
78.76821732521057,-0.39787850125435315,-0.9344488083395832,2.3323500025958297,133.63381149606764
78.83510947227478,-0.40138930074517915,-0.9307736302174805,2.325029141489709,133.21435705228546
78.86837196350098,-0.40389899830958437,-0.9281134913171213,2.3197543188183585,132.91213197553714
78.93496108055115,-0.407401777874939,-0.9243465358061411,2.3117721676315814,132.45478840109948
78.96849417686462,-0.40967881185647326,-0.921851642394198,2.3062949362495186,132.14096615949066
79.03510451316833,-0.4131301982674145,-0.9180388406132566,2.2982142586459156,131.67797743719834
79.06838870048523,-0.4151886049273388,-0.9157078068869899,2.2924052953683707,131.34514835804853
79.13507103919983,-0.4185782373565419,-0.9118623306698503,2.284353040190163,130.88378812077485
79.16830468177795,-0.42068707458013743,-0.909417972783332,2.279220920616551,130.58973932925042
79.23493838310242,-0.4238150231963807,-0.905760043172915,2.272714532710752,130.2169507623732
79.26845121383667,-0.4255395648038487,-0.9036883765525089,2.2678021608181207,129.9354925855267
79.33516120910645,-0.4284805494740473,-0.9001738552846906,2.2604426084103886,129.5138212934583
79.3684778213501,-0.43037378479900157,-0.8978708932518163,2.255233348376176,129.21535267911176
79.43506193161011,-0.4327804626235415,-0.894889163341588,2.248279867584291,128.81694757681146
79.46840381622314,-0.4346576487676464,-0.8925618577910737,2.2439853482434127,128.5708897435418
79.53507685661316,-0.4372707710721495,-0.8892832007832504,2.23733927010753,128.1900975160416
79.56838726997375,-0.4391078353626931,-0.8869540373147752,2.2330278711233427,127.94307255045065
79.63506841659546,-0.4419736700653225,-0.8832966862699319,2.226518699394076,127.5701244822378
79.6683132648468,-0.44388183403514725,-0.8808222449239569,2.221746679659167,127.29670789167439
79.73500394821167,-0.44671549139595484,-0.8771132311107928,2.214744844816457,126.89553230633943
79.768319606781,-0.44858304051882114,-0.8746264181673737,2.2096570025250313,126.60402041621258
79.83509111404419,-0.451396877203445,-0.8708467711147487,2.20254899610283,126.19676164746858
79.86836409568787,-0.45340200222601085,-0.8681192499764541,2.1980813167931896,125.94078247880825
79.93508076667786,-0.4561946990246526,-0.8642686779898966,2.1909475912346754,125.53205011210078
79.96847200393677,-0.45799683019296106,-0.861737661866083,2.185608492973032,125.22614231530298
80.03508973121643,-0.46090722476459306,-0.8576344012833457,2.1766430366263063,124.71245950522682
80.06837821006775,-0.46284078782169,-0.854847838783346,2.1706598668621706,124.36964912963155
80.13526606559753,-0.46571010871792023,-0.8506635920962016,2.161445325253308,123.84169478529604
80.16833138465881,-0.46766604232258346,-0.8477544672083858,2.1550342704932794,123.47436840531915
80.23524880409241,-0.47041925826077813,-0.843586810678837,2.145729247182931,122.94122984136533
80.26841378211975,-0.4722556090350438,-0.8407508524351879,2.1396864697520024,122.59500419803622
80.33505535125732,-0.47501705483417866,-0.8364390576903228,2.132056226142478,122.1578234425538
80.36834788322449,-0.47695729363182904,-0.8333665039944995,2.127308599328613,121.8858044634162
80.43507885932922,-0.47929138403029375,-0.8295687610567816,2.1202826987543246,121.48325001323093
80.46836352348328,-0.4810573252803528,-0.8266900864124024,2.1148710401499096,121.17318481503229
80.53499865531921,-0.4836975343896209,-0.8223382629003076,2.1067101088233993,120.70559789312715
80.56827688217163,-0.485423254881994,-0.81943268618261,2.101567037458097,120.41092161016073
80.6350679397583,-0.48771048104373216,-0.8155069625744913,2.094859082459355,120.02658409956913
80.66832327842712,-0.48954576549804185,-0.8123585721989667,2.090069484247746,119.75216033648054
80.73504114151001,-0.4919358185370865,-0.8081679743729137,2.0833694728346868,119.36827795982276
80.76864624023438,-0.4937367106951905,-0.804989201801255,2.078969672810534,119.11618798773725
80.83509707450867,-0.496087257093518,-0.8007562066977053,2.0730450935131146,118.77673459860453
80.86839842796326,-0.4977114288061301,-0.7977986531876486,2.0691859721481074,118.55562323176086
80.93506622314453,-0.49987074731358094,-0.7938038357917317,2.0630310995136942,118.20297500636842
80.96836018562317,-0.501337337333189,-0.7910603534014791,2.058815682805012,117.96144942007201
81.03510332107544,-0.5036369025170994,-0.786740499843117,2.0532908453951877,117.64489955399308
81.06840300559998,-0.5048783947134389,-0.7843342437340015,2.0499915900453787,117.45586614691307
81.13499641418457,-0.5069795833766142,-0.7802921990678798,2.0455696217271755,117.20250602513946
81.1683440208435,-0.5086014031311424,-0.7771622852494322,2.0422345153130723,117.01141850338433
81.23499822616577,-0.5106243150722833,-0.773178348606127,2.036016972705116,116.65517955300568
81.26837086677551,-0.5124102626352165,-0.7696709581290013,2.031359477532741,116.38832473652603
81.33501243591309,-0.5146155715052517,-0.7652259333028534,2.024620563730009,116.00221341712704
81.36836361885071,-0.5160350019495099,-0.7623054479530544,2.0196336519681672,115.71648442036935
81.4350118637085,-0.5181810881110429,-0.7578521496076083,2.0115502004517865,115.2533367645821
81.4682879447937,-0.5195676895401502,-0.7549032887009008,2.005796936175911,114.92369900315106
81.53507137298584,-0.5217097694512659,-0.7503096552885642,1.9972041484320933,114.43136853117855
81.56834697723389,-0.5230466758603075,-0.7473553599704,1.9924734595039835,114.1603200214086
81.63502144813538,-0.5251404306259839,-0.7427011516883115,1.9857214373810808,113.7734576505873
81.66835570335388,-0.5265556954285536,-0.7394966076105058,1.9808359943270115,113.49354238253764
81.73524236679077,-0.5284855948037529,-0.7350403192580086,1.9730913915287223,113.04980932819046
81.76847076416016,-0.5296988362451671,-0.732166560380266,1.9677444239294906,112.74345065156129
81.83503532409668,-0.5316041763768934,-0.7276283857712219,1.9602584010615072,112.31453313588742
81.86845660209656,-0.5327194185183125,-0.7248807380055021,1.9552740054322262,112.02894830290616
81.93508529663086,-0.5346215784879479,-0.720203937693367,1.9475772619570861,111.58795738578578
81.96841168403625,-0.5359773371373074,-0.71680908264393,1.9415005174173914,111.2397855704821
82.03511071205139,-0.5378359703110219,-0.7120359378436988,1.933362705271108,110.77352328002976
82.06843495368958,-0.5389796178499207,-0.7090015547111556,1.928179804731131,110.476564953453
82.13500833511353,-0.5408806355621043,-0.703948301511557,1.9211275329043962,110.07249954180209
82.16830706596375,-0.5419849081279124,-0.7008980853563791,1.9160669068829579,109.7825470290796
82.23508858680725,-0.5436218325499701,-0.696328250561009,1.908536621328798,109.3510934482979
82.26842164993286,-0.5445869198400016,-0.6935382114269598,1.903676567827139,109.07263289444506
82.33500623703003,-0.5460975458566094,-0.6891553963932568,1.8961961617375005,108.64403719646482
82.36840558052063,-0.5471315467460833,-0.6860946784687114,1.8915773259278807,108.37939739830972
82.43529176712036,-0.548685152429808,-0.681436273435543,1.8846483160479632,107.98239437598599
82.46832036972046,-0.5497345524875111,-0.678213552192949,1.879656160115916,107.69636491040849
82.5352509021759,-0.5511882760612429,-0.6736526005856902,1.8716974198768188,107.24036268446727
82.56861472129822,-0.5520605163381705,-0.670806333306012,1.8667276999546913,106.9556187075673
82.63510346412659,-0.5534004258923813,-0.666402708535441,1.8589177989519536,106.50814434169543
82.6684103012085,-0.5544131560572656,-0.6630278898864425,1.853357889747243,106.18958500978957
82.73506879806519,-0.5557871348270665,-0.6583082310103512,1.8448806081547742,105.70387255279716
82.7683835029602,-0.5567028464129575,-0.6550612801291128,1.8387213099870667,105.35097076302488
82.83505296707153,-0.5581011796287844,-0.6500077628291576,1.829230453404259,104.80718473686603
82.86847925186157,-0.5589612950063731,-0.6467474024361877,1.822107368853357,104.3990620549845
82.93498015403748,-0.5601996509042659,-0.6419187821539077,1.812535790942829,103.85065103743061
82.96834588050842,-0.5609322339038474,-0.6388992982450977,1.8064026340104524,103.49924703011402
83.03508996963501,-0.5621643976881449,-0.6338197950220957,1.7972093277519967,102.9725093817333
83.06868743896484,-0.5628811980960658,-0.630676183536734,1.7909206452946798,102.61219441823108
83.13512468338013,-0.5637514531984896,-0.6266495208437329,1.7815854139639151,102.07732506219998
83.16837739944458,-0.5643998783320477,-0.6236182904607864,1.7756140820435433,101.73519294509093
83.23504781723022,-0.5654695637168989,-0.6185712211758592,1.7663762525621358,101.20590430394475
83.26838541030884,-0.5661587153551081,-0.6151385684254069,1.7602501495439888,100.85490445614258
83.33510684967041,-0.5669681658058447,-0.6108164965136187,1.751414109847927,100.34863667394816
83.36828947067261,-0.5675807236488286,-0.6075025297117014,1.7461158957007203,100.04507136435673
83.43518471717834,-0.5684449166981842,-0.6026538579909212,1.7378901785238714,99.57377248665502
83.46839547157288,-0.5690092154159941,-0.5993274139888293,1.732245926367245,99.2503806595727
83.53506350517273,-0.569807461975432,-0.5944435043369133,1.7237235342095323,98.76208355758038
83.56836080551147,-0.5702961422341863,-0.5912529651090104,1.7190140422145817,98.49224954261906
83.6350564956665,-0.5709779766521471,-0.5866364003665497,1.71274637011083,98.13313838370222
83.66835498809814,-0.5714358837222161,-0.583433386795448,1.7083400036770247,97.88067218405705
83.73507809638977,-0.5720663008244243,-0.5788404726557744,1.7014303197057776,97.4847764547354
83.7684063911438,-0.5725356280629194,-0.5753542230929655,1.6957813924905631,97.16111676652702
83.8350920677185,-0.573108016599429,-0.5707440318393875,1.6877666445045587,96.70190553306799
83.86839270591736,-0.5734657127690803,-0.5676672341443727,1.6821348466787744,96.37922728657959
83.93500900268555,-0.5740582510579013,-0.5625095870547917,1.6745286023520656,95.94342158871386
83.96831059455872,-0.5744086320881955,-0.5591565343903796,1.668758312999743,95.61280836225649
84.03505253791809,-0.5748949330409154,-0.5542164001611811,1.660176089139731,95.12108315624133
84.06837344169617,-0.5752306094569477,-0.5505859207278835,1.6542505006042505,94.7815719420272
84.135018825531,-0.5756618221753504,-0.5454572345456746,1.6455309359015953,94.2819776853738
84.16818284988403,-0.5759391325942024,-0.5418276924684484,1.63932704080319,93.92652067969328
84.23504257202148,-0.5762786017293967,-0.5368012249227132,1.629205915896712,93.34662293862736
84.2683777809143,-0.5764571212210879,-0.5335779379762827,1.6227836783720144,92.97865583343163
84.33505725860596,-0.5767151528730037,-0.5285941103750453,1.612839826680438,92.40891509940029
84.36833548545837,-0.5768446976267914,-0.5253599256305649,1.606472480193518,92.04409301900232
84.43505549430847,-0.57702244289171,-0.5203992366755227,1.597001304982718,91.50143465239455
84.46838784217834,-0.5771294255200289,-0.5167506885339045,1.5904866675333462,91.12817342148767
84.53502464294434,-0.5772247095359134,-0.5117525183132106,1.5810672974981939,90.58848327280145
84.5683524608612,-0.5772435364555534,-0.5086519472222696,1.574651128161853,90.22086384918786
84.63504934310913,-0.5772704941574177,-0.5035547168960548,1.5653925495558507,89.69038637077382
84.66830825805664,-0.5772559816088423,-0.5000444512661324,1.5591726168518747,89.3340104779806
84.73541736602783,-0.5771886866943523,-0.49533904884939345,1.5496153155211996,88.78641744819815
84.76837062835693,-0.5771217812462995,-0.49182412585661867,1.54362788457901,88.44336292508464
84.83513474464417,-0.5769869520831282,-0.4868544048205485,1.5354148173972513,87.97278883871246
84.86834955215454,-0.5768688104989947,-0.48322456868369545,1.5307464429539426,87.70531068592415
84.93502807617188,-0.5766629175130976,-0.47791887416233825,1.5238279405853978,87.30890969965526
84.9683780670166,-0.5765030912586353,-0.4749626713463321,1.5190194175205995,87.03340162235101
85.03527998924255,-0.5762490403299552,-0.4701468770030799,1.5115331067870612,86.60446761319578
85.0684506893158,-0.5760511161312297,-0.46677376316331287,1.5062688675008014,86.30284891974613
85.13501238822937,-0.5757326992359504,-0.4618301535056791,1.4985332305134609,85.85962956852622
85.16829586029053,-0.5754909599682557,-0.4584719476370345,1.4929969176588322,85.54242220789197
85.23506760597229,-0.5751110921986067,-0.4536585318076305,1.4853007556976643,85.10146460906793
85.26875591278076,-0.5748117477399012,-0.4500230664228535,1.4797642886041247,84.78424841119505
85.33675241470337,-0.5743563497970609,-0.4450543829193852,1.4720733725601265,84.3435913812845
85.36945915222168,-0.5740225198822676,-0.4416954892297584,1.4667041663226879,84.03595852454394
85.43528532981873,-0.5734939067112649,-0.436598425038959,1.4588015282545046,83.58317071621762
85.46839165687561,-0.5731053051912354,-0.43312121751957244,1.453085479886701,83.25566526924985
85.53506112098694,-0.5725129558202217,-0.4281395938321547,1.4442937801133642,82.75193797749152
85.56866931915283,-0.5720866767835202,-0.42480711546179367,1.438312449733404,82.40923299084642
85.63519501686096,-0.5714110350735125,-0.41970754797019133,1.4296389176927045,81.91227621144284
85.66841459274292,-0.5709460281030893,-0.416495244052414,1.4242734753691542,81.60485901108254
85.73533725738525,-0.5702207488818739,-0.4115845964518611,1.4155333223110196,81.10408512855307
85.76832890510559,-0.5697316902460784,-0.4085281626579474,1.4094584566877417,80.75602096723014
85.83504223823547,-0.5689398570576881,-0.40364288494159256,1.4007073862946928,80.25462156748655
85.86849021911621,-0.5683529221251784,-0.4001844616578178,1.3948788256494542,79.92066964187833
85.93509578704834,-0.5674807001674617,-0.39527830835249744,1.3857082330984172,79.3952333930698
85.96854257583618,-0.5668795186674963,-0.3920957592640788,1.3797001151153732,79.05099358982471
86.03509569168091,-0.5659175635173547,-0.3870872180760548,1.371246010954744,78.56660910185668
86.06872272491455,-0.5652053260215659,-0.38351470568081725,1.3660189756957202,78.26712204214854
86.13503575325012,-0.564183358409004,-0.37861378119369543,1.3587838674829484,77.85258087723628
86.16833162307739,-0.5634941353409109,-0.3754460363098256,1.353726703812594,77.56282674261809
86.23507952690125,-0.5624735911026865,-0.3708688630688718,1.3463819368485765,77.14200259407276
86.26837301254272,-0.5617515761658193,-0.36771398774371233,1.340245128190485,76.79038935828478
86.33507752418518,-0.5606285035726508,-0.3629112853335875,1.3313681147551764,76.28177395376066
86.36839437484741,-0.5599133987184948,-0.36003423147560165,1.3259717945773053,75.97258758266737
86.43510913848877,-0.5588202713200285,-0.3556930709453663,1.3183190673723235,75.53411861205697
86.46836924552917,-0.5579548672313182,-0.35228105167202095,1.3130823435720442,75.23407643982526
86.53497123718262,-0.5566755345607285,-0.34738607442864256,1.3053459346242722,74.79081285853067
86.56845903396606,-0.5558539660104519,-0.34439618805796657,1.300454572583394,74.51055845751786
86.63501572608948,-0.5545764221773437,-0.3397880022520476,1.2924265991885464,74.05058946394978
86.66832160949707,-0.5535886650076036,-0.3362805198622177,1.2866408712864752,73.71909167375001
86.73508810997009,-0.5522298374304949,-0.3316439892203537,1.2774899675045301,73.19478350831426
86.76836705207825,-0.5511863739985624,-0.3281482079022177,1.271580984854513,72.85622374125225
86.83508563041687,-0.5496755181548993,-0.3232397327977034,1.2626712579577362,72.34573399345274
86.8683762550354,-0.5486152504293995,-0.3199007406055634,1.2570117454218828,72.02146781104696
86.93506002426147,-0.5470234289292615,-0.3149933601370155,1.2487635535727915,71.54888122947982
86.96839308738708,-0.5458732772360781,-0.3115263092971932,1.2426458039719286,71.19835999723254
87.0350615978241,-0.5442052765716935,-0.30663208773488687,1.234353506630546,70.72324635710376
87.0683982372284,-0.5430853592903591,-0.30344740415439847,1.2286015664668735,70.39368446171353
87.13528728485107,-0.5413533355545557,-0.29858379513347655,1.2206940406506739,69.94061660605456
87.1683599948883,-0.540194686068522,-0.29542468356291113,1.2148751407997311,69.60721820318624
87.23510384559631,-0.538490466634401,-0.2908639627016704,1.2062832899650415,69.11494141215258
87.26839876174927,-0.5371606490073175,-0.28733882651566006,1.2004607827180032,68.78133632071294
87.33503270149231,-0.5354248434559326,-0.28291003322932773,1.1911970706182986,68.25056471477559
87.36836099624634,-0.5341764608773752,-0.2797819074828861,1.1852288132555495,67.90860875684218
87.43495225906372,-0.5323031660826103,-0.2751657962203251,1.1765505933399079,67.41138338198954
87.4683256149292,-0.5310592651220972,-0.27218803439740225,1.1719519201304784,67.14789881572936
87.53504920005798,-0.5293875143432822,-0.2682816945539855,1.1664832530678728,66.83456727347985
87.56841850280762,-0.5281632417437386,-0.2654223503735348,1.162869687625518,66.62752522463859
87.63509821891785,-0.5262401602762082,-0.2609495182340829,1.1572073523195152,66.30309730941671
87.66844749450684,-0.5248923131655671,-0.2578634470358103,1.1532927977906349,66.07880985623805
87.73517870903015,-0.5228416090017661,-0.25321972449743674,1.1471235147754557,65.72533597684654
87.76846575737,-0.5217163135311478,-0.2507736629579948,1.1426311154591453,65.4679404561345
87.83498072624207,-0.5196435327189987,-0.24620186538407535,1.1367212053915725,65.1293275519607
87.86839079856873,-0.5182851959033485,-0.24327277548840595,1.1327854610255381,64.90382601054453
87.93517518043518,-0.5162525847877271,-0.23893510361380677,1.1260286809391395,64.51669102849586
87.96949076652527,-0.514753058397341,-0.2357681953209409,1.12029990330117,64.18845624807129
88.03504490852356,-0.5126514375299945,-0.23143021038345776,1.111946506953249,63.70984189273542
88.06842732429504,-0.5111640647421312,-0.22841287433511173,1.1058188705080312,63.358754186033885
88.13513350486755,-0.5088206142853194,-0.22371695424727775,1.0967156499545627,62.8371780683434
88.16835522651672,-0.5073957684787628,-0.2209658458489076,1.089876163757479,62.445304375212515
88.23522067070007,-0.5052293585650394,-0.21683124012645716,1.0798321382153835,61.86982410232885
88.26836514472961,-0.5037072172793897,-0.21398512803949626,1.0733759250870696,61.499910338439506
88.33502340316772,-0.5015492213146443,-0.21003202749563077,1.0641286696291568,60.970081628621784
88.36837005615234,-0.49998165727960175,-0.20720140642616616,1.0580466341193882,60.621606663063346
88.43503928184509,-0.49778207729827556,-0.20330954895578118,1.0484264664748304,60.070411658821875
88.46833944320679,-0.495983969113948,-0.2001439415795801,1.042351089282942,59.722318186776626
88.53496026992798,-0.49356443533293437,-0.1960014609569871,1.0331311414880764,59.19405409079988
88.56838583946228,-0.4919082304837358,-0.19322471416781278,1.0273723914791129,58.864102020015345
88.6351990699768,-0.4892929337242321,-0.18887695636698715,1.0189011894853905,58.37873789837225
88.66834664344788,-0.4877921433900992,-0.18647677630546738,1.0121712893151678,57.99314302207411
88.73544716835022,-0.48513340442111574,-0.1821986243345884,1.001725893479363,57.39466592533897
88.76834797859192,-0.483185866207062,-0.1791268354601981,0.9948340973158576,56.99979509190566
88.83506393432617,-0.480540691062438,-0.1750644664953482,0.9852445078128937,56.45035208612288
88.86846542358398,-0.4786837639656109,-0.17226214154023645,0.9795616299558318,56.12474716942488
88.93517255783081,-0.4759867024067082,-0.1682521215811592,0.9716443315472622,55.67111938546819
88.96836590766907,-0.474237602626259,-0.1657059724948646,0.9670077523141954,55.405462964035465
89.03500652313232,-0.4716694083072876,-0.16200137108671134,0.9596051634610347,54.98132586527877
89.06833910942078,-0.469663200314965,-0.15911565430411456,0.9540867352239042,54.66514321774537
89.13505458831787,-0.4667371046879046,-0.15497331188804722,0.9451214730774611,54.15147153452578
89.16829919815063,-0.46476317869531353,-0.15223901799638578,0.9384710811361208,53.77043214417917
89.23503470420837,-0.4617487837443203,-0.1481138888951075,0.9294391857850625,53.2529426595597
89.26842737197876,-0.45965816421952915,-0.14530744595539266,0.9241433999769776,52.94951648355116
89.33672022819519,-0.45663720594354773,-0.14131008491955038,0.9161844649863874,52.49350309917134
89.36828851699829,-0.4545086745046339,-0.13853185137982232,0.9107193086621425,52.18037270741288
89.43500113487244,-0.45143510239584045,-0.13457689840166936,0.9022510151673817,51.695175230485
89.468346118927,-0.44942839522883615,-0.13204791524689247,0.8968313502077425,51.38465130192273
89.53500247001648,-0.4462342790590498,-0.12804126555354997,0.8887920835709107,50.92403525325194
89.56843662261963,-0.44443846759680544,-0.1258645633221936,0.8828198545553488,50.581851736374674
89.63506031036377,-0.44114117066740366,-0.12182863098319853,0.8740037630662628,50.076726902248836
89.66837692260742,-0.4388204991256124,-0.11903874662407571,0.8684775665803489,49.76009916684595
89.7350480556488,-0.43557431668092494,-0.11520756801926467,0.8608451902938192,49.32279621797206
89.76840686798096,-0.43346334044285734,-0.11276296601508917,0.8556927586528804,49.0275836307166
89.8350727558136,-0.4304742148107071,-0.1093440786700477,0.847433839039049,48.554382393506245
89.86836242675781,-0.428068853735425,-0.10659833965056932,0.8410551739291293,48.1889118037805
89.93504929542542,-0.4246605753950046,-0.1027791514075587,0.8307392022191803,47.59785016322407
89.96848964691162,-0.42238149510361805,-0.10028603005982586,0.8242952498823652,47.2286388909411
90.03501868247986,-0.4192825206157997,-0.09696051740445506,0.8149155223547512,46.69122009062613
90.06835556030273,-0.416972524230902,-0.09450366048143657,0.8091584909539429,46.36136648883553
90.13502430915833,-0.41337205066110444,-0.09070791870426419,0.8003097521480456,45.85437110124398
90.16836833953857,-0.4108456787476613,-0.08809140845825027,0.794669956111969,45.53123459106218
90.2351405620575,-0.4073222599111892,-0.08450837371302802,0.7867979035648132,45.08019920400494
90.2683675289154,-0.40504353772238816,-0.08223450490081242,0.7816253631330313,44.78383446790307
90.33503675460815,-0.4014983015823698,-0.07871786696117525,0.7737939250695883,44.335126119349674
90.36834287643433,-0.3991848914572481,-0.07646545062633925,0.767042540523949,43.948300279014695
90.43509554862976,-0.3961068824973798,-0.07353227193565696,0.7567592091593286,43.35910879248744
90.468346118927,-0.3938526694482942,-0.07140426227147692,0.7502737284976063,42.98751812245704
90.5350935459137,-0.3903947737678604,-0.06817396825139735,0.7415665126745635,42.48863140448716
90.56835508346558,-0.38801394107637593,-0.06598852429891681,0.7358305741883878,42.15998633768263
90.635094165802,-0.38458834441667733,-0.06289017433838452,0.727100823058496,41.65980844174027
90.66833019256592,-0.38205739156601143,-0.06062720097981472,0.7207190768488609,41.29416131800457
90.7351016998291,-0.37880631508135637,-0.05779147702472818,0.7100028907772664,40.68016908362533
90.76838564872742,-0.3760545044185623,-0.05539640261070929,0.7022774696100349,40.23753505578193
90.83502173423767,-0.3720802461869273,-0.052011745293930205,0.6903310511409959,39.55305569720886
90.86831855773926,-0.3694906213281232,-0.04987285266655315,0.6832880176833541,39.14951960511655
90.93508219718933,-0.3656211222249863,-0.04672285449944151,0.6739702446404046,38.615650535294776
90.9684579372406,-0.3626847995644151,-0.044355818092139086,0.667975917653611,38.27220089793013
91.03504753112793,-0.35872830924652804,-0.04124220616219693,0.6585903230071574,37.73444593646776
91.0686252117157,-0.3558599412867494,-0.0390127512210578,0.651774108916479,37.343905636814284
91.13532376289368,-0.35173547261157706,-0.03586671507557298,0.6425206102589067,36.81371921800542
91.16835618019104,-0.349359765854075,-0.03411771785983045,0.6364550495494692,36.46618818897427
91.23534035682678,-0.34535599705154296,-0.031157808266931285,0.6274950293299774,35.95281684604551
91.26838731765747,-0.3423219151120944,-0.028936312104873064,0.6213509900794509,35.60078932782762
91.33510041236877,-0.3377681443008359,-0.02565489822469431,0.6119865914139266,35.06424880661514
91.36840462684631,-0.33533698737355533,-0.02398210526642166,0.6060608078311955,34.72472641701673
91.43531227111816,-0.3313370418677839,-0.02121952319394038,0.5975321954654111,34.23607292335421
91.46861219406128,-0.32877833955572977,-0.019491411116994248,0.5918095739136798,33.908190860689395
91.53525519371033,-0.3246706319044033,-0.016726102362590988,0.5832869209835172,33.41987881753627
91.56863045692444,-0.3220822637592149,-0.01502827364965427,0.5774983478533183,33.088218007773044
91.63533449172974,-0.3179538597784758,-0.012332203992779244,0.5687771530293584,32.5885303520488
91.66837239265442,-0.315569338976239,-0.010829226461470186,0.5629258349262254,32.25327452015079
91.73535418510437,-0.3115569621055075,-0.008292217997027089,0.5547188663649881,31.783049858995337
91.76846218109131,-0.30870219652180303,-0.006513231306925029,0.5502712070203319,31.528217749834617
91.83499026298523,-0.3047370382520964,-0.004086332876804427,0.5446415455772975,31.205661909061213
91.86820530891418,-0.3020883657242309,-0.002485190159883086,0.5408223090569209,30.986835775481403
91.93505907058716,-0.2982564762250858,-0.0001921989868362648,0.5349222319976996,30.648786261186068
91.96843075752258,-0.2954798763076772,0.001459213777905262,0.5301265899750209,30.374016213231
92.03510880470276,-0.2913933883935356,0.003858628048520888,0.5231082945742029,29.97189750738805
92.06840395927429,-0.28835394662347236,0.005625825495436856,0.5185033279237893,29.708052353520852
92.13506174087524,-0.2839484718227483,0.00814826326078945,0.5117208838980374,29.31944693606155
92.16838049888611,-0.28090582896512567,0.009863509999002243,0.505891266866719,28.985434483989422
92.23512554168701,-0.27640924424793756,0.012358682712607833,0.49707823515309174,28.48048496208363
92.26860356330872,-0.2733291174636318,0.014032996943478832,0.4910553357929408,28.13539824831494
92.33498573303223,-0.2687844379978782,0.01646476753578751,0.4825670288006387,27.64905408244464
92.36863946914673,-0.26556407672016735,0.01815849830561172,0.4763250939638794,27.291417560302655
92.43497824668884,-0.2608334541830859,0.02060387220549452,0.46702434307187823,26.75852378788845
92.4683473110199,-0.2575897073682288,0.022241927803689367,0.46081345825565595,26.40266630087703
92.53513240814209,-0.2529170491993382,0.024557910352491316,0.4514466595464882,25.86598826729313
92.56846284866333,-0.24941249939881904,0.026270949133894304,0.44532711068436853,25.515363944969586
92.6351068019867,-0.24466383882242576,0.02852946544809956,0.4352219532703105,24.936381073828727
92.66830730438232,-0.24148966254734536,0.030000068297916547,0.4288639681741841,24.572095361613606
92.7350378036499,-0.23675152168932295,0.032161935870139734,0.4202897241944518,24.08082736905949
92.76834106445312,-0.2337957895262393,0.03346810164846854,0.41418211648554276,23.730887224417437
92.83514499664307,-0.22932764592081561,0.035421801693670076,0.4051448972735509,23.21309270503576
92.86839509010315,-0.22635312811458036,0.03669048193805891,0.3986957642252235,22.84358459984826
92.93497157096863,-0.22164199424247008,0.038681834841834364,0.3891080882582267,22.29425123160033
92.96833324432373,-0.21829012935835246,0.04006674592879042,0.38255044418210143,21.91852590248939
93.03512811660767,-0.21375314444431326,0.04188273283045478,0.37348984023861076,21.399391536687784
93.0683925151825,-0.2108772210270304,0.04299675976210755,0.368589191242977,21.118605032362943
93.1354341506958,-0.20624563798585724,0.044788838083571314,0.3614630806023928,20.7103089683142
93.16833209991455,-0.2029707135617909,0.046034336526346614,0.35718519044222,20.46520391691576
93.23512601852417,-0.19829978271464385,0.047777058978401434,0.35072701435672377,20.095177683864502
93.26835179328918,-0.19500964127280945,0.04898568051697778,0.3462737472491106,19.840024273553837
93.33504605293274,-0.190180126988735,0.05073170486930628,0.33981334713043443,19.469870612787876
93.3685851097107,-0.18714284288208236,0.051797249552816116,0.3354599157413815,19.22043736779537
93.43502855300903,-0.18242825419624725,0.053441080528349436,0.32880500913251204,18.83913930605343
93.46836495399475,-0.17897801821268328,0.05462715873222058,0.32473293528439434,18.60582666069069
93.5349862575531,-0.17423248087986634,0.05622167350546639,0.3178049419321675,18.208881881113403
93.56834721565247,-0.17103060087858032,0.05727226648033878,0.313054043181256,17.936675433792196
93.63529205322266,-0.16627871376048692,0.05880871452542373,0.30516343003661284,17.48457660283369
93.66839671134949,-0.16333156128767345,0.059725824582108525,0.2993855650819545,17.153529326335224
93.73509311676025,-0.15831676681638693,0.06128617442673628,0.2903382791156854,16.635158024420065
93.76844143867493,-0.15496710114712997,0.06229068745245721,0.28462570864247455,16.30785184613403
93.83509135246277,-0.1498748978279324,0.06378749477258445,0.2763035109352145,15.83102504123458
93.86839294433594,-0.14702384774364238,0.06457531571013325,0.2703153750204725,15.487930126169152
93.93503761291504,-0.14251557918023075,0.06581487364348292,0.2618264561718915,15.001550903516407
93.96837520599365,-0.13940150428390066,0.0666486856251696,0.2556706661240571,14.64885011420686
94.03502941131592,-0.13489480632365647,0.06782095870410838,0.24698149170105713,14.15099709231594
94.06845164299011,-0.13188808824678822,0.06857534056553506,0.2410815501149508,13.812955340058327
94.13509249687195,-0.1274110529129304,0.0696736170272613,0.23223991004606725,13.306366680137542
94.16831159591675,-0.1241294805891666,0.07045899619451888,0.2259314713997349,12.944919770385477
94.23508095741272,-0.11948017187296354,0.07152922044068939,0.21677978520529484,12.420566776015919
94.268390417099,-0.11632897876133975,0.07222427788150809,0.210982960252311,12.088433171633822
94.3350191116333,-0.11151363180677541,0.07326195869678966,0.20252780443783536,11.60398842833887
94.36837840080261,-0.1086079360737957,0.07384640519132529,0.19666272040866595,11.267943866977879
94.43506860733032,-0.10408606147506694,0.07474501881754213,0.18703200188453062,10.716144341866464
94.46836614608765,-0.10065724654677612,0.07540828687581112,0.18064276856553008,10.35006823836337
94.53509473800659,-0.09606919291318373,0.07624088162641245,0.17110763323016354,9.803745226560808
94.56836366653442,-0.09303564088386511,0.07676115524092446,0.16560026668960504,9.488196367555242
94.63513517379761,-0.08860857977526722,0.07749355251434543,0.15754535024851446,9.026683651150213
94.66845870018005,-0.08543771908888644,0.07800311410005871,0.1527555900251163,8.752250605469861
94.73503732681274,-0.0805855595017654,0.07875902438650505,0.14588036924786296,8.358329471712592
94.76841115951538,-0.07727077249932776,0.07925219289097575,0.14096772768614366,8.076855843965518
94.83507776260376,-0.07236880849464516,0.07995130624056407,0.13316175968282096,7.629606822360965
94.86838912963867,-0.06904448993152174,0.08040005102474349,0.1271904143719893,7.287473938035076
94.93508887290955,-0.06397156497274277,0.08105521008400997,0.11895259036281924,6.815481389938093
94.96844172477722,-0.0606486450930962,0.08145220852764648,0.11271802523484542,6.458267121005752
95.0350923538208,-0.055676211209844076,0.08201475829863478,0.10379871596534994,5.947228343691748
95.06835985183716,-0.05220685766476908,0.08238128447290051,0.09801629518052302,5.61592003735244
95.1350371837616,-0.046934425946620964,0.08290816280980588,0.08988784574971831,5.150194190981814
95.16831970214844,-0.043461566665313936,0.08322129825140445,0.08439784867098954,4.8356405288315045
95.23502683639526,-0.03815047370113927,0.08367575306676034,0.07590082552271937,4.348796964010661
95.2686333656311,-0.034959128513785395,0.0839058384879484,0.06995196041695939,4.007952100557968
95.33501601219177,-0.029928358294801324,0.08425514133780859,0.060309871362185685,3.4555010920301488
95.36841320991516,-0.02671910145271921,0.08444120559119496,0.05420501946733003,3.1057188439024763
95.43499732017517,-0.021735084321399343,0.08471177844710359,0.04533054035478301,2.5972486453765278
95.46836972236633,-0.018247769759402135,0.08487593547505054,0.04041836443150082,2.31580169674668
95.53503489494324,-0.013530373946645819,0.08505442713122607,0.03438202942426427,1.9699451771049545
95.56837463378906,-0.010731924747503351,0.08513285732247818,0.029620894690613575,1.6971522511736261
