time_s,x_m,y_m,yaw_rad,yaw_deg
0.031033039093017578,0.0,0.0,0.0,0.0
0.09063506126403809,0.0,0.0,0.0,0.0
0.13114643096923828,0.0013355543982605904,2.252158810028284e-06,0.003372616912066473,0.19323671497585318
0.19075894355773926,0.0023371860166404137,1.0697658283207291e-05,0.013490467648265447,0.7729468599033873
0.23075103759765625,0.004507186517299995,4.5463889289685654e-05,0.018549393016364935,1.0628019323671543
0.2906961441040039,0.006509962707068779,9.275485347250666e-05,0.028667243752563853,1.6425120772946853
0.3308990001678467,0.00884598668822773,0.00016762635793922875,0.035412477576696355,2.0289855072463663
0.39070701599121094,0.011682001244276765,0.00027528191774766394,0.0404714029447959,2.3188405797101366
0.4307363033294678,0.014016978704033794,0.00037772236463013385,0.0472166367689284,2.705314009661817
0.4908003807067871,0.016184196579368464,0.0004929505925565705,0.05902079596116039,3.3816425120772653
0.5307238101959229,0.01868362269577596,0.0006469854826537842,0.06407972132925988,3.6714975845410325
0.5906274318695068,0.02118195295925818,0.000817875954348438,0.07251126360942578,4.1545893719806495
0.6306719779968262,0.024178306833169187,0.001045688357203001,0.07925649743355834,4.541062801932333
0.6906335353851318,0.027173055906742814,0.0012937065317906882,0.08600173125769084,4.927536231884014
0.7306807041168213,0.03033210231690893,0.0015794835618251069,0.0944332735378568,5.410628019323634
0.7906167507171631,0.033987928834074636,0.001931966273905121,0.09780589044992327,5.603864734299488
0.8307220935821533,0.03747553483187085,0.002289017272055832,0.10623743273008923,6.086956521739108
0.8905448913574219,0.04062755788871359,0.002643972736319245,0.11804159192232122,6.763285024154556
0.9307303428649902,0.04443940627345831,0.003105811462928173,0.12310051729042076,7.053140096618327
0.990807294845581,0.047916866105228946,0.003550956528683428,0.13153205957058678,7.536231884057949
1.0307056903839111,0.05139044911487575,0.004025405773848273,0.13996360185075263,8.019323671497563
1.0906026363372803,0.055024674479137226,0.004556176522557905,0.1500814525869516,8.599033816425097
1.1307575702667236,0.05881878206902054,0.005146287286793345,0.15851299486711745,9.08212560386471
1.1907799243927002,0.061617778601288156,0.005615527837080234,0.17368977097141602,9.951690821256019
1.2310092449188232,0.06523203980783164,0.006268542015182212,0.183807621707615,10.531400966183552
1.2906811237335205,0.06933340556745372,0.007041748299348977,0.18886654707571449,10.82125603864732
1.3310372829437256,0.07260862013572765,0.007690717424265189,0.20235701472397982,11.594202898550702
1.3906669616699219,0.07571091768118901,0.008351771636794871,0.21753379082827828,12.463768115942003
1.4310634136199951,0.07880282566374447,0.009059830786787751,0.23271056693257686,13.333333333333309
1.4908413887023926,0.08237227459623121,0.009924900670841508,0.24282841766877583,13.913043478260844
1.5310149192810059,0.08577022032280164,0.010787945194852988,0.2546325768610078,14.589371980676292
1.590681791305542,0.08899570514963168,0.011650753994771838,0.26812304450927316,15.362318840579674
1.6307623386383057,0.09269391425638637,0.012683581434566743,0.27655458678943934,15.845410628019305
1.6907451152801514,0.09589971108320147,0.01361688636786055,0.2900450544377047,16.618357487922687
1.731015920639038,0.09941372362953818,0.014685075213578133,0.30016290517390365,17.198067632850222
1.7907094955444336,0.10243825872337299,0.01564081063650668,0.31196706436613575,17.874396135265673
1.830730676651001,0.10544962567297633,0.016637260247533467,0.3271438404704341,18.74396135265697
1.8907151222229004,0.10860412605746364,0.017731480845766624,0.34063430811869955,19.516908212560356
1.93080735206604,0.11127020802664467,0.01870440181649735,0.3591837011350646,20.579710144927517
1.9906723499298096,0.11470203085312204,0.020012799184882087,0.36930155187126334,21.15942028985504
2.0307860374450684,0.11765134997791703,0.021180172061300462,0.38447832797556203,22.028985507246354
2.0909476280212402,0.12120464917042208,0.022635351763680797,0.3929098702557279,22.512077294685966
2.130760431289673,0.12490341310155949,0.024175657249001746,0.39628248716779424,22.705314009661812
2.1906728744506836,0.12766565582263023,0.025358894409712805,0.41314557172812627,23.67149758454106
2.2307469844818115,0.130560974743051,0.026654414028063816,0.4283223478324246,24.541062801932355
2.2906746864318848,0.13420006326828127,0.028330847835862413,0.4350675816565577,24.92753623188407
2.33100962638855,0.13691651874887545,0.02961572318022304,0.44855804930482324,25.70048309178746
2.3906755447387695,0.14021786283756693,0.03122520719505171,0.458675900041022,26.280193236714982
2.430760145187378,0.14335476154575064,0.032790693543040726,0.46710744232118806,26.76328502415461
2.490664005279541,0.14632832782054916,0.03430927676522812,0.47722529305738703,27.342995169082144
2.530726432800293,0.1495821823107446,0.036012726953100434,0.4873431437935861,27.922705314009683
2.5906076431274414,0.1526729201063946,0.03766748400163806,0.4957746860737515,28.405797101449274
2.630699634552002,0.15486648432586375,0.03887543005747498,0.5109514621780499,29.275362318840568
2.6906065940856934,0.15806104847731686,0.040687630782609466,0.5210693129142491,29.855072463768114
2.730695962905884,0.16036864890102126,0.04203292732101626,0.534559780562514,30.62801932367147
2.790602684020996,0.16308850120145346,0.043664995394447154,0.5463639397547464,31.304347826086943
2.8307220935821533,0.16578889927050072,0.045329054588455805,0.5581680989469788,31.980676328502415
2.8906257152557373,0.16832431247459015,0.04694203782244332,0.5750311835073108,32.94685990338166
2.9307186603546143,0.17055599449008663,0.04840983817448026,0.5885216511555758,33.71980676328502
2.990656852722168,0.17304413250005862,0.05009483202370598,0.6020121188038408,34.49275362318838
3.0307230949401855,0.17578643826888993,0.05199954997226502,0.6121299695400398,35.072463768115924
3.0907046794891357,0.17795952744993415,0.053552780767400956,0.6289930541003717,36.038647342995155
3.1310930252075195,0.1806494502832045,0.05553078646617416,0.6391109048365706,36.61835748792269
3.190673351287842,0.18304919883434978,0.0573394439572078,0.6526013724848356,37.39130434782605
3.230780601501465,0.18582199517771034,0.059484783429037576,0.6644055316770681,38.06763285024152
3.290626049041748,0.1888389484149746,0.06185996263950513,0.6694644570451675,38.35748792270529
3.33070707321167,0.19131123462365132,0.06384718271661427,0.684641233149466,39.227053140096594
3.3907885551452637,0.19388697794942178,0.06597173860269434,0.694759083885665,39.806763285024125
3.4307425022125244,0.1964374638140945,0.06812655025280037,0.7082495515339309,40.57971014492754
3.490635633468628,0.19857890168293754,0.06998902498700879,0.7234263276382296,41.44927536231885
3.5306906700134277,0.20081780817284142,0.07199335349253433,0.7369167952864943,42.2222222222222
3.590663433074951,0.20290173557971797,0.07391996057353153,0.7554661883028588,43.28502415458933
3.6307172775268555,0.20569020251018255,0.07655964526973713,0.7605251136709583,43.574879227053096
3.6906754970550537,0.2080974684982288,0.0788733569752277,0.7706429644071575,44.15458937198065
3.7305643558502197,0.21047725598915154,0.08121532257945333,0.7841334320554223,44.92753623188399
3.790799617767334,0.2127097354512586,0.08346860422712832,0.7959375912476547,45.60386473429947
3.8307406902313232,0.21514764363451408,0.08598802572841793,0.8077417504398874,46.28019323671495
3.890653371810913,0.2174430216312146,0.08841277958099583,0.8178596011760861,46.859903381642475
3.930633068084717,0.22029430539426692,0.0914606033873583,0.8195459096321196,46.956521739130416
3.9906392097473145,0.22210095748685635,0.0934280511523758,0.8364089941924515,47.922705314009654
4.030712366104126,0.2244393407433028,0.09604010872393036,0.8448405364726168,48.40579710144924
4.090723037719727,0.2266432045427219,0.09854833035427685,0.854958387208816,48.985507246376784
4.1311047077178955,0.22882157815825943,0.1010787215857781,0.865076237945015,49.565217391304316
4.1907172203063965,0.2308686492258602,0.10350168315721722,0.8735077802251805,50.048309178743914
4.231079816818237,0.23267452172902825,0.10569106498412209,0.8886845563294787,50.917874396135204
4.290751218795776,0.23465548189980284,0.10816836987740495,0.9038613324337772,51.7874396135265
4.330737352371216,0.23702302224936517,0.11119132138394143,0.9089202578018769,52.07729468599028
4.390798807144165,0.2390617466625493,0.11383552148234836,0.9190381085380757,52.657004830917806
4.430791616439819,0.24148675756840055,0.11702499129924514,0.9224107254501419,52.850241545893645
4.490750789642334,0.24328528222635243,0.11943234338885209,0.9359011930984069,53.62318840579701
4.53070855140686,0.24544859508802225,0.12240040488559724,0.9460190438346057,54.20289855072453
4.590671062469482,0.24699632417210354,0.1245774159498822,0.9595095114828718,54.975845410627954
4.630728483200073,0.24918674981294642,0.12773106758403818,0.9679410537630373,55.458937198067545
4.69068455696106,0.2511623548973591,0.13062724878720677,0.9763725960432028,55.94202898550714
4.73072624206543,0.25282841945724194,0.13312810142398857,0.9898630636914685,56.71497584541054
4.790747880935669,0.25464194868847523,0.13593154629071785,1.0033535313397346,57.48792270531397
4.831021785736084,0.2565137756376359,0.13889585816424607,1.0117850736199,57.97101449275356
4.890653610229492,0.2581801110919267,0.14159485221504575,1.0235892328121325,58.64734299516903
4.9306721687316895,0.2597262808457033,0.1441715543944026,1.0370797004603984,59.42028985507245
4.990764856338501,0.2614919825523623,0.14720027995051463,1.0488838596526306,60.09661835748791
5.030754566192627,0.2629724879286577,0.14981526347997637,1.0623743273008968,60.86956521739133
5.090681552886963,0.26441758230572016,0.15244998116314062,1.0758647949491627,61.64251207729475
5.1305766105651855,0.2663906328160512,0.1561277686414702,1.0809237203172621,61.93236714975851
5.190725088119507,0.26786653102272096,0.15893543087472192,1.0927278795094943,62.60869565217398
5.230700969696045,0.2693876208798009,0.16190771569284024,1.1028457302456933,63.18840579710151
5.290637493133545,0.27064849200178176,0.16445030734220795,1.118022506349992,64.05797101449282
5.330730676651001,0.27187063105263665,0.16701174139797734,1.1331992824542902,64.9275362318841
5.390001058578491,0.27298620765223003,0.16943874188050095,1.1466897501025555,65.70048309178749
5.430762052536011,0.2744153990792199,0.17264003738016404,1.155121292382721,66.18357487922708
5.490817308425903,0.2758175481667094,0.17585326923416972,1.1635528346628865,66.66666666666667
5.530733108520508,0.27712966788201043,0.17892353522363164,1.1702980684870194,67.05314009661838
5.590756177902222,0.27848289086258243,0.18215767631146257,1.178729610767185,67.53623188405798
5.630697965621948,0.27987480188225056,0.18555648423472826,1.185474844591318,67.92270531400969
5.690649509429932,0.2811787870679046,0.18881078963630624,1.1939063868714834,68.40579710144928
5.730743169784546,0.282518956821389,0.1922303300466206,1.2006516206956164,68.79227053140099
5.790733337402344,0.28371103905674544,0.19534916497932797,1.2107694714318153,69.37198067632852
5.83071231842041,0.28475070539110475,0.1981685849448166,1.2242599390800804,70.14492753623188
5.890677213668823,0.2856943455647477,0.2008451707372706,1.2394367151843788,71.01449275362319
5.930703401565552,0.28676992910043553,0.2040060743186988,1.2461819490085118,71.4009661835749
5.990727663040161,0.28792959111511107,0.20749096966829622,1.2529271828326447,71.7874396135266
6.0307090282440186,0.28895708029681094,0.21066783248793736,1.2630450335688437,72.36714975845413
6.0907580852508545,0.29000496031912143,0.21401340097027144,1.2714765758490092,72.85024154589372
6.130840301513672,0.29077104404611814,0.21657229882187884,1.2883396604093413,73.81642512077298
6.190780162811279,0.29173397297744796,0.21994329999131684,1.2967712026895069,74.29951690821257
6.230733394622803,0.29262123293127124,0.22316214468587264,1.3068890534257058,74.8792270531401
6.290666103363037,0.2935214697653428,0.2265504266478299,1.315320595705871,75.36231884057968
6.330751180648804,0.29439883153913604,0.22994470379164578,1.3203795210739706,75.65217391304346
6.390804052352905,0.2952909626200534,0.23350748553073514,1.3304973718101696,76.23188405797099
6.430723428726196,0.2960691792912978,0.23675441796087984,1.3406152225463683,76.8115942028985
6.490794658660889,0.2968890372544474,0.24033452194068095,1.3507330732825675,77.39130434782605
6.530696868896484,0.29745011910769853,0.24294604058807412,1.3675961578428997,78.3574879227053
6.590885400772095,0.29821547839596096,0.2467087136110124,1.372655083210999,78.64734299516907
6.630675792694092,0.2988852937774611,0.25014996750543084,1.3844592424032314,79.32367149758454
6.6906445026397705,0.29948725215760197,0.25343414738812703,1.3945770931394303,79.90338164251207
6.730751276016235,0.2999890920013155,0.2563969487314266,1.4114401776997625,80.86956521739133
6.789987802505493,0.3004181659648999,0.25920238342420665,1.4266169538040607,81.73913043478261
6.83094596862793,0.3008348758987057,0.26217835181443916,1.43673480454026,82.31884057971016
6.890786647796631,0.30128295284084466,0.26565543508423123,1.4485389637324921,82.99516908212563
6.93069863319397,0.30165119331932433,0.2688059337245242,1.4603431229247243,83.67149758454109
6.990674257278442,0.302043725587558,0.2724576771443612,1.4670883567488573,84.0579710144928
7.0309858322143555,0.30239195368364985,0.27594617513120834,1.4755198990290228,84.54106280193238
7.090773344039917,0.30271075633212263,0.2794374851836774,1.4839514413091885,85.02415458937199
7.13098406791687,0.3030001108691416,0.28293135910284656,1.4923829835893538,85.50724637681157
7.190694093704224,0.30326928394527,0.2865942619736602,1.5025008343255533,86.08695652173913
7.230902194976807,0.3034541258133866,0.28959357331334923,1.515991301973819,86.85990338164252
7.290830373764038,0.3036091815051334,0.2927617274233849,1.5277954611660514,87.53623188405801
7.330726861953735,0.3037645381179128,0.2965983075985594,1.5328543865341508,87.82608695652178
7.390756368637085,0.3038914783444099,0.3002688930784011,1.5395996203582838,88.21256038647348
7.430717468261719,0.3039649477389876,0.30327299648485306,1.5530900880065495,88.98550724637688
7.490609407424927,0.3040122416618585,0.30677851275153956,1.5615216302867152,89.46859903381649
7.5307862758636475,0.30402997734524234,0.31028430316978756,1.5699531725668807,89.95169082125608
7.590618848800659,0.30401590138770307,0.3136231642421815,1.5800710233030797,90.53140096618361
7.630717515945435,0.3039705777227395,0.3174626210895847,1.5851299486711792,90.82125603864738
7.690671920776367,0.3039058311949578,0.32130179951794885,1.5901888740392789,91.11111111111116
7.730739116668701,0.30382166346139444,0.32514060127244254,1.5952477994073782,91.40096618357492
7.790687322616577,0.3037279325119213,0.32814414077404835,1.6087382670556432,92.17391304347828
7.830725908279419,0.303609738047117,0.33064551794017844,1.6272876600720076,93.2367149758454
7.890773057937622,0.3034119578805128,0.3338112920537527,1.63909181926424,93.91304347826087
7.930696249008179,0.30319680172226127,0.3366411818235575,1.6542685953685385,94.78260869565219
7.990633010864258,0.3029260655885444,0.33963396263318857,1.6677590630168035,95.55555555555554
8.030664682388306,0.30255817392647744,0.343288270681357,1.6745042968409356,95.94202898550719
8.090610980987549,0.3022111925139477,0.3464411815002413,1.686308456033168,96.61835748792267
8.13071608543396,0.30180400467127266,0.34975515033746746,1.699798923681434,97.39130434782608
8.190630912780762,0.3013192383334865,0.3533957976952429,1.706544157505566,97.77777777777774
8.230653285980225,0.30093545189863097,0.3560391952181574,1.723407242065897,98.74396135265692
8.290655851364136,0.30048273932562286,0.35884091247868183,1.7385840181701955,99.61352657004824
8.330654382705688,0.29988269251277067,0.36229501508768613,1.7470155604503619,100.09661835748787
8.39069938659668,0.29927519685082227,0.3655781752138515,1.7605060280986278,100.86956521739128
8.430737257003784,0.2985995794088864,0.3690182947006275,1.7689375703787933,101.35265700483089
8.490678071975708,0.298083891282373,0.37146878922519194,1.7874869633951578,102.41545893719801
8.530748128890991,0.2973157133601557,0.374889430055645,1.7959185056753233,102.8985507246376
8.59073805809021,0.2965187218069456,0.37830347245070345,1.8043500479554888,103.3816425120772
8.63070034980774,0.29569297328125793,0.38171067370444073,1.8127815902356543,103.8647342995168
8.69067120552063,0.29490953161578687,0.38478434608276646,1.8279583663399528,104.7342995169081
8.730665683746338,0.29404400354171034,0.388009102282282,1.8380762170761518,105.31400966183563
8.790706872940063,0.2931882226971022,0.3910634241183826,1.8498803762683833,105.99033816425106
8.830657482147217,0.2922522151147274,0.3942684328857754,1.8599982270045823,106.57004830917859
8.89069390296936,0.291278441187264,0.39746216983980287,1.8734886946528482,107.342995169082
8.930681228637695,0.290460736745104,0.4000050426122793,1.8903517792131792,108.3091787439612
8.990617513656616,0.28934537595549836,0.4033287230000655,1.8987833214933447,108.79227053140079
9.030675411224365,0.2883058663871768,0.4063254983653285,1.9105874806855772,109.46859903381626
9.09061312675476,0.2870169708912329,0.40994243512427414,1.9156464060536766,109.75845410628003
9.130937337875366,0.28576371662267563,0.4133947771299668,1.9223916398778096,110.14492753623173
9.190781116485596,0.284822685346506,0.4158946376518761,1.9392547244381406,111.11111111111093
9.23072600364685,0.2838396345032064,0.4183782748095982,1.9561178089984717,112.07729468599011
9.290694952011108,0.2826961104770205,0.42115719327370105,1.9662356597346706,112.65700483091764
9.33086633682251,0.2812698826578198,0.4245417443212797,1.9729808935588027,113.0434782608693
9.390715837478638,0.2798840069435035,0.42776202839502425,1.9814124358389682,113.5265700483089
9.430681705474854,0.27840657877433994,0.43112454495124947,1.9881576696631003,113.91304347826055
9.490573167800903,0.27697199101028697,0.43432342584280736,1.9965892119432658,114.39613526570015
9.530704736709595,0.2756496742925348,0.43720660485744245,2.0050207542234313,114.87922705313974
9.590573787689209,0.27429825418038545,0.4400762575216087,2.0168249134156637,115.55555555555522
9.630957841873169,0.2729130551691218,0.44292975825433567,2.028629072607896,116.23188405797069
9.69071626663208,0.271643616046711,0.44546808301609736,2.0404332318001286,116.90821256038616
9.730907678604126,0.2702656210379616,0.4481385070993578,2.0539236994483945,117.68115942028957
9.790682077407837,0.26885620065279603,0.45079247944406603,2.0640415501845935,118.2608695652171
9.830912113189697,0.26733786279272387,0.45357741981598604,2.075845709376826,118.93719806763258
9.890812873840332,0.2657867575965708,0.4563442438803143,2.0876498685690583,119.61352657004805
9.930732011795044,0.26420310118999335,0.4590925661173136,2.0994540277612908,120.28985507246352
9.990768194198608,0.2623399584936284,0.46225769026636515,2.106199261585423,120.67632850241519
10.0308518409729,0.26062199210054326,0.4651206926878728,2.116317112321622,121.25603864734272
10.090704917907715,0.2590498312442575,0.46768161933082036,2.1264349630578208,121.83574879227025
10.13102388381958,0.25718801241008105,0.4706522272887728,2.1348665053379863,122.31884057970984
10.190950632095337,0.2552139763598251,0.47374940233358653,2.1416117391621183,122.7053140096615
10.230751276016235,0.2534843924601783,0.47640830854978927,2.1534158983543508,123.38164251207698
10.290761947631836,0.2517279951320941,0.47904957929667935,2.1618474406345163,123.86473429951657
10.330775260925293,0.24976216897466413,0.48195240697498004,2.170278982914682,124.34782608695616
10.39075493812561,0.2477719376686934,0.48483855672159376,2.1787105251948473,124.83091787439577
10.430781126022339,0.24576228403123332,0.48771121633745296,2.183769450562947,125.12077294685953
10.490651845932007,0.2436341565406216,0.4907046065508448,2.1938873012991458,125.70048309178706
10.530503034591675,0.241676619774341,0.4934094616674801,2.2006325351232787,126.08695652173877
10.59055209159851,0.23931118539180174,0.49664336268456355,2.2040051520353456,126.28019323671465
10.630953550338745,0.23732185720482063,0.4993249228195989,2.2141230027715446,126.85990338164218
10.690553665161133,0.23510880361966607,0.5022560839231827,2.2208682365956767,127.24637681159383
10.730633974075317,0.23307454104004863,0.504903718178607,2.2309860873318756,127.82608695652137
10.790645837783813,0.230712101682969,0.5079306577884767,2.236045012699975,128.11594202898513
10.830660820007324,0.2286378923695684,0.5105471147664395,2.246162863436174,128.69565217391266
10.890644788742065,0.22612771964058848,0.5136700026089785,2.24953548034824,128.8888888888885
10.930656909942627,0.22401840291223576,0.5162582402976037,2.259653331084439,129.46859903381602
10.990741968154907,0.22167423215020907,0.5190856375149021,2.266398564908571,129.8550724637677
11.030921220779419,0.2198389890835401,0.5212504587934198,2.2815753410128696,130.72463768115898
11.090709924697876,0.2178631362738163,0.5235145349191059,2.2950658086611346,131.49758454106234
11.130820989608765,0.21520330693387762,0.526510983398355,2.2984384255732015,131.69082125603822
11.190694570541382,0.21286052226950308,0.5291190940224499,2.306869967853367,132.17391304347782
11.230925559997559,0.21049583074553002,0.5317073588867159,2.3153015101335326,132.65700483091743
11.290684700012207,0.20810940046902346,0.5342755939901513,2.323733052413698,133.140096618357
11.331027269363403,0.20558898603170928,0.5369470772205133,2.33047828623783,133.52657004830868
11.390692710876465,0.20338710661517156,0.5392302701093219,2.3456550623421286,134.39613526569997
11.430891752243042,0.20115462715306454,0.541483551756997,2.35745922153436,135.0724637681154
11.49070954322815,0.19865792454566267,0.543944721621378,2.3692633807265926,135.74879227053086
11.530734300613403,0.1961364484075641,0.5463805046774287,2.377694923006758,136.23188405797046
11.590656042098999,0.19383293224761514,0.5485611137742944,2.3894990821989905,136.90821256038595
11.63077187538147,0.19186396189576588,0.5503661063629961,2.4097347836713885,138.067632850241
11.69069790840149,0.18936505351223587,0.5525805246351507,2.4232252513196544,138.84057971014443
11.730886936187744,0.18684018048457812,0.5547652918052479,2.4333431020558534,139.42028985507196
11.790701150894165,0.18416407895883752,0.5570301012089447,2.445147261248086,140.09661835748742
11.830728530883789,0.18133865924380538,0.5593766550693611,2.451892495072218,140.4830917874391
11.890723466873169,0.178752200954288,0.5614881533312394,2.462010345808417,141.06280193236663
11.930541753768921,0.17563143068429224,0.5640009582437432,2.4653829627204837,141.25603864734248
11.990677118301392,0.17263056709736785,0.5663964333219579,2.4704418880885832,141.54589371980626
12.030717372894287,0.17039473697700364,0.568144469921847,2.4856186641928817,142.41545893719757
12.090659379959106,0.167603950887219,0.5702663544644668,2.497422823385114,143.09178743961303
12.130698442459106,0.1646597792937391,0.5724620696586742,2.504168057209246,143.47826086956468
12.190127849578857,0.16183361017090386,0.5745365934836224,2.5125995994894117,143.96135265700428
12.23073410987854,0.15912381219641814,0.5764872821647812,2.5227174502256107,144.54106280193182
12.290747165679932,0.156125048545814,0.5786078311865543,2.5294626840497427,144.92753623188347
12.330726861953735,0.15338274277698272,0.5805125491351133,2.5395805347859417,145.507246376811
12.390780448913574,0.15075787544894864,0.5822933675544638,2.551384693978174,146.18357487922648
12.430747270584106,0.14797447669342523,0.5841375158025933,2.561502544714373,146.76328502415402
12.490605115890503,0.14517256190785086,0.5859534081253118,2.571620395450572,147.34299516908155
12.530739545822144,0.14235241792432674,0.5877408586296674,2.581738246186771,147.92270531400908
12.59071660041809,0.13909374742089803,0.5897717573636668,2.5867971715548705,148.21256038647286
12.630932331085205,0.13624680152470836,0.591516202965426,2.5969150222910695,148.7922705314004
12.689934730529785,0.1338107904595941,0.5929723686058395,2.608719181483301,149.46859903381582
12.730693340301514,0.13106916895834664,0.5945675972027421,2.6205233406755335,150.14492753623128
12.790611982345581,0.12845293806417285,0.5960458972186274,2.6340138083237994,150.9178743961347
12.830695390701294,0.125669278875007,0.5975665826729707,2.649190584428098,151.787439613526
12.890728235244751,0.12271910136394286,0.5991301184245734,2.659308435164297,152.36714975845354
12.930912971496582,0.12048988775035416,0.6002709358173834,2.677857828180662,153.4299516908207
12.990787267684937,0.11734772710682742,0.6018258337244553,2.6862893704608277,153.9130434782603
13.030720710754395,0.11433914159013088,0.6032737993946464,2.6997798381090936,154.68599033816372
13.09063172340393,0.11116365218029879,0.6047594467347607,2.708211380389259,155.16908212560332
13.131221771240234,0.1079732940063706,0.6062128894523089,2.7200155395814916,155.84541062801878
13.190715789794922,0.10476839366540892,0.6076339787583163,2.728447081861657,156.3285024154584
13.230666875839233,0.10185374712815734,0.608885409257931,2.7436238579659555,157.19806763284967
13.290677547454834,0.09907579381883688,0.6100312759342208,2.7571143256142205,157.97101449275303
13.33070158958435,0.09566422271004951,0.6113916046281822,2.76723217635042,158.5507246376806
13.39073896408081,0.09224130333338248,0.6127231205037033,2.7739774101745525,158.9371980676323
13.430883646011353,0.08911747058473571,0.6139020438904466,2.787467877822818,159.71014492753568
13.490626573562622,0.08597993959197928,0.6150440117808976,2.797585728559017,160.2898550724632
13.530878782272339,0.08251612268409764,0.6162651931820827,2.807703579295216,160.86956521739074
13.590206384658813,0.07904213257780726,0.6174571262034072,2.8144488131193484,161.25603864734242
13.630660057067871,0.07587493590775196,0.6185140352091969,2.8245666638555473,161.83574879226995
13.690680027008057,0.07301188629595115,0.6194267136569337,2.841429748415879,162.80193236714916
13.730663299560547,0.06981732943564506,0.6203977944257677,2.851547599152078,163.3816425120767
13.79062008857727,0.06629268916319395,0.6214303749484112,2.8616654498882768,163.96135265700423
13.83066701889038,0.06275946803175542,0.6224332009663645,2.8684106837124093,164.3478260869559
13.89065957069397,0.059378114904996615,0.6233591232327037,2.8802148429046412,165.02415458937136
13.930874109268188,0.056148306485845484,0.6242056035744181,2.8903326936408402,165.6038647342989
13.990783929824829,0.05258779275428421,0.6251067437151793,2.8970779274649727,165.99033816425057
14.030889511108398,0.04901980767087255,0.6259778315583269,2.9071957782011717,166.5700483091781
14.089914560317993,0.045930305280560385,0.6266963144827822,2.9189999373934037,167.24637681159356
14.13073182106018,0.04234408303729825,0.6274889818833096,2.9291177881296027,167.8260869565211
14.190756559371948,0.03956538645990951,0.6280664016721009,2.944294564233901,168.6956521739124
14.23076605796814,0.03612469854630429,0.6287391183229393,2.952726106514067,169.178743961352
14.290701150894165,0.03284102737467781,0.629343845558937,2.9662165741623325,169.9516908212554
14.330748081207275,0.030042826106006087,0.6298178054113333,2.981393350266631,170.8212560386467
14.390729188919067,0.026579554417826695,0.630362443112011,2.989824892546797,171.3043478260863
14.43078327178955,0.02327653155030146,0.6308505325812006,2.999942743282996,171.88405797101387
14.490721225738525,0.020463939724107455,0.6312298681857862,3.0151195193872944,172.75362318840516
14.530783414840698,0.016818197644598853,0.6316747010483622,3.0252373701234934,173.3333333333327
14.590862035751343,0.013334382687035795,0.632067020245706,3.0336689124036593,173.81642512077232
14.630711793899536,0.009847383745811872,0.6324299519128934,3.0421004546838253,174.29951690821193
14.690649271011353,0.006025073948375148,0.6327952338999882,3.0505319969639912,174.78260869565156
14.73071575164795,0.0028646222439270286,0.6330650259612682,3.0623361561562232,175.458937198067
14.790685176849365,-0.0007975880464086149,0.633343463342535,3.0690813899803557,175.8454106280187
14.83075499534607,-0.0037960934844624705,0.6335409479408138,3.082571857628621,176.61835748792208
14.890748739242554,-0.007629692668051025,0.6337577437370507,3.0876307829967207,176.90821256038583
14.930599212646484,-0.010797976387798613,0.6339101281314661,3.0994349421889527,177.5845410628013
14.990567445755005,-0.014301288486447405,0.6340431144112294,3.1078664844691186,178.0676328502409
15.030674934387207,-0.01713837621610015,0.6341172864809959,3.123043260573417,178.9371980676322
15.09056806564331,-0.020810821828819437,0.634166832495432,3.133161111309616,179.51690821255974
15.130550146102905,-0.0241496935826018,0.6341780932734715,3.143278962045815,180.09661835748727
15.190577507019043,-0.02715458843774135,0.634152756775052,3.1567694296940805,180.86956521739066
15.23058819770813,-0.030492676919909756,0.6340795674415187,3.170259897342346,181.64251207729404
15.290558576583862,-0.03399661695379569,0.6339643057823443,3.178691439622512,182.12560386473368
15.330772876739502,-0.03683184083692306,0.633837523235343,3.1938682157268103,182.99516908212496
15.39064645767212,-0.03949803294692694,0.6336754673058531,3.210731300287142,183.9613526570042
15.430957794189453,-0.04299444023270363,0.6334185293695489,3.219162842567308,184.4444444444438
15.490506410598755,-0.04598876681334296,0.6331654614793047,3.2326533102155732,185.2173913043472
15.530932903289795,-0.04964459333050869,0.6328129787672248,3.242771160951772,185.79710144927472
15.590497732162476,-0.05263211154954986,0.6324892969489331,3.2562616286000376,186.5700483091781
15.63065218925476,-0.055448985061192085,0.6321431872826592,3.271438404704336,187.43961352656942
15.690603494644165,-0.05842599798214046,0.6317340062749105,3.2849288723526016,188.2125603864728
15.73081111907959,-0.06073575681423116,0.6313767557741273,3.3051645738249995,189.37198067632787
15.790641784667969,-0.06336745404013927,0.6309195772500494,3.322027658385331,190.33816425120708
15.830652952194214,-0.06648449201745205,0.6303319404740826,3.333831817577563,191.01449275362253
15.890636205673218,-0.06959437643913205,0.6297075514797283,3.345635976769795,191.690821256038
15.930624961853027,-0.07286170247188462,0.6290199673110438,3.3523812105939275,192.07729468598967
15.990557432174683,-0.07644925629729912,0.628233348511573,3.3624990613301264,192.6570048309172
16.03055214881897,-0.07953996587815881,0.627520076460206,3.3743032205223584,193.33333333333266
16.09052014350891,-0.08262204075328869,0.6267703717206105,3.3861073797145904,194.0096618357481
16.13067603111267,-0.08585748536205265,0.6259456962832726,3.3962252304507894,194.58937198067562
16.19061303138733,-0.08924652515803277,0.6250483166131177,3.4046567727309553,195.07246376811526
16.23056650161743,-0.09198126749402052,0.6242895329565752,3.419833548835254,195.94202898550654
16.290548086166382,-0.09486506408057147,0.6234446943471397,3.4333240164835193,196.71497584540992
16.33059811592102,-0.09837727033559329,0.6223705813139289,3.4434418672197182,197.29468599033748
16.390708446502686,-0.1009208316550701,0.6215550211961011,3.4603049517800497,198.2608695652167
16.43071174621582,-0.10472360098382352,0.6202931412340263,3.463677568692116,198.45410628019255
16.49060559272766,-0.1075675970014788,0.6193227177799835,3.4771680363403816,199.22705314009593
16.530665397644043,-0.1110314139093605,0.6181015363787985,3.483913270164514,199.6135265700476
16.590903997421265,-0.1141708661503171,0.6169648609545543,3.494031120900713,200.19323671497514
16.630658626556396,-0.11714133070534097,0.6158523938495009,3.505835280092945,200.8695652173906
16.69061827659607,-0.12056872129939863,0.6145324297205594,3.5125805139170776,201.25603864734228
16.730674505233765,-0.12336187963736472,0.6134241420649184,3.526070981565343,202.02898550724566
16.79057216644287,-0.1270734990919893,0.6119150772450896,3.5294435984774095,202.22222222222152
16.830577850341797,-0.13031331630159979,0.6105755006480051,3.5378751407575755,202.70531400966112
16.890618324279785,-0.13323216685014422,0.6093339072331786,3.5496792999498075,203.38164251207658
16.9306321144104,-0.136292387663483,0.6079985271498554,3.55642453377394,203.76811594202826
16.990554809570312,-0.13964864585862174,0.6065069365513696,3.5631697675980725,204.15458937197994
17.030616760253906,-0.14238218719891357,0.6052588232674441,3.576660235246338,204.92753623188332
17.090503454208374,-0.14570757692895417,0.6036996264455937,3.5834054690704704,205.314009661835
17.130619764328003,-0.1493266234931652,0.6019803540493558,3.586778085982537,205.50724637681085
17.190535306930542,-0.1521836189027618,0.6006023772853926,3.595209628262703,205.9903381642505
17.230614185333252,-0.15517740037440056,0.5991240458295275,3.605327478998902,206.57004830917802
17.29059338569641,-0.15861015514577262,0.5974036744169251,3.607013787454935,206.66666666666592
17.330575466156006,-0.16128636479309133,0.5960369495169565,3.6205042551032003,207.43961352656933
17.390693187713623,-0.16439094471642518,0.594408310664793,3.6289357973833662,207.92270531400894
17.430641889572144,-0.1667404565441792,0.5931376271231612,3.6457988819436977,208.88888888888815
17.490582704544067,-0.17009765585669478,0.591274110046845,3.650857807311797,209.17874396135193
17.530613899230957,-0.17300734479336827,0.5896364587759304,3.6576030411359297,209.5652173913036
17.59062910079956,-0.17561101849157815,0.5881361527065412,3.671093508784195,210.338164251207
17.6305832862854,-0.1781942160519753,0.5866008594470777,3.6845839764324606,211.11111111111038
17.69067907333374,-0.18104409957230194,0.5848612171522656,3.6947018271686596,211.6908212560379
17.73055410385132,-0.18373321182673882,0.5831789811356745,3.7065059863608916,212.36714975845337
17.790584325790405,-0.18654731139697894,0.5813820295497649,3.713251220185024,212.75362318840504
17.830599784851074,-0.18990960913966828,0.5792029587625028,3.7199964540091566,213.14009661835672
17.890807390213013,-0.19269611373901704,0.5773635068030495,3.7301143047453555,213.71980676328425
17.930662870407104,-0.1957406398271894,0.5753092009630235,3.7402321554815545,214.29951690821179
17.990565061569214,-0.19876422527602283,0.5732241967377208,3.7503500062177535,214.87922705313932
18.030650854110718,-0.20149362098962356,0.5713010247662357,3.7604678569539525,215.45893719806685
18.09066653251648,-0.20461177899348715,0.5690603610742421,3.7688993992341184,215.94202898550648
18.130621671676636,-0.20716878915224285,0.5671834109469082,3.7807035584263504,216.6183574879219
18.19062638282776,-0.21024485015562946,0.5648852961061919,3.78576248379445,216.9082125603857
18.230658054351807,-0.21303921042757604,0.562768120704457,3.794194026074616,217.39130434782533
18.290560960769653,-0.21568169062718515,0.5607271675477181,3.804311876810815,217.97101449275286
18.330626726150513,-0.21790567905845357,0.5589640896313277,3.8194886529151133,218.84057971014414
18.390587091445923,-0.22075860038342823,0.5566510501808574,3.826233886739246,219.22705314009582
18.430601835250854,-0.22346501080861866,0.5544225476294644,3.8346654290194118,219.71014492753545
18.49055004119873,-0.22602274950843365,0.552276350029802,3.8447832797556107,220.28985507246298
18.530593395233154,-0.22817358205520977,0.5504247324565951,3.859960055859909,221.1594202898543
18.590617656707764,-0.2300435563853745,0.5487591833989951,3.878509448876274,222.22222222222143
18.630609035491943,-0.23225178695427323,0.5467211076439807,3.8953725334366056,223.18840579710064
18.690547704696655,-0.2345479356683341,0.5445327420859911,3.9105493095409045,224.05797101449198
18.73070979118347,-0.23705705714864503,0.5420842342938478,3.91898085182107,224.5410628019316
18.79064679145813,-0.23990330765097134,0.5392642602364494,3.925726085645203,224.9275362318833
18.83061385154724,-0.2424948751210455,0.5366617442165216,3.9324713194693355,225.31400966183497
18.89057230949402,-0.2450688291895736,0.5340418068052397,3.939216553293469,225.70048309178668
18.930601358413696,-0.24715299571096763,0.5318770239201225,3.9527070209417343,226.4734299516901
18.99049949645996,-0.24943607773878748,0.5294406889990628,3.9661974885899998,227.24637681159348
19.03065824508667,-0.25180513051145875,0.5268564154122608,3.9746290308701653,227.72946859903305
19.09061098098755,-0.25426637975828603,0.5241303259546459,3.9813742646942982,228.11594202898476
19.13063335418701,-0.25648290420823505,0.5216332855552717,3.991492115430497,228.6956521739123
19.19056749343872,-0.2587858378742124,0.5189899207410146,3.9999236577106627,229.1787439613519
19.23060894012451,-0.26062472888619787,0.5168281973249137,4.015100433814961,230.0483091787432
19.290553331375122,-0.262534873930249,0.5145084169604648,4.031963518375292,231.0144927536224
19.33071541786194,-0.26430357169614416,0.5122888952789764,4.047140294479591,231.8840579710137
19.39060664176941,-0.2659345512266914,0.5101735352002508,4.064003379039923,232.85024154589294
19.430718898773193,-0.2683433958803459,0.5069718383000191,4.0707486128640555,233.23671497584465
19.490643739700317,-0.26992398546125873,0.5048185665873828,4.0876116974243875,234.2028985507239
19.530644178390503,-0.27196260087987456,0.5019663870372623,4.096043239704553,234.68599033816346
19.59056854248047,-0.2737808589328148,0.499367314051485,4.107847398896785,235.36231884057895
19.630693674087524,-0.2755683111520454,0.49674695962957055,4.119651558089018,236.0386473429944
19.690702199935913,-0.2776097637495919,0.4936938001385027,4.126396791913151,236.42512077294612
19.73090672492981,-0.2791612957477437,0.4913173917686322,4.141573568017449,237.29468599033743
19.791159629821777,-0.2807721406642796,0.48878061947229445,4.151691418753648,237.87439613526496
19.830833673477173,-0.28235292958739977,0.48622500968026117,4.165181886401913,238.64734299516832
19.890729427337646,-0.2841694514839581,0.4832264885096724,4.170240811770013,238.9371980676321
19.93082571029663,-0.28579003881339204,0.48049977997369775,4.182044970962245,239.61352657004755
19.991129159927368,-0.28737832748513037,0.477754132176236,4.193849130154478,240.28985507246304
20.030720472335815,-0.2891030108369965,0.47470186279969995,4.202280672434643,240.77294685990262
20.090747117996216,-0.2908909180260443,0.4714936390747583,4.205653289346709,240.96618357487847
20.130939722061157,-0.2922494308482142,0.4690018503209351,4.220830065451008,241.83574879226975
20.19098711013794,-0.293574205676586,0.46649196188999,4.23263422464324,242.51207729468524
20.23081088066101,-0.29479107756225004,0.4641141340354953,4.246124692291505,243.2850241545886
20.290683269500732,-0.29620028646328755,0.4612724139567903,4.2579288514837375,243.96135265700406
20.331162929534912,-0.29772597532614054,0.45811596745717864,4.266360393763903,244.44444444444366
20.390148401260376,-0.29915106921168905,0.4550964809427691,4.276478244500102,245.0241545893712
20.43083095550537,-0.30033419469599376,0.45251679445599047,4.288282403692334,245.70048309178668
20.49074101448059,-0.30162238657650425,0.4496182078329162,4.300086562884566,246.37681159420208
20.53095555305481,-0.30273988833939813,0.4470094230407938,4.315263338988864,247.2463768115934
20.590670108795166,-0.3040156755747168,0.4439238828411648,4.325381189725063,247.82608695652092
20.630727291107178,-0.30532514666645794,0.44067178098681914,4.333812732005229,248.30917874396053
20.690701246261597,-0.30642164919203607,0.43787397519656196,4.343930582741429,248.88888888888812
20.730934619903564,-0.3076705739527671,0.4345981443167426,4.352362125021594,249.3719806763277
20.790628671646118,-0.3088310398034547,0.4314674079173126,4.362479975757793,249.95169082125523
20.830854892730713,-0.30978820849196975,0.42879563016019917,4.374284134950026,250.6280193236707
20.890177011489868,-0.3107658226156708,0.4259540978880375,4.3877746025982916,251.40096618357413
20.93074870109558,-0.31182006081083047,0.4227860112065853,4.394519836422424,251.78743961352578
20.990723133087158,-0.31301091069919496,0.4191356194932128,4.399578761790523,252.07729468598956
21.03090000152588,-0.31381144439802433,0.41658728900272124,4.416441846350855,253.0434782608688
21.090670347213745,-0.3147690490567704,0.41338866668821206,4.426559697087054,253.62318840579633
21.13078761100769,-0.31584856505771597,0.4097038154942859,4.4282460055430874,253.71980676328425
21.190654039382935,-0.31667636865423393,0.40681508285968854,4.438363856279286,254.29951690821179
21.23077130317688,-0.3175166870276722,0.4037564707947576,4.450168015471519,254.97584541062727
21.290728330612183,-0.31832084335230093,0.40068815279656406,4.461972174663751,255.65217391304273
21.33090090751648,-0.3190887255797471,0.39761055639397147,4.473776333855984,256.3285024154582
21.390899896621704,-0.3197792610259138,0.39468597166683783,4.48726680150425,257.10144927536163
21.43076491355896,-0.32046905926241426,0.39158993853952806,4.499070960696482,257.7777777777771
21.490779638290405,-0.32119680681578433,0.38816046853532793,4.507502502976648,258.2608695652167
21.530797958374023,-0.32190140541196627,0.384726167757964,4.512561428344747,258.55072463768045
21.590667486190796,-0.32254761279551986,0.38145040717288314,4.522679279080946,259.130434782608
21.63071322441101,-0.3231606440117795,0.3781682761393594,4.532797129817145,259.7101449275355
21.690669059753418,-0.32380451397172755,0.37455237472192504,4.539542363641278,260.0966183574872
21.73072338104248,-0.32436211379807606,0.37126037322937,4.549660214377477,260.6763285024148
21.790709257125854,-0.324944919852049,0.367634128796161,4.55640544820161,261.0628019323665
21.830753087997437,-0.32536926237956515,0.3648279745414877,4.568209607393842,261.73913043478194
21.890724897384644,-0.3258322734171273,0.36152134299678484,4.578327458130041,262.3188405797095
21.930751085281372,-0.3262618053218709,0.35821019610542904,4.58844530886624,262.898550724637
21.99069571495056,-0.32670356410384477,0.3545640802591514,4.595190542690373,263.2850241545887
22.03067398071289,-0.32712071911880936,0.35091506761469304,4.601935776514506,263.6714975845404
22.09062123298645,-0.327377855876402,0.348424136393916,4.617112552618805,264.54106280193173
22.130739212036133,-0.32768428087415086,0.34509933638277507,4.6238577864429375,264.92753623188344
22.190766096115112,-0.3279626621202315,0.341772070947743,4.6339756371791365,265.507246376811
22.230751752853394,-0.32813987147166745,0.339274180937252,4.649152413283435,266.37681159420225
22.290682315826416,-0.3283340107026669,0.3359409390689929,4.659270264019634,266.9565217391298
22.330721855163574,-0.3284479869079523,0.3334393661471343,4.674447040123932,267.8260869565211
22.39077353477478,-0.32854959823544294,0.3302690478869901,4.686251199316165,268.5024154589366
22.430758953094482,-0.3286256020660446,0.32693102230124893,4.692996433140298,268.8888888888883
22.490808486938477,-0.32866839180578494,0.3237593647266278,4.70480059233253,269.56521739130375
22.530812978744507,-0.32867683739631925,0.3204204846650909,4.714918443068729,270.1449275362313
22.590714693069458,-0.32864727858595366,0.31808344806729005,4.735154144541127,271.30434782608637
22.630755186080933,-0.32856114669816217,0.31524669824053664,4.7503309206454265,272.17391304347774
22.69071674346924,-0.32841339248186924,0.31174397791160485,4.758762462925592,272.6570048309173
22.730780124664307,-0.32824174099264514,0.30840950236669895,4.768880313661791,273.23671497584485
22.790628671646118,-0.3280152489542173,0.3045764638234274,4.7739392390298905,273.5265700483086
22.83068871498108,-0.32775530718642565,0.30057823598052624,4.780684472854023,273.9130434782603
22.89066743850708,-0.32754015102817413,0.2977483462107214,4.795861248958322,274.7826086956516
22.93070125579834,-0.3272103350068323,0.2939228129786421,4.800920174326421,275.07246376811537
22.99072504043579,-0.3269658029210401,0.29143061280253957,4.819469567342787,276.1352657004826
23.030755043029785,-0.3265865710892542,0.2881133285803047,4.832960034991053,276.908212560386
23.09095859527588,-0.32615609011058827,0.2846340230262966,4.838018960359152,277.19806763284976
23.130738973617554,-0.3256836050153704,0.2809917614458051,4.844764194183285,277.58454106280146
23.190707206726074,-0.3252261706342178,0.2776843538234719,4.854882044919484,278.16425120772897
23.230692148208618,-0.3247136766915686,0.2742161798125704,4.86331358719965,278.6473429951686
23.290726900100708,-0.3241719592563056,0.27075245014190086,4.871745129479815,279.1304347826082
23.33081340789795,-0.32367511632070767,0.267788806754794,4.88523559712808,279.90338164251153
23.390745639801025,-0.32305760321347793,0.2643377839247415,4.893667139408246,280.38647342995114
23.43072485923767,-0.3224390381861445,0.2610566913170438,4.903784990144445,280.96618357487864
23.490785360336304,-0.32175762060498253,0.25761771602035616,4.91221653242461,281.44927536231825
23.53095531463623,-0.3210783032064045,0.25434866122342825,4.922334383160809,282.0289855072458
23.590672492980957,-0.32030076149724884,0.2507591291541398,4.929079616984941,282.41545893719746
23.63075017929077,-0.3194990254268672,0.24717492340399422,4.935824850809074,282.80193236714916
23.690701246261597,-0.31877793783110575,0.24408602790370332,4.9476290100013065,283.4782608695646
23.7307710647583,-0.3180578477231371,0.24116857948684967,4.9611194776495715,284.251207729468
23.79094934463501,-0.31721953976054984,0.23793664026198932,4.9712373283857705,284.83091787439554
23.830853939056396,-0.3163485749860258,0.23471334819410794,4.9813551791219695,285.41062801932304
23.891061782836914,-0.3154450425602557,0.23149903325171195,4.991473029858168,285.9903381642506
23.93063449859619,-0.3146425477602339,0.22877679696923797,5.006649805962467,286.8599033816419
23.990681886672974,-0.3136172580467146,0.22542423645308082,5.011708731330566,287.14975845410567
24.030653953552246,-0.3126691761217671,0.22239729354049287,5.020140273610733,287.6328502415453
24.090676069259644,-0.3115931253787202,0.21906067911722898,5.028571815890899,288.11594202898493
24.13101077079773,-0.31059413707541106,0.21605015339863254,5.037003358171065,288.59903381642454
24.19065284729004,-0.3096165229517101,0.21320862112647093,5.050493825819331,289.37198067632795
24.230689764022827,-0.308600665349525,0.21038053549115523,5.0639842934675965,290.14492753623136
24.290624856948853,-0.3072691657429181,0.20677906469226176,5.069043218835696,290.4347826086951
24.330708026885986,-0.30620102664023335,0.2039703080481376,5.082533686483961,291.20772946859853
24.390602588653564,-0.3047969263236539,0.20039651658546687,5.090965228764127,291.69082125603813
24.430707454681396,-0.30366747521153414,0.197611848703308,5.104455696412392,292.4637681159415
24.49062728881836,-0.3022526702761351,0.19422250679363023,5.111200930236525,292.8502415458932
24.530839204788208,-0.3010086162617493,0.19130470413721745,5.119632472516691,293.3333333333328
24.59064531326294,-0.2996706564152812,0.18824561034287782,5.12975032325289,293.91304347826036
24.63000726699829,-0.29830181412599416,0.18520021017534843,5.139868173989089,294.49275362318787
24.690603256225586,-0.2970375890958315,0.18247408286692973,5.153358641637354,295.2657004830912
24.730700492858887,-0.2953899530494369,0.17900582990956088,5.158417567005453,295.55555555555503
24.790748834609985,-0.29386426418658407,0.17584938340994907,5.16684910928562,296.03864734299464
24.830649852752686,-0.29245505528554666,0.173007663331244,5.178653268477852,296.71497584541015
24.89052939414978,-0.2907928927536328,0.16973252557789242,5.185398502301985,297.10144927536186
24.930575370788574,-0.28925678585799924,0.16676797384137038,5.195516353038184,297.68115942028936
24.990551471710205,-0.28784289206288677,0.16411638198651446,5.209006820686449,298.4541062801927
25.030505895614624,-0.2860820983789104,0.16089319766221716,5.215752054510581,298.84057971014437
25.090548276901245,-0.2843780423763896,0.15782936441750273,5.2241835967907475,299.32367149758403
25.13050937652588,-0.2824891034672028,0.1544864027193917,5.229242522158847,299.6135265700478
25.19054126739502,-0.2807438712356463,0.15144583608320683,5.2376740644390125,300.0966183574874
25.230591297149658,-0.27896796485933656,0.14842308277641403,5.249478223631245,300.77294685990285
25.290788888931274,-0.27715650197475056,0.145421502654393,5.261282382823477,301.44927536231836
25.330483198165894,-0.27540006983795046,0.14258193621880028,5.271400233559676,302.02898550724586
25.39087748527527,-0.2737019918588128,0.13990279943445236,5.283204392751909,302.7053140096613
25.43056321144104,-0.2717953049199584,0.13696078890959926,5.291635935032074,303.1884057971009
25.490620136260986,-0.26995350416149066,0.13417583624223917,5.301753785768273,303.7681159420285
25.530574560165405,-0.26798767800406076,0.13127300856393848,5.313557944960506,304.44444444444395
25.590652227401733,-0.2664583592777325,0.12908302529344717,5.330421029520838,305.4106280193232
25.630590677261353,-0.26450995606730326,0.1263715835509571,5.340538880257037,305.9903381642507
25.69050645828247,-0.2625342190911623,0.12367999391016159,5.350656730993236,306.5700483091783
25.730567455291748,-0.2605313506055634,0.12100853190917346,5.3607745817294346,307.1497584541058
25.790461540222168,-0.25840241366929567,0.1182231219694089,5.369206124009601,307.63285024154544
25.830557346343994,-0.25644661946748337,0.11572590115966137,5.384382900113899,308.50241545893675
25.890493631362915,-0.2547661589759214,0.11364963166173256,5.4012459846742304,309.4685990338159
25.93061065673828,-0.25231294357639533,0.11069578377783522,5.409677526954397,309.95169082125557
25.990619659423828,-0.24994028610585597,0.10789224884610692,5.419795377690596,310.5314009661831
26.030571460723877,-0.24785667945568604,0.10550063306177898,5.438344770706961,311.5942028985503
26.090593576431274,-0.2457370171402996,0.10314091392569329,5.450148929899193,312.2705314009657
26.13054084777832,-0.24325743591305996,0.10043148805967513,5.456894163723325,312.65700483091734
26.19060492515564,-0.24098258367851852,0.09798746704824139,5.467012014459524,313.2367149758449
26.230544328689575,-0.23879615490566028,0.09568947402090282,5.478816173651756,313.91304347826036
26.29055619239807,-0.23670106362561968,0.09353526243498701,5.488934024387955,314.4927536231879
26.330612897872925,-0.23446478761159611,0.09128574863827851,5.500738183580188,315.1690821256034
26.390547275543213,-0.23231942756795004,0.08918159433981969,5.514228651228453,315.94202898550674
26.430565118789673,-0.22967143498109924,0.08663651146378004,5.520973885052586,316.32850241545844
26.490533351898193,-0.22736791882115026,0.08445590236691448,5.529405427332751,316.81159420289805
26.530614852905273,-0.22480169675914485,0.08206730752064582,5.537836969612917,317.29468599033765
26.590601921081543,-0.2225831840183454,0.08004042907152596,5.547954820349116,317.87439613526516
26.630548238754272,-0.2199730989927543,0.07769984427914403,5.556386362629281,318.35748792270476
26.690611839294434,-0.21747045997172895,0.07548964308382958,5.563131596453413,318.7439613526564
26.73055863380432,-0.21457747381112988,0.07296494227140467,5.568190521821513,319.03381642512016
26.79051661491394,-0.21192056301805356,0.07067764997509027,5.576622064101678,319.51690821255977
26.83050513267517,-0.20937371445509156,0.06851854048489142,5.583367297925811,319.9033816425115
26.890469074249268,-0.20680875201322044,0.06638098134766998,5.59348514866201,320.48309178743904
26.930525302886963,-0.204353308814131,0.06437298696806527,5.601916690942176,320.96618357487864
26.9905207157135,-0.20200955641788612,0.06249233289735148,5.612034541678375,321.54589371980614
27.03045678138733,-0.19938437832481573,0.06042917236724444,5.6221523924145735,322.1256038647337
27.090513229370117,-0.1964814400805126,0.05817922544882845,5.6255250093266405,322.31884057970956
27.130468130111694,-0.19369782615280096,0.05604794073941157,5.633956551606807,322.8019323671492
27.190423011779785,-0.19129199135238803,0.05424738695190115,5.647447019255072,323.5748792270526
27.23051929473877,-0.18859873681754274,0.05227392010296156,5.654192253079204,323.9613526570042
27.290562629699707,-0.18535093122507745,0.049927613550112146,5.660937486903336,324.3478260869559
27.330514907836914,-0.1823593364151786,0.04779696292663739,5.667682720727468,324.7342995169075
27.39051127433777,-0.1794883722681798,0.045784887908703914,5.676114263007634,325.2173913043472
27.430606365203857,-0.17632919012882378,0.043602446310848295,5.681173188375734,325.50724637681094
27.49049687385559,-0.1737043228007897,0.0418216278914978,5.692977347567966,326.18357487922646
27.5306134223938,-0.17092092404526632,0.03997747964336827,5.703095198304165,326.76328502415396
27.590503931045532,-0.16783881778113452,0.03797999808837789,5.713213049040364,327.3429951690815
27.630488872528076,-0.1651582502076399,0.03628417963806902,5.725017208232597,328.019323671497
27.690617322921753,-0.16259865004890134,0.03470986008474407,5.738507675880862,328.79227053140033
27.73048162460327,-0.15930619726416764,0.032734198732696076,5.746939218161028,329.27536231884
27.7906813621521,-0.15642738459103167,0.03104285932668672,5.757057068897227,329.8550724637675
27.830636501312256,-0.15367506535064673,0.02946615975749612,5.768861228089459,330.53140096618296
27.890593767166138,-0.15061266997683873,0.027759521077041462,5.78066538728169,331.20772946859836
27.930506229400635,-0.14738800217777343,0.026001445660115752,5.787410621105823,331.59420289855007
27.9906005859375,-0.14458658692502596,0.024513724142440917,5.802587397210122,332.4637681159414
28.030494928359985,-0.14176291634781354,0.0230686887782149,5.81776417331442,333.3333333333327
28.090538024902344,-0.13936590023846918,0.021890064044351832,5.834627257874752,334.2995169082119
28.13058829307556,-0.13589903772504064,0.020239504311818445,5.8430588001549175,334.7826086956515
28.190544843673706,-0.1324183818428004,0.018618233900349973,5.851490342435084,335.26570048309117
28.230539798736572,-0.12907481920685648,0.017098398223229883,5.861608193171283,335.84541062801867
28.29050636291504,-0.12541344663034149,0.015471208479427196,5.868353426995416,336.2318840579704
28.330476999282837,-0.1220472037356689,0.014002290387771517,5.875098660819548,336.618357487922
28.39074945449829,-0.11851639784778771,0.012493352715175234,5.883530203099713,337.10144927536163
28.430545806884766,-0.11466758955886079,0.010879127264018185,5.888589128467813,337.3913043478254
28.490460634231567,-0.11081335900539872,0.009277891524710855,5.8902754369238455,337.4879227053133
28.530553817749023,-0.10787398735200882,0.008085693128584318,5.905452213028144,338.3574879227046
28.59048557281494,-0.10507341695291764,0.006996271048612442,5.918942680676409,339.13043478260795
28.630576848983765,-0.10194562592092732,0.005827889837907021,5.932433148324675,339.90338164251136
28.690569400787354,-0.09849222845587507,0.0045775468712383575,5.939178382148807,340.289855072463
28.730503797531128,-0.09565484281976447,0.0035879622206958957,5.956041466709138,341.2560386473422
28.7905113697052,-0.0928027658231995,0.002641552249139832,5.969531934357404,342.02898550724564
28.830541849136353,-0.08961989404795428,0.0016328309518154997,5.98302240200567,342.80193236714905
28.890589475631714,-0.08706164303257556,0.0008645899518396061,5.999885486566002,343.76811594202826
28.930506944656372,-0.0843307743047842,9.19812065805492e-05,6.0150622626703,344.63768115941957
28.99046230316162,-0.08174922614329294,-0.0005939135241407149,6.031925347230631,345.6038647342988
29.03083848953247,-0.07867358191357404,-0.0013695779520189605,6.0403568895107975,346.08695652173844
29.090436458587646,-0.07559024718775029,-0.002114084299210218,6.052161048703029,346.76328502415384
29.130451917648315,-0.07217419975627387,-0.002902437619142176,6.0605925909831955,347.2463768115935
29.19045853614807,-0.06875162679343846,-0.003661960709780334,6.069024133263362,347.7294685990331
29.230522632598877,-0.06564821891809873,-0.004317782554306773,6.080828292455593,348.40579710144857
29.290614366531372,-0.06253728600616565,-0.004936926438981672,6.092632451647825,349.082125603864
29.33081316947937,-0.05925671611040344,-0.005558257713220334,6.099377685471957,349.4685990338156
29.39081835746765,-0.05580726629517619,-0.006184498069132734,6.1078092277521225,349.9516908212552
29.431073665618896,-0.05284488913335365,-0.00668883583264852,6.121299695400388,350.72463768115864
29.49080228805542,-0.0497114528440485,-0.0071816032761188725,6.13310385459262,351.40096618357404
29.531033992767334,-0.04723206829588535,-0.007533043059121556,6.1516532476089845,352.4637681159412
29.591031789779663,-0.04391914002569571,-0.00794861215073749,6.16514371525725,353.2367149758446
29.63081693649292,-0.04043599159234908,-0.00834680557411285,6.173575257537416,353.7198067632842
29.690778017044067,-0.03711533283575757,-0.008695254731954469,6.183693108273615,354.29951690821173
29.730870485305786,-0.033458917122214694,-0.009041572094620478,6.193810959009814,354.8792270531393
29.79079580307007,-0.030464168048641063,-0.009289590269208246,6.207301426658079,355.65217391304265
29.83064866065979,-0.026801039525432422,-0.009555674857981438,6.214046660482212,356.03864734299435
29.890568256378174,-0.02330259016289389,-0.009783123904799278,6.222478202762378,356.52173913043396
29.930521249771118,-0.019469362014395954,-0.010006384020448574,6.227537128130478,356.81159420289777
29.990459203720093,-0.015968162692244766,-0.010186618084134017,6.235968670410644,357.29468599033737
30.030492544174194,-0.012465568187948101,-0.010337325581012089,6.24440021269081,357.777777777777
30.090768814086914,-0.009462275383618697,-0.010438653563619461,6.254518063427009,358.35748792270454
30.130813360214233,-0.005957488076091408,-0.010524367857293528,6.262949605707174,358.84057971014414
30.190662622451782,-0.0029527598475029473,-0.010564905505468606,6.27644007335544,359.61352657004755
30.231135368347168,0.0002191852308128647,-0.010567579945006254,6.2882442325476715,360.28985507246296
30.290512323379517,0.003390940893953583,-0.010532812923080765,6.300048391739904,360.9661835748784
30.330801725387573,0.00656206520040763,-0.010460609284009322,6.3118525509321355,361.6425120772939
30.390815258026123,0.009732116296634494,-0.010350979088398275,6.323656710124368,362.31884057970933
30.430827856063843,0.012734003802864761,-0.010214207642055786,6.333774560860567,362.89855072463683
30.4907443523407,0.016568312351533804,-0.0100103423157245,6.338833486228666,363.18840579710064
30.53080987930298,0.019567466774919932,-0.009822971631573172,6.352323953876931,363.961352657004
30.59067177772522,0.0230638740606966,-0.009566033695268929,6.360755496157098,364.4444444444436
30.631083965301514,0.026225217694355634,-0.009306902141029787,6.369187038437264,364.92753623188327
30.690874099731445,0.029051297703825474,-0.009046440892943371,6.380991197629497,365.6038647342987
30.730820655822754,0.03237253933152824,-0.008703591882820001,6.391109048365696,366.1835748792263
30.790613412857056,0.03552456238837099,-0.00834863641855665,6.399540590645862,366.66666666666595
30.830726623535156,0.03867283278373583,-0.007961807968015442,6.4113447498380935,367.34299516908135
30.890547513961792,0.04214799617070324,-0.007499076463765068,6.419776292118259,367.82608695652095
30.930553436279297,0.04479106916289341,-0.007113061373794478,6.43663937667859,368.79227053140016
30.990455389022827,0.04726283494951096,-0.0067115248812385925,6.451816152782889,369.6618357487914
31.030515909194946,0.05055148812509657,-0.006134505224693828,6.4619340035190875,370.241545893719
31.090500593185425,0.053341299503591746,-0.005613428690873256,6.47373816271132,370.91787439613444
31.13049006462097,0.055960591943520786,-0.005089835713589603,6.487228630359585,371.6908212560378
31.19040060043335,0.058408000172581125,-0.004559693639165231,6.50577802337595,372.75362318840496
31.230611562728882,0.061662010573136465,-0.0038116243199133974,6.512523257200083,373.14009661835667
31.29044485092163,0.0645848392624827,-0.0031136934627860567,6.522641107936282,373.7198067632842
31.33050847053528,0.06750045690704416,-0.0023862260894160804,6.532758958672481,374.2995169082118
31.390585899353027,0.07024518643109484,-0.0016644033123549666,6.54793573477678,375.16908212560304
31.43045401573181,0.07297992876708259,-0.000905619655812543,6.559739893969012,375.84541062801856
31.490493774414062,0.07554456622853468,-0.00015897570917753484,6.573230361617277,376.6183574879219
31.530570030212402,0.07857861633486082,0.0007661095219126772,6.58503452080951,377.29468599033737
31.590420722961426,0.08144320093258155,0.0016739586895044983,6.5951523715457085,377.87439613526493
31.63046622276306,0.08429686981239433,0.002615557836160763,6.608642839193974,378.64734299516834
31.690582752227783,0.08729800086871951,0.003642424485360743,6.61707438147414,379.1304347826079
31.730512142181396,0.09013203288425908,0.004641572904512094,6.627192232210339,379.71014492753545
31.790502071380615,0.0931136009800846,0.00572392886372055,6.6356237744905044,380.19323671497506
31.830456495285034,0.09640087419948618,0.006942418006942508,6.640682699858604,380.4830917874388
31.890445947647095,0.09936756994242497,0.008064897005101351,6.64911424213877,380.96618357487847
31.930457830429077,0.10279272979774048,0.009390638892295938,6.655859475962903,381.3526570048302
31.9904522895813,0.10542982919178645,0.010439578865603288,6.667663635155136,382.02898550724564
32.030437707901,0.1085207203833013,0.011702346871035905,6.674408868979269,382.41545893719734
32.090428590774536,0.11144581468288575,0.01292915821391518,6.686213028171501,383.0917874396128
32.130470514297485,0.11451052180884669,0.014254209769671636,6.6963308789077,383.67149758454036
32.19052696228027,0.1177154221498084,0.015675299075678814,6.704762421187866,384.15458937197997
32.23043751716614,0.1207550245461211,0.01705696787306063,6.714880271924065,384.73429951690747
32.290467977523804,0.12378049208019522,0.018469319668326864,6.7249981226602635,385.31400966183503
32.330445528030396,0.12709528909354387,0.020050911381197842,6.731743356484396,385.7004830917867
32.390445709228516,0.13009651099235436,0.02151407866740568,6.741861207220595,386.2801932367142
32.43065929412842,0.13308528960134078,0.02300249857448617,6.7486064410447275,386.6666666666659
32.49053192138672,0.13621155745681274,0.02458910826404035,6.757037983324894,387.14975845410555
32.53060007095337,0.13828219213239168,0.025673122019959062,6.773901067885225,388.11594202898476
32.59043741226196,0.14092539293861495,0.0271026410042949,6.784018918621424,388.69565217391226
32.630455017089844,0.14370132350573586,0.02863738926345745,6.792450460901589,389.17874396135187
32.690821170806885,0.1463175543999097,0.030115689279342696,6.802568311637788,389.75845410627943
32.730544090270996,0.14848199242721033,0.03137508027689752,6.817745087742087,390.6280193236707
32.79053211212158,0.15105739003125612,0.032923422038160545,6.831235555390352,391.40096618357404
32.83041596412659,0.15361433176359274,0.034502055626436004,6.841353406126551,391.9806763285016
32.89053797721863,0.1562948993370874,0.036197874076744775,6.853157565318783,392.65700483091706
32.93048882484436,0.15867522464272354,0.03774339008152381,6.864961724511016,393.3333333333326
32.99053120613098,0.1613150135371043,0.039502013783622315,6.876765883703248,394.00966183574803
33.030518531799316,0.16421285945039477,0.04147517623866002,6.885197425983414,394.49275362318764
33.09050226211548,0.16681652333249664,0.043286854223710564,6.897001585175646,395.1690821256031
33.13075304031372,0.1698152869831008,0.04540740324548355,6.900374202087712,395.3623188405789
33.19061326980591,0.1723911566384664,0.04725838629539126,6.912178361279945,396.0386473429944
33.23061752319336,0.17508107947173676,0.04923639199416442,6.9222962120161435,396.6183574879219
33.29058384895325,0.17775085179630995,0.05124151222204884,6.9324140627523425,397.1980676328495
33.33052706718445,0.18053446572402165,0.05337279693146564,6.940845605032508,397.6811594202891
33.3905725479126,0.1833000109032808,0.05552747576428992,6.9492771473126735,398.1642512077286
33.430551290512085,0.1861800363219651,0.057806678513862564,6.9560223811368065,398.55072463768033
33.4905526638031,0.18865232253064185,0.059793898590971666,6.964453923416972,399.03381642511994
33.530566930770874,0.190843226208177,0.0615979244659088,6.9796306995212705,399.90338164251125
33.59051990509033,0.19339371207284978,0.06375273611601481,6.989748550257469,400.4830917874388
33.630770206451416,0.19553828760236336,0.06561159707904868,7.004925326361768,401.35265700483006
33.69057631492615,0.19778057082345593,0.06761214724962744,7.018415794010034,402.1256038647335
33.730544328689575,0.20074768548359218,0.07030466023938206,7.0217884109221,402.31884057970933
33.79058289527893,0.2030840297045505,0.07245005959933196,7.030219953202265,402.80193236714894
33.830708503723145,0.20552228874964049,0.07473108660977376,7.040337803938464,403.38164251207644
33.89056897163391,0.20769233652524613,0.07680977073204556,7.053828271586729,404.1545893719798
33.93060851097107,0.21008000901951251,0.07914369692056396,7.060573505410862,404.5410628019315
33.990421772003174,0.21256839686012788,0.08161327319308967,7.069005047691028,405.0241545893711
34.03060173988342,0.2145590676237197,0.08363609256037399,7.084181823795326,405.8937198067624
34.09049201011658,0.21687480820304636,0.08604140687717088,7.090927057619459,406.2801932367141
34.13058257102966,0.21905347430564515,0.08834676080788646,7.102731216811692,406.9565217391296
34.19049119949341,0.22120870406419016,0.09067403978135759,7.111162759091857,407.4396135265692
34.23054814338684,0.22334423489600588,0.09301940772665811,7.119594301372023,407.9227053140088
34.29049611091614,0.22556916828470425,0.09550895845102256,7.129712152108222,408.5024154589363
34.33057236671448,0.22777303208412344,0.09801718008136905,7.136457385932355,408.888888888888
34.39066696166992,0.2295123148842665,0.1000444289148517,7.1533204704926865,409.85507246376727
34.43053722381592,0.23143806381674542,0.1023512722293514,7.1634383212288855,410.43478260869483
34.49083590507507,0.23344398716552983,0.1048084076043929,7.175242480421118,411.1111111111103
34.53052520751953,0.2357401482582971,0.10767493090309277,7.181987714245251,411.497584541062
34.590805768966675,0.23749383470888813,0.10990633228220258,7.193791873437483,412.17391304347746
34.63054609298706,0.2396321536401841,0.1126845463054927,7.202223415717649,412.65700483091706
34.690919399261475,0.24175168436575822,0.11547712047899135,7.207282341085748,412.9468599033808
34.73050045967102,0.24394988116992172,0.11841943969962201,7.217400191821947,413.5265700483084
34.79052233695984,0.2462245877235109,0.12151285095788285,7.222459117190047,413.8164251207721
34.830482006073,0.24798637081316355,0.12394722056285454,7.232576967926246,414.3961352656996
34.890573024749756,0.24981775405924028,0.12653706189746716,7.244381127118478,415.07246376811514
34.93057060241699,0.2519103996528381,0.12955536373882148,7.251126360942611,415.45893719806685
34.99053478240967,0.25388600473725087,0.13245154494199007,7.2595579032227775,415.94202898550645
35.03055167198181,0.25545353074816096,0.13481743388418493,7.278107296239143,417.0048309178737
35.09055829048157,0.2570771883387677,0.13734602460968026,7.288225146975342,417.5845410628012
35.13054275512695,0.25903028847021725,0.1404564444306142,7.298342997711541,418.16425120772874
35.19052982330322,0.2606024493265031,0.14301737107356177,7.30846084844774,418.74396135265624
35.23055624961853,0.2622322235651131,0.14573859849214368,7.320265007639972,419.42028985507176
35.29055571556091,0.26391627571891113,0.1486216801310531,7.330382858376172,419.9999999999993
35.330527782440186,0.26565637813826587,0.15166518544258123,7.338814400656338,420.4830917874389
35.390641927719116,0.2671192112929413,0.15429009576298808,7.3523048683046035,421.25603864734234
35.430599212646484,0.26871004140613924,0.15722564527615782,7.3624227190408025,421.83574879226984
35.49053144454956,0.2701105029605094,0.15988435595303238,7.375913186689068,422.60869565217325
35.53060579299927,0.27155791860059475,0.16270680713902572,7.384344728969234,423.09178743961286
35.59053111076355,0.27305389374198813,0.16569181128804483,7.394462579705433,423.6714975845404
35.6305570602417,0.27451959100074,0.16869179844451992,7.404580430441632,424.2512077294679
35.69059872627258,0.27625410514578846,0.1723035648111361,7.407953047353698,424.4444444444438
35.73077940940857,0.27775312638087596,0.17547276287182928,7.416384589633863,424.9275362318834
35.79056477546692,0.2790851594181311,0.1783514658297844,7.424816131914029,425.4106280193229
35.830506801605225,0.2805305276026425,0.18154549022266975,7.433247674194194,425.89371980676253
35.89057469367981,0.28187879697168333,0.18460005420167472,7.443365524930393,426.4734299516901
35.9305579662323,0.28319609223443587,0.1876681031882553,7.453483375666592,427.0531400966176
35.99055600166321,0.28454931521500787,0.19090224427608626,7.461914917946759,427.53623188405726
36.03062558174133,0.2856138011988595,0.19353310684791758,7.477091694051057,428.40579710144857
36.090659379959106,0.28651377674131956,0.19586996407113874,7.495641087067422,429.4685990338157
36.13052797317505,0.28760869265383215,0.19884694272020653,7.507445246259654,430.1449275362312
36.190558433532715,0.28872681909091114,0.20199304899050846,7.517563096995853,430.7246376811587
36.230618953704834,0.28953550530261374,0.20436304567188787,7.532739873100152,431.59420289855
36.290529012680054,0.29046506570261915,0.20722065874774992,7.546230340748417,432.36714975845337
36.33049559593201,0.2915129457249297,0.21056622723008395,7.554661883028582,432.85024154589297
36.390591621398926,0.2923844939527991,0.21344206427607484,7.564779733764781,433.4299516908205
36.43055772781372,0.2933701389971407,0.2168064936270509,7.573211276044947,433.9130434782601
36.490586280822754,0.29418819531565027,0.21969800169177123,7.583329126781146,434.49275362318764
36.5305609703064,0.29511126625101874,0.22308013431179402,7.591760669061311,434.97584541062724
36.59060311317444,0.29587064738409363,0.22598760319784011,7.605251136709577,435.7487922705306
36.63050985336304,0.29676878514268945,0.22954887546383035,7.608623753621643,435.94202898550645
36.69047164916992,0.29748395451121745,0.23246753402606668,7.618741604357842,436.521739130434
36.73047971725464,0.2982867020570824,0.23588022759402036,7.6271731466380075,437.00483091787356
36.790658950805664,0.2989476121513127,0.23881164924160714,7.6372909973742065,437.5845410628011
36.83067274093628,0.2996489644678767,0.2420760475508486,7.647408848110405,438.1642512077286
36.89059400558472,0.30021466481137504,0.24485715369823768,7.659213007302638,438.84057971014414
36.93055486679077,0.3010189712898703,0.24895253403963777,7.660899315758671,438.93719806763204
36.99052429199219,0.30171156138238286,0.25255942058480113,7.667644549582804,439.32367149758375
37.03055000305176,0.30228079102391214,0.25567987253086333,7.679448708775037,439.99999999999926
37.0905499458313,0.3027876263486917,0.25864182340522834,7.689566559511236,440.57971014492676
37.130555629730225,0.303202588406351,0.26128050659622215,7.706429644071568,441.54589371980603
37.19049119949341,0.3037033826341616,0.2647503893251535,7.714861186351733,442.02898550724564
37.23051619529724,0.3041807604765353,0.26822357106625994,7.719920111719833,442.3188405797094
37.290504693984985,0.30463470021373185,0.2716998937966948,7.728351653999997,442.80193236714894
37.33059501647949,0.30501887404959294,0.2748484892289977,7.736783196280163,443.28502415458854
37.39069581031799,0.30535011164019255,0.2778351791504944,7.750273663928429,444.05797101449195
37.430601596832275,0.30566517515570435,0.2809914392338323,7.758705206208594,444.5410628019315
37.49059319496155,0.30600224265322795,0.2846487192460873,7.765450440032727,444.9275362318832
37.53067469596863,0.3062364820403387,0.2874770933711291,7.7772545992249595,445.6038647342987
37.590577125549316,0.3065056551164671,0.29113999624194276,7.7839998330490925,445.99033816425043
37.63058590888977,0.306700611442311,0.2941386671241186,7.7941176837852915,446.57004830917793
37.69067621231079,0.30688912952599523,0.29747223163158687,7.800862917609424,446.95652173912964
37.73053979873657,0.30703884251474745,0.30064064270868496,7.812667076801657,447.63285024154516
37.79054641723633,0.3071747825792983,0.3041438414341349,7.817726002169756,447.9227053140089
37.83059000968933,0.307263448503844,0.30714753472447276,7.831216469818022,448.6956521739123
37.8906512260437,0.3073281940419904,0.3104857976572895,7.837961703642155,449.08212560386403
37.930633544921875,0.30736479090717517,0.3138244878290165,7.848079554378354,449.66183574879153
37.99053120613098,0.30737013978434913,0.3169964295248855,7.85651109665852,450.14492753623114
38.03047752380371,0.30734142523584007,0.3198343413903922,7.871687872762818,451.01449275362245
38.09059476852417,0.3072665478758839,0.32300540369085945,7.8834920319550505,451.6908212560379
38.13054943084717,0.3071576235084569,0.32600843058231027,7.896982499603316,452.4637681159413
38.19052338600159,0.30700819804428525,0.3290097148173091,7.910472967251582,453.23671497584473
38.230469703674316,0.30678959891277535,0.33250872831125966,7.922277126443815,453.9130434782602
38.29054117202759,0.3065178779072403,0.33633882632734585,7.927336051811914,454.202898550724
38.33057641983032,0.30623635281722117,0.340000800550305,7.934081285636047,454.5893719806757
38.39054012298584,0.30594110694526977,0.34349418156105094,7.942512827916213,455.0724637681153
38.43061065673828,0.3056290757474854,0.34681846011811224,7.952630678652412,455.6521739130428
38.490546464920044,0.30527496546564437,0.3503063659252462,7.957689604020511,455.94202898550657
38.53056001663208,0.30494372787504487,0.35329305584674287,7.971180071668776,456.7149758454099
38.59056353569031,0.3045365400323699,0.35660702468396904,7.981297922404975,457.2946859903375
38.63050413131714,0.3040767387909551,0.3600825769896519,7.989729464685141,457.7777777777771
38.69056272506714,0.30358764997428445,0.3635541289683139,7.998161006965306,458.2608695652167
38.73053216934204,0.3030476882959161,0.367187000142994,8.004906240789438,458.64734299516834
38.79046154022217,0.3024671764628315,0.3709825882567552,8.006592549245472,458.74396135265624
38.83047890663147,0.3019196188839271,0.37444539950037337,8.015024091525637,459.22705314009585
38.89058756828308,0.3013675711777073,0.37773833659715883,8.025141942261836,459.8067632850234
38.930535554885864,0.3007617005383353,0.3811914224315237,8.030200867629937,460.0966183574872
38.99050951004028,0.30021495444258184,0.38414626654507256,8.0436913352782,460.8695652173905
39.03048300743103,0.29953933700064594,0.38758638603184864,8.052122877558366,461.3526570048301
39.090864419937134,0.29890184303267187,0.39069361054470175,8.060554419838532,461.8357487922697
39.13046145439148,0.2981683133724994,0.39412184846654913,8.068985962118697,462.31884057970933
39.190524101257324,0.29750740327826913,0.3970532701141358,8.082476429766963,463.09178743961274
39.230568647384644,0.296880450564845,0.3996497625148296,8.099339514327294,464.0579710144919
39.29051756858826,0.29605304744216354,0.4028845106450409,8.109457365063493,464.63768115941946
39.33051347732544,0.2951129354067632,0.4064349332884486,8.116202598887625,465.0241545893711
39.39047050476074,0.2941082008802722,0.4101408733377416,8.121261524255726,465.3140096618349
39.43053078651428,0.2934244558680314,0.4125498877455406,8.139810917272092,466.37681159420214
39.49047327041626,0.2924668512092855,0.41574851006004976,8.14992876800829,466.9565217391297
39.53049063682556,0.2915710865064627,0.4186168964750526,8.163419235656557,467.7294685990331
39.59050798416138,0.29048941073491397,0.4219516916016517,8.171850777936722,468.2125603864727
39.63042211532593,0.28937965627883494,0.42527724810520967,8.180282320216888,468.69565217391226
39.69050359725952,0.2885021523273879,0.4278001094384829,8.197145404777219,469.6618357487915
39.73054552078247,0.2874172828314595,0.4307807638816016,8.208949563969451,470.33816425120693
39.790621519088745,0.2862923028505284,0.433746512147214,8.22412634007375,471.2077294685983
39.830594301223755,0.2849521330970441,0.43716605255752833,8.230871573897883,471.59420289854995
39.89062023162842,0.28382268198492433,0.43995072043968725,8.247734658458214,472.56038647342916
39.93061137199402,0.2824640071715092,0.44318257497888536,8.25616620073838,473.04347826086877
39.9905686378479,0.28120520819354056,0.4460940467485483,8.267970359930612,473.7198067632842
40.03051972389221,0.27984150333211855,0.44914175087530706,8.281460827578877,474.49275362318764
40.09051513671875,0.2783746237502948,0.4523259533348835,8.289892369859043,474.97584541062724
40.13049626350403,0.2770183664423586,0.4551933230088441,8.301696529051275,475.6521739130427
40.19052076339722,0.2754873570088567,0.45834719223975273,8.310128071331441,476.1352657004823
40.23053526878357,0.2737814725497062,0.46178716917713264,8.318559613611606,476.6183574879219
40.29050278663635,0.27234358417001775,0.46461448588030474,8.330363772803839,477.29468599033737
40.33051371574402,0.2707228034387066,0.46772317544862047,8.338795315084004,477.777777777777
40.39066243171692,0.26900017852350433,0.470966919425486,8.345540548908136,478.1642512077286
40.43052291870117,0.2672557131506274,0.4741989701906753,8.352285782732269,478.5507246376803
40.49054193496704,0.2658017411156313,0.47682879914900045,8.365776250380534,479.3236714975837
40.53049159049988,0.26391280220644464,0.4801717608471114,8.370835175748635,479.6135265700475
40.5904746055603,0.26240591504823,0.482771631251767,8.387698260308966,480.5797101449267
40.630497455596924,0.26077614080962014,0.4854928586703489,8.399502419501198,481.25603864734217
40.69055509567261,0.25911435905888835,0.4881946588379064,8.41130657869343,481.9323671497576
40.730653285980225,0.25759502613018614,0.49059178122390196,8.42648335479773,482.801932367149
40.79052257537842,0.2556833807674186,0.4935305723049681,8.434914897077896,483.2850241545886
40.83053183555603,0.25410788444951576,0.4958911611370086,8.450091673182195,484.1545893719799
40.890557527542114,0.2521273983215151,0.49878400674435464,8.45852321546236,484.6376811594195
40.93069767951965,0.25012259172932194,0.5016600511701316,8.466954757742526,485.1207729468591
40.990626096725464,0.24828248437268474,0.5042437012332263,8.478758916934758,485.7971014492746
41.03058695793152,0.24631583631662135,0.50694193895754,8.488876767670957,486.37681159420214
41.09050250053406,0.244419536830715,0.5094846326064545,8.50068092686319,487.0531400966176
41.130542516708374,0.24249335579313935,0.5120047654090987,8.512485086055422,487.72946859903305
41.190513372421265,0.24053756159132703,0.5145019862188461,8.524289245247655,488.40579710144857
41.23055934906006,0.23855242673890698,0.5169759470815491,8.536093404439887,489.08212560386403
41.29051184654236,0.2366461962741248,0.5192989452399066,8.546211255176086,489.66183574879153
41.33052730560303,0.23450215600528126,0.5218584926059276,8.556329105912285,490.2415458937191
41.39053201675415,0.2320093162554097,0.5247789776853515,8.56476064819245,490.7246376811587
41.43051624298096,0.22981816950928222,0.5272983163545787,8.57487849892865,491.3043478260862
41.49049520492554,0.22771047190988591,0.5296687284626261,8.586682658120882,491.9806763285017
41.530516147613525,0.22513494562045258,0.532516560524057,8.591741583488982,492.2705314009655
41.59059166908264,0.2224349360464779,0.535476855088258,8.59511420040105,492.4637681159414
41.63049840927124,0.22039128118058382,0.5376799233617583,8.608604668049315,493.2367149758448
41.69049429893494,0.2180918175665051,0.5401008030532871,8.618722518785514,493.81642512077235
41.730480909347534,0.21554004484111858,0.5427423494836761,8.625467752609646,494.202898550724
41.79046630859375,0.21297051245280124,0.5453666236483385,8.632212986433778,494.58937198067565
41.83049726486206,0.21026803731446117,0.5480942803797348,8.637271911801879,494.87922705313946
41.890501976013184,0.20801663879199972,0.55032865891202,8.64907607099411,495.55555555555486
41.93080472946167,0.2053858734932631,0.5528915450836809,8.655821304818241,495.9420289855065
41.99053120613098,0.2029747092981458,0.5552011941084275,8.66593915555444,496.521739130434
42.03052592277527,0.200540300233129,0.5574863295305615,8.67605700629064,497.1014492753616
42.09048533439636,0.1978371550363036,0.5599727562097152,8.686174857026838,497.6811594202891
42.13051676750183,0.19535700621714286,0.5622081651718839,8.696292707763037,498.26086956521664
42.19057273864746,0.19334597566384762,0.5639661750141325,8.716528409235435,499.4202898550717
42.23055720329285,0.19079912710088562,0.5661252845043314,8.726646259971634,499.9999999999992
42.290528774261475,0.18784734870563813,0.5685809895808882,8.7350778022518,500.4830917874388
42.330501317977905,0.18526089041612076,0.5706924878427665,8.745195652987999,501.06280193236637
42.390499114990234,0.18239243211863537,0.5729862311984003,8.755313503724198,501.6425120772939
42.43057632446289,0.1798935631605813,0.5749399191629823,8.76711766291643,502.3188405797094
42.490556716918945,0.17710994923286966,0.5770712038723993,8.775549205196596,502.80193236714894
42.530513763427734,0.174572060331931,0.5789739289337182,8.787353364388828,503.47826086956445
42.59052395820618,0.17187548175414502,0.5809428513210038,8.800843832037094,504.25120772946786
42.6305091381073,0.16969456273552386,0.5824850687913842,8.817706916597425,505.217391304347
42.69050979614258,0.1670787379852232,0.5842791433740572,8.829511075789657,505.89371980676253
42.730422258377075,0.16416435847102215,0.5862278026717153,8.84131523498189,506.570048309178
42.790658473968506,0.1616453946872512,0.5878663558398018,8.854805702630156,507.3429951690814
42.830549001693726,0.15868266210602033,0.5897406814954065,8.866609861822388,508.01932367149686
42.890575885772705,0.1558416157367575,0.5914947188157127,8.876727712558587,508.5990338164244
42.93054533004761,0.15269710322797359,0.5933924418376598,8.886845563294786,509.1787439613519
42.990638256073,0.14982114676657532,0.5950886334027462,8.896963414030985,509.7584541062795
43.03052067756653,0.1467820527109341,0.5968364286802633,8.908767573223217,510.43478260869495
43.0905020236969,0.14386960632743076,0.5984691709920034,8.918885423959416,511.0144927536225
43.13056516647339,0.14108594713826494,0.5999898564463467,8.930689583151649,511.69082125603796
43.190510988235474,0.13828202711243298,0.6014728518007619,8.945866359255948,512.5603864734293
43.23058295249939,0.13516382576750485,0.6030752566758273,8.954297901536115,513.043478260869
43.29068183898926,0.13247618778446313,0.6044193686877918,8.967788369184381,513.8164251207725
43.33054804801941,0.12977066221336736,0.6057271019988084,8.981278836832647,514.5893719806759
43.390540599823,0.12674758064060326,0.6071445536550362,8.991396687568846,515.1690821256034
43.430652141571045,0.12340658566913557,0.608670025446501,9.001514538305045,515.7487922705309
43.49052619934082,0.12035773281231363,0.6100311601388724,9.008259772129177,516.1352657004826
43.53093767166138,0.11714568432825702,0.611436017977664,9.016691314409343,516.6183574879221
43.59054493904114,0.11376960989139283,0.6128821967296442,9.023436548233475,517.0048309178738
43.63054537773132,0.11053661092869432,0.6142381461086163,9.03186809051364,517.4879227053134
43.6905562877655,0.1075992538678391,0.6154352994945793,9.043672249705873,518.1642512077289
43.73053050041199,0.1046479703866186,0.6165976972517837,9.055476408898105,518.8405797101443
43.79055953025818,0.10090657592856381,0.6180313510159923,9.062221642722237,519.227053140096
43.830589294433594,0.09746817796043813,0.6193223703801836,9.06896687654637,519.6135265700476
43.89055824279785,0.09417681394733618,0.6205297659012957,9.077398418826535,520.0966183574873
43.93054485321045,0.09087538684079913,0.6217093675592155,9.0858299611067,520.5797101449268
43.990559339523315,0.08787948900753723,0.6227514035015589,9.094261503386866,521.0628019323665
44.03055930137634,0.0853485977155915,0.6236054712740943,9.104379354123065,521.642512077294
44.09051465988159,0.08233388725599697,0.6245917590501971,9.11281089640323,522.1256038647335
44.1305627822876,0.07978623264461385,0.6253944410998461,9.126301364051496,522.898550724637
44.190608978271484,0.07690820025231282,0.626258712224819,9.139791831699762,523.6714975845404
44.23055553436279,0.07401877067850879,0.6270840798802446,9.153282299348028,524.4444444444438
44.290522813797,0.07111846977036651,0.6278703938574985,9.166772766996294,525.2173913043472
44.33053922653198,0.06772493358426318,0.6287506172182153,9.17520430927646,525.7004830917869
44.390546560287476,0.06432409646967788,0.6296021968863638,9.183635851556625,526.1835748792264
44.43054723739624,0.061239510661040414,0.6303415027240459,9.195440010748857,526.8599033816419
44.49048161506653,0.057820823848838854,0.6311183305629032,9.20724416994109,527.5362318840573
44.530545473098755,0.05455701804804344,0.6318224350210786,9.217362020677289,528.1159420289849
44.59058237075806,0.05144925713399656,0.6324573088932778,9.229166179869521,528.7922705314004
44.63076663017273,0.04800743970518334,0.6331242225292621,9.237597722149687,529.2753623188399
44.690507650375366,0.044887468816622006,0.6336960829903961,9.24940188134192,529.9516908212554
44.73051071166992,0.04159688828192215,0.6342620080189846,9.259519732078118,530.531400966183
44.790539264678955,0.038628764358820844,0.634731343086617,9.27638281663845,531.4975845410621
44.830496072769165,0.034829816146503934,0.6352894430756967,9.28144174200655,531.787439613526
44.89052724838257,0.031357038143054045,0.635769749175907,9.293245901198782,532.4637681159414
44.9304723739624,0.028540752283872955,0.636120608465447,9.308422677303081,533.3333333333328
44.99047255516052,0.02522189879031056,0.6364858520575837,9.321913144951347,534.1062801932362
45.03052020072937,0.022064851863573903,0.6367929309315907,9.33371730414358,534.7826086956517
45.09055972099304,0.018405646163324185,0.637108407125918,9.343835154879779,535.3623188405792
45.13056397438049,0.014743910611072164,0.637393019724551,9.35058038870391,535.7487922705309
45.19060659408569,0.011246656658710774,0.6376381641795921,9.359011930984076,536.2318840579704
45.23054599761963,0.00791391652120585,0.6378407340914546,9.369129781720275,536.811594202898
45.290542125701904,0.004745894273151419,0.6379984609703025,9.380933940912508,537.4879227053135
45.33060693740845,0.000575842292852069,0.6381708429115742,9.385992866280606,537.7777777777771
45.39054489135742,-0.002928097741033947,0.6382861045707487,9.397797025472839,538.4541062801927
45.43060803413391,-0.006266186223202325,0.6383592939042821,9.407914876209038,539.0338164251202
45.49053907394409,-0.009604844351378983,0.6383987057868592,9.418032726945237,539.6135265700477
45.53060960769653,-0.012776789429694818,0.6383960313473218,9.433209503049536,540.4830917874391
45.590527057647705,-0.015948409798590274,0.6383505674266142,9.445013662241768,541.1594202898546
45.63058137893677,-0.019286232457041974,0.638266120437002,9.455131512977967,541.739130434782
45.69058561325073,-0.022623029861532445,0.6381479067545697,9.465249363714166,542.3188405797097
45.73056650161743,-0.026960033537816813,0.6379722862357757,9.465249363714166,542.3188405797097
45.790613412857056,-0.0306292838317207,0.6378113083906747,9.471994597538298,542.7053140096613
45.8305389881134,-0.03429736482886528,0.6376255844441469,9.47873983136243,543.091787439613
45.89055871963501,-0.03712974934965832,0.6374462350419966,9.497289224378795,544.15458937198
45.93054795265198,-0.04045859985170561,0.6371874963159669,9.507407075114994,544.7342995169076
45.9905469417572,-0.04395122287419534,0.6368834150210482,9.51583861739516,545.2173913043472
46.030633211135864,-0.04710826980093202,0.6365763361470412,9.527642776587392,545.8937198067626
46.090580463409424,-0.04992903250456765,0.6362635006448084,9.542819552691691,546.763285024154
46.130568504333496,-0.053408699783655145,0.6358359534099997,9.551251094971857,547.2463768115936
46.190509557724,-0.05655289522900664,0.6354172915728209,9.56305525416409,547.9227053140091
46.230560541152954,-0.05952708042523347,0.6349880393775549,9.573173104900288,548.5024154589366
46.29053282737732,-0.06200018638045729,0.6345948414719352,9.591722497916653,549.5652173913038
46.33052468299866,-0.06512578347333026,0.634054577142645,9.600154040196818,550.0483091787434
46.39058828353882,-0.06791733637362196,0.6335429125195253,9.61195819938905,550.7246376811588
46.430490016937256,-0.07021074936480609,0.6330925008915681,9.625448667037316,551.4975845410622
46.49052166938782,-0.07348037576900265,0.6324159400515036,9.632193900861449,551.8840579710139
46.53051471710205,-0.07641672821017004,0.6317772935375022,9.645684368509714,552.6570048309173
46.59056043624878,-0.07918101982255465,0.6311344403945685,9.660861144614014,553.5265700483086
46.630531787872314,-0.08242330263008862,0.6303370737353094,9.670978995350213,554.1062801932362
46.6905791759491,-0.08565735198213556,0.6295069435154929,9.681096846086412,554.6859903381637
46.730567932128906,-0.08888283680896564,0.628644134715574,9.69121469682261,555.2657004830912
46.790570974349976,-0.0924210859284631,0.6276591957558904,9.70133254755881,555.8454106280188
46.83056879043579,-0.09578964062356649,0.6266877430924827,9.709764089838975,556.3285024154584
46.8905770778656,-0.09914988483542181,0.6256879231847811,9.71819563211914,556.8115942028979
46.9305579662323,-0.10249984119713426,0.624654156583576,9.729999791311373,557.4879227053134
46.99059581756592,-0.10631928732742862,0.6234436910267869,9.73337240822344,557.6811594202893
47.03053259849548,-0.1091761156248506,0.6225117215489366,9.746862875871706,558.4541062801927
47.09059381484985,-0.11233792496541972,0.6214388035244731,9.756980726607905,559.0338164251202
47.13052439689636,-0.11580584074288822,0.6202293111738103,9.763725960432037,559.4202898550719
47.19064402580261,-0.11942386295373547,0.6189434657711695,9.768784885800137,559.7101449275358
47.23054265975952,-0.122405431049561,0.6178611098119612,9.777216428080303,560.1932367149753
47.29058313369751,-0.12553518788458423,0.6166980046804472,9.783961661904435,560.579710144927
47.33058953285217,-0.1291264511523523,0.615339214314255,9.789020587272535,560.8695652173908
47.39080214500427,-0.13177402840343064,0.6143170093537642,9.7974521295527,561.3526570048305
47.430630922317505,-0.13487960982627914,0.6130908138475798,9.804197363376833,561.739130434782
47.490580558776855,-0.1370447211748102,0.6122105260360131,9.817687831025099,562.5120772946855
47.530579566955566,-0.13950708653800878,0.611175345225792,9.827805681761298,563.091787439613
47.59054374694824,-0.14211303630840205,0.6100512482211402,9.836237224041463,563.5748792270526
47.6305947303772,-0.14470941569055626,0.6089052192574557,9.844668766321629,564.0579710144922
47.69060254096985,-0.14729604010660438,0.6077373398064919,9.853100308601794,564.5410628019318
47.73058843612671,-0.1498747281192858,0.6065520396694241,9.858159233969893,564.8309178743955
47.79050016403198,-0.1521411421452715,0.6054870396123522,9.869963393162125,565.5072463768109
47.830543994903564,-0.1550027686853006,0.6041187062180804,9.871649701618159,565.6038647342989
47.890546560287476,-0.15846684291796742,0.6024623026355407,9.869963393162125,565.5072463768109
47.93056917190552,-0.16102517742765393,0.6012336884494648,9.875022318530224,565.7971014492747
47.99057340621948,-0.16387984508235576,0.5998508958714988,9.876708626986257,565.8937198067626
48.030686140060425,-0.16658094479128516,0.5985340453139119,9.880081243898324,566.0869565217386
48.0911009311676,-0.1692753481157601,0.5972035470036331,9.886826477722456,566.4734299516902
48.130701303482056,-0.17211349456602154,0.5957871545935478,9.88851278617849,566.5700483091781
48.190682888031006,-0.1750972363163915,0.594288663165335,9.891885403090557,566.763285024154
48.23065233230591,-0.17822883740847095,0.5927126061831065,9.890199094634523,566.6666666666661
48.29091668128967,-0.1812100479989348,0.5912090853789158,9.89357171154659,566.859903381642
48.33066391944885,-0.1841861708443791,0.5896955186634543,9.896944328458657,567.0531400966178
48.39064431190491,-0.18685775584060557,0.5883197757236092,9.90368956228279,567.4396135265695
48.43057680130005,-0.189671615154623,0.5868557270586405,9.905375870738823,567.5362318840574
48.490654706954956,-0.19277893704997656,0.5852323257990006,9.907062179194856,567.6328502415454
48.53078055381775,-0.1955853538755664,0.5837540608249432,9.912121104562956,567.9227053140091
48.59052515029907,-0.19927800759344785,0.5818089753327625,9.907062179194856,567.6328502415454
48.63050103187561,-0.20283391420291402,0.5799626482243803,9.900316945370724,567.2463768115937
48.69062161445618,-0.2055008441600136,0.5785779028930933,9.907062179194856,567.6328502415454
48.730589628219604,-0.20905363223808868,0.5767255820573092,9.90368956228279,567.4396135265695
48.79063653945923,-0.21246286673508907,0.5749590591273307,9.902003253826756,567.3429951690815
48.83051896095276,-0.21558106808001729,0.5733566542522657,9.896944328458655,567.0531400966178
48.890533685684204,-0.2190021405401926,0.5716131674183873,9.895258020002622,566.9565217391298
48.930521965026855,-0.22257959324874926,0.5698089424533583,9.88851278617849,566.5700483091781
48.99056649208069,-0.22646826283013513,0.567880551325623,9.881767552354358,566.1835748792265
49.030534982681274,-0.22976688813969917,0.5662655025173728,9.87839493544229,565.9903381642506
49.09052395820618,-0.23322253845854876,0.5645915957124665,9.87333601007419,565.7004830917867
49.130535364151,-0.2366866126912156,0.5629351921299268,9.86827708470609,565.410628019323
49.19060707092285,-0.2400067249452751,0.5613647889312638,9.864904467794023,565.2173913043471
49.230464220047,-0.24302500881260194,0.559937149659752,9.86827708470609,565.410628019323
49.290523052215576,-0.2460408809494445,0.5585044226628872,9.86827708470609,565.410628019323
49.33049702644348,-0.24981523909245643,0.5567230553059518,9.86321815933799,565.1207729468591
49.390636920928955,-0.2532931560651297,0.5550959177429695,9.861531850881956,565.0241545893712
49.43066096305847,-0.2566237854463926,0.5535479450330691,9.85815923396989,564.8309178743954
49.49054312705994,-0.26041597370033576,0.5518048565962048,9.853100308601789,564.5410628019315
49.530597448349,-0.26375696867180354,0.55027938480474,9.853100308601789,564.5410628019315
49.590506076812744,-0.2674044915473787,0.5486213822478819,9.849727691689722,564.3478260869556
49.63047385215759,-0.27121124175679046,0.5469103293862733,9.844668766321622,564.0579710144918
49.69051742553711,-0.27518069567946124,0.5451542317208461,9.83792353249749,563.6714975845401
49.73051643371582,-0.27900737775046036,0.5434882325072903,9.832864607129391,563.3816425120764
49.79065489768982,-0.28268770240616853,0.5419043745480717,9.829491990217324,563.1884057971006
49.83060812950134,-0.28699378080663385,0.5400855441711621,9.819374139481125,562.608695652173
49.89070725440979,-0.29085070605617014,0.5384908101270137,9.814315214113027,562.3188405797093
49.93070101737976,-0.29440400524867516,0.5370356304246334,9.812628905656993,562.2222222222214
49.99061608314514,-0.2982715995294515,0.5354669483244672,9.807569980288893,561.9323671497575
50.0305438041687,-0.30199080570268344,0.5339766795408625,9.804197363376826,561.7391304347817
50.090527057647705,-0.3063415083528913,0.5322673400250268,9.794079512640627,561.1594202898541
50.1306791305542,-0.31023753370400564,0.5307706652054517,9.789020587272528,560.8695652173905
50.19060826301575,-0.3141410807341882,0.5292937191552427,9.783961661904428,560.5797101449266
50.23056101799011,-0.31789442997257666,0.5278916617023963,9.780589044992361,560.3864734299507
50.290565490722656,-0.321497022150701,0.5265631991640484,9.77553011962426,560.0966183574869
50.330612897872925,-0.32557831006394466,0.525085521112531,9.768784885800128,559.7101449275352
50.39065980911255,-0.3293525049428444,0.5237405866819809,9.765412268888062,559.5169082125593
50.430567502975464,-0.3334485346261773,0.5223042774228099,9.75866703506393,559.1304347826077
50.49058413505554,-0.33723614393650014,0.5209975979216511,9.755294418151863,558.9371980676318
50.53060603141785,-0.3411872734132855,0.5196531185020414,9.750235492783762,558.6473429951681
50.59048914909363,-0.3454641904332459,0.518229896938576,9.741803950503597,558.1642512077284
50.63064503669739,-0.3495952368620488,0.5168976436376608,9.731686099767398,557.5845410628009
50.69064235687256,-0.35357700325344177,0.51564680973324,9.726627174399297,557.294685990337
50.73058533668518,-0.3577277924639221,0.5143774034212636,9.716509323663098,556.7149758454095
50.7904999256134,-0.3618891370597709,0.5131430393706997,9.709764089838966,556.3285024154578
50.830530405044556,-0.36589736531878025,0.5119797873448023,9.704705164470866,556.0386473429941
50.89056611061096,-0.36959030212736077,0.5109282642373495,9.699646239102766,555.7487922705302
50.93054389953613,-0.37361009463470285,0.5098056257158333,9.694587313734665,555.4589371980665
50.99054718017578,-0.3779595499747149,0.5086224870681756,9.6861557714545,554.9758454106268
51.0305449962616,-0.3821564392955866,0.5075149838026826,9.679410537630368,554.5893719806752
51.09051442146301,-0.3858747898115696,0.5065571985668569,9.674351612262267,554.2995169082113
51.13051414489746,-0.3900844595836445,0.5054993120583868,9.667606378438135,553.9130434782597
51.190654039382935,-0.39413815203119495,0.5045060212687646,9.662547453070037,553.623188405796
51.23052930831909,-0.3978721243258614,0.5036110720968338,9.657488527701936,553.3333333333321
51.29045605659485,-0.4012827764585079,0.5027996948472027,9.65917483615797,553.4299516908201
51.33053159713745,-0.40534631121422626,0.5018474688545185,9.650743293877804,552.9468599033805
51.39076018333435,-0.409252631912986,0.5009563716629428,9.647370676965737,552.7536231884046
51.43082046508789,-0.4131619357192181,0.5000784540375517,9.64399806005367,552.5603864734287
51.49047636985779,-0.41772959507214535,0.49908500390466065,9.633880209317471,551.9806763285012
51.530555963516235,-0.42181447583564163,0.4982289675736018,9.628821283949371,551.6908212560375
51.590585470199585,-0.4262322827502376,0.49733422689626106,9.620389741669205,551.2077294685978
51.63054943084717,-0.43016514434385883,0.4965687236031181,9.613644507845073,550.8212560386462
51.69059181213379,-0.4341018282187736,0.4958231260740319,9.610271890933006,550.6280193236703
51.73057556152344,-0.4385354710604135,0.49501048226084177,9.601840348652841,550.1449275362306
51.79066014289856,-0.44297580806663156,0.4942352493374234,9.593408806372675,549.6618357487911
51.83048629760742,-0.4465975255781246,0.49362494297757475,9.590036189460609,549.4685990338152
51.890522480010986,-0.45104670399403624,0.49290217729097413,9.581604647180443,548.9855072463756
51.930466175079346,-0.45483981108108973,0.49230566933308917,9.57991833872441,548.8888888888877
51.99050426483154,-0.4591304759053415,0.49164943856525434,9.573173104900278,548.502415458936
52.03060841560364,-0.46325976744046865,0.4910428081423418,9.568114179532177,548.2125603864722
52.09063506126404,-0.46689576221893003,0.49052429723895696,9.56474156262011,548.0193236714963
52.1305365562439,-0.47086418712974615,0.4899720297914223,9.561368945708043,547.8260869565204
52.19068717956543,-0.47450275847757195,0.48947191967084047,9.561368945708043,547.8260869565204
52.23053216934204,-0.47847302340189857,0.4889330393157939,9.557996328795976,547.6328502415446
52.29056692123413,-0.48244508317982204,0.4884075521827485,9.55462371188391,547.4396135265687
52.33055830001831,-0.4865858040595711,0.4878845993664397,9.546192169603744,546.9565217391291
52.390599727630615,-0.49056378990065097,0.4874060345802711,9.542819552691677,546.7632850241532
52.43066072463989,-0.49421173569467447,0.48697965086834744,9.53944693577961,546.5700483091773
52.490580558776855,-0.49885813058566186,0.48646830983935635,9.529329085043411,545.9903381642498
52.5306293964386,-0.5030100424878001,0.48604324912727226,9.52427015967531,545.7004830917859
52.59080457687378,-0.5068310985928686,0.4856650780554064,9.522583851219277,545.603864734298
52.630584716796875,-0.5109857831552997,0.48526803241726,9.517524925851177,545.3140096618342
52.690553426742554,-0.5149758517866929,0.48490368653329124,9.51415230893911,545.1207729468583
52.730486154556274,-0.518967126522261,0.4845527996688902,9.510779692027043,544.9275362318824
52.79054355621338,-0.5232928751840895,0.4841945511944858,9.504034458202911,544.5410628019308
52.83053135871887,-0.5274542095283612,0.48387463631946404,9.498975532834812,544.2512077294671
52.890540599823,-0.5314503497354979,0.4835843622226208,9.495602915922746,544.0579710144912
52.93056893348694,-0.5356142335079683,0.48329954476979636,9.490543990554645,543.7681159420274
52.99049711227417,-0.5396131060724831,0.483049717190928,9.483798756730513,543.3816425120757
53.0305449962616,-0.543779658407807,0.4828070431521788,9.48211244827448,543.2850241545877
53.090580224990845,-0.5472799011406486,0.48260909916431044,9.480426139818446,543.1884057970999
53.130510091781616,-0.5514476278239846,0.4823875064182982,9.475367214450348,542.8985507246362
53.190603733062744,-0.5551160167934995,0.4822079682489072,9.47199459753828,542.7053140096602
53.23064470291138,-0.5591185334684731,0.48202560632045055,9.468621980626214,542.5120772946843
53.29060649871826,-0.5632885854487726,0.48185322437917916,9.463563055258113,542.2222222222206
53.33054852485657,-0.567459456131343,0.4817019405355305,9.458504129890013,541.9323671497567
53.3905246257782,-0.5714642794161712,0.48158034257629556,9.451758896065881,541.5458937198051
53.43057417869568,-0.5758036278273371,0.4814778788205661,9.445013662241749,541.1594202898534
53.49049377441406,-0.5801435686594009,0.48140468709350853,9.438268428417617,540.7729468599018
53.53062891960144,-0.5844839044537051,0.48136077072520056,9.431523194593485,540.3864734299501
53.59056258201599,-0.58899139253678,0.4813493691779793,9.42309165231332,539.9033816425106
53.63051724433899,-0.592998038641319,0.4813628821116267,9.419719035401252,539.7101449275347
53.69054317474365,-0.5970045651148381,0.48139666410951965,9.41297380157712,539.323671497583
53.73062467575073,-0.6008439823826539,0.4814452250122634,9.411287493121087,539.2270531400951
53.79056715965271,-0.6041825693033077,0.481490266843569,9.411287493121087,539.2270531400951
53.83060550689697,-0.6086893652491788,0.48157007358902604,9.402855950840921,538.7439613526554
53.8905291557312,-0.612528094672781,0.4816574779942179,9.401169642384888,538.6473429951675
53.93061327934265,-0.6172006210887615,0.4817914631534228,9.391051791648689,538.06763285024
53.990516662597656,-0.6213712307300102,0.48194978015314116,9.382620249368523,537.5845410628004
54.030577182769775,-0.6255406776169622,0.4821362250752017,9.377561324000425,537.2946859903367
54.09059476852417,-0.6300422196025852,0.48236795458565435,9.36912978172026,536.8115942028971
54.13057899475098,-0.634208771937909,0.4826106286244036,9.36407085635216,536.5217391304334
54.19058322906494,-0.6383740432920164,0.4828743777452128,9.35901193098406,536.2318840579695
54.23074746131897,-0.6425379270644866,0.4831591951980374,9.35395300561596,535.9420289855058
54.29055666923523,-0.646865993771247,0.48348825755771624,9.343835154879761,535.3623188405782
54.33051824569702,-0.6508589925360119,0.48381894845716655,9.340462537967694,535.1690821256024
54.390522956848145,-0.6548502672715798,0.48416983532156777,9.333717304143562,534.7826086956507
54.43053889274597,-0.6590049518340111,0.48456688095971423,9.325285761863396,534.2995169082111
54.49059462547302,-0.6633225659500246,0.48501258467287484,9.318540528039264,533.9130434782594
54.53057622909546,-0.6673051901422996,0.4854508769834388,9.311795294215132,533.5265700483078
54.59055161476135,-0.671450990147449,0.48593190855140295,9.306736368847034,533.236714975844
54.63060736656189,-0.6752628385321937,0.48639374727801193,9.301677443478933,532.9468599033802
54.69064402580261,-0.6794035594119427,0.48691670009432086,9.296618518110833,532.6570048309164
54.730597734451294,-0.6835406586821421,0.4874675709327144,9.288186975830667,532.1739130434768
54.79068922996521,-0.6878377434203237,0.4880803565458056,9.278069125094468,531.5942028985493
54.83059120178223,-0.6916357451029437,0.4886448619368272,9.276382816638435,531.4975845410613
54.89060425758362,-0.6955973746389529,0.4892439337403795,9.273010199726368,531.3043478260854
54.93053436279297,-0.6995559228340037,0.48986303938068027,9.266264965902236,530.9178743961338
54.99055743217468,-0.7035112883782734,0.4905021630131624,9.262892348990169,530.7246376811579
55.03051495552063,-0.7072992312159418,0.4911306311318717,9.25783342362207,530.4347826086943
55.090534687042236,-0.7112490674317052,0.49180308148322605,9.254460806710004,530.2415458937184
55.13057494163513,-0.7150315767332982,0.49246346508465666,9.249401881341903,529.9516908212545
55.19060683250427,-0.7189744071404365,0.4931758441880407,9.242656647517771,529.5652173913029
55.23051619529724,-0.7229123427249262,0.49391480219686246,9.235911413693639,529.1787439613512
55.29072451591492,-0.7270083997649325,0.49471565535262235,9.227479871413474,528.6956521739116
55.330594301223755,-0.7310989617228918,0.49554411894275274,9.222420946045375,528.4057971014479
55.39070987701416,-0.7348583747393589,0.49632533395111766,9.217362020677275,528.115942028984
55.430583477020264,-0.7389403451939134,0.4971951421254989,9.212303095309174,527.8260869565203
55.49062752723694,-0.7430178631383342,0.4980855894653241,9.207244169941074,527.5362318840564
55.530566453933716,-0.7472513324310931,0.49904380718692554,9.197126319204875,526.9565217391289
55.59055995941162,-0.7513148671868116,0.49999603317961,9.192067393836776,526.6666666666652
55.630561113357544,-0.755050343332091,0.5008846844530156,9.190381085380743,526.5700483091772
55.69060158729553,-0.7589442876220763,0.5018283970538014,9.18363585155661,526.1835748792256
55.730522871017456,-0.7629946070322303,0.5028353537201008,9.178576926188512,525.8937198067619
55.79081177711487,-0.7672006850236235,0.5039074317886403,9.17183169236438,525.5072463768103
55.83091640472412,-0.77139943596852,0.505007856232869,9.165086458540248,525.1207729468586
55.890583515167236,-0.7755906688321206,0.5061365769856683,9.158341224716116,524.734299516907
55.93060517311096,-0.7791322196441458,0.5071095772075442,9.154968607804049,524.541062801931
55.99077081680298,-0.783311817946178,0.5082806457317449,9.148223373979917,524.1545893719793
56.030550718307495,-0.7871643907112501,0.509381135938979,9.14485075706785,523.9613526570035
56.09063935279846,-0.7910132300408637,0.510494613114862,9.141478140155783,523.7681159420276
56.13068151473999,-0.7948582921562649,0.5116210645941095,9.138105523243716,523.5748792270517
56.19061040878296,-0.7982202175944312,0.5126152166747063,9.136419214787683,523.4782608695638
56.23066735267639,-0.8019004850645586,0.5137102575259987,9.13473290633165,523.3816425120758
56.29069900512695,-0.8058967387527872,0.5149140039741323,9.129673980963549,523.0917874396121
56.33065915107727,-0.80988478204054,0.5161446784993765,9.121242438683383,522.6086956521724
56.39092230796814,-0.8133896633077472,0.5172424575703685,9.121242438683383,522.6086956521724
56.43061685562134,-0.8173693147470035,0.5185000041794852,9.116183513315285,522.3188405797088
56.49068236351013,-0.8213425534539979,0.5197776673703602,9.111124587947184,522.0289855072449
56.530632972717285,-0.8249939479398216,0.5209654389925893,9.109438279491151,521.9323671497569
56.59061241149902,-0.8286453424256452,0.5221532106148186,9.111124587947184,522.0289855072449
56.63060522079468,-0.8321389373201777,0.5232863947564411,9.111124587947184,522.0289855072449
56.6905734539032,-0.8361056616091178,0.5245841418302606,9.106065662579084,521.7391304347811
56.730525732040405,-0.8400657699609331,0.5259019395742103,9.101006737210984,521.4492753623173
56.790526151657104,-0.844176122103673,0.527296733006013,9.094261503386852,521.0628019323656
56.83049988746643,-0.8479637314139956,0.5286034125071719,9.090888886474785,520.8695652173898
56.89050507545471,-0.8515882122955963,0.5298709382294303,9.085829961106686,520.579710144926
56.93050718307495,-0.855364669781507,0.5312095062940062,9.08245734419462,520.3864734299501
56.99096870422363,-0.8591343072555456,0.5325671619649024,9.075712110370487,519.9999999999985
57.03050637245178,-0.8633634372037785,0.5341266614664414,9.067280568090322,519.5169082125589
57.090601444244385,-0.8668018351719041,0.5354176808306326,9.063907951178255,519.3236714975831
57.13064384460449,-0.8711667953729682,0.537090276888876,9.053790100442056,518.7439613526554
57.19055962562561,-0.8750526367483253,0.5386131970632901,9.048731175073955,518.4541062801917
57.23060703277588,-0.8787743506851843,0.540097192002157,9.041985941249823,518.06763285024
57.29134941101074,-0.8829456149546466,0.5418054464353861,9.030181782057591,517.3913043478245
57.33067011833191,-0.8866417761978821,0.5433519869846113,9.026809165145524,517.1980676328486
57.39059519767761,-0.8901776510641937,0.5448490080424002,9.021750239777425,516.908212560385
57.43062376976013,-0.8937059073987612,0.5463638975945656,9.016691314409325,516.6183574879211
57.49060249328613,-0.8973808693874672,0.5479601588476062,9.013318697497258,516.4251207729452
57.53055691719055,-0.900896227605339,0.549504742842641,9.008259772129158,516.1352657004815
57.59059739112854,-0.9042549963091373,0.550990671636464,9.008259772129158,516.1352657004815
57.63063168525696,-0.9077624956414799,0.5525530197254933,9.003200846761057,515.8454106280176
57.69062304496765,-0.9109601658173858,0.5539903041292448,9.001514538305024,515.7487922705296
57.73059630393982,-0.9141578359932916,0.5554275885329962,9.003200846761057,515.8454106280176
57.79067826271057,-0.9179587938378198,0.5571514703491878,8.994769304480892,515.362318840578
57.83063507080078,-0.9209937191163831,0.5585433826836639,8.994769304480892,515.362318840578
57.89066004753113,-0.9246328076416133,0.5602198164914626,8.991396687568825,515.1690821256021
57.93053984642029,-0.9282633686825023,0.5619146386457822,8.984651453744693,514.7826086956505
57.99058794975281,-0.9321840024603975,0.5637771837417067,8.97790621992056,514.3961352656988
58.030553102493286,-0.9357943050804334,0.565514742545936,8.974533603008494,514.2028985507229
58.0906126499176,-0.939247127764116,0.567194474260444,8.969474677640395,513.9130434782593
58.13056516647339,-0.9432870485915075,0.5691936287123935,8.961043135360228,513.4299516908195
58.19078993797302,-0.9467198033628794,0.5709140001249959,8.959356826904195,513.3333333333316
58.2305383682251,-0.9502972560714362,0.572718225090025,8.955984209992128,513.1400966183558
58.29053735733032,-0.9538655356011944,0.57454052495665,8.949238976167996,512.753623188404
58.33073425292969,-0.957277744152027,0.5763012963567187,8.947552667711962,512.6570048309161
58.39072251319885,-0.9615650211890119,0.5785503690573256,8.93574850851973,511.98067632850064
58.430625915527344,-0.9653899201664746,0.5806023415880699,8.929003274695598,511.594202898549
58.49066472053528,-0.9690559985544155,0.5825970642017555,8.923944349327499,511.3043478260853
58.53090572357178,-0.972856409809841,0.5846940424430251,8.917199115503365,510.9178743961335
58.590590953826904,-0.9763513454700452,0.5866533332171133,8.910453881679233,510.5314009661819
58.63057804107666,-0.9798329858497614,0.5886361533987543,8.903708647855101,510.1449275362302
58.6909339427948,-0.9833045507807079,0.5906365614912733,8.900336030943034,509.9516908212543
58.730589628219604,-0.9867659514162643,0.5926545062988835,8.893590797118902,509.56521739130267
58.790637731552124,-0.9903591080265223,0.5947777760947961,8.888531871750804,509.275362318839
58.830586433410645,-0.9939414772399255,0.5969191961542275,8.883472946382703,508.98550724637516
58.89095449447632,-0.9975093206885148,0.5990847312332401,8.875041404102538,508.50241545893556
58.93065786361694,-1.000500157195292,0.6009138780291187,8.876727712558571,508.5990338164235
58.99092388153076,-1.0041935174753338,0.6031941265455167,8.866609861822372,508.01932367149595
59.03059768676758,-1.0078675206900136,0.6055054343643174,8.85986462799824,507.6328502415443
59.090678691864014,-1.0112480716287995,0.6076560786763008,8.856492011086173,507.4396135265684
59.13059186935425,-1.0144790486669324,0.6097307522642983,8.851433085718075,507.1497584541047
59.19063377380371,-1.018117551910157,0.6120975512848678,8.84468785189394,506.76328502415294
59.23059797286987,-1.0213238146431012,0.614210218415537,8.83962892652584,506.4734299516891
59.29068851470947,-1.0249341269744572,0.6166198010193886,8.832883692701706,506.08695652173736
59.33065485954285,-1.0281152286526047,0.618770167320967,8.827824767333606,505.79710144927355
59.39057970046997,-1.0315610791694207,0.6211249843558626,8.822765841965506,505.50724637680975
59.43050026893616,-1.0349909676255054,0.6235029907122238,8.81433429968534,505.02415458937014
59.49068880081177,-1.0380004205564053,0.6256083421419439,8.81433429968534,505.02415458937014
59.530439138412476,-1.0408713847034041,0.6276204171598775,8.812647991229307,504.9275362318822
59.59062695503235,-1.0442811012197015,0.6300272578963129,8.807589065861208,504.6376811594185
59.630592346191406,-1.047945977937366,0.6326514258518107,8.79915752358104,504.1545893719788
59.69057631492615,-1.0509195019523405,0.634807224200056,8.795784906668974,503.9613526570029
59.73051571846008,-1.0540224753353014,0.637068869464529,8.79409859821294,503.86473429951496
59.79056119918823,-1.0571178034222162,0.6393409669870912,8.78903967284484,503.57487922705116
59.83067798614502,-1.0604697535910101,0.6418276272208177,8.78398074747674,503.28502415458735
59.890671730041504,-1.0635419348921464,0.6441309259792565,8.77892182210864,502.99516908212354
59.930532932281494,-1.0669994076783829,0.6467551068775863,8.772176588284506,502.6086956521718
59.99061131477356,-1.0700441870721211,0.6490945088441464,8.767117662916405,502.31884057970797
60.030558347702026,-1.0734704434524658,0.6517593185316984,8.760372429092271,501.9323671497562
60.09058380126953,-1.0762287060108355,0.6539233122170498,8.758686120636238,501.83574879226825
60.130552768707275,-1.0793747402954113,0.656404413562555,8.755313503724171,501.64251207729234
60.190571784973145,-1.0826365485420684,0.659008190821484,8.746881961444005,501.1594202898528
60.23056745529175,-1.086135466345591,0.6618498721932305,8.73845041916384,500.6763285024132
60.29045128822327,-1.0892263583365156,0.6643993392565267,8.731705185339708,500.28985507246153
60.3306360244751,-1.0926817472806438,0.6672937936194656,8.723273643059542,499.80676328502193
60.39073061943054,-1.0954832806999022,0.6696688140586844,8.719901026147475,499.613526570046
60.43068504333496,-1.0985307433914746,0.6722700381455069,8.716528409235409,499.42028985507017
60.49061298370361,-1.1016891361735228,0.6749983350660015,8.708096866955243,498.93719806763056
60.5306351184845,-1.1049522387898654,0.6778606077242129,8.701351633131111,498.5507246376789
60.590516328811646,-1.1078238352491456,0.6804096108416542,8.69629270776301,498.2608695652151
60.63061261177063,-1.1108045331052543,0.6830870790295108,8.689547473938877,497.87439613526334
60.690478563308716,-1.1138881732762966,0.6858995890024013,8.681115931658711,497.39130434782373
60.7305383682251,-1.1169479903228248,0.6887379985383653,8.672684389378546,496.90821256038413
60.79070544242859,-1.1197497754820434,0.6913635428703582,8.670998080922512,496.81159420289623
60.83065319061279,-1.1226618014997893,0.6941155421578513,8.66425284709838,496.4251207729446
60.89063382148743,-1.12555519853393,0.6968871209875472,8.657507613274248,496.03864734299293
60.93059301376343,-1.1284298349406676,0.6996781532581332,8.650762379450116,495.6521739130412
60.99056959152222,-1.1315235586788672,0.7027227085436267,8.644017145625984,495.2657004830896
61.030580043792725,-1.134475992928363,0.7056726544845686,8.635585603345818,494.78260869564997
61.09058713912964,-1.1374084620886693,0.7086424480255289,8.63052667797772,494.4927536231863
61.130592584609985,-1.1400924772054652,0.7113882713939353,8.62546775260962,494.20289855072247
61.1905632019043,-1.1427625671204593,0.7141476378001097,8.62040882724152,493.91304347825866
61.23076820373535,-1.1456445418407124,0.717166457232255,8.611977284961352,493.42995169081894
61.290549516677856,-1.1485009611183798,0.7202094685635261,8.603545742681186,492.94685990337933
61.33056402206421,-1.1513367897480444,0.7232716777391461,8.598486817313088,492.65700483091564
61.39068627357483,-1.1540417874504876,0.7262274150475295,8.591741583488954,492.2705314009639
61.4305944442749,-1.1566173137399207,0.7290752471089605,8.586682658120854,491.98067632850007
61.49056053161621,-1.159618138995789,0.7324386719405994,8.578251115840686,491.49758454106035
61.530638694763184,-1.1624831619350335,0.7356993600600499,8.571505882016554,491.1111111111087
61.59060764312744,-1.1650005369779803,0.7385987230954122,8.566446956648456,490.821256038645
61.63056802749634,-1.1676094611781949,0.7416395963456364,8.559701722824322,490.43478260869324
61.690526247024536,-1.1703083480409433,0.7448231570493389,8.554642797456221,490.14492753622943
61.730520248413086,-1.1726715367861467,0.7476346780861571,8.551270180544154,489.9516908212535
61.79059433937073,-1.1751297297939514,0.7505843848943091,8.546211255176054,489.6618357487897
61.83054518699646,-1.177365070973044,0.7532851497534175,8.54452494672002,489.56521739130176
61.890583515167236,-1.179911931031779,0.7563781902393495,8.541152329807954,489.3719806763259
61.93052124977112,-1.1822369771555314,0.75922133499619,8.537779712895887,489.17874396135005
61.99054503440857,-1.1847629161526396,0.7623314841548771,8.53440709598382,488.98550724637414
62.030611753463745,-1.1872783514622918,0.7654501346337459,8.531034479071753,488.7922705313983
62.09054780006409,-1.1897885241912716,0.768573022476285,8.531034479071753,488.7922705313983
62.13059687614441,-1.191777828080337,0.7710436322733649,8.532720787527786,488.8888888888862
62.19075584411621,-1.1939765323787779,0.7737743062596112,8.531034479071753,488.7922705313983
62.23098874092102,-1.1961752366772187,0.7765049802458575,8.532720787527786,488.8888888888862
62.29100036621094,-1.1988831650265046,0.7798972608223809,8.522602936791587,488.3091787439587
62.330968141555786,-1.201361612898297,0.7830453859395263,8.51923031987952,488.1159420289828
62.39097237586975,-1.2036237779099181,0.7859388131541153,8.515857702967454,487.9227053140069
62.43109321594238,-1.206075594449152,0.7891077232608131,8.509112469143322,487.53623188405527
62.490808963775635,-1.208604447843436,0.7924279566204271,8.500680926863156,487.05314009661566
62.53067469596863,-1.2110132924970902,0.7956296535206588,8.497308309951089,486.8599033816398
62.590598821640015,-1.213502778057544,0.7989795058601459,8.488876767670924,486.3768115942002
62.63055396080017,-1.2159696116187184,0.8023460740287026,8.483817842302823,486.0869565217364
62.69050645828247,-1.2185084762133822,0.8058666719927827,8.473699991566624,485.50724637680884
62.73082375526428,-1.2209239339916138,0.8092702895937562,8.468641066198526,485.21739130434514
62.79077434539795,-1.2234150744900074,0.8128248166328976,8.461895832374394,484.8309178743935
62.83081889152527,-1.2257843974733058,0.8162607091883902,8.453464290094228,484.3478260869539
62.890791177749634,-1.2281304908339292,0.8197125050970895,8.448405364726128,484.0579710144901
62.93082094192505,-1.2304532478293062,0.8231800473091619,8.43997382244596,483.57487922705036
62.990755558013916,-1.2324792286636208,0.826243495243258,8.436601205533893,483.3816425120745
63.0308039188385,-1.2345891916696736,0.8294515381405341,8.43491489707786,483.28502415458655
63.090975761413574,-1.2366937419284427,0.8326631345233307,8.433228588621827,483.1884057970986
63.13090801239014,-1.2386990131577817,0.8357401783778627,8.42985597170976,482.99516908212274
63.190892457962036,-1.2409629692208988,0.8392463945714752,8.42479704634166,482.7053140096589
63.230960845947266,-1.2427670332104617,0.8420559398220256,8.42479704634166,482.7053140096589
63.29065752029419,-1.2449205270834685,0.8454346762345497,8.418051812517525,482.31884057970717
63.33110213279724,-1.2470569006972032,0.8488242637299437,8.414679195605459,482.12560386473126
63.3905885219574,-1.2490047529269401,0.8519379726561336,8.411306578693392,481.9323671497554
63.430845737457275,-1.2512032850577282,0.855485578260195,8.406247653325291,481.6425120772916
63.49063730239868,-1.2532093974997514,0.8587595660408132,8.40118872795719,481.35265700482773
63.53056216239929,-1.2551150683692822,0.8618992682755717,8.397816111045124,481.1594202898519
63.5905556678772,-1.2571824185933083,0.8653313898727202,8.394443494133057,480.966183574876
63.630507469177246,-1.2593969175756023,0.8690645437286633,8.384325643396858,480.38647342994847
63.69053912162781,-1.261498943416863,0.8726701693907015,8.37926671802876,480.0966183574848
63.73048758506775,-1.2634964237340252,0.8761434197400058,8.372521484204626,479.710144927533
63.790756940841675,-1.2653909972193929,0.8794831913528887,8.367462558836525,479.4202898550692
63.83056998252869,-1.2673532340664715,0.8829764737866976,8.364089941924458,479.2270531400933
63.89051651954651,-1.2694534158947992,0.8867751156153896,8.35397209118826,478.6473429951658
63.93047904968262,-1.2714388589285988,0.8904462278462553,8.345540548908094,478.1642512077262
63.99050259590149,-1.2733180861088196,0.8939848576391994,8.338795315083962,477.77777777777453
64.0305449962616,-1.2752475869794282,0.8976856785538609,8.330363772803796,477.2946859903349
64.0904483795166,-1.277152081242698,0.9013994301143786,8.325304847435696,477.0048309178711
64.13055872917175,-1.2790314822479365,0.9051259433524584,8.316873305155529,476.5217391304314
64.19053149223328,-1.280808508427447,0.9087169840879177,8.310128071331397,476.13526570047975
64.23055934906006,-1.2827073355829777,0.9126201749477327,8.303382837507264,475.7487922705281
64.2905535697937,-1.2845731857154064,0.9165392369194346,8.293264986771065,475.16908212560054
64.3305184841156,-1.2862710683898229,0.9201683676735284,8.289892369858999,474.9758454106247
64.39056825637817,-1.2879505699142377,0.9238060414131428,8.283147136034867,474.58937198067304
64.43055129051208,-1.2897434070030769,0.9277590375714522,8.276401902210734,474.2028985507214
64.49068546295166,-1.2911833870247482,0.9309554947584535,8.278088210666768,474.2995169082093
64.53051710128784,-1.2926891135429641,0.9343054349427358,8.274715593754701,474.10628019323343
64.59058427810669,-1.2945127534262924,0.9384275601701247,8.266284051474535,473.6231884057938
64.63046383857727,-1.296105915552563,0.942103866746814,8.259538817650403,473.2367149758422
64.6905665397644,-1.2977428287293864,0.9459430807684097,8.254479892282305,472.9468599033785
64.73055028915405,-1.2992987136230596,0.9496353182748591,8.251107275370238,472.75362318840257
64.79054689407349,-1.300963998791939,0.9536437180504598,8.244362041546106,472.3671497584509
64.83054852485657,-1.3024161819981865,0.9571982429207019,8.239303116178007,472.0772946859872
64.8905622959137,-1.3040927343797417,0.9613823498655878,8.23087157389784,471.5942028985475
64.9304850101471,-1.3056765713611322,0.9654236248959593,8.224126340073708,471.20772946859586
64.99048352241516,-1.3071196842465311,0.9691613810151288,8.220753723161641,471.01449275362
65.03049039840698,-1.3086064994378772,0.9730611796815805,8.215694797793542,470.72463768115625
65.09052753448486,-1.3101219660989993,0.9771285872409176,8.205576947057343,470.14492753622875
65.13049268722534,-1.311656477921729,0.9813668477662091,8.197145404777178,469.66183574878914
65.19051265716553,-1.3130962402546937,0.9854616649635086,8.187027554040979,469.0821256038616
65.23054265975952,-1.3145518754357584,0.9897276589899917,8.178596011760813,468.599033816422
65.29052925109863,-1.3159154380613738,0.9938484769210278,8.168478161024614,468.0193236714945
65.33050847053528,-1.3173389146853602,0.9983009110229419,8.158360310288415,467.4396135265669
65.39051628112793,-1.3184804122147584,1.0019670352036067,8.153301384920315,467.1497584541031
65.43046832084656,-1.3197463183204607,1.0061188932438423,8.146556151096181,466.76328502415134
65.49066996574402,-1.3208889696435484,1.0099591723431058,8.13981091727205,466.3768115941997
65.53060483932495,-1.3220121787423982,1.0138051828639774,8.136438300359982,466.18357487922384
65.59065890312195,-1.3230730396218258,1.0174954480728988,8.131379374991884,465.8937198067601
65.63061451911926,-1.324289149243111,1.0218358001557786,8.122947832711716,465.4106280193204
65.69054794311523,-1.3252179221821743,1.0252163713854392,8.121261524255683,465.3140096618325
65.73057055473328,-1.3260164561406151,1.0281133316105393,8.12463414116775,465.5072463768084
65.79056334495544,-1.3271221382109286,1.032137821169659,8.11957521579965,465.2173913043445
65.83052229881287,-1.3280395045177247,1.0355215055624918,8.117888907343616,465.1207729468566
65.89057421684265,-1.3289104692922487,1.0387447976303732,8.117888907343616,465.1207729468566
65.9305305480957,-1.3298221283618172,1.0421300241740505,8.116202598887583,465.02415458936866
65.99058771133423,-1.3308870353478683,1.0461654946748886,8.107771056607417,464.54106280192906
66.03055715560913,-1.3318091741067146,1.049720627822235,8.107771056607417,464.54106280192906
66.09061479568481,-1.3326865358805076,1.0531149049660509,8.106084748151384,464.4444444444411
66.13055610656738,-1.3336349126334464,1.0568356662661296,8.101025822783285,464.1545893719774
66.19056463241577,-1.3346081465399016,1.060722337254227,8.097653205871218,463.96135265700156
66.23057222366333,-1.3355617056979388,1.0646138820038753,8.090907972047086,463.57487922704985
66.29055333137512,-1.3364955657034319,1.0685102009200491,8.087535355135019,463.381642512074
66.33059740066528,-1.3374443651715389,1.0725745371046425,8.079103812854854,462.8985507246344
66.39065766334534,-1.3384647565338428,1.0771362535139186,8.068985962118655,462.3188405797069
66.43055701255798,-1.3392808048572893,1.080888259410966,8.067299653662621,462.22222222221893
66.49057197570801,-1.340115820704695,1.0848069510473382,8.060554419838489,461.8357487922673
66.53072166442871,-1.3410217331855003,1.089222480618235,8.052122877558324,461.3526570048277
66.59060668945312,-1.3418260396639956,1.0933178609596348,8.043691335278158,460.8695652173881
66.63050413131714,-1.3425405706293696,1.0970905163397613,8.038632409910058,460.57971014492426
66.69061732292175,-1.3432964796743667,1.1011951053042945,8.033573484541957,460.28985507246045
66.7305839061737,-1.3439198113898276,1.1046450819105407,8.031887176085924,460.1932367149725
66.7908673286438,-1.3445897605845603,1.108425908697654,8.026828250717823,459.9033816425087
66.83089351654053,-1.3452721997373476,1.1123740313412829,8.023455633805757,459.71014492753284
66.8907425403595,-1.3459346569848114,1.1163255558574254,8.016710399981624,459.32367149758113
66.93072938919067,-1.3465704454073273,1.1202814588754717,8.009965166157492,458.9371980676295
66.99071025848389,-1.347157356944328,1.1240760626710493,8.004906240789392,458.6473429951657
67.03075671195984,-1.3477250644354908,1.1278735870386019,7.999847315421293,458.3574879227019
67.09012389183044,-1.3482940568970379,1.1318396484583348,7.9931020815971605,457.97101449275027
67.13105964660645,-1.3488429781544211,1.1358085376051346,7.989729464685094,457.77777777777436
67.19071435928345,-1.3492341675964248,1.138619505250296,7.994788390053193,458.06763285023817
67.23071670532227,-1.3497232564130957,1.1420910572289582,7.9931020815971605,457.97101449275027
67.29071760177612,-1.350272177670479,1.146059946375758,7.989729464685094,457.77777777777436
67.3307135105133,-1.3508077102887173,1.1500306642480318,7.986356847773027,457.5845410627985
67.3907380104065,-1.3513231485744093,1.154004040517659,7.979611613948895,457.19806763284686
67.4307177066803,-1.3518524927698867,1.158312200006053,7.972866380124763,456.8115942028952
67.49079060554504,-1.3523046881010679,1.1621252043989347,7.971180071668729,456.71497584540725
67.53074669837952,-1.3527904166311124,1.1664384991082986,7.96106222093253,456.1352657004797
67.58996987342834,-1.3532457012791939,1.1709229494317563,7.949258061740298,455.45893719806423
67.63074660301208,-1.3536201387165352,1.1749120837002298,7.945885444828231,455.2657004830884
67.6907114982605,-1.3540039117159355,1.1792356426208017,7.939140211004099,454.87922705313673
67.73076009750366,-1.3543208238279087,1.1830622664370347,7.934081285635999,454.5893719806729
67.79067802429199,-1.354644247235446,1.1872233295645938,7.9290223602679,454.29951690820917
67.83072090148926,-1.3549134203115742,1.1908862324354075,7.925649743355833,454.1062801932333
67.8906819820404,-1.3551851413171094,1.1947163304514938,7.923963434899799,454.00966183574536
67.93072533607483,-1.3554504032126957,1.1985468812270907,7.922277126443766,453.9130434782574
67.98973822593689,-1.3556948632164205,1.2022115163920841,7.918904509531699,453.71980676328155
68.03068614006042,-1.355941319040576,1.2062105981783362,7.912159275707567,453.3333333333299
68.0907130241394,-1.3561548721946752,1.2098771642334212,7.912159275707567,453.3333333333299
68.13078689575195,-1.3563684355988737,1.2137109448466101,7.9071003503394675,453.0434782608661
68.19073581695557,-1.356588777897672,1.2182130585819237,7.898668808059302,452.56038647342655
68.23075580596924,-1.3567607415914875,1.2225502087917661,7.888550957323103,451.980676328499
68.29073190689087,-1.35689021623593,1.2263877495972981,7.8868646488670695,451.88405797101103
68.33071827888489,-1.357009845842363,1.230559648182995,7.878433106586904,451.4009661835714
68.3907585144043,-1.3571004868570464,1.2343983025467187,7.8767467981308705,451.30434782608353
68.43076968193054,-1.357177899119924,1.2380702664527892,7.8733741812188045,451.1111111111077
68.49067306518555,-1.3572491195916276,1.2419093302399755,7.871687872762771,451.0144927536197
68.53074073791504,-1.3573133034027165,1.245915485010424,7.868315255850705,450.8212560386439
68.59085059165955,-1.3573597529618624,1.2495879710926823,7.864942638938639,450.62801932366807
68.63072752952576,-1.3573949425430005,1.253761436169265,7.8598837135705395,450.3381642512043
68.69074702262878,-1.3574104260962938,1.2574341833488984,7.8565110966584735,450.1449275362285
68.73076629638672,-1.3574169010528725,1.2612739022438977,7.85482478820244,450.04830917874057
68.79072380065918,-1.3574169010528725,1.2647797375239906,7.8531384797464066,449.9516908212526
68.8307957649231,-1.357410989135996,1.2682855678194245,7.851452171290373,449.85507246376466
68.89074444770813,-1.3573955055827027,1.271958314999058,7.848079554378307,449.66183574878886
68.93075633049011,-1.3573738286697339,1.2756310308466796,7.848079554378307,449.66183574878886
68.99071598052979,-1.3573414542550866,1.2794706187171356,7.843020629010208,449.3719806763251
69.03080105781555,-1.3573000717783805,1.2829762097517212,7.841334320554174,449.27536231883715
69.09070491790771,-1.357241799378636,1.2868154919040387,7.836275395186075,448.9855072463734
69.13070392608643,-1.3571503127117195,1.2909881025067493,7.827843852905909,448.5024154589338
69.19074535369873,-1.3570647410195418,1.2941588942403668,7.826157544449876,448.40579710144584
69.23073863983154,-1.3569397664202443,1.2981636135758412,7.819412310625743,448.01932367149413
69.2907657623291,-1.3568243662143378,1.3015005094666061,7.819412310625743,448.01932367149413
69.33074045181274,-1.356672381894608,1.3055042947222049,7.81266707680161,447.6328502415424
69.39069962501526,-1.3565144978502595,1.3091736794409918,7.809294459889544,447.43961352656663
69.43081021308899,-1.3563397343354886,1.3130094245878416,7.80760815143351,447.3429951690787
69.4907488822937,-1.356152035340216,1.3168445585105164,7.802549226065411,447.0531400966149
69.53074479103088,-1.355968849289934,1.3203456046230557,7.800862917609377,446.95652173912697
69.59092211723328,-1.3557676632496123,1.3240128700570142,7.797490300697311,446.7632850241511
69.63073635101318,-1.3555859009605293,1.3271796042111148,7.795803992241278,446.6666666666632
69.69073939323425,-1.3553461891690255,1.3311790959117444,7.792431375329212,446.47342995168736
69.73077487945557,-1.3551275900375155,1.334678109405695,7.790745066873178,446.3768115941994
69.79077935218811,-1.354875248606381,1.3385095330209862,7.785686141505079,446.08695652173566
69.83073401451111,-1.354633052962585,1.3420069924247922,7.783999833049045,445.9903381642477
69.89070987701416,-1.3543484160735442,1.3458361522489668,7.77556829076888,445.5072463768081
69.93076944351196,-1.3540812579810955,1.3491643376324705,7.772195673856814,445.3140096618323
69.99071550369263,-1.3537860121091443,1.3526577186432163,7.767136748488714,445.02415458936855
70.03074431419373,-1.3534908021096053,1.3559835331975023,7.763764131576648,444.8309178743927
70.0907039642334,-1.3531351896707695,1.3598067547332,7.758705206208549,444.54106280192894
70.13070797920227,-1.352760240472555,1.3636281283365572,7.753646280840449,444.2512077294652
70.19068932533264,-1.3523861870459208,1.367281810810439,7.750273663928383,444.05797101448934
70.23072457313538,-1.3520461384762534,1.3706033403321496,7.753646280840449,444.2512077294652
70.29077434539795,-1.3516782468141864,1.374257648380318,7.753646280840449,444.2512077294652
70.33079218864441,-1.3513241365323454,1.377745554187452,7.751959972384416,444.15458937197724
70.39067912101746,-1.3509439224048154,1.3813986006973058,7.74858735547235,443.9613526570014
70.43074774742126,-1.350557548657581,1.3850510008551984,7.74858735547235,443.9613526570014
70.49077773094177,-1.3501226144688383,1.3890339931798026,7.741842121648217,443.5748792270497
70.53073310852051,-1.349727358017983,1.392517476113477,7.7401558131921835,443.4782608695618
70.59067916870117,-1.3493537206871793,1.39583539512068,7.7435284301042495,443.6714975845376
70.63082981109619,-1.3490067392746496,1.3989883059395645,7.745214738560283,443.76811594202553
70.69072413444519,-1.3485867091436923,1.402804987457161,7.7435284301042495,443.6714975845376
70.73075652122498,-1.3481818631996263,1.4064553862501015,7.7435284301042495,443.6714975845376
70.79069447517395,-1.3477489632772608,1.4102706294631735,7.73846950473615,443.3816425120738
70.8306794166565,-1.3473031984875223,1.414084390975107,7.736783196280117,443.28502415458587
70.89071750640869,-1.3467811199270079,1.4183934369752533,7.730037962455984,442.89855072463416
70.93074822425842,-1.3463270667287797,1.4220380422047816,7.730037962455984,442.89855072463416
70.99077248573303,-1.3458491622734212,1.4258479097155,7.72835165399995,442.8019323671462
71.03070902824402,-1.3453157373423035,1.4299872945604903,7.723292728631851,442.51207729468246
71.09076857566833,-1.3447613784873915,1.4341239278911178,7.718233803263751,442.2222222222187
71.13071894645691,-1.3442840006450179,1.437597109632224,7.716547494807718,442.12560386473075
71.19074487686157,-1.3436748383544797,1.4418947095157069,7.709802260983585,441.73913043477904
71.23071932792664,-1.343085789250805,1.4458578417062669,7.703057027159452,441.35265700482734
71.2907292842865,-1.342611524072993,1.4489941317556077,7.704743335615485,441.4492753623153
71.3307855129242,-1.342009112218086,1.4529552547735736,7.701370718703419,441.25603864733944
71.39079570770264,-1.3414222006810852,1.4567498585691512,7.699684410247386,441.15942028985154
71.43062925338745,-1.3408224947613323,1.4605424613597806,7.694625484879286,440.86956521738773
71.49073362350464,-1.3402100012802036,1.4643330200063724,7.692939176423253,440.77294685989983
71.53069734573364,-1.339560874753458,1.4682867562594206,7.689566559511187,440.579710144924
71.59073400497437,-1.3388604056374638,1.4724011689841743,7.681135017231021,440.0966183574844
71.63119602203369,-1.338291706343474,1.4756912711871983,7.684507634143087,440.2898550724602
71.6907422542572,-1.337703312286039,1.4791473778759912,7.68619394259912,440.3864734299481
71.73077940940857,-1.337120747124365,1.4826044718642346,7.687880251055153,440.483091787436
71.79072070121765,-1.336451627332747,1.4865548736553005,7.684507634143087,440.2898550724602
71.83077001571655,-1.335832161935794,1.49017503583508,7.684507634143087,440.2898550724602
71.8906946182251,-1.3351749678074318,1.4939581005973228,7.679448708774988,439.9999999999964
71.93072295188904,-1.3345310978474838,1.497574002014757,7.676076091862922,439.8067632850206
71.99068808555603,-1.3337485519533008,1.501843435862262,7.669330858038789,439.4202898550689
72.03070712089539,-1.3330742176154151,1.5054537799991383,7.669330858038789,439.4202898550689
72.09075927734375,-1.332427629357696,1.5088994736355668,7.667644549582755,439.32367149758096
72.1307110786438,-1.3316091137938175,1.513162157734396,7.6608993157586225,438.93719806762925
72.19069004058838,-1.3310030903534125,1.5162756731626796,7.662585624214656,439.0338164251172
72.23092198371887,-1.330263128393197,1.5200434230767677,7.6575266988465565,438.74396135265346
72.29070520401001,-1.3294381140717488,1.5241346821032145,7.652467773478457,438.45410628018965
72.33077764511108,-1.328702996956571,1.5277331421089528,7.652467773478457,438.45410628018965
72.39072227478027,-1.3279249519904968,1.5314932124737788,7.6474088481103575,438.1642512077259
72.43077182769775,-1.3273185285699767,1.5344363885921315,7.65415408193449,438.5507246376776
72.4907021522522,-1.3266915176856762,1.537545745452231,7.655840390390524,438.64734299516556
72.53073620796204,-1.3258596054158258,1.5416356074336854,7.650781465022424,438.3574879227018
72.59074711799622,-1.3251492165337577,1.545068715158092,7.649095156566391,438.26086956521385
72.63072609901428,-1.324364832038475,1.5488274681535994,7.6474088481103575,438.1642512077259
72.690842628479,-1.3236800029736282,1.5520953727643965,7.6474088481103575,438.1642512077259
72.72983431816101,-1.322768244962095,1.5563390905664105,7.6372909973741585,437.5845410627984
72.790780544281,-1.3219725541052358,1.559924643194143,7.6339183804620925,437.39130434782254
72.8307375907898,-1.3210913406462623,1.563833205390925,7.6305457635500265,437.19806763284674
72.89073991775513,-1.3201562539971974,1.5679007183916194,7.625486838181927,436.90821256038294
72.93077611923218,-1.3191241500096567,1.5722884672647024,7.6204279128138275,436.6183574879192
72.99080109596252,-1.3182323494699937,1.5760231928122006,7.618741604357794,436.52173913043123
73.030770778656,-1.317376311131625,1.5795948184853599,7.618741604357794,436.52173913043123
73.09075665473938,-1.3164719198892052,1.583326515096596,7.6136826789896945,436.2318840579675
73.13067936897278,-1.315511799745247,1.5872164463190674,7.6103100620776285,436.0386473429916
73.19074130058289,-1.3145385658387916,1.5911031173071648,7.606937445165563,435.8454106280159
73.23076558113098,-1.3134629417793053,1.5953082898764395,7.60019221134143,435.4589371980642
73.29068398475647,-1.312495754188673,1.5990242058176585,7.598505902885397,435.3623188405762
73.3307249546051,-1.3115223017957014,1.6027384854996818,7.5968195944293635,435.26570048308827
73.39073586463928,-1.3106730985285704,1.6059675790573888,7.5968195944293635,435.26570048308827
73.43079733848572,-1.3096013880118185,1.6100012480597186,7.591760669061264,434.9758454106245
73.49070715904236,-1.3086493071303342,1.613548479879186,7.591760669061264,434.9758454106245
73.53073954582214,-1.3076041494009054,1.6174164303606433,7.588388052149198,434.7826086956487
73.59069156646729,-1.3065394374563173,1.6212790439941105,7.581642818325065,434.396135265697
73.63075089454651,-1.3055992684493463,1.624656463608176,7.5833291267810985,434.4927536231849
73.69091892242432,-1.3044246762958447,1.6288350730332906,7.5765838929569655,434.1062801932332
73.7307779788971,-1.3032715666442931,1.632846230869075,7.571524967588866,433.81642512076945
73.79077053070068,-1.3021483575454433,1.6366922413899463,7.5681523506768,433.6231884057936
73.83072876930237,-1.3009104852787647,1.6408525437474815,7.561407116852667,433.2367149758419
73.89019823074341,-1.2995922556470971,1.6451629786968265,7.552975574572502,432.75362318840234
73.93076539039612,-1.2983447794300607,1.6491457983186528,7.547916649204402,432.46376811593854
73.99067068099976,-1.2972322343807898,1.6526460204686413,7.544544032292336,432.27053140096274
74.03074336051941,-1.2960056777175497,1.656460329627356,7.541171415380269,432.07729468598683
74.09068727493286,-1.294759840526683,1.6602683849447386,7.534426181556136,431.6908212560351
74.13070750236511,-1.2934387042694457,1.6642273807823074,7.529367256188037,431.40096618357137
74.19070744514465,-1.2919254271022034,1.668650100233734,7.519249405451838,430.82125603864387
74.23070073127747,-1.290602791565934,1.672432167240622,7.515876788539772,430.628019323668
74.29066324234009,-1.2892084498320004,1.6763659771217787,7.510817863171672,430.33816425120426
74.33069038391113,-1.2880850196816005,1.6795101934137189,7.510817863171672,430.33816425120426
74.38992023468018,-1.2868434159455964,1.6829667425235488,7.507445246259606,430.1449275362284
74.43063974380493,-1.2854159560825327,1.6868886562644945,7.502386320891507,429.85507246376466
74.4906702041626,-1.2840297343033866,1.690647882885146,7.499013703979441,429.6618357487888
74.53072547912598,-1.2825692577900052,1.6945576216751337,7.493954778611341,429.37198067632505
74.5908453464508,-1.2812753397852714,1.6979949298927588,7.493954778611341,429.37198067632505
74.63076257705688,-1.279851154315025,1.7017399387515912,7.487209544787207,428.9855072463733
74.69068479537964,-1.2784080414296262,1.7054776948707606,7.483836927875142,428.79227053139755
74.73082256317139,-1.2771370490029923,1.7087450270030335,7.482150619419109,428.6956521739096
74.78989362716675,-1.27561085300671,1.712629582940719,7.477091694051009,428.40579710144584
74.8307375907898,-1.2743178507417952,1.7158882676683462,7.475405385594976,428.3091787439579
74.89070725440979,-1.272634245052414,1.7200695414810763,7.46697384331481,427.8260869565183
74.93079137802124,-1.2713138133350634,1.723317208503873,7.468660151770844,427.92270531400624
74.99064946174622,-1.2697353533282727,1.7271808224932663,7.463601226402744,427.6328502415424
75.03074240684509,-1.268331987369422,1.7305749167128583,7.460228609490678,427.43961352656663
75.09065842628479,-1.2669228999188316,1.7339666395999047,7.460228609490678,427.43961352656663
75.13068509101868,-1.2653054299028612,1.7378140854799025,7.451797067210513,426.956521739127
75.1907308101654,-1.26352358969874,1.741954450717574,7.443365524930347,426.4734299516874
75.23077702522278,-1.2618414729217848,1.7457740753327373,7.434933982650182,425.9903381642478
75.29065585136414,-1.2601988621746403,1.7494285555337727,7.428188748826049,425.6038647342961
75.33074903488159,-1.2584653715025214,1.7532251407286223,7.423129823457949,425.31400966183236
75.39074325561523,-1.2567858699781058,1.7568628144682366,7.419757206545883,425.12077294685656
75.43075275421143,-1.2552407060523514,1.7601947478451927,7.419757206545883,425.12077294685656
75.49075961112976,-1.2536165014877951,1.7636740355093778,7.414698281177784,424.83091787439275
75.53077936172485,-1.2519747163255563,1.7671450619568034,7.409639355809684,424.541062801929
75.5907096862793,-1.2503153925833033,1.7706077383546313,7.404580430441585,424.25120772946525
75.63088393211365,-1.248568707221662,1.7742136343395178,7.401207813529519,424.0579710144894
75.6906795501709,-1.2470270697228778,1.7773623221350108,7.396148888161419,423.76811594202564
75.7308361530304,-1.245627452851415,1.780208778764857,7.397835196617453,423.8647342995136
75.79084515571594,-1.2437795385315835,1.7839510056044054,7.392776271249353,423.5748792270498
75.83076071739197,-1.2419064242463174,1.787680682792368,7.384344728969188,423.09178743961024
75.89075517654419,-1.2401600535408017,1.7911002840083863,7.379285803601088,422.80193236714643
75.93074321746826,-1.2383167252660414,1.7946577460922126,7.372540569776955,422.4154589371947
75.9906702041626,-1.2364554237207117,1.7982058374331658,7.369167952864889,422.22222222221893
76.0307502746582,-1.2346630813058557,1.8016015688397382,7.367481644408856,422.125603864731
76.09064102172852,-1.2331824506153224,1.8044067382625593,7.369167952864889,422.22222222221893
76.13077855110168,-1.2313091933255347,1.8079485319793998,7.365795335952823,422.0289855072431
76.19072222709656,-1.2292604465035357,1.8117751597263951,7.35905010212869,421.64251207729137
76.23078513145447,-1.227510533379018,1.8150042641908817,7.355677485216624,421.4492753623156
76.29071760177612,-1.2255896675419526,1.8185204652719333,7.352304868304558,421.2560386473397
76.33080720901489,-1.2238180133267254,1.8217376927938211,7.348932251392492,421.0628019323639
76.3907241821289,-1.22187347376883,1.8252408572938372,7.345559634480426,420.8695652173881
76.43078398704529,-1.2200014707527422,1.8285933321744943,7.343873326024393,420.7729468599001
76.49071860313416,-1.2179482762862348,1.83222698619418,7.335441783744227,420.28985507246057
76.53074765205383,-1.2159566557777834,1.8357035999715081,7.332069166832161,420.0966183574847
76.59071493148804,-1.2142969720207408,1.838600778119282,7.335441783744227,420.28985507246057
76.6307544708252,-1.212219314602221,1.8422205003052163,7.330382858376128,419.99999999999676
76.6909248828888,-1.2102101317246015,1.8456869941780902,7.327010241464062,419.80676328502096
76.7307391166687,-1.208189269140044,1.8491466921447817,7.323637624551996,419.6135265700451
76.7907555103302,-1.2063314664658156,1.8523149536253984,7.323637624551996,419.6135265700451
76.83072543144226,-1.2042989471606904,1.8557678163334543,7.32026500763993,419.4202898550693
76.890784740448,-1.2022489861641257,1.8592103525379053,7.313519773815797,419.0338164251176
76.9307382106781,-1.199913458011408,1.8630655940429481,7.305088231535631,418.550724637678
76.99065494537354,-1.1977209113610252,1.866616902004527,7.296656689255466,418.0676328502384
77.03068828582764,-1.1956872657874307,1.869873858988995,7.294970380799432,417.97101449275044
77.09068489074707,-1.1935508921736957,1.8732634464843887,7.288225146975299,417.58454106279873
77.13076591491699,-1.1914898580413782,1.8765031411340583,7.286538838519266,417.48792270531084
77.19069862365723,-1.1892377399555978,1.8800169728289147,7.281479913151166,417.198067632847
77.23085975646973,-1.187336016862579,1.882962194431549,7.279793604695133,417.10144927535913
77.29074287414551,-1.185247740691453,1.8861843964349596,7.278107296239099,417.0048309178712
77.33072233200073,-1.182960186062356,1.889675262068434,7.269675753958934,416.52173913043157
77.39080166816711,-1.1804579272045104,1.893424432566381,7.261244211678768,416.03864734299196
77.4306890964508,-1.1781176579694745,1.8968801798024528,7.256185286310669,415.7487922705282
77.49069595336914,-1.1757599363885212,1.900324043620722,7.251126360942569,415.45893719806446
77.53065705299377,-1.1732928284952933,1.9038952929956463,7.247753744030503,415.2657004830886
77.59066247940063,-1.1709061539807775,1.907319155407286,7.242694818662404,414.97584541062486
77.630624294281,-1.1687931969954934,1.9103232733084785,7.239322201750338,414.782608695649
77.69052577018738,-1.1664771133358944,1.913592700183044,7.235949584838272,414.5893719806732
77.73064184188843,-1.1640501902184948,1.9169881520284258,7.230890659470173,414.29951690820945
77.79085230827332,-1.1616004193682161,1.9203671565908964,7.222459117190008,413.8164251207699
77.83070635795593,-1.1593257128146268,1.9234605678491574,7.217400191821908,413.5265700483061
77.89071416854858,-1.156836227254173,1.9268104201886445,7.212341266453809,413.23671497584235
77.93068981170654,-1.1541232410176225,1.9304100430153623,7.203909724173643,412.75362318840274
77.99058723449707,-1.15189538728943,1.933329970985656,7.200537107261577,412.56038647342695
78.03065919876099,-1.1492450455522905,1.9367674311135854,7.193791873437444,412.17391304347524
78.09057331085205,-1.1471974148768118,1.9394047403503203,7.193791873437444,412.17391304347524
78.13066267967224,-1.1449450211337853,1.9423057805107284,7.193791873437444,412.17391304347524
78.19090843200684,-1.1423771522673942,1.9455959322605867,7.188732948069345,411.88405797101143
78.2306740283966,-1.13978714914288,1.9488686884181825,7.180301405789179,411.4009661835719
78.29060101509094,-1.1373891447256264,1.9518675311837355,7.178615097333146,411.3043478260839
78.33066582679749,-1.1354081845548518,1.9543448360770186,7.180301405789179,411.4009661835719
78.39060425758362,-1.133223322608746,1.957086598154151,7.181987714245213,411.4975845410598
78.4306812286377,-1.1310430872234996,1.9598320406824268,7.183674022701246,411.59420289854774
78.49068427085876,-1.1287566068562422,1.9627062917354965,7.18030140578918,411.4009661835719
78.53058457374573,-1.1262464341272622,1.9658291795780354,7.173556171965047,411.0144927536202
78.59059715270996,-1.123828256519952,1.9688117791450546,7.171869863509014,410.9178743961323
78.63061141967773,-1.1211834354897894,1.972040396615503,7.163438321228848,410.4347826086927
78.69051837921143,-1.1191651073980131,1.9744873527749849,7.165124629684882,410.5314009661806
78.73059964179993,-1.1164985689202673,1.9776980569966125,7.156693087404716,410.048309178741
78.79063963890076,-1.1142495934357697,1.9803874789198654,7.15837939586075,410.144927536229
78.83078265190125,-1.1116715693500936,1.9834545927782123,7.151634162036617,409.75845410627727
78.8905770778656,-1.1091836579809367,1.9863792773999962,7.146575236668517,409.46859903381346
78.93068075180054,-1.1065696096422917,1.9894157468777973,7.139830002844384,409.08212560386175
78.99061369895935,-1.103930052403188,1.9924300682256118,7.129712152108185,408.50241545893425
79.03066372871399,-1.1013834713902104,1.9953038128666716,7.128025843652152,408.4057971014463
79.09053015708923,-1.0990539108856145,1.9979237420387235,7.126339535196118,408.30917874395834
79.13062381744385,-1.0964928244618874,2.0007845669980453,7.121280609828019,408.0193236714946
79.19057297706604,-1.0938078252835304,2.003758482769989,7.117907992915953,407.82608695651874
79.2306399345398,-1.091451876417495,2.006354708097608,7.116221684459919,407.72946859903084
79.29064178466797,-1.0890959275514596,2.0089509334252273,7.117907992915953,407.82608695651874
79.33063626289368,-1.0862860185622285,2.01203694387957,7.112849067547853,407.536231884055
79.3905930519104,-1.0838018719349178,2.0147421845564693,7.109476450635787,407.3429951690792
79.43063640594482,-1.0815394128773055,2.0171976825519797,7.109476450635787,407.3429951690792
79.49105715751648,-1.0788194969982507,2.0201396977146286,7.106103833723721,407.14975845410333
79.53029990196228,-1.0760847325524971,2.023067915437517,7.099358599899588,406.7632850241516
79.59075570106506,-1.0731007411567866,2.026220095445868,7.092613366075455,406.3768115941999
79.63078904151917,-1.0703316028919145,2.029115828319669,7.089240749163389,406.1835748792241
79.69063401222229,-1.0675527141967227,2.0320022054998255,7.085868132251323,405.99033816424827
79.73068189620972,-1.0646453889148624,2.0349966184235107,7.080809206883224,405.7004830917845
79.790687084198,-1.0613694473730995,2.0383310842196876,7.074063973059091,405.3140096618328
79.83079290390015,-1.0584269789335947,2.0412909707943037,7.069005047690991,405.024154589369
79.89071488380432,-1.0553435408894076,2.0443459426898194,7.058887196954792,404.4444444444415
79.93066358566284,-1.0521122235105338,2.0474885796098796,7.050455654674627,403.9613526570019
79.99075269699097,-1.0487311457465311,2.050716391296563,7.040337803938428,403.3816425120744
80.03073740005493,-1.045933792046451,2.053346656567277,7.035278878570328,403.0917874396106
80.0906867980957,-1.0425041177697567,2.0565227846325014,7.025161027834129,402.5120772946831
80.13077712059021,-1.0391686689424844,2.0595546751211224,7.016729485553964,402.0289855072435
80.19071650505066,-1.0361879710863764,2.0622321433089787,7.013356868641898,401.8357487922676
80.2307481765747,-1.033447402705041,2.064677260184131,7.009984251729832,401.6425120772918
80.29075503349304,-1.0305758062457606,2.0672262633015723,7.008297943273798,401.54589371980387
80.33078861236572,-1.0278270070238777,2.069662123400942,7.008297943273798,401.54589371980387
80.39073467254639,-1.0249468301014075,2.072201427245099,7.003239017905699,401.2560386473401
80.42996048927307,-1.0218022799268436,2.074945667258604,6.998180092537599,400.96618357487637
80.49068999290466,-1.0188965585673588,2.077455700425459,6.9931211671695,400.67632850241256
80.53071522712708,-1.0157198347744785,2.0801626313436437,6.984689624889334,400.19323671497295
80.59067845344543,-1.012524924505367,2.082848073099556,6.979630699521235,399.9033816425092
80.6307020187378,-1.0094469695751214,2.085413144064222,6.976258082609169,399.7101449275334
80.69038128852844,-1.006617596865579,2.0877549300613674,6.972885465697103,399.51690821255755
80.73071622848511,-1.003386750550988,2.090397027929268,6.964453923416937,399.03381642511795
80.79068565368652,-1.0001337423816763,2.0930117911886224,6.956022381136772,398.55072463767834
80.83071851730347,-0.9969960937779329,2.0955034887717607,6.952649764224706,398.35748792270255
80.89082431793213,-0.9942451452144038,2.097676772695219,6.950963455768672,398.2608695652146
80.93080353736877,-0.9912241909838083,2.10004686101727,6.945904530400573,397.97101449275084
80.99069571495056,-0.9877934457859954,2.1027058891935795,6.93915929657644,397.58454106279913
81.03073644638062,-0.9844753458197522,2.105237541157435,6.930727754296274,397.1014492753595
81.09073424339294,-0.9812756810848917,2.107649084478813,6.927355137384208,396.90821256038373
81.13075518608093,-0.9781996200815051,2.10994719931953,6.922296212016109,396.6183574879199
81.1899425983429,-0.9749757199024628,2.1123262460281853,6.915550978191976,396.2318840579682
81.23076176643372,-0.9717398256091195,2.1146889528929274,6.91217836127991,396.0386473429924
81.29067897796631,-0.9689031978344534,2.1167491528538873,6.9104920528238765,395.94202898550446
81.33073782920837,-0.9653804604676222,2.1192850481393934,6.9037468189997435,395.55555555555276
81.39072966575623,-0.9623888656577233,2.1214156987628683,6.9003742020876775,395.3623188405769
81.43071866035461,-0.9591174871297915,2.123729024968439,6.8970015851756115,395.1690821256011
81.49071168899536,-0.9561115887480214,2.125839448268253,6.893628968263545,394.97584541062525
81.53076982498169,-0.9535140497578795,2.127659897094002,6.895315276719579,395.0724637681132
81.59014916419983,-0.9502271418427057,2.1299511046279376,6.888570042895446,394.6859903381615
81.63075017929077,-0.9466496634418273,2.1324091712962714,6.881824809071313,394.2995169082098
81.69072246551514,-0.9434721924657862,2.1345648988565378,6.8767658837032135,394.00966183574604
81.73072290420532,-0.9401471168827914,2.1368003558509274,6.8733932667911475,393.8164251207702
81.79079866409302,-0.9370922372177981,2.1388392334388016,6.8700206498790815,393.6231884057944
81.83075046539307,-0.9334697812386445,2.141230520986091,6.8632754160549485,393.2367149758427
81.89082312583923,-0.9294047861818872,2.1438601383713793,6.851471256862716,392.56038647342723
81.93093848228455,-0.9260206134016583,2.1460050789766054,6.844726023038583,392.1739130434755
81.99071073532104,-0.9229118414507752,2.1479608009771294,6.844726023038583,392.1739130434755
82.030930519104,-0.919516860927401,2.150088593930474,6.841353406126517,391.98067632849967
82.0901312828064,-0.9156834462393512,2.152459777315154,6.832921863846352,391.49758454106006
82.1306791305542,-0.9121192596219697,2.1546313257968963,6.827862938478252,391.2077294685963
82.1908118724823,-0.9088301430913694,2.1566125364282542,6.822804013110153,390.91787439613256
82.23075795173645,-0.905534363415038,2.1585826428829313,6.821117704654119,390.8212560386446
82.29073739051819,-0.9019447923997083,2.1607119688274445,6.81605877928602,390.53140096618085
82.3306930065155,-0.8983444952626441,2.162823108229977,6.81099985391792,390.24154589371705
82.39087343215942,-0.8945836332541187,2.1649902169968724,6.800882003181721,389.66183574878954
82.43099975585938,-0.8908046330736453,2.16712553924204,6.794136769357588,389.27536231883784
82.49073219299316,-0.8870113157230467,2.1692353228642087,6.787391535533455,388.88888888888613
82.53074312210083,-0.8833519856075407,2.1712423983879066,6.782332610165356,388.5990338164224
82.59075593948364,-0.8793853778502632,2.17338333316371,6.77390106788519,388.1159420289828
82.63069653511047,-0.8754008599188177,2.175490747614721,6.765469525605024,387.6328502415431
82.69103288650513,-0.87199460917027,2.177263017051262,6.760410600236924,387.34299516907936
82.73077964782715,-0.8681323075473318,2.179243691085063,6.7536653664127915,386.95652173912765
82.79070711135864,-0.8645579024036343,2.1810539461707075,6.750292749500725,386.7632850241518
82.83072543144226,-0.8608266472173602,2.1829239150974487,6.745233824132626,386.47342995168805
82.89072966575623,-0.8569314960396757,2.184839180289976,6.735115973396427,385.8937198067605
82.93082451820374,-0.8533241286115479,2.186582824704665,6.73174335648436,385.70048309178463
82.99071550369263,-0.8497079864151675,2.1883081974823426,6.724998122660227,385.3140096618329
83.03076839447021,-0.8459306297051915,2.1900831975774624,6.719939197292128,385.0241545893692
83.09072184562683,-0.8421413862264263,2.191832678332062,6.711507655011962,384.54106280192957
83.13074254989624,-0.8380332180362325,2.193687545695357,6.703076112731797,384.05797101448997
83.1907217502594,-0.8346769598410935,2.1951791362938424,6.69970349581973,383.8647342995141
83.23076939582825,-0.8308559182999283,2.1968580319406197,6.69464457045163,383.5748792270503
83.29074001312256,-0.826717056899892,2.1986433624774193,6.686213028171464,383.0917874396107
83.33083009719849,-0.8228709761640074,2.200264075908329,6.677781485891298,382.6086956521711
83.39073181152344,-0.8193250840548221,2.2017372127884918,6.676095177435265,382.51207729468314
83.43069767951965,-0.8154628023238386,2.2033189298562963,6.667663635155099,382.02898550724353
83.49071884155273,-0.8111208027308364,2.2050502572849746,6.6575457844189,381.44927536231603
83.53094744682312,-0.8072298472386978,2.2065600633686393,6.649114242138735,380.9661835748764
83.59072852134705,-0.8030140164461005,2.208155165102865,6.640682699858568,380.48309178743676
83.63073301315308,-0.7997288026481745,2.2093791958676174,6.638996391402536,380.38647342994886
83.69072556495667,-0.7958129415849956,2.210823176887561,6.633937466034436,380.0966183574851
83.73077535629272,-0.7922036749426805,2.212133397259235,6.628878540666337,379.80676328502136
83.79071712493896,-0.7884317534032264,2.213484694231256,6.62550592375427,379.61352657004545
83.8307671546936,-0.7848137311923791,2.2147705396338964,6.6238196152982365,379.51690821255755
83.89066863059998,-0.7804000202028738,2.2163098935347403,6.6137017645620375,378.93719806763
83.9308397769928,-0.7767649810842312,2.217546814600781,6.608642839193938,378.64734299516624
83.99070858955383,-0.7728071005753943,2.2188712884320982,6.6035839138258385,378.3574879227025
84.03077411651611,-0.7685230383433389,2.2202728552718227,6.595152371545673,377.8743961352629
84.09069490432739,-0.7643875222374041,2.2215911685852205,6.58840713772154,377.4879227053112
84.13073468208313,-0.7604015599157972,2.222828566428601,6.579975595441374,377.0048309178715
84.1907250881195,-0.7562465130988835,2.224083966525774,6.573230361617242,376.61835748791987
84.23077511787415,-0.7520830929021585,2.2253113115140426,6.566485127793109,376.23188405796816
84.29076361656189,-0.7483937234741884,2.226375283478727,6.561426202425009,375.9420289855044
84.33075141906738,-0.7448621984395389,2.2273840661686917,6.561426202425009,375.9420289855044
84.39080929756165,-0.7408443047615441,2.2285134817009045,6.552994660144843,375.45893719806475
84.43071269989014,-0.7368170312985697,2.229608980448736,6.544563117864676,374.9758454106251
84.49074530601501,-0.7329429796177651,2.230631291155345,6.537817884040543,374.5893719806734
84.53073215484619,-0.7292246291017821,2.2315890763911703,6.532758958672444,374.2995169082096
84.59069108963013,-0.7250149593297073,2.232646962899641,6.526013724848311,373.9130434782579
84.63069486618042,-0.7206333784035366,2.233704945603544,6.514209565656079,373.23671497584246
84.6906852722168,-0.7172200092087331,2.2345048154373988,6.512523257200046,373.14009661835456
84.73073291778564,-0.7134800852625658,2.235374557924897,6.5108369487440125,373.0434782608666
84.7908365726471,-0.7097386999804723,2.236237992513394,6.509150640287979,372.94685990337865
84.83079957962036,-0.7058323792817126,2.23712908970497,6.505778023375912,372.7536231884028
84.8907675743103,-0.7017594182020022,2.2380401534213124,6.500719098007813,372.46376811593905
84.93077206611633,-0.6981718643765876,2.2388267722207837,6.497346481095747,372.2705314009632
84.99072098731995,-0.6935992377043206,2.239797102291943,6.487228630359548,371.6908212560357
85.03077363967896,-0.6896729702021244,2.2405957380709998,6.480483396535415,371.304347826084
85.09078407287598,-0.6852492285989177,2.2414606594792206,6.472051854255249,370.8212560386444
85.1306688785553,-0.6816417593756429,2.2421502081642686,6.472051854255249,370.8212560386444
85.19073724746704,-0.6775390955837381,2.2429164971845927,6.463620311975083,370.3381642512047
85.2306911945343,-0.6735962651765998,2.243628876287977,6.460247695063016,370.14492753622886
85.29073977470398,-0.6691559281703818,2.244404109211395,6.45181615278285,369.66183574878926
85.33074069023132,-0.6650397567994001,2.24509416884417,6.446757227414751,369.3719806763255
85.39073896408081,-0.660753615979903,2.245779326001445,6.436639376678552,368.79227053139795
85.43074440956116,-0.6566274461695215,2.246406838350307,6.431580451310452,368.5024154589342
85.49071288108826,-0.6523314008860828,2.2470268692990247,6.421462600574253,367.92270531400663
85.5307047367096,-0.6480302805513956,2.247610656350325,6.4147173667501205,367.5362318840549
85.59072995185852,-0.643724390934187,2.248158158002504,6.4045995160139215,366.9565217391274
85.63069939613342,-0.6394140381422339,2.248669335333404,6.3978542821897895,366.5700483091758
85.69069457054138,-0.6357653785208063,2.249089566880164,6.3978542821897895,366.5700483091758
85.73070454597473,-0.6316171980742831,2.2495496190893296,6.389422739909623,366.0869565217361
85.79063320159912,-0.6269666569981046,2.2500217661317845,6.379304889173424,365.50724637680855
85.830735206604,-0.6229772084391155,2.2503928399810045,6.372559655349292,365.1207729468569
85.8906421661377,-0.6188193238885324,2.250754841522574,6.3675007299811925,364.83091787439315
85.93073105812073,-0.6148263251237677,2.2510855324220245,6.3641281130691265,364.6376811594173
85.9907169342041,-0.6103320840319543,2.251431040487048,6.35569657078896,364.1545893719777
86.03070330619812,-0.6060018961986707,2.2517309017603195,6.348951336964827,363.768115942026
86.09067177772522,-0.6016697842537796,2.2520015483040936,6.342206103140695,363.38164251207434
86.13074374198914,-0.5971690494030125,2.2522484584444884,6.333774560860529,362.8985507246347
86.1906361579895,-0.592832989671791,2.2524460172003167,6.32365671012433,362.3188405797071
86.23103404045105,-0.5889960288018422,2.2525916688400573,6.31859778475623,362.02898550724336
86.29080319404602,-0.5844907195494332,2.252732265264267,6.310166242476064,361.5458937198037
86.33014702796936,-0.5806521429745225,2.2528261428240053,6.305107317107964,361.25603864733995
86.3906626701355,-0.5761453470286513,2.252905949569462,6.296675774827799,360.77294685990034
86.43068337440491,-0.5719719843139925,2.252951695650943,6.291616849459699,360.4830917874366
86.49068403244019,-0.5679654065701818,2.2529787213645345,6.288244232547633,360.28985507246074
86.5306441783905,-0.5639587433754002,2.2529854778409644,6.281498998723501,359.9033816425091
86.5910255908966,-0.5599520972708609,2.252971964907317,6.278126381811434,359.71014492753324
86.6306881904602,-0.5557786633479961,2.252933256464379,6.269694839531269,359.22705314009363
86.69071769714355,-0.551939431692983,2.252871746978752,6.264635914163169,358.9371980676299
86.73096752166748,-0.5479335831060848,2.2527906747563864,6.261263297251103,358.743961352654
86.79068088531494,-0.5440950065311739,2.2526967971966485,6.256204371883004,358.4541062801903
86.83102321624756,-0.5397564479726097,2.2525650660741436,6.249459138058872,358.0676328502386
86.8906180858612,-0.5355855772900395,2.252413782230495,6.244400212690772,357.7777777777749
86.93063497543335,-0.5310825746521313,2.2522124217146695,6.232596053498541,357.1014492753594
86.9907374382019,-0.5265818398013639,2.2519655115742747,6.224164511218374,356.6183574879198
87.03070664405823,-0.5229158256501083,2.251742684671226,6.220791894306307,356.4251207729439
87.09070110321045,-0.5195830855126036,2.2515401147593637,6.224164511218374,356.6183574879198
87.13066363334656,-0.5155842129480886,2.251290287180495,6.217419277394242,356.2318840579681
87.19065427780151,-0.5117530034574137,2.2510347153584194,6.215732968938209,356.1352657004802
87.22981214523315,-0.5079226777000657,2.2507662238124215,6.210674043570109,355.8454106280164
87.29062676429749,-0.503761343355794,2.2504463089374,6.202242501289944,355.36231884057685
87.3307728767395,-0.49960285427099393,2.2500913193830847,6.193810959009777,354.8792270531372
87.3906888961792,-0.49528095166542263,2.2496893227130963,6.187065725185645,354.49275362318554
87.4307119846344,-0.4914598955603544,2.24931115164123,6.182006799817546,354.2028985507218
87.49056077003479,-0.48730870634461165,2.2488790901326734,6.176947874449446,353.913043478258
87.53067064285278,-0.4836572951880057,2.248483479021428,6.1735752575373795,353.7198067632821
87.59102153778076,-0.4796761718352346,2.2480317573633077,6.1668300237132465,353.3333333333304
87.63075733184814,-0.4761943861628112,2.2476218189015214,6.165143715257214,353.2367149758425
87.69102168083191,-0.4720519251162788,2.2471128340981776,6.156712172977048,352.7536231884029
87.73069667816162,-0.46873970233381057,2.246691678981117,6.156712172977048,352.7536231884029
87.79083156585693,-0.4647658928826197,2.2461795910472437,6.1533395560649815,352.56038647342706
87.8307204246521,-0.46079383310469624,2.245654103914198,6.149966939152915,352.36714975845115
87.8907265663147,-0.4566595735767798,2.2450823109377573,6.141535396872749,351.88405797101154
87.93069648742676,-0.45236457996447066,2.244455036416555,6.134790163048616,351.49758454105984
87.9897928237915,-0.44856753561167995,2.2438841272288395,6.133103854592583,351.40096618357194
88.03084206581116,-0.4442779834949402,2.243220662013099,6.126358620768451,351.0144927536203
88.09069490432739,-0.44015725118447524,2.242558382406312,6.121299695400351,350.7246376811565
88.1307168006897,-0.43620406365051123,2.2419059225012576,6.117927078488284,350.5314009661806
88.19067907333374,-0.43192507441676753,2.2411774346206235,6.111181844664152,350.144927536229
88.23065853118896,-0.42765109630959575,2.2404201007483175,6.10443661084002,349.7584541062773
88.2906858921051,-0.42370947279878035,2.239701073832702,6.101063993927953,349.5652173913014
88.330646276474,-0.4197702967027689,2.2389687574454715,6.097691377015887,349.3719806763256
88.39017939567566,-0.4156702406382189,2.2381886360961794,6.092632451647788,349.0821256038618
88.4306263923645,-0.41157418359821263,2.2373877829404196,6.087573526279688,348.79227053139806
88.49078273773193,-0.4069935381789834,2.236456041198187,6.077455675543489,348.21256038647056
88.530757188797,-0.4035610306422094,2.23574275792968,6.079141983999522,348.3091787439584
88.59070682525635,-0.3994761498787128,2.2348867215986212,6.074083058631422,348.01932367149465
88.63074970245361,-0.3953956519921611,2.2340100312029163,6.069024133263323,347.7294685990309
88.6907913684845,-0.3918067767862897,2.2332294632413587,6.069024133263323,347.7294685990309
88.73068857192993,-0.3875700998752343,2.2322855288124637,6.058906282527124,347.14975845410333
88.79072213172913,-0.38382726389635113,2.2314284045782617,6.05721997407109,347.05314009661544
88.83072018623352,-0.3797637291406327,2.2304761785855773,6.048788431790925,346.57004830917583
88.88993978500366,-0.3758681989973419,2.22953903371465,6.045415814878859,346.3768115942
88.9307451248169,-0.37213880194559534,2.2286252061881977,6.040356889510759,346.0869565217362
88.99075078964233,-0.36809018633299384,2.2276114208689735,6.03529796414266,345.7971014492725
89.03074169158936,-0.364048500989534,2.2265703499604674,6.026866421862493,345.3140096618328
89.09074091911316,-0.35969311592202435,2.2254092299287507,6.018434879582327,344.83091787439315
89.13078427314758,-0.3564705593574219,2.224535547731802,6.018434879582327,344.83091787439315
89.19069695472717,-0.35292574713635916,2.223574497315158,6.018434879582327,344.83091787439315
89.230712890625,-0.3492223603784802,2.222560391975834,6.0133759542142275,344.5410628019294
89.2906322479248,-0.3453642696381428,2.221479405645803,6.0066307203900955,344.15458937197775
89.33074474334717,-0.3415116968730708,2.220378915438569,6.003258103478029,343.9613526570019
89.39078521728516,-0.337824126874782,2.2193087235747435,5.998199178109929,343.6714975845381
89.43070769309998,-0.3341401871890255,2.218226101060021,5.9965128696538965,343.5748792270502
89.4906895160675,-0.33045807837579544,2.2171372678288916,5.994826561197863,343.4782608695623
89.53074741363525,-0.3269387069313432,2.2160868697034637,5.991453944285796,343.2850241545864
89.59089016914368,-0.3232640262614662,2.2149732247456306,5.986395018917697,342.99516908212263
89.63067722320557,-0.31943650220846265,2.2137885495875924,5.979649785093564,342.6086956521709
89.69061398506165,-0.315773277128381,2.212637782395525,5.97796347663753,342.51207729468297
89.73075461387634,-0.31179575195793974,2.211373526657717,5.972904551269431,342.2222222222192
89.79063010215759,-0.3076692221949967,2.2100273485230444,5.962786700533232,341.64251207729166
89.83070588111877,-0.3041833503103062,2.208870625224476,5.962786700533232,341.64251207729166
89.8906683921814,-0.30038271430623975,2.2076023344175284,5.959414083621165,341.4492753623158
89.9307234287262,-0.2965885430975569,2.2063148327881716,5.952668849797033,341.06280193236415
89.99076461791992,-0.29280093378723426,2.205008153287013,5.949296232884966,340.86956521738824
90.03080010414124,-0.2890199833103114,2.2036823293554706,5.942550999060833,340.48309178743654
90.09081649780273,-0.2852480617708574,2.202331032383449,5.9358057652367,340.09661835748483
90.1308228969574,-0.28148302457954966,2.200960670914908,5.932433148324634,339.90338164250903
90.19073677062988,-0.2774143406940196,2.1994486342439394,5.922315297588435,339.3236714975815
90.23079109191895,-0.2735132897994026,2.197965107712433,5.9172563722203355,339.0338164251177
90.29070973396301,-0.26977675177542204,2.1965188438354937,5.910511138396203,338.647342995166
90.33083152770996,-0.265588417443702,2.194852880348476,5.89870697920397,337.97101449275056
90.3907413482666,-0.2617261357127182,2.193271163280671,5.890275436923805,337.48792270531095
90.43074941635132,-0.2581827328071461,2.1917920490300262,5.885216511555705,337.1980676328472
90.49103045463562,-0.2544944426610757,2.1902268297467336,5.878471277731572,336.8115942028955
90.53073239326477,-0.25096618632650813,2.188711940194568,5.876784969275539,336.71497584540754
90.5906617641449,-0.24744305919051401,2.1871851598235583,5.871726043907439,336.4251207729438
90.63069796562195,-0.24392510132702372,2.18564650600012,5.870039735451407,336.3285024154559
90.69064545631409,-0.24026099001378898,2.1840254927704947,5.863294501627275,335.94202898550424
90.73073267936707,-0.2369072518712847,2.1825282446088865,5.863294501627275,335.94202898550424
90.79080414772034,-0.23310050166187324,2.1808171917472774,5.858235576259175,335.6521739130405
90.83076000213623,-0.2297569390259293,2.179297356070158,5.854862959347109,335.45893719806463
90.89072394371033,-0.2265665808520011,2.1778439133526093,5.8565492678031426,335.5555555555526
90.93076610565186,-0.22292185906494544,2.176179762307375,5.853176650891076,335.3623188405767
90.99073529243469,-0.21928277053971523,2.1745033284995765,5.849804033979009,335.1690821256008
91.03078150749207,-0.21505045633784547,2.172518896180858,5.83968618324281,334.58937198067326
91.09081506729126,-0.21128515825885974,2.1707184575041842,5.83462725787471,334.2995169082095
91.13077807426453,-0.20752901660793632,2.168898993585808,5.829568332506611,334.00966183574576
91.19074749946594,-0.20393051627023018,2.1671371221586258,5.826195715594544,333.81642512076985
91.23072171211243,-0.2003409751181816,2.165357068809947,5.819450481770411,333.42995169081814
91.29065608978271,-0.19661604782942377,2.1634745264477293,5.8110189394902445,332.94685990337854
91.33073997497559,-0.19320383927859108,2.1617137550476606,5.802587397210079,332.46376811593893
91.39074611663818,-0.18980358507684458,2.1599300077333865,5.7975284718419795,332.1739130434752
91.43071961402893,-0.1861241353201183,2.1579600588660797,5.785724312649747,331.49758454105967
91.49073505401611,-0.18260955507487608,2.1560362290123383,5.778979078825615,331.111111111108
91.53073358535767,-0.1786758953726062,2.1538353427905905,5.7671749196333835,330.4347826086926
91.59073996543884,-0.17548746123671954,2.152012378351267,5.760429685809251,330.04830917874096
91.63071918487549,-0.17230829010281634,2.150173307257675,5.7570570688971845,329.85507246376505
91.69065713882446,-0.16856213119466312,2.147980880089081,5.750311835073052,329.4685990338134
91.73105573654175,-0.16497615598169313,2.1458455040509934,5.741880292792887,328.9855072463738
91.79065370559692,-0.16168703945109253,2.143864293419635,5.7401939843368535,328.8888888888859
91.83075141906738,-0.15840462347839057,2.141872001146943,5.735135058968754,328.5990338164221
91.89077973365784,-0.15512894539953914,2.1398686498943142,5.733448750512721,328.50241545893425
91.93069386482239,-0.15214119764943357,2.1380344622286476,5.731762442056688,328.4057971014463
91.99071335792542,-0.14859173960494276,2.1358389220576477,5.7267035166885885,328.11594202898254
92.03071141242981,-0.14519317579506297,2.1337168571112883,5.723330899776522,327.9227053140067
92.09062218666077,-0.14194482111197737,2.131669499064792,5.718271974408423,327.63285024154294
92.13075304031372,-0.1382864916706652,2.12933346200311,5.71152674058429,327.24637681159123
92.1907320022583,-0.13492052412479716,2.127160064182517,5.708154123672223,327.0531400966153
92.23074460029602,-0.13142388338101096,2.1248813468764505,5.703095198304124,326.76328502415157
92.29067182540894,-0.12821406260002943,2.122774089495005,5.701408889848091,326.6666666666637
92.33072972297668,-0.1251489075407457,2.1207506923396067,5.698036272936024,326.4734299516878
92.39072155952454,-0.12167550110077108,2.1184367137842135,5.692977347567925,326.183574879224
92.43072438240051,-0.11807742481474948,2.1160088977914553,5.686232113743793,325.79710144927236
92.49101257324219,-0.1150433302209537,2.1139392162744515,5.682859496831726,325.6038647342965
92.53065919876099,-0.11187680552322143,2.111767441779637,5.681173188375693,325.5072463768086
92.5906457901001,-0.10857834866994853,2.1094928917156706,5.677800571463626,325.31400966183276
92.6306586265564,-0.10555828347869245,2.1074027917595703,5.677800571463626,325.31400966183276
92.69063806533813,-0.10267717717558122,2.1054052664202274,5.676114263007593,325.2173913043448
92.73067164421082,-0.09912055098451777,2.1029171238214666,5.669369029183461,324.83091787439315
92.79063701629639,-0.0957148979901784,2.1005045366760515,5.664310103815361,324.5410628019294
92.83066296577454,-0.09218788933240063,2.0979745854151206,5.657564869991229,324.1545893719777
92.89111471176147,-0.08881509217700845,2.095516275345041,5.649133327711064,323.67149758453814
92.93070840835571,-0.08519498599471087,2.092830682292617,5.640701785430897,323.1884057970985
92.99073553085327,-0.08186412110427488,2.090315848673123,5.632270243150732,322.7053140096589
93.03072261810303,-0.07855029499985622,2.087778604971436,5.627211317782632,322.4154589371951
93.0906343460083,-0.0752536584539375,2.085219066627088,5.618779775502466,321.93236714975546
93.13037610054016,-0.07223270422334205,2.0828489783050363,5.617093467046432,321.8357487922675
93.1906623840332,-0.06909085831205031,2.0803625753055024,5.6103482332223,321.44927536231586
93.23076391220093,-0.06622240001456481,2.078068831949869,5.606975616310233,321.25603864734
93.29060077667236,-0.06323369330564899,2.0756582064447855,5.601916690942134,320.96618357487625
93.33075165748596,-0.059998396194867465,2.0730215605343445,5.596857765574034,320.67632850241245
93.39065337181091,-0.05690750420394308,2.0704720934710483,5.590112531749901,320.28985507246074
93.43076205253601,-0.05382954927369754,2.067907022506383,5.586739914837835,320.09661835748494
93.4907214641571,-0.0502588690631558,2.0648902861962344,5.576622064101636,319.5169082125574
93.53068685531616,-0.04684284090062918,2.0619494818152586,5.568190521821471,319.0338164251178
93.590665102005,-0.04357491625152443,2.059092715821605,5.561445287997339,318.6473429951661
93.63083934783936,-0.040699025471656824,2.056548558723478,5.556386362629239,318.3574879227024
93.69068551063538,-0.03795845709032153,2.0541034418483255,5.553013745717173,318.1642512077265
93.73066806793213,-0.03498227850732849,2.051420951093724,5.546268511893041,317.7777777777749
93.79082012176514,-0.0320197084711592,2.048723438464062,5.542895894980974,317.584541062799
93.8307683467865,-0.029070822801895324,2.046010972995894,5.536150661156842,317.19806763284737
93.89071369171143,-0.025896090082759282,2.043050987249852,5.529405427332709,316.81159420289566
93.93074131011963,-0.022979427487913484,2.040303902446971,5.526032810420643,316.6183574879198
93.99071216583252,-0.019958179179938584,2.037424474081195,5.517601268140478,316.1352657004802
94.03003215789795,-0.017428502434592708,2.0349972088350388,5.519287576596511,316.23188405796816
94.09063506126404,-0.014186604542751668,2.0318654877629734,5.510856034316346,315.74879227052855
94.13069295883179,-0.011087751146374059,2.0288261537763104,5.504110800492213,315.36231884057685
94.19079375267029,-0.008241500644047606,2.026006179718912,5.500738183580147,315.16908212560105
94.230712890625,-0.005173556865468165,2.0229356480994363,5.493992949756014,314.78260869564934
94.29112315177917,-0.002126394176234614,2.019844492490272,5.487247715931882,314.3961352656977
94.3307318687439,0.00044313821208274984,2.0172202183256096,5.487247715931882,314.3961352656977
94.39074158668518,0.0035830495164919096,2.0139862523680296,5.478816173651715,313.91304347825803
94.43071508407593,0.0068080092861608765,2.010602454263098,5.468698322915516,313.33333333333053
94.49074792861938,0.009664428563828653,2.007559442931827,5.463639397547417,313.0434782608667
94.53070116043091,0.012505416988241036,2.004502020189642,5.458580472179317,312.75362318840297
94.59070014953613,0.01488317203575773,2.0019257511925934,5.456894163723285,312.65700483091507
94.63072848320007,0.017030540531390415,1.999591216704426,5.455207855267251,312.5603864734271
94.69072985649109,0.019620440771932368,1.9967564504245157,5.450148929899152,312.27053140096336
94.73074126243591,0.021976389637967664,1.9941602250968964,5.448462621443118,312.1739130434754
94.78974175453186,0.024765419000318367,1.9910553314967836,5.440031079162953,311.69082125603586
94.83074975013733,0.027203595895262,1.988308587057472,5.436658462250886,311.49758454105995
94.89065670967102,0.029745327269873556,1.9854305521832927,5.4349721537948525,311.400966183572
94.93072295188904,0.03238488450897703,1.9824162308354782,5.4282269199707205,311.01449275362035
94.99066257476807,0.03511584347159857,1.979260139550906,5.423167994602621,310.7246376811566
95.03071713447571,0.03761360451345741,1.9763438623186373,5.4181090692345215,310.43478260869284
95.09070158004761,0.04020711184379311,1.973289829683925,5.414736452322455,310.24154589371693
95.13071417808533,0.04268514524141509,1.970356770939551,5.413050143866421,310.14492753622903
95.19039297103882,0.04525799356402749,1.9672853141003261,5.406304910042288,309.7584541062773
95.23077821731567,0.04802273850739702,1.9639391776935373,5.399559676218155,309.3719806763256
95.29078388214111,0.05086736899604527,1.9604426571091,5.391128133937989,308.88888888888596
95.33067464828491,0.0536883501021157,1.9569270285147324,5.386069208569889,308.5990338164222
95.39081144332886,0.056384822209536556,1.953525634443381,5.379323974745757,308.21256038647056
95.43074893951416,0.05915812058523895,1.949972270553534,5.370892432465591,307.7294685990309
95.4906678199768,0.06190136040048855,1.9463956500634105,5.362460890185425,307.2463768115913
95.53071665763855,0.06431560067520259,1.943198019768592,5.355715656361292,306.8599033816396
95.59069514274597,0.06671363355247162,1.9399882169824494,5.352343039449226,306.66666666666373
95.63073563575745,0.06929387800254205,1.9364978327582407,5.3455978056250935,306.280193236712
95.68994784355164,0.07175503098664893,1.933127109536008,5.340538880256994,305.99033816424827
95.73072576522827,0.07391333570765413,1.930155404248263,5.340538880256994,305.99033816424827
95.7906768321991,0.07635740503353894,1.9267722734227781,5.3354799548888945,305.7004830917845
95.830726146698,0.0787785989238512,1.9233727338660749,5.327048412608729,305.2173913043449
95.89067363739014,0.08117680721909448,1.9199569402504268,5.3219894872406295,304.92753623188116
95.93071460723877,0.08346524256863219,1.916668101662509,5.3186168703285635,304.7342995169053
