time_s,x_m,y_m,yaw_rad,yaw_deg
0.012591838836669922,0.0,0.0,0.0,0.0
0.04595232009887695,0.0,0.0,-9.37600096628799e-06,-0.0005372052840788835
0.11381816864013672,0.0,0.0,-1.406779516920087e-05,-0.0008060252902497377
0.14587950706481934,0.0010984146926530775,-4.864628008508193e-09,-3.866589323255065e-05,-0.002215392493328604
0.21260547637939453,0.0020949547857371923,-3.481754642557051e-08,-0.00019783717791277414,-0.011335235325180748
0.24595141410827637,0.003857174387647566,-9.358829095495926e-08,0.0003325130922289393,0.019051596817562515
0.3125636577606201,0.00594854250048992,3.9129215555092165e-07,0.002737398860182441,0.15684140153237602
0.3459134101867676,0.007829358538742557,4.060871843942701e-06,0.004331153675392052,0.24815682602253913
0.41262221336364746,0.01083737893920557,1.4784461859250497e-05,0.006855077846128946,0.39276702881681935
0.4459981918334961,0.012695546383566602,2.698784959296067e-05,0.008663939320488812,0.4964071570214512
0.5126287937164307,0.015302951846665667,4.980552037086986e-05,0.011051178025077935,0.6331858594846859
0.5458939075469971,0.01728666333709311,7.103218933486783e-05,0.012235198220744703,0.7010252195546457
0.612579345703125,0.020221981249987964,0.00010692113581610711,0.014881152700658262,0.8526272440374253
0.6459510326385498,0.022618948928761245,0.00014041303194218006,0.017513221358137723,1.003433669499663
0.7125835418701172,0.026084635204832382,0.00019979534950277157,0.021974253610836936,1.2590319898510662
0.7458791732788086,0.028610925850607746,0.0002533733664637559,0.0251841772474104,1.4429470667860107
0.8126051425933838,0.03275329867582426,0.0003535179766932144,0.030387469756877117,1.7410737671504886
0.8458850383758545,0.035543207928716646,0.0004367313549558053,0.03451370486690308,1.9774896242336752
0.9126536846160889,0.039380322643750264,0.0005722761758626214,0.04115957860706442,2.3582701407217432
0.9458966255187988,0.04244375944884378,0.0006938781201736343,0.046304425861390275,2.653048174634084
1.0127220153808594,0.04663728517958378,0.0008900355224125446,0.05429530567176277,3.1108918623647277
1.0459351539611816,0.04940972084692333,0.0010433000311981947,0.06011584153966654,3.4443840021001293
1.1126034259796143,0.05375919582881035,0.0013054194098143799,0.06938370610802957,3.9753935269661658
1.1459972858428955,0.05680978763216157,0.0015161348132428087,0.07544591595136341,4.322732565511858
1.212707281112671,0.06049320057597828,0.0018126204463667491,0.08505361581938198,4.87321321877772
1.2460200786590576,0.06342583583038078,0.0020612788569481844,0.09218810322546522,5.281989236135529
1.312899112701416,0.06817809918414994,0.002491064278584463,0.1032543651853377,5.916039341422393
1.346003770828247,0.0708288981877578,0.002778526679034778,0.11061542255130874,6.337796861246219
1.4127414226531982,0.07474640301894114,0.003228193688520808,0.12174730425504876,6.975606700909423
1.4460597038269043,0.07726427578453728,0.0035476933775657714,0.12945913830107703,7.41746224405214
1.512666940689087,0.08153491679557387,0.004101183976166223,0.14011765484695582,8.028150258001352
1.545945405960083,0.08431540100020408,0.004497076897308945,0.14733068720070897,8.44142656936272
1.612645149230957,0.08832077026061959,0.005100220735189585,0.15820008385544648,9.064197123532796
1.646000623703003,0.09134914362556375,0.005576729253645716,0.16573254029919893,9.495775087125933
1.7126407623291016,0.0953919197968732,0.006263705603523519,0.17639173557943044,10.106501989688965
1.7459683418273926,0.09829501024235424,0.006780473874088517,0.18342865587933943,10.509687823643684
1.8125815391540527,0.10215606212998746,0.007511593404680129,0.19349523530385548,11.086460338801686
1.8459453582763672,0.10462148027390003,0.00800640741647022,0.2002138134668372,11.471406511869297
1.9126417636871338,0.10857083089967903,0.008812180057002886,0.21060571000508463,12.066818324647485
1.9459104537963867,0.11076576485100441,0.009300098530422072,0.21719896718033516,12.444584134033686
2.01274037361145,0.11492772450232808,0.010208659976844097,0.22711026159899947,13.01245947373472
2.045947790145874,0.11739047797594399,0.010786215007995387,0.23333211127518272,13.368945200944859
2.112647533416748,0.12170556407976885,0.011799576287032635,0.24177368626207407,13.852611820136937
2.145946741104126,0.12481961634841354,0.012556102067937124,0.24747732897466343,14.179406475418855
2.2125589847564697,0.1285270790902261,0.01351371081695818,0.2568925651064502,14.718859768889317
2.2459871768951416,0.13096243324395493,0.014164603369276725,0.2628283265351872,15.058953846952488
2.312601089477539,0.1354102401236442,0.015345940543881454,0.2721318138104891,15.592004402580956
2.345886468887329,0.1377240798272779,0.016011029680309843,0.27779102052809934,15.916253062892105
2.412684679031372,0.14186207153961342,0.01718627057753358,0.2855430200054565,16.36040991573229
2.4458932876586914,0.14454497162777344,0.01797611789582581,0.29060665056163115,16.65053457561458
2.512524366378784,0.14844003683113663,0.019148536664097913,0.29814484719524664,17.082441427860473
2.545929431915283,0.15124795228298202,0.02000746548842204,0.3033283785344674,17.379435896571618
2.6125433444976807,0.15526744027693185,0.021268960894975306,0.3108861006540265,17.812461476755022
2.6459360122680664,0.15714455006167016,0.021902643012781164,0.316503483393436,18.13431379963282
2.712547779083252,0.16119303491289083,0.023218055409571052,0.32481420266229233,18.61048293845634
2.745920181274414,0.16319590732194317,0.02391416045833627,0.33042350476921867,18.93187227519706
2.8125927448272705,0.16679517547660916,0.025149896316328312,0.3382599875257664,19.38086966337429
2.8458995819091797,0.16918978998240033,0.025993679407224114,0.3432784980487354,19.668409135782404
2.912675619125366,0.17263442848050953,0.0272313637729027,0.3512679411702169,20.126170507303122
2.945932626724243,0.17463118452217258,0.02797714006744477,0.3569995417079541,20.454567027970377
3.012559652328491,0.17800557609273585,0.02923619141550903,0.3650562033438072,20.916179736669722
3.0459415912628174,0.18050773503376308,0.03018328559633477,0.3704064960711616,21.22272892910667
3.1125898361206055,0.18362638583771573,0.03140791404225125,0.3785704072708059,21.69048658516587
3.1459262371063232,0.18614032192243243,0.032397711906862234,0.3842950947036244,22.018487014097953
3.212671995162964,0.1894832645421192,0.03375268103409437,0.3932895689194732,22.53383242560533
3.2459168434143066,0.1920861826811063,0.03481948233032679,0.39904386118322016,22.863529086402814
3.3126237392425537,0.19613412894056179,0.03650781221410545,0.40747025461062825,23.34632586631007
3.3458938598632812,0.19845582972569348,0.03751847094860303,0.41339311421711633,23.685680724410354
3.4126033782958984,0.20212500466833339,0.039128913252854,0.4218526953808999,24.170379021543525
3.4458956718444824,0.2045583420952932,0.04022246092273589,0.4268173762674685,24.45483428297317
3.5126278400421143,0.20780482968382286,0.04171650322616541,0.43504376284659696,24.926171514600295
3.5459342002868652,0.2099796002223332,0.04273437536958068,0.4420238449468377,25.3261007595989
3.612600803375244,0.21314273767709643,0.044241444751798496,0.4531651538513813,25.96445073808077
3.6459765434265137,0.2159297502231286,0.045571447955139004,0.4597135884822601,26.339648404847438
3.7125327587127686,0.21950286493402174,0.04733949527983461,0.468895072725565,26.865708701654675
3.7459306716918945,0.22188575774757338,0.04854652432006955,0.4746994997097543,27.19827787034057
3.812643051147461,0.22531255360581695,0.050313665029655244,0.4834732685892625,27.700977797559613
3.8459150791168213,0.22779970853447598,0.051612051908012976,0.48890730153993545,28.012324951368196
3.912663221359253,0.23133506343008103,0.05349414908794889,0.4961490434410162,28.427246198623166
3.945953369140625,0.23429365336770944,0.055068900437938065,0.5007271893445342,28.689554636889856
4.012608766555786,0.23736858709754788,0.05678357573419285,0.5074413488049219,29.074247636947902
4.0463151931762695,0.23982534940187344,0.05814436117241535,0.5122969648356612,29.352453942445333
4.112698316574097,0.24332473238064373,0.06011418018208202,0.51988076513666,29.786973692362608
4.146052360534668,0.24566432269765778,0.06145492693897427,0.5244795421330407,30.05046420517707
4.212695837020874,0.24898699796060247,0.06338442398677713,0.5312008333994337,30.43556582761953
4.245965003967285,0.2509491587103347,0.06455278763165813,0.536379178904539,30.732263169922604
4.312718391418457,0.2542022574288618,0.06648748660011077,0.5445061842751779,31.19790627774037
4.3459882736206055,0.25684888860515237,0.0680683680106441,0.5503723604956683,31.53401341705447
4.412750244140625,0.26026848748521314,0.07016868228278361,0.5586206409525691,32.00660507547513
4.446091890335083,0.2630073652713555,0.07185950615204809,0.5642451506000081,32.32886574010399
4.512678146362305,0.2662004657769808,0.07390070354037592,0.5729020743024105,32.82487093181842
4.5477635860443115,0.2686783926166822,0.07548970296689747,0.578851174413753,33.16572926009915
4.612762212753296,0.2715717260488795,0.07741002220597507,0.5873159322255859,33.65072415731757
4.646083116531372,0.27415177728532936,0.07910608209283987,0.5933120085748103,33.99427402576634
4.71267294883728,0.27761351403068096,0.08143790663926569,0.6024254471508863,34.51643559302721
4.745964050292969,0.2795789281615575,0.08280651756757215,0.608337148846994,34.85515114995451
4.813006639480591,0.2828578356260434,0.08509014059866356,0.6173705775216646,35.372728487545594
4.846024751663208,0.28516781479019565,0.08672363203067372,0.6237551088412321,35.7385351863259
4.912688255310059,0.2882891670951188,0.08897858450246095,0.6329620761596854,36.26605555578816
4.94599175453186,0.2902201223137621,0.0904075802925763,0.6392945056835151,36.628877041567634
5.012696266174316,0.29352504378838296,0.0928545184914924,0.6486020997837691,37.162162900933055
5.045993328094482,0.2954307552161121,0.09431166099410675,0.6553789253578737,37.550446404825564
5.1127190589904785,0.2983395188457079,0.09655651675260774,0.6650612494333338,38.10520271022734
5.146023511886597,0.3010042176591519,0.09860465370499824,0.6712430271709304,38.45939248447956
5.212657928466797,0.3040537880477007,0.10103938707876574,0.6805109450226206,38.990405062255356
5.245970249176025,0.306127379005509,0.1027195575441334,0.6863093858761241,39.32263125091734
5.312697172164917,0.3088862072186867,0.10500177931798879,0.6945343975546341,39.793889706541776
5.345990419387817,0.31062308035429576,0.10646327629452158,0.7002650243159443,40.12223043392957
5.412683486938477,0.3131579524813187,0.10861640349673642,0.7084231650126722,40.589657464526006
5.44629430770874,0.3153248758864215,0.11045019455131665,0.7139229394364635,40.904771327283235
5.512650728225708,0.3184121219775787,0.11310892831343057,0.7217276551068235,41.35194859549448
5.545974969863892,0.320421548026056,0.1148734220611477,0.7261700024263322,41.60647634803359
5.612622261047363,0.3235098024837135,0.11760728041360653,0.7324156854105803,41.96432762320767
5.645940542221069,0.3257056012641538,0.1195691778929708,0.7365555263237639,42.201523035388675
5.712646961212158,0.32880430213626716,0.12237798595395406,0.742009607658359,42.51401887698206
5.745988607406616,0.3309777390527318,0.12436384812874342,0.7464565270121049,42.76880858778674
5.812666893005371,0.33396217225019914,0.12713227123526696,0.7533106184179896,43.16151909774083
5.845990419387817,0.3357003817853108,0.12878030547392616,0.7576476215109252,43.41001107070122
5.912627220153809,0.3382827647650808,0.13124258648934456,0.7643711244018059,43.79523940989269
5.946024179458618,0.340220248261401,0.13309420847478245,0.7696220558109834,44.096095618151246
6.012683868408203,0.34328441417502414,0.13604689605321701,0.7776616781590017,44.55673204757175
6.045975923538208,0.3451854915546979,0.13792012773594675,0.7836527106253599,44.899992922819926
6.11274528503418,0.3481347432671473,0.14085356723600775,0.7922143478122492,45.39053859935094
6.146045446395874,0.3496105366207773,0.1423807557540744,0.7977517768109261,45.707809910328486
6.212703466415405,0.3524790837107119,0.14530756597100455,0.8058920230721548,46.17421166529403
6.246319532394409,0.3543302576105228,0.14723409731986306,0.8107635884104809,46.45333179880234
6.312619209289551,0.35718400363371183,0.15022879342202552,0.8180919881210448,46.873218172802545
6.345945596694946,0.35910667910992045,0.15227579363682894,0.8234915099832807,47.18258798689728
6.412883281707764,0.36204695509496976,0.15543851487707086,0.830998797397752,47.61272387133816
6.4458982944488525,0.36383970082878425,0.15741033356512496,0.8360929032310368,47.90459463597836
6.512665033340454,0.36674620879209335,0.16061894619307615,0.8443058466416598,48.375161630786835
6.545933485031128,0.3681377429473055,0.1622225242089223,0.8498837148238141,48.69474993630459
6.612629413604736,0.3710622805367288,0.16552628760463625,0.8581344697818537,49.167483373196895
6.64601731300354,0.3728984111964959,0.16764856123204255,0.8635564990933866,49.47814276914396
6.7126805782318115,0.3755259162299026,0.1707289280095165,0.8707763639232797,49.89181055255177
6.745907783508301,0.37706204143086897,0.17257198519812317,0.8754102456171311,50.157312416372385
6.812687158584595,0.37931383587131295,0.17529105605755393,0.8821381702342266,50.542794101814124
6.845937013626099,0.38086836725319795,0.1771863893700492,0.8867272303206857,50.805727876700175
6.912884950637817,0.38344190054599037,0.1803257214628127,0.8943960451941257,51.24511860281544
6.946017742156982,0.3850283194509605,0.18230381001926743,0.9000536577629807,51.569275925131
7.012866258621216,0.3876813948206578,0.18562644046657975,0.9070656209511285,51.971031821912966
7.0460734367370605,0.3894268172267129,0.18785156411150908,0.9114176402565918,52.22038416047547
7.112868309020996,0.39197003740422026,0.19112834057058206,0.9174556305216846,52.56633551940636
7.146045446395874,0.3936883751428351,0.1933714999986263,0.921870900974378,52.81931188175451
7.213178396224976,0.3962992848451513,0.1968046696776633,0.9296519737164388,53.265134509958884
7.245971202850342,0.3977312146477202,0.19874720097097914,0.9343441408840274,53.53397588543156
7.312922477722168,0.4000255693586286,0.20186176138901646,0.9408279188637598,53.905468998970086
7.3459153175354,0.40184500649757776,0.20433388452945356,0.9460610334584163,54.20530437895222
7.412700653076172,0.40438562252185356,0.20784856704903168,0.9546046141754297,54.694815495966445
7.446128845214844,0.40575728733789024,0.2098116414156201,0.9603820744839741,55.02583958795038
7.512705087661743,0.40814341013186894,0.21321628835096734,0.9685906684685341,55.49615737900215
7.54632043838501,0.4097381884520299,0.2155321792368982,0.9735026117077666,55.77759099581799
7.612882614135742,0.4120056562690954,0.21887217337087753,0.9808036511653557,56.19590974279633
7.646079778671265,0.41373207192255657,0.22142955003708556,0.9861948747558585,56.50480410094351
7.712473392486572,0.4162218400196264,0.22517800849744063,0.9945079410126331,56.981107712269306
7.746183395385742,0.4179044729719917,0.2277577073150465,1.000585589873603,57.32933134136537
7.812697887420654,0.4199598816520308,0.23100118937573075,1.0096766882167008,57.850212907563254
7.845952033996582,0.4209917757824312,0.23269820284674264,1.0154924940924601,58.183434038711646
7.912726879119873,0.42300143807360735,0.23593813711322334,1.0242511114730681,58.68526584899042
7.946018934249878,0.4241711237637578,0.2378800963007718,1.0300847820098968,59.01951054982052
8.012681484222412,0.42603574731455807,0.24098955777895545,1.0387962116138199,59.51863869965063
8.046141624450684,0.4275527015144863,0.2435285163480798,1.044894165803226,59.86802573836772
8.112611532211304,0.42946932645746183,0.24683427073917352,1.0534989692791776,60.36104466107925
8.146090269088745,0.43079834029274094,0.24916210141667994,1.0594830509688309,60.70390728615789
8.212820768356323,0.43289299412655236,0.25286857331369095,1.0682431086288886,61.20582161837045
8.246206283569336,0.43390000637617326,0.25474619713611013,1.0736463709714064,61.51540574619869
8.31260871887207,0.43556764213433213,0.25784029645981243,1.0819931698518999,61.993642094495485
8.34595775604248,0.4369027445829121,0.2603211783088111,1.0879185093271766,62.33313903861111
8.412722110748291,0.43874544811172334,0.2638261663426522,1.0966921877659597,62.83583378395831
8.446022748947144,0.4400357809693163,0.26632250554103726,1.1025568574782327,63.17185460670975
8.512718439102173,0.44149162562144084,0.26925562499352146,1.1111864739629236,63.66629521009906
8.54599642753601,0.4427558768508688,0.2717776023878408,1.1166690421603298,63.98042322870309
8.612715244293213,0.4445620323026417,0.2754558715438604,1.1243180117349652,64.41867690295366
8.645916223526001,0.4457808512964242,0.2779873434845604,1.129931781853363,64.74032223789452
8.71271014213562,0.4474257532532991,0.28148673139484165,1.1389060110129274,65.2545076931208
8.745928525924683,0.4485454769709074,0.2839123733277662,1.1448097508068327,65.592767066655
8.81264042854309,0.4501343041217331,0.28742413506811737,1.153036313377362,66.06411438184662
8.845886707305908,0.45122032928065997,0.28986586546719273,1.1589732042300336,66.40427317113453
8.912894248962402,0.4528184055114537,0.29351968013235746,1.168159588902769,66.93061424186594
8.945818424224854,0.45363452881118843,0.29548551468951995,1.1734215769176601,67.23210394696763
9.012661457061768,0.4552215386355725,0.29923478691043615,1.1807415537896193,67.65150772786426
9.045969009399414,0.4561852845835757,0.3015836121454647,1.18515517824132,67.90438978130246
9.112759113311768,0.4578541412100281,0.3056465395561183,1.1917509139127325,68.28229759805828
9.145993709564209,0.45895783589543115,0.3083982253446839,1.1965870640946545,68.55938859257382
9.212735652923584,0.46020224211502364,0.31163142947450817,1.2039091711606773,68.97891442459985
9.246158123016357,0.4609512264785821,0.31362505760770193,1.2091260926097556,69.27782200568332
9.31288766860962,0.46223231055935676,0.3170153058056003,1.2174399917225478,69.75417333614386
9.345954418182373,0.4632764762176448,0.31979201677968266,1.2230194224120257,70.07385116673672
9.412652254104614,0.4646809157958923,0.3236427231545404,1.23092369483552,70.52673261672459
9.445906400680542,0.4656721674637155,0.32641529478678105,1.2364396692597563,70.84277467113543
9.512778520584106,0.46704338692653324,0.33035564770850057,1.2447582915349558,71.31939661886787
9.546225786209106,0.4678479849291388,0.33276158613772566,1.2500226069808416,71.62101967594266
9.612676858901978,0.46906208491633256,0.3364346527439976,1.2576226472400622,72.05646990692551
9.646026372909546,0.46984079118831923,0.33885306056221826,1.2630078697555536,72.365020428802
9.712686538696289,0.47090449021592756,0.34223949526763714,1.2714498127462153,72.84870813305696
9.74650263786316,0.4716150085631767,0.3445530633776732,1.2766242550643567,73.14518183922036
9.812673568725586,0.4726619488767966,0.34801599734967514,1.2839344778500545,73.5640267521412
9.845956325531006,0.47338969013534893,0.3504707890307899,1.2888570535140151,73.84606956201995
9.91272497177124,0.47443841778155504,0.35408206444904555,1.2964046227156756,74.27851342285803
9.946063995361328,0.47512939922398845,0.35652982113592246,1.301438935025082,74.56695827093776
10.012726068496704,0.47626801439403893,0.36059594505627385,1.309018411658061,75.0012302929255
10.045997381210327,0.47696473386843236,0.36319126205219,1.314008946185433,75.28716685885823
10.11272144317627,0.47789374771395504,0.3667639377899695,1.3207190918931953,75.67162988783083
10.146027088165283,0.47860183898813474,0.36950342219130694,1.3253683751143066,75.9380141941615
10.212734460830688,0.47964834547840485,0.37363965309675606,1.3323678740490827,76.33905594183048
10.24600338935852,0.4802390740464057,0.37610052250950793,1.3370968257964981,76.6100049184784
10.312683582305908,0.4811288190419835,0.37985968119676644,1.3444705844099876,77.03249016617958
10.346029281616211,0.48176562965711567,0.3825973051020281,1.3490526694238423,77.2950242988436
10.412669897079468,0.48268296908219815,0.3866492642979952,1.355095707858689,77.64126489659566
10.446072578430176,0.4832861877497631,0.38939046533511995,1.3594270337549108,77.8894315901449
10.512688159942627,0.4841983643639123,0.3936139300752781,1.3659508279177135,78.26321746208556
10.54592514038086,0.4847368972248789,0.39623005398119976,1.3705764940150504,78.52824860689972
10.612656354904175,0.48566892290177327,0.4007528013298969,1.3774516457091592,78.92216578248437
10.646048545837402,0.4861738064140526,0.4033728776518219,1.381769491627718,79.16956013020558
10.71262001991272,0.4869954474703706,0.40765510264377397,1.3875590857537994,79.50127943872377
10.746196269989014,0.48747519504365877,0.4102813430206851,1.3920278336399252,79.75731983230679
10.812875270843506,0.48828241386778454,0.4147049018512852,1.3985593293468237,80.1315469702199
10.845921993255615,0.4887312676679241,0.4173322442816235,1.4033898707392056,80.40831660476663
10.912657260894775,0.4895170252032309,0.42191358492305764,1.4115830844332735,80.87775317008551
10.946218252182007,0.4899297380887566,0.4245455065126637,1.4173282697797658,81.20692804295992
11.012860774993896,0.4906009630260448,0.42887350334115226,1.4255471707361775,81.67783637999835
11.046211242675781,0.4909079857355124,0.4311260101455076,1.4312909405054666,82.00693014627345
11.11288595199585,0.4914139790874901,0.43480666264513007,1.4398577104194332,82.49776990640338
11.14604663848877,0.49185737318421574,0.4380095058553968,1.445551317642351,82.82398957048177
11.212724924087524,0.49238020587179954,0.44216123942901187,1.4540829670293705,83.31281707264337
11.245935440063477,0.4927096927739538,0.4449681680610323,1.4599327513691673,83.64798502637545
11.312917947769165,0.49317262738761963,0.4491266662906051,1.4679228360063177,84.10578315403647
11.345936059951782,0.4934824306784105,0.45207934727369675,1.4729921058656017,84.39623092218633
11.41267466545105,0.49385253481600266,0.45596910116838474,1.4801901512535045,84.80864854365677
11.445959091186523,0.49407589421985326,0.45851148267840985,1.4855587620675634,85.11624728515064
11.512664556503296,0.4944323938628544,0.4626356999524767,1.493745848364735,85.58533277648796
11.546202659606934,0.4946517142809124,0.46543608625069544,1.4992322449572855,85.89968014597605
11.612892150878906,0.4949221318761994,0.46931918205154216,1.507238916296982,86.35842862168901
11.646193265914917,0.4950376986106079,0.47144439426493234,1.513435582872479,86.7134714635148
11.712653636932373,0.4952693359264116,0.47537625519489385,1.5231945639624782,87.27261989231972
11.746180295944214,0.495401916642232,0.4780630090606288,1.5297216751256264,87.64659581438085
11.812644720077515,0.4955783230033051,0.4821620780241784,1.5390135722297866,88.17898230211905
11.845924377441406,0.49568324835648553,0.4851067074826913,1.5452534622445762,88.53650166459232
11.912879467010498,0.4957836318139683,0.48914183779048903,1.553297553744089,88.99739415753146
11.945985317230225,0.49585807550553257,0.4923573795034912,1.558548392991678,89.29824508531996
12.012625694274902,0.4959208454937971,0.49687535864934823,1.5667354237783795,89.76732739614162
12.045955181121826,0.495904801152818,0.49913183946873185,1.5718154428106434,90.05839104653649
12.112863779067993,0.49590297490670315,0.5033040418274042,1.5792959898462908,90.48699482012817
12.145982265472412,0.49588427231607063,0.5062523960585534,1.5843021091538776,90.77382432819185
12.21273422241211,0.49582749167184603,0.5104411631722066,1.5915778005087868,91.19069073586797
12.246074199676514,0.495766089844348,0.5131279729836254,1.596178705666,91.45430318331626
12.312703609466553,0.49566218443550303,0.5174611602789344,1.6034624594385154,91.87163153349388
12.345925092697144,0.49556932510410306,0.5201268980610667,1.6077965806504442,92.11995838683553
12.412674188613892,0.4954162558589725,0.5240313920317579,1.6147451266789417,92.51808074802082
12.446218013763428,0.49529801098022086,0.5267016703358004,1.6192909445021235,92.77853692372449
12.512573003768921,0.49510304831200674,0.5307056499458802,1.6254123569272036,93.12926802034053
12.546199798583984,0.49495615973108553,0.5333810814070845,1.6295658893019174,93.36724789548258
12.61287808418274,0.49470819440178515,0.5378129024069638,1.6363288698079628,93.75473813540823
12.646004438400269,0.4945275315497307,0.540493241340083,1.6413165671807977,94.04051214436015
12.712637901306152,0.4942603123230853,0.5440397764191943,1.649222398105365,94.49348288988188
12.746174335479736,0.4940561825540925,0.5466109342282005,1.654787325072084,94.8123297183734
12.812673091888428,0.49374164132317716,0.5502746052462779,1.6626399573206556,95.2622524042849
12.846064329147339,0.4935087665689486,0.5528095285159736,1.6681981531564032,95.58071356738041
12.91265606880188,0.4931305330026427,0.5567353670611803,1.676905653111873,96.07961656493917
12.945974111557007,0.4928975234487051,0.5587323648021219,1.6828714559415485,96.4214318884868
13.01268982887268,0.49246327586058325,0.5627285846341673,1.691561172283587,96.91931596005146
13.045915126800537,0.4921467191833361,0.565386675321726,1.6969658869216349,97.22898329828418
13.11290168762207,0.49163924745109977,0.5694569955659524,1.7047125426501364,97.67283397686816
13.145942211151123,0.491264452600433,0.5722839576794527,1.7104096617163473,97.99925485474556
13.212634086608887,0.4906956969835274,0.5763629397149332,1.718608245757769,98.46899911830232
13.245923280715942,0.4903155022414244,0.5788677493006301,1.7238046648048484,98.76673199828137
13.312642335891724,0.48973955532200697,0.5825396224684294,1.7320452013886822,99.23887996545821
13.34591031074524,0.489279248393015,0.5854530225345862,1.737249222936876,99.53704843666483
13.412662982940674,0.4885755935315706,0.5896946104068915,1.7442333471263498,99.93720927631692
13.446079730987549,0.4881083836744781,0.5923398104916192,1.7491077442109522,100.2164916569355
13.512677669525146,0.487393602783355,0.5962911949936748,1.7565514216996125,100.64298296109229
13.54600477218628,0.48685364944006837,0.5992047687419404,1.7618322040405245,100.94554950175376
13.61288332939148,0.4860408846363745,0.6034366369177373,1.769651205575768,101.39354528972953
13.646010875701904,0.485504782739512,0.6060642529311259,1.7744833689759905,101.67040785847985
13.712671995162964,0.48472977717149823,0.6097488558349584,1.7825794652513625,102.13428000559026
13.746139526367188,0.4841677379838392,0.6123636090916922,1.7881640888278878,102.45425536669441
13.812674045562744,0.48325211683393043,0.6165545805637493,1.7965601466267347,102.93531404311624
13.845951318740845,0.4825991374507265,0.6194267885710775,1.8020493427046138,103.24982181129847
13.912666082382202,0.48163498028350205,0.623521176303898,1.81004198954732,103.70776674252411
13.94620394706726,0.48099638207733464,0.6261153805386284,1.8151109147484612,103.998194763217
14.012722492218018,0.47995410842283653,0.63032024172446,1.8237391948206416,104.49255879580977
14.045978546142578,0.4792187612947507,0.633181506694165,1.8295687598980266,104.82656827114079
14.112637519836426,0.47821409387258174,0.6369298862424968,1.8377873792895874,105.2974604757016
14.145954132080078,0.4774312740924367,0.6398151255742542,1.8437035699465514,105.63643323114036
14.21260118484497,0.47643218611760824,0.643309920964313,1.8532007295257906,106.18058039239301
14.245930194854736,0.47565499689230645,0.6460116609635245,1.8592663659440223,106.52811575921854
14.312626123428345,0.47451375027098713,0.6498547808442892,1.8681052684110615,107.03454756610765
14.345882654190063,0.47383485209726983,0.6520174822120627,1.8739990066123418,107.37223389059604
14.412635564804077,0.47261914878192507,0.6559350384795687,1.8824861889664235,107.85851361944283
14.445992469787598,0.47180057775308704,0.658481200269825,1.8884077187135906,108.19779228221667
14.512537956237793,0.47067489948177066,0.6618601236282814,1.8969373260571367,108.68650278390565
14.545912742614746,0.4697443792882263,0.6646617013590629,1.902818400009154,109.02346350036056
14.6125648021698,0.46839843938174947,0.6685845765205671,1.9114611285213419,109.51865536758632
14.6459379196167,0.46746705256711407,0.6712250067356718,1.9166623944506662,109.8166659534618
14.71257758140564,0.46596771689726446,0.675422743926846,1.924224344923775,110.24993380045788
14.745936393737793,0.4650798455360006,0.6777971813265211,1.9294675587613086,110.55034782443315
14.812604427337646,0.463569082110148,0.6818461820174668,1.936781943164642,110.96943118048047
14.84593152999878,0.46269667854276303,0.6840810614227977,1.9417523929362264,111.25421697467401
14.912863492965698,0.4610989078196423,0.6882264042698085,1.9489960281096619,111.66924669844438
14.946069240570068,0.4601553841937832,0.6905745021696433,1.953978418157247,111.954716620059
15.012614965438843,0.4585981456855398,0.6944436529046851,1.961440743700591,112.38227637904528
15.046011686325073,0.45771879980574903,0.6965330116981786,1.967304059196476,112.71821961091315
15.112679243087769,0.4560843828110019,0.7004674207922604,1.9767643975238915,113.26025706983991
15.146039009094238,0.4550285276148317,0.7029201296305994,1.9833491467611923,113.63753541028923
15.21270227432251,0.4535224548289701,0.7063334105411264,1.992919703908289,114.18588794240664
15.246250629425049,0.4524282526815762,0.7087765476298197,1.9991984360146904,114.54563279279672
15.312737464904785,0.4507196167841336,0.7125351169216928,2.00853543385549,115.0806033623973
15.346147775650024,0.44974291181764503,0.7145844931741082,2.014588814916926,115.42743654900201
15.412624597549438,0.44827731983107844,0.7176290128237452,2.0233339938901787,115.92849839525593
15.44623589515686,0.4470595299145823,0.7201693004006547,2.0299432631408343,116.3071816289841
15.512919902801514,0.44543518108952634,0.7234443558698386,2.0399761324123964,116.8820226946511
15.546220541000366,0.44411599775443106,0.7260881520323319,2.0463405183232677,117.24667514653655
15.612717628479004,0.44241695080157384,0.7293685858717702,2.0553495593501294,117.76285517483592
15.646057844161987,0.441349533957494,0.7313724391472124,2.0614833904426018,118.1142978086807
15.712675094604492,0.4396373842275123,0.7345728107807203,2.0707458276555712,118.64499636898877
15.745853424072266,0.4387241505037381,0.7361974437618335,2.0769787871190797,119.00211864012394
15.812621116638184,0.4371397572317936,0.7390468219939247,2.0861193378042255,119.52583361680821
15.846214532852173,0.4358932600408604,0.7412756424727437,2.0918407447739256,119.85364608904875
15.91270112991333,0.4340555796168249,0.7444968954012057,2.1000850693373607,120.32601109146962
15.94591760635376,0.4327123095067665,0.7468173177971084,2.1055495579552375,120.63910322647124
16.01265788078308,0.4305877030523803,0.7504412614365816,2.1132175376660687,121.0784461012938
16.04602885246277,0.4292740551149178,0.7526153855592871,2.117984704740123,121.35158465487085
16.11265254020691,0.42728182792681657,0.7558815477677362,2.1249688678796863,121.75174772619867
16.146068811416626,0.42587575066755917,0.758160786253199,2.1297108785857723,122.02344492606325
16.212649822235107,0.42369951058317995,0.7616544647503656,2.136455124604849,122.40986175895424
16.246023654937744,0.42247271302418216,0.7635598342956759,2.1409364415230865,122.66662230502983
16.312635898590088,0.4204915685743416,0.7666400311275898,2.148414272279365,123.09507044727772
16.346118450164795,0.4188925413185847,0.7691223687447665,2.1539611680472017,123.41288416417373
16.412659406661987,0.41699782421634024,0.7719622026707017,2.162076386836185,123.87785195060775
16.446157693862915,0.4152229608246761,0.7746540906779061,2.167359556083449,124.18055525092927
16.512646913528442,0.413122158244236,0.7777291524766973,2.1748917482553463,124.61211807286047
16.545922994613647,0.4114572811079964,0.7801629325540744,2.179321787014512,124.86594059684003
16.61291241645813,0.40915871047930696,0.7834595710824429,2.1861153175283885,125.2551812232785
16.646039247512817,0.4076900592794467,0.7855277996752047,2.190597312595635,125.51198062443018
16.71271538734436,0.40521284525678847,0.7890163063091402,2.1969049517646013,125.87338172750336
16.746026277542114,0.4037966297351355,0.7909544451948016,2.201358850775346,126.12857134319653
16.81262969970703,0.4011211240201935,0.7946515876815308,2.208508096494601,126.5381929496118
16.845953464508057,0.3994500857996024,0.796905666349638,2.2135192196116567,126.82530915483953
16.91267681121826,0.3970918464824934,0.8000386935094795,2.2202076215272584,127.20852635629072
16.94599437713623,0.39547361216007143,0.8021662944488985,2.2243014496424207,127.44308542934152
17.012677431106567,0.3928610668908124,0.8055894828308424,2.2307466428714022,127.81236779950845
17.046042919158936,0.3913797570702392,0.8074774794866363,2.2355585005692564,128.08806693721303
17.112616300582886,0.38874055742539304,0.8108589464364706,2.2423177120126168,128.4753412257541
17.145965576171875,0.3867498856096073,0.8133874217828817,2.2469495751429456,128.74072743440422
17.212615251541138,0.38426761253166414,0.8164617911193716,2.2537877844183996,129.13252796531495
17.245899438858032,0.38257638284745593,0.8185345578990663,2.2578330802484974,129.3643063432614
17.312573432922363,0.3797505688778171,0.8219947091158886,2.2636462177878176,129.69737458999353
17.345927715301514,0.3782101536958294,0.8238273166541547,2.2682177587470562,129.95930459282908
17.41265082359314,0.37553339552050913,0.8270252403608469,2.2752367873609636,130.36146530868754
17.44590663909912,0.37414216481034196,0.8286313907420741,2.2806079325738544,130.66920926053808
17.512670040130615,0.3712942856359866,0.8319718629310411,2.2882871368045237,131.10919525297444
17.546626329421997,0.36953573367109455,0.833983828464522,2.293800637244952,131.4250955585545
17.612666368484497,0.3670589499358935,0.8367745414162475,2.3026874490415876,131.93427236782878
17.64602828025818,0.3654470836793124,0.8385582378742568,2.3087491959663335,132.28158488309313
17.71263337135315,0.36279279268046505,0.8414837981944193,2.317370981732844,132.77557681938015
17.745915412902832,0.3610642386045627,0.8433496656820253,2.3233548297611852,133.1184260566518
17.812642335891724,0.35835966306576217,0.8462435848007797,2.3322570377462633,133.6284850025444
17.846035718917847,0.35615294080019894,0.8485906624389656,2.338643681066384,133.99441271004275
17.91263437271118,0.35333721456029876,0.8515006051141407,2.3492344972262966,134.6012217776047
17.946273803710938,0.3512729483087967,0.8536048864187573,2.355825819375566,134.97887671816892
18.012615203857422,0.34820521382303926,0.8566814528321922,2.364596637151571,135.48140755961234
18.045955657958984,0.3462958528660385,0.8585488462610171,2.370598444521379,135.82528579135285
18.11291217803955,0.3430825298641387,0.8616855003669166,2.379040235321611,136.3089647757385
18.14593768119812,0.3412438247954286,0.8634230055288613,2.3841095669714507,136.59941608422642
18.21268582344055,0.33799575885386585,0.8665089759133929,2.3915375510526236,137.02500822236797
18.24600863456726,0.3359404626579192,0.868420043557123,2.3964378956900667,137.30577728825304
18.312653303146362,0.33293789193425416,0.871180454780807,2.4032771930149135,137.69764015980186
18.345977067947388,0.33125124120400884,0.8726895603742548,2.4078924493270097,137.9620748678561
18.412670373916626,0.328080391699907,0.8755625626285872,2.4147183853433907,138.35317219282106
18.446062326431274,0.32598285846066233,0.8774309035806762,2.4192601426402547,138.61339571750412
18.512731790542603,0.32295083034077265,0.8800981104205898,2.426631599584722,139.03574908928448
18.546074628829956,0.3212302090615306,0.8815705384053139,2.432553723127855,139.37506177406107
18.612691402435303,0.31874657626803343,0.8836744257236768,2.441733178833055,139.90100584419633
18.646048307418823,0.31690507396604545,0.8852254437062245,2.4477679192935415,140.24677100303904
18.712910413742065,0.3140291342905963,0.8876246410196004,2.457799408196763,140.82153297942597
18.74624013900757,0.31185233345919283,0.8894177751555724,2.46471669806588,141.21786449459495
18.812662363052368,0.30834158022537983,0.8922718471770174,2.474118079968342,141.7565239991967
18.846017360687256,0.30603386902004887,0.8940999976122292,2.48007095021035,142.09759834005277
18.912642240524292,0.3026051461064775,0.8967751695578923,2.4884768444087175,142.57922060065275
18.945985794067383,0.3006908378537842,0.8982174217852229,2.4942978353119614,142.91273881199265
19.012669801712036,0.29747995365932545,0.9006420518428574,2.503227764228355,143.42438605025384
19.04614281654358,0.2952258862016452,0.902319225129109,2.50950768761004,143.78419915568995
19.112634658813477,0.2917453026654069,0.904878051220341,2.518834725786226,144.31859907854277
19.14605951309204,0.2895734924332225,0.9064307379635638,2.524692815870816,144.65424291639724
19.212918043136597,0.2861619081391649,0.9088520488432178,2.5340184185631234,145.18856059208227
19.246222019195557,0.28429057869271984,0.9101285276086574,2.540399718792534,145.55418216303335
19.312654972076416,0.2812375528891874,0.9122120876485673,2.5500076200617228,146.10467435573628
19.346212148666382,0.27934579062674547,0.9134699595416503,2.556255798396455,146.4626686039615
19.412966012954712,0.2765527030860898,0.9153060850891688,2.5649668609293137,146.96177572216885
19.446082830429077,0.27386290683491055,0.9170960437483409,2.571216207475656,147.31983690398891
19.512705087661743,0.2709919051328201,0.9189156547305731,2.581501018990977,147.90911319690437
19.545958518981934,0.26861320096867325,0.9204246294561462,2.588381335076443,148.30332627031754
19.612642765045166,0.265368480656941,0.922427609259377,2.5984478722149174,148.8800963626638
19.64607858657837,0.2631916909327606,0.9237417451211213,2.604722812887653,149.23962397990655
19.71274185180664,0.25955495334190953,0.9259254477000667,2.6131923643978663,149.72489353581042
19.74593949317932,0.2575824946530163,0.9270577238298193,2.618969956998228,150.05592520755718
19.812648057937622,0.25440960904597487,0.9288790043492324,2.6282673351514605,150.5886257362745
19.845924615859985,0.2523085280944916,0.9300595750194828,2.6342414847935913,150.93091929694822
19.91266965866089,0.24877081534488232,0.9320417562502625,2.6426035498147797,151.41003033067628
19.94595193862915,0.24653037599823946,0.9332614164458478,2.6483962989328287,151.7419304069186
20.012725114822388,0.2431791781765607,0.935061791975149,2.656623699337123,152.21332572644891
20.04589033126831,0.24069355650851781,0.9363829491278115,2.662080406074283,152.52597199252878
20.112820863723755,0.23690985096268824,0.9383638500869164,2.67036457813872,153.0006200885812
20.145938396453857,0.23487216363394947,0.9393821724671895,2.6760191055896376,153.32460064665963
20.21280837059021,0.23171555284698514,0.9409540498778337,2.684159088939454,153.7909873379109
20.246103763580322,0.22979046383376606,0.9418871699193376,2.6898983308282194,154.11982167574183
20.312601566314697,0.22643524812537066,0.9435223997675699,2.6976663587850798,154.56489689280957
20.346143007278442,0.2238863794136645,0.9447509604732375,2.7027560808902287,154.85651648832902
20.412601470947266,0.22034014059652238,0.9464213115703246,2.7103201414096887,155.28990523207563
20.44606065750122,0.2182596881670026,0.9473658683329802,2.7151963130532435,155.5692892874327
20.512623071670532,0.21481902915089923,0.9489312226573422,2.722645017016479,155.99606858736846
20.545918464660645,0.21272850301010804,0.9498533696987336,2.7274011322261273,156.26857391575928
20.61260724067688,0.20917533992096668,0.9514248052457647,2.734358058327169,156.66717641973338
20.646215677261353,0.2065925653434038,0.9525509291969604,2.740162770520442,156.99976192969604
20.712619066238403,0.20320151563525457,0.9539829819088836,2.7485581030078228,157.48077904883203
20.745924472808838,0.20059317435587815,0.9550755303355829,2.75393024813033,157.7885802912835
20.81263566017151,0.19692340107531145,0.9565762144374821,2.7618316304205806,158.24129614883424
20.845895290374756,0.19480384404989626,0.9574079488077646,2.766870101485667,158.52997927606248
20.91258215904236,0.19144624797220677,0.9587238319078715,2.7736947160805308,158.92100088915157
20.945931434631348,0.1889119368621453,0.9597079647695006,2.7787670719026574,159.21162546994802
21.01261568069458,0.18482560105563983,0.9612799204448728,2.7865062122048556,159.65504554632358
21.04590630531311,0.1828127017817135,0.9620038070677923,2.7917138423720544,159.95342077616908
21.11258339881897,0.1791199203796258,0.9633563782257909,2.799955660306707,160.4256421593399
21.14589500427246,0.17621513577048853,0.9644088039258107,2.8054552982369856,160.74074820159493
21.21264410018921,0.17268586782065462,0.9656288190679531,2.813143013944913,161.1812218657556
21.245896577835083,0.17027777552441853,0.9664458471990021,2.8188635205963317,161.5089827535584
21.312539100646973,0.1666452687573492,0.9676584662572321,2.827469862451487,162.0020898189056
21.34592890739441,0.16421948444223425,0.9684449907816477,2.8326656232905716,162.2997849863445
21.41264772415161,0.16071639777959057,0.9695568120995264,2.8401431792227587,162.72821738233185
21.44593381881714,0.15830068803433556,0.970309249175185,2.844640552144762,162.98589786965903
21.512550830841064,0.1544004458285692,0.9715132786264461,2.850944607759299,163.34709365018776
21.546098709106445,0.15170814629218293,0.9723258335832256,2.8555068300497153,163.60848973262912
21.61263918876648,0.1478721251451478,0.9734541423015691,2.861947435650414,163.97750925105748
21.64598035812378,0.14530050071152742,0.974192607496408,2.8661596226431865,164.21884978826324
21.712557792663574,0.14117366787523172,0.9753679852675651,2.872356799050575,164.57392184130464
21.745904684066772,0.13859792146087352,0.9760756234396564,2.8765545960329693,164.8144378916486
21.8126003742218,0.1344328749873463,0.9772127441442482,2.882578334845559,165.15957270249913
21.845916986465454,0.13224549555616472,0.9777743828028362,2.88656677484658,165.38809348139878
21.9125874042511,0.12838162628602878,0.9787822894808558,2.8922837629378595,165.71565277055566
21.945919275283813,0.12579020847823794,0.9794422422463712,2.8969990082818224,165.98581642813346
22.01265025138855,0.12163389164495574,0.9804887554593344,2.904954204341599,166.44161558755775
22.045947790145874,0.11877585663582245,0.9811842365103834,2.9103509668287035,166.75082730110336
22.112682104110718,0.11551822675757448,0.981922849735667,2.918689258609815,167.22857622850967
22.145954847335815,0.11290346543939471,0.9825196101164657,2.924853635968317,167.58176903447782
22.2125723361969,0.10902810907140706,0.983376281242008,2.934402397855048,168.1288727901629
22.245909452438354,0.10707286480482432,0.9837641320443853,2.940382158924482,168.4714878619381
22.312602281570435,0.10325489264514796,0.9845526859190685,2.94921829408743,168.97776111398218
22.34593677520752,0.10128916965223445,0.9849167536541057,2.9543431873119523,169.27139586620248
22.4126079082489,0.09762787601064075,0.9856180215125465,2.961670184292614,169.69120186969948
22.445974826812744,0.09499185637979357,0.9861073342419894,2.9665921542540303,169.97320997537884
22.512606859207153,0.09126414355476144,0.9867687043472124,2.9743762525415995,170.41920595457157
22.54591131210327,0.08862736785487672,0.9872198183838726,2.9796587954280387,170.72187336706136
22.612791538238525,0.0855747678206513,0.9876944131474169,2.988137273693761,171.20765438838066
22.645989656448364,0.08332597993593602,0.9880402235390735,2.993456148768656,171.51240348192948
22.71256375312805,0.07937864622232285,0.9886477945096382,3.0018889479986006,171.99556728728646
22.745912551879883,0.07671943295768269,0.9890295941763343,3.0074514079681487,172.31427276725205
22.81260895729065,0.07239487952541042,0.9896333713833786,3.0155895782507915,172.78055557740626
22.845925092697144,0.06920372953057013,0.9900559169966178,3.02103614749778,173.09262100808445
22.91260313987732,0.06558048145596891,0.9904731749377768,3.0293688390930997,173.57004906848042
22.94600772857666,0.06251783257955515,0.9908329398181154,3.0346463688273193,173.872429248506
23.012712955474854,0.05919618715322418,0.9911601883770329,3.0427604977730613,174.33733459152194
23.04599690437317,0.056528848355450856,0.9914295006986831,3.0483416269175105,174.65710973641634
23.11271905899048,0.0524413656120631,0.9918202563457131,3.056171403918963,175.10572291312818
23.1461124420166,0.04950592277180249,0.9920819361706208,3.060768927814612,175.3691416285594
23.212684154510498,0.04549101857482597,0.9924044025724391,3.0676893130328065,175.76565049416666
23.24599528312683,0.04268821761085087,0.9926148260833779,3.0722001998474404,176.0241052705064
23.31266760826111,0.038519487728016014,0.9929064049521489,3.0785345566033744,176.3870371785516
23.345935821533203,0.03612725603719433,0.9930445265392586,3.0828226752068506,176.6327282765823
23.412682056427002,0.031990302116759475,0.9932930019278071,3.0896505028775074,177.02393398535358
23.446009397506714,0.029323471532472556,0.9934299588780434,3.09392583849481,177.268892672227
23.51280188560486,0.025169171046590416,0.9936317002113533,3.1009571108853367,177.67175490481102
23.546406030654907,0.022483346419527872,0.9937385479116708,3.10545556579301,177.9294973853506
23.612623929977417,0.01819504475488988,0.9939007026215669,3.1124361792081157,178.32945707244858
23.645904779434204,0.015246264161559275,0.9939914496610494,3.1172545090941615,178.60552703922076
23.712624311447144,0.011324851162048025,0.9940767028144262,3.124348445855219,179.01197967576203
23.745903730392456,0.00891856396159317,0.9941065081091285,3.12910160189692,179.28431545631864
23.812607526779175,0.004936872479478618,0.9941570724052412,3.1366509610343822,179.71686187292374
23.846168041229248,0.002248679136176407,0.9941708061184069,3.1421625056813642,180.03265011979371
23.91259455680847,-0.0017386887686217656,0.9941692198638566,3.1505386662838273,180.5125687708386
23.946208000183105,-0.0040012181388654755,0.9941352211999714,3.1555861714746474,180.80176951534298
24.012629747390747,-0.008095886108468009,0.9940872222010301,3.162976842677393,181.2252237830292
24.04590392112732,-0.010633449383352797,0.9940294633615703,3.1681603657849564,181.5222177801011
24.1126229763031,-0.014749011075379057,0.993927253050857,3.176959201827125,182.02635394994496
24.146000146865845,-0.017301232853407664,0.9938325526461903,3.1827037284708766,182.35549108193237
24.212663173675537,-0.02097823400241282,0.9936734460138027,3.1907063355982626,182.8140066954329
24.245896816253662,-0.023380893186442535,0.9935500416814373,3.195936448102511,183.11367006830494
24.312631607055664,-0.027740394219979488,0.9933333490370827,3.2035462160888732,183.54967765699726
24.345987558364868,-0.030138974542715385,0.9931741306348808,3.208508254097003,183.83398149264661
24.412599086761475,-0.034532211098201746,0.9928962573680601,3.2165370117301126,184.2939954197572
24.44598078727722,-0.036925924486492,0.9927041932288062,3.221632285095321,184.58593307904908
24.512605905532837,-0.04119221656349275,0.992372316457021,3.228512856734238,184.98016079459643
24.545962810516357,-0.04372469412207045,0.9921445377125792,3.2326580995616823,185.21766571366587
24.612616539001465,-0.04770840922898649,0.9917802393738444,3.2385471586850336,185.55508394673691
24.646042346954346,-0.050345180045576136,0.9915232669760538,3.2428391161677275,185.80099499634485
24.712621688842773,-0.05406518577484633,0.9911367844802187,3.249423554592163,186.17825552852878
24.745972871780396,-0.05713911902378775,0.9908193954624926,3.2534206038055955,186.40726957896456
24.812698364257812,-0.061287756101072906,0.9903552414041237,3.2608884654828394,186.83514653505813
24.846002101898193,-0.06379864052677385,0.9900469424415088,3.266375604144957,187.14953642200052
24.91267681121826,-0.06806380456731964,0.9895201422803606,3.274154377594821,187.59522731046616
24.94605565071106,-0.0707110045535344,0.9891631345218969,3.2795402629538914,187.9038158104822
25.012704372406006,-0.07442027623280387,0.9886367631692982,3.2879701329989444,188.38681178590747
25.046019077301025,-0.07733509382207479,0.988217761996176,3.292756339696004,188.66104122952623
25.112637996673584,-0.08146555478326216,0.9875911056862466,3.2999518497383162,189.07331358639473
25.146066188812256,-0.08450175554669348,0.987117312258875,3.304651674986922,189.34259373758889
25.21267533302307,-0.08867474909875249,0.9864283196736001,3.3118422344059666,189.75458244463817
25.245906114578247,-0.09143727451222196,0.9859516766797545,3.3178184128577324,190.09699224754138
25.31265878677368,-0.09558507523474924,0.985212051479034,3.327168197286813,190.63269543468482
25.34599733352661,-0.09820323534653651,0.9847142807193073,3.333337999428452,190.98619905783153
25.412700653076172,-0.10204070245801232,0.9839599155126233,3.3435643308978524,191.57212469092997
25.446031093597412,-0.10478836111403964,0.9834011797887385,3.350770369769365,191.98500030527487
25.512677907943726,-0.10873636589045572,0.982560547595892,3.36146074453929,192.5975136610047
25.54600429534912,-0.11147629113307828,0.9819518206821889,3.368441398337944,192.99747566190956
25.612672567367554,-0.11484294717572291,0.9811499683487356,3.3787676601521035,193.58912688200797
25.64607310295105,-0.11744672867209392,0.980525671645872,3.385548188667928,193.97762254883284
25.712637186050415,-0.12129658633223774,0.9795714698492343,3.3961049972834845,194.58248312763158
25.7459614276886,-0.12388612730845751,0.9789004581875917,3.4027195797132435,194.96147078409814
25.812628746032715,-0.1278790262293204,0.9778412097516456,3.4126058663833105,195.52791328534943
25.84598684310913,-0.13032094894809723,0.9771565382245896,3.4187362125960306,195.8791562502923
25.91268038749695,-0.13360166443164517,0.9762021768583736,3.427593664164832,196.38665084242615
25.94597554206848,-0.13657148923861076,0.9753538303180491,3.4339414251288622,196.750350755023
26.012659549713135,-0.14067834383562366,0.9741295222473737,3.4446862733371018,197.3659852088638
26.04612898826599,-0.14309548846451275,0.9733648901806089,3.4516472038568202,197.76481714912748
26.112626314163208,-0.1467779599072348,0.972178891357189,3.460782943128893,198.28825645214917
26.145989894866943,-0.14957681193099848,0.971267441813933,3.466171832973464,198.597017096504
26.212687969207764,-0.15339767635428164,0.9699791916698217,3.473566488473571,199.02069964761333
26.245972156524658,-0.15578828322785915,0.9691479831766718,3.478517733917837,199.30438511490314
26.312684774398804,-0.15928875742882406,0.9679118179735773,3.485416493182395,199.69965490463912
26.346007347106934,-0.1616826631829159,0.9670532950819302,3.489565232251191,199.93736014358214
26.41270899772644,-0.16513137271023745,0.9657963087955509,3.495873512175951,200.298797959258
26.446182012557983,-0.16790092048262328,0.9647885592796237,3.4999832623802822,200.5342693008192
26.51262879371643,-0.17150478183738865,0.9634348966519107,3.505600250890022,200.85609903600076
26.545950174331665,-0.17413611623017733,0.9624394347160468,3.509766323147098,201.09479739347776
26.612687826156616,-0.17759927909395762,0.9610940118114729,3.5166368819317615,201.48845141473552
26.645994424819946,-0.18021547707189592,0.9600725572697018,3.5211137005837267,201.74495422913859
26.71270251274109,-0.1839314537970783,0.9585913711046642,3.5271741562590733,202.09219276126203
26.746086359024048,-0.18679069062929382,0.9574453302764174,3.5314192947405765,202.33542127970074
26.81294298171997,-0.19067057774639662,0.9558521937831331,3.538423473274024,202.73673114862342
26.846060276031494,-0.19312834554642166,0.9548176308143153,3.542597164672146,202.97586605072587
26.91269278526306,-0.19684893301018885,0.9532368222472485,3.5491200608293574,203.3496004707362
26.946038007736206,-0.19917316535495205,0.9522266354248933,3.5535258669143546,203.60203456475958
27.012688875198364,-0.20257745835223534,0.9507298060637691,3.5594618501614472,203.94214135207835
27.04606866836548,-0.20502191947264797,0.9496476083893343,3.562881308642481,204.1380618912618
27.112661838531494,-0.20892182733192927,0.9479118054895228,3.5675199647861797,204.40383731090816
27.14603614807129,-0.2114780392523921,0.9467546128482761,3.570245628018167,204.56000631047505
27.212709665298462,-0.21488422477782193,0.9451869017419328,3.575072855961914,204.83658609839932
27.24597454071045,-0.21730870744784603,0.9440656821728352,3.57846490332899,205.03093609644128
27.31283473968506,-0.22145891456432068,0.9421458994167101,3.583844287355712,205.33915209755253
27.34599018096924,-0.22411717547185986,0.9408902942128812,3.5870834754146244,205.52474390237737
27.412655115127563,-0.2279334052921726,0.9390655194566375,3.592753641360564,205.8496204802185
27.44599676132202,-0.23070347772805544,0.9377299031022405,3.5976536041592913,206.1303676683567
27.512682676315308,-0.23425574939710078,0.9359743578426148,3.606091345593287,206.61381464114731
27.54602813720703,-0.23664211302561022,0.9347736850566832,3.611941573735476,206.9490080228834
27.6127610206604,-0.24050261603132184,0.9328173695798077,3.621128123600962,207.47535855846223
27.646024703979492,-0.24274340566275404,0.9316411534067259,3.6270093359358344,207.8123272036707
27.71269130706787,-0.24605160092950118,0.9298831569255446,3.635354890745368,208.29049227195208
27.745938539505005,-0.24877215478245995,0.9284364783156734,3.640829336266854,208.60415489550752
27.81262230873108,-0.25232614126111463,0.9264947102861392,3.6494129025332085,209.0959570157405
27.84596610069275,-0.25453577639897906,0.9252567492923769,3.6552449587354316,209.430109222011
27.912638425827026,-0.2581524629269989,0.9232219673811984,3.6641554689859754,209.9406438526752
27.946059226989746,-0.2607055325324631,0.9217607645963949,3.669617158589835,210.25357561598685
28.012704849243164,-0.26407979679851296,0.9197817991557395,3.6782312072102465,210.7471242464569
28.046257495880127,-0.26625269294918946,0.9184818742881994,3.684907198806413,211.12963038898204
28.112696647644043,-0.26917646245037663,0.916694106562351,3.695121018342629,211.7148391411155
28.146003246307373,-0.2718135551860067,0.9150911110434572,3.70173686283195,212.09389910826846
28.212703704833984,-0.2755759284563215,0.91275010311027,3.7120593663832295,212.6853349957656
28.246016263961792,-0.27805676415295366,0.9111658811870919,3.718314244428803,213.04371310914598
28.312830686569214,-0.2819624153831869,0.9086421781299305,3.7258731973595287,213.47680920961463
28.346015691757202,-0.2844094800307121,0.9070226456783433,3.730602385231004,213.74777171517462
28.41268229484558,-0.2881998187362005,0.9044944920927072,3.737693023956892,214.15403538822002
28.44650888442993,-0.2909725032335009,0.9026275238223089,3.743144146625977,214.46636171076668
28.512686729431152,-0.29502239258621843,0.8998567248130886,3.7520819562879404,214.97846048248843
28.546039581298828,-0.29707521606202714,0.898389959926573,3.7586804793322037,215.35652800394453
28.612707376480103,-0.3002033642142254,0.8961424672449363,3.7693995168963674,215.9706836168133
28.646026611328125,-0.3023603813833918,0.8945705242089752,3.7766802842783838,216.38784085941936
28.71266531944275,-0.3058524117671636,0.8920052895662792,3.787026969325631,216.98066224457773
28.746012926101685,-0.3077552537847264,0.8905511472323259,3.7939469198894775,217.3771462063253
28.812676906585693,-0.3107127691350018,0.8882767818291224,3.8038090695892497,217.94220576104846
28.84597897529602,-0.3128242713987261,0.8866340290143075,3.8110834300058576,218.35899591157713
28.912676572799683,-0.31548878605992486,0.8845003113574328,3.8227558062248654,219.02777380581514
28.946449279785156,-0.31724617281186873,0.883065981317035,3.8300721494225,219.44696939250886
29.012924432754517,-0.31980125611439425,0.8809499132442004,3.8406798662641726,220.05474679780653
29.045986890792847,-0.32175865568035633,0.8793183451483816,3.8478378399457154,220.46486847962467
29.11270785331726,-0.32460696740660056,0.8768990094878129,3.858225592995895,221.0600428880241
29.14601159095764,-0.3267427121393934,0.8750611642597965,3.8652957003462194,221.46513019990212
29.21267819404602,-0.32981849136171354,0.8723593026696824,3.8765254082345484,222.10854506706812
29.245962381362915,-0.33170156349288915,0.870652822039704,3.8841056045730227,222.54285832514321
29.312888383865356,-0.33451998074313116,0.8680637779723817,3.8949604276487424,223.16479387474317
29.345900535583496,-0.33647553998266033,0.8662360854525563,3.9015395893858407,223.54175207501288
29.412923336029053,-0.3394672757415545,0.8634047735617526,3.9117473518830828,224.12661378437676
29.44622778892517,-0.3411828272902044,0.8617253021531388,3.919145823563683,224.55051498652222
29.512522220611572,-0.3439076667149277,0.8590403580634345,3.929077807686598,225.1195757589562
29.546199560165405,-0.34529801086793716,0.8576091163792459,3.9354437526027124,225.4843175352623
29.612895488739014,-0.3480318665036813,0.8548462478577614,3.9450681719352336,226.03575614327988
29.646270275115967,-0.34999880163196523,0.8528279689634077,3.951850867484772,226.4243759719906
29.712716817855835,-0.35273267531237995,0.8499607185963975,3.961807584782156,226.9948538509356
29.7460298538208,-0.35475702114999313,0.8478125777190498,3.968226583316002,227.36263537562567
29.81287121772766,-0.3572740134266319,0.845059336061968,3.976708800629444,227.84863062859867
29.845948934555054,-0.3592621286515127,0.8428841631392938,3.9826655841920773,228.18992918621046
29.91266894340515,-0.3620399203640716,0.8397841539167783,3.9913954649548917,228.69011450957217
29.94599437713623,-0.3640837569132381,0.8374795811055552,3.997313273422244,229.02917995871826
30.0126211643219,-0.36684779489490826,0.8342938624560287,4.005660613170466,229.50744729645317
30.045918703079224,-0.36866889126349156,0.832158743340843,4.011167878971518,229.8229903835102
30.112645149230957,-0.37109392279034087,0.8292592546233258,4.019896744341422,230.3231175291436
30.14593768119812,-0.37289288922464514,0.827097823677243,4.026280049484035,230.68885397315947
30.212669372558594,-0.3752525246996442,0.8241952646027222,4.035473298190409,231.21558832404878
30.246217012405396,-0.3768407629374284,0.8222132678899609,4.041319856551514,231.55057144281702
30.312634706497192,-0.37921840578100435,0.8192149454295747,4.050077402042762,232.05234183835935
30.34592366218567,-0.3807810807506755,0.817209211657931,4.055788942824869,232.3795890196909
30.412709712982178,-0.38310848687103205,0.8141880350926316,4.06347767239119,232.82012077365857
30.44597315788269,-0.3845590327203289,0.8122664052729092,4.068219070869098,233.0917828954325
30.51259160041809,-0.3871966930198891,0.8087916781364166,4.07479210358297,233.46838992853876
30.545927047729492,-0.3886181079899336,0.8068547820032308,4.079298310315679,233.7265765559364
30.612616062164307,-0.3910615357537366,0.8035383073483017,4.086316238713501,234.1286742340566
30.646233558654785,-0.3925439768575122,0.8014802372117945,4.090967767597267,234.3951872073796
30.712612628936768,-0.39460326889769304,0.7985819074948023,4.097959428168682,234.79577984990974
30.745923042297363,-0.3961521732948168,0.7963969421623891,4.102854672068348,235.07625666504777
30.8126437664032,-0.39833425285594815,0.7932701064164391,4.110684638705337,235.52488070707543
30.846006393432617,-0.39977273325603696,0.7911749134896136,4.11655446182222,235.8611967981612
30.91268038749695,-0.4020782550657015,0.7877920624612996,4.1250748264462365,236.3493777310299
30.946272134780884,-0.4032412886680653,0.7860109821199339,4.131218171388271,236.70136546830153
31.012921571731567,-0.40498636212858913,0.7833218932673874,4.140849577231501,237.25320437389624
31.045934200286865,-0.40645036287331987,0.7810725971340088,4.14673148931087,237.5902131115111
31.11290955543518,-0.4083060391961138,0.778139302597632,4.154689404832475,238.04616808462075
31.1460440158844,-0.4094292359021243,0.7763224174571032,4.159599858206303,238.32751633843685
31.21294856071472,-0.41106438928140243,0.7736520900043653,4.166372774521944,238.71557585831837
31.246066570281982,-0.41247690847240437,0.7713625189599682,4.170789093181606,238.96861227850184
31.312711477279663,-0.4143215585975092,0.7683015704357967,4.177981316907812,239.38069634332732
31.34600043296814,-0.4155517958882887,0.766228125954616,4.182924728619012,239.66393297077462
31.41275405883789,-0.41728835317705226,0.7632545301407742,4.189237052760141,240.02560250297984
31.44614052772522,-0.41842275583607275,0.7612836798118872,4.19382700659137,240.28858748566918
31.513001441955566,-0.42004208452893466,0.7584348382985812,4.20117278324876,240.70946948538332
31.546042919158936,-0.4212995112262903,0.7562144825238287,4.206249326230245,241.0003339727392
31.612644910812378,-0.42303398677014953,0.753091040631457,4.214702851521267,241.48468529392184
31.645987272262573,-0.4241868948157438,0.7509739210245725,4.220524626639207,241.81824843745412
31.71266269683838,-0.42595616211467285,0.7476868904240339,4.228229119840384,242.25968338116874
31.746044158935547,-0.4270759615131885,0.7455570125221442,4.232181665124827,242.4861475443017
31.812761068344116,-0.4288129759824181,0.7422331040309961,4.237621290820169,242.7978151387757
31.846029043197632,-0.43010966757225333,0.7397365663767529,4.240646739090547,242.97116055580352
31.91268253326416,-0.43184229896563,0.7363390835791068,4.245476416100981,243.24788066491277
31.94611382484436,-0.4331796778934112,0.7337132302752126,4.248398227428908,243.41528812253645
32.012688875198364,-0.43476771465705366,0.7305112778819276,4.252952931565648,243.67625344650247
32.046088218688965,-0.4359562959386359,0.7281162044421283,4.257139089346886,243.91610261974324
32.11283349990845,-0.43763647658646815,0.724680709282814,4.2648235433873065,244.3563894041216
32.14597272872925,-0.43879687861947936,0.7222706169965915,4.270198856407717,244.66437215375282
32.21266508102417,-0.44056599858357115,0.7185496120354643,4.27849897651777,245.13993400551053
32.24598145484924,-0.4416878284976263,0.7161288459027596,4.283617694005041,245.433214914051
32.3126916885376,-0.4433526834300754,0.712486806622994,4.290630233894413,245.83500385337913
32.347830057144165,-0.4445656465424024,0.7098044865826799,4.295254935406513,246.09997973153023
32.41269016265869,-0.4461989622534346,0.7061107849473955,4.302761698646876,246.53008558300695
32.44619393348694,-0.4472604325053588,0.7036599203293852,4.307995620208129,246.8299671987693
32.51268720626831,-0.4489028700978904,0.6998289402276976,4.316305728329347,247.30610132141246
32.54598069190979,-0.4495888937490826,0.6981096991762511,4.321554491593596,247.60683330411726
32.612656116485596,-0.45097135667385196,0.6947465492259572,4.3284585652644,248.0024075869017
32.646026849746704,-0.4519257400510195,0.692391744092318,4.33399511579326,248.31962856526633
32.71278738975525,-0.4532677074344281,0.6890092443146167,4.342606426984695,248.8130203526093
32.746023416519165,-0.4539740273958094,0.6871426126467945,4.348700141754756,249.16216449049037
32.81276035308838,-0.4552477914772211,0.6838064299485895,4.358128013681686,249.70234176169328
32.84599947929382,-0.45608566606708767,0.681549864594699,4.3638319198564055,250.02915151224335
32.91266131401062,-0.4573661660020943,0.6780469592327949,4.371346324096345,250.4596951607471
32.94600009918213,-0.4581209774480566,0.6759059795063854,4.375910947847675,250.7212288367635
33.012696266174316,-0.4593599824070449,0.6723823324751748,4.382444222947616,251.095557926388
33.0459942817688,-0.4602845483647596,0.6697246641246326,4.387099260311954,251.36227192084027
33.11268711090088,-0.4615002851759394,0.6661204358807057,4.393740206008461,251.7427700812257
33.146055459976196,-0.462436664655114,0.6633247660220731,4.398301626598338,252.0041202296097
33.21272110939026,-0.4636255396796875,0.6596513502558536,4.405584317220057,252.4213876657337
33.245997190475464,-0.46443202770775244,0.6571106097391858,4.410365176537364,252.6953107270612
33.312673807144165,-0.4656205939486825,0.653298725763755,4.417744809307245,253.11813253913184
33.34603428840637,-0.466440470191909,0.6506153201856271,4.4225300591741,253.39230716041817
33.41268301010132,-0.4676331839923839,0.6466273254704028,4.429412461499846,253.7866397665944
33.4459969997406,-0.4684600971954154,0.6438072329966841,4.434292034965057,254.06621873197503
33.512683629989624,-0.46952576025307713,0.6400403927788605,4.441656700660333,254.48818299383916
33.545976400375366,-0.47011623711296685,0.6378557599575793,4.446800521291403,254.78290220657175
33.61271572113037,-0.4711603441082457,0.6340277151505558,4.454319036086496,255.21368137253728
33.64609980583191,-0.4717266706739662,0.6318362530521127,4.459523865007475,255.511896102797
33.71267580986023,-0.47263603890895217,0.6283030569548717,4.467097175611368,255.94581483734171
33.7461884021759,-0.473443733050479,0.6251809700512415,4.472002329394645,256.2268594469861
33.81268334388733,-0.47435987901810833,0.6214196718819613,4.479259748887067,256.6426789540579
33.845993757247925,-0.4749788883571572,0.6188160633421602,4.48418524337394,256.92488900017065
33.91269373893738,-0.47580913730207886,0.6152043237268701,4.4910951743476,257.3207988816881
33.94607186317444,-0.47639982915579715,0.6125940804585545,4.494921776455486,257.54004703234585
34.01272368431091,-0.47729486375718266,0.6085730455610289,4.500357675388942,257.85150109909256
34.045963764190674,-0.47775860771463435,0.6063580728941541,4.504141300741184,258.0682868630347
34.11270713806152,-0.4785793022304077,0.6024907230456579,4.510133372725677,258.4116072982847
34.14596104621887,-0.4790877716097085,0.6000037493728265,4.514857704161114,258.6822915505563
34.212690114974976,-0.4798365770727341,0.5962572781971731,4.521514561909559,259.0637014043611
34.2459921836853,-0.48031719172489934,0.5937648740255634,4.525934290373809,259.3169331919565
34.31270432472229,-0.48105401026477634,0.5898778321212761,4.533322698279666,259.74025778228315
34.34601330757141,-0.4815325121183053,0.5872468509568849,4.539036369711359,260.0676270408436
34.412702560424805,-0.48210437824046476,0.5838898646107772,4.548224228992341,260.594052600404
34.44606590270996,-0.48249515373342106,0.5815185169632352,4.554282365347088,260.9411582452458
34.51268982887268,-0.48309184448288517,0.5777983586520916,4.563738814248256,261.48297285646385
34.545979022979736,-0.48354609962230316,0.574882540670769,4.569809098679604,261.83077453482406
34.6129515171051,-0.4840381556568251,0.5713696427098941,4.5779361446556495,262.29641996916024
34.646101236343384,-0.4844262655166091,0.5685833272100315,4.582592922189998,262.56323366800973
34.71268844604492,-0.48496698833020035,0.5645004971485666,4.589208997927486,262.9423068847067
34.74600172042847,-0.4853372104041779,0.5615825794751635,4.593464079790734,263.18610511695346
34.81265592575073,-0.48587802191904234,0.557145890443137,4.601077380973027,263.6223151428608
34.846007347106934,-0.486127517033441,0.554769173516216,4.60647053289128,263.93131998604963
34.91271662712097,-0.48653191231146725,0.5509048367341938,4.615164222694736,264.4294317201835
34.94603133201599,-0.4868268352470916,0.5479788038430177,4.620786315064418,264.75155388499905
35.01283836364746,-0.4872110373580975,0.5438137317986783,4.629424623472715,265.24649249892684
35.04600167274475,-0.48738023763764426,0.5415590037524557,4.63532175981664,265.58437352264696
35.112701177597046,-0.48765731521471234,0.5378723298400859,4.643815682521004,266.0710394451174
35.146000146865845,-0.48787328943315156,0.5349337696024027,4.649092258927628,266.3733650034952
35.21264719963074,-0.48809876037989025,0.5312241697437183,4.657279478507183,266.8424581313506
35.24609351158142,-0.4882371163030757,0.5286892259927266,4.662567137724322,267.1454186879961
35.31283116340637,-0.4884386982352143,0.5247292752204304,4.669573594432691,267.5468590867268
35.34598731994629,-0.48856577422529374,0.5219236998830061,4.67361250649041,267.77827170145855
35.412697553634644,-0.48870101694145796,0.5182107719349012,4.680169434969335,268.1539560298701
35.44597291946411,-0.4887899499450148,0.5155390930910956,4.684445883181794,268.39897846375027
35.51270341873169,-0.48888649222832864,0.5118494389935688,4.691233688605838,268.787891066704
35.54600811004639,-0.4889401668370569,0.509310332332458,4.695318208575653,269.0219168223113
35.61292243003845,-0.4890115499216383,0.5053620497771154,4.701711895929279,269.38824812320024
35.64601135253906,-0.4890431244665241,0.5026869302175715,4.7066722351502355,269.67245462551426
35.71290159225464,-0.4890886086475387,0.4981333632699604,4.713901021390837,270.08663356810297
35.74603891372681,-0.4890837327354078,0.49533123573526533,4.719209960633651,270.39081338040756
35.81271958351135,-0.4890476417914102,0.49141256263605154,4.728447623764129,270.9200924903476
35.84606885910034,-0.48900515651103243,0.4886073356570305,4.735006953350097,271.2959143920588
35.91299819946289,-0.48891079213472843,0.48457007348888215,4.745252702129954,271.8829525550959
35.94629120826721,-0.4888205690922285,0.48190246847839646,4.752371565726902,272.2908333941304
36.01271462440491,-0.4886575598606216,0.4777389690715752,4.763551535877379,272.93139849883494
36.04592537879944,-0.48852279101983187,0.47548008503110945,4.770594553684155,273.33493369419875
36.112703800201416,-0.48830968933964564,0.472229067150726,4.780511392251982,273.90312669024775
36.146156549453735,-0.4881420385191881,0.46969351225885725,4.786884956644718,274.2683050304064
36.212730884552,-0.48786038700649126,0.46579181650943324,4.79706468188489,274.85156032327103
36.24627447128296,-0.4876707219137636,0.4638056918930974,4.8038516653955465,275.24042583405657
36.31250333786011,-0.48734600980115306,0.4602360614323554,4.814270572892384,275.8373852607625
36.345993995666504,-0.4870778770838446,0.45742927883994794,4.820379984862631,276.18742878196446
36.412713050842285,-0.4866814677794892,0.4538073745016917,4.829210007402789,276.69335180652087
36.44602847099304,-0.4863673282593721,0.45101012040806193,4.8352473010971115,277.03926325488646
36.51267218589783,-0.485910982090753,0.4473640508338234,4.843649431042865,277.5206698396986
36.54600477218628,-0.48555432764509593,0.4445756205120202,4.848776536626442,277.81443135075557
36.612693309783936,-0.4850455054345879,0.44092095098026074,4.856647678203138,278.26541454305016
36.64604306221008,-0.4846370893737993,0.4380025078638248,4.86101343264202,278.51555384678863
36.71265530586243,-0.4840778233743144,0.4343313793801028,4.867498632140998,278.88712840738043
36.74603319168091,-0.4836517384234392,0.4315532733892838,4.87164837987189,279.1248914384045
36.812790632247925,-0.4830550558588381,0.42789184772600725,4.877618918660353,279.4669781124026
36.84603691101074,-0.48261878922559964,0.42525499062694805,4.881397661113082,279.6834841068109
36.912712812423706,-0.4820109869279431,0.42176170142737934,4.887833814370315,280.0522485247497
36.9461452960968,-0.48145276373688,0.41845073194866506,4.893173822883403,280.3582084751136
37.012690782547,-0.48068109992245267,0.41419466441917524,4.9014193990179145,280.8306451872749
37.04597282409668,-0.4801960600613375,0.41171117861105777,4.906666550140543,281.1312848010689
37.112683057785034,-0.4794616232791145,0.4080403204155966,4.914111227748263,281.55783340782676
37.14623665809631,-0.4790184205087468,0.4059599332572976,4.919339897827185,281.8574141358153
37.21268177032471,-0.47819398663267143,0.40197657642933143,4.92712558433352,282.3035011132403
37.24601745605469,-0.4776032348424113,0.3992299068132156,4.932210791785058,282.59486203816186
37.31290578842163,-0.4767053532045143,0.39518680516690874,4.939532552413482,283.01436802077563
37.34595322608948,-0.4761291365466926,0.39271959894166564,4.94444241954727,283.2956826855117
37.41271662712097,-0.47526718938567936,0.3891105896367462,4.951686830553094,283.71075686120355
37.44606280326843,-0.47466464515159995,0.3866463439023357,4.956767543807737,284.0018602876107
37.51271677017212,-0.4736490305064879,0.38251903199831866,4.96463833535627,284.4528234247689
37.545984745025635,-0.47307019404936407,0.38033194245391844,4.969889742538114,284.7537068927932
37.61271786689758,-0.47200197084438544,0.37622288879013766,4.977728836694809,285.2028539031776
37.646010875701904,-0.4713636383038506,0.3739111308585591,4.982891446685052,285.4986496668905
37.712709188461304,-0.47030374682721604,0.37007994116104026,4.990448127682298,285.9316155951595
37.746020555496216,-0.46960574449954695,0.36764433020875664,4.995609660615212,286.2273496480332
37.81270933151245,-0.46846168323915705,0.36368745311614165,5.002678416271193,286.63235951353016
37.84626078605652,-0.4677663980995062,0.3613919925147883,5.007656529095293,286.917584368291
37.91277003288269,-0.4666143843140748,0.3575936608860909,5.01506356260443,287.3419761270766
37.9460551738739,-0.46581969725643296,0.3550426102402859,5.0199963105778185,287.6246017673534
38.01271462440491,-0.464652198304128,0.3513796792823306,5.028272896645999,288.09881521783694
38.04608082771301,-0.46393798857397944,0.3492305340792962,5.034058216961065,288.4302896550215
38.112942695617676,-0.4627402912969364,0.3456324748189346,5.041787189759891,288.87312717636564
38.1460542678833,-0.4619600685929147,0.34336161654429387,5.047480586288093,289.19933476852606
38.21270179748535,-0.4607616804423185,0.33992705728079897,5.055949228200296,289.6845522083029
38.24619960784912,-0.45982624547430995,0.33727322878673976,5.061286049872165,289.99032956611495
38.31269812583923,-0.45834299032378306,0.3331421259139458,5.069557114684418,290.4642266719362
38.34605169296265,-0.45732188409027025,0.3303823373617789,5.075231954671748,290.7893710526223
38.41267728805542,-0.4558323811350357,0.326458451434518,5.082623990146223,291.21290348732066
38.446033000946045,-0.4548627826301792,0.3239736301530361,5.08754662342195,291.4949495981105
38.512619495391846,-0.45332982128955457,0.3200769634832563,5.094612236672651,291.8997794170474
38.545923709869385,-0.45242329269728515,0.31785868022210906,5.099191564244462,292.16215555992005
38.612687826156616,-0.4509128065441881,0.3141501271597139,5.10669461307979,292.5920485916649
38.645962953567505,-0.4498389052517994,0.31155654414052103,5.111433097216184,292.86354373397
38.71268582344055,-0.4482229084156748,0.3077165276814457,5.118142351761832,293.24795570311454
38.746193647384644,-0.4470684015476626,0.30501235692370054,5.122756621037346,293.5123338581384
38.81264925003052,-0.4452847243292459,0.3008898448379773,5.129202888289047,293.8816777652743
38.845980644226074,-0.44414822540757126,0.2983313736373889,5.133013948514578,294.1000354316674
38.912721395492554,-0.4424719702584632,0.2946013453541673,5.1391081754047345,294.4492089118685
38.946014404296875,-0.44131138452361945,0.2920490491738872,5.143303865438389,294.689604242942
39.01264977455139,-0.43972154901717864,0.2886236044176953,5.149444195612067,295.0414192467105
39.045947790145874,-0.43853730840451693,0.28607961164227785,5.154236280814924,295.31598550390135
39.11265850067139,-0.43687086810833775,0.2825711319925842,5.161537070625487,295.73428994715874
39.14604163169861,-0.435655579540696,0.28003978834830684,5.167042109602487,296.04970544659585
39.21278262138367,-0.43400736343332286,0.27669142438195937,5.176224215493378,296.5758013611861
39.246007680892944,-0.43303989379779134,0.274794101921854,5.182670886839439,296.94516842122334
39.31296753883362,-0.4312704143735271,0.2712960524422385,5.192062194659883,297.48325072344295
39.3460156917572,-0.4299232118124389,0.26867320973126396,5.198406586003262,297.8467575709979
39.41269278526306,-0.4278689379259051,0.2647513003052441,5.208259163830813,298.41126869784074
39.44602966308594,-0.42689715301221665,0.2630191227471646,5.2151432819806995,298.8056996134987
39.51266074180603,-0.42499565703556724,0.2595503941454124,5.22573539425757,299.41258294309205
39.54608082771301,-0.42381082674733633,0.25746304030430306,5.231876012215288,299.76441443567154
39.61270761489868,-0.42178782713800206,0.2539036609603591,5.240601463639578,300.2643459766298
39.646029233932495,-0.4203797677372713,0.25147569351618926,5.246536520569604,300.60439968989016
39.712953329086304,-0.4186132298302059,0.24852952716031157,5.254967482218852,301.0874582096287
39.746012687683105,-0.4173019247811626,0.24635189026795618,5.260261437594906,301.39077950960717
39.81267857551575,-0.4153272877078891,0.24311387080172536,5.268917620472811,301.8867422552045
39.845969676971436,-0.4137831726677058,0.2406006656084681,5.275054134599157,302.23833861556653
39.91268730163574,-0.4117983433602212,0.23746995471116558,5.283358716318228,302.7141560986908
39.946223735809326,-0.41028785286370056,0.23510157204281487,5.288320702654043,302.9984569737346
40.012704610824585,-0.40818870870427176,0.231876121755408,5.296126735627222,303.44570971783776
40.04598045349121,-0.40671713295998485,0.22964371753639176,5.301608469051279,303.759789907452
40.11292839050293,-0.40442831116868605,0.22620755513554877,5.3097425266391385,304.22583707755274
40.145997047424316,-0.4029972992206835,0.22411349343388495,5.315023164430398,304.52839533612917
40.21264171600342,-0.40065674787488703,0.22070090668721232,5.322726867905196,304.9697850318554
40.246238231658936,-0.39890422780819224,0.2181709826144518,5.327769993864419,305.2587348648717
40.312962770462036,-0.3966332659800287,0.21497581336237828,5.334925741847115,305.66872902353947
40.3459951877594,-0.39499829738173997,0.21269318736096765,5.339277454138323,305.9180637714809
40.41267466545105,-0.3924652190246943,0.20918588290213277,5.346172856574849,306.31314122913807
40.44607710838318,-0.390730341396542,0.20681779994941182,5.351198901906154,306.60111241426324
40.51265263557434,-0.38845456453505944,0.2037807120475131,5.358333302556281,307.0098834608709
40.5459520816803,-0.38661088427048523,0.20131457233440747,5.363656107332819,307.3148577097386
40.61267685890198,-0.3843066210542579,0.1983159321167433,5.372025054313446,307.7943630506973
40.64602971076965,-0.38274887493240756,0.19631595942207525,5.3773529524882475,308.09962912978887
40.71270394325256,-0.3803694012621308,0.19328791322718683,5.385177579311934,308.547947223051
40.74603605270386,-0.3789461307395447,0.1915211444351573,5.391038597880463,308.8837588506755
40.81265878677368,-0.3763937938645004,0.1883384557358667,5.399764762354483,309.3837312463738
40.845948696136475,-0.3749476691110661,0.1865959329432635,5.405510358403328,309.7129296507597
40.91277885437012,-0.37235181790209393,0.18345275733460042,5.4142200691717886,310.2119593185721
40.94600057601929,-0.37054300823010966,0.1813003731523618,5.4199973269254915,310.5429718050185
41.01270937919617,-0.3680337023361092,0.17837431457012964,5.428264987733069,311.01667387573843
41.04596138000488,-0.3662799759571308,0.1763548707077418,5.434459722404251,311.37160602760054
41.112651348114014,-0.3637360980448176,0.1734718191152551,5.443385332889896,311.8830058380057
41.14608979225159,-0.3620390286417077,0.17158243732067963,5.448778516359446,312.19201248895064
41.21268630027771,-0.3594700631287393,0.16875099531359639,5.456187875058806,312.6165374713225
41.24602174758911,-0.3577493034294326,0.16688210210992332,5.461314337077377,312.91026210882075
41.31268382072449,-0.35524729317166837,0.16419850240238754,5.468770010902225,313.3374407524107
41.346009731292725,-0.3534151147675875,0.16224771690541076,5.47361617711142,313.61510562301646
41.41266918182373,-0.3504005428557277,0.1590569437399449,5.4809556818533265,314.035628268444
41.44596886634827,-0.34854441171520634,0.1571395518800304,5.485910028366921,314.3194914139183
41.5129714012146,-0.34583107835852,0.1543697833767395,5.492808986076302,314.71477257370503
41.54598546028137,-0.34367266115181205,0.1521689606730609,5.4975627616678695,314.98714385185417
41.61271619796753,-0.3404141480990471,0.14888872496706124,5.504926584354151,315.4090598128608
41.64605927467346,-0.33869899482599003,0.1472233581071262,5.50996772736925,315.6978960315478
41.7125039100647,-0.3358004851793781,0.14439986885300585,5.5171796448578245,316.1111084658397
41.74595546722412,-0.33368537578606394,0.14235526369020393,5.522102696448023,316.3931785442833
41.81267690658569,-0.3305412223805515,0.13935465523635912,5.529078634942139,316.79287037813896
41.846020221710205,-0.3283050905002196,0.13724364739840736,5.534222351494538,317.087583627603
41.91267371177673,-0.32539329408405776,0.1345549183515512,5.54125317932672,317.4904203888702
41.94616889953613,-0.323225697865993,0.1325618069554008,5.545628374051017,317.7411005811203
42.012688398361206,-0.32020500134022845,0.1298260381052282,5.552642991059739,318.14300853062076
42.045838356018066,-0.31821398248642824,0.12804769467839067,5.55798149097752,318.4488820448405
42.11264610290527,-0.3149781023775917,0.12517213793377274,5.565977902803362,318.9070426937098
42.14599370956421,-0.31296413471658296,0.12342247062430564,5.572092819936106,319.2574016374883
42.21289944648743,-0.31031682730316,0.12117181318409498,5.580826019996675,319.7577771426022
42.24611020088196,-0.3082783440035713,0.11944169499442397,5.586450834935511,320.0800552991397
42.31260299682617,-0.3049095753336599,0.11660059938859865,5.59533933054594,320.5893285838378
42.345916986465454,-0.302845240573138,0.11490805175650982,5.601457989938423,320.9399019433052
42.41269016265869,-0.29949803467868125,0.11218192920656933,5.61057637345375,321.46234683471505
42.44601655006409,-0.2975109135985735,0.1106118910427882,5.6170235726658575,321.83174413924894
42.51267647743225,-0.29423430561856245,0.10803196595445738,5.626431238158747,322.37076366706236
42.54620289802551,-0.2922245778560127,0.10649333567307287,5.632470053606139,322.7167623054563
42.61259388923645,-0.2890324918820634,0.10406377815877252,5.6421798442177975,323.2730923274601
42.64604115486145,-0.28731467121455123,0.10280822719326524,5.648321812448463,323.6250011849807
42.71287798881531,-0.2842585631219624,0.1005558205725953,5.6565762096919,324.097943309454
42.74594283103943,-0.28198793607366374,0.09889808986830131,5.662542033805048,324.43975985245476
42.812711238861084,-0.2789786363452812,0.09675615462044969,5.671765008098978,324.9681973540546
42.84600114822388,-0.27668301984106675,0.09513394142883883,5.678234169497323,325.3388529991687
42.91270303726196,-0.2734068493179985,0.09286602725202507,5.688269850708268,325.91385517709466
42.94600439071655,-0.27097556123238276,0.0912057196462675,5.694943236142328,326.29621199753035
43.012693643569946,-0.2676203578290039,0.08897044258179235,5.704681568768131,326.85417735648343
43.04599642753601,-0.2652748145866243,0.08743420374682104,5.711172938678495,327.2261054556055
43.1125054359436,-0.26188093380221744,0.08525199955670594,5.7206663058043095,327.7700353252829
43.14604306221008,-0.25973171136247947,0.08390616783639253,5.726395838436524,328.09831336369126
43.212705850601196,-0.2564536281740332,0.08187122078955344,5.735464932899143,328.6179342004048
43.24601364135742,-0.2540577672479438,0.08040077671071875,5.7407576638404745,328.9211853454414
43.312695026397705,-0.25086297085999243,0.0784877431962817,5.748074587575051,329.34041419445174
43.34597945213318,-0.24879725863000324,0.07727166449565062,5.753329378957496,329.64149156288755
43.41269564628601,-0.24539264083297604,0.07527102383515027,5.761922188131913,330.1338232627429
43.445868253707886,-0.24284174616313528,0.07379027975107293,5.767928914819276,330.4779833506174
43.512625217437744,-0.23935497184685633,0.07181619692976823,5.777617177478929,331.0330799118297
43.54613018035889,-0.23689709466357142,0.07044967442278839,5.783552450080999,331.373145982188
43.61274719238281,-0.23311915397906746,0.06837746626189481,5.791513712935808,331.8292927433628
43.64604616165161,-0.2306469749878631,0.06705313980117299,5.796304605058678,332.1037906421057
43.712663412094116,-0.22718245153660047,0.06523035017464453,5.803605992317095,332.52212931660364
43.74597668647766,-0.22493007325059633,0.0640668898701596,5.808741180797616,332.8163539435417
43.81268310546875,-0.22086667766176743,0.06195695294963637,5.816918089218742,333.28485628553716
43.84594941139221,-0.2182438033108428,0.06063259176361928,5.821409589246265,333.54220028079715
43.91291117668152,-0.2144527285024339,0.05874877936912779,5.827414620283844,333.8862632150955
43.946354150772095,-0.21193668446395575,0.057517751717765714,5.831334605653766,334.110861832545
44.012696266174316,-0.20839395951745043,0.055809980777624904,5.837419710735842,334.4595126716416
44.04597806930542,-0.20646606805989948,0.054911750312311824,5.8410885525766245,334.6697218248194
44.112709760665894,-0.20301823959900883,0.05328087091494103,5.84708047812928,335.0130338701432
44.14599800109863,-0.20108205200355989,0.052393384609344146,5.852026657456114,335.2964290702856
44.212708711624146,-0.19779522126182442,0.050881427137226085,5.859306240561623,335.71351845884607
44.246004581451416,-0.19560249986748052,0.04989212364911307,5.864046748016639,335.98512952876877
44.31263089179993,-0.19230823206997144,0.04842389512643786,5.871562713560548,336.4157626334005
44.34599852561951,-0.18973156745157824,0.04728325855936258,5.876210225494436,336.68204545244896
44.41292762756348,-0.18598287185576812,0.0456568207857316,5.882979133915053,337.0698753368609
44.446012020111084,-0.18364559053142557,0.04467062847489527,5.887974706266117,337.3561005488291
44.512842416763306,-0.17985085713247126,0.04307971809553341,5.895690275041301,337.79817007619005
44.546027183532715,-0.1773738004795678,0.04206817509068052,5.901340447053523,338.12190108601334
44.61271071434021,-0.17379431510064458,0.04063558163668132,5.909871908989056,338.6107178479959
44.645992279052734,-0.1711829380636032,0.03960535920018958,5.915520723070977,338.93437105414404
44.712648153305054,-0.1675736014598642,0.03822065665338685,5.923566741204885,339.39537393510267
44.745957136154175,-0.16507330420451788,0.037278970011162454,5.929070941181877,339.7107413633803
44.81263494491577,-0.1615919325519101,0.03600126660795466,5.937200759551929,340.17654564419223
44.845964670181274,-0.15869802774775926,0.03493857178830984,5.943114486191107,340.5153772218112
44.91266918182373,-0.15476909936429084,0.03354504683602129,5.952362022451054,341.0452220204004
44.945965051651,-0.15262551313327036,0.0328282010748938,5.958317955533882,341.3864718491088
45.01277017593384,-0.14885653919032074,0.03155584830646138,5.967446784000144,341.90951519212445
45.046120166778564,-0.14644216748241184,0.030770552313402998,5.973067589179553,342.23156360636983
45.11272931098938,-0.1423876883871345,0.02945748486634816,5.981133930822685,342.693730938632
45.146005153656006,-0.1395810981289002,0.02857398807602158,5.986189062025481,342.983368621437
45.21266317367554,-0.1355663441355275,0.0273441000359862,5.993560102628299,343.4056981385981
45.24597501754761,-0.13301279332666954,0.02658836570089438,5.998290676562048,343.6767400596765
45.31264400482178,-0.1292708068214908,0.025500833114908486,6.006680349448064,344.1574329075405
45.345983028411865,-0.12604909442466816,0.024561975643450452,6.012529342584963,344.49255552868584
45.41266202926636,-0.12196675821325222,0.023432774292609433,6.021556185195969,345.00975551262536
45.44600558280945,-0.11938798765819778,0.022750260302092255,6.027845144559898,345.3700863417078
45.512699365615845,-0.11545690667835395,0.021729306114426174,6.037408670095131,345.91803599214217
45.54599356651306,-0.1129941644490747,0.021120884434790647,6.043195157083787,346.24957727479955
45.61270093917847,-0.10923496954582272,0.02020682179796297,6.051490537161289,346.7248675426973
45.646058320999146,-0.10663075049394548,0.019591003079348503,6.055701561340702,346.9661414556052
45.712647676467896,-0.10273558912783144,0.018688796406645468,6.061340481894461,347.28922780434516
45.746094942092896,-0.09933621902303681,0.01789292362251068,6.065738082708176,347.54119177095436
45.81269836425781,-0.0950494555798107,0.016945332976209683,6.073158586712018,347.96635533223446
45.84597396850586,-0.09217861396504949,0.016333547250890805,6.079094410595839,348.3064529887103
45.91286611557007,-0.08856670112940511,0.015610077884086583,6.0889175335323635,348.86927647461135
45.945987701416016,-0.08594771062209695,0.015096735413795985,6.095118568836632,349.2245696261576
46.01264715194702,-0.08185556837402466,0.014314174303355373,6.104434256083385,349.7583191886603
46.046056270599365,-0.07936085105395856,0.01387130337014835,6.11060299419591,350.1117618474295
46.112663984298706,-0.07583304249709659,0.013272482417821202,6.120065033995749,350.6538967935451
46.14597678184509,-0.073059904554596,0.012805969490372824,6.1274313004815975,351.0759527739529
46.21264457702637,-0.06926423990190442,0.012212721266903794,6.139044425940518,351.74133584970497
46.245975494384766,-0.06688619625848868,0.011875470769791755,6.1457864968213425,352.12762805635424
46.312649965286255,-0.06368328862223895,0.011454379442821187,6.155734689544741,352.69761751318777
46.34595775604248,-0.06115923295785528,0.011122883893267623,6.1619953856568115,353.05632897722336
46.412672996520996,-0.05771638969184839,0.010708363309376436,6.170830661515011,353.562552994732
46.446043252944946,-0.05586261071534129,0.010519032012300734,6.175761040084341,353.84504287815633
46.51264262199402,-0.05207527189583223,0.010091563166707118,6.1836746483669405,354.2984592334691
46.54596257209778,-0.04967917491744101,0.009849939696880226,6.189885328588421,354.6543049980653
46.61267971992493,-0.04624724231945332,0.00953202379948075,6.200081868253073,355.2385236864876
46.64599847793579,-0.04357509969730006,0.009294918971169967,6.207252073539346,355.6493461876334
46.71267056465149,-0.03968255393995773,0.008988028083878554,6.217495285117993,356.23623897974943
46.745967864990234,-0.037011056497027205,0.008804925063926553,6.223443108223878,356.5770241410071
46.81268858909607,-0.032778760840451934,0.008535818924194048,6.232181705542802,357.0777088862457
46.845969915390015,-0.029975155767625054,0.008387571591676557,6.238152899318735,357.4198330882615
46.91265368461609,-0.025811527792609826,0.008196471772233614,6.247191072581848,357.9376822707458
46.945958614349365,-0.023010527867244113,0.00809336615758926,6.25300319206622,358.27069218722613
47.01268553733826,-0.01839090922350898,0.00793628652429789,6.2613245397935255,358.7474702918615
47.045928955078125,-0.016000838574157104,0.00790467138791069,6.266358579780214,359.03589953699884
47.11270809173584,-0.011957193208054549,0.00783986720048491,6.2735187661404845,359.44614799596945
47.14610981941223,-0.009018275968593566,0.007803499811796265,6.277130249077497,359.6530707260438
47.21266460418701,-0.004523993254259973,0.007766680575714837,6.282015290462821,359.93296298016963
47.24598050117493,-0.0020001013410263172,0.007776259982829974,6.285605526450794,360.13866834973646
47.31269955635071,0.002055098862397577,0.00779005560278687,6.291017096481959,360.4487284730617
47.3459529876709,0.005131776325190063,0.007803674435200381,6.294413792101306,360.64334479634084
47.412688970565796,0.008781646994171425,0.007863793972692042,6.299511838571347,360.93544134283576
47.44595456123352,0.011452986812620846,0.007907149033567309,6.3028059242174095,361.12417854770973
47.51268529891968,0.014594168845646429,0.00799392247267097,6.307583213585851,361.3978970660342
47.54595708847046,0.016728655034553036,0.008053658326268703,6.31058835398836,361.5700789279422
47.612957239151,0.020157362361369797,0.008148617304345167,6.313875327578208,361.75840864201143
47.64601540565491,0.022432031878037786,0.008218702316932235,6.315448339566323,361.84853559005387
47.71264696121216,0.025843004878279775,0.008329122962936848,6.317557949706397,361.96940734749813
47.74612021446228,0.02811760850838482,0.008407067489486227,6.319699062385175,362.0920840674541
47.81269717216492,0.031232741064564907,0.00852692074969592,6.322475607456526,362.2511683816703
47.84613656997681,0.03378309641018246,0.008618133987754397,6.323855343765235,362.3302214490003
47.91263389587402,0.038056101014282494,0.008772916056788075,6.326258588235023,362.4679172142573
47.94604730606079,0.040316496818875724,0.008876030979668183,6.327910250633197,362.56255049885317
48.01268410682678,0.04408419594617051,0.009042469387323532,6.329952500740681,362.67956281072213
48.045934438705444,0.046489766688015896,0.009156360450447596,6.331016358566952,362.74051737416943
48.112693071365356,0.05011306693153721,0.009330801993466822,6.332313464525869,362.8148360711967
48.14597702026367,0.052652648487756526,0.009453465827708462,6.333291085209154,362.8708496103136
48.212706089019775,0.05656670893824984,0.009645400462233358,6.334325378158096,362.93011023106806
48.24597883224487,0.05937508740930691,0.009784074299289517,6.334522959014182,362.9414307802344
48.31264686584473,0.06335177466785719,0.009986990740792536,6.334253102423455,362.9259691365119
48.34597635269165,0.0660198822468819,0.010122835718413973,6.3332634555243965,362.86926654598767
48.41301441192627,0.06972190447806531,0.010311736024283962,6.33163631407143,362.7760382080619
48.4460084438324,0.07225090066775225,0.010434796452188741,6.330137783993232,362.69017875910777
48.51290988922119,0.07635469277051167,0.01062464566749543,6.327880150761995,362.5608259032694
48.54608154296875,0.07888431088950819,0.010738606546904325,6.325982585169951,362.45210340349604
48.612701416015625,0.08357705574825286,0.01093292954211072,6.322623187583884,362.25962410010794
48.646052837371826,0.08678501996721837,0.01105740522104573,6.319953948707457,362.1066879779765
48.7127001285553,0.09062260442102812,0.011201685501881716,6.315888213764607,361.8737385251323
48.74600267410278,0.09383457321960534,0.011305072442076857,6.312522163988809,361.6808780793481
48.81271958351135,0.09837041297626768,0.011437336724766453,6.3060506192812396,361.31008588067414
48.84581661224365,0.10116237853322929,0.011500990352332997,6.3009219038865885,361.0162321342369
48.91281080245972,0.10570643847415583,0.01158199482842714,6.293417738924915,360.586275153163
48.94596600532532,0.1089130865902482,0.01161584400750433,6.288372311072301,360.2971934313705
49.01266694068909,0.11394477130740542,0.01164417381063107,6.280124812376036,359.8246465645348
49.04594898223877,0.11687014564125268,0.011632754747147901,6.27448630034386,359.50158362235743
49.11276078224182,0.12149845786717184,0.011591533350012432,6.266240327478913,359.0291241792166
49.14597177505493,0.1245620559850916,0.011539040430455436,6.260500880679736,358.70027810088385
49.21275877952576,0.1290385812460449,0.011435840191955647,6.252821711057978,358.26029409139204
49.24602770805359,0.13169029080671232,0.011349842563113733,6.24910438071991,358.0473067519648
49.31266689300537,0.13580814725599377,0.011205403182795346,6.24369486261442,357.73736419532065
49.34601020812988,0.13915568092279745,0.0110793615293016,6.239377756455746,357.4900122327187
49.412678480148315,0.1437328777840321,0.01087855061677883,6.232607503001022,357.1021052835291
49.44609069824219,0.14666527782348754,0.010728827752853274,6.2269652026588505,356.7788252871775
49.51271367073059,0.1515200212906188,0.010460518715496577,6.219329388060558,356.3413253375509
49.54597997665405,0.1544471971103298,0.01027017015912296,6.214937970314065,356.089715634598
49.612807750701904,0.1591811685434294,0.00994863909782519,6.208654855696403,355.729719684809
49.64604997634888,0.16251336099907002,0.009702769298346051,6.20436315311084,355.48382323973095
49.712684869766235,0.16758499201527238,0.009305983022806719,6.196695098736979,355.0444760870318
49.74602961540222,0.17090455536164995,0.009018742694481227,6.191055936299771,354.7213758793911
49.812671184539795,0.1757402097581563,0.008570023185909808,6.182957054405564,354.2573441280781
49.84606051445007,0.1794674405627376,0.008203890151828592,6.178086096318162,353.9782587874849
49.91263461112976,0.18448102881522827,0.007672461501888529,6.170314823838416,353.53299767294925
49.946061849594116,0.1875185767788121,0.007320481886313519,6.164835457895124,353.2190531299909
50.01269197463989,0.19247501568934014,0.006731623737961594,6.157022975547961,352.771430863978
50.0459840297699,0.19564715272570896,0.006325752621420055,6.1522898275305655,352.5002414587706
50.112738370895386,0.20102040660691564,0.005626965481244913,6.144235542446013,352.0387649164305
50.14603018760681,0.20432077385474462,0.005162367014534557,6.138040554178202,351.6838182345519
50.21269464492798,0.20930640580025248,0.004430764043740088,6.128560605668375,351.1406571949375
50.24585771560669,0.21246023621378657,0.0039339412717305615,6.122151658984414,350.77345159882213
50.31268525123596,0.2171208641566811,0.003168782980903522,6.113130571100742,350.25658133647113
50.345980644226074,0.2205504814272391,0.0025853325517031494,6.10671563038686,349.88903230773906
50.412734031677246,0.22533095743667483,0.0017287451455262302,6.097217182029192,349.34481130492173
50.446088552474976,0.22874157920524918,0.0010924242994692877,6.09125716985036,349.0033277612281
50.51272964477539,0.23352239471826045,0.00015829738103985067,6.083214590025207,348.54252188084973
50.54599571228027,0.23679473887052033,-0.0005050992005079628,6.0770249127271825,348.187879495125
50.612677574157715,0.2419687568973337,-0.0015792843000197558,6.066863793788382,347.6056902648013
50.64597773551941,0.24536348665756727,-0.002324562510409991,6.059992418471112,347.2119894596714
50.7126886844635,0.2502839488598569,-0.0034444999747499858,6.049616351030339,346.61748458737196
50.74613332748413,0.25365850229460407,-0.004246003835154416,6.043804907804631,346.284513417659
50.81269931793213,0.2586978367002621,-0.00547494884254476,6.035310274204095,345.79780676383825
50.845999240875244,0.261928153333947,-0.006297324443835968,6.029971719612752,345.4919301170541
50.91267704963684,0.2665272218137331,-0.007499126139093704,6.021285125622841,344.99422494308845
50.9459753036499,0.2697535236242709,-0.008363745721450381,6.0155940128286325,344.66814819924747
51.01276469230652,0.2748549730161146,-0.009753377229560031,6.007002210462927,344.175874185282
51.04600739479065,0.2781928344894915,-0.010697712756810775,6.00210091074552,343.8950503973459
51.11268615722656,0.28276326858570955,-0.012030325818128535,5.995067182412734,343.4920474496357
51.146148920059204,0.28609568740698543,-0.013013049046585262,5.989948809270327,343.1987862706027
51.21268892288208,0.2909049276411381,-0.014467225561188502,5.9827537096834975,342.786537431101
51.246047258377075,0.29382695163783173,-0.015381984461329958,5.977343382561133,342.4765485212044
51.312708377838135,0.2980215171550148,-0.016721986630464286,5.969600795526801,342.0329309616244
51.34599590301514,0.30120766549300415,-0.017748248217829072,5.964276449949278,341.7278684313632
51.4129638671875,0.3057672650537287,-0.019253459088330437,5.956447405400015,341.2792972210705
51.446301221847534,0.3087994191760791,-0.020280944989947158,5.951067904320159,340.97107451330874
51.51269888877869,0.3138935310646694,-0.022019651305299818,5.943106318297064,340.51490923595503
51.54591250419617,0.3170410451605191,-0.02313530805135659,5.938135275300502,340.230089452474
51.6126184463501,0.32203429536382433,-0.024922158750165017,5.930050472743298,339.7668643877496
51.64607357978821,0.3250323139112606,-0.026036393423395563,5.924640469205876,339.45689401790446
51.71262788772583,0.3295996654201217,-0.027754332475836814,5.915646919094406,338.9416015536778
51.74592137336731,0.3329726662948664,-0.02904351668614913,5.90927347324051,338.5764300052944
51.812726974487305,0.337934441143425,-0.030983499085694904,5.899364095404592,338.00866447769585
51.84599828720093,0.3406357173551349,-0.03209567073428552,5.893118402728381,337.6508126472132
51.912713050842285,0.3455260337481998,-0.03409571833334306,5.883483557414867,337.09877667448745
51.94616222381592,0.34834275704632406,-0.035298610724386975,5.877417320568823,336.7512069056824
52.012714862823486,0.35306839970189124,-0.03732313551452396,5.869534043537358,336.299528403047
52.04595589637756,0.3561277864240111,-0.03866739938041077,5.863729152580427,335.9669326506812
52.11265468597412,0.3603038221232955,-0.04054669109068642,5.854696936080096,335.4494247655638
52.145928382873535,0.3632193905651669,-0.041879127042319414,5.84802195251382,335.066976378897
52.21266055107117,0.3673228698858434,-0.04379771374903924,5.838681490029602,334.53180729985104
52.24602270126343,0.3702170616051343,-0.045172755795455516,5.833124191897682,334.2133975713961
52.31275653839111,0.3745250757733012,-0.04725147222245397,5.825321301066916,333.76632485879185
52.34596133232117,0.37752986991697157,-0.04872530664030002,5.820513647687591,333.49086661079474
52.412702798843384,0.38183580817138324,-0.05087374988910612,5.813046387706762,333.0630241293663
52.44615459442139,0.38444728777129605,-0.05221186446813173,5.80759852955843,332.75088485008087
52.51270604133606,0.38921353485442206,-0.05464176483233927,5.799583098517371,332.2916344804501
52.546011447906494,0.39217201855108663,-0.0561957332965577,5.795093501774803,332.03439953538526
52.6126594543457,0.39633080321208447,-0.05841415927082313,5.787367404327799,331.5917267595652
52.6460485458374,0.39927266749516394,-0.060002307343695716,5.7817695196120935,331.2709915911544
52.71266555786133,0.4035103427849069,-0.062327399110961135,5.773198127882981,330.77988702052295
52.74612379074097,0.406308831265093,-0.06389476969238256,5.7684755245782915,330.50930178284966
52.81263828277588,0.41075932965571693,-0.06640276695096295,5.761309255462107,330.0987048076374
52.84601926803589,0.4136550100477454,-0.06806699343849784,5.7563769218292355,329.8161029073234
52.91266632080078,0.4178504357224133,-0.07051279366738106,5.748770682228828,329.38029748025474
52.94602608680725,0.42072498873055203,-0.07221194273476306,5.742881012143702,329.0428442416526
53.01271414756775,0.42487911830649366,-0.07470866978966084,5.733913737980691,328.5290572783754
53.045955419540405,0.4277296499343901,-0.07645022596349091,5.727299223097638,328.15007349204996
53.112613916397095,0.43147283911981416,-0.07879702418477677,5.718136805873182,327.62510565495063
53.1460394859314,0.4342989076857387,-0.0805793690670253,5.711908054229254,327.2682244741184
53.212748765945435,0.43809529721252977,-0.08303082404762527,5.70316477959177,326.7672717382668
53.246037006378174,0.4407817029914852,-0.08478648080347981,5.697656205138999,326.45165367098946
53.31268525123596,0.4448909525056794,-0.08750219990754825,5.689621422455938,325.9912945339452
53.34594511985779,0.44766307040648934,-0.08936722490598326,5.683849703489974,325.6605993966599
53.412962436676025,0.45164427350631975,-0.09208826729190375,5.674302860560468,325.1136055891249
53.4460346698761,0.4545009035861219,-0.0940688173403861,5.668665832048622,324.79062764640116
53.512712717056274,0.45870154502112276,-0.09702463722395072,5.660938410062824,324.3478789800984
53.54598903656006,0.4615298902377381,-0.09904936321689205,5.656444154547824,324.09037710703547
53.612706422805786,0.46584134825670487,-0.10216245652191125,5.648443941015001,323.6319986364013
53.64599275588989,0.46840849314316424,-0.10406505632052016,5.643153505249064,323.328878995228
53.71278953552246,0.4723207734632481,-0.10698727485702991,5.634933949543257,322.8579331438126
53.74609303474426,0.4747619846419119,-0.1088481334307041,5.628997841845845,322.5178192260158
53.812655210494995,0.47812223675531057,-0.11145162629197664,5.620759252657621,322.0457828363884
53.84603190422058,0.4809912831091339,-0.11366371404018966,5.615613479026637,321.75095172500335
53.91277289390564,0.4846584634463755,-0.1165624142358351,5.607814001783809,321.30407459658096
53.94604253768921,0.4876005214691683,-0.11889240778598448,5.602042851526583,320.9734120439061
54.01270413398743,0.4914902751258683,-0.12204591209580828,5.593915534111945,320.5077510572841
54.04596400260925,0.4940676928663979,-0.1241703807684503,5.588567093959492,320.20130800957025
54.11269450187683,0.49814368659361863,-0.12755418609384028,5.5807281950056735,319.75217218348695
54.14602184295654,0.5006868999307422,-0.1297120422639167,5.5752298254278845,319.4371388124765
54.212674617767334,0.5045101262629006,-0.1329877622316412,5.566821718898055,318.9553897946209
54.24597501754761,0.5070268184857698,-0.13518213255604827,5.56133094598937,318.6407916806885
54.31265091896057,0.5109035819863478,-0.13859074203175537,5.552105385054773,318.1122059754953
54.34618020057678,0.5132811912354937,-0.14073376964357118,5.545618735928703,317.7405483573893
54.4126615524292,0.5168778306749787,-0.14400898998038542,5.5359530153885235,317.1867433644841
54.44601655006409,0.5193290487052343,-0.14627859658548942,5.5295738227203985,316.8212425478997
54.5126793384552,0.5230827367311915,-0.14979253357487454,5.519299234360885,316.2325519986653
54.54599118232727,0.5253923103355645,-0.15201388232567192,5.512578854047243,315.84750256997086
54.612651348114014,0.5289782089008983,-0.1554939721251432,5.5028041483758425,315.287453189017
54.64768958091736,0.5311496949854518,-0.1576579295978049,5.4968677053507635,314.9473200583601
54.7126305103302,0.5346624624341946,-0.16117247247470873,5.488460760032309,314.4656375730154
54.745978593826294,0.5370064552163977,-0.16355693332931182,5.482398403664666,314.1182901392452
54.81266951560974,0.5405865800583215,-0.16723974669151248,5.473160292992811,313.58898538707314
54.84604620933533,0.5426896288344685,-0.16946500940056536,5.4664998615083205,313.2073707732758
54.912930727005005,0.5459998573303648,-0.17299247770961362,5.457287207674195,312.6795245904654
54.94601249694824,0.5481701653000125,-0.17534796925973384,5.451831421008545,312.36693104059987
55.012688398361206,0.5514173597231014,-0.17891004082084264,5.444303966745023,311.9356396808223
55.046260356903076,0.5534647579690687,-0.18119767077983023,5.439077821987224,311.63620364307604
55.112977027893066,0.5566511381712635,-0.1847801522013827,5.431350672571848,311.193470593908
55.146076917648315,0.5586725133011434,-0.18709618589521,5.426031201565534,310.88868735600397
55.21270132064819,0.5618061257648237,-0.19071181713114213,5.4176476326499925,310.4083442398864
55.24616026878357,0.563885983864567,-0.1931523253578516,5.411817138816693,310.07428155076127
55.312907218933105,0.5670722990204224,-0.19692929650746546,5.403309171941169,309.58681095655663
55.34603977203369,0.5692038744350201,-0.19950082359748578,5.39787294281778,309.2753379713203
55.412684202194214,0.5721678919389287,-0.20313604966611062,5.389335808080834,308.78619618175884
55.44613456726074,0.5742644152082351,-0.20573658620130633,5.384028596894617,308.482115379804
55.51271033287048,0.5773605172784437,-0.20962486993356516,5.375843914559014,308.01316762531866
55.54607367515564,0.5795062312177403,-0.21235827794782458,5.370597854054199,307.71259049932246
55.61270999908447,0.5825662144568173,-0.21631554568721906,5.361919880455914,307.21537923741477
55.64584445953369,0.5844117231776846,-0.2187618800717329,5.356373357550067,306.89758688393715
55.71267914772034,0.5873087962034146,-0.22262437196260704,5.348534266665194,306.4484400610144
55.746002435684204,0.5892974201534258,-0.22530986373709433,5.343285019749087,306.1476803670994
55.81252861022949,0.5923261640238108,-0.22944449100301936,5.335637889159045,305.70953205890464
55.846030473709106,0.5943583857115979,-0.23226277915470686,5.329490299202098,305.35730110019455
55.912673473358154,0.5973520671317709,-0.23647649981123228,5.320418237150836,304.83751023317643
55.94600701332092,0.599008791119744,-0.23888844014813332,5.314373661478462,304.49118155820196
56.01281952857971,0.601915021745366,-0.24310367672158695,5.306429416667871,304.0360098591364
56.04610228538513,0.6037031263732677,-0.2457606549807359,5.301671264467661,303.7633878197835
56.11267352104187,0.6063965608464363,-0.24979541299622843,5.294051856303121,303.3268278895678
56.145923137664795,0.6081553687855685,-0.25247459239482073,5.2892130426323,303.04958428837955
56.21258759498596,0.6105378842970672,-0.25616489236517914,5.282256754062985,302.6510183122827
56.245991706848145,0.6121960952309038,-0.2587544843012289,5.27865707507665,302.44477189876375
56.31267976760864,0.6148349401789526,-0.2628886888160252,5.27334159406764,302.14021727086555
56.34596037864685,0.6166198163715367,-0.26571876832283964,5.269926155165395,301.94452703658214
56.41267132759094,0.6190057617363156,-0.26956243625172477,5.264723130990544,301.64641571065863
56.446014642715454,0.6207673746046011,-0.2724077342601958,5.26130823678522,301.4507566852099
56.51265597343445,0.6233511267232367,-0.27662261029830226,5.256210162063637,301.1586585200208
56.546165466308594,0.6249336728298015,-0.27925027596834706,5.252942261944062,300.9714216352989
56.61270189285278,0.6273253851723213,-0.28324237597796675,5.247271265280938,300.6464974608691
56.64612364768982,0.6288179942456649,-0.2857739741372403,5.242974898157738,300.400333757471
56.71268177032471,0.6313031295561057,-0.28999395873515116,5.236302285664666,300.0180212232917
56.745985984802246,0.6329803766111658,-0.2928856544839585,5.231620976374895,299.7498019583925
56.81270956993103,0.6355172266346321,-0.29730767792397733,5.224632754505116,299.3494063389531
56.845983028411865,0.6370841622255481,-0.3001014706839124,5.219616580795869,299.0620007561088
56.912858963012695,0.6393569449850613,-0.30420447207295287,5.211233946176874,298.58171117124004
56.946041107177734,0.6408913757575517,-0.30702094573793826,5.205769154218275,298.2686016560953
57.01291084289551,0.6431701183755743,-0.31125826352500924,5.197679130523458,297.8050774422215
57.046035051345825,0.6448684371779421,-0.31444781948989703,5.192807292571803,297.52594168912003
57.11269450187683,0.6469698064691055,-0.31850978408679265,5.186059731607632,297.13933492386576
57.14604091644287,0.6486983191124449,-0.321841897592512,5.181102723689765,296.85531929115905
57.21271753311157,0.6509617077441933,-0.3263149787621718,5.173399735596673,296.4139705837854
57.24596095085144,0.652383116644611,-0.32918831683957656,5.1679819959898365,296.10355696981276
57.312744140625,0.6547156589880523,-0.3339271200653383,5.160030818008038,295.64798802929835
57.34610843658447,0.6560962312116692,-0.33681953315209645,5.154118638683289,295.30924510626573
57.412720918655396,0.6581057077931698,-0.34109228003852576,5.14502444348407,294.7881861032824
57.44605016708374,0.6593850506662008,-0.3438789237775585,5.138824416642411,294.43295073238744
57.51265621185303,0.6613742696046877,-0.34825688238979424,5.129668108206086,293.908332903066
57.54599857330322,0.662613640000342,-0.35106382478031123,5.123955650484724,293.5810331849851
57.612656116485596,0.6644085340119928,-0.3551951832988763,5.116301214974749,293.14246633570843
57.64604210853577,0.665615952100178,-0.35802155760438115,5.111728141824886,292.8804485448167
57.712692975997925,0.6672891091965658,-0.36200994135316567,5.104807996297887,292.4839534125033
57.74600625038147,0.6683551883885304,-0.3646022022031849,5.100609605088186,292.2434033154426
57.81271171569824,0.6702001569424122,-0.36907501588574876,5.094004771528955,291.8649742281123
57.84601831436157,0.6711805838695282,-0.3715533892011152,5.08943134249021,291.60293604628964
57.91264247894287,0.6729183904487201,-0.37591561955593633,5.082108759486707,291.1833829450547
57.946128129959106,0.6740842157978859,-0.3789064955466264,5.07741618901661,290.9145184620504
58.012706995010376,0.6758961197936739,-0.3836098312135158,5.069696025286401,290.47218566315945
58.046162605285645,0.6770177720878408,-0.386613814390492,5.06437285475761,290.1671904582313
58.11275362968445,0.6786215839046325,-0.3909930200740075,5.056345592147438,289.7072621896253
58.146005630493164,0.6798548890655298,-0.3943908739524273,5.050852944329314,289.392556651295
58.212769508361816,0.6814078913871876,-0.39882572906655545,5.042045318807479,288.8879168813622
58.24607849121094,0.6824441364435934,-0.40185748146833733,5.0363916790777585,288.5639871859617
58.31267952919006,0.6839765833879631,-0.40642184211562005,5.027455663817468,288.0519912258826
58.34601593017578,0.6849250790644856,-0.4093474612791305,5.022054773635306,287.74254301283105
58.41270327568054,0.6866287982443909,-0.4145893134493633,5.0147507418217385,287.32405281648437
58.44606399536133,0.6876640806603741,-0.41790132670422087,5.00918895919866,287.00538614561276
58.51300811767578,0.6891346821762923,-0.422724180501637,4.999510418275857,286.45084659889153
58.54633855819702,0.6901203787303841,-0.42605282352769697,4.991944635592552,286.01735918242497
58.61293387413025,0.6914635221680719,-0.4307613388357079,4.981443675197189,285.41569847093666
58.64604640007019,0.6923087208258224,-0.43385054870543915,4.975189831696573,285.057379632616
58.71270775794983,0.6935656346251762,-0.43853947431841955,4.9656253964642,284.5093778603748
58.745962381362915,0.694365472114016,-0.44164184921863503,4.959380493870933,284.1515712983103
58.81288528442383,0.6955841469407475,-0.4464614561731159,4.9503887019379595,283.6363795702911
58.846205949783325,0.6963735609755318,-0.44970721772646455,4.9445905311041525,283.30416885261815
58.91269779205322,0.6975239429835765,-0.45456699010202123,4.935484395633348,282.78242572246666
58.94601130485535,0.6981221310127694,-0.4572954355639008,4.929099641771838,282.41660627297233
59.012693643569946,0.6992260061543323,-0.46224929636948314,4.919782027432869,281.8827462962188
59.04599142074585,0.6999503731307284,-0.46565089027363915,4.914391906978319,281.573915143106
59.112664461135864,0.700919863138127,-0.4704095457525859,4.9061451038569315,281.1014081297751
59.145997524261475,0.7015024357006439,-0.4734221509998364,4.900408997268349,280.7727534314122
59.212666749954224,0.7024656845277847,-0.4784332629020392,4.891906773596231,280.2856118985236
59.246177673339844,0.7030044317925337,-0.48145115954825923,4.886463627310705,279.9737425890906
59.31267595291138,0.7038980587557625,-0.4864800690452594,4.878763947153299,279.5325834124706
59.346131563186646,0.7043967571139835,-0.4895052922506749,4.873603272404003,279.2368985298962
59.41269564628601,0.7051964245432238,-0.4944018344062315,4.865349032415169,278.76396541544796
59.4460084438324,0.7057074223052153,-0.49770003021470893,4.859167073927293,278.4097652849676
59.5127317905426,0.7063615803850938,-0.5022157564659332,4.849960590382828,277.8822726337131
59.54600477218628,0.7067306433663888,-0.5049844301971582,4.8442937236227,277.55758508529476
59.61268711090088,0.7073849660402151,-0.5098361488061923,4.836050769427736,277.08529859920367
59.645983934402466,0.707848709490101,-0.5134217770055205,4.830235200366207,276.7520910365112
59.71267890930176,0.7083710786376274,-0.5179456988870822,4.82224925730339,276.29453020358005
59.745980739593506,0.7087036850302001,-0.5209964944335785,4.817294452209149,276.0106407833701
59.81270384788513,0.7091870956896337,-0.5256109953469309,4.809836411554276,275.5833265304089
59.84596848487854,0.7095208429672617,-0.528941204393922,4.804792769670552,275.2943471370961
59.912672996520996,0.7099463484511288,-0.5335747893872191,4.797020822785639,274.8490473819907
59.94597601890564,0.7102519531311777,-0.5370421492070852,4.791530041275177,274.53444877521275
60.01267457008362,0.7106163869812401,-0.5417118093911666,4.782356597746332,274.00884917740836
60.04595327377319,0.7108697771760523,-0.545179989967621,4.776645383994025,273.68162073350413
60.11261820793152,0.7111352740730676,-0.5495799297088187,4.767305122414747,273.1464631654633
60.145999908447266,0.7113141884281197,-0.5527808728869202,4.761152603227324,272.7939497826507
60.21267914772034,0.7115621221128436,-0.5577055182053612,4.751248811920847,272.2265043396112
60.24614238739014,0.7117184475387013,-0.561310599343252,4.744914596904807,271.86358055266373
60.31268525123596,0.7118709171784031,-0.5661671312164503,4.735467729033414,271.32231489401516
60.34595513343811,0.7119669644955495,-0.5697839661925893,4.728378291575218,270.9161200485386
60.41267681121826,0.7120224226066824,-0.5743802683215743,4.718026461966594,270.3230039017258
60.44596076011658,0.7120390166658648,-0.5775873942718213,4.712085365510542,269.9826041491139
60.512633323669434,0.7120415607563519,-0.5825452062391719,4.703406147828138,269.4853216064369
60.54596829414368,0.7120180563270336,-0.5860253369202588,4.69677368901098,269.1053097084194
60.612738847732544,0.711934137396002,-0.5907364643821882,4.686089043150542,268.49312459502437
60.64636516571045,0.7118477664335404,-0.593942047303728,4.6793005454678,268.10417232856895
60.7126522064209,0.7116880041620142,-0.5989006801786444,4.668788060487444,267.5018513069998
60.74601459503174,0.7115450115826619,-0.6022375112131126,4.661567003646402,267.08811522638405
60.81272649765015,0.7112968995157837,-0.6069362920340898,4.65030571957069,266.44289117694785
60.84603309631348,0.7110973902402999,-0.6101353021807773,4.643387154445932,266.0464865950129
60.91266894340515,0.7107654726899211,-0.6149325502110249,4.633074596886063,265.45562057084663
60.94599461555481,0.7105110342667439,-0.6181303901453916,4.626242236170363,265.064155137726
61.01272654533386,0.7100842149658165,-0.6232067448827576,4.616020506977134,264.47849319562835
61.046030044555664,0.709764794595725,-0.6265338888484316,4.609537741094653,264.1070580709908
61.11269283294678,0.70925261240174,-0.6315005943876274,4.599852624352047,263.552141757548
61.146090269088745,0.7088973391742268,-0.6345483839164957,4.592337351181736,263.12154832300126
61.21271109580994,0.7083294445992487,-0.6391937427757612,4.581383369685956,262.4939314144287
61.24602770805359,0.7078999185436696,-0.6425085750298272,4.574566207172543,262.1033367741553
61.31265878677368,0.7072228871284304,-0.6474251572083362,4.56529340901254,261.57204457531043
61.34615659713745,0.7067358450919118,-0.6507308530602486,4.5591796817593755,261.22175380661
61.41265654563904,0.7059928539574097,-0.6555189698350133,4.549436372125734,260.6635032861132
61.446088552474976,0.7054875868979475,-0.6585413664463959,4.543267633178294,260.3100605795069
61.5126838684082,0.7046229923138081,-0.6637083997648341,4.534403019582886,259.8021556334757
61.54612994194031,0.7040128110390672,-0.6671322480902037,4.528830509154792,259.4828743046533
61.61303472518921,0.7031360273430879,-0.6717841599045816,4.5203043457478085,258.99436112599426
61.64611458778381,0.7025217880559743,-0.6749282655915093,4.515037724311612,258.6926059454071
61.71271586418152,0.7015504104216386,-0.6798030741586678,4.508090181367147,258.2945410567034
61.746044635772705,0.7009420640054695,-0.682672534347445,4.503674835493779,258.0415603730689
61.812684774398804,0.6999731266012287,-0.6872274679087484,4.4973164995982815,257.67725456153033
61.84619998931885,0.6993640625327541,-0.6899574211218525,4.493022132461189,257.43120544889524
61.91265940666199,0.6983388605229054,-0.6945842801359102,4.486590109437424,257.06267767590253
61.9460825920105,0.6976764588245515,-0.6974446652974259,4.481908660778525,256.7944504257404
62.012686252593994,0.6965997708975914,-0.7020589990787368,4.474688647356857,256.380774128651
62.046310901641846,0.6958473366441008,-0.7051851568852477,4.4696465799995035,256.091884949054
62.11265802383423,0.694703560644521,-0.7098141339208961,4.462460422276066,255.6801484405857
62.14596605300903,0.6940579546552947,-0.7122547963401794,4.456555770615705,255.34183682095212
62.212682008743286,0.6929685929551033,-0.7163965369030391,4.447605162979106,254.82900477929743
62.24597430229187,0.6922312702699637,-0.7191027802315205,4.440802185293984,254.43922286981828
62.31265616416931,0.6909250427335205,-0.7238831812587841,4.430670991503566,253.85874822419814
62.34595990180969,0.6900381003549444,-0.7269685988618372,4.4236544510114175,253.4567300672154
62.4128143787384,0.6887575840664253,-0.7312577561249145,4.412635927257767,252.8254151596666
62.445942878723145,0.687814505109178,-0.734331846176455,4.405523602346611,252.41790895973162
62.5126850605011,0.6863458945017699,-0.7390042022196657,4.3950565824415255,251.81819289509076
62.54596781730652,0.6853453189472454,-0.7420542235935297,4.389058275416236,251.474515218318
62.612579584121704,0.6837824284889925,-0.7467391725029706,4.3792211978237345,250.91089218952496
62.64595699310303,0.68269445673303,-0.7498966761309995,4.37261886259841,250.5326062461833
62.712636947631836,0.6809964962607709,-0.754725782982409,4.362650175978585,249.9614425755788
62.74604153633118,0.6798525902783648,-0.7578636548284167,4.3563161971500985,249.59853232118132
62.81271052360535,0.6780643656845081,-0.7626857127247435,4.347495509185753,249.09314412842244
62.84593486785889,0.6768697303863476,-0.7658071533371742,4.340852222021796,248.71251181183433
62.91262364387512,0.6750468033316519,-0.7704808162979605,4.331048411822482,248.1507948642663
62.9460072517395,0.6738023154858437,-0.77358187874376,4.324756350994399,247.79028633437753
63.012757301330566,0.6720544893364334,-0.7778165743930258,4.31646175509654,247.31504099666373
63.04596948623657,0.6708638994735797,-0.7806482685464491,4.311766812536913,247.0460406029407
63.112600326538086,0.6690450256909636,-0.7849314681480133,4.304615795837404,246.6363175268313
63.14597845077515,0.66787278588804,-0.7876239961052407,4.299183201084226,246.32505277566926
63.212644815444946,0.6659158145018749,-0.7921138646871901,4.2905323350501785,245.8293946627853
63.24595594406128,0.6648073423838973,-0.7945359912446099,4.285116331263428,245.5190805039776
63.312954902648926,0.662857370601391,-0.7988377421655818,4.276435236017737,245.02169038484843
63.34611678123474,0.6615060535234714,-0.8017516077874524,4.270705128213725,244.6933793915236
63.412641286849976,0.6595861307964883,-0.8057974529413602,4.262450440530278,244.22042062606343
63.44605469703674,0.6581396054251178,-0.808817673150421,4.257107032351743,243.9142658892177
63.51268744468689,0.6560994458469726,-0.8129782080006661,4.2477443564524435,243.37782407523898
63.5459668636322,0.654776818280624,-0.8156011748272515,4.240752375392937,242.97721307009382
63.61260676383972,0.6526262128653795,-0.8198319889796537,4.230439674080941,242.38633880953742
63.64598298072815,0.651026947266466,-0.8229232861598625,4.224364786937086,242.03827341517623
63.712618350982666,0.6487087963305906,-0.8272999332268671,4.2154441109346985,241.52715632983583
63.745975971221924,0.647179298572331,-0.8301160707168341,4.2090646025738065,241.1616374253883
63.81273293495178,0.6449113861096694,-0.8342191429317387,4.1996654552677555,240.6231059537298
63.84604096412659,0.6433442051103571,-0.8370061180368192,4.193301427529672,240.25847402363345
63.9127631187439,0.6408298201123421,-0.8414290231929875,4.184848184342595,239.7741388658162
63.946049451828,0.6391495836941481,-0.8443173419167097,4.178418047159909,239.40571914355814
64.01274275779724,0.6366775800631388,-0.8484895943759236,4.168761656623428,238.8524487204877
64.04594278335571,0.6349530337710259,-0.8513489806158753,4.16231976789041,238.48335568399293
64.11285161972046,0.6323479687194665,-0.8555996693839493,4.153174127222223,237.9593490727626
64.1459448337555,0.6305766298165816,-0.8584316712665002,4.146331050702574,237.56726966930162
64.21261405944824,0.6279691676000927,-0.8625263591958513,4.13614949853362,236.9839097011283
64.24600553512573,0.6260802901707095,-0.8654476156963268,4.129859923733822,236.623543610168
64.31258368492126,0.6232506827882922,-0.8697527225132274,4.120715446621865,236.09960366579895
64.34590768814087,0.6214587670762486,-0.872404652850002,4.114952417365698,235.76940641221015
64.41261005401611,0.6187211683386988,-0.8764185146118637,4.10599030944661,235.2559154529056
64.4460437297821,0.6167452529677803,-0.8792798807761415,4.100041974937332,234.91510099039195
64.51266670227051,0.6141745931665406,-0.8829006713227017,4.091056927434613,234.4002956897616
64.54598116874695,0.6124605700123321,-0.8852782935265044,4.085581384337963,234.08657017978155
64.61263680458069,0.6094264985726707,-0.8895024575232775,4.077514239752819,233.62435684233103
64.64600396156311,0.6075280631712277,-0.8920760359715388,4.072069580783208,233.31240086248425
64.71260833740234,0.6045612440948345,-0.8960642549251092,4.064317340950482,232.86823023829584
64.74594354629517,0.6026239494979968,-0.8986188491880961,4.059579983513171,232.596799651093
64.81268167495728,0.5995235506965199,-0.9026861016552175,4.052854177179987,232.2114393343792
64.84599113464355,0.5976383148630053,-0.905101636812467,4.047314007511387,231.89401099458206
64.91260361671448,0.5944031329284998,-0.9092482214992382,4.038825236430965,231.40764023842112
64.94591498374939,0.5922410302057495,-0.9119635488861912,4.032928651317418,231.06979079787524
65.01264667510986,0.5891629892815917,-0.9157614899729891,4.023868132282544,230.55066129697903
65.0459532737732,0.5870408568892654,-0.9183399760461758,4.017555846348485,230.18899395387766
65.11267590522766,0.5837475674303032,-0.9222993539909623,4.008066357206747,229.64528627632083
65.14594411849976,0.5814171954164706,-0.9250550354481942,4.001940417675055,229.29429579560252
65.21379733085632,0.5780254489166813,-0.9289984485847023,3.9925420524553417,228.7558091341904
65.24621486663818,0.575651807914068,-0.9317133192148737,3.986402256423459,228.40402473449237
65.31267404556274,0.5721812322636196,-0.9356197848398713,3.9764184802217044,227.83199649452868
65.34589910507202,0.569678042062799,-0.938397611304274,3.969689743826231,227.44646829761197
65.41264152526855,0.5664020519382604,-0.9419345723764178,3.959784227760303,226.87892403313526
65.44595003128052,0.5640320128963578,-0.9444683143580981,3.9537129801411037,226.53106716817632
65.5129930973053,0.5606483207383894,-0.9480232039585998,3.9445479678723094,226.00595064598878
65.54603028297424,0.5584171322387829,-0.9503244070572184,3.938309542114098,225.64851517923756
65.61274242401123,0.5551155623869183,-0.9536872048109638,3.92919489802721,225.12628454129498
65.64613342285156,0.5525770403435842,-0.9562588906747667,3.9235244220712495,224.80139020118807
65.71270632743835,0.5494149788032838,-0.959367248493333,3.9151143219193276,224.3195269572006
65.74598288536072,0.5476811694768282,-0.961016779803678,3.909014978129996,223.97006030027256
65.81269907951355,0.5442117450363448,-0.9643871898911718,3.899864061541358,223.44575140106735
65.84608745574951,0.5421685272149932,-0.9663087208620283,3.8941145106040462,223.1163263982639
65.91267347335815,0.5391411984308887,-0.9691272832290597,3.886105208355985,222.65742718260535
65.94600772857666,0.5370737536280474,-0.9710295517464963,3.8814291769554496,222.38951031848404
66.01281976699829,0.5335390506405469,-0.9742827570002308,3.8749709687817524,222.0194822469143
66.04604625701904,0.5313520394170058,-0.9762507919116059,3.870670325491732,221.77307353720485
66.11273860931396,0.5281556105501517,-0.9790973247326898,3.863897830271729,221.38503814432616
66.14599084854126,0.5258479432031918,-0.9811390216514795,3.8584821214692084,221.0747408868699
66.2126841545105,0.5223091502048478,-0.9842352716174068,3.8502919878871755,220.60548079897103
66.24611973762512,0.5198757591052954,-0.9863309589760204,3.8445651340617415,220.2773562448853
66.31263184547424,0.5162479092446106,-0.9894110535432994,3.8371416507814557,219.85202198363902
66.34614205360413,0.5136830548614345,-0.9915627532999116,3.831762279619934,219.54380671964944
66.41297674179077,0.5095564383903135,-0.9949962334715605,3.823586484662097,219.07536817440104
66.44604158401489,0.5071704828946043,-0.9969188620233079,3.8176237688065764,218.73372972144398
66.51279544830322,0.5033958885027333,-0.9999432214103272,3.808622736989302,218.21800858705117
66.54598259925842,0.5005605598903139,-1.0021923401284447,3.80261061528935,217.87353938772492
66.61274266242981,0.49660313323920313,-1.005268709912647,3.7925853592615737,217.29913452879524
66.64605689048767,0.49415968878758215,-1.0071154348291096,3.7860632819295947,216.9254470240149
66.71275305747986,0.4901768361956963,-1.0101125665334203,3.776933179975065,216.40233071549622
66.74609732627869,0.4879184126787911,-1.0117532099559317,3.7720537441089337,216.12275963396212
66.81269693374634,0.48416167617630934,-1.0144909025373714,3.7648205204528873,215.70832644619648
66.84597849845886,0.48155460471338635,-1.0163689670606042,3.7592399471913023,215.3885831510441
66.91261410713196,0.4776663105829636,-1.0191338572902937,3.7507795239134913,214.90383660433127
66.9460141658783,0.47503313618191273,-1.0209736090483252,3.7452632845872964,214.58777937215623
67.01261734962463,0.47120346115546596,-1.0236090291647209,3.7374842281245892,214.14207226824914
67.0458824634552,0.46865631057711266,-1.0253333628002623,3.7316396216149146,213.8072009823301
67.11267113685608,0.464711913082376,-1.0279782387896819,3.722807806663559,213.30117526017688
67.14603424072266,0.4620146985255585,-1.0297531635440926,3.716283670870127,212.92736981424298
67.21261954307556,0.45882159011646034,-1.0317794880286182,3.70688723960049,212.38899396000804
67.24594712257385,0.45644699901879915,-1.033283668457219,3.7009335683153273,212.04787372276
67.31260371208191,0.4525093179082501,-1.0357664127905941,3.6932278571047266,211.60636899224593
67.34592509269714,0.44977526399639306,-1.0374606003852198,3.6884431435819365,211.33222510121087
67.41264462471008,0.4457376125571731,-1.0399268484923017,3.681387541187338,210.927968862078
67.44602012634277,0.4427572557189244,-1.041729072211256,3.6764160927732994,210.64312584988656
67.51265025138855,0.438747731201363,-1.0440992423242093,3.668371731510157,210.18221790062998
67.54602718353271,0.43574171258839045,-1.045861019342148,3.663624036726998,209.91019502713868
67.61261439323425,0.43123633347349405,-1.0484674900654383,3.6565846570319227,209.5068682802208
67.6459732055664,0.4284004797198242,-1.0500647215993453,3.651447531601737,209.21253267424183
67.7126533985138,0.4239175277171096,-1.052577237160436,3.64289434551165,208.72247120988985
67.74607157707214,0.4212186778683035,-1.0540429599850234,3.636830614574971,208.37504501911522
67.8126471042633,0.4168400277667976,-1.0564104181982914,3.62765262648387,207.8491850370738
67.84597444534302,0.4142394240511128,-1.0577680727506829,3.621693818502779,207.5077704888284
67.91265630722046,0.41010841675992177,-1.0599140789400654,3.6124159539887044,206.97618800927773
67.94594264030457,0.4073676041406068,-1.0613060995385952,3.6067665345486377,206.65250011866277
68.0126600265503,0.40339579597004893,-1.063291503237315,3.599326673671081,206.22622749021428
68.04602217674255,0.40047677388926745,-1.0647355186740435,3.5942186029744128,205.93355659784072
68.1126172542572,0.3964475022229875,-1.0666880709830107,3.5865164893634485,205.4922579946022
68.1459629535675,0.3936700074387491,-1.068013540635393,3.581411479788352,205.19976249157529
68.21265482902527,0.38899693451210043,-1.0702350862032404,3.5738189777416403,204.76474416835427
68.24595713615417,0.3858408457341205,-1.0717004425521124,3.5683465631983253,204.45119791127632
68.31262588500977,0.3815562789619333,-1.0736385370530146,3.55924007507442,203.92943457559053
68.34592652320862,0.37850361863130827,-1.0749975718431661,3.5525788952919264,203.5477770874758
68.41266822814941,0.37420294426821354,-1.076863781067762,3.542850974698809,202.99040829405175
68.44588875770569,0.37149749855929504,-1.0780002640895623,3.536793465770644,202.6433385981051
68.51283121109009,0.36722606973854405,-1.0797804721124769,3.5282884316314562,202.15603603731495
68.54592037200928,0.36425210745946823,-1.0809957120266653,3.5232520306139095,201.86747151507413
68.61261105537415,0.3600808764399323,-1.0826616474407151,3.515423763659452,201.41894485768196
68.64595890045166,0.35697175879419263,-1.0838927034826475,3.5102509528056087,201.1225646275373
68.71254754066467,0.3527765437724009,-1.0855050140935119,3.5030979888997167,200.71272998472028
68.74590229988098,0.34989800329718795,-1.086592803557955,3.4981454668014447,200.42897137054402
68.81258606910706,0.3458473621294049,-1.088091257888564,3.4900766780666084,199.9666638302552
68.84597611427307,0.3432059490509253,-1.0890439385477164,3.4848505974136983,199.66723146544848
68.91255164146423,0.3390611269303609,-1.0905262164867313,3.477006628059577,199.21780512682736
68.94589185714722,0.33628134039253244,-1.0914955740431227,3.4716283790404505,198.90965415686105
69.01259660720825,0.3319840084455253,-1.0929736168098323,3.4627548033738105,198.40123572197257
69.04592394828796,0.32931681255326206,-1.0938544422336152,3.456546949161768,198.04555187579004
69.11259579658508,0.32500289383792347,-1.0952666543639193,3.4470144185764826,197.4993781051738
69.1459493637085,0.32181136237147423,-1.0962885101732738,3.4408867170725776,197.1482866708841
69.2126932144165,0.31795343729248765,-1.0974573025798449,3.4317064492120752,196.6222960676777
69.24596285820007,0.3148733155471823,-1.0983898115275905,3.4258339068647903,196.28582417616641
69.31293153762817,0.31089438629121713,-1.0995397228248447,3.417324078155274,195.7982469067319
69.34593534469604,0.30780519600983763,-1.1004275622055573,3.4123082702593757,195.51086228344852
69.41255116462708,0.30354256706769767,-1.1016088421777228,3.4053328262590297,195.11119878199884
69.4459900856018,0.3005698012978657,-1.1024159146328694,3.4000264593497467,194.80716635354904
69.51261806488037,0.2961508887581883,-1.1035871066365965,3.391908342873046,194.34203254183848
69.54593420028687,0.2934307403657,-1.1042747184173807,3.3865221183006464,194.03342460633033
69.61263799667358,0.2891401154507977,-1.10534677307563,3.3787455254225587,193.5878586554244
69.64601850509644,0.2866843558233143,-1.1059251564636379,3.3734855067306007,193.28648178421528
69.71261692047119,0.28217194603000795,-1.1070059904862193,3.366045757943329,192.86021557806706
69.74592471122742,0.2794333788188225,-1.1076265202171298,3.361504901112922,192.60004364631158
69.81275367736816,0.27500990111676205,-1.1086217891372177,3.35474569841284,192.21276985872345
69.84593176841736,0.2722714290559728,-1.109209605495628,3.349883123648837,191.93416484717926
69.9127357006073,0.2678342237638759,-1.1101534683930834,3.3426820638960115,191.52157451532082
69.94599342346191,0.26521410809053253,-1.1106775362775265,3.337367984962753,191.21710022044573
70.01267313957214,0.26106271206699433,-1.1114988645654842,3.3294478125489158,190.76330776811693
70.0459656715393,0.2584370069486044,-1.1119922537243185,3.324328670903436,190.47000255710128
70.11257362365723,0.25402934298256896,-1.1128176780940937,3.3173741434366746,190.07153748474803
70.1458535194397,0.2509966932250682,-1.113363854376814,3.3132407253688565,189.83471007449893
70.21254229545593,0.24666035701897376,-1.1141163948585413,3.307962655774732,189.5322989627793
70.24598407745361,0.24402440783753626,-1.1145504452760517,3.305298409162037,189.37964887628985
70.3126449584961,0.23971274208459992,-1.1152658408007203,3.3015820325016434,189.16671617856835
70.3462061882019,0.23694209975286212,-1.1157108112959366,3.2991993080161004,189.03019612180427
70.41269421577454,0.23262926154530128,-1.1163988204444426,3.2952165504280537,188.80200092118548
70.44607257843018,0.22971862071353716,-1.1168508111520945,3.291724408401949,188.60191592162943
70.5126440525055,0.22509533080037827,-1.1175593967797595,3.2853336159158517,188.23575048443212
70.54591584205627,0.22232216236962035,-1.1179555518768072,3.2815624440392526,188.01967825208456
70.61269783973694,0.2182493687235497,-1.1185224566546708,3.277276626252607,187.7741189811477
70.64602065086365,0.21573032974086462,-1.1188572585936407,3.2755281550736366,187.6739389619924
70.71258187294006,0.211304541157744,-1.119462296674373,3.2717753019707505,187.45891631806447
70.74594354629517,0.20838095524472627,-1.11984743366251,3.268466386842923,187.26932944647297
70.8126049041748,0.20389784291726482,-1.1204245846987768,3.263220524889989,186.96876369666157
70.84588932991028,0.2008440341317403,-1.1208014882608637,3.2594305234593497,186.7516126103374
70.91259336471558,0.19588165654482084,-1.1214025671856456,3.2535500350627022,186.41468544373384
70.94598889350891,0.19296519231000286,-1.1217246627079078,3.2495026897683776,186.18278964013692
71.01287961006165,0.18838369537245964,-1.1222208284019857,3.243426906227345,185.8346728860007
71.04594922065735,0.18505800812979106,-1.1225677170327781,3.239339730726916,185.60049497969683
71.11256766319275,0.18015120759799136,-1.1230537226088628,3.232393816274096,185.20252339669133
71.14597463607788,0.17736735751031574,-1.1232945832499721,3.2275438323519214,184.92463978724442
71.2125244140625,0.17233979919190484,-1.1237392685240202,3.2204931122420475,184.52066328242063
71.24614405632019,0.16914702078508856,-1.12399072170356,3.216105262684287,184.26925802162262
71.31253051757812,0.16506614685883553,-1.1242747542309255,3.2092319776305867,183.87544779665524
71.34618401527405,0.1618592145656388,-1.1244980947831582,3.2050994605880097,183.63867201134968
71.41262102127075,0.1572687975865786,-1.1247904156905595,3.198765349055194,183.2757541535542
71.44593119621277,0.15420709423751047,-1.1249652848087226,3.1945620513131288,183.034922932897
71.51251935958862,0.14960298974024175,-1.125209608614111,3.187508627710025,182.63079152932121
71.54586338996887,0.14639684753050825,-1.125360981567735,3.1831778130818624,182.38265412927396
71.61251950263977,0.14149261100355554,-1.1255722263202328,3.1770778251193375,182.03315056394067
71.64615225791931,0.13883185743485063,-1.1256510146295908,3.173818462950971,181.84640286778867
71.71274065971375,0.13453481816086565,-1.1257829909972545,3.1690910639615377,181.57554285761972
71.74606919288635,0.13172784193780893,-1.1258559760696656,3.166105036015663,181.404456058813
71.81274247169495,0.12704982842885765,-1.1259787767841538,3.161638471044037,181.14854073701787
71.84600925445557,0.12410812509118392,-1.1260355093170447,3.1579925931832205,180.9396473229729
71.91279530525208,0.11954390376136578,-1.1261128045695492,3.151467496829182,180.56578684097028
71.9460380077362,0.11660275684722385,-1.1261399023203016,3.147204301037385,180.3215237148624
72.01283860206604,0.11160054275786069,-1.1261820514301681,3.1413953519696807,179.98869544987647
72.04623246192932,0.1086670469127359,-1.1261750777982582,3.137969815642149,179.79242667574016
72.11278438568115,0.10434168485609964,-1.1261515609237676,3.1317843616562917,179.43802626797816
72.14611339569092,0.1008603250685447,-1.126130522697594,3.1272163134855657,179.1762963871831
72.21277236938477,0.09680360902944875,-1.1260553822612598,3.1200057337314013,178.763160599427
72.24608063697815,0.09372365330771992,-1.1259928747635657,3.1161030886674648,178.5395555083259
72.3127555847168,0.08887150525084919,-1.1258796948932583,3.1109561712706877,178.2446588639881
72.34606051445007,0.08593394234637873,-1.1257848662658583,3.107698440857806,178.05800466053856
72.41281342506409,0.08134329740266895,-1.1256295234486324,3.1021418271722587,177.73963414797205
72.44618916511536,0.07895155794408396,-1.125516790393233,3.0977095983411966,177.485686142116
72.51275038719177,0.07501744023492611,-1.125335673011176,3.0907272925038227,177.08562948636492
72.54598879814148,0.07166190807897492,-1.125182002839282,3.0866532365508443,176.85220327475912
72.61259746551514,0.06741154947508163,-1.1249450312189795,3.080551609563105,176.50260580019852
72.6462767124176,0.06433708340367399,-1.1247624923311184,3.076646784583177,176.27887580911138
72.71256375312805,0.06022740703165047,-1.1244876474957435,3.07054362300183,175.9291904088138
72.74591112136841,0.05678576623469059,-1.1242606148998904,3.0665545391355615,175.70063273915292
72.81268358230591,0.052308427662643285,-1.1239211496665522,3.0606263957812243,175.36097514460087
72.84595823287964,0.04910756484832238,-1.1236672976393496,3.056959545452924,175.1508800966831
72.91260933876038,0.044234212981624665,-1.1232616806817945,3.0522689902881726,174.88213108216954
72.94593143463135,0.04062747273198308,-1.1229508211936476,3.0498104037074802,174.74126444752838
73.0126302242279,0.03595226091762434,-1.1225137916710703,3.0459527964338764,174.5202398317319
73.04592967033386,0.033034845494929826,-1.1222266295886112,3.042613917313085,174.3289361498062
73.11258244514465,0.0284231119503566,-1.1217667080855196,3.0379074159596047,174.05927348597916
73.14624500274658,0.025231115924792713,-1.1214364214422514,3.034597484248262,173.86962836844273
73.21252274513245,0.020479365671317945,-1.1209275748511052,3.0295753804271324,173.58188301521548
73.24589705467224,0.01701697192296049,-1.1205456837277095,3.026667396979812,173.41526783679012
73.31258416175842,0.012368937173347833,-1.1200039725479976,3.0223344103716054,173.16700599145318
73.34590482711792,0.00931870224791495,-1.119634999504177,3.019141771109941,172.98408123625205
73.41262340545654,0.005139394885657206,-1.1191086658155778,3.014465390262646,172.71614435030622
73.44610261917114,0.0018099371793107721,-1.1186909301503685,3.0115336394106316,172.5481673999019
73.51261138916016,-0.002620632611862142,-1.1181073985263505,3.006757145092609,172.274494434611
73.54597067832947,-0.005804104735921731,-1.1176785045920272,3.003257954876848,172.0740056035344
73.61254215240479,-0.010516855881952086,-1.1170248886808751,2.9966470930400972,171.6952311213445
73.64608931541443,-0.013290462858295257,-1.116611338635396,2.9921930444705445,171.44003293656286
73.71268773078918,-0.018271416219418093,-1.1158735835520273,2.9857882455144815,171.07306498775066
73.74599313735962,-0.02156078287153171,-1.1153609891900065,2.9821040536577335,170.8619763434425
73.81288146972656,-0.02631250558097066,-1.1145958025912395,2.976108319173482,170.51844606241386
73.845947265625,-0.029744738448498134,-1.1140291398392492,2.971991101983097,170.2825468940661
73.9125988483429,-0.034932459845770175,-1.1131486399445165,2.96572150013708,169.92332516906188
73.94595170021057,-0.03822999075996786,-1.1125600820594999,2.961067411780513,169.65666554874963
74.01263689994812,-0.042743203530519205,-1.1117231507932728,2.9530938930531714,169.19981657780443
74.04592943191528,-0.0458929978742023,-1.1111206788021966,2.947198331910219,168.86202580645192
74.11258387565613,-0.05061823800801021,-1.1101896833087757,2.9384728465946295,168.36209232366528
74.1461751461029,-0.05389676470273386,-1.1095181395664586,2.933698699352649,168.08855383592575
74.21257901191711,-0.05918810609798225,-1.1084169212542077,2.9274666208219844,167.7314820385246
74.24623203277588,-0.06231222009794349,-1.1077302165235425,2.923522736176445,167.50551409344874
74.31259965896606,-0.0672024017040592,-1.1066455562275277,2.91695681087274,167.1293142849483
74.34592771530151,-0.06978934406477874,-1.1060335259345278,2.912470421518806,166.87226310971545
74.41285061836243,-0.07411713480101287,-1.1050180499922357,2.906055845106392,166.50473495391995
74.44595575332642,-0.07741585354014634,-1.1042344584250272,2.902319132164275,166.29063707308472
74.5125560760498,-0.08206951478526668,-1.1031001805205174,2.8971893445173698,165.9967218911187
74.54601240158081,-0.08531926777576929,-1.1022945060479052,2.893375343586516,165.77819573472183
74.61269044876099,-0.0897057973524633,-1.1011743583007598,2.8878182619765984,165.45979841206378
74.64597010612488,-0.09281334537885327,-1.100370680012611,2.8841195399838475,165.24787725228694
74.71265316009521,-0.0974376260648741,-1.0991539348043897,2.8788320917018786,164.94492878133642
74.74593496322632,-0.10014516556908515,-1.098415227731658,2.8744228706049255,164.69229902154098
74.81378746032715,-0.10482106942214585,-1.0971433833300184,2.8676084641679602,164.30186229281608
74.84592914581299,-0.10755045467879464,-1.0963664404727547,2.8632835755875363,164.05406443029347
74.91265606880188,-0.11252342857038738,-1.0949626254472755,2.8577919760836052,163.73941895594209
74.94597816467285,-0.11520682346155751,-1.0941676100003852,2.8549419444802475,163.57612417359078
75.01259684562683,-0.11991044715673657,-1.0927878108119302,2.850340423009438,163.31247641397454
75.0459508895874,-0.12272270367334938,-1.0919381737700093,2.847023915295822,163.12245451926177
75.11261439323425,-0.12700058806319647,-1.0906352269796422,2.841274402601251,162.79303170760596
75.14597201347351,-0.13020305770152868,-1.0896511878400936,2.8360964924612975,162.49635930988865
75.21268320083618,-0.1351720201511443,-1.088097514917609,2.827718423144281,162.01633129755555
75.24618554115295,-0.13835451615345357,-1.0870663121296802,2.8224303891365055,161.71334926698836
75.31260418891907,-0.1429520941936172,-1.0855436814850246,2.815394560826323,161.31022599943626
75.3460283279419,-0.14611935269612242,-1.08447420707618,2.8108699441085316,161.05098455759247
75.4137761592865,-0.1506961737580979,-1.0828991895449278,2.8039143665404285,160.6524593188643
75.44593119621277,-0.15346333783224847,-1.081916402597734,2.798104447632992,160.31957548615492
75.51265740394592,-0.15783735908208804,-1.0803485356936318,2.788483263209313,159.76832222476108
75.5459418296814,-0.16071984478429205,-1.0792841936630884,2.7820728366168406,159.401031836134
75.6128282546997,-0.16504545785293273,-1.0776571600899236,2.7734376667453655,158.90627304711995
75.64593768119812,-0.16805945217819163,-1.0764988429348843,2.768603342459112,158.62928666872003
75.71259593963623,-0.17208203141358863,-1.0749129121962966,2.7621586716747966,158.2600342324275
75.74596452713013,-0.17443578400361875,-1.0739574802483767,2.757420346895277,157.98854822059877
75.812659740448,-0.17890386384877438,-1.0721671283996421,2.7500533269378624,157.56644906945027
75.84591436386108,-0.18199852524974067,-1.0709007471613843,2.744635784621597,157.25604675939474
75.91261863708496,-0.18626157525128165,-1.0691122951323966,2.73675806068422,156.80468642561382
75.94595646858215,-0.1892152530499316,-1.0678509929555382,2.7322147389941462,156.54437326780237
76.01263570785522,-0.19359085814965218,-1.0659554541433318,2.726878997224475,156.23865778382856
76.04588627815247,-0.19640693313162336,-1.064712771637605,2.7239539447359875,156.07106462138398
76.11262083053589,-0.20010029243732422,-1.0630544427502873,2.7191658584132035,155.79672748314414
76.1461820602417,-0.20304125365497053,-1.0617409128007018,2.7152492127211487,155.5723202151413
76.21249341964722,-0.20761313945262244,-1.0596787796793568,2.7092741042584074,155.2299717180933
76.2458701133728,-0.21027666613576906,-1.0584423881956257,2.70526407480131,155.0002139544785
76.3126471042633,-0.2145882112689086,-1.0564353504826773,2.698689959808133,154.62354491133578
76.34592008590698,-0.21724453911012143,-1.055169246502182,2.6942037060056214,154.36650150262736
76.41261529922485,-0.2215239614949136,-1.05312028135891,2.687620363989763,153.98930379002752
76.44602847099304,-0.224285780003466,-1.0517709578844177,2.6830716881058945,153.72868385950892
76.51261854171753,-0.228687050242219,-1.0496064205818298,2.675774934190041,153.31061065598496
76.54600691795349,-0.23155434115891066,-1.0481658932507654,2.6710009486446267,153.03708143277626
76.61258316040039,-0.23530649272599963,-1.0462396191735905,2.6640014100433755,152.63603741238566
76.6461889743805,-0.23828894947160018,-1.0447065325784222,2.6590574429380065,152.3527689631965
76.71262431144714,-0.24250985815708276,-1.042499105203763,2.6508272126461176,151.88121150305054
76.74594116210938,-0.2453437459538847,-1.040986267150352,2.6456364557578502,151.58380304087436
76.81271052360535,-0.24929908474611212,-1.0388381418703427,2.6368701237365806,151.08152921424522
76.84592127799988,-0.252110438479218,-1.0372895874817123,2.6315053406587876,150.77414978588448
76.91256976127625,-0.2562768988304309,-1.0349616562901256,2.6238528791360785,150.335696037747
76.94591999053955,-0.2594265699153201,-1.033184895627287,2.618660108805375,150.03817221381695
77.01255369186401,-0.2637412506300565,-1.0306992662206982,2.6104534469427283,149.5679651251963
77.04596209526062,-0.26638610923706363,-1.0291364709175141,2.6053820540898918,149.27739571847596
77.11260032653809,-0.2705271884203573,-1.026674434678273,2.598924011694353,148.90737714529502
77.14597249031067,-0.27315559792169053,-1.0250830084757607,2.595149424078881,148.69110920552615
77.21259331703186,-0.2773761232948905,-1.0225211310849376,2.588881135005655,148.33196269686232
77.2459499835968,-0.27975090804580144,-1.0210399639117524,2.583666113801152,148.03316399177308
77.31266021728516,-0.2836677946000536,-1.0185943881108364,2.5751742505208433,147.54661606560924
77.3459689617157,-0.28649605026003255,-1.0168056906670238,2.5695997155308254,147.22721873793324
77.41264986991882,-0.29089675353437044,-1.013988917477973,2.560932681564491,146.73063427076573
77.44625496864319,-0.29368256602815945,-1.0121628115922514,2.5544053414879255,146.35664523293192
77.51269268989563,-0.29784641691764746,-1.009392040279605,2.545650390704868,145.855023503218
77.54603719711304,-0.30072486600386916,-1.0074461907195016,2.5398426572388995,145.5222648870811
77.6126298904419,-0.3048610162586053,-1.0046044634829268,2.5322071868641305,145.08478466000966
77.64601469039917,-0.30725484770591216,-1.0029143057226497,2.5275984149925343,144.8207214830286
77.71270251274109,-0.31118976157094935,-1.0001390279594522,2.5199552191882364,144.38279862145023
77.74602365493774,-0.3139143255083629,-0.998191780845529,2.514820040530871,144.08857455733752
77.81268858909607,-0.31795328637984777,-0.995269963526754,2.507333504289155,143.65962762751548
77.84591770172119,-0.32041212313614587,-0.9934515549097461,2.5024986095214934,143.38260856293857
77.91270685195923,-0.32439297636971387,-0.9904980453669339,2.495140646069634,142.96102831133553
77.94612455368042,-0.3272843402625325,-0.9883302989506697,2.4902013459198167,142.67802725900265
78.01264810562134,-0.33092134792266614,-0.9855388191927118,2.4822609076500703,142.22307365866203
78.04617094993591,-0.3336771916367977,-0.983413154444093,2.4767287727198037,141.90610567546085
78.1126458644867,-0.33702489535461805,-0.9807614655487427,2.468645104163287,141.44294558418983
78.14624094963074,-0.3393211570320304,-0.97892378758701,2.4637532041291546,141.16266035843415
78.2127480506897,-0.34313165746438695,-0.9758687489550126,2.4560589569512685,140.72181246861084
78.24598121643066,-0.34572626057229017,-0.9737558179790684,2.4509133237981318,140.4269894060135
78.31269693374634,-0.3493135412495266,-0.9707850058368901,2.4434050376295633,139.99679629717807
78.34600019454956,-0.3512374145364167,-0.9691429564487153,2.43833794330826,139.7064731781727
78.41267848014832,-0.35449309743979723,-0.9663752512482412,2.431058319690718,139.2893814684438
78.44604587554932,-0.3566217638110261,-0.9645389782152837,2.4255242081438406,138.9723002334531
78.512770652771,-0.359927408963811,-0.9616655903384977,2.4165579364441734,138.45857070709457
78.54598307609558,-0.3623430122406452,-0.9595413897738657,2.4103449237913295,138.10259130402522
78.61270380020142,-0.36574724620042226,-0.956491850369441,2.4020090237325245,137.62497941221284
78.64605498313904,-0.3682305565101541,-0.954242887459261,2.3964568676445395,137.30686430117345
78.71269869804382,-0.37118727512322125,-0.9514870820519482,2.388107961439727,136.82850721208712
78.74596118927002,-0.37364573487743424,-0.9492026151286939,2.382513702391568,136.50797977912472
78.81274938583374,-0.3767654780680437,-0.9462310056248813,2.3751596467176888,136.0866234267072
78.84595537185669,-0.37908815194678874,-0.9440068194625827,2.369992095900327,135.790544574453
78.91267585754395,-0.38237536702313374,-0.9408106054389747,2.3618188159998144,135.32225013137452
78.94625306129456,-0.38466705310083227,-0.938552666276482,2.3558021493689796,134.97752052669048
79.01268339157104,-0.3880311677568709,-0.9351921610699145,2.3470415640404725,134.4755759613028
79.04601764678955,-0.3901843915958405,-0.93299576393492,2.34154638073166,134.16072515005712
79.11268949508667,-0.393194420145383,-0.9298806953084683,2.333038837544177,133.67327883138904
79.14604091644287,-0.39532268904324896,-0.9276554949983229,2.3282128947126153,133.39677267496916
79.21290421485901,-0.3985773190935649,-0.9242229930794102,2.321902319880795,133.03520337080437
79.24598813056946,-0.40048354457267854,-0.9221672987466394,2.3179201940751173,132.80704436864892
79.31269121170044,-0.4033920104028654,-0.919017518924225,2.3120220380158396,132.4691049195428
79.34623003005981,-0.4056653445647185,-0.9165544456373674,2.307937260674961,132.23506441765977
79.4126226902008,-0.4086565858485497,-0.9132537381609099,2.302156002306011,131.90382271284426
79.44605255126953,-0.41042970065859796,-0.9112612471406916,2.2977048176274475,131.64878861692927
79.5127124786377,-0.4135501492868229,-0.9077672437337249,2.290655270006931,131.24487929079717
79.54625177383423,-0.4156533985010359,-0.9053787820337864,2.2859926787020686,130.97773248743417
79.61290192604065,-0.4189840547306226,-0.9015646603218974,2.278946532125777,130.5740180267821
79.64612245559692,-0.42107117247735604,-0.8991268528064817,2.2737463108905094,130.27606729746697
79.71255683898926,-0.4241711704319984,-0.8954689338179338,2.2650776327141684,129.77938862400546
79.745929479599,-0.42631718982369,-0.8928983321009538,2.259708893736288,129.47178253926552
79.81257152557373,-0.4297577266088598,-0.8887472845225461,2.251749118845924,129.01572103217347
79.84598779678345,-0.43185993352466023,-0.8861480761763652,2.2467634946963515,128.73006581016446
79.91258096694946,-0.4350940464715837,-0.8821190010357705,2.2388703027854766,128.27781922678452
79.94602346420288,-0.43733583266168585,-0.8792879756601443,2.233269526435563,127.9569183799378
80.01287913322449,-0.44072421305468257,-0.8749586587969738,2.2252564939423496,127.49780543697547
80.04594230651855,-0.44257043263808793,-0.8725224008746826,2.2205090164551815,127.22579501362736
80.11262392997742,-0.44588617500188965,-0.8681750174250208,2.2132074047767474,126.80744348080965
80.14590835571289,-0.448051705198393,-0.8652845889853568,2.2079481524793123,126.50611052077215
80.21257829666138,-0.4509850984839744,-0.8612991991218101,2.1999119479476916,126.04566991780638
80.24597311019897,-0.4526937018863307,-0.8589205261507604,2.1943367472038875,125.7262344452482
80.31266713142395,-0.45543170727587334,-0.8551005125671969,2.186670198884657,125.28697358312318
80.34588932991028,-0.45711964680572376,-0.8526977173945465,2.1821779926579246,125.02958912562902
80.41263842582703,-0.4597760658595748,-0.8489035306328293,2.1752512058581206,124.63271347641333
80.44618320465088,-0.4616583005131961,-0.8461919761509112,2.1701209507476285,124.3387715107567
80.5125687122345,-0.4643063379717764,-0.8423091055774329,2.1623684091559148,123.89458359705188
80.5458710193634,-0.4661785459709374,-0.8395350713542302,2.1576409511181276,123.62372020366148
80.61258578300476,-0.4689218714676878,-0.8354178649727005,2.151269957854454,123.2586891783467
80.64593124389648,-0.4706796070729389,-0.8327350284440448,2.146945764810899,123.01093116715117
80.71256160736084,-0.4731399105921244,-0.8289299830082999,2.1405153255422458,122.64249413664214
80.74589085578918,-0.47495057279018793,-0.8261155844408972,2.1363076261486564,122.40141071992971
80.81255674362183,-0.4776044760494844,-0.8219426543920051,2.1302746681649913,122.05574768948595
80.84621572494507,-0.4793052896339357,-0.8192235430871535,2.1263180087424876,121.82904780360582
80.91268157958984,-0.48160827938754225,-0.815487989899818,2.119861042134714,121.4590908685235
80.94605779647827,-0.4832123761731308,-0.8128648384306759,2.1157612812906694,121.22419187514674
81.01260590553284,-0.48583621810030686,-0.8085600819440011,2.109580626059294,120.87006641576347
81.04603981971741,-0.48755594888988907,-0.8056899104831651,2.1050112242663874,120.60825897813042
81.11264133453369,-0.49000932736011427,-0.8015395645202091,2.0968561087221764,120.1410052760056
81.14590001106262,-0.49154654028756944,-0.7988808462836997,2.0908861816156548,119.79895364880116
81.21263980865479,-0.4939071862738077,-0.7947608544075778,2.081948574523961,119.28686648350092
81.24590992927551,-0.49550263401725847,-0.7919170288153693,2.076435311139451,118.97097976022448
81.31256222724915,-0.49760545134062273,-0.7880913451854652,2.0683714355862888,118.50895372450955
81.34588479995728,-0.4992822433782985,-0.7850340065440543,2.0633078670813676,118.2188326199022
81.4125964641571,-0.501408948415105,-0.7810523813817912,2.0555004151296643,117.77149857431843
81.4458737373352,-0.5029072770908917,-0.7782144908334153,2.0502990058398485,117.47347977449185
81.51293015480042,-0.5049713620393513,-0.7742301942331214,2.0424562953533822,117.02412556367433
81.54590821266174,-0.5061054021132412,-0.7719658357245925,2.037135278403337,116.71925374971917
81.61262679100037,-0.508213202520889,-0.7678036003571287,2.0294993558349006,116.28174761385907
81.64603400230408,-0.5097796482267191,-0.76466846208563,2.024955704282237,116.02141555631337
81.71261978149414,-0.5118099829075744,-0.7605048540489527,2.0174499768124514,115.59136905011925
81.74589562416077,-0.5131989310431622,-0.7576107706145984,2.0123725804598847,115.30045566820206
81.81264925003052,-0.5151145522429055,-0.7535427397738095,2.004029415117075,114.82242750627925
81.84595203399658,-0.5165890726248671,-0.7503888180722247,1.9992261455917406,114.54722043461379
81.91267848014832,-0.5189027398770535,-0.7453785440796101,1.99251427425222,114.16265853422443
81.94605803489685,-0.5202142346138751,-0.7424373634403671,1.9878603936079724,113.89601081495142
82.01262044906616,-0.5220480274399523,-0.7382617867520311,1.9806950549055689,113.48546714852196
82.04592490196228,-0.5233322726072509,-0.7353051497160709,1.975132099815509,113.16673330024071
82.1126000881195,-0.5253801553995106,-0.7305531405358738,1.9676322584918546,112.73702404537751
82.14594554901123,-0.5266905255250734,-0.7274253014023249,1.962823596470389,112.46150800644268
82.21254420280457,-0.5284859703311283,-0.7230571337328718,1.9555828183689095,112.04664198083715
82.24586319923401,-0.5296335135566443,-0.7202067520752723,1.950580041664911,111.76000398985167
82.31259155273438,-0.5314696618158653,-0.7156190052968439,1.9434271916098682,111.3501758702078
82.34591436386108,-0.5326896272938174,-0.7125052994952765,1.93831642893974,111.05735073911644
82.41258335113525,-0.5345373431360392,-0.7077255584584273,1.9302790464040394,110.59684264148864
82.44604420661926,-0.5357634722441661,-0.7044753915638885,1.9256750183823457,110.33305126708562
82.51258873939514,-0.5375622220784134,-0.6996294447289031,1.9188674204399652,109.94300463636527
82.54595422744751,-0.5386966269799791,-0.6964923355985294,1.9138010556819074,109.65272331825476
82.61260104179382,-0.5404894083316724,-0.6914922786281935,1.904657545471923,109.12883877328787
82.64616751670837,-0.5416771172755628,-0.6880820821613293,1.8984884090370882,108.77537329233145
82.7126100063324,-0.543203782977812,-0.6835428207881413,1.889731027734709,108.27361230411834
82.74594759941101,-0.5442975214918103,-0.6802414259841775,1.8847837507074547,107.99015421037464
82.81257939338684,-0.5457993877352749,-0.675591227165141,1.8772604750828705,107.55910226897232
82.84587574005127,-0.5468070515796312,-0.6724062655600791,1.8718657491871395,107.250007243517
82.91292953491211,-0.5483383350772041,-0.6674876454631551,1.8637663828895608,106.78594773793525
82.94611668586731,-0.5492576567929693,-0.6644173615790842,1.8576851001545505,106.43751590319337
83.01261901855469,-0.5506280189269599,-0.6597555293801258,1.8488272134302735,105.92999637848735
83.0459668636322,-0.5515482727911956,-0.6565386228577897,1.8431580070362639,105.605174778922
83.11290836334229,-0.5528881877506359,-0.6517434533460743,1.8351122220699656,105.14418525748331
83.14595985412598,-0.5538445593778576,-0.6482499591936448,1.8290814241553741,104.79864598988092
83.21284174919128,-0.5550032251206134,-0.6437963846312252,1.82028463094768,104.2946268658307
83.24618530273438,-0.5558316502313194,-0.6405566717994268,1.8144496726112243,103.96030837951712
83.31266927719116,-0.5571144066216844,-0.6354470678140798,1.8056681185898704,103.4571623965274
83.34618282318115,-0.5578904495039583,-0.6321954942000373,1.8002495424291487,103.14670085154785
83.4128737449646,-0.5589553755941291,-0.6275871525544189,1.7923954691287252,102.6966955994472
83.44591546058655,-0.5596915768522348,-0.6243285212060466,1.78734300972532,102.40721099947089
83.51264023780823,-0.5608728907564919,-0.6190346149516652,1.7795980068302024,101.96345502126405
83.54615378379822,-0.5615594964281995,-0.6157751977851298,1.774928884948153,101.69593404339044
83.61280274391174,-0.5626457155955348,-0.6105606377251529,1.767779935220407,101.28632939603939
83.64586973190308,-0.5631680778629975,-0.6078204635523454,1.7628316640886483,101.00281434430319
83.71255087852478,-0.5641205671885666,-0.6029328652825001,1.7551696235850995,100.56381176099156
83.74609637260437,-0.5646755017431545,-0.5999125387619749,1.7496595103198684,100.24810552625476
83.81259250640869,-0.5655310631751227,-0.5951765236424678,1.740850179536274,99.74336805202013
83.84594416618347,-0.5660461067662498,-0.5921452926712418,1.7348969514951171,99.40227321078291
83.91275548934937,-0.5669429542396054,-0.586857635173695,1.725923722520001,98.88814506190425
83.94599604606628,-0.5674076782199029,-0.583815809253991,1.7200051413236954,98.54903533865046
84.0126223564148,-0.5681484624441466,-0.5789030283514564,1.710561012660756,98.00792662508549
84.04591107368469,-0.5686646716387708,-0.5753214175177538,1.7037680770425052,97.61872008365563
84.11264777183533,-0.5693525676564067,-0.5702018882255674,1.6939124239383263,97.05403275644117
84.14595866203308,-0.5697598435869892,-0.5668874775538599,1.6876514705223797,96.69530654997942
84.21266317367554,-0.5703659375629856,-0.5617510117486869,1.6793078660407528,96.21725322725575
84.24599361419678,-0.5707438825229042,-0.5582943076134124,1.673801477257972,95.90176038964424
84.31255459785461,-0.5712189382028134,-0.5535606915968867,1.6648834977549685,95.39079780233796
84.34590148925781,-0.5714788691487253,-0.5506390932300103,1.6585484607219516,95.02782691728702
84.41257810592651,-0.5719183057302537,-0.5457071938922006,1.6478800811946597,94.41657379612941
84.44592881202698,-0.5721794963206774,-0.5423740644378703,1.6410781949462994,94.0268544213703
84.51264119148254,-0.5725170302795769,-0.5375494655937347,1.6313206771593576,93.4677898336547
84.54589414596558,-0.5726951596648368,-0.5344842898224239,1.6256432725163519,93.1424985090225
84.61257934570312,-0.5729850788437689,-0.5294060273615476,1.6165182654814476,92.6196741178953
84.64597177505493,-0.573163672562415,-0.5257927730660907,1.6104001440230855,92.26913157978272
84.71256136894226,-0.5733162956523659,-0.5213496437297302,1.6015183762313514,91.76024377070114
84.74595952033997,-0.5734063139951907,-0.5182746642346944,1.59552340348534,91.41675713405873
84.81264734268188,-0.5735179350977999,-0.5136254444952029,1.5871615888634334,90.9376604471527
84.84593367576599,-0.5735739371119417,-0.510422053480623,1.5814875221575884,90.61256037223208
84.91259980201721,-0.5736340324238537,-0.5054956288909032,1.5733241020108473,90.14483085143175
84.94605803489685,-0.5736312219587786,-0.5025596281888021,1.5676334935910594,89.81878300611629
85.0127272605896,-0.5736381110133717,-0.49721494881973316,1.5592643660684669,89.33926732086496
85.04592442512512,-0.5735966207013855,-0.49400688407690035,1.5534153012315102,89.00414059160896
85.11262631416321,-0.5735177320781257,-0.48873943974154815,1.545003858915214,88.52220044726745
85.14593625068665,-0.5734243227675618,-0.48581210379640805,1.5397909664499014,88.22352370994949
85.21260976791382,-0.573273353168809,-0.4808435530559041,1.5314333106619678,87.7446653066778
85.24591636657715,-0.5731440996779431,-0.4776407118087507,1.525444105810772,87.40150914606501
85.31254887580872,-0.5729198082155913,-0.47238664758961035,1.5166659101377906,86.89855558226319
85.3459198474884,-0.5727368511233186,-0.46904819141888465,1.5114253413700929,86.59829310962603
85.41267347335815,-0.5724352035807527,-0.4639020105188698,1.5023507218609682,86.0783557110661
85.44615530967712,-0.5722041890348296,-0.46056842070905685,1.4965625998452916,85.74672074826108
85.512855052948,-0.5718245352264473,-0.455416299715753,1.4881229071529465,85.2631619766023
85.54600691795349,-0.5715397917634366,-0.4519547303593332,1.4827621435693168,84.95601284829289
85.6128420829773,-0.5710849481640563,-0.44678586382412555,1.4747446958500214,84.49664693151048
85.64622235298157,-0.5707526782771486,-0.4433300272035525,1.469565198341951,84.19988358429953
85.71259021759033,-0.570265105346754,-0.43873326018941206,1.461295278100744,83.72605205756854
85.74591851234436,-0.569901250659118,-0.43540722593869935,1.4548211468512458,83.35511166095854
85.81256175041199,-0.5692904696508326,-0.43002531974176234,1.444810055835353,82.78151839742654
85.84589505195618,-0.5688778972592118,-0.42684354097936283,1.4375101479955692,82.36326448737248
85.91259241104126,-0.5682090120879433,-0.4218696399481491,1.4269792701378419,81.75988963155693
85.94586896896362,-0.5677430087046214,-0.41869695271203733,1.4196041852225134,81.337328392358
86.01260995864868,-0.5669595255154619,-0.41347526598389045,1.4089455451556707,80.72663330117888
86.04587459564209,-0.5664008983958642,-0.41004060881961,1.4011968451585934,80.28266549463332
86.11263346672058,-0.5655282056381137,-0.4049321303614527,1.3893074179103966,79.6014514924838
86.14590716362,-0.5648825499965483,-0.4013743292056361,1.382218791602109,79.19530312247352
86.2128553390503,-0.5639048474151528,-0.39625701625010246,1.3721325077511832,78.61740162684451
86.24615526199341,-0.5632814047261726,-0.39325520003203024,1.3661146399135558,78.27260319808094
86.31277275085449,-0.5622132649013502,-0.388060414588149,1.3573227901350249,77.7688673116581
86.34605360031128,-0.5615530910585173,-0.3850900102442314,1.351268003907008,77.42195361493879
86.41259908676147,-0.5604069367167812,-0.37990166758621446,1.342219095370587,76.90348934660197
86.44588088989258,-0.5596473531919567,-0.37664993487189735,1.3362752581530914,76.5629325599267
86.51287627220154,-0.5585042859067502,-0.3718994917982908,1.328533325597152,76.11935249919644
86.54591131210327,-0.5577299020574865,-0.36878888154013556,1.3234234212159555,75.82657654443845
86.61256408691406,-0.5565404718083778,-0.3640942372749435,1.3152062633671848,75.3557680801111
86.6458785533905,-0.555697581514886,-0.3608559888863391,1.3095997408585323,75.03453800262021
86.71255683898926,-0.5544769672732582,-0.3563207991331886,1.3018392143152984,74.58989258489366
86.7462146282196,-0.5536238901223337,-0.3532276995684963,1.2970241752848315,74.31401117025715
86.81257963180542,-0.5523579147741636,-0.34873779037015906,1.2896010885842637,73.88869963135492
86.84612655639648,-0.551402132120892,-0.3453874479792727,1.284654112009109,73.60525875224847
86.91285037994385,-0.5500027381583399,-0.34061991548910825,1.2763044815304534,73.12686016532771
86.9459080696106,-0.5489644510136538,-0.3371541225992475,1.2705349632130118,72.79629111591488
87.01297736167908,-0.5474024143068088,-0.332079335806342,1.2619590748721174,72.30492890840618
87.04601168632507,-0.5464926246634311,-0.3292949323824081,1.2564809759537896,71.99105696063081
87.11257314682007,-0.5451498027309959,-0.3252415440605691,1.2480723735973038,71.50927953400043
87.14588785171509,-0.5441346508330012,-0.32219202949294234,1.24270268771404,71.20161919557843
87.21261620521545,-0.5426415932110072,-0.3178119667281932,1.2341151607155725,70.7095901421116
87.24589133262634,-0.5416388389615803,-0.314950002734315,1.2280451982791243,70.36180691270017
87.31258606910706,-0.539986364719677,-0.3102896117330044,1.2186559175071636,69.82384075180349
87.34596562385559,-0.5388380650653442,-0.3071426463965735,1.212704926722762,69.48287409593603
87.41264152526855,-0.5370610304456905,-0.3023663039222971,1.2044982518845417,69.0126662638698
87.44591498374939,-0.535952432976337,-0.29950198233437275,1.1980500185882335,68.6432097106756
87.51261162757874,-0.5341504908675664,-0.2948822580520019,1.187801462456311,68.05601069821353
87.54594111442566,-0.5330419541140029,-0.2921659524851319,1.180689344122432,67.64851633428464
87.61262845993042,-0.5312207541937072,-0.287731064590254,1.1705893795579945,67.06983099151068
87.64600920677185,-0.530116772908905,-0.28516081090609663,1.164334792223019,66.71146953462062
87.71255803108215,-0.5281954889686452,-0.280665840719525,1.1555530061286445,66.20831025482629
87.74589514732361,-0.5271011274112025,-0.27823175985278203,1.1504107385203621,65.91368002374487
87.81263065338135,-0.5251814586705633,-0.2739159440861443,1.142899006622339,65.48328948915434
87.84618663787842,-0.5238556613202312,-0.27099438210043847,1.1380316552600833,65.20441079868985
87.9125623703003,-0.5218069303130657,-0.2665381426039068,1.1305727888173482,64.77704923156936
87.94587993621826,-0.5203325434358569,-0.2633811118908307,1.1250007464164424,64.45779471872953
88.01291513442993,-0.5183272066089752,-0.2592006269089494,1.1173702727258314,64.0206007805719
88.04598426818848,-0.5167887087399219,-0.25602092181379066,1.1126418010638055,63.749679310790604
88.1126549243927,-0.5145880148973093,-0.25155328133493415,1.104983951509504,63.31091685118299
88.14598393440247,-0.5131447568896412,-0.24869211859479473,1.0997916617454644,63.013420561694545
88.2126076221466,-0.5108284006637884,-0.24412680894825156,1.090826474489619,62.49975316939013
88.24621343612671,-0.5092268757399144,-0.24103930843509927,1.0851895824439426,62.17678304560201
88.31257963180542,-0.5069434048453719,-0.2367266129399932,1.0771552471850772,61.71644954407587
88.34590435028076,-0.5054259202199077,-0.23391634171620537,1.072313662833162,61.43904719455455
88.41258430480957,-0.5030464519965118,-0.22954207550685812,1.0647406642438328,61.005146337127464
88.4462366104126,-0.5014211983206781,-0.2266068216986164,1.0591609542217073,60.685452501952824
88.51255440711975,-0.4987739774811202,-0.22186078963666386,1.0508509225437708,60.20932275918704
88.54614448547363,-0.49736737164530337,-0.219452652237168,1.045369792163589,59.89527712144169
88.61254334449768,-0.4948771138116043,-0.21515240338840502,1.0378245655144633,59.46296747897715
88.6462709903717,-0.49318005819491734,-0.21227170311172444,1.0320856797994773,59.13415354840053
88.71264886856079,-0.49082847414378833,-0.2083637970264718,1.0234619667725617,58.64005118822628
88.7460777759552,-0.48902624445662884,-0.20538493732793695,1.0178656418155487,58.31940538740571
88.8126654624939,-0.4865582793555991,-0.20139997939507864,1.0100226664394176,57.87003599952836
88.84593319892883,-0.4847793008202408,-0.19855876102503872,1.0046254341176803,57.56079736644122
88.91265940666199,-0.48222153307561233,-0.1945370302574884,0.9957442729521935,57.051944314483336
88.94624662399292,-0.4805174619471769,-0.19191945497315804,0.9896362300599596,56.701979235673456
89.01266741752625,-0.4778121037416725,-0.18778891656812374,0.9804254238678567,56.174238914952994
89.04613423347473,-0.47595215013950104,-0.1850061204764038,0.9745442158315766,55.83727051603572
89.11267757415771,-0.4730101959076291,-0.18064731341832904,0.9652660297658304,55.305669612931375
89.14608359336853,-0.4714724303312828,-0.17847475111821023,0.959433852019253,54.97151044268237
89.21261835098267,-0.4688835452308433,-0.17479597831817598,0.951466581412471,54.51501946267513
89.24619340896606,-0.467097381275233,-0.1722913896808326,0.9462956925532557,54.21874935471088
89.31267309188843,-0.4643240001558843,-0.16843466254168538,0.9382467205419562,53.75757722904449
89.34604096412659,-0.4624255314867889,-0.16583845448188178,0.9330290702964427,53.458627891001164
89.41265082359314,-0.45966439528763653,-0.16211687628604265,0.9255522968535951,53.0302403283505
89.44604396820068,-0.45781319658872754,-0.15965956021071845,0.9207283562861592,52.75384889321448
89.51266050338745,-0.4550184150301498,-0.15598592269085382,0.9137862539877201,52.356095730565855
89.54591584205627,-0.45321728709493764,-0.15365959100587995,0.9082944085927166,52.041436167693796
89.61267113685608,-0.45039631557268933,-0.15004163279626145,0.8997132372424853,51.54977126604697
89.64601588249207,-0.4484004269348347,-0.14751765590546712,0.8937753621688866,51.209556085053826
89.71267533302307,-0.44551131643015307,-0.14392345369487575,0.8858202722379209,50.753763006362476
89.74620056152344,-0.44339733209210097,-0.141320248685377,0.8811287460010298,50.48495835351372
89.81248426437378,-0.4401812018410072,-0.13740279111613246,0.8741392646982136,50.08449057387675
89.84606266021729,-0.43828711601237175,-0.13515728476252448,0.8691790432009787,49.80029081663513
89.91267013549805,-0.4352008720523184,-0.13150237451479682,0.8615006205806779,49.360349607174115
89.94597959518433,-0.433108156209304,-0.12906316092531145,0.8562588685237255,49.06001933705672
90.0126883983612,-0.42996542985080205,-0.12543884269907457,0.8475428967673294,48.56063094106
90.04594469070435,-0.42784220021403363,-0.12303371140305341,0.8414419436254589,48.211072075023736
90.11273002624512,-0.4246453134659092,-0.11945559092118382,0.8316380714599703,47.649351577055455
90.14587092399597,-0.42248031899802635,-0.11707998590571415,0.8257387790105897,47.31134701759255
90.21267914772034,-0.4190413460406885,-0.11333660974410881,0.8168243012425265,46.80058506491933
90.24595212936401,-0.4167530649455481,-0.11089663364250506,0.8106786037088618,46.448462534076384
90.31270384788513,-0.41340970376189207,-0.10738602008388004,0.8017989487299739,45.939695780253786
90.34592938423157,-0.4109025796216135,-0.10477658481061146,0.7954940089765139,45.578449342296274
90.41263628005981,-0.40739171205383184,-0.10119725122798152,0.7858545797918354,45.02615073309896
90.44593286514282,-0.4052148185215054,-0.09903486942653728,0.7789985003144104,44.63332631503625
90.51260685920715,-0.40177163138994076,-0.09563999400393566,0.7693409069791636,44.079986976672934
90.54591703414917,-0.39956057553982127,-0.09350902007582426,0.762882739901527,43.70996125973402
90.61258172988892,-0.39619107488038613,-0.0902950161412562,0.7537864454626496,43.188781979178025
90.64601612091064,-0.3939475303496102,-0.08819280614947939,0.7483546788931252,42.87756467944403
90.71258854866028,-0.3904526608044282,-0.08494326792907975,0.741680262150597,42.4951487693857
90.74592471122742,-0.38827695824147523,-0.08296097458367663,0.7374671896221061,42.253757494720666
90.81268835067749,-0.38465318389184383,-0.07965568700833586,0.7313841333604874,41.90522404438928
90.84597969055176,-0.3824657598786616,-0.0777041415676639,0.727383670747086,41.676014420541506
90.91257047653198,-0.37922690143342486,-0.07483461385703971,0.7202147277526367,41.26526424338969
90.945880651474,-0.3768143152070264,-0.07270788990244417,0.7148258350146026,40.95650343325163
91.01264572143555,-0.3732368217918086,-0.06959531543130076,0.7066930980806618,40.49053193104666
91.04593133926392,-0.37039025248004875,-0.06713492685272707,0.7013441010742723,40.18405697795242
91.11266231536865,-0.3665834955050377,-0.06391772766394212,0.6927995500638602,39.694490267221575
91.14603090286255,-0.36401551815572736,-0.061784965127023465,0.6874509497041377,39.388038040307315
91.21266388893127,-0.36026237928342925,-0.05870925321230673,0.6795366127237639,38.93457993368759
91.24594044685364,-0.3577663237074187,-0.0566971585298712,0.6738933517226098,38.61124489563068
91.31262707710266,-0.3538833542978821,-0.05359345303800525,0.6642726023115987,38.06001655862678
91.34596037864685,-0.35146067861959623,-0.05170691812882905,0.6571154887753794,37.64994415950546
91.41262125968933,-0.3477572604703338,-0.0488578720059886,0.6465326547927696,37.04359243701429
91.44601035118103,-0.3450923635007365,-0.04683763681352909,0.639004335209858,36.61225149808777
91.51261496543884,-0.34122624106542254,-0.04396674960173122,0.6280116124077364,35.98241487616898
91.54614734649658,-0.3383135976634519,-0.041830935735926646,0.6202516217580651,35.53780016288184
91.61261439323425,-0.3345818725091901,-0.039186869435626395,0.6094056395478199,34.91637115756081
91.64617466926575,-0.33216577851950496,-0.03751447141696108,0.6021199890495827,34.49893413300443
91.71261525154114,-0.3280075220466241,-0.034637838636379766,0.5921783976034369,33.92932290149692
91.74620342254639,-0.3252333414800041,-0.03276623873304736,0.5862491649092636,33.589602892369804
91.81262946128845,-0.32132507873155114,-0.030180280840366433,0.5777667815917265,33.10359812806275
91.84593510627747,-0.3187486023143824,-0.028507492512359057,0.5724149158867355,32.79695881064596
91.91259598731995,-0.3148408833706189,-0.025993399842707817,0.5640532104832454,32.31786838149424
91.94592332839966,-0.3124691333996239,-0.024508756904258404,0.5588917740090316,32.022139855296906
92.01260018348694,-0.30833975802577146,-0.021911471579558556,0.5509093352301302,31.564779803044296
92.04589176177979,-0.3056067337471957,-0.02022875341766583,0.5457889038945969,31.2714006982317
92.11276817321777,-0.30164081013582295,-0.01782356412204472,0.5380975657060523,30.8307194812203
92.14592170715332,-0.2986539413810961,-0.016025352321495705,0.5328670631494306,30.531033759993488
92.21265316009521,-0.29450765531613965,-0.01358084903686989,0.5249605850580226,30.07802593454316
92.24590277671814,-0.2916159852663584,-0.011900954451380005,0.5200266238875361,29.795330783192856
92.31257462501526,-0.28755026671954764,-0.009581326296921383,0.5125197120189222,29.365216415944616
92.34588885307312,-0.284984112136016,-0.008148502672415327,0.5071913713864395,29.05992498589529
92.41258978843689,-0.2806932598009976,-0.005754228356046897,0.49965957126670035,28.628384626898107
92.44587230682373,-0.2776424323945765,-0.004076819300228941,0.4953232938914857,28.37993423450024
92.51254963874817,-0.27363646587559554,-0.0019262720669183456,0.48918994492246437,28.028519224294403
92.5459258556366,-0.2709236513818491,-0.00048621783074654853,0.48537836518175753,27.810131791874333
92.61283540725708,-0.2666994790164515,0.0017442903170647242,0.4788555963120426,27.43640466490035
92.64586853981018,-0.2640893028472632,0.003090587573464875,0.47373825955649934,27.143202866460552
92.71289849281311,-0.26023482883105287,0.005055400197603931,0.4652225501693356,26.655288659016133
92.74585223197937,-0.257125305795344,0.006636531340341038,0.4596662297990836,26.336934952178126
92.81254363059998,-0.252720450236987,0.008824609869715734,0.45239390458973483,25.92026141043585
92.84591054916382,-0.24959178881592467,0.01035599253797663,0.4465844041777993,25.58740155575243
92.91260004043579,-0.24509775848702361,0.012509624398262517,0.4376916022963568,25.077881539899774
92.94598817825317,-0.24183075598317774,0.014050924675019363,0.4313905762553434,24.716859341147682
93.01265549659729,-0.23726299248242189,0.016150579759186986,0.42216557799634374,24.18830587489147
93.04594802856445,-0.23421336907394083,0.01751838501791939,0.415965600700586,23.83307334276762
93.11262774467468,-0.22962768307520978,0.019542763506551757,0.4071828302764597,23.329857665032854
93.14612889289856,-0.22680189238204235,0.02074876353874856,0.4018114946783777,23.02210280491438
93.21270513534546,-0.22235721669957317,0.022634410412021775,0.3937216502846725,22.5585888642375
93.24594926834106,-0.21963712465461382,0.0237507625023669,0.3880810283035871,22.235405030892586
93.31264472007751,-0.21534462712371105,0.025502075507108708,0.37882979038753584,21.705348143031447
93.34598398208618,-0.2122336052388043,0.026749342827290256,0.3725783012372274,21.347164199046947
93.41263270378113,-0.20776710317564195,0.02849627997268639,0.36383778015261997,20.846369230153833
93.44599342346191,-0.20476522678917983,0.029639800178196465,0.3590798421627572,20.573759464149738
93.51253747940063,-0.19974055424389311,0.03154781275538474,0.35204907435893057,20.17092614225401
93.54597449302673,-0.19635020877426243,0.03280212363326235,0.34734265387180757,19.90126811172796
93.61254477500916,-0.1914692363059255,0.034569369840299555,0.33979819196503236,19.469002285772515
93.64602041244507,-0.18857524314700214,0.0355777340255196,0.3346695359328535,19.175151940554354
93.71254706382751,-0.18424898643754684,0.03706584249240481,0.3276113964107256,18.770750334721946
93.74590134620667,-0.18121047887166017,0.038098322885592284,0.3221725922956712,18.45912981333094
93.81263661384583,-0.17664366417386265,0.03962219782039515,0.31409409589151804,17.996266064561354
93.84616827964783,-0.17359490218202447,0.04061307756426618,0.30870767757563555,17.687647028369323
93.91265916824341,-0.16874840786440135,0.04216864223160276,0.30169000390334894,17.285563944947224
93.9459228515625,-0.16568707502316876,0.04311807256982677,0.29690012916009895,17.01112433776269
94.01255536079407,-0.16093150693535938,0.04457588889868677,0.29021766307076546,16.62824723410459
94.04616498947144,-0.15827108864747808,0.045352520023026366,0.2861620786340419,16.395879362421393
94.11252474784851,-0.15325188578240964,0.046845849567701436,0.2797638826363044,16.02928973525354
94.14600157737732,-0.14990888296174643,0.04781198996269232,0.27476282817769604,15.742750421660196
94.2126235961914,-0.1452254408411981,0.04912699695524218,0.2661364556033051,15.248495680640193
94.24588537216187,-0.14187077995115244,0.050047638527494095,0.2603879297374133,14.919129410102805
94.312575340271,-0.1368892684284534,0.051379359781569184,0.25211397716875916,14.445066848027496
94.34587001800537,-0.1340486312362107,0.05209313483528487,0.24669763980078974,14.134733576423852
94.4126091003418,-0.12895297788876808,0.053389369553305026,0.2376189024751477,13.614560244356674
94.44607782363892,-0.12531327796454061,0.05428456887034213,0.2314589080538355,13.261618562191353
94.51262378692627,-0.1203798770906129,0.05544173038554677,0.22203095180402854,12.721436459643428
94.54596877098083,-0.11712369870877586,0.05617275417200136,0.21663475412683286,12.412257107321816
94.61253571510315,-0.11276581198565777,0.057107556424188285,0.20863962404003575,11.954169896690278
94.64592480659485,-0.1102850505554045,0.05760636504043876,0.20229366158001383,11.590573030782565
94.71258616447449,-0.10580153215055862,0.05852833892087349,0.19204783604901443,11.003530470228913
94.74592518806458,-0.10304141140415604,0.05905663379015049,0.18469421313245504,10.582198912979377
94.81263947486877,-0.09832665211670802,0.0599531708807673,0.1737903573041052,9.957453993595808
94.8459963798523,-0.09538483098565151,0.06046442398049241,0.1657664842563097,9.497719932608351
94.91265606880188,-0.0908641179154712,0.061223265824217186,0.1546747239438434,8.862208879333327
94.94590997695923,-0.08768655602278784,0.0617269814655093,0.14836427773469862,8.500646944705002
95.01259779930115,-0.08284424261344697,0.06246180726991803,0.1403627179493937,8.042191339485424
95.04623436927795,-0.07979854108093294,0.06288810835217627,0.1349483432257269,7.731970519117006
95.11255073547363,-0.07506413169896488,0.0635342931139665,0.12678294078205654,7.264127421068885
95.14592814445496,-0.0720150758421374,0.06391965529320551,0.12208826374794134,6.9951422408370885
95.2126681804657,-0.06728171336962309,0.06450383114644515,0.11540148823440242,6.612018225359885
95.24592471122742,-0.06381865135473411,0.06491723928293121,0.11142276819671158,6.384054359336068
95.312570810318,-0.05859646546069931,0.06551417151857428,0.10509080850287132,6.021259792832073
95.34590148925781,-0.05501143452874089,0.06590045329171144,0.10030418470821433,5.747006451281331
95.41264772415161,-0.0498439575327232,0.06642153149459618,0.09289169935837314,5.3223023250328785
95.44588494300842,-0.04625059939964772,0.06676134127464511,0.08831436547264403,5.060040411958383
95.51258563995361,-0.040912420321113654,0.06723670122247508,0.08108384144386603,4.645761901441475
95.54588055610657,-0.03772461045687223,0.06748355578036515,0.07567490026923261,4.335852400500446
95.61260652542114,-0.03283297883539154,0.06784558525819248,0.06773955841852729,3.881190803461499
95.64614224433899,-0.029364627627976182,0.06808480709843838,0.06269606215965405,3.5922197538380423
95.7128574848175,-0.024394315016424473,0.06839407973592262,0.055778210880433096,3.195856072239504
95.74588108062744,-0.021413906852113487,0.06854448920359912,0.0507426728007031,2.9073409926935643
95.81260919570923,-0.01645742590258866,0.06879905959782938,0.043163996373381294,2.4731148191127397
95.8458981513977,-0.01311211613993513,0.06894565351438207,0.03761696164041815,2.155293140101474
95.91267108917236,-0.008133172948462924,0.06913407645421728,0.02900643743691532,1.661946443845517
95.94592547416687,-0.0049224920915533375,0.06922336024834493,0.022690001957263436,1.3000413492947722
