time_s,x_m,y_m,yaw_rad,yaw_deg
0.04691767692565918,0.0,0.0,0.0,0.0
0.08659791946411133,0.0,0.0,0.0,0.0
0.14652705192565918,0.0006677696034758058,3.378225406451595e-06,0.010117850736198974,0.5797101449275341
0.18658757209777832,0.0018362613183319746,2.012809093033716e-05,0.018549393016364935,1.0628019323671543
0.24650144577026367,0.004173006327355801,6.742022064368269e-05,0.02192200992843152,1.2560386473430138
0.28688478469848633,0.0063427229580875,0.00011682271053479847,0.02360831838446431,1.352657004830915
0.3468592166900635,0.008011399326765992,0.00016748852688271317,0.03709878603272987,2.1256038647343085
0.3865337371826172,0.010346708998611388,0.00026205342161801214,0.043844019856862815,2.512077294686015
0.4468421936035156,0.013181715056187248,0.00039361684810029426,0.04890294522496219,2.801932367149776
0.4866468906402588,0.015682571714866738,0.0005223554650183263,0.05396187059306179,3.091787439613549
0.546947717666626,0.018516101546214796,0.0006825958361499091,0.059020795961161276,3.3816425120773164
0.5865845680236816,0.020848272442478874,0.0008361949681445647,0.07251126360942672,4.154589371980704
0.6465845108032227,0.02334474581410444,0.001032353994221755,0.08431542280165871,4.830917874396151
0.6869151592254639,0.026504269640676207,0.0013128034937835847,0.09274696508182467,5.3140096618357715
0.7466187477111816,0.02949441077225956,0.001611284719005162,0.10623743273009012,6.086956521739159
0.7866001129150391,0.033145821928865574,0.0020068958302506823,0.10961004964215659,6.280193236715012
0.8469808101654053,0.03629662993277927,0.002372479821903313,0.12141420883438858,6.95652173913046
0.8865578174591064,0.03960885271524746,0.002793634938964215,0.13153205957058756,7.536231884057994
0.9466428756713867,0.042915873474260895,0.003253857811909875,0.14502252721885306,8.309178743961384
0.9866414070129395,0.045555597853793234,0.003662144098519206,0.16188561177918448,9.275362318840596
1.0465123653411865,0.04851712033502313,0.0041714766242488995,0.17874869633951646,10.24154589371984
1.0864336490631104,0.05163514481687069,0.004753856279695386,0.19055285553174833,10.917874396135282
1.1467478275299072,0.054909260366781926,0.005408347501300002,0.20404332318001384,11.690821256038673
1.1866049766540527,0.05850331900280985,0.006164690086852893,0.2107885570041464,12.077294685990356
1.2465095520019531,0.061763521042139086,0.006885296814605042,0.22427902465241178,12.85024154589374
1.2865049839019775,0.06517823421037897,0.007679409520581982,0.23271056693257774,13.33333333333336
1.346470832824707,0.0682603090855088,0.008429114260177544,0.24451472612480973,14.009661835748808
1.3864383697509766,0.07214450588357557,0.009412176231916914,0.2512599599489422,14.396135265700487
1.4464075565338135,0.07569729514464178,0.010343304607802743,0.2613778106851412,14.975845410628024
1.4865186214447021,0.07940238673057806,0.011351163455807452,0.2698093529653071,15.458937198067641
1.5468685626983643,0.08293729391161246,0.012348029950077562,0.2799272037015061,16.038647342995176
1.5865678787231445,0.08565749160692405,0.013157407970597959,0.29847659671787113,17.101449275362334
1.6467487812042236,0.08980397599767787,0.014440806058472616,0.3018492136299375,17.29468599033818
1.6865589618682861,0.09298684777292307,0.015449527355796924,0.31196706436613647,17.874396135265716
1.746591567993164,0.09599821472252633,0.016445976966823754,0.327143840470435,18.74396135265702
1.7866573333740234,0.09899586548935568,0.01748295942212664,0.338947999662667,19.42028985507247
1.8465383052825928,0.10150742728212103,0.018392299761522027,0.3558110842229984,20.386473429951682
1.886681079864502,0.10510097678236557,0.01974503222101602,0.3642426265031644,20.869565217391305
1.9465820789337158,0.10789970609876108,0.020839175375335577,0.3811057110634959,21.83574879227052
1.9866118431091309,0.11130202393216704,0.022222484793511917,0.39122356179969486,22.415458937198053
2.0465505123138428,0.11391735883256868,0.023324569926530515,0.4064003379039934,23.285024154589358
2.0864481925964355,0.11697532343317188,0.024665108584975712,0.4198908055522588,24.05797101449274
2.146444320678711,0.11986405139501319,0.025975258765281256,0.43169496474449076,24.73429951690819
2.1864702701568604,0.12288951892908725,0.027387610560547566,0.44181281548068974,25.314009661835723
2.2464706897735596,0.12620164417918323,0.028974789792267794,0.4519306662168887,25.893719806763258
2.2864749431610107,0.12934903101743975,0.030519081572183054,0.46036220849705467,26.376811594202877
2.346508502960205,0.13233277276780964,0.032017573000395955,0.47048005923325364,26.956521739130412
2.386484384536743,0.1354482675316135,0.03362523384393693,0.48228421842548563,27.63285024154586
2.4464831352233887,0.138249682784361,0.03511295536161162,0.4940883776177176,28.309178743961308
2.4864883422851562,0.14103334197352685,0.036633640815955014,0.5058925368099496,28.985507246376756
2.5464577674865723,0.14379885723362573,0.03818707831989245,0.5176966960021816,29.661835748792203
2.586493730545044,0.14639999725227368,0.039691772851013093,0.531187163650447,30.434782608695592
2.6464459896087646,0.14912533841413075,0.041314658639960145,0.542991322842679,31.11111111111104
2.6864612102508545,0.15154399135469232,0.04279947722645227,0.5581680989469775,31.98067632850234
2.7464046478271484,0.15422741478854574,0.04449077300399245,0.5665996412271435,32.46376811594196
2.786484479904175,0.15661034292526554,0.046032272850540824,0.5817764173314419,33.333333333333265
2.8465423583984375,0.159390627921992,0.04788111214326098,0.5918942680676409,33.913043478260796
2.8864400386810303,0.16173380627342698,0.04948238772698985,0.6070710441719394,34.782608695652094
2.9465348720550537,0.1639173228443075,0.05102092530417807,0.6205615118202048,35.555555555555486
2.986541986465454,0.1670316979663784,0.05326684398407336,0.6289930541003708,36.038647342995105
3.046525478363037,0.16931387226682265,0.05495392689373469,0.6441698302046692,36.9082125603864
3.0864813327789307,0.1718388692051993,0.056873727194200197,0.6559739893969012,37.584541062801854
3.146580934524536,0.17447445103623385,0.058923580800009416,0.6660918401331002,38.164251207729386
3.1865148544311523,0.176956758763885,0.06089826838991367,0.6778959993253322,38.84057971014484
3.2464983463287354,0.1798057755363895,0.06321611545473807,0.6880138500615312,39.42028985507237
3.2864620685577393,0.18185485890648717,0.06492962058578364,0.7048769346218626,40.386473429951586
3.346555471420288,0.184255237420844,0.06700312624535945,0.7200537107261611,41.25603864734288
3.386641263961792,0.1867541458043739,0.06921754451751402,0.7301715614623601,41.83574879227042
3.446592092514038,0.1897303243873669,0.07190003527211629,0.7369167952864926,42.2222222222221
3.486565589904785,0.19219153732717847,0.07415627600799359,0.7470346460226915,42.80193236714963
3.5465826988220215,0.1938902191708636,0.07576160892569797,0.7672703474950895,43.9613526570047
3.586693048477173,0.19628182398789693,0.07809150544538956,0.7773881982312885,44.541062801932235
3.6465580463409424,0.19816978939009974,0.07998106336506684,0.7942512827916204,45.50724637681148
3.6866180896759033,0.20026124502781056,0.08213880485655353,0.8077417504398858,46.280193236714865
3.7465810775756836,0.20220709676318466,0.08420477419456936,0.8229185265441844,47.14975845410617
3.7866036891937256,0.20423584504001707,0.086421577175857,0.8364089941924499,47.92270531400956
3.8465726375579834,0.20680175205337975,0.08927807928796078,0.8414679195605493,48.21256038647333
3.886596202850342,0.20878903332271975,0.09153213079250248,0.8549583872088148,48.98550724637671
3.9465553760528564,0.21118993461275498,0.09431151644070498,0.8617036210329473,49.3719806763284
3.9865610599517822,0.21346150586285456,0.09698188066059443,0.8701351633131132,49.85507246376802
4.046565055847168,0.21527475202772164,0.09916515953130106,0.8853119394174117,50.724637681159315
4.086555480957031,0.21716132850996078,0.10150414739045259,0.8988024070656772,51.4975845410627
4.146701335906982,0.2193322921872778,0.10425692738945638,0.9072339493458431,51.98067632850233
4.186631917953491,0.22106710237050586,0.10650303555912413,0.9190381085380752,52.65700483091778
4.246810436248779,0.22277145456420774,0.10877234203501135,0.9342148846423737,53.52657004830908
4.2866997718811035,0.22454553035111222,0.11119776779782403,0.9443327353785727,54.106280193236614
4.346554517745972,0.22629085309427135,0.1136439655720866,0.9578232030268381,54.87922705314
4.386615991592407,0.22839874120829695,0.1166516422975139,0.9611958199389046,55.07246376811585
4.446531534194946,0.23058384570785612,0.1198089831792819,0.9696273622190705,55.55555555555547
4.486586570739746,0.23226674107430867,0.12229854101435389,0.983117829867336,56.328502415458864
4.546960353851318,0.23382627894834798,0.12466970315581885,0.994921989059568,57.00483091787431
4.586642265319824,0.23553788869354098,0.12734021524390968,1.0067261482518,57.68115942028976
4.646501064300537,0.23686059550916283,0.12946655113897762,1.0219029243560984,58.55072463768106
4.6865622997283936,0.2384995381190264,0.13218226648747283,1.0337070835483304,59.22705314009651
4.746607303619385,0.23993717661413433,0.13462925725963837,1.0455112427405624,59.90338164251195
4.786646127700806,0.24176820023819984,0.13781307007983393,1.0522564765646951,60.289855072463645
4.8466126918792725,0.24298907177043094,0.13999946674113178,1.07080586958106,61.3526570048308
4.8866167068481445,0.24474442767047427,0.14322561572251974,1.0741784864931265,61.54589371980666
4.946601390838623,0.24648344033108682,0.14646060359763707,1.080923720317259,61.932367149758335
4.9865992069244385,0.24811992688378137,0.14956105401233402,1.089355262597425,62.415458937197954
5.046509742736816,0.24949792189253076,0.15223147809559448,1.099473113333624,62.99516908212549
5.086568117141724,0.25107661873693116,0.15536174921558152,1.10790465561379,63.47826086956511
5.146489381790161,0.2524048447769923,0.15805727339746145,1.118022506349989,64.05797101449265
5.186570644378662,0.2537755904771144,0.16091774520436247,1.1298266655422209,64.7342995169081
5.246493577957153,0.2552585598621441,0.1640944861151402,1.1382582078223868,65.21739130434771
5.286584377288818,0.2566479127920814,0.1671305839115563,1.1450034416465198,65.60386473429942
5.346503257751465,0.25822503376819755,0.17063146559255776,1.1500623670146193,65.89371980676319
5.386566400527954,0.2595083359083174,0.17353222038220176,1.1584939092947852,66.3768115942028
5.446627140045166,0.2608996400418618,0.17675016286446066,1.1669254515749512,66.85990338164243
5.486579179763794,0.26233157322757283,0.18013230404093258,1.1736706853990841,67.24637681159413
5.546579599380493,0.2638076993176722,0.18367695280827254,1.1787296107671836,67.5362318840579
5.58661675453186,0.26513907664133596,0.18692014805882065,1.1837885361352831,67.82608695652166
5.646573781967163,0.2663188727616896,0.1898645196126293,1.1955926953275156,68.50241545893714
5.686609506607056,0.2674059331419284,0.19266600756696908,1.2057105460637145,69.08212560386468
5.746633768081665,0.26883011861217476,0.1964110164258013,1.209083162975781,69.27536231884052
5.786609649658203,0.26999586219765337,0.19953979147144515,1.21920101371198,69.85507246376807
5.846566200256348,0.2713693976857438,0.20330367189852416,1.2225736306240464,70.04830917874392
5.886606454849243,0.2725573463977779,0.20660210468830803,1.227632555992146,70.33816425120769
5.946603298187256,0.2738401407929964,0.21022120977897243,1.2326914813602454,70.62801932367145
5.986652374267578,0.2748796503613179,0.21321798514423537,1.2411230236404114,71.11111111111107
6.046619415283203,0.27600061431277056,0.2165397799649141,1.2495545659205771,71.59420289855068
6.086589097976685,0.2769301747127759,0.2193973930407762,1.2630450335688428,72.36714975845408
6.146536111831665,0.27782593941559885,0.222265779455779,1.2731628843050418,72.94685990338161
6.186567783355713,0.27868778360847024,0.22514453953883723,1.2866533519533072,73.71980676328499
6.246556520462036,0.279607565382379,0.22835424246616776,1.2967712026895062,74.29951690821254
6.286604642868042,0.2803594291901921,0.23109089536636915,1.3085753618817386,74.97584541062801
6.346526384353638,0.28103007556026205,0.23367644674625743,1.3254384464420705,75.94202898550725
6.38657283782959,0.2817875738865581,0.23675661541341464,1.3338699887222365,76.42512077294687
6.446585655212402,0.28263758814807655,0.24032967955237747,1.340615222546369,76.81159420289855
6.486603736877441,0.28342306093329106,0.24374639047296048,1.3490467648265352,77.29468599033818
6.54654335975647,0.2841024135328342,0.24684473241309113,1.360850924018767,77.97101449275361
6.586592674255371,0.28474514633089554,0.2499508774970779,1.3726550832109994,78.64734299516908
6.646531581878662,0.28535116977130054,0.2530643929253612,1.3844592424032318,79.32367149758457
6.686621904373169,0.28598613336909806,0.256512247655569,1.3928907846833978,79.80676328502419
6.746579647064209,0.2865603799790377,0.25980138617869347,1.4030086354195968,80.38647342995172
6.786590576171875,0.28718565405471447,0.26358985756540915,1.4114401776997627,80.86956521739134
6.846511125564575,0.28767049402006317,0.26672453026610365,1.4232443368919951,81.54589371980681
6.886560916900635,0.2880922217596663,0.26969979172389946,1.4367348045402606,82.3188405797102
6.946562767028809,0.2884313799050036,0.2723492849290581,1.450225272188526,83.09178743961358
6.986649513244629,0.288772688553611,0.2753348407290695,1.4637157398367915,83.86473429951697
7.046828508377075,0.28904024612602325,0.2779925193095557,1.477206207485057,84.63768115942035
7.0868730545043945,0.289335456125562,0.28131833386384175,1.487324058221256,85.2173913043479
7.146935224533081,0.2895657948355776,0.2843144945917175,1.500814525869521,85.99033816425126
7.1872453689575195,0.2897880312026002,0.28764598110534784,1.5075597596936539,86.37681159420296
7.246631145477295,0.2899751333213014,0.2908124042497896,1.5159913019738194,86.85990338164255
7.286712408065796,0.2901245587854732,0.2938136884847885,1.5261091527100183,87.43961352657008
7.346613645553589,0.2902664061275762,0.29731665299255655,1.5345406949901839,87.92270531400969
7.386671781539917,0.2903680174550668,0.30048697125270085,1.5429722372703494,88.40579710144928
7.44658088684082,0.2904440212856684,0.3038249968384419,1.5530900880065484,88.98550724637681
7.486718654632568,0.2904868110254087,0.306996654413063,1.5615216302867139,89.4685990338164
7.546250104904175,0.2905127106676004,0.31083629141754815,1.5665805556548134,89.75845410628018
7.5866615772247314,0.2905101769880385,0.3138412920180578,1.5766984063910123,90.33816425120771
7.646630764007568,0.2904780842573518,0.31701307586774186,1.5851299486711778,90.8212560386473
7.687041759490967,0.2904133387192055,0.3203513388005587,1.5952477994073768,91.40096618357484
7.746765851974487,0.2903111601500576,0.32402269701325526,1.6019930332315098,91.78743961352654
7.7867536544799805,0.290205895825896,0.3268588013314599,1.6137971924237422,92.46376811594202
7.846696853637695,0.2900615316627658,0.3298603332764839,1.6239150431599412,93.04347826086955
7.886701345443726,0.28985416177071316,0.3335272542346991,1.6306602769840741,93.42995169082126
7.946617364883423,0.28963754363088673,0.33685911077044994,1.640778127720273,94.0096618357488
7.986612319946289,0.28939707498342904,0.3400219287484672,1.6525822869125055,94.68599033816427
8.045937776565552,0.28910182911147764,0.34351530975921307,1.657641212280605,94.97584541062804
8.086724281311035,0.2887709293924904,0.3471731529709844,1.664386446104738,95.36231884057975
8.146658658981323,0.28844208498217216,0.3504958104536526,1.674504296840937,95.94202898550728
8.186691999435425,0.28811084739157267,0.35348250037514917,1.687994764489202,96.71497584541063
8.246622562408447,0.287776157589135,0.3561325617381885,1.7048578490495339,97.68115942028987
8.286736726760864,0.28733364865976624,0.35927348971888273,1.7166620082417663,98.35748792270535
8.346624851226807,0.2868316387806773,0.3625744255671878,1.7267798589779653,98.93719806763289
8.386641263961792,0.286344793885618,0.36553972775697385,1.7402703266262305,99.71014492753626
8.446728229522705,0.28587652482383774,0.36816947424238067,1.7537607942744964,100.48309178743968
8.486696004867554,0.28525242774440396,0.3714495190940207,1.7638786450106951,101.0628019323672
8.546694278717041,0.28462541686010334,0.37455887595412013,1.7756828042029276,101.73913043478267
8.586652517318726,0.2840643350068523,0.37717039460151325,1.7891732718511935,102.51207729468608
8.646695137023926,0.28339354212791174,0.3800995705849867,1.8026637394994591,103.28502415458948
8.686626672744751,0.2826516357717611,0.38318353194842536,1.8110952817796249,103.76811594202908
8.746742963790894,0.28165492744768733,0.38723638545784284,1.812781590235658,103.86473429951701
8.786760330200195,0.2808766700533936,0.3903113745896458,1.8245857494278908,104.5410628019325
8.846675157546997,0.2800621700606621,0.3933769630314168,1.8363899086201232,105.21739130434797
8.886675596237183,0.2793865536043924,0.39578826974412784,1.8515666847244217,106.08695652173927
8.94664454460144,0.27853442324959515,0.39866992011969893,1.8650571523726867,106.85990338164264
8.986703157424927,0.27745734926697996,0.4021812194834532,1.8718023861968198,107.24637681159436
9.04700255393982,0.276551915708416,0.4050465685197177,1.8819202369330186,107.82608695652188
9.08669114112854,0.27541578633063163,0.40853920672354904,1.8886654707571517,108.2125603864736
9.146661281585693,0.27435620726557813,0.4117055111306187,1.8987833214933503,108.7922705314011
9.186655282974243,0.2733690153202002,0.4145437301305511,1.9122737891416166,109.56521739130454
9.246647357940674,0.27240284120959257,0.41721226453536425,1.9240779483338486,110.24154589371999
9.28664779663086,0.2711760409383519,0.4204964451189541,1.9325094906140143,110.72463768115959
9.346586465835571,0.27003607191790246,0.4234564642683676,1.9443136498062468,111.40096618357506
9.38667917251587,0.2689254295932241,0.4262486871561809,1.9544315005424457,111.98067632850261
9.446664810180664,0.26778659330440474,0.4290295300024892,1.9645493512786447,112.56038647343014
9.486649990081787,0.26668230343270943,0.4316439347456288,1.9763535104708772,113.23671497584562
9.546603202819824,0.2654781395708881,0.4343971191605345,1.9898439781191433,114.00966183574904
9.58665680885315,0.26410929728160104,0.4374425193280639,1.996589211943276,114.39613526570074
9.646568298339844,0.26292182333441044,0.44002020703343525,2.0083933711355084,115.07246376811621
9.686664342880249,0.261496729448862,0.4430396935478447,2.0151386049596414,115.45893719806791
9.746777772903442,0.26018671542763094,0.44574411553650956,2.0286290726079073,116.23188405797133
9.786690473556519,0.2588448699864975,0.44843288585780994,2.0387469233441062,116.81159420289886
9.846592664718628,0.2574713800935844,0.4511056298677484,2.0522373909923726,117.5845410628023
9.886646270751953,0.2559860211295619,0.45390829850325926,2.0640415501846046,118.26086956521775
9.946703433990479,0.25439024303861346,0.4568411612136119,2.074159400920804,118.8405797101453
9.9867103099823,0.25252955726115195,0.4601999305649116,2.0792183262889035,119.13043478260907
10.046695232391357,0.25089435988858627,0.4631109992597525,2.0859635601130364,119.51690821256078
10.086719989776611,0.24931534025051125,0.4658619881210626,2.097767719305269,120.19323671497625
10.146779298782349,0.24753943387420138,0.46888474142785547,2.1061992615854344,120.67632850241584
10.186714172363281,0.2459096596355914,0.47160596884643746,2.1146308038656,121.15942028985545
10.246630430221558,0.244167615068088,0.47445438456717776,2.124748654601799,121.73913043478298
10.286696434020996,0.24222501627904516,0.4775713737443704,2.131493888425932,122.12560386473469
10.346582651138306,0.24069760743102211,0.47996335837907445,2.1466706645302303,122.99516908212598
10.387012004852295,0.23859847590411096,0.4831784991147817,2.1517295898983297,123.28502415458975
10.446687459945679,0.23693241134422807,0.4856793517515635,2.1652200575465947,124.0579710144931
10.486681699752808,0.23542161169566136,0.48788215154129033,2.1787105251948606,124.83091787439652
10.546677589416504,0.23359459832275042,0.490475077469211,2.190514684387093,125.50724637681199
10.586667776107788,0.23173710563507796,0.49304625689657927,2.2023188435793255,126.18357487922746
10.646647453308105,0.22975230221194692,0.49573116783827836,2.2124366943155245,126.76328502415501
10.686630725860596,0.2276422018057411,0.4985308744812811,2.22086823659569,127.2463768115946
10.746676921844482,0.22580734983387535,0.5009106545698473,2.234358704243956,128.019323671498
10.786744594573975,0.22353543928473246,0.5037964359272304,2.241103938068089,128.4057971014497
10.84666895866394,0.22165280973799747,0.5061386018091347,2.254594405716354,129.1787439613531
10.886668682098389,0.21973875554643377,0.5084551577830654,2.2680848733646197,129.9516908212565
10.946699142456055,0.217691684478833,0.5108781193545044,2.2765164156447852,130.43478260869608
10.986743927001953,0.21540663318085018,0.5135369577431117,2.2849479579249508,130.9178743961357
11.046583414077759,0.21331497239215746,0.5159215327319773,2.296752117117183,131.59420289855115
11.087036609649658,0.2111992923029916,0.5182848229157647,2.3051836593973487,132.07729468599075
11.146568059921265,0.20872886301596708,0.5210025960342827,2.3119288932214817,132.46376811594246
11.186620950698853,0.20679699088736644,0.5230816434989685,2.32710566932578,133.33333333333377
11.246582269668579,0.20460669009997418,0.5253759462673988,2.3389098285180125,134.00966183574923
11.28663945198059,0.20239328840626725,0.5276479708435804,2.347341370798178,134.49275362318883
11.346624374389648,0.20004131100386166,0.5300178640251187,2.357459221534377,135.07246376811636
11.386733770370483,0.19743224804339596,0.5326028402444005,2.36420445535851,135.45893719806807
11.446620225906372,0.1951583580360404,0.5348143254844433,2.3760086145507424,136.13526570048353
11.486653804779053,0.19250179693575253,0.5373504632382657,2.3827538483748754,136.52173913043524
11.5466787815094,0.19006738787073577,0.5396355986604,2.3928716991110743,137.10144927536277
11.586594104766846,0.1872435651758987,0.5422374265766541,2.40130324139124,137.58454106280237
11.646603107452393,0.18488921518977675,0.5443630509261868,2.4131074005834723,138.26086956521786
11.686635732650757,0.18275722680398224,0.5462363351556929,2.4282841766877707,139.13043478260914
11.746649026870728,0.1799717770635365,0.5486301984202464,2.4350294105119037,139.51690821256085
11.786834001541138,0.1771702436442782,0.5510052188594651,2.4417746443360366,139.90338164251256
11.846600770950317,0.1749854367036386,0.552816623539213,2.456951420440335,140.77294685990387
11.886693954467773,0.17251650507453414,0.554808009826021,2.4687555796325675,141.44927536231933
11.946738481521606,0.17002423935679403,0.5567701143911898,2.4805597388248,142.1256038647348
11.986663818359375,0.1675089868141409,0.5587026638418263,2.4923638980170324,142.80193236715027
12.046558618545532,0.16483921448956762,0.5607077840697109,2.5024817487532314,143.38164251207783
12.086654424667358,0.16228537308178556,0.5625890434341732,2.510913291033397,143.8647342995174
12.14665961265564,0.1594452752093185,0.5646444570387678,2.5193448333135624,144.347826086957
12.186692237854004,0.1568600745704801,0.5664823853261143,2.527776375593728,144.8309178743966
12.246855735778809,0.15412098464116858,0.5683917249377268,2.537894226329927,145.41062801932415
12.2866792678833,0.1509581267256168,0.5705688360795174,2.5395805347859604,145.50724637681208
12.346608638763428,0.14860687765915984,0.5721582372589449,2.554757310890259,146.3768115942034
12.386991739273071,0.14581727513978918,0.5739929876989911,2.564875161626458,146.95652173913092
12.446660041809082,0.14287365802972346,0.575897193391786,2.5699340869945573,147.24637681159467
12.486724853515625,0.14019882503647518,0.577602042707916,2.578365629274723,147.72946859903428
12.546651840209961,0.13764722196239348,0.5791892908866624,2.5918560969229887,148.5024154589377
12.586667776107788,0.13550214596417562,0.5804813847766785,2.607032873027287,149.37198067632897
12.646594762802124,0.13319454554047122,0.5818266813150854,2.620523340675552,150.14492753623236
12.686898469924927,0.1300030418590647,0.5836442664815894,2.627268574499685,150.53140096618407
12.746730089187622,0.12709059547556129,0.5852770087933294,2.634013808323818,150.91787439613577
12.786688566207886,0.1245999530431498,0.5866376220945839,2.6491905844281165,151.78743961352706
12.846617460250854,0.12164977553208561,0.5882011578461865,2.659308435164316,152.36714975845462
12.886727333068848,0.1191277083423396,0.589502597576672,2.671112594356547,153.04347826087002
12.946667671203613,0.11629195440077134,0.5909237739609956,2.6829167535487795,153.7198067632855
12.986661434173584,0.11299332909120732,0.5925388227692459,2.6896619873729115,154.10628019323715
13.046614646911621,0.11073051978531803,0.5936114605011611,2.708211380389276,155.1690821256043
13.086657047271729,0.10769091738900538,0.5949931292985429,2.721701848037542,155.9420289855077
13.146761655807495,0.10418078844414252,0.5965495604432174,2.7267607734056414,156.23188405797146
13.185947895050049,0.10127037907093023,0.5978108137931817,2.738564932597873,156.9082125603869
13.24599575996399,0.09773198479391626,0.5993018701496187,2.7469964748780384,157.39130434782646
13.286738157272339,0.0946432274124418,0.600569848553108,2.7571143256142374,157.97101449275402
13.346631288528442,0.09138782370712906,0.6018710893942212,2.765545867894403,158.4541062801936
13.38671875,0.08765618461860175,0.6033299469333141,2.772291101718535,158.84057971014525
13.446629524230957,0.08500177263807746,0.6043342702474562,2.7874678778228335,159.71014492753656
13.486631393432617,0.08186424164532102,0.6054762381379073,2.7975857285590324,160.2898550724641
13.546557903289795,0.07887010526486815,0.6065233246041208,2.812762504663331,161.1594202898554
13.586913108825684,0.07554736647955324,0.6076414873721059,2.8211940469434964,161.64251207729498
13.646603107452393,0.07189999865125157,0.6088415669706104,2.826252972311596,161.93236714975876
13.686689376831055,0.06872054700190555,0.6098610171178952,2.836370823047795,162.5120772946863
13.746695518493652,0.06568806118775417,0.6107912173756084,2.8515475991520933,163.3816425120776
13.786633014678955,0.06280284404362052,0.6116311918155729,2.865038066800359,164.15458937198102
13.84681510925293,0.060066826053248146,0.6123853627763226,2.8802148429046577,165.0241545893723
13.886711120605469,0.05683701763409704,0.613231843118037,2.8903326936408567,165.60386473429983
13.946676015853882,0.05359881011711631,0.6140456019707063,2.9004505443770556,166.18357487922736
13.98668885231018,0.05099969770843654,0.6146616029275049,2.9173136289373875,167.1497584541066
14.046619176864624,0.047414817245235774,0.6154603166750315,2.9274314796735865,167.72946859903413
14.08670973777771,0.04480003255270881,0.6160059754543585,2.9442945642339176,168.69565217391334
14.146579265594482,0.04152264789135779,0.616643894865311,2.9544124149701165,169.27536231884088
14.18700122833252,0.037910609602568646,0.6173090948249085,2.9645302657063155,169.8550724637684
14.246649026870728,0.03478592800560043,0.617854629104351,2.972961807986481,170.338164251208
14.286633968353271,0.03165588680527065,0.6183685209380246,2.9847659671787135,171.01449275362347
14.34632158279419,0.028849375761903606,0.6187904972941625,2.999942743283012,171.88405797101478
14.386673212051392,0.025541583627516573,0.6192451428583278,3.010060594019211,172.46376811594232
14.446607828140259,0.022064123795745905,0.6196902879240831,3.0184921362993773,172.94685990338195
14.486711502075195,0.019079440873363107,0.620039147324748,3.031982603947643,173.71980676328536
14.546590328216553,0.016256140779909,0.6203281886089652,3.0471593800519416,174.58937198067667
14.586697340011597,0.013096616953337359,0.620608638108527,3.058963539244173,175.2657004830921
14.646599054336548,0.010100263079426242,0.6208364505113816,3.072454006892439,176.03864734299552
14.6870276927948,0.007100796955671729,0.6210187634320579,3.08931709145277,177.0048309178747
14.746705055236816,0.0037656274008316948,0.621176356051797,3.099434942188969,177.58454106280223
14.786730527877808,0.00026231530218273624,0.6213093423315604,3.1078664844691346,178.06763285024184
14.84589147567749,-0.0030752035663748067,0.6214050460167067,3.1179843352053336,178.64734299516937
14.88672423362732,-0.00674723143769812,0.621479362220542,3.1247295690294656,179.03381642512102
14.946686744689941,-0.009918987100838716,0.6215141292424675,3.136533728221698,179.71014492753648
14.986771583557129,-0.013257877843784516,0.6215141292424675,3.146651578957897,180.289855072464
15.046971559524536,-0.01626272570137982,0.6214837256028696,3.156769429694096,180.86956521739157
15.08672022819519,-0.019600932857128328,0.6214161654175648,3.166887280430295,181.4492753623191
15.146600246429443,-0.023105241695855816,0.6213127218389283,3.1753188227104605,181.93236714975868
15.186674118041992,-0.026274697618432874,0.6211870560626784,3.187122981902693,182.60869565217416
15.246653079986572,-0.029108751763101404,0.62103637299539,3.2022997580069914,183.47826086956545
15.286795616149902,-0.032440049713029495,0.6208113277507554,3.2157902256552564,184.25120772946883
15.346632242202759,-0.035435618223369825,0.6205734111089389,3.2259080763914554,184.83091787439636
15.386642456054688,-0.03859466463353606,0.6202876340789045,3.237712235583688,185.50724637681182
15.44696044921875,-0.04191647968794948,0.619950386191437,3.247830086319887,186.08695652173935
15.486638069152832,-0.045400951263028955,0.6195639423357377,3.2562616286000523,186.57004830917896
15.547015190124512,-0.048715939463928826,0.6191651383472636,3.2663794793362513,187.1497584541065
15.586655616760254,-0.05186083643146899,0.6187517791861996,3.2781836385284837,187.82608695652198
15.646633386611938,-0.05500063505542435,0.618301326820808,3.289987797720716,188.50241545893743
15.68667221069336,-0.05846572389789084,0.6177683724841538,3.2984193400008817,188.98550724637704
15.746612310409546,-0.06192619599915539,0.6172062213945755,3.306850882281047,189.46859903381662
15.786701917648315,-0.06538180535258103,0.6166149135156658,3.3152824245612127,189.95169082125622
15.846938133239746,-0.06833802298569247,0.6160756433289537,3.3287728922094786,190.72463768115963
15.886761665344238,-0.07161540764704341,0.6154377239180011,3.3388907429456776,191.30434782608717
15.946754217147827,-0.07505030128888465,0.6147360212171495,3.347322285225843,191.78743961352677
15.986741542816162,-0.07815147968266417,0.6140697365164139,3.3591264444180755,192.46376811594223
16.04691982269287,-0.0818986038759981,0.6132315578973784,3.364185369786175,192.753623188406
16.086703300476074,-0.08547801531660879,0.6124086816462012,3.370930603610308,193.14009661835772
16.14697289466858,-0.08954155007232725,0.6114564556535169,3.3726169120663414,193.23671497584564
16.18695306777954,-0.09246319767979533,0.6107535970003215,3.3827347628025404,193.81642512077318
16.24665641784668,-0.09586403479438052,0.609902017332173,3.391166305082706,194.29951690821278
16.28671908378601,-0.09958238531036356,0.6089442320963473,3.3962252304508054,194.58937198067653
16.346659660339355,-0.10296990702953795,0.6080411387383455,3.408029389643037,195.26570048309196
16.386772394180298,-0.106348118150464,0.607103817750852,3.4164609319232024,195.74879227053157
16.44672656059265,-0.10891275561191607,0.606357173804217,3.4333240164835335,196.71497584541075
16.48674249649048,-0.11178489286522975,0.6054735094863204,3.4468144841317994,197.48792270531416
16.546920776367188,-0.1154422494489449,0.6043042251166171,3.455246026411965,197.97101449275377
16.586760997772217,-0.1186129926487369,0.6032580038425546,3.465363877148164,198.5507246376813
16.64679741859436,-0.12208898778142668,0.6020719307320577,3.475481727884363,199.13043478260883
16.68673276901245,-0.12507957571859682,0.6010147521650543,3.4872858870765953,199.8067632850243
16.74673318862915,-0.12853085981062895,0.5997585874855582,3.4940311209007273,200.19323671497597
16.786807537078857,-0.1316586508426193,0.5985902062748528,3.5041489716369263,200.7729468599035
16.84666109085083,-0.13508826242916952,0.5972760236576615,3.5108942054610583,201.15942028985515
16.88666605949402,-0.1381959071793179,0.5960550668606358,3.5210120561972573,201.73913043478268
16.946738719940186,-0.14207138778088066,0.5945059706212155,3.522698364653291,201.8357487922706
16.98673677444458,-0.14516440399306768,0.5932484166046913,3.5328162153894898,202.41545893719817
17.04674768447876,-0.1483996849068508,0.5918979209845375,3.5412477576696553,202.89855072463774
17.086713314056396,-0.1516234641957859,0.5905201952834715,3.549679299949821,203.38164251207735
17.14668107032776,-0.15437359391870356,0.589309071204064,3.5631697675980867,204.15458937198076
17.18670082092285,-0.15741086207458346,0.5879222786663689,3.5766602352463526,204.92753623188418
17.24664855003357,-0.15982355978405738,0.5867760970688769,3.5935233198066836,205.89371980676336
17.286704540252686,-0.16252020290706984,0.585450144243281,3.6036411705428826,206.4734299516909
17.346686124801636,-0.16520100676484295,0.5840924529290477,3.6171316381911485,207.2463768115943
17.38664722442627,-0.16786325134773017,0.5826987209571522,3.6306221058394144,208.01932367149772
17.44668173789978,-0.17080281541093273,0.5811153212881942,3.6407399565756133,208.59903381642525
17.48663902282715,-0.1729902406779384,0.5798962936592978,3.659289349591978,209.66183574879238
17.54668164253235,-0.17602933473357957,0.5781484983817808,3.6677208918721433,210.144927536232
17.586713552474976,-0.17876285104412395,0.5765394205985563,3.6795250510643758,210.82125603864745
17.646681308746338,-0.1820519675747245,0.5745582099671982,3.6879565933445413,211.30434782608705
17.686710596084595,-0.18446559904497814,0.573065242650918,3.7031333694488398,212.17391304347834
17.74672269821167,-0.18700101224906762,0.5714522594169306,3.7132512201850387,212.75362318840587
17.786728858947754,-0.19007974576256556,0.5694495833226028,3.7233690709212377,213.3333333333334
17.846606254577637,-0.19257919276119664,0.5677814107507057,3.7368595385695027,214.10628019323678
17.886693954467773,-0.19561328735499223,0.5657117292337017,3.7436047723936348,214.49275362318843
17.946688175201416,-0.1983523772843036,0.5638023896220892,3.7570952400419007,215.26570048309185
17.986724853515625,-0.2006571027654201,0.5621462468932243,3.772272016146199,216.13526570048313
18.04674744606018,-0.20347976958454755,0.5600669602272397,3.780703558426366,216.61835748792282
18.08675193786621,-0.20614954190912063,0.5580618399993551,3.790821409162565,217.19806763285035
18.14658808708191,-0.20893315583683247,0.5559305552899385,3.799252951442731,217.68115942028996
18.18675947189331,-0.2116950636325765,0.5537712159606636,3.811057110634963,218.35748792270542
18.24659824371338,-0.21469996246078607,0.5513808046676218,3.8161160360030624,218.6473429951692
18.28683876991272,-0.21690298478152265,0.5495915978780035,3.831292812107361,219.51690821256048
18.34661030769348,-0.21959808679457474,0.5473494323733212,3.839724354387527,220.0000000000001
18.38664722442627,-0.22175515189389516,0.5455050792512285,3.8582737474038917,221.06280193236725
18.446643829345703,-0.22426151443582282,0.5432991014177608,3.8683915981400907,221.64251207729478
18.486705541610718,-0.22674918831349375,0.5410720697449545,3.875136831964223,222.0289855072465
18.54662275314331,-0.22934342629026083,0.5387139326982493,3.883568374244389,222.5120772946861
18.586669921875,-0.23179319363075673,0.5364452697945177,3.893686224980588,223.09178743961363
18.646554708480835,-0.23421988197887836,0.5341519370549399,3.903804075716787,223.67149758454116
18.686616897583008,-0.23626107694781529,0.5321801126762322,3.915608234909019,224.34782608695662
18.74656391143799,-0.23815857728269935,0.5303001299712998,3.9290987025572846,225.12077294686
18.78666114807129,-0.24086564824704354,0.5275770343226526,3.9307850110133176,225.21739130434793
18.846569299697876,-0.24273117799343846,0.5256653227186062,3.947648095573649,226.18357487922714
18.886629819869995,-0.24514775716343967,0.5231254356883899,3.956079637853815,226.66666666666674
18.946964502334595,-0.24719883049775485,0.520929272396224,3.966197488590014,227.24637681159427
18.98670768737793,-0.24922383767823597,0.5187090514730736,3.9796879562382794,228.01932367149766
19.046691417694092,-0.2515578128772445,0.5160930543817988,3.9881194985184454,228.5024154589373
19.08677911758423,-0.25364947366593726,0.5137084793929331,3.9965510407986113,228.9855072463769
19.146718740463257,-0.2558278472814748,0.5111780881614318,4.00666889153481,229.56521739130443
19.186729431152344,-0.2582005047520143,0.5083745532297036,4.013414125358942,229.95169082125608
19.24660062789917,-0.26001006665889914,0.5061882197723301,4.02859090146324,230.82125603864736
19.286712884902954,-0.2621062627502758,0.5035893443732727,4.038708752199439,231.40096618357492
19.346638917922974,-0.2644890656248292,0.5005784087082846,4.047140294479606,231.88405797101456
19.386746406555176,-0.2666367422287717,0.49780742220235885,4.058944453671838,232.56038647343004
19.446640729904175,-0.2682390370172507,0.49567025260156844,4.079180155144236,233.7198067632851
19.48669409751892,-0.27000082010690324,0.49323588299659665,4.092670622792502,234.49275362318852
19.546557664871216,-0.27172960309486305,0.4907779683501664,4.106161090440768,235.26570048309193
19.586711883544922,-0.27342925269950064,0.4882998185867236,4.116278941176967,235.84541062801947
19.646698474884033,-0.27481588216904074,0.4862146048391787,4.134828334193332,236.90821256038663
19.686718940734863,-0.27653199278561846,0.48354698284868836,4.146632493385564,237.58454106280206
19.74670910835266,-0.27821649554034955,0.4808592899343504,4.158436652577796,238.26086956521752
19.78671908378601,-0.2800532016858951,0.4778730897491552,4.163495577945896,238.5507246376813
19.846624612808228,-0.2814275748003632,0.4755826878119491,4.180358662506227,239.51690821256048
19.8866605758667,-0.28302049122074824,0.4728397222616465,4.192162821698458,240.1932367149759
19.946598529815674,-0.28466549719440987,0.46993418500668904,4.202280672434657,240.77294685990344
19.9861159324646,-0.2863643842086139,0.4668674825555025,4.210712214714823,241.25603864734305
20.046090364456177,-0.2879552143218118,0.46393193304233277,4.220830065451022,241.83574879227058
20.086690664291382,-0.28967783923701407,0.4606881890654672,4.227575299275154,242.22222222222223
20.14685297012329,-0.2912986199683254,0.4575794994971516,4.236006841555319,242.70531400966183
20.18673825263977,-0.2926585711308004,0.4548998413353185,4.249497309203585,243.47826086956525
20.24663281440735,-0.2942108191594588,0.45175637079009767,4.257928851483751,243.96135265700482
20.28667640686035,-0.2957365080223118,0.4485999242904861,4.266360393763916,244.44444444444443
20.346624612808228,-0.29708792813446094,0.44573027162631956,4.278164552956149,245.1207729468599
20.386678457260132,-0.2985494360856607,0.4425436000838281,4.286596095236314,245.6038647342995
20.44661545753479,-0.29977677046094076,0.4398006663697454,4.296713945972513,246.18357487922702
20.48663830757141,-0.30110956983178555,0.43673932071294613,4.306831796708712,246.76328502415456
20.545947313308716,-0.30234870176439255,0.433819424347307,4.315263338988878,247.24637681159416
20.586700916290283,-0.30355822770047636,0.43088714029858,4.32706749818111,247.92270531400962
20.646629571914673,-0.30473305702707926,0.42794078343190006,4.338871657373343,248.5990338164251
20.686727046966553,-0.30594090189401113,0.42482801903818895,4.345616891197475,248.98550724637676
20.746604681015015,-0.3071224587341785,0.421705181414043,4.355734741933674,249.5652173913043
20.78667712211609,-0.3083326289532714,0.4184148365913892,4.364166284213839,250.0483091787439
20.84661626815796,-0.3091692339936314,0.4160545506626952,4.379343060318138,250.9178743961352
20.88663101196289,-0.3099109393391689,0.41383813757774657,4.3995787617905355,252.07729468599027
20.946664571762085,-0.3107683524418946,0.41113269656878804,4.411382920982767,252.75362318840567
20.98669147491455,-0.311639900669764,0.40825685952279717,4.424873388631033,253.52657004830908
21.04671573638916,-0.31252654035639316,0.4052113525373228,4.4333049309111985,254.0096618357487
21.08669352531433,-0.313334840091885,0.4023171019320366,4.446795398559464,254.7826086956521
21.14636778831482,-0.31414934008461654,0.39925151349026583,4.458599557751697,255.4589371980676
21.186670780181885,-0.31497674320729824,0.39601676536005465,4.465344791575829,255.84541062801924
21.246623992919922,-0.31564985654063943,0.3932596859774182,4.480521567680127,256.71497584541055
21.28663468360901,-0.31640066922628873,0.3900063074712501,4.490639418416326,257.29468599033805
21.346709728240967,-0.31700851102587985,0.3872341067879752,4.502443577608558,257.9710144927535
21.38672113418579,-0.31772468817374644,0.3838022018790334,4.510875119888723,258.45410628019306
21.446676015853882,-0.31824165408058913,0.3811815934109685,4.524365587536989,259.2270531400965
21.486701726913452,-0.31884914974253753,0.37789843328480316,4.534483438273188,259.80676328502403
21.5467267036438,-0.31939204923988007,0.37477329282903743,4.546287597465421,260.4830917874395
21.586666107177734,-0.3199329880121681,0.3714785126181637,4.553032831289553,260.86956521739114
21.645761013031006,-0.3204747054474311,0.3680147829474941,4.561464373569718,261.35265700483075
21.68668794631958,-0.32093839044316136,0.36487691122334526,4.569895915849884,261.83574879227035
21.746643781661987,-0.3213500813861988,0.36190024436324536,4.580013766586083,262.41545893719785
21.78672766685486,-0.3216351128760712,0.359580466177187,4.600249468058481,263.574879227053
21.84663677215576,-0.3219767770176016,0.3564269747237547,4.608681010338646,264.0579710144925
21.8867130279541,-0.32229716251069584,0.3532712504220619,4.613739935706746,264.34782608695633
21.946629285812378,-0.32256000648722655,0.3504453910261115,4.625544094898977,265.02415458937173
21.98669719696045,-0.32283277654432047,0.34711766088541784,4.635661945635176,265.6038647342993
22.04679012298584,-0.3230479550179845,0.3441203732360476,4.645779796371375,266.1835748792268
22.086715698242188,-0.32324573518458866,0.34095459912247333,4.654211338651542,266.66666666666646
22.146779775619507,-0.3234407278579875,0.3374541907365182,4.659270264019641,266.9565217391302
22.186755657196045,-0.3236067561515117,0.3341194304754083,4.666015497843773,267.34299516908186
22.24665880203247,-0.3237404385376815,0.33095030255875585,4.674447040123939,267.82608695652146
22.286702871322632,-0.32382375493721316,0.32828048966843953,4.6879375077722045,268.5990338164249
22.346652269363403,-0.32388850047535944,0.3249422267356226,4.6980553585084035,269.17874396135244
22.386712551116943,-0.32393495003450556,0.3212697406533641,4.70142797542047,269.3719806763283
22.446709632873535,-0.3239602865899634,0.3179309460426871,4.7081732092446025,269.75845410627994
22.486757516860962,-0.32395268555848244,0.31492595398730394,4.721663676892868,270.53140096618336
22.54664945602417,-0.32391242900677925,0.3112533947984042,4.725036293804935,270.72463768115927
22.58673405647278,-0.3238535947040676,0.3080819942785545,4.736840452997168,271.4009661835747
22.646692752838135,-0.3237626762031787,0.30491135135342484,4.745271995277333,271.88405797101433
22.686769485473633,-0.3236326438027439,0.3014079283721133,4.753703537557499,272.3671497584539
22.74674129486084,-0.32347307711534434,0.29790572628151135,4.762135079837664,272.8502415458935
22.78670573234558,-0.32327807549885346,0.29423812680017575,4.768880313661796,273.23671497584513
22.846773862838745,-0.3231092760615356,0.29157235313354696,4.782370781310062,274.00966183574855
22.886757373809814,-0.3228493902063245,0.2880761637288657,4.790802323590228,274.49275362318815
22.946840286254883,-0.3225875932442596,0.2849150397067602,4.799233865870393,274.97584541062776
22.98672318458557,-0.3223067651662537,0.28192318900540503,4.812724333518659,275.74879227053117
23.046866416931152,-0.321946773705624,0.2784358852963171,4.817783258886759,276.0386473429949
23.086872339248657,-0.32159447600878344,0.2752835640777102,4.82958741807899,276.7149758454104
23.146689653396606,-0.321228006950376,0.2723009921242067,4.839705268815189,277.2946859903379
23.18669033050537,-0.3207817297685106,0.26899206056397856,4.853195736463455,278.0676328502413
23.24659013748169,-0.3202332408523372,0.26519171281324416,4.8582546618315545,278.35748792270505
23.28671431541443,-0.3196655333611744,0.2613941884456918,4.863313587199654,278.64734299516886
23.346641540527344,-0.31914683078910044,0.25809583445694956,4.873431437935853,279.22705314009636
23.386701822280884,-0.3186449909453869,0.2551330331136501,4.886921905584119,279.9999999999998
23.446568727493286,-0.3181032284032601,0.2521772712192234,4.900412373232385,280.7729468599032
23.48667550086975,-0.3174919554796038,0.24906478215975936,4.912216532424617,281.44927536231864
23.546611070632935,-0.3167202522552141,0.24530340511788448,4.917275457792717,281.73913043478245
23.586724519729614,-0.3158984573773975,0.241381919584928,4.920648074704783,281.93236714975825
23.64668035507202,-0.3150950677495895,0.237627182813381,4.925707000072882,282.22222222222206
23.68666958808899,-0.3143384306854497,0.23420397067208545,4.934138542353048,282.7053140096616
23.746631622314453,-0.3135529579002352,0.23078725975150238,4.942570084633213,283.1884057971012
23.786683559417725,-0.312632243972013,0.22688781344865744,4.945942701545279,283.38164251207706
23.846641063690186,-0.31188513816305746,0.22380510755241886,4.954374243825445,283.86473429951667
23.88666820526123,-0.3110686492916067,0.22056758731060944,4.964492094561644,284.4444444444442
23.946707010269165,-0.310219446024476,0.21733849375290282,4.974609945297843,285.02415458937173
23.986711978912354,-0.3093791276510377,0.21427988168797196,4.986414104490075,285.7004830917872
24.046719789505005,-0.30855132405451985,0.21139114905337458,4.996531955226274,286.2801932367147
24.08679723739624,-0.3075991146186135,0.2081909164706552,5.006649805962473,286.85990338164225
24.146629571914673,-0.30656252385533017,0.20484183292427716,5.018453965154705,287.53623188405766
24.1866774559021,-0.3055940462154096,0.2018213538573984,5.026885507434871,288.0193236714973
24.246652364730835,-0.3044461439907531,0.19833256723902293,5.033630741259004,288.405797101449
24.286705255508423,-0.3034268718675128,0.19532884836548245,5.0454349004512355,289.0821256038644
24.346669673919678,-0.30237221520285307,0.1923373701268573,5.057239059643468,289.75845410627994
24.38669753074646,-0.30145229480581515,0.189829664212113,5.070729527291734,290.53140096618336
24.44673442840576,-0.3003794207939944,0.1870227127726763,5.084219994939999,291.3043478260867
24.48673105239868,-0.2992734885952822,0.1842286209702389,5.094337845676198,291.8840579710142
24.5466251373291,-0.29813465230646297,0.18144777812393068,5.107828313324463,292.6570048309176
24.586637020111084,-0.2971486213392038,0.17914590918970513,5.126377706340828,293.7198067632848
24.646641492843628,-0.2958604294586933,0.17624732256663078,5.134809248620994,294.20289855072434
24.686657905578613,-0.2944813240057401,0.17320655629100823,5.141554482445127,294.58937198067605
24.746622562408447,-0.2931444384835534,0.1703301036435539,5.153358641637359,295.26570048309156
24.78663730621338,-0.2917091691509157,0.16731544058839865,5.160103875461492,295.65217391304327
24.846665382385254,-0.2902485328774306,0.1643129860808486,5.170221726197691,296.2318840579708
24.886674880981445,-0.28883453396570413,0.16147364640231154,5.178653268477857,296.7149758454104
24.94662880897522,-0.28746555309433214,0.15879859006600505,5.1921437361261225,297.4879227053138
24.98662567138672,-0.2859849224037989,0.15599342064318394,5.203947895318354,298.1642512077292
25.04695749282837,-0.28447128296879937,0.15320592384618245,5.215752054510586,298.8405797101447
25.086704969406128,-0.2828409968786161,0.15029210184450087,5.229242522158851,299.61352657004807
25.146753311157227,-0.28109576464705954,0.14725153520831602,5.237674064439018,300.0966183574877
25.186840772628784,-0.2795713751682155,0.14466188817727385,5.251164532087284,300.86956521739114
25.24659752845764,-0.2781008574424301,0.14223451389632102,5.262968691279516,301.5458937198066
25.2867112159729,-0.2765977281054255,0.13982719786432266,5.278145467383815,302.4154589371979
25.346646547317505,-0.27470594891337013,0.13687557924064334,5.28657700966398,302.89855072463746
25.386696815490723,-0.2726122420874818,0.13365690329471372,5.29163593503208,303.18840579710127
25.446625471115112,-0.2705914300494504,0.1305900432892889,5.298381168856213,303.574879227053
25.486705780029297,-0.26882613473296385,0.12795471120811389,5.306812711136378,304.0579710144925
25.546640157699585,-0.26740454094298477,0.12589317567481845,5.3253621041527435,305.12077294685974
25.586701154708862,-0.26547447122665246,0.12316865327934715,5.332107337976876,305.50724637681145
25.646613836288452,-0.2635214984615261,0.12046050099928537,5.342225188713075,306.08695652173895
25.68582773208618,-0.2615412254463027,0.11777224688583061,5.352343039449274,306.6666666666665
25.746686935424805,-0.2600306407514623,0.11577500089736031,5.367519815553573,307.5362318840578
25.786691427230835,-0.2581837731804701,0.1134045336008526,5.381010283201839,308.30917874396124
25.846643924713135,-0.2559021429357295,0.1105264309250935,5.384382900113906,308.5024154589371
25.886780500411987,-0.253504138518476,0.10752758815954044,5.389441825482005,308.79227053140085
25.946693181991577,-0.2518166851357938,0.1054569980086403,5.40293229313027,309.5652173913042
25.986711740493774,-0.24988704889383448,0.10315340537922126,5.416422760778535,310.3381642512076
26.046687841415405,-0.24738928785197561,0.10023712814695249,5.4248543030587015,310.8212560386472
26.086731910705566,-0.24540961992264798,0.09797638713609168,5.438344770706967,311.59420289855063
26.146733045578003,-0.24361962047041003,0.09599377662146266,5.4552078552672985,312.56038647342984
26.18671751022339,-0.2411263642479431,0.09329692938903417,5.461953089091431,312.94685990338155
26.246748447418213,-0.23906789577521037,0.0911076960585365,5.47207093982763,313.52657004830905
26.28674030303955,-0.23675621458839435,0.08869848011058813,5.482188790563829,314.1062801932366
26.346680402755737,-0.2349967330922107,0.08691660398601196,5.500738183580195,315.1690821256038
26.386669635772705,-0.23273405987337628,0.0846936436541014,5.512542342772427,315.84541062801924
26.44660973548889,-0.23020847984073944,0.0822621160458084,5.520973885052593,316.32850241545884
26.48672080039978,-0.22814415189000514,0.08031452307152012,5.532778044244825,317.00483091787436
26.546669960021973,-0.22581142879427007,0.07816518696678827,5.5445822034370575,317.6811594202898
26.586655378341675,-0.2233312799751092,0.07592977800461981,5.5547000541732565,318.2608695652173
26.64668607711792,-0.22107555368737447,0.07394439795449897,5.5681905218215215,319.0338164251207
26.686805486679077,-0.21829414469728314,0.07154584096835795,5.5749357556456545,319.4202898550724
26.746681928634644,-0.21524229987455246,0.06894975953967276,5.581680989469787,319.8067632850241
26.786224603652954,-0.21204738960544087,0.06626431778375977,5.586739914837887,320.0966183574879
26.846327781677246,-0.20909561121019338,0.06380861270720291,5.591798840205986,320.38647342995165
26.8867404460907,-0.20638544669210968,0.06158467716495686,5.600230382486152,320.86956521739125
26.94659924507141,-0.20340488708170124,0.059163985626061566,5.601916690942185,320.9661835748792
26.986791372299194,-0.20105796665648584,0.05728728651690668,5.615407158590451,321.7391304347826
27.046699047088623,-0.1984293131725412,0.055228555778156815,5.622152392414583,322.1256038647343
27.086707592010498,-0.19578683297293215,0.05318760262141792,5.628897626238716,322.512077294686
27.146794080734253,-0.19299604688314756,0.051065718078798145,5.637329168518882,322.9951690821255
27.186687469482422,-0.19031952725271123,0.04906961335679136,5.647447019255081,323.5748792270531
27.246646642684937,-0.18749335812987591,0.04699508953184328,5.65250594462318,323.86473429951684
27.286670207977295,-0.1849206134638174,0.045139765404973345,5.664310103815413,324.5410628019323
27.34593892097473,-0.18246124206055098,0.04341305543239811,5.677800571463678,325.3140096618357
27.38669180870056,-0.1797061510059357,0.04152687816763542,5.687918422199877,325.8937198067632
27.446646451950073,-0.17693525468677343,0.03966399733897763,5.694663656024009,326.28019323671487
27.486669778823853,-0.17414875008742464,0.03782454537952429,5.704781506760208,326.8599033816424
27.546672821044922,-0.17162427442802364,0.03619449701407974,5.714899357496407,327.43961352656993
27.58668613433838,-0.1685188048462321,0.0342335354482924,5.725017208232606,328.0193236714975
27.646621465682983,-0.16567775847696922,0.03247949812798617,5.735135058968805,328.599033816425
27.686718940734863,-0.16310236087292346,0.030931156366723028,5.7486255266170705,329.3719806763284
27.74668860435486,-0.160506310396256,0.029417697761015438,5.7621159942653355,330.14492753623176
27.78667402267456,-0.1583250800637696,0.028187619757233537,5.777292770369634,331.0144927536231
27.846638917922974,-0.15539626319273458,0.026584428212448843,5.787410621105833,331.59420289855063
27.886665105819702,-0.15230552539708458,0.024929671163911177,5.7958421633859984,332.07729468599024
27.946453332901,-0.1493474758605433,0.023381080084027353,5.805960014122197,332.65700483091774
27.986692428588867,-0.14622657680151915,0.02178393573409338,5.814391556402363,333.14009661835735
28.04668879508972,-0.14294446087611223,0.02013559516305917,5.821136790226496,333.52657004830905
28.086758613586426,-0.13950304683796394,0.0184326117410282,5.826195715594595,333.8164251207728
28.14687752723694,-0.13664837918326223,0.01704981916306217,5.837999874786828,334.4927536231883
28.18678879737854,-0.13332562346685906,0.015485016927941825,5.848117725523027,335.0724637681158
28.246585369110107,-0.13044133056026372,0.014165131644501276,5.859921884715259,335.7487922705313
28.286692142486572,-0.12739018674650124,0.012809140191332467,5.870039735451458,336.32850241545884
28.346696853637695,-0.12417341849189809,0.011415123330845461,5.878471277731624,336.81159420289845
28.38669180870056,-0.12033282566486586,0.009781447785021234,5.883530203099723,337.1014492753622
28.445709228515625,-0.11740361044423461,0.008564508623147657,5.895334362291956,337.77777777777766
28.48680591583252,-0.1141504056599065,0.007257780019967575,5.907138521484188,338.4541062801932
28.546676874160767,-0.11119327948588115,0.006110327396382141,5.9189426806764205,339.13043478260863
28.586685180664062,-0.10791221255087527,0.004875223846409496,5.927374222956587,339.61352657004824
28.646672248840332,-0.10462084853777327,0.0036678283252972524,5.935805765236752,340.09661835748784
28.686762809753418,-0.10163204758098639,0.002605608210072295,5.947609924428985,340.77294685990336
28.746774911880493,-0.09894527953677237,0.0016913622047376661,5.962786700533283,341.6425120772946
28.78672432899475,-0.09576928417810654,0.0006611948032626686,5.976277168181549,342.415458937198
28.846588850021362,-0.09210605909802508,-0.0004895723888045517,5.981336093549649,342.70531400966183
28.886659622192383,-0.08891150223771897,-0.001460653157638707,5.994826561197914,343.4782608695652
28.94668936729431,-0.08538686196526785,-0.0024932336802821822,6.001571795022047,343.8647342995169
28.98665428161621,-0.08233471456361861,-0.003356737572042273,6.013375954214279,344.54106280193236
29.046727895736694,-0.078791528009309,-0.004323764266237755,6.020121188038412,344.92753623188406
29.086657762527466,-0.07540248821332883,-0.005221143936392669,6.028552730318578,345.4106280193237
29.146655082702637,-0.0721670436045649,-0.006045819373730631,6.038670581054777,345.9903381642512
29.18679714202881,-0.06908496872943501,-0.006795524113326245,6.05047474024701,346.66666666666674
29.246726989746094,-0.06550695000061796,-0.007624435183442416,6.060592590983209,347.24637681159425
29.286806344985962,-0.06159617131348982,-0.008495759271653323,6.067337824807342,347.63285024154595
29.34664511680603,-0.05816731613166405,-0.009226398138133581,6.079141983999574,348.3091787439614
29.38675284385681,-0.05456823758798403,-0.009958480935601963,6.085887217823707,348.6956521739131
29.446736574172974,-0.05129085292663303,-0.01059640034655451,6.096005068559906,349.2753623188407
29.48669743537903,-0.04833554887216923,-0.011140654858952336,6.106122919296105,349.8550724637682
29.546798944473267,-0.044553039570576075,-0.011801038460382957,6.114554461576271,350.3381642512078
29.58664059638977,-0.04175170501240949,-0.012256113151946435,6.129731237680569,351.2077294685991
29.646596431732178,-0.03894378676852304,-0.01266862183952714,6.1449080137848675,352.0772946859904
29.686707258224487,-0.035468623381555694,-0.013131353343777446,6.1567121729771,352.75362318840587
29.746753931045532,-0.0324851340007457,-0.01349027693340395,6.170202640625366,353.5265700483093
29.786768674850464,-0.029662824787828522,-0.013788838465358028,6.185379416729664,354.3961352657006
29.846726655960083,-0.026338284322004454,-0.014098066673041181,6.195497267465863,354.9758454106281
29.886741638183594,-0.023841810950378885,-0.014294225699118231,6.214046660482228,356.03864734299526
29.946735382080078,-0.0201769709705353,-0.014535595763681271,6.220791894306361,356.42512077294697
29.987040281295776,-0.016676728237693637,-0.01473353975154971,6.232596053498593,357.1014492753624
30.046703338623047,-0.013507948603610143,-0.014875237892315648,6.244400212690826,357.7777777777779
30.086748838424683,-0.010170956598799706,-0.014987824539657073,6.2545180634270245,358.35748792270545
30.1466863155365,-0.006332380023888827,-0.015081702099395303,6.26294960570719,358.84057971014505
30.18677258491516,-0.002660122396757796,-0.015143633560751796,6.269694839531322,359.2270531400967
30.24670910835266,0.0006786923897510256,-0.01516615498874467,6.283185307179588,360.0000000000001
30.286649703979492,0.003850583349060621,-0.015147434018453221,6.29498946637182,360.6763285024156
30.346651315689087,0.007188899685744531,-0.015085503173493484,6.308479934020086,361.449275362319
30.38661026954651,0.010526252423101382,-0.014984171540797477,6.318597784756285,362.02898550724655
30.446681261062622,0.013695491928128885,-0.014853161265431085,6.330401943948518,362.705314009662
30.486647367477417,0.017530138804770695,-0.01465576205282331,6.338833486228683,363.1884057971016
30.546643257141113,0.021196523498334827,-0.014439117494327098,6.345578720052816,363.5748792270533
30.586621046066284,0.023694263206143457,-0.014259802099607099,6.364128113069181,364.6376811594204
30.64655041694641,0.02702032548578346,-0.013967396379272851,6.377618580717446,365.4106280193238
30.68663239479065,0.03050911584258505,-0.013622109748438749,6.386050122997612,365.89371980676344
30.746638536453247,0.03399487092515675,-0.013247419856033865,6.3944816652777785,366.3768115942031
30.786590814590454,0.03731118528335983,-0.012859798299739475,6.4045995160139775,366.9565217391306
30.84705138206482,0.04045745846448562,-0.012457048002151432,6.41640367520621,367.63285024154607
30.886690855026245,0.04359949570570214,-0.012022485340056403,6.424835217486375,368.11594202898567
30.946688413619995,0.04706810059520897,-0.011512915784809768,6.433266759766541,368.5990338164253
30.986615657806396,0.05020153688451409,-0.01102014834133946,6.445070918958773,369.27536231884073
31.046687126159668,0.05365912083613887,-0.010440498249808614,6.453502461238939,369.75845410628034
31.08673119544983,0.056617140404755295,-0.00991120130075443,6.466992928887204,370.5314009661837
31.146682262420654,0.05973217878466915,-0.00931305531176646,6.478797088079436,371.20772946859915
31.186676502227783,0.0634967757161766,-0.008557216002811199,6.483856013447536,371.49758454106296
31.24665355682373,0.06643736914565396,-0.007938390250995197,6.497346481095802,372.2705314009664
31.286707162857056,0.06953281956623425,-0.007245981826574641,6.509150640288033,372.9468599033818
31.346769332885742,0.0727830039166663,-0.0064814603543223576,6.519268491024232,373.52657004830934
31.386657238006592,0.07570105844344689,-0.005763830360989215,6.529386341760431,374.10628019323684
31.446913719177246,0.07926004751308724,-0.004856687379917353,6.536131575584564,374.49275362318855
31.486681699752808,0.08184159567457841,-0.0041707926491960715,6.54962204323283,375.26570048309196
31.546595096588135,0.0853815006734395,-0.003191821666497882,6.556367277056962,375.6521739130436
31.58664035797119,0.0882709302472435,-0.002366454011072272,6.566485127793161,376.2318840579712
31.646897315979004,0.09147196455174259,-0.001416943202946011,6.57660297852936,376.8115942028987
31.686672687530518,0.09466322816653551,-0.00043509396083874635,6.586720829265559,377.39130434782624
31.746976137161255,0.09768452273569134,0.0005308366054380745,6.598524988457791,378.06763285024164
31.7867431640625,0.10085349717631914,0.00158240324050022,6.6086428391939895,378.6473429951692
31.846668481826782,0.10432949230900887,0.002768476350997265,6.6153880730181225,379.0338164251209
31.886637210845947,0.10669048278572202,0.0036030910091578924,6.630564849122421,379.9033816425122
31.946553230285645,0.10966653719373778,0.004700516584314876,6.6423690083146525,380.5797101449276
31.986926794052124,0.11247439223358291,0.005771023522084182,6.6524868590508515,381.1594202898551
32.04661726951599,0.11573849898888294,0.007050276468591979,6.660918401331017,381.6425120772947
32.08690142631531,0.1188378374665762,0.008292167121595771,6.66766363515515,382.02898550724643
32.14660143852234,0.12192659484805068,0.009560145525085127,6.677781485891349,382.608695652174
32.1868782043457,0.12438545494543093,0.010603625047280657,6.691271953539614,383.38164251207735
32.246569871902466,0.1275975034294876,0.012008482886072196,6.699703495819779,383.86473429951695
32.28665328025818,0.1300328993814886,0.013105610521631207,6.713193963468045,384.63768115942037
32.346710443496704,0.13275582016215526,0.014376727137370905,6.726684431116311,385.4106280193238
32.38673973083496,0.13546134573325105,0.015684460448387637,6.740174898764576,386.18357487922714
32.44693922996521,0.13845012434223739,0.017172880355468233,6.750292749500775,386.76328502415464
32.48626732826233,0.14127622767890383,0.01861315208780257,6.758724291780942,387.2463768115943
32.54664635658264,0.1440876141556523,0.020081943703667338,6.770528450973174,387.92270531400976
32.586676359176636,0.14688146732052637,0.02158381827419633,6.7823326101654065,388.5990338164253
32.6465539932251,0.1495100694215435,0.023040007143513952,6.795823077813672,389.3719806763287
32.68668985366821,0.1519750462725939,0.02444658362755793,6.807627237005904,390.0483091787441
32.74659776687622,0.15471127209676266,0.026051049573482338,6.819431396198136,390.72463768115955
32.786683082580566,0.15786216700248906,0.027938156586609662,6.826176630022268,391.1111111111112
32.84670376777649,0.16071205052281562,0.029677798881421913,6.836294480758467,391.69082125603876
32.8867506980896,0.1632582859153463,0.03127364359643033,6.849784948406733,392.4637681159422
32.94665479660034,0.16564381010697088,0.03281112290128408,6.861589107598965,393.1400966183576
32.98668360710144,0.1681460666040247,0.0344750782647322,6.878452192159296,394.1062801932368
33.046602725982666,0.17076189135432537,0.0362691528474051,6.890256351351528,394.78260869565224
33.086665868759155,0.17308049858540758,0.03790580454818124,6.905433127455827,395.65217391304355
33.1466109752655,0.1759205964578746,0.0399612181527758,6.913864669735993,396.1352657004832
33.18666100502014,0.17860717994040978,0.041943757076655375,6.923982520472192,396.7149758454107
33.24681830406189,0.18140866472811246,0.04405149614860303,6.932414062752358,397.1980676328503
33.2867591381073,0.18392391727076562,0.04598404559923953,6.94421822194459,397.8743961352658
33.34663653373718,0.18681543610310486,0.04824864941186434,6.950963455768722,398.26086956521743
33.386752128601074,0.189297743830756,0.05022333700176859,6.959394998048888,398.74396135265704
33.446600914001465,0.1921545615955323,0.052531562260443636,6.966140231873021,399.13043478260875
33.48668432235718,0.19408502490714122,0.05412660742008,6.981317007977319,400.00000000000006
33.54694867134094,0.19624829802339575,0.055963675112401155,6.9931211671695515,400.6763285024155
33.586350202560425,0.1988974795598536,0.05825991512556068,7.001552709449717,401.1594202898551
33.64638328552246,0.20114985467877644,0.06024909620134372,7.011670560185916,401.7391304347827
33.68671774864197,0.20350420466489846,0.06237472055087632,7.023474719378148,402.41545893719814
33.746617794036865,0.2058333000019958,0.06452798728846137,7.03527887857038,403.09178743961354
33.78661131858826,0.20801383587192496,0.06659566674827806,7.048769346218645,403.8647342995169
33.84658908843994,0.21065753290107186,0.06914521133584797,7.052141963130712,404.0579710144928
33.88666033744812,0.21304520539533817,0.0714791375243665,7.062259813866911,404.6376811594203
33.946953773498535,0.21541311465503118,0.0738331122759703,7.069005047691043,405.02415458937196
33.98667025566101,0.21776109234433558,0.07620696824545481,7.079122898427242,405.6038647342995
34.046597957611084,0.21961692705370753,0.07812809292210139,7.092613366075507,406.3768115942029
34.086684465408325,0.2219082129058113,0.08055671404061238,7.102731216811706,406.95652173913044
34.14597773551941,0.2242903089547295,0.08312896974813307,7.111162759091872,407.43961352657004
34.18672704696655,0.22676531773087305,0.08584257309865048,7.117907992916004,407.8260869565217
34.24662685394287,0.22934084402030647,0.08869040516008135,7.119594301372038,407.92270531400965
34.28675842285156,0.23179288523137326,0.0914247799487958,7.12633953519617,408.3091787439613
34.34664058685303,0.23400519575148349,0.09392555453998515,7.133084769020303,408.695652173913
34.3866446018219,0.23630812941746088,0.09656891935424229,7.141516311300468,409.1787439613526
34.446609020233154,0.23837149723464868,0.09897801793742077,7.149947853580635,409.66183574879227
34.486708879470825,0.24051985063937897,0.10153394615271003,7.160065704316834,410.2415458937198
34.54688882827759,0.2428592502068457,0.10436529234306954,7.166810938140966,410.6280193236714
34.58664870262146,0.2452874732080057,0.10733971937601454,7.171869863509065,410.91787439613523
34.64665675163269,0.24727260806042586,0.10981368023871743,7.183674022701298,411.5942028985507
34.68663477897644,0.24943892661703826,0.1125701172364413,7.192105564981464,412.07729468599035
34.74665093421936,0.25137359612630605,0.11508373944798947,7.2039097241736965,412.7536231884058
34.78664588928223,0.2530741191478436,0.11735591675949059,7.219086500277995,413.6231884057971
34.84699368476868,0.25544500351921273,0.12058582432844522,7.222459117190062,413.816425120773
34.88664174079895,0.25720267900782634,0.12302316138050082,7.235949584838327,414.58937198067633
34.9466187953949,0.2590253173122114,0.1256191645283932,7.247753744030559,415.26570048309185
34.98668193817139,0.2606246166662598,0.1279636921690535,7.262930520134858,416.1352657004831
35.0468909740448,0.26237655750198274,0.13060792098680085,7.274734679327089,416.81159420289856
35.08674383163452,0.264190086733216,0.13341136585353017,7.284852530063288,417.39130434782606
35.14689517021179,0.2658791193700317,0.13609621435656533,7.300029306167587,418.2608695652174
35.18671154975891,0.2675317795501033,0.1388036037008755,7.311833465359818,418.9371980676328
35.24575686454773,0.26915236687953714,0.1415303122368502,7.32363762455205,419.61352657004824
35.28698182106018,0.2707406555512755,0.14427596003431187,7.335441783744281,420.28985507246364
35.34674882888794,0.27212848651625465,0.14675153946028963,7.35061855984858,421.15942028985495
35.38671350479126,0.2735602336181328,0.1493935340221424,7.364109027496845,421.9323671497583
35.44672918319702,0.2750361318248026,0.15220119625539413,7.375913186689077,422.60869565217376
35.486746311187744,0.27640059978175086,0.15487855731118344,7.389403654337342,423.3816425120771
35.5466206073761,0.2780350890964429,0.15816759307658398,7.396148888161475,423.7681159420288
35.58668565750122,0.27949572536992795,0.16117004758413414,7.406266738897674,424.3478260869564
35.64710021018982,0.2808519826778642,0.16403741725809473,7.418070898089907,425.02415458937185
35.68676996231079,0.28217429939561645,0.16692059627272968,7.429875057282138,425.7004830917873
35.746638774871826,0.2834624912761269,0.16981918289580406,7.441679216474371,426.37681159420276
35.78672528266907,0.28471637882717504,0.1727327732482395,7.453483375666603,427.0531400966182
35.84673619270325,0.2860025651320832,0.17581399316612825,7.463601226402802,427.6328502415458
35.886704444885254,0.28725751081221645,0.17890806859074923,7.473719077139001,428.2125603864733
35.94665837287903,0.2884174197693908,0.1818603311033902,7.485523236331233,428.88888888888874
35.98669791221619,0.28948555887207567,0.18466908774751428,7.495641087067432,429.4685990338163
36.04663157463074,0.29040124919746924,0.18717834136556707,7.512504171627764,430.43478260869557
36.08672046661377,0.29133133670596734,0.18985966669238136,7.527680947732063,431.3043478260868
36.14669132232666,0.2922801510816111,0.19271094470568834,7.537798798468262,431.8840579710144
36.18669581413269,0.29335620182465816,0.19604755912895214,7.546230340748427,432.367149758454
36.24667429924011,0.2943568689481949,0.1992329722420665,7.55297557457256,432.7536231884057
36.28665637969971,0.2954339429308101,0.20274427160582068,7.559720808396693,433.1400966183574
36.3468713760376,0.2964422592432784,0.20610197606350522,7.564779733764793,433.42995169082116
36.38670039176941,0.29732889892990755,0.2091474830489795,7.576583892957025,434.1062801932366
36.44667983055115,0.2983287455414192,0.2126815484614155,7.579956509869091,434.29951690821247
36.48701286315918,0.29926891454839016,0.21605896807548114,7.585015435237191,434.5893719806762
36.54689812660217,0.3000023020283212,0.21880063017828677,7.600192211341489,435.45893719806753
36.58671808242798,0.3006939970530901,0.22155310656772043,7.6153689874457875,436.32850241545884
36.646955490112305,0.3013078063385716,0.22415273743628367,7.628859455094053,437.10144927536226
36.686697006225586,0.301997604575072,0.2272487705635934,7.640663614286286,437.7777777777777
36.74662947654724,0.3027311342352446,0.23067700848544062,7.645722539654385,438.06763285024147
36.7867431640625,0.3034049380358226,0.23394720417249892,7.655840390390584,438.647342995169
36.84666204452515,0.3039815523079696,0.2368963652413035,7.665958241126783,439.22705314009653
36.88665246963501,0.30462814056568865,0.24034205887773197,7.671017166494883,439.51690821256034
36.946651220321655,0.30518684290080145,0.24346441286682707,7.682821325687115,440.1932367149758
36.98667359352112,0.3057388906070213,0.24675734996361254,7.692939176423314,440.7729468599033
37.04663848876953,0.30625759317909534,0.2500557039523548,7.703057027159513,441.35265700483086
37.086718797683716,0.30682530067025815,0.2538532283199072,7.708115952527613,441.6425120772946
37.1467068195343,0.3072731055413632,0.2569934056285784,7.716547494807779,442.1256038647343
37.18671894073486,0.30768911618835754,0.26013795295276787,7.7283516540000115,442.80193236714973
37.246638774871826,0.3081777415995675,0.26411471555743915,7.735096887824144,443.18840579710144
37.286648988723755,0.3084721750134337,0.26676955104321404,7.751959972384476,444.1545893719807
37.34655451774597,0.3087397838845847,0.26959496318549725,7.767136748488775,445.02415458937196
37.38668727874756,0.3090125539416786,0.2729226933261909,7.777254599224974,445.6038647342995
37.446603298187256,0.3092665437764166,0.2764193160074355,7.785686141505139,446.0869565217391
37.48665976524353,0.3094851429079265,0.27991832950138607,7.797490300697372,446.7632850241546
37.54694390296936,0.3096238769479105,0.2827529937051022,7.81266707680167,447.6328502415459
37.58674216270447,0.30975390934834524,0.2862564166864138,7.821098619081836,448.1159420289855
37.64671778678894,0.30983244448103914,0.2892603919295754,7.834589086730101,448.88888888888886
37.68673133850098,0.3098856497155883,0.2927658234599524,7.843020629010266,449.37198067632846
37.74673771858215,0.3099016962862689,0.29593772907646254,7.854824788202499,450.0483091787439
37.78672695159912,0.309882553072475,0.298775721644995,7.866628947394731,450.7246376811594
37.84669017791748,0.3098237187697633,0.3019471221648447,7.8784331065869635,451.40096618357484
37.886714458465576,0.3097232299003597,0.30545151697683015,7.886864648867129,451.88405797101444
37.9467236995697,0.3095965763005851,0.3087880046898289,7.896982499603328,452.463768115942
37.98704218864441,0.3094218127858141,0.3126237498366787,7.9020414249714275,452.75362318840575
38.046608448028564,0.3092687402276353,0.31545767592491963,7.91384558416366,453.4299516908212
38.086708784103394,0.3090602842627853,0.31862276499842085,7.925649743355892,454.1062801932367
38.14660024642944,0.3088144824730568,0.32178517297536585,7.937453902548125,454.7826086956522
38.18667912483215,0.3084959211164753,0.32544411137987894,7.944199136372258,455.1690821256039
38.246705770492554,0.30817828460595825,0.32876785902982386,7.954316987108457,455.7487922705314
38.286728858947754,0.3077980704784286,0.3324209055396775,7.96106222093259,456.1352657004831
38.34664011001587,0.3074733461013871,0.33524032433805334,7.976238997036888,457.0048309178744
38.386751890182495,0.30712525417628045,0.33788865862650824,7.99310208159722,457.9710144927537
38.44666385650635,0.3066668612569403,0.34102730780473417,8.004906240789452,458.64734299516914
38.48674917221069,0.30615372146195297,0.3443265317959371,8.011651474613586,459.0338164251209
38.546635150909424,0.30566187684731094,0.34729100879932967,8.025141942261852,459.8067632850243
38.58672261238098,0.3052166399076959,0.34975527780379123,8.04031871836615,460.6763285024156
38.646607398986816,0.30464002563554893,0.3527044388725957,8.053809186014416,461.449275362319
38.68671107292175,0.3039607082369708,0.3559734936695237,8.063927036750615,462.0289855072465
38.74663543701172,0.3034202531911566,0.35841864519902056,8.079103812854914,462.89855072463786
38.78672695159912,0.30273465047642395,0.3613443902231379,8.089221663591113,463.4782608695654
38.846675634384155,0.30209019820999233,0.3639365946456366,8.106084748151446,464.4444444444447
38.88677716255188,0.30136606145947753,0.3666807145862066,8.117888907343678,465.12077294686014
38.94665718078613,0.3005626434701972,0.3695763241184289,8.131379374991944,465.89371980676356
38.9867160320282,0.2997202366460599,0.3724608320090824,8.14486984264021,466.66666666666697
39.046671867370605,0.29902729385376653,0.3746929709091824,8.165105544112608,467.82608695652203
39.08673858642578,0.29804354829381324,0.37770851188979454,8.173537086392773,468.30917874396164
39.14663815498352,0.29692818750420763,0.3810321922775807,8.181968628672939,468.79227053140124
39.186705589294434,0.2958937328991235,0.3840307163149196,8.190400170953104,469.27536231884085
39.246647119522095,0.2948826457637638,0.3868605109776656,8.20389063860137,470.04830917874426
39.286890745162964,0.2936177552178366,0.3903086066104392,8.207263255513437,470.2415458937201
39.34664058685303,0.2926201493455073,0.39296555049489984,8.21906741470567,470.91787439613563
39.38671803474426,0.29152836634028234,0.39576520134779175,8.232557882353934,471.69082125603893
39.4467556476593,0.2902243811546283,0.39901950674936965,8.237616807722034,471.98067632850274
39.48672842979431,0.28889847474892394,0.4022649425004603,8.2460483500022,472.46376811594234
39.54666185379028,0.2876741301474541,0.4051910701513549,8.254479892282365,472.94685990338195
39.58676767349243,0.28642024259640597,0.40810466050379046,8.266284051474598,473.6231884057974
39.646655797958374,0.2850719732273651,0.4111592244827954,8.27302928529873,474.00966183574906
39.68674302101135,0.28389755474959044,0.4137428865196613,8.288206061403029,474.8792270531404
39.74666166305542,0.2826883893860884,0.41631047048233627,8.300010220595262,475.5555555555559
39.78669762611389,0.28123281825138724,0.4193153838030751,8.31012807133146,476.1352657004834
39.8466637134552,0.27974691887439446,0.4223054163170757,8.32024592206766,476.71497584541095
39.88670539855957,0.2782308433666742,0.42528026193461943,8.330363772803858,477.29468599033845
39.94686460494995,0.27676442270501167,0.428092885829762,8.338795315084024,477.77777777777806
39.98669624328613,0.2754996862245662,0.43044560428439294,8.355658399644357,478.7439613526574
40.046672105789185,0.27388416174123725,0.4333676364603096,8.362403633468489,479.13043478260903
40.086984395980835,0.2724036563649418,0.4359826199897715,8.375894101116755,479.90338164251244
40.146782636642456,0.2710564146419034,0.43828908530089905,8.38938456876502,480.67632850241586
40.18672227859497,0.2695899923067623,0.44071893587586847,8.40456134486932,481.5458937198072
40.24666619300842,0.2682637017152877,0.44284303825704335,8.41973812097362,482.41545893719854
40.28675603866577,0.2663719225232323,0.4457946568807226,8.428169663253785,482.89855072463814
40.34665894508362,0.2646378573488274,0.4484506427058721,8.43660120553395,483.38164251207775
40.386504888534546,0.26287700852293605,0.45108894787109377,8.448405364726183,484.0579710144932
40.44657611846924,0.26108955630370545,0.45370930229300827,8.456836907006348,484.5410628019328
40.48678731918335,0.2589969107101077,0.45672760413436253,8.463582140830482,484.9275362318846
40.54664349555969,0.2570714381209595,0.4594553773474004,8.473699991566681,485.5072463768121
40.58667540550232,0.25550540870793503,0.46161926144070853,8.487190459214947,486.2801932367155
40.64658737182617,0.2535160805209539,0.4643008215757438,8.497308309951146,486.85990338164305
40.68666219711304,0.25120501817129975,0.4673671669466517,8.502367235319245,487.14975845410675
40.74669098854065,0.2489771644431071,0.47028709491694576,8.509112469143378,487.5362318840585
40.78671884536743,0.24693398399374542,0.47292785333919396,8.515857702967512,487.9227053140103
40.84667897224426,0.24476766543713294,0.47568429033691795,8.524289245247678,488.4057971014499
40.88707709312439,0.24268024626189003,0.4782902206084633,8.534407095983877,488.9855072463774
40.945863246917725,0.24067018227896625,0.48074396988600415,8.54621125517611,489.6618357487929
40.986674547195435,0.23884591431925306,0.48291804778084696,8.558015414368342,490.33816425120835
41.04658055305481,0.23645910439654483,0.48570954379173226,8.564760648192475,490.7246376811601
41.08676862716675,0.23481097016943664,0.48759488493544667,8.579937424296775,491.5942028985515
41.14671874046326,0.23291087255159335,0.48970301143173345,8.595114200401074,492.4637681159428
41.18671679496765,0.23031142647793265,0.4925290268647783,8.600173125769174,492.7536231884066
41.246583700180054,0.22781362608628436,0.495221665865723,8.603545742681241,492.9468599033825
41.28658747673035,0.22541854772532052,0.4977818378630675,8.608604668049342,493.2367149758463
41.34662628173828,0.22323211895246226,0.5000798308904061,8.620408827241574,493.9130434782618
41.386690855026245,0.22067589539526014,0.502717070491112,8.627154061065706,494.29951690821343
41.44665551185608,0.21810636300694272,0.5053413446557746,8.630526677977773,494.49275362318934
41.486934423446655,0.21563888570671916,0.5078318138453101,8.638958220257939,494.97584541062895
41.54663443565369,0.21362110813265725,0.5098275948812189,8.650762379450171,495.6521739130444
41.58667993545532,0.21110786128242215,0.5122718680412663,8.655821304818271,495.9420289855082
41.646657943725586,0.20905671716347954,0.514233340978884,8.667625464010504,496.6183574879237
41.68696689605713,0.20673854479952647,0.5163983628317722,8.679429623202736,497.2946859903392
41.74661040306091,0.20464166948321755,0.5183108696133375,8.691233782394969,497.97101449275465
41.78670620918274,0.20252236524236417,0.5201984918786174,8.703037941587201,498.6473429951701
41.84662437438965,0.20025329851903712,0.5221686114774455,8.716528409235467,499.4202898550735
41.886696577072144,0.19771009450009477,0.5243320126680167,8.7232736430596,499.80676328502517
41.94666337966919,0.19540162830241073,0.5262558158915158,8.736764110707863,500.57971014492847
41.98703908920288,0.19268397872935433,0.5284705984562861,8.745195652988029,501.0628019323681
42.04580855369568,0.19020500446189498,0.5304494691730722,8.756999812180261,501.73913043478353
42.08668899536133,0.18770613550384094,0.5324031571376542,8.765431354460427,502.22222222222314
42.146554470062256,0.18518762766448268,0.5343314623509361,8.77723551365266,502.89855072463865
42.186676263809204,0.18251110803404635,0.5363275670729428,8.790725981300925,503.67149758454207
42.24659562110901,0.1800782247490671,0.5380914020851435,8.804216448949191,504.4444444444455
42.28673958778381,0.17775686091632736,0.5397241415737719,8.81939322505349,505.3140096618368
42.34667754173279,0.17527441988503986,0.5414175173604114,8.832883692701754,506.0869565217401
42.38669729232788,0.17207888596026313,0.5435463776313729,8.84131523498192,506.5700483091797
42.44665265083313,0.1692831114074742,0.5453717093939043,8.851433085718119,507.14975845410726
42.4870069026947,0.16660827841422587,0.5470765587100345,8.863237244910351,507.8260869565227
42.54661226272583,0.16391350792660447,0.5487497158310257,8.875041404102584,508.5024154589382
42.58670473098755,0.1611991754246498,0.5503909476249267,8.886845563294816,509.1787439613537
42.64660334587097,0.158180923872033,0.552174494253493,8.895277105574982,509.66183574879324
42.6866614818573,0.15557725017382315,0.5536748003228822,8.908767573223248,510.43478260869665
42.74658536911011,0.15280911927222576,0.5552235721085563,8.92057173241548,511.11111111111217
42.78666663169861,0.14973244332630556,0.5569043297159884,8.929003274695646,511.59420289855177
42.84663367271423,0.14620176734710924,0.5587984582059061,8.935748508519778,511.9806763285034
42.886703968048096,0.14324633341737053,0.5603520352655585,8.945866359255977,512.560386473431
42.946654081344604,0.14013083865356663,0.5619596961090995,8.950925284624077,512.8502415458947
42.98665452003479,0.13774384525327066,0.5631584892516698,8.96778836918441,513.816425120774
43.04662775993347,0.1348891775985689,0.5645412818296358,8.979592528376642,514.4927536231895
43.086697578430176,0.131868490583657,0.5659638293161088,8.989710379112841,515.072463768117
43.146756172180176,0.12928780745670318,0.5671447793065556,9.001514538305074,515.7487922705325
43.18667006492615,0.12623666364294073,0.5685007707597244,9.011632389041273,516.3285024154601
43.24663329124451,0.12378311387246865,0.5695566760658701,9.025122856689539,517.1014492753635
43.28674674034119,0.12085389865183746,0.5707736152277438,9.036927015881771,517.777777777779
43.3466420173645,0.11775665879055586,0.5720207305532115,9.04704486661797,518.3574879227065
43.386725187301636,0.11480147177917,0.5731731681698378,9.058849025810202,519.0338164251219
43.44673180580139,0.11121250495612253,0.5745380125788238,9.063907951178301,519.3236714975857
43.486724853515625,0.10824016866276079,0.5756454689850283,9.072339493458468,519.8067632850253
43.54674172401428,0.10494475129369055,0.5768417571504693,9.080771035738634,520.289855072465
43.58670687675476,0.10226737081853315,0.5777831402143307,9.092575194930866,520.9661835748805
43.64673209190369,0.09910556147796423,0.5788560582387943,9.102693045667065,521.545893719808
43.686715602874756,0.09672421724807917,0.5796306919054653,9.117869821771365,522.4154589371993
43.746718883514404,0.09369488588365776,0.5805711142664349,9.129673980963595,523.0917874396147
43.78671312332153,0.09065619468487399,0.5814808386922435,9.13810552324376,523.5748792270543
43.846688985824585,0.08760845472263765,0.5823597720543744,9.149909682435993,524.2512077294698
43.886714220047,0.08439186461400369,0.5832551711086325,9.156654916260125,524.6376811594214
43.94702768325806,0.08100740794272826,0.5841696841218825,9.16508645854029,525.120772946861
43.98705816268921,0.07777617668949455,0.5850107168093888,9.17520430927649,525.7004830917886
44.04671907424927,0.07502080874024397,0.5856908019113591,9.190381085380789,526.5700483091799
44.08673405647278,0.07209448668733681,0.5863739375283963,9.200498936116988,527.1497584541074
44.14670538902283,0.06899787305429528,0.5870611250865927,9.21230309530922,527.8260869565229
44.186845541000366,0.06605727962481789,0.5876799508384087,9.22242094604542,528.4057971014504
44.246649742126465,0.06245697168154485,0.5884059634412832,9.229166179869551,528.7922705314021
44.28666877746582,0.05901515425273157,0.5890728770772674,9.237597722149717,529.2753623188416
44.34666848182678,0.05573148308110509,0.5896776043132651,9.247715572885916,529.8550724637693
44.386717081069946,0.05260588598823229,0.5902178686425552,9.259519732078148,530.5314009661847
44.44669985771179,0.04898112734029547,0.5908098452722754,9.26626496590228,530.9178743961363
44.4867045879364,0.04551785565211608,0.5913544829729532,9.27132389127038,531.2077294686002
44.54710507392883,0.042050989069133404,0.5918757478834763,9.279755433550548,531.6908212560398
44.58671307563782,0.039404755361623744,0.5922394643348087,9.29661851811088,532.657004830919
44.647106409072876,0.03642249345818821,0.592608448030808,9.306736368847078,533.2367149758466
44.68676424026489,0.03260910915029602,0.5930574282508598,9.308422677303112,533.3333333333345
44.74663949012756,0.029125960716949395,0.593455621674235,9.31348160267121,533.6231884057983
44.786678075790405,0.026137367836017056,0.5937692259162924,9.326972070319474,534.3961352657016
44.846721172332764,0.022813353550978077,0.5940840598823524,9.333717304143606,534.7826086956532
44.88670778274536,0.019652901846530013,0.5943538519436323,9.345521463335839,535.4589371980687
44.94682598114014,0.01665616807108894,0.594576611248099,9.355639314072038,536.0386473429962
44.98668336868286,0.013157718708550425,0.5948040602949167,9.364070856352203,536.5217391304358
45.04677677154541,0.010323664563882007,0.5949547433622052,9.379247632456503,537.3913043478271
45.086718797683716,0.007320922799210483,0.5950712634175346,9.392738100104769,538.1642512077306
45.146692991256714,0.004483714026450369,0.5951406511790802,9.407914876209068,539.0338164251219
45.1867311000824,0.0009781591297491343,0.5951849893946287,9.416346418489233,539.5169082125615
45.24673271179199,-0.002193776928710922,0.5951930127056362,9.428150577681466,540.193236714977
45.28672218322754,-0.005866473193870514,0.5951682391348442,9.434895811505598,540.5797101449286
45.346940994262695,-0.008537126263217787,0.5951186944588766,9.451758896065929,541.5458937198079
45.38677144050598,-0.011707357722447853,0.5950144101005757,9.463563055258161,542.2222222222233
45.44674324989319,-0.014375493366319936,0.5948883360047843,9.480426139818492,543.1884057971025
45.486769914627075,-0.017207877887112866,0.594708986602634,9.495602915922792,544.0579710144939
45.54671859741211,-0.020204231761023816,0.5944811741997794,9.50572076665899,544.6376811594214
45.586843490600586,-0.023530782397614303,0.5941943776594818,9.51583861739519,545.2173913043489
45.646860122680664,-0.02685426104958316,0.5938739388303181,9.525956468131389,545.7971014492765
45.68678164482117,-0.03083905155749289,0.5934557998409081,9.53270170195552,546.1835748792281
45.74669528007507,-0.034322866515055894,0.5930634806435643,9.541133244235686,546.6666666666677
45.78671836853027,-0.03763717749642742,0.5926590871321318,9.551251094971885,547.2463768115953
45.84693384170532,-0.04045040500016295,0.5922844949620242,9.563055254164118,547.9227053140107
45.88684368133545,-0.043589439558624155,0.5918287485706333,9.57485941335635,548.5990338164262
45.94676661491394,-0.046888229721166685,0.5913128272037163,9.584977264092549,549.1787439613537
45.986780643463135,-0.049521453865008946,0.5908645269694801,9.60184034865288,550.1449275362329
46.04673171043396,-0.052805125036635425,0.5902597997334823,9.611958199389079,550.7246376811604
46.08622884750366,-0.05575379888244347,0.5896806990689658,9.625448667037345,551.4975845410638
46.1467444896698,-0.058694392311920834,0.5890618733171498,9.63893913468561,552.2705314009672
46.18700981140137,-0.06228061455518308,0.5882692059166224,9.645684368509743,552.6570048309189
46.24670171737671,-0.06520922391568285,0.5875959435292957,9.655802219245942,553.2367149758464
46.286784648895264,-0.06845549903509177,0.5868149894701896,9.66592006998214,553.8164251207739
46.34668183326721,-0.07120621700422025,0.5861163343793233,9.68109684608644,554.6859903381653
46.38671517372131,-0.07394725977380845,0.5853806355163582,9.69290100527867,555.3623188405808
46.44672656059265,-0.07748550889330583,0.5843956965566744,9.699646239102803,555.7487922705324
46.48672151565552,-0.08085732076200997,0.5834356102411742,9.704705164470901,556.0386473429961
46.546632051467896,-0.08390057528502626,0.5825412699029252,9.716509323663132,556.7149758454115
46.58669972419739,-0.08661385206610903,0.5817089854618134,9.728313482855365,557.3913043478269
46.64668297767639,-0.08979501830144326,0.5806948982976615,9.738431333591564,557.9710144927544
46.686840534210205,-0.09264868718125605,0.579753299151005,9.748549184327763,558.550724637682
46.74676489830017,-0.09580868275642851,0.578675050868735,9.758667035063961,559.1304347826095
46.786871910095215,-0.09864102587086157,0.5776711248203033,9.772157502712227,559.903381642513
46.84669613838196,-0.10177468760672229,0.5765185817545003,9.782275353448426,560.4830917874405
46.88675284385681,-0.10505366711207559,0.5752779470723246,9.790706895728592,560.9661835748801
46.94670033454895,-0.10754142650442713,0.574305375379596,9.804197363376858,561.7391304347835
46.98684000968933,-0.11079242311684193,0.5729931627302087,9.812628905657023,562.2222222222231
47.04670429229736,-0.1137216383374732,0.5717762235683354,9.824433064849256,562.8985507246385
47.08678960800171,-0.11679300955474972,0.5704666930268765,9.831178298673388,563.2850241545902
47.14669895172119,-0.11970341892796207,0.5692054396769121,9.836237224041486,563.5748792270539
47.18667149543762,-0.12245150241288799,0.5679896797546934,9.846355074777685,564.1545893719815
47.246461153030396,-0.12595105309342358,0.5664096075563305,9.851414000145784,564.4444444444451
47.28678512573242,-0.12867824536938116,0.5651476815210363,9.86490446779405,565.2173913043486
47.34667420387268,-0.13169411750622367,0.5637149545241713,9.871649701618182,565.6038647343003
47.38673520088196,-0.13469780248804147,0.5622568503017886,9.88176755235438,566.1835748792278
47.4469096660614,-0.13753594893830298,0.5608404578917034,9.893571711546613,566.8599033816432
47.48671245574951,-0.1403571787265712,0.5593906630047396,9.905375870738846,567.5362318840587
47.54667377471924,-0.14360526963720616,0.5576762485209644,9.915493721475045,568.1159420289863
47.586695194244385,-0.14595048258198093,0.5563976482177456,9.932356806035376,569.0821256038655
47.64683198928833,-0.1488601715186544,0.5547599969468311,9.942474656771575,569.661835748793
47.68680763244629,-0.15218870310340432,0.5528457449762172,9.95090619905174,570.1449275362326
47.7458393573761,-0.1552099579729535,0.5510672905842324,9.962710358243973,570.821256038648
47.78671741485596,-0.1577801189763154,0.5495102718157542,9.976200825892239,571.5942028985514
47.84668755531311,-0.16076166373368764,0.5476660180721141,9.981259751260339,571.8840579710153
47.88675570487976,-0.1631626215429248,0.5461527534290518,9.99306391045257,572.5603864734306
47.9466335773468,-0.1661094455443434,0.5442535142877618,10.001495452732735,573.0434782608703
47.986647844314575,-0.1687610366242847,0.5425127364509158,10.0099269950129,573.5265700483098
48.04663443565369,-0.17139785618475248,0.5407496637530348,10.018358537293066,574.0096618357494
48.086665630340576,-0.17388314923901596,0.5390604765333858,10.025103771117198,574.3961352657011
48.14665174484253,-0.17621547338915336,0.5374434322110602,10.03690793030943,575.0724637681166
48.18670344352722,-0.17853131742530412,0.5358028729521778,10.045339472589596,575.5555555555562
48.246665954589844,-0.18083324686335667,0.5341428461018205,10.053771014869762,576.0386473429958
48.28703236579895,-0.18325717594471735,0.532366725937775,10.060516248693894,576.4251207729474
48.34665513038635,-0.18566906962914811,0.5305742963342482,10.067261482518026,576.8115942028991
48.38668131828308,-0.18780217945238833,0.5289666007866628,10.074006716342158,577.1980676328508
48.44677424430847,-0.18979047511503952,0.5274442545656508,10.082438258622323,577.6811594202903
48.48668956756592,-0.19242950988258783,0.5253988482761818,10.08581087553439,577.8743961352662
48.54678654670715,-0.19493166980667942,0.5234493769512454,10.087497183990424,577.9710144927542
48.586731910705566,-0.19729745794222975,0.5215965192863706,10.09086980090249,578.16425120773
48.64678645133972,-0.19992263603530022,0.5195333587562636,10.09086980090249,578.16425120773
48.68672037124634,-0.2016233330709759,0.5181851227025531,10.099301343182656,578.6473429951697
48.74669694900513,-0.2043595598560985,0.5159933325685481,10.10098765163869,578.7439613526576
48.78664207458496,-0.2064372455032087,0.5143146232895117,10.107732885462822,579.1304347826092
48.84599256515503,-0.20837307730184,0.5127260979021934,10.116164427742987,579.6135265700489
48.88667297363281,-0.21107195646380655,0.5104884803566225,10.11785073619902,579.7101449275367
48.94670510292053,-0.21325064181638964,0.508669717475948,10.122909661567121,580.0000000000006
48.986716747283936,-0.21580475773012095,0.5065192097934338,10.126282278479188,580.1932367149765
49.0466411113739,-0.21796803084637556,0.5046821421011126,10.131341203847288,580.4830917874402
49.0867178440094,-0.22037538883613633,0.502616743775943,10.136400129215389,580.7729468599041
49.146729707717896,-0.22251996436565008,0.5007578828129093,10.141459054583489,581.0628019323678
49.18673753738403,-0.225161386512284,0.498452721201565,10.143145363039523,581.1594202898558
49.24660658836365,-0.2271634977291045,0.4966845602453135,10.153263213775721,581.7391304347834
49.28674650192261,-0.2301577024971644,0.49402220538291824,10.149890596863655,581.5458937198075
49.34583377838135,-0.23265661088069445,0.4918077871107638,10.149890596863655,581.5458937198075
49.386672496795654,-0.2352785033000374,0.4894804364383176,10.151576905319688,581.6425120772955
49.44664764404297,-0.23802319100409244,0.487039944481122,10.151576905319688,581.6425120772955
49.48670554161072,-0.2411491592430792,0.48427455633098426,10.14651797995159,581.3526570048317
49.54671311378479,-0.24403361411797775,0.4817401129616523,10.144831671495556,581.2560386473438
49.58669686317444,-0.24705460247712874,0.4791081887719639,10.138086437671424,580.8695652173922
49.64660930633545,-0.2503464976249282,0.47627907764112815,10.131341203847292,580.4830917874405
49.68674635887146,-0.2534027159004828,0.4736881462528897,10.12459597002316,580.0966183574888
49.746737241744995,-0.2564720023402606,0.47111270913329456,10.121223353111093,579.903381642513
49.78669023513794,-0.25955427839302303,0.4685528321946586,10.11447811928696,579.5169082125612
49.84667134284973,-0.26265375116465334,0.46601380400570225,10.107732885462829,579.1304347826097
49.88666820526123,-0.2651091943637429,0.46400580962609755,10.112791810830927,579.4202898550733
49.946948766708374,-0.26821294431116366,0.46147201171184354,10.106046577006795,579.0338164251217
49.986719608306885,-0.2715937787703258,0.4587498063899645,10.099301343182663,578.64734299517
50.046682596206665,-0.2742014681316763,0.4566645851575703,10.099301343182663,578.64734299517
50.0869996547699,-0.2774676625101647,0.45406631201295955,10.094242417814563,578.3574879227062
50.146605491638184,-0.2807469595071913,0.45148459547984277,10.089183492446463,578.0676328502424
50.18670153617859,-0.28390550518705526,0.44901944136810745,10.085810875534396,577.8743961352665
50.246694803237915,-0.28640437414510933,0.4470657534035255,10.090869800902496,578.1642512077303
50.28671431541443,-0.2896966898347036,0.44450065955492524,10.08243825862233,577.6811594202908
50.346641540527344,-0.29327099607952656,0.44175440507244174,10.077379333254232,577.391304347827
50.38667559623718,-0.29673288912620865,0.4391360582680517,10.067261482518033,576.8115942028995
50.446595907211304,-0.29994471268273215,0.43674073260164364,10.063888865605966,576.6183574879236
50.48679494857788,-0.303164596473295,0.43435625278800216,10.060516248693899,576.4251207729477
50.546663999557495,-0.3065290835242895,0.4318865815678261,10.055457323325799,576.135265700484
50.586692333221436,-0.30976895746745764,0.4295293347757458,10.052084706413734,575.9420289855082
50.646639347076416,-0.31329169483428915,0.42699343949023927,10.045339472589601,575.5555555555565
50.68675494194031,-0.31641739199029123,0.4247633048739802,10.043653164133568,575.4589371980685
50.7467143535614,-0.3198230449846306,0.422350717728565,10.03859423876547,575.1690821256049
50.786760330200195,-0.3232408594453435,0.4199553903262632,10.033535313397369,574.879227053141
50.84666419029236,-0.3266747530750782,0.4175831711981592,10.025103771117204,574.3961352657014
50.88669204711914,-0.33026462082012553,0.41514323410311066,10.018358537293071,574.0096618357497
50.94662070274353,-0.3335896964031205,0.41290777710872134,10.014985920381005,573.8164251207738
50.98673391342163,-0.3370631028430951,0.4105937985533284,10.009926995012904,573.5265700483101
51.04663109779358,-0.340831153325117,0.4081200616272841,10.001495452732737,573.0434782608703
51.08667612075806,-0.34376833154989744,0.4062059390901878,10.00318176118877,573.1400966183583
51.1466326713562,-0.34741082077114416,0.4038452790706537,9.996436527364638,572.7536231884067
51.186686515808105,-0.35078409919820613,0.4016832457083045,9.993063910452571,572.5603864734308
51.24661469459534,-0.35402205492687505,0.3996194807466733,9.991377601996538,572.4637681159428
51.28670930862427,-0.3574098399251931,0.3974802499476327,9.984632368172406,572.0772946859912
51.346611738204956,-0.36095187308109394,0.39527275132372036,9.979573442804305,571.7874396135273
51.38669204711914,-0.3642207760067828,0.3932583638783416,9.974514517436205,571.4975845410636
51.44664001464844,-0.36749645408563414,0.3912550126257129,9.972828208980172,571.4009661835756
51.486674308776855,-0.37092333542344985,0.3891789876010749,9.96608297515604,571.0144927536239
51.54667949676514,-0.373640431687859,0.3875423353403876,9.967769283612073,571.1111111111119
51.586710929870605,-0.3767881398705816,0.3856499176321772,9.964396666700006,570.917874396136
51.6466281414032,-0.38051942523559956,0.3834322718129519,9.957651432875874,570.5314009661844
51.686819553375244,-0.3838316986016987,0.38149002356262257,9.952592507507774,570.2415458937205
51.746708154678345,-0.3872964971915547,0.3794779186105574,9.949219890595707,570.0483091787446
51.78667140007019,-0.390621796025984,0.37755805643336376,9.947533582139673,569.9516908212568
51.846699953079224,-0.39424676198341124,0.3754895616038875,9.939102039859508,569.4685990338171
51.88690257072449,-0.3980329422819657,0.3733669965986253,9.932356806035376,569.0821256038655
51.94671440124512,-0.40168548250186165,0.3713475909944642,9.927297880667275,568.7922705314016
51.9866840839386,-0.40505517520453604,0.3695067612339432,9.922238955299175,568.5024154589378
52.046666860580444,-0.40858265208037914,0.36760668163119353,9.915493721475043,568.1159420289862
52.08676052093506,-0.41167617591104433,0.36595713887022896,9.91380741301901,568.0193236714982
52.14674711227417,-0.4146210634465394,0.3643836622111664,9.917180029931076,568.2125603864741
52.186710596084595,-0.41830382991161713,0.36241992082906593,9.912121104562978,567.9227053140104
52.24667406082153,-0.42199648362949854,0.36047483533688524,9.907062179194877,567.6328502415465
52.28677010536194,-0.4259986284738033,0.35840109102778017,9.898630636914712,567.149758454107
52.34699273109436,-0.4297203759207937,0.35651226996878704,9.890199094634546,566.6666666666674
52.386736154556274,-0.4331531306921656,0.3547918985561847,9.888512786178513,566.5700483091795
52.446675300598145,-0.4368906713346663,0.35293452433494366,9.883453860810413,566.2801932367156
52.48676252365112,-0.4407890467005148,0.3510258302888298,9.876708626986279,565.8937198067639
52.54666185379028,-0.4445482511868261,0.3492127029678256,9.871649701618178,565.6038647343
52.5866904258728,-0.4486213079374267,0.3472819550503781,9.863218159338011,565.1207729468604
52.64664268493652,-0.4527104989000549,0.34538561750513425,9.854786617057846,564.6376811594207
52.6866352558136,-0.4568155333721451,0.3435238251436473,9.84635507477768,564.1545893719812
52.74684953689575,-0.4606280326464306,0.34182562069905037,9.84129614940958,563.8647342995173
52.786757946014404,-0.46429487227698746,0.3402107885931738,9.837923532497513,563.6714975845415
52.84665584564209,-0.46765863333765084,0.3387361960688839,9.837923532497513,563.6714975845415
52.886483907699585,-0.4716398421587492,0.3370069130447569,9.83117829867338,563.2850241545898
52.94670367240906,-0.4750134730931484,0.3355550432488066,9.83117829867338,563.2850241545898
52.98673987388611,-0.47900625567560784,0.3338526535449101,9.824433064849249,562.8985507246382
53.04663896560669,-0.4828550639645347,0.33223842809375304,9.819374139481148,562.6086956521743
53.08714938163757,-0.4867146729424552,0.33065020027960595,9.810942597200981,562.1256038647347
53.146605014801025,-0.49058490700485363,0.3290880423636687,9.80588367183288,561.8357487922708
53.18668818473816,-0.4944629943490388,0.3275454835793929,9.80082474646478,561.545893719807
53.24699091911316,-0.4981921680492169,0.3260803354229622,9.797452129552713,561.3526570048311
53.28670835494995,-0.5019287060731974,0.3246340715460224,9.790706895728581,560.9661835748794
53.34697365760803,-0.505987098436667,0.3230946252563273,9.78396166190445,560.5797101449278
53.3867290019989,-0.5105294972699542,0.32141960727319274,9.772157502712217,559.9033816425124
53.44669151306152,-0.5139828947350065,0.3201692643065243,9.772157502712217,559.9033816425124
53.48672270774841,-0.5180691430694153,0.31870535925350146,9.765412268888085,559.5169082125607
53.546913385391235,-0.522006467297588,0.31732097239488144,9.760353343519984,559.2270531400968
53.58691644668579,-0.5264253448262981,0.31579651297686284,9.75360810969585,558.8405797101451
53.646596908569336,-0.5300624646060418,0.31456572346379674,9.74854918432775,558.5507246376812
53.68669843673706,-0.5343417755344254,0.3131497161218113,9.740117642047583,558.0676328502416
53.746636390686035,-0.5386328733379795,0.3117698398756664,9.731686099767417,557.584541062802
53.786747455596924,-0.5426146397293724,0.31051900597124543,9.726627174399319,557.2946859903383
53.84662961959839,-0.5466047526427295,0.3092950582637282,9.718195632119151,556.8115942028986
53.88667440414429,-0.5506030305358659,0.3080980524402958,9.713136706751051,556.5217391304348
53.94660425186157,-0.5546073128029927,0.3069212888373367,9.70807778138295,556.231884057971
53.98685574531555,-0.5587789169522083,0.3057220547997227,9.701332547558819,555.8454106280193
54.046736001968384,-0.5629585152542406,0.3045509862755219,9.694587313734687,555.4589371980676
54.086726903915405,-0.5666619020121192,0.3035368809361981,9.689528388366586,555.1690821256038
54.14664649963379,-0.5710172870796291,0.3023757609044816,9.681096846086419,554.6859903381642
54.186657190322876,-0.5750589724230888,0.3013346899959753,9.672665303806253,554.2028985507245
54.246824502944946,-0.5789448214434658,0.300358179372772,9.669292686894186,554.0096618357486
54.28669834136963,-0.5828339417539806,0.2993947797585245,9.66592006998212,553.8164251207728
54.34669041633606,-0.5865648744975587,0.2984872424421719,9.660861144614021,553.526570048309
54.38671684265137,-0.5911151325881636,0.29741691238101853,9.650743293877822,552.9468599033816
54.44669771194458,-0.5946959265620266,0.29660007328874083,9.647370676965757,552.7536231884058
54.48579716682434,-0.5987688876417376,0.2956890095723981,9.642311751597656,552.4637681159419
54.54568934440613,-0.6026840242299609,0.2948374808870628,9.635566517773523,552.0772946859902
54.58668303489685,-0.6066034185204754,0.29400576939749706,9.632193900861456,551.8840579710143
54.64662551879883,-0.610526970205511,0.29319389638941945,9.625448667037324,551.4975845410627
54.6866774559021,-0.6147833204203955,0.2923430578013334,9.618703433213192,551.111111111111
54.746659994125366,-0.6183872551208276,0.2916352681002575,9.618703433213192,551.111111111111
54.78715205192566,-0.6221556275976333,0.29089848319695844,9.617017124757158,551.014492753623
54.84664845466614,-0.6260910485684787,0.29014624826781527,9.610271890933026,550.6280193236714
54.88723874092102,-0.6295361958065613,0.28949675498911515,9.61195819938906,550.7246376811594
54.946614503860474,-0.632981343044644,0.288847261710415,9.610271890933026,550.6280193236714
54.98668146133423,-0.6370865678980142,0.2880948137352388,9.60184034865286,550.1449275362318
55.04684114456177,-0.6411979910519199,0.2873770054728143,9.593408806372695,549.6618357487922
55.086729764938354,-0.6451489556099121,0.28671121671661554,9.590036189460628,549.4685990338163
55.146734952926636,-0.6492685652542747,0.28604198922902246,9.581604647180463,548.9855072463768
55.18679141998291,-0.6530626728441581,0.28545187846478715,9.576545721812362,548.6956521739129
55.246628284454346,-0.6568587490697089,0.2848745671038349,9.574859413356329,548.5990338164249
55.28672814369202,-0.6611526787974917,0.2842400507938882,9.568114179532197,548.2125603864733
55.34660744667053,-0.6649544017713418,0.2837011764599508,9.563055254164098,547.9227053140096
55.3867073059082,-0.6684263648932798,0.2832150148705106,9.564741562620132,548.0193236714975
55.446603775024414,-0.6723947898040961,0.2826627474229759,9.561368945708065,547.8260869565216
55.48674559593201,-0.6760341993180622,0.28216877376418326,9.557996328795998,547.6328502415457
55.54660964012146,-0.6800062590959857,0.28164328663113786,9.55462371188393,547.4396135265699
55.586708307266235,-0.6834829633319093,0.2811922781311573,9.552937403427897,547.342995169082
55.646294832229614,-0.6874576306708714,0.2806868919906844,9.54956478651583,547.1497584541061
55.68667459487915,-0.691600091717404,0.28017790718734065,9.54450586114773,546.8599033816423
55.74673795700073,-0.6950804750252144,0.2797562283500019,9.546192169603763,546.9565217391302
55.78677701950073,-0.6990584608662944,0.2792776635638333,9.542819552691697,546.7632850241544
55.846760511398315,-0.7035367945663114,0.27876570059092226,9.534388010411531,546.2801932367147
55.88672113418579,-0.7078536509498803,0.2783127166857281,9.524270159675332,545.7004830917872
55.94662690162659,-0.7118418253322427,0.27792819009073166,9.5175249258512,545.3140096618355
55.98671102523804,-0.7156659341445492,0.277582249475427,9.512466000483101,545.0241545893718
56.046655893325806,-0.7198244232293494,0.2772272599211112,9.507407075115001,544.734299516908
56.08674907684326,-0.72381851457647,0.27691003773202244,9.500661841290869,544.3478260869564
56.14613366127014,-0.7273140354256582,0.2766413092370041,9.502348149746902,544.4444444444443
56.1866934299469,-0.7314764250515827,0.27633543074140365,9.493916607466737,543.9613526570047
56.24664902687073,-0.7354739825914964,0.2760653764478423,9.49054399055467,543.7681159420288
56.28670406341553,-0.7394728551560112,0.27581554886897375,9.483798756730538,543.3816425120772
56.346606731414795,-0.7436398107903467,0.2755799012643685,9.47873983136244,543.0917874396134
56.38676166534424,-0.747808261116734,0.2753723658974633,9.470308289082272,542.6086956521738
56.44666361808777,-0.7518110796191748,0.27519675370280766,9.466935672170205,542.4154589371979
56.48668718338013,-0.7561483732792557,0.27502844695622103,9.460190438346073,542.0289855072463
56.54666352272034,-0.7598190644845473,0.27490460164414526,9.456817821434006,541.8357487922704
56.58695077896118,-0.7638238877693756,0.2747830036849104,9.45344520452194,541.6425120772944
56.646767139434814,-0.7679960756071003,0.27467392711172434,9.44838627915384,541.3526570048307
56.68673062324524,-0.7720019241939983,0.2745928548893587,9.441641045329707,540.966183574879
56.746681213378906,-0.7760081316572863,0.2745320489070169,9.43826842841764,540.7729468599031
56.78667426109314,-0.7796805772700054,0.2744825028925807,9.43826842841764,540.7729468599031
56.84688711166382,-0.783519994537821,0.274433941989837,9.436582119961606,540.6763285024151
56.886850118637085,-0.7871925184788151,0.2743905889190021,9.436582119961606,540.6763285024151
56.946946144104004,-0.790865110304765,0.27435342891504905,9.43320950304954,540.4830917874393
56.98675298690796,-0.7945378065699247,0.27432865534425704,9.429836886137473,540.2898550724634
57.04664421081543,-0.7985444526744636,0.2743151424106095,9.426464269225406,540.0966183574875
57.08671569824219,-0.8023841756640036,0.2743183798900497,9.421405343857305,539.8067632850237
57.146618366241455,-0.8062238658972567,0.2743345672412198,9.419719035401272,539.7101449275358
57.18708419799805,-0.810230392370776,0.2743683492391127,9.41297380157714,539.3236714975841
57.24664616584778,-0.8140698096385917,0.27441691014185615,9.411287493121106,539.2270531400961
57.28667116165161,-0.8182428875244754,0.2744837682784071,9.406228567753008,538.9371980676325
57.34663009643555,-0.8215813035491398,0.2745400696069129,9.409601184665075,539.1304347826083
57.38668489456177,-0.8252535611762708,0.2746020010682694,9.406228567753008,538.9371980676325
57.44662666320801,-0.8284251003695424,0.2746528132520481,9.411287493121108,539.2270531400962
57.4867205619812,-0.8320974572108899,0.2747085520691948,9.407914876209041,539.0338164251204
57.54692196846008,-0.8361034368149105,0.2747828690831466,9.404542259296974,538.8405797101445
57.58668375015259,-0.8396084932707049,0.2748567626068025,9.40285595084094,538.7439613526566
57.64662981033325,-0.8434472226943073,0.2749441670119945,9.401169642384907,538.6473429951686
57.68671441078186,-0.8476194105320319,0.2750532435851805,9.396110717016807,538.3574879227049
57.74665904045105,-0.8512904985431246,0.27516470838114626,9.39273810010474,538.164251207729
57.786675453186035,-0.8554616184065811,0.2753089586385295,9.38767917473664,537.8743961352651
57.846625089645386,-0.8591316361189574,0.27545137203948755,9.384306557824573,537.6811594202893
57.886889934539795,-0.8636346387568654,0.2756527325553127,9.375875015544407,537.1980676328496
57.946707248687744,-0.8674692856335071,0.27585013176792056,9.370816090176309,536.9082125603859
57.98672652244568,-0.8714693708807921,0.27607972623834126,9.364070856352175,536.5217391304342
58.04664349555969,-0.8756346422348994,0.27634347535915027,9.359011930984074,536.2318840579703
58.08671569824219,-0.8797985260073697,0.2766282928119746,9.353953005615974,535.9420289855066
58.146748065948486,-0.8836279244632204,0.2769097010279268,9.348894080247874,535.6521739130427
58.18670582771301,-0.8871234453124086,0.2771784295229451,9.34720777179184,535.5555555555547
58.2466504573822,-0.8911169960464527,0.2775023865278226,9.340462537967708,535.1690821256032
58.28679609298706,-0.8956068456947386,0.27790092002719985,9.332030995687543,534.6859903381635
58.346715211868286,-0.8997615302571698,0.27829796566534615,9.326972070319442,534.3961352656997
58.38699746131897,-0.9037477083224658,0.27870266313030745,9.320226836495308,534.0096618357479
58.446791887283325,-0.9078974167540985,0.27914872252602757,9.315167911127208,533.7198067632842
58.486757040023804,-0.9113818883291778,0.27953516638172693,9.313481602671175,533.6231884057962
58.546637535095215,-0.9151967651847479,0.2799712829882806,9.308422677303074,533.3333333333323
58.58668565750122,-0.9191755523773201,0.28044313898603496,9.305050060391007,533.1400966183566
58.64669418334961,-0.9231527255549657,0.2809284111997543,9.30167744347894,532.9468599033806
58.6866660118103,-0.9272934464347147,0.2814513640160632,9.29661851811084,532.6570048309168
58.74706315994263,-0.9311004269743688,0.28195174615840396,9.29155959274274,532.367149758453
58.78674912452698,-0.9345755903613361,0.28241447766265454,9.293245901198773,532.463768115941
58.846728563308716,-0.9382166451577656,0.2828961742012795,9.293245901198773,532.463768115941
58.886900424957275,-0.9421869100820923,0.28343505455632606,9.286500667374641,532.0772946859893
58.946757078170776,-0.9464839948202739,0.2840478401694172,9.279755433550509,531.6908212560377
58.98669123649597,-0.949623029378735,0.2845035865608082,9.281441742006542,531.7874396135255
59.046682357788086,-0.953421977591052,0.2850616865498878,9.276382816638442,531.4975845410618
59.086822509765625,-0.9577126424153035,0.28571791731772256,9.269637582814308,531.11111111111
59.14672040939331,-0.9611759141034828,0.28626255501840037,9.267951274358275,531.014492753622
59.18691039085388,-0.9649680099014928,0.28686545847368394,9.266264965902241,530.9178743961342
59.24669647216797,-0.9689233754457622,0.2875045821061659,9.262892348990174,530.7246376811582
59.28680419921875,-0.9725471306852296,0.2881026703524656,9.259519732078108,530.5314009661823
59.34671664237976,-0.9764980952432221,0.2887684591086641,9.25614711516604,530.3381642512064
59.38690161705017,-0.9807746032353225,0.28951137421029066,9.249401881341909,529.9516908212548
59.446768045425415,-0.9848810911105931,0.29025689844351976,9.240970339061743,529.4685990338152
59.486696004867554,-0.9891458319750839,0.2910646291000299,9.234225105237611,529.0821256038636
59.546709060668945,-0.9924253494507883,0.29169149154098256,9.237597722149678,529.2753623188395
59.5867383480072,-0.9965240841612013,0.2924785257370196,9.23253879678158,528.9855072463757
59.6467809677124,-1.0002912088340445,0.2932216642281063,9.227479871413479,528.6956521739119
59.6864960193634,-1.003892735938947,0.2939416045718715,9.227479871413479,528.6956521739119
59.746659994125366,-1.0076560529402694,0.2947037910747915,9.222420946045379,528.4057971014481
59.78676152229309,-1.0117423714364293,0.295552937823014,9.217362020677278,528.1159420289843
59.84670805931091,-1.0156603576328262,0.2963912574346398,9.210616786853146,527.7294685990327
59.88675308227539,-1.0195740527150967,0.2972493870340628,9.20724416994108,527.5362318840567
59.94686508178711,-1.0233211769084307,0.2980875656530983,9.20218524457298,527.246376811593
59.9867308139801,-1.0278750189269252,0.2991425433787008,9.192067393836782,526.6666666666655
60.04665017127991,-1.0317705490702158,0.30007968824962766,9.18532216001265,526.2801932367138
60.08685493469238,-1.035659669380731,0.3010430878638752,9.178576926188518,525.8937198067622
60.14673590660095,-1.0393828176588118,0.3019820500660436,9.176890617732484,525.7971014492742
60.186870098114014,-1.0437459356123733,0.3031137658155368,9.165086458540252,525.1207729468588
60.24664926528931,-1.0471334573315478,0.3040168591735387,9.163400150084218,525.0241545893708
60.28677463531494,-1.0508419269609905,0.30501221645872656,9.161713841628185,524.9275362318829
60.346588134765625,-1.0545470185469266,0.30602007530673114,9.156654916260084,524.6376811594191
60.38669729232788,-1.0587285856881512,0.3071840940772667,9.14990968243595,524.2512077294673
60.44670844078064,-1.0619421376709097,0.308090336344785,9.14990968243595,524.2512077294673
60.48673915863037,-1.0651556896536682,0.30899657861230345,9.14990968243595,524.2512077294673
60.5470666885376,-1.0690082624187403,0.3100970688195374,9.143164448611818,523.8647342995157
60.58681273460388,-1.0731737463770916,0.31131739125538893,9.136419214787686,523.478260869564
60.64669919013977,-1.0768521620387772,0.3124186366129466,9.131360289419586,523.1884057971001
60.68674969673157,-1.0810029512492574,0.31368804292492297,9.124615055595452,522.8019323671484
60.74663472175598,-1.0848264580862106,0.31488562009327775,9.11786982177132,522.4154589371967
60.786794900894165,-1.0889597452303605,0.316210905284748,9.111124587947188,522.0289855072451
60.84668779373169,-1.0929242754785145,0.31751533963094863,9.102693045667023,521.5458937198056
60.88678574562073,-1.096720612416433,0.3187964412897516,9.09594781184289,521.1594202898539
60.946855545043945,-1.1008238558359493,0.32021201074934036,9.089202578018758,520.7729468599022
60.98680233955383,-1.1046025651900022,0.32154420864154215,9.082457344194626,520.3864734299506
61.04675889015198,-1.1086863391202106,0.323015002285013,9.075712110370494,519.9999999999989
61.086806297302246,-1.1122911663726558,0.32433738785575505,9.070653185002396,519.7101449275352
61.14683794975281,-1.1158892576751462,0.3256779929790552,9.065594259634295,519.4202898550714
61.18676137924194,-1.1196354660106564,0.3270990203233893,9.058849025810163,519.0338164251198
61.246675968170166,-1.1235289619681248,0.32860226291234657,9.053790100442065,518.743961352656
61.28625965118408,-1.1271039360334534,0.33000334947280724,9.048731175073964,518.4541062801921
61.345911502838135,-1.1305177962243007,0.33135792327414626,9.045358558161897,518.2608695652164
61.38676714897156,-1.1342370023975326,0.3328481920577508,9.04198594124983,518.0676328502404
61.44668936729431,-1.1377951891358467,0.33429137958990396,9.03692701588173,517.7777777777766
61.48672890663147,-1.1414991268816075,0.33581920182495695,9.030181782057596,517.3913043478249
61.54697895050049,-1.145347935170534,0.33743342727611386,9.025122856689496,517.101449275361
61.58664059638977,-1.1485763426571665,0.3388002725897472,9.023436548233462,517.004830917873
61.646620750427246,-1.1522619881178984,0.3403717092394979,9.020063931321396,516.8115942028973
61.68669557571411,-1.1559396366690515,0.34196177110640563,9.013318697497263,516.4251207729455
61.7467737197876,-1.1593058795637243,0.34343068919806113,9.013318697497263,516.4251207729455
61.78670883178711,-1.1623661003770631,0.34476606928138437,9.013318697497263,516.4251207729455
61.84663677215576,-1.16603294000762,0.3463809013872613,9.006573463673131,516.038647342994
61.887075901031494,-1.1699934592066916,0.34815705766656496,8.999828229849,515.6521739130422
61.94665312767029,-1.173487661016232,0.3497489235000702,8.9947693044809,515.3623188405785
61.986775636672974,-1.1772769044949967,0.3514984042546695,8.9897103791128,515.0724637681147
62.04698634147644,-1.1807548214676702,0.35312554181765193,8.9846514537447,514.7826086956509
62.0867805480957,-1.1848246165921297,0.3550631554167127,8.976219911464533,514.2995169082112
62.14668130874634,-1.1884319840202573,0.35680679983140157,8.972847294552466,514.1062801932353
62.18673801422119,-1.1920334502988301,0.3585626005748509,8.969474677640399,513.9130434782594
62.24662137031555,-1.1954777311978986,0.3602597782927069,8.964415752272298,513.6231884057956
62.28710389137268,-1.1992121344219266,0.36212345251650324,8.959356826904198,513.3333333333318
62.346686601638794,-1.2027895871304832,0.36392767748153204,8.955984209992131,513.1400966183559
62.386783838272095,-1.2066552232877212,0.3659018356703757,8.949238976168,512.7536231884043
62.44634175300598,-1.2097707180515254,0.3675094965139166,8.947552667711966,512.6570048309163
62.48668599128723,-1.2134731645173378,0.3694358763362438,8.942493742343867,512.3671497584526
62.54667091369629,-1.2174541230343998,0.37155000691399204,8.930689583151636,511.6908212560372
62.586724042892456,-1.221120201422341,0.37354472952767775,8.922258040871471,511.2077294685976
62.646634340286255,-1.2246282733504263,0.375480401750388,8.918885423959404,511.01449275362177
62.686787605285645,-1.2284180275633427,0.37759657907292193,8.912140190135272,510.6280193236701
62.74687910079956,-1.231906335422241,0.37956764576076907,8.908767573223207,510.4347826086943
62.78675937652588,-1.235244508430532,0.38146503451492464,8.907081264767173,510.3381642512064
62.846800804138184,-1.2385762633004718,0.3833736708355238,8.902022339399073,510.04830917874256
62.88674068450928,-1.2417585311538395,0.3852073782536663,8.902022339399073,510.04830917874256
62.94592618942261,-1.2453694622714164,0.38730027708452003,8.896963414030974,509.75845410627886
62.98686861991882,-1.248539289039854,0.38915540776563745,8.893590797118907,509.565217391303
63.046762466430664,-1.251848282468408,0.39110323876638275,8.891904488662874,509.46859903381505
63.086756467819214,-1.255579567833426,0.3933208845856079,8.88515925483874,509.0821256038633
63.14670729637146,-1.2588686843640267,0.3953020952169659,8.880100329470642,508.7922705313996
63.18670296669006,-1.262292060012547,0.3973838960661137,8.876727712558576,508.5990338164238
63.24664258956909,-1.2650008418417564,0.39903427291223775,8.87841402101461,508.69565217391175
63.28668546676636,-1.2679947586003566,0.4008583736369011,8.876727712558576,508.5990338164238
63.346616983413696,-1.270985595107134,0.4026875204327795,8.875041404102543,508.50241545893584
63.386762619018555,-1.2743948507502496,0.40479236521714695,8.868296170278409,508.1159420289841
63.44665861129761,-1.2779331563481928,0.40700583366002996,8.863237244910309,507.82608695652027
63.48672556877136,-1.281317329128422,0.40915077426525653,8.856492011086177,507.4396135265686
63.54665946960449,-1.284131428698662,0.4109477258511662,8.856492011086177,507.4396135265686
63.58670949935913,-1.287781858790912,0.4132960877475357,8.849746777262045,507.05314009661697
63.64702844619751,-1.2912746519446716,0.41558069822574145,8.841315234981879,506.57004830917737
63.68672847747803,-1.2943398070039551,0.41760409538114,8.841315234981879,506.57004830917737
63.74671483039856,-1.2976761490000268,0.4198227025324041,8.834570001157745,506.1835748792256
63.78673815727234,-1.3010012245830214,0.42205815952679354,8.83119738424568,505.99033816424986
63.846715450286865,-1.3039057087239387,0.42402153745432153,8.829511075789647,505.8937198067619
63.88670754432678,-1.3070795399623043,0.4261826201431723,8.824452150421548,505.60386473429816
63.94673156738281,-1.3103818277169612,0.4284516047600957,8.821079533509483,505.4106280193224
63.98666501045227,-1.3134018929082176,0.43054170471619585,8.817706916597416,505.2173913043465
64.0467483997345,-1.3164148918304603,0.4326419782889697,8.81433429968535,505.02415458937077
64.08675074577332,-1.3194243447613605,0.43474732971868985,8.81433429968535,505.02415458937077
64.14686250686646,-1.3226996196176812,0.437055136084472,8.807589065861217,504.637681159419
64.18671441078186,-1.3263600659700427,0.4396854804185514,8.795784906668985,503.96135265700354
64.24663400650024,-1.3298612968653418,0.44225098732217266,8.78903967284485,503.5748792270518
64.28678059577942,-1.3334768691643806,0.44494268116894725,8.780608130564685,503.0917874396122
64.34667563438416,-1.3368034885357458,0.44746312807577454,8.77217658828452,502.60869565217257
64.3867576122284,-1.3398482679294839,0.44980253004233467,8.76711766291642,502.31884057970876
64.4466450214386,-1.3436623310759876,0.4527844748303809,8.755313503724187,501.6425120772933
64.48710584640503,-1.3464096109028487,0.45496239460945137,8.753627195268153,501.54589371980535
64.54667949676514,-1.3492819330788925,0.4572512976006096,8.750254578356088,501.35265700482955
64.58667922019958,-1.35227875289117,0.459651829652139,8.748568269900055,501.2560386473416
64.64659810066223,-1.3553995231611655,0.46216463456464274,8.745195652987988,501.06280193236574
64.68674182891846,-1.3581246268771971,0.4643702389598179,8.743509344531954,500.9661835748778
64.74672722816467,-1.360977548202172,0.4666832784102881,8.743509344531954,500.9661835748778
64.78677773475647,-1.3643353103714384,0.4694338922816576,8.733391493795756,500.3864734299503
64.8468542098999,-1.3671646830809807,0.4717756782788028,8.733391493795756,500.3864734299503
64.88673233985901,-1.3704944435573894,0.4745601241167521,8.723273643059557,499.8067632850227
64.94676876068115,-1.3738006087820143,0.47737254566449455,8.716528409235424,499.4202898550711
64.98669600486755,-1.3772116729866266,0.48031910633862884,8.708096866955259,498.93719806763147
65.04675030708313,-1.3804747756029694,0.4831813789968401,8.701351633131127,498.5507246376798
65.08694100379944,-1.3835913994865772,0.4859572940928401,8.692920090850961,498.0676328502402
65.14670133590698,-1.3868106879038473,0.4888687585939388,8.686174857026828,497.6811594202885
65.18670845031738,-1.3897687048915799,0.4915712631927652,8.68280224011476,497.4879227053126
65.24664306640625,-1.3930784719495604,0.4946311685567019,8.674370697834595,497.004830917873
65.28670597076416,-1.3960043828036683,0.49736840096923235,8.67099808092253,496.81159420289725
65.34668612480164,-1.3990353251193908,0.500237623465108,8.662566538642364,496.32850241545765
65.38672089576721,-1.401810402456784,0.5028913809689439,8.660880230186331,496.2318840579697
65.44663882255554,-1.4048170453527802,0.5057860566931021,8.655821304818232,495.942028985506
65.48670983314514,-1.4074521287256228,0.5083445029411391,8.652448687906167,495.7487922705302
65.54665517807007,-1.4108999561358444,0.5117432613252841,8.640644528713935,495.07246376811474
65.58664083480835,-1.414192724499212,0.5150611117794376,8.630526677977736,494.4927536231872
65.64663624763489,-1.416876739616008,0.517806935147844,8.625467752609637,494.2028985507235
65.68671870231628,-1.419779011262741,0.5208062464589033,8.620408827241537,493.9130434782597
65.7466151714325,-1.422773616763148,0.523948344699197,8.610290976505338,493.3333333333321
65.78674364089966,-1.4256249005262,0.5269961685055593,8.601859434225172,492.8502415458925
65.84691262245178,-1.4284555612970535,0.5300631554068076,8.596800508857072,492.5603864734287
65.88671350479126,-1.4307138764127902,0.5325224651130793,8.596800508857072,492.5603864734287
65.94693779945374,-1.433308553259049,0.5353528599938625,8.595114200401039,492.46376811594075
65.9869589805603,-1.4358936695291415,0.5381919896118575,8.590055275032938,492.17391304347694
66.04669213294983,-1.4384643898356355,0.5410441607538925,8.584996349664838,491.88405797101314
66.08677363395691,-1.4411343099020733,0.54403162162313,8.581623732752771,491.6908212560373
66.14674019813538,-1.4438970613962163,0.5471599203994117,8.573192190472605,491.2077294685977
66.18696975708008,-1.4465264374915692,0.5501831268024842,8.566446956648473,490.821256038646
66.24664545059204,-1.4491404858302142,0.5532195962802857,8.563074339736406,490.6280193236701
66.2866952419281,-1.451207913195056,0.5556252119652162,8.56476064819244,490.7246376811581
66.34662508964539,-1.4541342902927314,0.5590536074932354,8.556329105912274,490.24154589371847
66.38670539855957,-1.4566073741276226,0.5619908407940263,8.551270180544174,489.95169082125466
66.4466438293457,-1.459070537753501,0.5649363981385416,8.54958387208814,489.8550724637667
66.48668456077576,-1.4618352826968706,0.56828253454533,8.539466021351942,489.2753623188392
66.54667258262634,-1.4641603288206233,0.5711256793021704,8.539466021351942,489.2753623188392
66.5866801738739,-1.4664805772218112,0.573972740759658,8.536093404439875,489.0821256038633
66.64665675163269,-1.468791210397709,0.57682761131931,8.53272078752781,488.88888888888755
66.68669533729553,-1.4714032299403672,0.5800828229807613,8.527661862159711,488.5990338164238
66.7466185092926,-1.4742004333148429,0.5836173996309648,8.519230319879545,488.1159420289842
66.7867443561554,-1.4767627503221044,0.586911876919758,8.51079877759938,487.63285024154465
66.84663367271423,-1.4790995842387984,0.5899586277076407,8.50573985223128,487.3429951690808
66.88667702674866,-1.481322510902495,0.5928823083731292,8.502367235319213,487.1497584541049
66.94663882255554,-1.4838345351955973,0.5962152924719419,8.497308309951112,486.8599033816411
66.98571610450745,-1.4863240207560513,0.5995651448114291,8.488876767670947,486.3768115942015
67.0466742515564,-1.4888865746704687,0.6030685375799363,8.482131533846815,485.99033816424986
67.08681392669678,-1.4911351184502828,0.6061810179393822,8.477072608478714,485.70048309178605
67.14682006835938,-1.493373152258029,0.6093010640597238,8.47538630002268,485.6038647342981
67.18674492835999,-1.4957943461483412,0.612700603616427,8.47032737465458,485.3140096618343
67.24667835235596,-1.4983844111072044,0.6163896607213267,8.461895832374415,484.8309178743947
67.28706359863281,-1.5008515190004326,0.619960910096251,8.455150598550281,484.4444444444429
67.34665966033936,-1.50310656180619,0.6232727339971543,8.448405364726149,484.0579710144913
67.38665771484375,-1.5049811075107695,0.6260357522371901,8.451777981638214,484.25120772946707
67.44668197631836,-1.5070431077858069,0.6290750723012298,8.448405364726149,484.0579710144913
67.4866783618927,-1.5092813675367973,0.6323982618675186,8.445032747814082,483.8647342995154
67.54667663574219,-1.5116818102915976,0.6360146575919451,8.434914897077883,483.28502415458786
67.58671069145203,-1.5137863605503667,0.6392262539747416,8.43322858862185,483.1884057970999
67.64663600921631,-1.516056225953765,0.6427286474567098,8.424797046341684,482.70531400966036
67.68666577339172,-1.518122720277561,0.6459648619624859,8.419738120973584,482.4154589371965
67.74673390388489,-1.5202648067411089,0.6493508420553211,8.416365504061517,482.22222222222064
67.78670907020569,-1.5223039416547308,0.6526043650568882,8.411306578693418,481.93236714975694
67.84666156768799,-1.5244174032812459,0.6560082856728309,8.407933961781353,481.73913043478115
67.88666677474976,-1.5265136177562937,0.6594228545300944,8.40118872795722,481.3526570048294
67.94666934013367,-1.5286761438236252,0.6629925225903195,8.396129802589119,481.0628019323656
67.98698210716248,-1.5306545805185725,0.6662833084177113,8.394443494133085,480.9661835748776
68.04664993286133,-1.5325390301708723,0.6694357933255064,8.391070877221019,480.77294685990177
68.08625221252441,-1.5345831830776056,0.6728817815002229,8.387698260308952,480.57971014492585
68.14603590965271,-1.5367787680562388,0.6766260905227695,8.38095302648482,480.1932367149742
68.18674063682556,-1.5387879509338582,0.6800925843956434,8.377580409572754,479.99999999999847
68.24667739868164,-1.5407795714423096,0.6835691981729719,8.37083517574862,479.6135265700467
68.28675246238708,-1.5427535786107034,0.6870558428789212,8.367462558836554,479.4202898550708
68.34671878814697,-1.5450222080949145,0.6911428681289401,8.353972091188288,478.6473429951674
68.38673090934753,-1.547090287242072,0.6949590824960606,8.347226857364156,478.2608695652157
68.44672584533691,-1.5490571330658998,0.6986401919154295,8.342167931996055,477.9710144927519
68.48663902282715,-1.5508494754807556,0.7020359233220024,8.337109006627955,477.6811594202881
68.5466935634613,-1.5526303552226222,0.7054376802890246,8.335422698171921,477.58454106280016
68.5867600440979,-1.5544054960235822,0.7088424355305134,8.333736389715888,477.4879227053122
68.64597153663635,-1.556242822701915,0.7124030009748609,8.326991155891754,477.10144927536044
68.6868245601654,-1.5583512701475981,0.7165749195382699,8.316873305155555,476.52173913043293
68.74668312072754,-1.5601991844674297,0.7203171463778184,8.30844176287539,476.03864734299333
68.78673005104065,-1.5616699385435395,0.7233146576523485,8.311814379787457,476.23188405796924
68.84670448303223,-1.5632877680272603,0.7266119200543317,8.30844176287539,476.03864734299333
68.88673210144043,-1.5649000350118878,0.7299119059264544,8.30844176287539,476.03864734299333
68.94672703742981,-1.566646720373529,0.7335178019113409,8.301696529051256,475.65217391304157
68.986745595932,-1.5685809018192969,0.7375892292960782,8.29326498677109,475.16908212560196
69.04666185379028,-1.5704070046406433,0.7415269687415718,8.283147136034891,474.58937198067446
69.08674812316895,-1.5720619311841868,0.7451758882723191,8.276401902210758,474.2028985507227
69.14697122573853,-1.5736983770178932,0.7488331332244293,8.273029285298692,474.0096618357469
69.1867311000824,-1.5753163002607422,0.752498609999235,8.26628405147456,473.62318840579525
69.24643230438232,-1.5767823795686715,0.7558660902217142,8.262911434562493,473.4299516908194
69.28675556182861,-1.578369340045827,0.7595450781328577,8.259538817650427,473.2367149758435
69.3466866016388,-1.5798126717326584,0.7629223707212662,8.25616620073836,473.04347826086763
69.38675880432129,-1.5812446049183695,0.7663045118977379,8.252793583826293,472.8502415458917
69.4466769695282,-1.5827942613514803,0.7699993678551076,8.249420966914226,472.65700483091587
69.48674821853638,-1.5840804476563886,0.7730805877729965,8.249420966914226,472.65700483091587
69.54673361778259,-1.5857992476708231,0.7772475177369769,8.24098942463406,472.17391304347626
69.58670115470886,-1.5872394345901517,0.7808069200400427,8.235930499265962,471.88405797101257
69.64664793014526,-1.588667608841106,0.7843711592893899,8.234244190809928,471.7874396135246
69.68670058250427,-1.5902582584035958,0.7884097577373758,8.22412634007373,471.20772946859705
69.74594259262085,-1.5918640188102497,0.7926215402971435,8.212322180881497,470.5314009661816
69.78669238090515,-1.5932565778310748,0.7963784239764595,8.205576947057363,470.14492753622983
69.8466866016388,-1.5945637545689557,0.7999887940535597,8.197145404777197,469.6618357487903
69.88675427436829,-1.5958991380220127,0.8037663788163009,8.190400170953065,469.2753623188386
69.94667530059814,-1.5971057059552525,0.8072353131495515,8.187027554040998,469.0821256038627
69.98672676086426,-1.5984028006700317,0.8110262155364886,8.180282320216865,468.69565217391096
70.04664516448975,-1.5996243862967425,0.8146664369135876,8.175223394848764,468.40579710144715
70.08673334121704,-1.6008275407619146,0.8183127915933484,8.170164469480664,468.11594202898334
70.14689540863037,-1.6020122332736109,0.8219651862558139,8.165105544112565,467.8260869565196
70.1867048740387,-1.6032731348952662,0.8259437759748705,8.1566740018324,467.34299516908004
70.24673056602478,-1.6043620449974416,0.8294514228178846,8.153301384920333,467.14975845410413
70.28677082061768,-1.6056279511031442,0.8336032808581205,8.146556151096199,466.76328502415237
70.34668278694153,-1.6067260945979096,0.837282623731866,8.141497225728099,466.47342995168856
70.38672089576721,-1.6078118228567626,0.8409656492905075,8.139810917272065,466.3768115942006
70.44669270515442,-1.6087532337391297,0.8441690751042089,8.139810917272065,466.3768115942006
70.48677825927734,-1.609919864905747,0.8481763211377278,8.134751991903965,466.0869565217368
70.54674315452576,-1.6109682739245161,0.8518701432296859,8.1263204496238,465.6038647342972
70.58674430847168,-1.6121550794128472,0.8562185994554297,8.114516290431567,464.92753623188173
70.6469042301178,-1.6130892030066912,0.8597706023689072,8.107771056607435,464.5410628019301
70.68671727180481,-1.6140438527594805,0.8634897591237611,8.102712131239334,464.2512077294663
70.7468056678772,-1.6149419905180764,0.8670510313897517,8.09933951432727,464.0579710144905
70.7867443561554,-1.6159750129392836,0.8712668715352041,8.08922166359107,463.478260869563
70.8466944694519,-1.616902301224576,0.8751647596868,8.085849046679003,463.28502415458706
70.88674592971802,-1.6178783577159201,0.8793941517448183,8.075731195942804,462.70531400965956
70.94690680503845,-1.6188833583822422,0.8839592835930363,8.065613345206605,462.125603864732
70.986741065979,-1.6195574852581327,0.8870587667253798,8.070672270574704,462.4154589371957
71.04664158821106,-1.620437615830852,0.891138523976374,8.062240728294539,461.93236714975615
71.08696460723877,-1.6213207284490034,0.8953882952123802,8.055495494470406,461.5458937198045
71.14674139022827,-1.6220497764083182,0.8989879897353843,8.05212287755834,461.3526570048286
71.18685269355774,-1.6227727531386233,0.9025889085394347,8.05212287755834,461.3526570048286
71.24676775932312,-1.623399764022924,0.9056982653995342,8.053809186014373,461.44927536231654
71.2871425151825,-1.6241884659105295,0.9096265404584984,8.050436569102306,461.25603864734063
71.34669375419617,-1.6249347804041834,0.9133930372120134,8.048750260646273,461.15942028985273
71.3867518901825,-1.6256683877267788,0.9171620295725673,8.043691335278172,460.8695652173889
71.4467248916626,-1.6264725222623122,0.9214274499625743,8.036946101454038,460.48309178743716
71.48681855201721,-1.6272215086327453,0.9255333077863402,8.03188717608594,460.1932367149734
71.54679036140442,-1.6279239122254159,0.9294779275144504,8.028514559173875,459.99999999999767
71.58674168586731,-1.628529782864788,0.9329310133488151,8.026828250717841,459.9033816425097
71.64670372009277,-1.6292618783339141,0.9372093868340088,8.020083016893707,459.51690821255795
71.68683862686157,-1.6299650987378884,0.9414926011081445,8.013337783069574,459.1304347826062
71.74664950370789,-1.6305184949033804,0.9449544840777383,8.01165147461354,459.03381642511823
71.78673553466797,-1.6311409379898691,0.9489125088642291,8.008278857701475,458.8405797101425
71.84671330451965,-1.631743349844776,0.952873631882195,8.001533623877341,458.45410628019073
71.88673543930054,-1.6322771846169393,0.9565074084331068,7.998161006965275,458.2608695652149
71.94669675827026,-1.6328192641977508,0.9603086757014985,7.993102081597176,457.9710144927511
71.98678302764893,-1.6332878505750874,0.9636145217657158,7.996474698509242,458.164251207727
72.04679203033447,-1.633843463820162,0.9675824796193591,7.989729464685109,457.77777777777527
72.08674836158752,-1.6344163694920915,0.9718850628603666,7.982984230860976,457.39130434782356
72.14670729637146,-1.63488271194193,0.9755281160174594,7.97961161394891,457.1980676328477
72.18667006492615,-1.6353249248148443,0.9790059499390509,7.981297922404943,457.29468599033567
72.24670195579529,-1.6356730167399505,0.9816542842275058,7.988043156229076,457.6811594202874
72.28685998916626,-1.636119293921816,0.9849632157877339,7.988043156229076,457.6811594202874
72.34667181968689,-1.636610198821868,0.9886030405039848,7.988043156229076,457.6811594202874
72.38672232627869,-1.6371390348267258,0.9925746558033766,7.98467053931701,457.4879227053115
72.44666147232056,-1.6376297857633542,0.9963828898607676,7.979611613948911,457.19806763284777
72.48672986030579,-1.6381251165250577,1.0003588228384348,7.976238997036845,457.0048309178719
72.54670715332031,-1.638590169063205,1.0041702804670118,7.974552688580811,456.908212560384
72.58671832084656,-1.6389917679559085,1.007484931236355,7.974552688580811,456.908212560384
72.64667677879333,-1.6394669785167855,1.011463319167317,7.971180071668745,456.71497584540816
72.68669557571411,-1.639944514365376,1.0156095232825755,7.966121146300646,456.4251207729444
72.74667716026306,-1.6403645444963333,1.019426204800172,7.961062220932546,456.13526570048066
72.78668999671936,-1.6407860431296801,1.023410641336055,7.95768960402048,455.9420289855048
72.84674453735352,-1.6411873794882985,1.0273971592067845,7.950944370196347,455.5555555555531
72.8867518901825,-1.6415558841418365,1.0312191596565488,7.949258061740314,455.45893719806514
72.94666790962219,-1.6419114965806725,1.0350423811922465,7.944199136372214,455.1690821256014
72.98700451850891,-1.642287978183905,1.039366581124853,7.937453902548081,454.7826086956497
73.04669547080994,-1.6426085678948432,1.0433604035850572,7.930708668723948,454.396135265698
73.08678865432739,-1.6428839173694136,1.0470228473392713,7.927336051811882,454.2028985507221
73.14683890342712,-1.6431801275203513,1.0513532864626405,7.917218201075683,453.6231884057946
73.18676018714905,-1.6434333399101795,1.0555192116345218,7.912159275707584,453.33333333333087
73.246755361557,-1.6436533679443324,1.0593526266631699,7.91047296725155,453.2367149758429
73.28670740127563,-1.6438545539846539,1.063019892097128,7.907100350339484,453.04347826086706
73.34673976898193,-1.6440537879368833,1.0670216044104601,7.900355116515351,452.65700483091535
73.38668036460876,-1.6442192601876093,1.0705235324430422,7.902041424971385,452.7536231884033
73.44668984413147,-1.6444049967897019,1.0745258939360904,7.898668808059319,452.5603864734275
73.4870936870575,-1.644584274008624,1.0788627479956017,7.891923574235186,452.1739130434758
73.54666876792908,-1.6447266904471953,1.0826998303084665,7.890237265779152,452.07729468598785
73.58670258522034,-1.6448719229370985,1.0867038661637345,7.890237265779152,452.07729468598785
73.64667558670044,-1.6449949163288347,1.0898734269153318,7.895296191147252,452.3671497584516
73.68673706054688,-1.6451502729416143,1.0937100070905061,7.893609882691218,452.27053140096365
73.7467532157898,-1.6453050734183223,1.0978807487349247,7.888550957323119,451.9806763284999
73.7857837677002,-1.6454258237279338,1.1015515430561387,7.885178340411053,451.7874396135241
73.84673810005188,-1.645538130984634,1.105055579027877,7.886864648867086,451.884057971012
73.88676261901855,-1.6456588812942454,1.108726373349091,7.886864648867086,451.884057971012
73.94669103622437,-1.6457818844801553,1.1125641270324238,7.885178340411053,451.7874396135241
73.98669505119324,-1.6458919437180732,1.1164022737312653,7.880119415042953,451.4975845410603
74.04714441299438,-1.645987931102477,1.1200737990284628,7.880119415042953,451.4975845410603
74.08678865432739,-1.6460808207107933,1.1234113974036415,7.8834920319550195,451.69082125603614
74.1467273235321,-1.646192288240773,1.127416515453856,7.880119415042953,451.4975845410603
74.18677139282227,-1.646290247433543,1.1314219866624586,7.876746798130887,451.3043478260845
74.24683618545532,-1.6463679420793187,1.135427902181839,7.8700015643067545,450.9178743961328
74.28678607940674,-1.6464253701896863,1.1394341594899173,7.866628947394688,450.72463768115693
74.34686040878296,-1.64647069385465,1.1432736163373205,7.864942638938655,450.62801932366904
74.38674521446228,-1.6465095429496914,1.147113144155359,7.8632563304826215,450.5314009661811
74.44674682617188,-1.6465436063794767,1.15078576600748,7.8632563304826215,450.5314009661811
74.48678731918335,-1.646575980794124,1.154625353877936,7.861570022026588,450.4347826086931
74.54673886299133,-1.646599628335545,1.1586319529844324,7.858197405114522,450.24154589371733
74.58670997619629,-1.646608918485133,1.1623047210521233,7.854824788202456,450.0483091787415
74.64682102203369,-1.6466120152045973,1.1659774995638574,7.854824788202456,450.0483091787415
74.6866865158081,-1.6466086369651816,1.169984167031204,7.85145217129039,449.8550724637656
74.74669051170349,-1.6465892121690946,1.17382384225119,7.8463932459222905,449.56521739130187
74.78678822517395,-1.6465520520638743,1.1778303388171403,7.8430206290102245,449.3719806763261
74.84706521034241,-1.6465117955121706,1.18150289800604,7.8430206290102245,449.3719806763261
74.88652276992798,-1.6464664718472073,1.1853423548534434,7.841334320554191,449.2753623188381
74.94616603851318,-1.6464191779243365,1.1888478711201302,7.8396480120981575,449.17874396135016
74.98674368858337,-1.646360342764172,1.1925201796597078,7.8362753951860915,448.98550724637437
75.04669857025146,-1.6462891222924685,1.1963592434468944,7.834589086730058,448.8888888888864
75.08669948577881,-1.6462049545589053,1.2001980452013883,7.829530161361959,448.59903381642266
75.1466691493988,-1.646107840520851,1.2040365412586076,7.827843852905925,448.5024154589347
75.18668508529663,-1.6459977812829327,1.2078746879574487,7.822784927537826,448.21256038647095
75.24673461914062,-1.6458992635889929,1.2112121249467132,7.826157544449892,448.40579710144675
75.28681468963623,-1.6457908941256594,1.2148833056349035,7.822784927537826,448.21256038647095
75.34661984443665,-1.6456999756247703,1.2180539485600328,7.827843852905925,448.5024154589347
75.38673138618469,-1.6455817543920428,1.22205887294715,7.821098619081792,448.115942028983
75.44596695899963,-1.6454635384123344,1.225562714552201,7.819412310625759,448.01932367149504
75.48671126365662,-1.6453275926775373,1.2294000315673652,7.817726002169725,447.9227053140071
75.546719789505,-1.645185176238966,1.2332371138802298,7.816039693713692,447.8260869565192
75.58667945861816,-1.645049236174415,1.23674031260568,7.814353385257658,447.72946859903124
75.64674830436707,-1.6448733382978755,1.2409102177591698,7.809294459889559,447.4396135265675
75.68670511245728,-1.644713771610476,1.244412419849772,7.807608151433525,447.34299516907953
75.74666714668274,-1.6445373265222059,1.24808095889369,7.804235534521459,447.1497584541037
75.78672122955322,-1.6443366941814208,1.2519154379693285,7.79917660915336,446.8599033816399
75.84671664237976,-1.644147604550729,1.2554161701959785,7.800862917609393,446.9565217391279
75.88669967651367,-1.6439340411465304,1.259249950809168,7.795803992241294,446.6666666666641
75.94670510292053,-1.6437455230628462,1.2625835153166363,7.79917660915336,446.8599033816399
75.98667025566101,-1.643485835288717,1.2669162979923185,7.789058758417161,446.2801932367124
76.04666924476624,-1.643225893520925,1.2709145258352197,7.789058758417161,446.2801932367124
76.08677840232849,-1.6429445869651316,1.2750786482726295,7.783999833049061,445.9903381642486
76.14679479598999,-1.6426664076223236,1.2789082826378024,7.778940907680962,445.70048309178486
76.18669891357422,-1.6423263986437902,1.2832355031486202,7.772195673856829,445.31400966183315
76.24665021896362,-1.6420699326815953,1.2863970641464049,7.773881982312862,445.4106280193211
76.28673601150513,-1.6417923632661426,1.2898918940751354,7.775568290768895,445.507246376809
76.34666323661804,-1.64151479385069,1.2933867240038661,7.773881982312862,445.4106280193211
76.3867073059082,-1.6412209199489967,1.2970477279257198,7.773881982312862,445.4106280193211
76.44665598869324,-1.6409374575697289,1.300542084818008,7.772195673856829,445.31400966183315
76.48667216300964,-1.6406481030327102,1.3040359587371777,7.770509365400796,445.21739130434526
76.5457193851471,-1.6403697217866293,1.3073632241722093,7.770509365400796,445.21739130434526
76.5867087841034,-1.6400289318144865,1.3113553736936179,7.7671367484887295,445.0241545893694
76.64671206474304,-1.6396564142283916,1.3155123292743434,7.76207782312063,444.73429951690565
76.68701124191284,-1.6392162564739658,1.3199982895913278,7.750273663928398,444.05797101449014
76.74673342704773,-1.6388958709808708,1.32315401389302,7.755332589296497,444.34782608695394
76.78671526908875,-1.6385144783041992,1.3269747497833766,7.753646280840464,444.251207729466
76.84682893753052,-1.638160368022358,1.330462655590511,7.75195997238443,444.15458937197803
76.88675951957703,-1.6378003765617284,1.3339499592995985,7.750273663928397,444.0579710144901
76.94669580459595,-1.6374201624341989,1.3376030058094524,7.750273663928397,444.0579710144901
76.98673176765442,-1.6370542908184653,1.3410896975038733,7.748587355472364,443.96135265700224
77.04666709899902,-1.6366260737985738,1.3450734175982406,7.745214738560297,443.7681159420263
77.08670258522034,-1.636199608165556,1.3488893853891857,7.740155813192198,443.4782608695626
77.14670133590698,-1.6358043517147007,1.3523728683228606,7.741842121648231,443.57487922705053
77.18667721748352,-1.6353933506508174,1.356022579230784,7.741842121648231,443.57487922705053
77.24664425849915,-1.634998094199962,1.359506062164459,7.740155813192198,443.4782608695626
77.28679823875427,-1.634602837749107,1.3629895450981335,7.741842121648231,443.57487922705053
77.34672713279724,-1.6342193319773632,1.366474341266374,7.746901047016331,443.8647342995143
77.38670182228088,-1.6337843977886206,1.370457333590978,7.743528430104265,443.67149758453843
77.44666504859924,-1.6333068619400306,1.3746035377062369,7.735096887824099,443.1884057970988
77.48671841621399,-1.632848237353286,1.378415774137272,7.733410579368066,443.0917874396109
77.5466423034668,-1.632406478571312,1.3820618899835493,7.733410579368066,443.0917874396109
77.58667492866516,-1.631795803651574,1.3868646130181288,7.721606420175833,442.41545893719547
77.64670062065125,-1.6313360024101593,1.3903401653238114,7.723292728631867,442.51207729468337
77.68668532371521,-1.6308512360723728,1.3939808126815865,7.7199201117198,442.3188405797075
77.74660420417786,-1.630334809065453,1.3977856499007326,7.718233803263766,442.22222222221956
77.78674507141113,-1.629811966666663,1.4015896108552781,7.716547494807734,442.12560386473166
77.84700894355774,-1.6293287326500698,1.405061982652242,7.7148611863517,442.02898550724376
77.88673782348633,-1.628845498633477,1.4085343544492064,7.716547494807734,442.12560386473166
77.94668436050415,-1.6283361864921588,1.4121716491483796,7.713174877895667,441.9323671497558
77.9870913028717,-1.627767194030611,1.416137710568112,7.709802260983601,441.73913043477995
78.04670071601868,-1.6271848288246153,1.4201018304418347,7.706429644071534,441.5458937198041
78.08670902252197,-1.6265322159817996,1.4243930470446309,7.699684410247401,441.1594202898524
78.14668154716492,-1.625782681195695,1.4290070098463166,7.686193942599136,440.38647342994904
78.1865975856781,-1.6250752749099595,1.4331202355146917,7.681135017231036,440.0966183574852
78.24664831161499,-1.6244053257152269,1.4369010623018048,7.676076091862937,439.8067632850215
78.28674530982971,-1.6236227798210439,1.44117049614931,7.669330858038804,439.42028985506977
78.34685802459717,-1.6227335616397316,1.4457595860543941,7.655840390390538,438.64734299516635
78.38678216934204,-1.6219016493698812,1.4498494480358495,7.650781465022439,438.3574879227026
78.44673275947571,-1.6210798544920648,1.4537709335688058,7.6440362311983066,437.97101449275095
78.48674511909485,-1.6202382317121877,1.4576882115398953,7.64066361428624,437.77777777777504
78.54666757583618,-1.6194158575127413,1.461438835993738,7.63560468891814,437.4879227053113
78.58669805526733,-1.6186141214423595,1.4650230417438834,7.632232072006074,437.2946859903355
78.64660930633545,-1.6178063424383005,1.4686058904242674,7.632232072006074,437.2946859903355
78.68673658370972,-1.6169523742963738,1.472349447760579,7.627173146637975,437.0048309178717
78.74662709236145,-1.6161204466996362,1.4759267663177829,7.623800529725909,436.8115942028959
78.7866792678833,-1.615276458932099,1.4795012587620568,7.620427912813842,436.61835748792
78.84667110443115,-1.614384658392436,1.4832359843095546,7.618741604357808,436.5217391304321
78.88673067092896,-1.6135646566303747,1.4866445731849345,7.617055295901775,436.4251207729441
78.94661164283752,-1.6126110974723378,1.490536117934583,7.610310062077642,436.0386473429924
78.98673796653748,-1.6118109973523724,1.4937777272866426,7.613682678989709,436.2318840579683
79.04674768447876,-1.6107637624194213,1.4979900594732032,7.606937445165577,435.8454106280166
79.08671402931213,-1.609821661363171,1.5017124147380174,7.605251136709543,435.74879227052867
79.14673590660095,-1.6088287776159529,1.5055941124942704,7.601878519797477,435.55555555555287
79.1867048740387,-1.6079514158421602,1.5089883896380867,7.600192211341444,435.4589371980649
79.2466344833374,-1.606938907664727,1.5128650148194813,7.596819594429377,435.26570048308906
79.28674912452698,-1.606004784070883,1.516417017732959,7.596819594429377,435.26570048308906
79.3466386795044,-1.605018810395471,1.5201279932151022,7.591760669061277,434.97584541062525
79.38710165023804,-1.6039736526660424,1.52399594369656,7.588388052149211,434.78260869564946
79.44665551185608,-1.60296267021302,1.5277001841851567,7.586701743693178,434.6859903381615
79.48700761795044,-1.6018979582684318,1.5315627978186233,7.583329126781112,434.4927536231857
79.5467517375946,-1.6008620130354854,1.5352601347781138,7.578270201413012,434.2028985507219
79.58700656890869,-1.5997582749067947,1.5391117782909105,7.57152496758888,433.81642512077025
79.64666867256165,-1.5987286665661826,1.5426372879350425,7.568152350676813,433.6231884057944
79.68674898147583,-1.597541778056025,1.5466385808156666,7.563093425308714,433.33333333333064
79.74669885635376,-1.5963279270949822,1.550631776891049,7.554661883028548,432.85024154589104
79.78674793243408,-1.5950340447464606,1.55477500171272,7.547916649204415,432.46376811593933
79.84658336639404,-1.5938740152545374,1.5584353042542518,7.546230340748382,432.3671497584514
79.88671660423279,-1.5925930024651955,1.5624074642819465,7.537798798468216,431.88405797101177
79.94661808013916,-1.5911733875078617,1.5666855797767942,7.529367256188051,431.40096618357217
79.98670601844788,-1.5898890854072707,1.5704808351991355,7.525994639275984,431.2077294685963
80.046635389328,-1.5885346160648566,1.5744285512290113,7.5209357139078845,430.91787439613256
80.08671164512634,-1.5872701467891632,1.5780540995418186,7.515876788539785,430.62801932366875
80.14664006233215,-1.58587580505523,1.5819879094229758,7.5108178631716855,430.338164251205
80.18670558929443,-1.5846989874284982,1.5852903299420131,7.512504171627718,430.4347826086929
80.2466242313385,-1.5831113482591714,1.5896869032666543,7.502386320891519,429.85507246376534
80.28671455383301,-1.5818464577132445,1.5931349988994277,7.502386320891519,429.85507246376534
80.34656620025635,-1.5803991755321498,1.5970496410721375,7.49732739552342,429.5652173913016
80.38681364059448,-1.5788699997083742,1.6011119144202406,7.490582161699288,429.17874396134994
80.44666147232056,-1.5772500437319459,1.6053182574220382,7.482150619419121,428.6956521739103
80.4867594242096,-1.5756593941694559,1.6093568558700246,7.475405385594989,428.3091787439586
80.54666018486023,-1.5743663919045412,1.6126155405976517,7.477091694051023,428.4057971014466
80.58676719665527,-1.572820563843222,1.6164923259485469,7.472032768682923,428.11594202898283
80.64660882949829,-1.5713863812189341,1.6200541517890208,7.4703464602268905,428.01932367149493
80.6867504119873,-1.5698144386982789,1.6239204220542542,7.465287534858791,427.7294685990312
80.74664282798767,-1.5682834940158965,1.6276230702938088,7.458542301034658,427.3429951690795
80.78673005104065,-1.5668686890804973,1.6310124122034866,7.458542301034658,427.3429951690795
80.84657621383667,-1.5653865877208233,1.6345545667282537,7.456855992578625,427.2463768115915
80.88673329353333,-1.5637626320271543,1.6383992795858124,7.451797067210525,426.95652173912777
80.94664478302002,-1.5620501481855755,1.6423877432683667,7.445051833386392,426.57004830917606
80.98671627044678,-1.5605840688776462,1.645755223490846,7.441679216474326,426.3768115942002
81.04669046401978,-1.5588313186978933,1.6497261566635522,7.434933982650193,425.9903381642485
81.08673167228699,-1.557194872864187,1.6533834016156628,7.431561365738126,425.79710144927265
81.1467273235321,-1.5556891463459712,1.6567333417999452,7.431561365738126,425.79710144927265
81.18672060966492,-1.5541777729388417,1.6600807381030664,7.428188748826059,425.60386473429674
81.24671626091003,-1.5527270207015906,1.663272320619195,7.426502440370026,425.5072463768088
81.28672218322754,-1.551204366426064,1.6666146006109293,7.426502440370026,425.5072463768088
81.34668374061584,-1.5496760782031331,1.6699543081869872,7.423129823457959,425.3140096618329
81.38671016693115,-1.5479965766787176,1.6735919819266014,7.419757206545892,425.1207729468571
81.44672846794128,-1.546304816249359,1.6772239706732865,7.416384589633825,424.92753623188116
81.4867491722107,-1.5446688866399154,1.6806977607404354,7.411325664265726,424.6376811594174
81.54667782783508,-1.5432437927543667,1.6837172472548445,7.414698281177792,424.8309178743932
81.58669209480286,-1.5416761894802633,1.6870386824206949,7.411325664265726,424.6376811594174
81.64670515060425,-1.5401718261335555,1.6902053481643795,7.409639355809692,424.54106280192946
81.68647837638855,-1.538741642491002,1.6932224272388985,7.413011972721758,424.7342995169053
81.74669933319092,-1.5369507337449206,1.6969922674099513,7.407953047353659,424.4444444444415
81.78671264648438,-1.5352855732242008,1.7004521407541524,7.402894121985559,424.15458937197775
81.84670042991638,-1.5336087533684608,1.7039063784832433,7.401207813529527,424.05797101448985
81.88674306869507,-1.532002053467627,1.7072090784415481,7.401207813529527,424.05797101448985
81.94668197631836,-1.5302432167571247,1.710809063029318,7.397835196617461,423.86473429951405
81.9867160320282,-1.5285489437021964,1.7142547736865004,7.396148888161427,423.7681159420261
82.04674649238586,-1.5268488625279517,1.7176976223788856,7.394462579705395,423.6714975845382
82.0867567062378,-1.5250657832755603,1.7212856613956862,7.391089962793328,423.47826086956235
82.14678001403809,-1.5232706131058882,1.724867666374509,7.387717345881261,423.28502415458644
82.18680453300476,-1.5213062392045353,1.7287382837193788,7.380972112057129,422.8985507246348
82.24665355682373,-1.5193158019696753,1.7325955629507555,7.374226878232996,422.5120772946831
82.28675270080566,-1.5175406611687152,1.7360003181922437,7.372540569776962,422.4154589371952
82.34672784805298,-1.5156793596233853,1.7395484095331966,7.369167952864896,422.22222222221933
82.38672685623169,-1.5136435301781463,1.7433819251422198,7.362422719040763,421.8357487922676
82.44677734375,-1.5115818892829282,1.74720162150108,7.355677485216631,421.449275362316
82.48684453964233,-1.509494530738282,1.7510073248212057,7.348932251392499,421.0628019323643
82.54669046401978,-1.5075499911803871,1.7545104893212222,7.345559634480432,420.8695652173884
82.58680438995361,-1.5054242345960516,1.758294878624515,7.3388144006563,420.48309178743676
82.64666533470154,-1.503614728025024,1.7614909696049688,7.3388144006563,420.48309178743676
82.68676543235779,-1.5013774534858537,1.7654040478626476,7.330382858376134,419.99999999999716
82.74674201011658,-1.4992815108274526,1.7690132130604146,7.325323933008034,419.71014492753335
82.78670001029968,-1.4973420560244661,1.7723271228637811,7.323637624552001,419.61352657004545
82.8468120098114,-1.4951338554367173,1.7760640057384494,7.316892390727869,419.22705314009374
82.88673567771912,-1.4930780921796631,1.779503080183317,7.313519773815802,419.0338164251179
82.94672107696533,-1.490921588745632,1.7830763898523894,7.3084608484477025,418.74396135265414
82.98669004440308,-1.488831135264628,1.7864944887172778,7.30171561462357,418.3574879227025
83.0466833114624,-1.4867234167004681,1.7899019684399888,7.2983429977115035,418.1642512077266
83.0866436958313,-1.484695266249848,1.79316235014576,7.296656689255471,418.0676328502387
83.14670777320862,-1.4824788152567812,1.796698788190942,7.2915977638873715,417.77777777777493
83.18671107292175,-1.4803367287932332,1.8000847682837773,7.288225146975305,417.58454106279913
83.24669170379639,-1.4782756946609157,1.8033244629334468,7.286538838519273,417.48792270531123
83.28671360015869,-1.476296438627387,1.806418304742536,7.283166221607206,417.2946859903353
83.34576797485352,-1.473844983991717,1.8102008897030613,7.27473467932704,416.8115942028957
83.38670635223389,-1.4716517579326396,1.8135539711306705,7.27473467932704,416.8115942028957
83.44664907455444,-1.4695472076738707,1.816765567513467,7.273048370871008,416.7149758454079
83.48676896095276,-1.4673370467637095,1.820107510714299,7.266303137046876,416.3285024154562
83.54667019844055,-1.4649244209666088,1.8237157901128336,7.26293052013481,416.1352657004804
83.5866630077362,-1.4625841517315727,1.8271715373489057,7.254498977854643,415.6521739130407
83.64672255516052,-1.4602264301506198,1.830615401167175,7.252812669398611,415.5555555555528
83.68674302101135,-1.458046653005985,1.8337764223182282,7.247753744030511,415.26570048308906
83.74663043022156,-1.4557582176564476,1.8370652609061462,7.244381127118444,415.0724637681132
83.78661704063416,-1.4532610866738394,1.8406155820621015,7.237635893294312,414.68599033816156
83.84667825698853,-1.4508341635564395,1.844011033907483,7.229204351014147,414.20289855072195
83.88669896125793,-1.4479792260948754,1.8479210728452728,7.217400191821915,413.5265700483065
83.9466438293457,-1.445284484720166,1.8515343743463615,7.208968649541749,413.0434782608669
83.98666405677795,-1.4427612338563875,1.8548588674100508,7.200537107261583,412.5603864734273
84.04670596122742,-1.4404243999396933,1.8579056181979332,7.19885079880555,412.46376811593933
84.08662819862366,-1.437867642077857,1.8612044116573687,7.190419256525384,411.9806763284997
84.14672088623047,-1.4352886914152236,1.8644858842737069,7.185360331157285,411.690821256036
84.18672251701355,-1.4329008145647153,1.8674927975189606,7.180301405789185,411.4009661835722
84.24660849571228,-1.4302887950220573,1.8707480091804118,7.175242480421086,411.11111111110847
84.28675723075867,-1.4278756504334427,1.873734682298133,7.173556171965053,411.0144927536206
84.34665751457214,-1.4253444703594196,1.8768405675244832,7.16681093814092,410.62801932366887
84.38670682907104,-1.4226887755018196,1.880060246681696,7.161752012772821,410.33816425120506
84.44658493995667,-1.4203398402112,1.8828836868858458,7.158379395860755,410.14492753622926
84.48678159713745,-1.4176570932116217,1.8860808602606145,7.153320470492655,409.8550724637655
84.54662108421326,-1.4148418850567095,1.8893846530052096,7.143202619756456,409.27536231883795
84.58698320388794,-1.4119989212308934,1.8926645920503484,7.136457385932324,408.8888888888863
84.64657521247864,-1.4092414489390586,1.8957975452277578,7.128025843652159,408.4057971014467
84.68672466278076,-1.4064629070354768,1.898911827479275,7.122966918284059,408.11594202898294
84.74663043022156,-1.4041201223711022,1.9015199381033698,7.121280609828027,408.01932367149504
84.78665041923523,-1.4010910452576286,1.9048579420960234,7.11284906754786,407.5362318840554
84.84669399261475,-1.3981498484827322,1.9080500894901868,7.1061038337237274,407.1497584541037
84.88669061660767,-1.3949592899626864,1.9114663435002228,7.099358599899595,406.763285024152
84.94658613204956,-1.3922048363666462,1.9143760481233165,7.0926133660754624,406.3768115942003
84.98668932914734,-1.3894356981017737,1.9172717809971176,7.089240749163396,406.1835748792245
85.04659461975098,-1.3866568094065816,1.9201581581772738,7.0858681322513295,405.9903381642486
85.08694434165955,-1.383986719491588,1.9229175245834484,7.084181823795296,405.8937198067607
85.14676761627197,-1.3809552336536963,1.9260240559400241,7.077436589971164,405.507246376809
85.18675589561462,-1.378142468094404,1.9288774303484835,7.074063973059097,405.31400966183315
85.24663829803467,-1.3749538391049485,1.9320633719647011,7.062259813866865,404.6376811594177
85.28674554824829,-1.3718549857085705,1.9351027059513632,7.055514580042733,404.25120772946605
85.34661436080933,-1.3686130878167295,1.9382344270234286,7.047083037762567,403.76811594202644
85.3865098953247,-1.3653449002331661,1.9413387029024356,7.038651495482401,403.2850241545868
85.44661450386047,-1.3624236093551458,1.9440808654089963,7.035278878570334,403.0917874396109
85.48672842979431,-1.3601090911801395,1.9462497933354252,7.036965187026366,403.18840579709877
85.54682230949402,-1.357554985627892,1.9486513398869465,7.0386514954824,403.2850241545867
85.58681297302246,-1.3545095669765677,1.9515051924217215,7.0335925701143,402.99516908212297
85.64673018455505,-1.3513248694339228,1.9544544541965723,7.026847336290167,402.60869565217126
85.68682813644409,-1.3483668524461903,1.9571569587953987,7.020102102466035,402.2222222222196
85.74683785438538,-1.34539520159948,1.9598444644887212,7.016729485553968,402.0289855072437
85.78678059577942,-1.3425408639578231,1.9624127790615677,7.015043177097935,401.9323671497558
85.8467423915863,-1.3396821994059855,1.96497627669132,7.013356868641901,401.83574879226785
85.88681674003601,-1.3368192160729664,1.9675349500883228,7.011670560185869,401.73913043477995
85.94664096832275,-1.3334431703748606,1.9705215692904712,7.0032390179057025,401.2560386473403
85.98605513572693,-1.3301704329857802,1.9733728204959666,6.9964937840815695,400.8695652173886
86.04661512374878,-1.3271361686329533,1.975989428117212,6.9931211671695035,400.6763285024128
86.0866448879242,-1.3238347507170831,1.9788074208779365,6.9863759333453705,400.2898550724611
86.14669680595398,-1.3205144000292328,1.9816030808652054,6.979630699521238,399.9033816425094
86.18666410446167,-1.31730594525179,1.9842723255136367,6.974571774153138,399.6135265700456
86.2466504573822,-1.3143417814527718,1.9867130664032575,6.969512848785039,399.3236714975818
86.28670167922974,-1.3111109351381804,1.9893551642711584,6.967826540329006,399.227053140094
86.34665513038635,-1.308265831019711,1.9916778123592245,6.967826540329006,399.227053140094
86.38672113418579,-1.3052852714093028,1.9940985038981198,6.962767614960907,398.93719806763016
86.44659209251404,-1.3020322632399914,1.996713267157474,6.957708689592807,398.6473429951664
86.48677802085876,-1.298766068861503,1.999311540302085,6.952649764224708,398.35748792270266
86.54684710502625,-1.2960151202979737,2.001484824225543,6.950963455768675,398.26086956521476
86.58672094345093,-1.2923301503381326,2.0043608373559008,6.940845605032476,397.6811594202872
86.64664888381958,-1.2890163242337138,2.0068980810575874,6.93241406275231,397.1980676328476
86.68701720237732,-1.2858207306521616,2.0093150165693325,6.929041445840243,397.0048309178717
86.74672651290894,-1.2824814031509266,2.0118186021763313,6.923982520472143,396.71497584540793
86.7867591381073,-1.2791252644738025,2.014299606455245,6.915550978191977,396.2318840579683
86.8466866016388,-1.275889370180459,2.016662313319987,6.912178361279911,396.0386473429925
86.88677525520325,-1.2725083012846647,2.019109234277838,6.907119435911811,395.74879227052867
86.94668292999268,-1.2692486675130983,2.0214390804705418,6.900374202087679,395.362318840577
86.98681592941284,-1.2662534840242419,2.023564683315385,6.900374202087679,395.362318840577
87.0467324256897,-1.2627010586639684,2.026058819942439,6.89025635135148,394.7826086956495
87.08676981925964,-1.2591277304062558,2.0285229158450693,6.883511117527347,394.3961352656978
87.14648842811584,-1.2556779138428145,2.030871918767733,6.878452192159248,394.106280193234
87.18680024147034,-1.252773429701897,2.0328352966952608,6.876765883703214,394.0096618357461
87.2466413974762,-1.2493078471645278,2.035160976537534,6.871706958335115,393.7198067632823
87.28676915168762,-1.2463901857549493,2.0371047185240645,6.8700206498790815,393.6231884057944
87.34669899940491,-1.2433318722585502,2.0391384417460565,6.8700206498790815,393.6231884057944
87.38672280311584,-1.2404109372503593,2.0410772608941645,6.868334341423049,393.5265700483065
87.44669842720032,-1.237345782191076,2.043100658049563,6.864961724510983,393.33333333333064
87.48677182197571,-1.2341359614100944,2.0452079154310083,6.863275416054949,393.23671497584274
87.54670238494873,-1.230639320666308,2.0474866327370753,6.85821649068685,392.94685990337894
87.58674955368042,-1.2271311968550958,2.049747631714802,6.85315756531875,392.6570048309152
87.64629673957825,-1.2237506459163097,2.051898276026785,6.8464123314946175,392.2705314009635
87.68678832054138,-1.2203592583335288,2.054031790936447,6.843039714582551,392.0772946859876
87.74673771858215,-1.2169606945236486,2.056153855882806,6.8396670976704845,391.88405797101177
87.78675532341003,-1.2129790942767218,2.0586027974102006,6.8295492469342856,391.30434782608427
87.84671449661255,-1.2092628522208866,2.060845560981593,6.8228040131101535,390.91787439613256
87.8867700099945,-1.2061087795521528,2.0627273519333924,6.8194313961980875,390.72463768115676
87.94672584533691,-1.2023700361523353,2.0649324009680052,6.812686162373955,390.3381642512051
87.98673272132874,-1.1987626394401676,2.0670313859639298,6.807627237005856,390.04830917874136
88.04695963859558,-1.1952910745092207,2.0690317940564484,6.80425462009379,389.8550724637655
88.08696436882019,-1.1913723496734012,2.0712591634635005,6.795823077813624,389.3719806763259
88.14679288864136,-1.1880246206743341,2.0731396404419513,6.794136769357591,389.27536231883795
88.18672442436218,-1.1845263860162576,2.075093034893521,6.790764152445524,389.0821256038621
88.24671077728271,-1.1810215832149016,2.0770346200526113,6.787391535533458,388.88888888888624
88.28674268722534,-1.1778028630590258,2.0788035610194298,6.784018918621391,388.6956521739104
88.34680199623108,-1.173988393757866,2.0808748570883764,6.777273684797259,388.30917874395874
88.38670945167542,-1.1706063609793347,2.0826929157790173,6.7755873763412255,388.2125603864708
88.44667100906372,-1.1667745632509532,2.0847319767451227,6.7688421425170935,387.82608695651913
88.48643445968628,-1.1630753705183892,2.086664597292313,6.760410600236927,387.3429951690795
88.54663753509521,-1.159513257190087,2.088498921212106,6.75703798332486,387.1497584541036
88.58673930168152,-1.1559449776603286,2.0903212210787308,6.753665366412793,386.95652173912777
88.64667892456055,-1.1523705725166309,2.092131476164375,6.750292749500726,386.76328502415186
88.68675684928894,-1.1487870552059087,2.093923625513661,6.743547515676594,386.3768115942002
88.74675679206848,-1.1450432716199646,2.0957683839026355,6.738488590308495,386.08695652173645
88.78676319122314,-1.1409899580347722,2.0977402428718404,6.733429664940395,385.79710144927265
88.84674787521362,-1.1373796554147357,2.0994778016760693,6.730057048028328,385.6038647342968
88.88678097724915,-1.1333098602902765,2.10141541527513,6.724998122660229,385.31400966183304
88.94667339324951,-1.1295325035803,2.10319041537025,6.719939197292129,385.02415458936923
88.98676705360413,-1.125746215651941,2.104946283467698,6.71488027192403,384.7342995169055
89.04670763015747,-1.1224103845038136,2.1064830144581808,6.71488027192403,384.7342995169055
89.08671760559082,-1.1184619359011698,2.108285844757184,6.708135038099897,384.3478260869538
89.14681935310364,-1.1143475353300456,2.110126846320104,6.6997034958197315,383.86473429951417
89.18667697906494,-1.1102147186933664,2.111926125470744,6.687899336627499,383.1884057970987
89.2467315196991,-1.1065290732326343,2.1134975621204948,6.684526719715432,382.99516908212286
89.28683471679688,-1.1028381488893781,2.1150565595864173,6.681154102803366,382.801932367147
89.34668350219727,-1.0992972452635656,2.116541647001482,6.6794677943473335,382.7053140096591
89.38680529594421,-1.0954430147101037,2.118142882740789,6.674408868979234,382.41545893719535
89.44675254821777,-1.0917339452802857,2.1196582043473082,6.667663635155101,382.02898550724365
89.48690700531006,-1.0880172574467477,2.121154742737869,6.664291018243034,381.8357487922678
89.5467221736908,-1.0841391701025624,2.122697301522145,6.659232092874935,381.545893719804
89.58673214912415,-1.0804075310140353,2.124156159061238,6.652486859050802,381.1594202898523
89.64673042297363,-1.077136994409762,2.125418882835962,6.650800550594768,381.0628019323644
89.68680334091187,-1.073395599951707,2.1268525366001705,6.647427933682701,380.86956521738847
89.74674940109253,-1.0698043366839396,2.128211326966363,6.642369008314602,380.5797101449247
89.78679037094116,-1.0660509874455513,2.1296133844192098,6.638996391402536,380.38647342994886
89.8467788696289,-1.0624483952674268,2.130941846957558,6.633937466034436,380.0966183574851
89.88703870773315,-1.0588413431914758,2.1322581518003108,6.632251157578404,379.9999999999972
89.94667196273804,-1.0547550948570672,2.133722056853334,6.622133306842205,379.4202898550697
89.98719143867493,-1.0504977663571686,2.135202844771401,6.613701764562039,378.9371980676301
90.04667329788208,-1.0463874142144285,2.1365976382032033,6.606956530737907,378.55072463767846
90.08679175376892,-1.0422654480546991,2.137957725859485,6.596838680001708,377.9710144927509
90.14593148231506,-1.0382922093477047,2.1392353890503597,6.591779754633609,377.68115942028714
90.18673205375671,-1.0338314513712596,2.140632562413441,6.58166190389741,377.1014492753596
90.24700975418091,-1.0301586538741279,2.1417524024300234,6.57660297852931,376.81159420289583
90.2867522239685,-1.0266428450290468,2.1428146640507078,6.57660297852931,376.81159420289583
90.3466682434082,-1.0228054685059789,2.1439670255506718,6.573230361617243,376.61835748792
90.3867404460907,-1.01896231140131,2.145099959385997,6.566485127793111,376.23188405796833
90.44671249389648,-1.0152729419733395,2.1461639313506815,6.561426202425012,375.9420289855045
90.48672270774841,-1.0109336168011052,2.1473837001254714,6.552994660144845,375.4589371980649
90.5466423034668,-1.006906343338131,2.1484791988733023,6.544563117864679,374.97584541062525
90.58678460121155,-1.0027094540172592,2.1495867021387958,6.537817884040547,374.5893719806736
90.64682865142822,-0.9989911035012762,2.1505444873746216,6.5327589586724475,374.29951690820985
90.68672227859497,-0.9944556982764032,2.1516761032887533,6.5226411079362485,373.7198067632823
90.74663710594177,-0.9905617539864177,2.1526198158895387,6.519268491024182,373.52657004830644
90.78675532341003,-0.9864998307542878,2.1535788928981043,6.510836948744016,373.04347826086683
90.84666013717651,-0.9824315307772409,2.15451054967441,6.505778023375917,372.753623188403
90.88668608665466,-0.9785222269710088,2.1553884672998014,6.502405406463851,372.56038647342723
90.94667434692383,-0.9746085318887387,2.1562465968992246,6.495660172639718,372.1739130434755
90.98675322532654,-0.9706905456923416,2.15708491651085,6.492287555727652,371.98067632849967
91.04670310020447,-0.9670977675927037,2.157847318709619,6.492287555727652,371.98067632849967
91.08675742149353,-0.9631769763534006,2.1586724197120404,6.488914938815586,371.7874396135239
91.14681124687195,-0.9595803873087843,2.1594166366361116,6.485542321903519,371.59420289854796
91.186767578125,-0.955489825350825,2.160245100226242,6.480483396535419,371.3043478260842
91.24667954444885,-0.9518882982459225,2.160965040570007,6.480483396535419,371.3043478260842
91.28670740127563,-0.9481211735730796,2.1617081790610935,6.47542447116732,371.01449275362046
91.34663891792297,-0.944022438862667,2.162495213257131,6.47036554579922,370.7246376811567
91.38668751716614,-0.9399184887049601,2.163254582834566,6.461934003519055,370.2415458937171
91.44658923149109,-0.9358095098215122,2.163986253243598,6.456875078150955,369.9516908212533
91.48685193061829,-0.931696882067732,2.1646971273610855,6.451816152782856,369.66183574878954
91.54666757583618,-0.9277459175097398,2.1653629161172843,6.44844353587079,369.46859903381375
91.58691167831421,-0.9234621118349053,2.166062524861499,6.441698302046657,369.08212560386204
91.64697742462158,-0.9190081594467812,2.166755263584731,6.433266759766491,368.59903381642243
91.68678617477417,-0.9147142297189985,2.167389779894678,6.426521525942359,368.2125603864708
91.74675631523132,-0.9110791144791658,2.1679144214666706,6.426521525942359,368.2125603864708
91.7867865562439,-0.906779987492448,2.1685127112014992,6.41640367520616,367.6328502415432
91.84674167633057,-0.902143876466059,2.1691101471243517,6.406285824469961,367.0531400966157
91.88680529594421,-0.898166703288413,2.169595419338071,6.402913207557894,366.8599033816398
91.9467282295227,-0.8936892392828518,2.1701149334314724,6.394481665277729,366.3768115942002
91.98675870895386,-0.8897066150905768,2.170553225742036,6.391109048365662,366.18357487922435
92.04697799682617,-0.8857218245826672,2.170971364731446,6.38436381454153,365.7971014492727
92.0867223739624,-0.8812354947394097,2.171407739973456,6.375932272261364,365.3140096618331
92.14671969413757,-0.8779109542735857,2.1717169681811392,6.375932272261364,365.3140096618331
92.18700337409973,-0.8740874342607736,2.1720693569285503,6.374245963805332,365.2173913043452
92.246994972229,-0.8695969189461443,2.172460318593446,6.365814421525165,364.73429951690554
92.28674530982971,-0.8656028275990236,2.1727775407825347,6.359069187701032,364.34782608695383
92.34670448303223,-0.8612736757079587,2.173092004387448,6.352323953876899,363.9613526570021
92.38671278953552,-0.857276118168045,2.17336205868101,6.3489513369648325,363.76811594202627
92.44669771194458,-0.853444068522266,2.173604707872154,6.343892411596733,363.4782608695625
92.48676204681396,-0.8491106428377078,2.17385343521511,6.3371471777726,363.0917874396108
92.54695558547974,-0.8452759959610656,2.1740508344277174,6.332088252404501,362.80193236714706
92.5867075920105,-0.8409399362298444,2.174248393183546,6.325343018580368,362.41545893719535
92.64667582511902,-0.8366026425697635,2.174416699930133,6.318597784756235,362.02898550724365
92.68688535690308,-0.8324312853865657,2.174553916191055,6.313538859388135,361.73913043477984
92.7467200756073,-0.8284260747756811,2.174662006749595,6.306793625564002,361.35265700482813
92.78625965118408,-0.8239194198163781,2.1747494132260927,6.298362083283836,360.8695652173885
92.8466944694519,-0.819913115511594,2.17480346342366,6.294989466371769,360.6763285024126
92.88677334785461,-0.816073621814108,2.1748455498186225,6.2933031579157355,360.57971014492466
92.94670534133911,-0.8120670953405884,2.1748793318165154,6.289930541003669,360.38647342994886
92.98669791221619,-0.8080604777197335,2.174899601168954,6.286557924091603,360.193236714973
93.04667949676514,-0.8037199197539043,2.174899601168954,6.279812690267471,359.80676328502136
93.08671379089355,-0.7997133420100939,2.174872575455363,6.273067456443338,359.42028985506965
93.14675045013428,-0.7962077871133926,2.174828237239814,6.268008531075239,359.1304347826059
93.18678689002991,-0.7923687847406529,2.1747537798709455,6.2595769887950725,358.64734299516624
93.24668860435486,-0.7883637620983838,2.17463893544877,6.2494591380588735,358.06763285023874
93.28671884536743,-0.7848600214130806,2.1745177652325682,6.247772829602841,357.97101449275084
93.34672737121582,-0.7811900037007042,2.1743753518316105,6.241027595778708,357.58454106279913
93.38673710823059,-0.7775210300819785,2.174208186730525,6.234282361954575,357.1980676328474
93.44667100906372,-0.7735198345247905,2.173998831244488,6.227537128130442,356.8115942028957
93.48672556877136,-0.7693536973366346,2.1737491314616717,6.219105585850276,356.32850241545606
93.54670453071594,-0.7653561397967205,2.17347907716811,6.212360352026144,355.9420289855044
93.58671188354492,-0.7613599995895839,2.173188803071267,6.208987735114077,355.74879227052855
93.6466977596283,-0.7576973249751556,2.1729165416991405,6.208987735114077,355.74879227052855
93.68673729896545,-0.7542013559370425,2.172653708109778,6.207301426658043,355.6521739130406
93.74677109718323,-0.7498744236443288,2.1723100507382656,6.20055619283391,355.2657004830889
93.78676390647888,-0.7465469246736915,2.1720344749887235,6.20055619283391,355.2657004830889
93.84667158126831,-0.742720569423405,2.171714336555731,6.198869884377878,355.169082125601
93.88699173927307,-0.7383966884598726,2.171334209119296,6.192124650553745,354.7826086956493
93.9465548992157,-0.7347391255477621,2.1710002253923246,6.192124650553745,354.7826086956493
93.98669624328613,-0.7309162052071418,2.1706413895148726,6.187065725185645,354.49275362318554
94.0466639995575,-0.7265971124615214,2.17021024996733,6.180320491361512,354.10628019323383
94.08678793907166,-0.7226123219536116,2.1697921109779204,6.176947874449446,353.913043478258
94.14687395095825,-0.7192916631970196,2.1694436618200785,6.180320491361513,354.1062801932339
94.18699097633362,-0.714975576821462,2.168983399010972,6.17357525753738,353.7198067632822
94.2466402053833,-0.7108281780624582,2.168516352347468,6.168516332169281,353.42995169081837
94.28687405586243,-0.7066831951190967,2.1680283303691503,6.163457406801181,353.1400966183546
94.34664344787598,-0.7023754834808015,2.1674953539193735,6.156712172977048,352.7536231884029
94.38674187660217,-0.6980714648621673,2.166933333292368,6.1499669391529155,352.3671497584512
94.44572043418884,-0.694101199937841,2.166394452937322,6.1465943222408495,352.1739130434754
94.4867422580719,-0.689638307751147,2.165761861327917,6.138162779960684,351.6908212560358
94.54675483703613,-0.6851820443559352,2.1650841479911467,6.1263586207684515,351.01449275362035
94.5866961479187,-0.6813899485579256,2.164481244535863,6.124672312312418,350.9178743961324
94.64666867256165,-0.6772703389135627,2.1638120170482695,6.119613386944319,350.62801932366864
94.68671536445618,-0.672662196661839,2.1630274916383567,6.10949553620812,350.0483091787411
94.74678921699524,-0.6683895017293928,2.162262951600834,6.102750302383987,349.6618357487894
94.78671932220459,-0.6636319174482314,2.1613660323112005,6.090946143191754,348.9855072463739
94.84696912765503,-0.6593741385094749,2.160522372448809,6.084200909367621,348.5990338164222
94.88669323921204,-0.6554492233353448,2.1597171169103158,6.077455675543488,348.2125603864705
94.94669890403748,-0.6513657919204241,2.1588541934306753,6.072396750175389,347.9227053140067
94.98667359352112,-0.6474492249594693,2.158009268080865,6.069024133263323,347.7294685990309
95.04728126525879,-0.6432109623083411,2.157072479334787,6.06227889943919,347.3429951690792
95.0867166519165,-0.6394652568697583,2.156227983103271,6.060592590983157,347.2463768115913
95.14669990539551,-0.6357224208908754,2.1553708588690688,6.055533665615058,346.95652173912754
95.18655753135681,-0.6316588861351567,2.154418632876385,6.050474740246958,346.6666666666638
95.24665474891663,-0.6282468706201678,2.1536130081891907,6.052161048702992,346.7632850241517
95.28669023513794,-0.6246716678346924,2.1527720345697126,6.052161048702992,346.7632850241517
95.34666609764099,-0.6206113676767799,2.151806109272533,6.047102123334892,346.47342995168793
95.38665676116943,-0.6165576752292297,2.150812818482911,6.038670581054727,345.9903381642483
95.44669318199158,-0.6131554069247003,2.1499669748832195,6.040356889510759,346.0869565217362
95.48675394058228,-0.6103988960603658,2.149291537146276,6.045415814878859,346.3768115942
95.54667019844055,-0.606992392251012,2.148462916118302,6.043729506422826,346.2801932367121
95.5866687297821,-0.6031032719404965,2.1474995165040545,6.036984272598693,345.8937198067604
95.64671516418457,-0.5993801236624158,2.146560554301886,6.035297964142661,345.79710144927253
95.68672776222229,-0.5953366884996517,2.1455263003985343,6.030239038774561,345.5072463768087
95.74677872657776,-0.5917823341210947,2.1446011644422773,6.026866421862495,345.3140096618329
95.78581643104553,-0.5874269490535847,2.1434400444105606,6.01843487958233,344.8309178743933
95.84677338600159,-0.5834015286645859,2.142337755998252,6.01337595421423,344.54106280192957
95.88665890693665,-0.5800217417353024,2.1414061330467375,6.015062262670264,344.63768115941747
95.94662022590637,-0.5758401745940787,2.1402421142762025,6.008317028846131,344.25120772946576
95.98671293258667,-0.5716685704448626,2.139042880238588,5.998199178109932,343.67149758453826
96.04697465896606,-0.5676662782565697,2.137859365856926,5.993140252741832,343.3816425120745
96.08666968345642,-0.5638308504255726,2.1367005349979973,5.986395018917699,342.9951690821228
96.14663529396057,-0.56016185060084,2.1355683144347726,5.9813360935496,342.705314009659
96.18704771995544,-0.556180084209447,2.1343174805303518,5.9762771681815,342.41545893719524
96.24671030044556,-0.5522046966184522,2.1330465192589347,5.971218242813401,342.1256038647315
96.28678584098816,-0.5485533021326284,2.1318587476367057,5.966159317445301,341.83574879226774
96.34669137001038,-0.5449100024489584,2.130646373712272,5.957727775165136,341.35265700482813
96.38668727874756,-0.541274963330316,2.1294094526462315,5.952668849797036,341.0628019323643
96.44673752784729,-0.5381167905064155,2.1283258771722995,5.952668849797036,341.0628019323643
96.48674273490906,-0.5344859437142092,2.127076703569793,5.950982541341003,340.9661835748764
96.54665017127991,-0.5311727507613976,2.1259305650665636,5.94929623288497,340.8695652173885
96.58669114112854,-0.5270767210780645,2.124494255807392,5.942550999060838,340.4830917874369
96.64678263664246,-0.5236170424390729,2.1232613992460543,5.939178382148771,340.28985507246097
96.68701243400574,-0.5200055714938326,2.12195726707125,5.934119456780672,339.9999999999972
96.74668097496033,-0.5160872810020445,2.1205198914508783,5.929060531412572,339.71014492753346
96.78679704666138,-0.5126445484835189,2.1192404758062127,5.9256879145005055,339.51690821255755
96.84669017791748,-0.5088935688819275,2.1178320910452775,5.9223152975884386,339.3236714975817
96.88669753074646,-0.505147360546417,2.1164110637009435,5.9189426806763725,339.13043478260585
96.94598317146301,-0.5012513351953028,2.1149143888813677,5.913883755308273,338.8405797101421
96.98671913146973,-0.49767165614253506,2.1135253672843963,5.91219744685224,338.74396135265414
97.0466730594635,-0.49394001705400803,2.1120665097453037,5.9088248299401736,338.55072463767834
97.08667278289795,-0.4900593339950672,2.110530492802648,5.903765904572074,338.2608695652146
97.14676237106323,-0.48618385339350423,2.108981396563227,5.902079596116041,338.16425120772664
97.18673467636108,-0.4823136193311056,2.10741923864729,5.897020670747941,337.8743961352629
97.24663186073303,-0.4781452416349513,2.1057039526080112,5.888589128467776,337.3913043478233
97.28678154945374,-0.47414389791975375,2.104021783791402,5.881843894643643,337.0048309178716
97.34672093391418,-0.47015687954273677,2.1023059376689153,5.871726043907444,336.425120772944
97.38704776763916,-0.46633583800157175,2.100627042022139,5.866667118539344,336.13526570048026
97.44596409797668,-0.46267446542505675,2.098999852278336,5.863294501627278,335.9420289855044
97.4867091178894,-0.45901860154899077,2.0973603234051326,5.859921884715212,335.7487922705286
97.54669499397278,-0.45491671246822574,2.0954916113397135,5.851490342435047,335.265700483089
