time_s,x_m,y_m,yaw_rad,yaw_deg
0.002206087112426758,0.0,0.0,0.0,0.0
0.06860017776489258,0.0,0.0,7.773011906131444e-06,0.00044536077632627096
0.10192728042602539,0.0,0.0,-5.397629375902824e-06,-0.0003092613826150643
0.16885805130004883,0.0005773527582169166,-1.551866260404147e-08,0.0008544010635334055,0.048953574951953044
0.2019195556640625,0.0015296050938241566,2.5879292780438593e-07,0.002958925288580855,0.16953393093021213
0.26889657974243164,0.003717295720327337,3.6575810217922113e-06,0.005225791974923677,0.299415824776462
0.30198049545288086,0.00546517727423541,1.0071042302697538e-05,0.006162736785570527,0.35309880806321065
0.3685495853424072,0.007384272518121967,2.1529600961097458e-05,0.007805718662982741,0.44723473545541087
0.4019644260406494,0.009257874407651058,3.3982512597151467e-05,0.009134389115472707,0.5233619447468233
0.4688534736633301,0.012305734477516813,5.8884355555294775e-05,0.011227659359619224,0.6432974951167382
0.5019769668579102,0.01429805980068026,8.025361709934316e-05,0.012508215053993244,0.716667931835814
0.568871259689331,0.017510630071278004,0.00011890993404176098,0.01433887828801425,0.8215572088549878
0.6019902229309082,0.019355259951089835,0.00014671664144908642,0.016206305392185705,0.9285529004723493
0.6688506603240967,0.022341782636474683,0.0001956490495226143,0.020352456607695135,1.1661098663440759
0.7019953727722168,0.02487217319390298,0.0002443164399578519,0.0241409830337731,1.3831764411321248
0.7686519622802734,0.028380246264148735,0.0003281453718709964,0.03128226956265091,1.792342019530453
0.8022282123565674,0.031311796203742547,0.0004129039933807553,0.036182089390634165,2.0730810160484103
0.8688783645629883,0.03509351115931589,0.0005508522962516986,0.04333950117320384,2.48317050342686
0.9019498825073242,0.03774095171041864,0.0006654322100271915,0.04842945106555564,2.7748031501916857
0.9686801433563232,0.041709270517733474,0.0008584563272985447,0.056661586543430356,3.246469769453818
1.001823902130127,0.04380386543642853,0.0009888949052263589,0.06206240046276079,3.5559136129669606
1.0685977935791016,0.047445866478044614,0.0012196032382159171,0.07055205169463719,4.0423347980915185
1.1020376682281494,0.04995168270728967,0.0013977017351431064,0.07645813273615154,4.3807283152325205
1.1686985492706299,0.053893544890729,0.0016988503058808918,0.08479420257060032,4.858349934472754
1.2020282745361328,0.05680604788717599,0.0019410103459800042,0.09049018692965127,5.1847057984189036
1.2688498497009277,0.06081431307021789,0.0023084467985840223,0.10002947006069496,5.7312664614080475
1.302048921585083,0.0635833144585659,0.0025868900102202904,0.10679657143564958,6.118992809730124
1.3686542510986328,0.06746296850921438,0.0030110732558762373,0.11699344328447749,6.703230530903724
1.4020438194274902,0.07063682165621694,0.00337279192202622,0.12307932187013204,7.051925688490776
1.4686946868896484,0.07498462709533542,0.003912190458909686,0.13229259599718057,7.579807411467735
1.5020737648010254,0.078010544537781,0.0043131078478023215,0.1386260164390647,7.942685672669576
1.568640947341919,0.0823967675538705,0.0049293208246645156,0.14782714823213317,8.469871691156039
1.601996660232544,0.0845998905791121,0.005281790008965305,0.15375074810552558,8.809268963425653
1.6686773300170898,0.08946140005737707,0.0060184008807991265,0.1630973383197607,9.344789135539601
1.7020578384399414,0.09207119976005322,0.006461097631763627,0.1694799747176754,9.710487263306696
1.7686505317687988,0.09598575462526454,0.007145826909043672,0.1780936448854602,10.204014210038508
1.802025556564331,0.09845800412675415,0.0076021967418228665,0.18362755144915788,10.52108370035813
1.868689775466919,0.10185679044798852,0.008254457603192801,0.19184318268675238,10.991804696308137
1.901989221572876,0.10487850203209702,0.00882767040715031,0.1972433362914483,11.301210706579571
1.9686448574066162,0.10854234704824481,0.009572179872937882,0.20537866663075244,11.76733079996643
2.0020763874053955,0.11141855749009215,0.010163690898393252,0.21085198355094148,12.080928759430805
2.068722724914551,0.11493708533983195,0.010933716795754812,0.21888025067104344,12.540914582216294
2.1020193099975586,0.1175327503205874,0.01151050706598035,0.22487050626154348,12.884130945756594
2.168654203414917,0.12128181065884637,0.012372763014018845,0.2333324043568643,13.368961993288266
2.2020246982574463,0.12387264499064753,0.012988518073182687,0.23885849943810555,13.685583918631394
2.2687089443206787,0.12803515043866723,0.01399433593991423,0.24764768948368854,14.189167413581695
2.3020753860473633,0.13074465061742466,0.014679053179566793,0.2532005549656695,14.507323169903081
2.368680238723755,0.13466499746120456,0.015698997685415477,0.26140162407904155,14.977209817594396
2.401949167251587,0.13736389475791067,0.016420991769976183,0.2672895869388894,15.314565239393454
2.4686317443847656,0.1411277687623937,0.01746127381035786,0.2759417315557937,15.810296609678907
2.5019803047180176,0.14355759514792343,0.01815696177545717,0.2812142743633394,16.112391059853334
2.5686113834381104,0.1472628190326197,0.019233431908654987,0.2894400196797847,16.583691549835155
2.6019046306610107,0.14955329543681012,0.01992465875310382,0.29503660423850364,16.904352224737835
2.668577194213867,0.15320581830000504,0.02103723975951285,0.30303196115966535,17.36245243202111
2.7018930912017822,0.15535865001902088,0.021721994778437326,0.30856331485548727,17.679375653785797
2.768496513366699,0.15896078508668635,0.022869345914788928,0.31713615710675824,18.170563333215057
2.8018741607666016,0.16110817277510953,0.023583698539807917,0.32286277273054764,18.498674239351864
2.868647336959839,0.1648154665439474,0.024816987575576314,0.33192295502154223,19.017784446245024
2.901841402053833,0.16694972601772057,0.025562725579675764,0.3382102488595805,19.378019847723227
2.968588352203369,0.1700945667630077,0.02668121160386527,0.3476882584110438,19.921069793206755
3.0019218921661377,0.17300358972651528,0.02770869455278367,0.35397422038275417,20.281228884365493
3.0684971809387207,0.17631232003499672,0.028944187556533774,0.3635241734724487,20.82840089095291
3.103494644165039,0.17868044354260143,0.029843715791532555,0.37003584224378805,21.201492029137793
3.168623447418213,0.1823533598101984,0.031262792852423144,0.37959770361419876,21.749346329951504
3.2019095420837402,0.18470407387440552,0.03220266805467148,0.38596761345959274,22.11431527997141
3.268561601638794,0.18864322425778635,0.03378953760390738,0.396116780947866,22.69581974262086
3.301957607269287,0.19058842893290567,0.03462701059260505,0.40336567385240263,23.111150712193137
3.3686881065368652,0.19408446505119548,0.03611932614262616,0.41375832209496305,23.7066055944559
3.4020049571990967,0.19653296991972205,0.037189107674501815,0.4201384686276976,24.072161063456615
3.4686062335968018,0.20068596683449158,0.039018719670501995,0.4291167031454409,24.586576008801984
3.5020439624786377,0.20310794456602385,0.040133082679333666,0.43519314466822123,24.93473046251534
3.568687677383423,0.20597360089908465,0.04150431629045825,0.4442363784355744,25.45286959053487
3.601973533630371,0.20839079457821566,0.042647960746843155,0.4508275872897845,25.830518039770368
3.6686923503875732,0.21141897160461665,0.04413204230023746,0.462321216023358,26.489054457494422
3.702065944671631,0.2135722326521405,0.045206289172528516,0.470274059910825,26.944718847372695
3.768662214279175,0.21665676673469764,0.04678098533100549,0.4822636378942046,27.63167106396332
3.8020527362823486,0.2187885740462089,0.04789531716156423,0.4892596551529914,28.032513326292488
3.8686580657958984,0.22260994982318322,0.04989692573708636,0.49880121445248926,28.579204404127516
3.9020683765411377,0.22471025906340295,0.051051395477716616,0.5047002179614516,28.91719240852392
3.9686739444732666,0.22842748221873294,0.05308731213685172,0.5132919161599866,29.40946045415013
4.001962900161743,0.2308725390522833,0.054460283579275515,0.5189362244463286,29.732855497228243
4.0686280727386475,0.23398305332273237,0.0562582173338006,0.5267853536558127,30.18257747378454
4.102259159088135,0.23605344332707265,0.05747131887409204,0.5317431812450228,30.4666400701998
4.1686718463897705,0.2395870960910368,0.05953843956867602,0.5396436359892796,30.919302783279818
4.202091693878174,0.2415159592068582,0.060710093774868856,0.5448796778771363,31.21930588480772
4.268618106842041,0.24451118842517355,0.06253675011523588,0.5529400742323876,31.68113257716625
4.30197548866272,0.24655932511215012,0.06380295023718315,0.5583494593245175,31.991067512706284
4.368624210357666,0.24962071300181,0.06571666531403852,0.5668386175907918,32.47746045298239
4.402083396911621,0.2521229012180045,0.06728647839173908,0.5724185917757121,32.797169423570274
4.4686150550842285,0.25582590472992234,0.06965109623733917,0.5807362361561033,33.2737353420574
4.502058267593384,0.2578220937047343,0.0709771754636036,0.586054853265235,33.57846965525672
4.5686681270599365,0.2607816069523947,0.07295936627836894,0.5939336749402317,34.02989288477023
4.602062702178955,0.2628853755463023,0.07437986511593,0.5990627401943358,34.323766676677586
4.668614864349365,0.2655368780585653,0.07621454443020717,0.6067560786101558,34.76456249826993
4.701918840408325,0.2676317426038315,0.07766100060514822,0.6122988050356304,35.08213732944526
4.768596410751343,0.27046463022597184,0.07965706889353104,0.6206198424684664,35.558897655517136
4.801861524581909,0.27287878370831986,0.08135667223521884,0.6255523930096503,35.84151198376194
4.868848562240601,0.2754844949870532,0.08326368851207921,0.6329240447050128,36.26387651394668
4.901894569396973,0.27787833520703376,0.08499416624100811,0.6378442070925805,36.54578105327331
4.968720436096191,0.2812895389491687,0.08750510083684965,0.6453578036212664,36.97627842333116
5.002035140991211,0.2835362994260141,0.0891912134635536,0.6502849924145322,37.258585546049446
5.068842172622681,0.2864982470436491,0.09145926148182723,0.6577353364871803,37.685458817332496
5.101871013641357,0.28872692228501173,0.09317296587603627,0.6630542350643542,37.990209257462695
5.168497085571289,0.2916488642397983,0.0954683443890722,0.6711182550264791,38.4522435672017
5.201860427856445,0.293637347806147,0.09705024753134397,0.6765897844471925,38.76573911049024
5.268503189086914,0.2968431780378293,0.0996147225559286,0.6846336491347988,39.2266186080644
5.302213668823242,0.2989160449402446,0.10130615078974635,0.6899677889764078,39.53224230832117
5.368498086929321,0.302338728527411,0.10411186810590206,0.6970279579930466,39.936760195623606
5.40189003944397,0.3042749134303368,0.10574584878890902,0.7015598356121975,40.19641765647075
5.468592166900635,0.3074598432463395,0.10843418442178104,0.7086424958918494,40.602224198219744
5.501919507980347,0.30969790539728154,0.11034406622563306,0.713466772717865,40.87863489955321
5.568833112716675,0.3131013860929374,0.11327903378250197,0.7198631719629487,41.24512158037717
5.601874113082886,0.31520473651637554,0.11512851452680814,0.7242784430799553,41.49809798078766
5.668552875518799,0.3181519087948979,0.11775257035121817,0.7310989508288952,41.88888428893819
5.701865196228027,0.3199258612868796,0.11936121913605713,0.7363491471770154,42.18969838130048
5.7685277462005615,0.32332882870089014,0.12242111598238335,0.7444147772089459,42.651824941244065
5.801928281784058,0.32528505751249454,0.12423189487370645,0.7496470648648291,42.95161294112457
5.868553161621094,0.3286819305953018,0.12737471986254847,0.7569790908668114,43.37170708631833
5.90217399597168,0.3307149012484531,0.12930208553853922,0.7612347298166708,43.61553723727677
5.968682527542114,0.33399576554307286,0.1324208899770208,0.7675502110521959,43.97738765766642
6.001947641372681,0.33580594512765805,0.134187680878359,0.7716956452548142,44.214903541725626
6.068615913391113,0.3388267829314852,0.13712975872434963,0.7776681515697323,44.55710294668567
6.10213303565979,0.3405228849873933,0.13881995938711603,0.7827283996772955,44.8470338065381
6.168602228164673,0.34316052862754715,0.14145776739801297,0.7903525773991288,45.28386701225681
6.201863050460815,0.34484520957975434,0.14316941137896602,0.7954829958246747,45.57781833517675
6.268497467041016,0.34761423469281366,0.14598883410123664,0.8035801678710583,46.04175211942584
6.301873207092285,0.3491806466141363,0.14762891954553112,0.8088963672684334,46.34634790794542
6.368506669998169,0.3514854544963202,0.1500622981861218,0.8165829831775195,46.78675855827417
6.401855230331421,0.3532337602799494,0.15191457381944795,0.8219184178649707,47.09245644773282
6.468494415283203,0.35609707072179675,0.1549679577330431,0.8299477717355634,47.55250453673482
6.501875400543213,0.3580011716924353,0.1570383040736227,0.8350607213452552,47.84545497023322
6.568573474884033,0.36058175907515533,0.15989524641438224,0.8429871218330571,48.299604264914706
6.602024555206299,0.36226814738827506,0.1617924411050034,0.8487071382629405,48.62733706509251
6.668767929077148,0.36479427165210254,0.16466354418684806,0.8575226948483972,49.13243125149794
6.702051162719727,0.36664252861559166,0.16678672934836516,0.8633234307519391,49.4647889368409
6.7686522006988525,0.3692379393891166,0.16982061452053474,0.8718566252081075,49.953704964943775
6.802081108093262,0.37123349059250144,0.17217112929074516,0.877701448548008,50.288588674319634
6.868673324584961,0.3737206841416884,0.17518018450556475,0.8863356257776375,50.78329058914536
6.901998043060303,0.3752288427422481,0.17704618737422279,0.8916718674994341,51.08903471826593
6.968591213226318,0.37735561056997136,0.17970953842509027,0.8996221877158862,51.54455451244617
7.0020222663879395,0.37885101167686747,0.18159552082689584,0.9055016281780678,51.881421636827625
7.068683862686157,0.38090007103718954,0.18422481742862076,0.9140439093831476,52.37085829729262
7.10211443901062,0.38255042369591297,0.1863448283647292,0.9196905978283929,52.69438971343047
7.168684005737305,0.3847431333559872,0.18922440897687287,0.9280734502746666,53.17469177888287
7.202016592025757,0.3863600285874081,0.1913676025881526,0.9335316743116635,53.48742497983965
7.268634080886841,0.3886102990060989,0.19440416263611926,0.9406546640293445,53.89554222817785
7.301944732666016,0.3900259256984341,0.19635164838915725,0.9449831495483145,54.143546180098326
7.368589639663696,0.3924150355259057,0.1996374671921517,0.9517494163610165,54.53122471152559
7.401885986328125,0.3938881448998828,0.20170792929539305,0.9565557619409277,54.806608028135855
7.468638181686401,0.39617279927439314,0.2049413445737944,0.964144439767188,55.24140723966509
7.5019495487213135,0.39761826225494906,0.20702871440822734,0.9695847108964626,55.553111814779385
7.569030284881592,0.40011872587545083,0.2106438777737329,0.9783234067786724,56.05380220727836
7.60188102722168,0.4014484355002876,0.21264080510473254,0.9837921214619001,56.36713647798853
7.66883397102356,0.40357641934303645,0.21584679148218125,0.9912016955910895,56.79167380358041
7.701946258544922,0.4050528312336921,0.21809871652120774,0.9966412066229203,57.10333482831916
7.768605947494507,0.4073741988929894,0.22166642676468376,1.0048460887168071,57.57343994370134
7.802001476287842,0.4085732695125758,0.2235856177677702,1.0096072281175559,57.846233137037686
7.8686559200286865,0.41052496152455903,0.22670292529332797,1.0170504258894661,58.27269695544933
7.901900053024292,0.4120903344984286,0.22920717938013788,1.0219840261622037,58.555371428881784
7.968586444854736,0.4141749527196489,0.23261563550629905,1.0294399783536043,58.98256602170036
8.002256155014038,0.41547738208107154,0.23479036050943078,1.034541931781586,59.27488642039601
8.068563222885132,0.4175723108049481,0.23830307632974523,1.0421236440512986,59.70928653493309
8.10190463066101,0.4190861090537017,0.2408770362225891,1.047462274946211,60.01516755358972
8.168549537658691,0.4211032064115915,0.24437955602686587,1.0551670396227397,60.456618051696296
8.201911449432373,0.4222738558070109,0.24646972650371549,1.06018055864822,60.74387153236486
8.268574953079224,0.42392585375408864,0.24945526624103964,1.0683522114759363,61.212072751039145
8.301897525787354,0.42515436572716064,0.2516859117451374,1.0740526534861674,61.53868401958446
8.368516206741333,0.4270332192050504,0.25513774356944474,1.0820330208166062,61.995925386582684
8.401861667633057,0.42815640454149057,0.2572608643267696,1.0869224048942439,62.27606645864979
8.46854543685913,0.4297090477767705,0.26024296981711137,1.094330103489929,62.70049632408754
8.501909971237183,0.430947727900647,0.26261976298220635,1.0991105032208692,62.974393053055884
8.56851601600647,0.43266556032764225,0.2659817644942886,1.1058048115267,63.357948665739364
8.601869344711304,0.4336113123356543,0.26789337710708117,1.1100983669582707,63.603951271073825
8.668549537658691,0.4352105682986554,0.27111312021906786,1.1161304428789833,63.949563763033154
8.702052593231201,0.43633249642041916,0.2733961251886697,1.1201053113255615,64.17730694914181
8.76862359046936,0.43837319046688333,0.2775452963557017,1.1262207718101749,64.52769702468918
8.80192518234253,0.4394576956253472,0.27983668245490373,1.1311639209746023,64.81091860931448
8.868525981903076,0.44109550007486625,0.2833292277624281,1.139376064961409,65.28143980051226
8.901845693588257,0.4419077285117169,0.2851441347076963,1.1448567836090335,65.59546184771979
8.968883514404297,0.4434030695833724,0.2884420716990615,1.1528736151109351,66.05479245784628
9.001946687698364,0.4446183733914912,0.29113398758808945,1.1580294396637685,66.35019944463355
9.068773984909058,0.44608846711064126,0.29450620547919093,1.1655843460241133,66.78306369369786
9.101898670196533,0.44726232696881485,0.2972058656493669,1.1706558440622992,67.07363912709478
9.168514013290405,0.4488209400191977,0.3008896872850949,1.1783284248187504,67.51324562241273
9.201924800872803,0.4497300664847468,0.30310893257178473,1.183600140832441,67.81529270078873
9.268482446670532,0.4510555466722067,0.3063873313891585,1.1908290971092148,68.22948138573247
9.301920890808105,0.45211004711059855,0.3089969048071428,1.19496055811846,68.46619666478507
9.368549585342407,0.4535096693757788,0.31254828941741747,1.201025758199875,68.81370703135255
9.401902437210083,0.454374633674345,0.31479468164491964,1.2055020758656811,69.07018114136311
9.46859359741211,0.4556759320893885,0.31820728387161556,1.2122504891814145,69.45683674276451
9.50194239616394,0.45646523140242423,0.32033321991788083,1.2169763027282754,69.72760591376539
9.568572759628296,0.4577143267113262,0.32371602287785406,1.224734364336797,70.17211010113616
9.601941585540771,0.45863343039656757,0.3262378916718753,1.2302219476889729,70.48652546694208
9.668559312820435,0.45979324247037906,0.32953230479443507,1.2379113508167443,70.92709581313808
9.701832056045532,0.46067828163838437,0.3320646237517673,1.24310272569077,71.22453968329002
9.7686185836792,0.4618493090100072,0.33551748278973303,1.2505359718870697,71.65043331841966
9.802032947540283,0.4626037077126428,0.3377980800037741,1.2549401414720422,71.90277364789847
9.868504524230957,0.46372664904504196,0.34123852588164233,1.2617803483247176,72.29468863155323
9.901857852935791,0.46450467455677413,0.34366198040984053,1.2662764704679823,72.55229745453761
9.968602418899536,0.46568576231404113,0.3473971768432649,1.2723392432712668,72.89966874831251
10.00194787979126,0.4666096693849907,0.35034022836201995,1.276982281645176,73.16569525125479
10.068784952163696,0.4677705844163928,0.35417952257992097,1.2837464843130506,73.55325551589515
10.101837158203125,0.46848352700152035,0.3566130541341692,1.2879578676672327,73.79455000800142
10.168622016906738,0.46964361100366636,0.36058730234251507,1.2947051753924317,74.18114226373135
10.201995611190796,0.47032863861950724,0.36302343817696064,1.2990856727654103,74.43212627537116
10.26865530014038,0.4714003212543312,0.3668695417941472,1.3051420861181668,74.77913319947079
10.302231073379517,0.47218290734468044,0.3697135822117883,1.31005114293505,75.06040143646813
10.368839740753174,0.47309573756566,0.3731948855894304,1.317979442220004,75.51465952421258
10.40203309059143,0.4738827700946361,0.3761796579834349,1.323678674466393,75.84120147839553
10.468778371810913,0.4747880278709578,0.3798144087015163,1.3324930092743157,76.34622566210476
10.502003192901611,0.4752734985882783,0.3818866814454027,1.3379648521939602,76.65973916755893
10.568860530853271,0.47614804652954595,0.38556702779304525,1.3463000039086541,77.13730818241211
10.602071285247803,0.4767148445959707,0.38804271382084804,1.3522105762432073,77.4759590316888
10.668664932250977,0.4775745511856579,0.3918861771758436,1.360921875920357,77.97507973726316
10.70235013961792,0.47816861052463494,0.39463270162805125,1.3666330675614031,78.3023069142855
10.76870083808899,0.47891122792099133,0.39826126561397185,1.3752297151708905,78.79485854027035
10.801992177963257,0.47949777933681353,0.4011505037334225,1.380917399096461,79.12073882440993
10.868561744689941,0.4801895754600737,0.40480307236363794,1.388960573956621,79.58157879778284
10.902038812637329,0.48061706191045683,0.4071661808918391,1.3944277373146214,79.89482418410482
10.968644142150879,0.481284212399738,0.41090770964481005,1.4027049439063566,80.36907318796912
11.002037048339844,0.48176506250589235,0.41368281036197857,1.4080032857243197,80.67264581255607
11.06869101524353,0.4823834944160006,0.41746597994926604,1.4160625357630077,81.13440682581354
11.102229595184326,0.4827729407344017,0.41997660239252155,1.4216290100474616,81.45334230908085
11.168626070022583,0.48341699602387506,0.4241756861422654,1.4304483258278857,81.95865188149229
11.201967716217041,0.48371852441737284,0.4264218250720566,1.4365730122107703,82.3095705620728
11.268580198287964,0.4842280618245848,0.4302013165933431,1.4454597211887377,82.81874148027136
11.30204701423645,0.4845453618833125,0.43272425411776366,1.4508795922834494,83.1292772195033
11.368659019470215,0.48502269178905916,0.4366458919497407,1.4584318030378822,83.5619870217256
11.402033805847168,0.48536600942816677,0.43957655941139345,1.4631075591001699,83.8298881101274
11.468689203262329,0.48577583077474396,0.44342265678528786,1.4706716682862027,84.26327964226321
11.502034664154053,0.4860807097274896,0.44635459992675786,1.4759546251136104,84.5659707718235
11.568698644638062,0.48645970959022955,0.4503632927559889,1.4836379202178316,85.0061911540489
11.602015256881714,0.4867401782632205,0.4534333252075796,1.4885310788231225,85.28654849062019
11.668627262115479,0.4870519005311057,0.45734265598074064,1.4964009047612745,85.73745630237889
11.702298402786255,0.4872033564700575,0.45960196818670285,1.5017460731178112,86.04371188999531
11.76867127418518,0.4875089215806925,0.4638503959624459,1.5102288603535214,86.52973979710896
11.802093029022217,0.4876960267931021,0.46679676638499035,1.516297628180392,86.87745458043342
11.868762254714966,0.48787424853857747,0.4704020294657371,1.5244538134179322,87.34476957147137
11.902018547058105,0.4879890216660112,0.4729414297067075,1.529183489444697,87.6157600462692
11.96866226196289,0.4881461077128619,0.47676396605734456,1.5363284507054964,88.02513617129749
12.002034664154053,0.48823258387364377,0.4793041130600129,1.5410503085076623,88.29567869482251
12.068666934967041,0.4883536894318184,0.48325725098443784,1.5479792950003048,88.69268037715409
12.102106094360352,0.4884100428016872,0.48579971567769314,1.5529117868102835,88.9752913403487
12.168660163879395,0.488491591913743,0.48990662145349806,1.5590330589042518,89.3260143965843
12.20226764678955,0.48851727419188906,0.49244360878047766,1.5628174741956666,89.54284542070714
12.268612384796143,0.48855058415342617,0.49642264420685034,1.5693224698404205,89.9155542169025
12.302229404449463,0.488569399384992,0.49950899885294053,1.5740410547255683,90.18590921609571
12.368780851364136,0.48854122313541437,0.5031177817597235,1.5809980296441841,90.58451451711076
12.402050256729126,0.4885158614457822,0.5057960664508967,1.5854948944050946,90.84216588895204
12.468701839447021,0.4884610444788498,0.5099246483362136,1.5921668810281497,91.22444256342084
12.50203800201416,0.4884018102543169,0.512460950396089,1.5964121479459648,91.46767844071816
12.56864881515503,0.48829914088041415,0.5161616853103419,1.6030019349552924,91.84524542424276
12.602094888687134,0.4882166776244788,0.5181569689895853,1.60758744846229,92.10797599509397
12.668668270111084,0.48808708333411643,0.5214656785730369,1.6142258495256385,92.48832835873898
12.702038526535034,0.4879791035525157,0.5244292778518092,1.6183428574329586,92.72421553605041
12.768603801727295,0.48779882796596763,0.5283477467650319,1.624176944336968,93.0584840929627
12.8021240234375,0.4876687825449575,0.5306135519374522,1.627513723912937,93.24966747983117
12.868627786636353,0.48745321926141216,0.5345226080346832,1.633242386512114,93.57789566901846
12.902020692825317,0.48730401227214737,0.5367866981499351,1.6372386431931494,93.80686431069275
12.968855619430542,0.4870565841906472,0.5405442425380503,1.6431597043788961,94.14611612687476
13.001959562301636,0.4868569105336982,0.5434916684355056,1.6479026297884645,94.41786573538839
13.068820714950562,0.4865871229115612,0.5467399319317131,1.6554243083537878,94.84882617203543
13.102017402648926,0.48636840853957175,0.5494143925336298,1.6605433452302014,95.14212538022576
13.168633460998535,0.48599613022327576,0.553761366370261,1.6682577500971123,95.58412822055493
13.20217776298523,0.48574798580280654,0.5562496863012705,1.6730908479878008,95.86104433166497
13.268807411193848,0.48530972669208977,0.5606547088492123,1.6809176097638083,96.30948474868451
13.302188634872437,0.48500963404501507,0.5633358169240757,1.6864720048670525,96.62772814584854
13.368675470352173,0.48452952819254336,0.5674834621287876,1.6940801880255962,97.0636449305956
13.402011632919312,0.4841479494096596,0.5706783137195136,1.6991687132450313,97.35519594961511
13.468624114990234,0.4836571337475449,0.5743138243661249,1.7072081607203042,97.81582235956536
13.50202226638794,0.48329220101951115,0.5769613047909088,1.7119873792370761,98.08965140994717
13.568847179412842,0.48274269781093265,0.5807896553345159,1.7193975327127156,98.5142219296455
13.602018117904663,0.4823315145535087,0.5835713514570771,1.724076089560473,98.78228349123403
13.668587684631348,0.481665529625266,0.5879631646507518,1.731341771075142,99.19857637731079
13.702003955841064,0.4812330171264824,0.5905999725497365,1.7365033460895862,99.49431284127861
13.768632411956787,0.48058108346157036,0.5944501501510333,1.744519616264329,99.95361128972797
13.802025556564331,0.48015631444476725,0.5968092430801681,1.7496108398051682,100.2453169111757
13.868640422821045,0.47951298425146366,0.6003024919571452,1.7581886777413909,100.73679082226847
13.901991844177246,0.4790201445704413,0.6029337615020114,1.7643929057182666,101.09226690048045
13.96862244606018,0.4782638724475314,0.6068118604836851,1.7742606401642347,101.65764643759029
14.002026557922363,0.4778165609154672,0.6088973031281673,1.781627601597649,102.07974223556057
14.068632125854492,0.47695672286383733,0.6130052607834394,1.7924363287541405,102.69903668353598
14.102006912231445,0.47646988302440146,0.6150824757233441,1.798984881124906,103.07424109630124
14.168611288070679,0.4755932426695135,0.6188943245508287,1.808302247688828,103.60808687659026
14.202047109603882,0.47491416922863794,0.6217694296700592,1.8145731772418507,103.96738467360233
14.268627882003784,0.4739803071566011,0.6255056668725841,1.8236941632927737,104.48997867931791
14.30197262763977,0.47334222168881795,0.6279630635671384,1.8295587622663643,104.8259954490414
14.36890196800232,0.4724257871066527,0.6313767322271977,1.8381102248669112,105.31595816471672
14.401969909667969,0.47172397382804565,0.6339675093700202,1.8438222175500572,105.64323123807058
14.468628406524658,0.47063101027960974,0.6379076085883766,1.8519533134881294,106.10910871813809
14.50208830833435,0.46995535565817376,0.6402167690787071,1.8576377829481885,106.43480482697049
14.568686962127686,0.46894859088484336,0.6435913855322271,1.8663043686197192,106.93136360873774
14.602019309997559,0.4682093867983984,0.646029375664071,1.8725995589054503,107.29205144334189
14.668630361557007,0.46712679882126584,0.6494975134726798,1.882187311999954,107.84138923067044
14.70200490951538,0.4663859198803938,0.6517934333637447,1.8883781458733606,108.19609788328327
14.768631935119629,0.46517435766149423,0.6555090675578988,1.897493787034552,108.71838564937528
14.802047729492188,0.4642823625062926,0.6581774765355113,1.9036609589761453,109.07173857316008
14.86870002746582,0.46300092216789923,0.6618929407822992,1.9129611071835946,109.60459781429307
14.90200138092041,0.4620100909357863,0.6647121469583384,1.9189275584248398,109.94645028908701
14.968714952468872,0.46067918180795214,0.6683587475597458,1.9272743033986377,110.42468354875767
15.00197958946228,0.4597464272722249,0.670864656795652,1.932104910175334,110.70145692954966
15.068698406219482,0.4584232991361103,0.6743372580815912,1.9389871789703295,111.09578188497748
15.101996421813965,0.45746399206430355,0.6768320829178739,1.9440532939760233,111.38604889333165
15.16885781288147,0.45596822105015017,0.6806716671853875,1.9521648442624038,111.85080649004938
15.202008962631226,0.455019351327423,0.6830239989347978,1.957166072310783,112.13735574960397
15.268807411193848,0.4536664453618622,0.686314102590253,1.9649555928432036,112.58366240054215
15.302024126052856,0.45264385171356064,0.6887880428924646,1.9702526285097335,112.88716018816459
15.369078397750854,0.45121120212580795,0.6921681854124726,1.9774219837150344,113.29793398325847
15.40185260772705,0.45020654052077297,0.694503119512748,1.9816431153376899,113.53978701000584
15.468621969223022,0.44863834267351016,0.6981175962887072,1.9884085313555355,113.9274167944786
15.50217580795288,0.44750545632117955,0.7006909439260764,1.9923770444148872,114.154795843722
15.56869649887085,0.4458732820989279,0.7043328626509409,1.9988104825039743,114.5234046939854
15.601982355117798,0.444817035797851,0.706638631905816,2.0032172405597777,114.77589333191821
15.668784379959106,0.4432059779616753,0.7101220768468005,2.0102467897503438,115.17865683241726
15.701980352401733,0.44201600526443086,0.7126696506584433,2.0157756516143426,115.49543728273522
15.768620014190674,0.4402380708995212,0.716409451134254,2.024739840555478,116.00904747582013
15.801987886428833,0.4390098808120244,0.7189343378151638,2.0308159584376515,116.35718338629263
15.868643045425415,0.43733652775863335,0.7222842034832487,2.0398591017899177,116.87531733390928
15.90212893486023,0.43612869675815036,0.7246709476952234,2.0455075996597776,117.19895242244088
15.96880578994751,0.4342436782913965,0.7283518123773125,2.0536071815433017,117.66302428018743
16.001991510391235,0.4330607290173413,0.7305950805324805,2.0591781954487702,117.98221986457948
16.069037675857544,0.43099881815402635,0.7345097144191567,2.067591572100002,118.46427083814898
16.101981163024902,0.42960275799066383,0.7370961934685009,2.0723614659268668,118.73756562315383
16.168920278549194,0.42731298269483725,0.7413094663743192,2.0793737793730545,119.13934158824321
16.201972007751465,0.4261311061697731,0.7433844676787297,2.0839072406082044,119.39908978360347
16.26857304573059,0.42406377010396235,0.7470516361175662,2.0905472537057186,119.77953451000262
16.30199670791626,0.42254139862088286,0.7497286249831474,2.0949493494132065,120.03175601505434
16.368863582611084,0.4204164917594859,0.7533973577085074,2.1017564401143813,120.4217735829944
16.401960372924805,0.4189926529016011,0.755816062601987,2.106356081934025,120.68531364653185
16.46861720085144,0.417182342212432,0.7588189958666854,2.1139247405984047,121.11896584457594
16.50205087661743,0.4159349417537162,0.7608703916283197,2.1186135698204938,121.38761596985925
16.5686616897583,0.413662614970412,0.764627447849029,2.1263921542300075,121.83329602711065
16.602028369903564,0.4122521426608879,0.7668957438468098,2.1328790334944947,122.20496683117669
16.66858434677124,0.40996438493494114,0.7705441034964223,2.142193235535767,122.73863129767373
16.701977252960205,0.40858659078523607,0.7726705579605463,2.1471247458282785,123.02118602405997
16.768646717071533,0.4062456225906085,0.7762870327454193,2.1539577809331045,123.41269009683123
16.80193328857422,0.40477211093524684,0.7785128892758899,2.159003710088221,123.70180054114141
16.868571519851685,0.40237801646859084,0.7821142640871196,2.1666469458523117,124.13972569224727
16.901971101760864,0.4008764330499801,0.7843202424570249,2.171072434785495,124.39328753040051
16.968607425689697,0.39819981566465756,0.7882646088727542,2.1768254067317137,124.72290854257601
17.00253701210022,0.3966752225676496,0.7904469459374651,2.1808982559934047,124.95626561586388
17.06881618499756,0.3942469544697617,0.7939155659406083,2.187492720143869,125.33410057983582
17.101879835128784,0.3926238601529615,0.7962018144614113,2.192416562233318,125.61621595055011
17.168653964996338,0.39040613647618383,0.7992715877680071,2.200283705604812,126.06697006256105
17.20195245742798,0.38883097301260466,0.8014326452573386,2.2063036304913743,126.41188635154684
17.26877450942993,0.38677395758381716,0.8041886993511653,2.215224577535442,126.92301896643163
17.301903247833252,0.3853265534012207,0.8061088068114595,2.2215093338387546,127.28310897787968
17.36878514289856,0.3831217760562014,0.809001230532919,2.2305811291034465,127.80288455915328
17.40217614173889,0.3816443183828344,0.8109028564312515,2.2367125773990835,128.15419066879596
17.468583345413208,0.3792400182547805,0.8139782297932184,2.2469246423034828,128.7392988879317
17.50193977355957,0.37797505886404503,0.8155241168714883,2.2538343375938736,129.13519526579253
17.568572282791138,0.3754551630757982,0.8186501525833425,2.2641589697566196,129.72675311374292
17.601900577545166,0.37383164958904286,0.8206073617565448,2.27065486664493,130.09894058959526
17.668574810028076,0.3710373997470255,0.8239612919374989,2.2801327416417183,130.6419828256638
17.701903104782104,0.3695501401134322,0.8256685463047008,2.28641084959918,131.00169191495385
17.768528938293457,0.3671383282860842,0.8284338473605783,2.295417611126106,131.51774133752753
17.801897764205933,0.36519441977324396,0.8306559080128169,2.3013933803464766,131.86012769319893
17.86854910850525,0.3627206665050645,0.8334030127838439,2.3105252447174958,132.38334498074423
17.901870727539062,0.3607400123876151,0.8355956555296697,2.3169598203946182,132.75201901000088
17.969735145568848,0.35802180349135326,0.8385358283248849,2.3266727726725285,133.3085301821371
18.001900672912598,0.3564564616283229,0.8401724755227741,2.3330545472100304,133.67417892894002
18.0685818195343,0.3536342207307801,0.8431433434160176,2.3428061537025298,134.2329048244326
18.1018807888031,0.3517684975458709,0.8450617870365245,2.349504843611704,134.61671148449517
18.16856288909912,0.34887235460264876,0.8480063946526507,2.359831497479076,135.208385167588
18.20188307762146,0.34687899002735895,0.8499917542751945,2.366441501726976,135.58711051355624
18.268545627593994,0.3437063340347942,0.8531204884658392,2.375464422806797,136.1040858103096
18.30188012123108,0.3420647684525667,0.8546668326329602,2.380268725430003,136.37935207412292
18.368589162826538,0.3390629215975382,0.8575346244041079,2.38766867434,136.8033379152782
18.401917695999146,0.3374001128898747,0.8590720536784886,2.392953793756367,137.1061529520587
18.46854591369629,0.3344972163875533,0.8617737341559253,2.4012255444514152,137.58008935606935
18.50195026397705,0.3325233504086126,0.8635808555346519,2.40696720573018,137.90906231473625
18.568589448928833,0.3294639407865821,0.8663535602330094,2.415390074648687,138.39165715515864
18.602251768112183,0.3274671839121221,0.868126205605292,2.421035361617157,138.71510827259215
18.668647289276123,0.3244559752459661,0.8707695356234894,2.4295223407472473,139.20137635756194
18.70221519470215,0.3227294737804801,0.8722395521673504,2.434869427885118,139.50774188325062
18.768633127212524,0.32015127519274184,0.874420872376121,2.441150058343186,139.86759550117924
18.802063703536987,0.31779963449626625,0.8764350268298747,2.444601160798809,140.06532910655366
18.868882656097412,0.31518102716843155,0.8786052985717441,2.4502992126009144,140.39180342626122
18.902048110961914,0.31301589099048444,0.8804125557576924,2.45417885293979,140.6140904437075
18.968636989593506,0.3101617929236437,0.88274857850981,2.4605016833024975,140.9763619380678
19.00199007987976,0.3083044816761691,0.8842496141516215,2.4652757543195842,141.2498960584426
19.068633317947388,0.30514173143882073,0.8868028472077145,2.4720294052858924,141.6368517551165
19.10193395614624,0.3031482869284902,0.888379149681159,2.475967894730243,141.86251057793461
19.168612957000732,0.3000340578685442,0.8908285790208941,2.4818854812257256,142.20156330902938
19.201910972595215,0.2977128434326679,0.892642978326954,2.486461717196509,142.46376231621124
19.268596410751343,0.2948653577042423,0.8948128082032102,2.4935431481443326,142.86949842243484
19.30194091796875,0.2927286370544073,0.8964345344383884,2.4986650482697548,143.16296168270907
19.368560075759888,0.28921746953422706,0.899084172305957,2.508093402073715,143.7031665634321
19.40213918685913,0.28695170290896055,0.9007510952576703,2.5151818105359776,144.10930245178457
19.46861958503723,0.28412965593995504,0.9027644175588702,2.524696235191086,144.6544388290175
19.501896619796753,0.2821645503211998,0.9041506966722263,2.5306182497689282,144.9937452705428
19.56859588623047,0.27917804928436707,0.9062371949803945,2.539492556074238,145.50220556794338
19.6019070148468,0.27718587788777344,0.9076033098273927,2.5455959653717097,145.85190516132943
19.668803691864014,0.27453438024169075,0.9093815853917666,2.55400160080074,146.33351259553848
19.70191192626953,0.2724162200910309,0.9108035377275407,2.5593508474515168,146.6400018522025
19.76854181289673,0.26929960481350357,0.9128631844696946,2.567787157788421,147.1233668291697
19.80197548866272,0.26694268568058344,0.9144040517390578,2.573940354570144,147.4759190352759
19.86860418319702,0.26409355140869245,0.9162031357031267,2.583400263979646,148.01793191901646
19.901954412460327,0.2619351964197679,0.9175571933256269,2.5897007552173625,148.37892347579677
19.96867036819458,0.25861413814492823,0.9196128060563893,2.5991590400627103,148.92084327886775
20.001996994018555,0.25622635158735035,0.9210657376537194,2.6050850303467157,149.2603775115768
20.068832635879517,0.25280648030893693,0.9231026681708359,2.6136723812575133,149.7523964759633
20.101863384246826,0.250254197742555,0.9246050975257397,2.6194033134930597,150.08075470573561
20.168566703796387,0.2466413896095724,0.9266876428068316,2.628013715944529,150.5740944261139
20.20209574699402,0.2445466684259325,0.9278534780809534,2.6337532560915693,150.9029458528852
20.268561124801636,0.2409363016067757,0.9298697319124721,2.642222524530316,151.38819918998874
20.30193591117859,0.23847241334269292,0.931218103090832,2.647682244140888,151.70101808099932
20.368582725524902,0.23504997370518926,0.9330524512477837,2.6558296225958764,152.16782848056596
20.40191149711609,0.2325680936780896,0.9343685616404312,2.6605452194394243,152.4380122775865
20.46856188774109,0.22925347361389856,0.9360853587263216,2.6672783159065996,152.82379028821006
20.501880884170532,0.22687207220129083,0.9373100777987509,2.6720317415826167,153.09614151767497
20.568591356277466,0.22347702532729585,0.9390290920823339,2.67922662515832,153.50837798065078
20.602007150650024,0.2211694017170055,0.9401762781686418,2.6841199074464925,153.78874240372917
20.66856336593628,0.21774064005433671,0.9418624963016351,2.692117605570679,154.24697675206474
20.702119827270508,0.21532770497229056,0.9430305504550208,2.6976982524711146,154.56672426641248
20.76862335205078,0.21174530650811996,0.9447371174345325,2.706347068682429,155.06226493310513
20.802222967147827,0.2091958751156932,0.9459298383969145,2.7122110210456074,155.398244654781
20.86861777305603,0.20619853782550454,0.9472745694117234,2.7213596338267005,155.92242155553708
20.902188062667847,0.2044887498671947,0.9480137650713082,2.7277564286775564,156.28893090290214
20.968626976013184,0.2013673084501802,0.9493848688365011,2.7381333987199183,156.88348749046318
21.0019953250885,0.19914956714438473,0.9503379436754745,2.7452201001944316,157.28952557562192
21.068599700927734,0.1957340481472718,0.9517781686346198,2.7556072265107487,157.88466407481616
21.10193943977356,0.19350139203687255,0.952687130910677,2.7622308958478317,158.26417237272122
21.168517112731934,0.19003378115579198,0.954076954033717,2.771799497826517,158.81241288194042
21.20196795463562,0.1875361066347385,0.9550560906722848,2.7780101536394732,159.1682572480312
21.268569469451904,0.18426194831114198,0.956292126452959,2.787257331522151,159.69808151311537
21.30190658569336,0.18175196102581886,0.9572315702161711,2.7933013174525825,160.04437639836553
21.36849093437195,0.17845462189764422,0.958419000777294,2.8027538456385686,160.58596636915098
21.401986598968506,0.175804382344594,0.9593697928910452,2.8093430180893075,160.96349814106222
21.468589544296265,0.17261235099673664,0.9604540392509432,2.8190518127792745,161.51977110095635
21.501961946487427,0.17007202546863534,0.9613147570295874,2.8253244112183,161.87916451809286
21.56858730316162,0.16647514655234302,0.9624943417729482,2.8345577110461426,162.4081936292071
21.601893186569214,0.1639289531768537,0.9633093483106108,2.840055581224234,162.72319838672257
21.668538570404053,0.1600582919890464,0.9645238330074448,2.847426126054239,163.14549949819383
21.701890230178833,0.15758900389278827,0.9652679022445229,2.8523173795946906,163.42574768259013
21.768580198287964,0.15405278349235435,0.966312488164384,2.859057588713147,163.81193321811327
21.801907539367676,0.15225995299574935,0.9668066864494486,2.8630798921847727,164.04239423095825
21.86857771873474,0.14868467080425316,0.9678371256111765,2.8691828001885624,164.392065102332
21.90195393562317,0.14623433455189308,0.9685266389102252,2.8732521700286333,164.6252228194459
21.96859049797058,0.14288484161586018,0.9694416266411663,2.8803003046852775,165.0290511887115
22.00194811820984,0.14029561945682242,0.9701448812683555,2.8850564737583526,165.30155960324936
22.06860876083374,0.13677871760975194,0.9710648958854075,2.8919040357698242,165.6938960064608
22.10187578201294,0.13431795346455552,0.9716962005333089,2.896701432877055,165.96876661335338
22.16863441467285,0.1303755031387147,0.9726936714091958,2.9026690068031473,166.31068341325079
22.201873064041138,0.12778117920923454,0.9733286441965168,2.9062556487122815,166.51618285726892
22.268548250198364,0.12405268835655603,0.9742201840285434,2.9118203408263805,166.83501622969652
22.3019757270813,0.12197595074932396,0.9746912920073828,2.914992398769877,167.0167617622298
22.368504524230957,0.11817056743824284,0.9755756656146474,2.919001744232657,167.24648033585703
22.40185832977295,0.11529120207065532,0.9762399740739143,2.9226428247645884,167.45509888320396
22.468648672103882,0.11139520224869673,0.9771071526722055,2.9291888554297505,167.83015881288097
22.501930236816406,0.10904579268954923,0.9776053493674639,2.9344672014870263,168.1325857647724
22.568657636642456,0.10488727036726248,0.9784911437085904,2.942709127555115,168.60481334353273
22.60193133354187,0.10239954419415703,0.978987054216633,2.9472972837166815,168.86769532733743
22.66856288909912,0.09861977450733342,0.9797264960319682,2.9540291111914816,169.25340063005368
22.7018780708313,0.09586137588631571,0.9802562733991835,2.9591289599417077,169.54560043959668
22.768569231033325,0.0917815064416456,0.9810134070821004,2.966668925899343,169.97760866664152
22.801998615264893,0.08888382100033274,0.9815325062204366,2.971765045725135,170.26959482455234
22.868815183639526,0.08545271809705152,0.982098203105929,2.980090464127881,170.74660616171025
22.901918649673462,0.0826801184408685,0.9825576105079994,2.9856238185592274,171.0636440171764
22.968666315078735,0.07887576143597641,0.9831518113850835,2.994119559649605,171.5504141254909
23.00195288658142,0.07649818456880719,0.9834972040989377,2.999659453478293,171.8678266608253
23.068655014038086,0.07243505244604456,0.9840870375089983,3.008030970292024,172.34747924237487
23.10189175605774,0.06993002135044443,0.9844200545916277,3.0133061625143376,172.6497254928337
23.168574333190918,0.066267889669761,0.9848851798031621,3.0211777672497777,173.10073522216962
23.201918363571167,0.06361212757569215,0.9852111778968303,3.0264782090054054,173.40442816432198
23.268659114837646,0.05925284722809504,0.985732739156447,3.034671736698374,173.87388272045266
23.30257821083069,0.05618549208958204,0.9860736643987926,3.0403613053612655,174.19987099208623
23.36860418319702,0.052135348150434524,0.986478559716006,3.049033166902484,174.69673205891985
23.40190601348877,0.04974567882998976,0.9866855742975074,3.05478415722709,175.02623953254036
23.468515396118164,0.046044368873026376,0.9869980135829207,3.063384755543605,175.51901751736398
23.501882791519165,0.04350963374352554,0.9871948590298054,3.068039969713641,175.78574164203656
23.56871509552002,0.039131005915621936,0.9875353380916453,3.0746941350471535,176.16699723182907
23.602027893066406,0.03591887089984758,0.9877668922859215,3.0794768741451324,176.44102799665546
23.66867184638977,0.03140469386540287,0.9880542138242805,3.086484989634538,176.84256343653865
23.701960802078247,0.02861138788513487,0.9882028970666783,3.090540447649811,177.0749240648063
23.76853585243225,0.02437453231465464,0.9884153141123484,3.096790703700855,177.43303735740722
23.801912307739258,0.021163058458689044,0.9885698645715192,3.101058024754312,177.67753684359764
23.868693590164185,0.01717382587264779,0.9887167762923679,3.1069666304011654,178.0160750099695
23.90215754508972,0.014510347088683956,0.9888030222653298,3.1105418436316277,178.22091963893433
23.96860098838806,0.01045308701985323,0.9889247101767513,3.1163751467132275,178.55514328613066
24.00196146965027,0.007921315105735072,0.9889812871500978,3.120869599757681,178.81265647679757
24.068740129470825,0.004194370755653903,0.9890492640518738,3.1283603719772617,179.24184611027337
24.10197353363037,0.0015182485065904083,0.9890867805607836,3.1339082427385825,179.5597156901811
24.168577432632446,-0.002601242555407196,0.9891244635856927,3.1428964377940756,180.0747013323012
24.201964616775513,-0.005141732518280706,0.9891160038233618,3.1492606824813705,180.43934569267176
24.268800735473633,-0.009420255384221643,0.9890940202064675,3.15905559965142,181.00055310719583
24.302034378051758,-0.011954075755379406,0.9890421250155182,3.1655387950700447,181.37201284244156
24.368573904037476,-0.015816294320547347,0.9889444829400054,3.1758637407421157,181.9635886531531
24.401890993118286,-0.017942948540633302,0.9888525824538646,3.182557700385908,182.3471242889733
24.468600034713745,-0.021577487792983324,0.9887008056840589,3.1923268103649796,182.90685306037324
24.50189471244812,-0.023981409219955757,0.9885771697858061,3.199120060466553,183.2960776203702
24.568543910980225,-0.027593568066239568,0.9883686065110218,3.208808143030556,183.85116386286188
24.601890802383423,-0.029586566881616663,0.9882179424078569,3.214668226205139,184.1869218963611
24.668519258499146,-0.03328088701568303,0.9879578562408667,3.2234818918308368,184.69190773875312
24.702183485031128,-0.03595527050006074,0.987750991410945,3.2290407646630777,185.01040769089045
24.76853084564209,-0.03971066996145703,0.9874253229364789,3.2368515837435763,185.45793465874326
24.801887273788452,-0.0423756166704016,0.987177912911156,3.2422645034921653,185.76807211518044
24.86884832382202,-0.046305552808257266,0.9867859992080074,3.251390337871482,186.29094390965068
24.90186643600464,-0.04882880635678635,0.9865065275814187,3.2576269586120534,186.64827595650917
24.968586444854736,-0.052477108524632055,0.9860750920687202,3.2665519135005128,187.15963820396254
25.001970052719116,-0.054997660120711445,0.9857595764583322,3.272652032514674,187.50914927800147
25.068838596343994,-0.058762379372876816,0.9852642028099677,3.2818126024740164,188.03401127460614
25.10201597213745,-0.06141432581084921,0.9848959300044305,3.287831540705723,188.37887103243287
25.168665409088135,-0.06547923193080198,0.9843066384431,3.2965530067446833,188.87857422763196
25.201988697052002,-0.06784775622669695,0.9839277002363956,3.3016104628588687,189.16834511804743
25.26857614517212,-0.07132693454633042,0.9833547285456297,3.307670435050507,189.51555594859494
25.302053451538086,-0.07356832798094598,0.9829715739909672,3.3116281280651645,189.74231505494322
25.36859440803528,-0.07754886795784362,0.9823026360302928,3.317700507580443,190.09023677277037
25.40192675590515,-0.08059248598940391,0.9817797241275424,3.3217557634352195,190.32258581809478
25.468583583831787,-0.0848236039031547,0.9810173307362937,3.328061873074144,190.68389928555192
25.501956939697266,-0.08731208009663288,0.9805395098965978,3.3319338406316326,190.90574668500759
25.568565130233765,-0.09054766834316652,0.9798919776808457,3.3379147691046986,191.2484286440839
25.601908683776855,-0.09317775958197685,0.9793751984794321,3.342662333097965,191.52044402386633
25.668553352355957,-0.09704434577168403,0.978591312099837,3.350368920273347,191.96199894346537
25.70190954208374,-0.09962839917638139,0.97804695056018,3.35616852103782,192.2942915901305
25.76859140396118,-0.10284607462286963,0.9773244910532835,3.3650725490227518,192.8044548143335
25.801921606063843,-0.10519365312100731,0.9767912993199495,3.3702486277486576,193.10102227975534
25.86860227584839,-0.10926772022918427,0.9758630298310854,3.3767036619921837,193.4708684985218
25.901935577392578,-0.11227415568015087,0.9751605579659053,3.38064080595949,193.69645023118386
25.968584060668945,-0.1156183183798228,0.9743245508376092,3.3869179908032407,194.05610642995427
26.00196599960327,-0.11795528416123832,0.973734778226118,3.3917614028726044,194.33361349997153
26.068606853485107,-0.12218676688112459,0.9726732130114945,3.399459536213453,194.7746840505311
26.101892232894897,-0.12450398026922468,0.9720521962695361,3.405069811934998,195.09612917128032
26.168595790863037,-0.12778057771469625,0.971151598183775,3.4136968256486133,195.590420646872
26.20192575454712,-0.13062909678293522,0.9703752787330892,3.419720424018686,195.935547410959
26.26857876777649,-0.13417158441200477,0.9693568956111323,3.4278613986670243,196.4019908994318
26.301912784576416,-0.13673933832859803,0.9686064673021656,3.4325241387651078,196.6691462280184
26.36856985092163,-0.13984300734320038,0.967655846799588,3.439278301473431,197.05613124534997
26.401870250701904,-0.1422750166321463,0.9669153999212524,3.4440362862504412,197.32874369206016
26.46864151954651,-0.1461410457374367,0.9657226519951697,3.4510202621124915,197.72889603317688
26.50200390815735,-0.14830197403523335,0.9650215794310121,3.456120126152392,198.0210967187537
26.568612575531006,-0.1518875861223947,0.9638579929156517,3.464097460603223,198.47816431455064
26.601878881454468,-0.15443363295353363,0.9630143852028328,3.4689119006781346,198.75401141156172
26.668660163879395,-0.15789525097083346,0.9618341993149213,3.4752911834887894,199.1195173929326
26.701943159103394,-0.16069310481055063,0.9608799942776148,3.479555079838926,199.36382065807666
26.768824100494385,-0.16500394058215306,0.9593846969271734,3.4867803258578967,199.7777967609074
26.801918506622314,-0.1681489835142826,0.9582722213179304,3.4922418410224716,200.09071852958422
26.86881113052368,-0.17244459205248872,0.9567038871595589,3.5000089701873143,200.5357422496627
26.90199589729309,-0.17506315965006006,0.9557146693498851,3.504785723106858,200.80943003172933
26.96860957145691,-0.17931982053646303,0.9541003794886658,3.5118102745523303,201.21190718252743
27.00194001197815,-0.1815401795469272,0.9532163971114422,3.516506233555531,201.48096581417727
27.068610191345215,-0.1853272211668537,0.9517199802533133,3.5235049193469012,201.88196097216095
27.101886749267578,-0.18780294421377672,0.9507217450420705,3.528298729535052,202.15662606372882
27.168692350387573,-0.19167755226346012,0.9491456473874639,3.5351315652763,202.54811871380846
27.201961040496826,-0.19413588632856782,0.9481213077206561,3.5398660096758268,202.8193823962407
27.268642902374268,-0.19798546836354342,0.9465040250646108,3.54651435968531,203.20030479250985
27.301896810531616,-0.20031266676457035,0.9454981510402167,3.5504552243962726,203.42609970808005
27.36862564086914,-0.2036929170967498,0.9440226256036054,3.5570673366209444,203.8049458322206
27.40196204185486,-0.2061781755294332,0.9429291763434287,3.562147775325487,204.09603352806582
27.468595027923584,-0.20981265729163312,0.9413051953454555,3.568775393518681,204.47576807875993
27.501955032348633,-0.21225008496322895,0.9401967404094543,3.573710503123713,204.75852903056276
27.5685715675354,-0.2156102235848243,0.9386382901131707,3.581254336090476,205.19075882090993
27.601922035217285,-0.21828629314799736,0.9373928721488883,3.5866306871516254,205.49880104589448
27.668536901474,-0.22190035844767428,0.9356685567950218,3.595559526674355,206.01038586649648
27.70192050933838,-0.22405686774661665,0.9346059767025674,3.601422615096481,206.34631608799634
27.768792152404785,-0.22735737056414373,0.9329637473210373,3.609518484111422,206.81017521404317
27.801878452301025,-0.2291291334185168,0.9320475377421387,3.615361250340686,207.14494105966156
27.868576288223267,-0.232585766448623,0.9302880439542823,3.623672033861244,207.62111387983643
27.901925802230835,-0.23508687585957544,0.9289936516137499,3.62855972484683,207.90115794487465
27.968597888946533,-0.23858584454157292,0.9271454145640199,3.6354456599865115,208.29569296637922
28.001943349838257,-0.2410671374988544,0.9258180879240686,3.6396474006998063,208.5364349758593
28.068567752838135,-0.24483984392963085,0.9237767819095907,3.6456975661461652,208.88308392129153
28.101908206939697,-0.24754128361520528,0.9222980989714058,3.650730267797395,209.17143648545553
28.168760299682617,-0.2509742833017511,0.9203699516532607,3.6586317342880577,209.62415716733454
28.20193600654602,-0.25353215238230176,0.918922251295512,3.663327492640717,209.89320430255523
28.26856541633606,-0.25692058785854605,0.9169634464806576,3.670849626918406,210.3241908495975
28.30195164680481,-0.2592291996494839,0.9156105564557798,3.6761179211775965,210.62604187588212
28.368546724319458,-0.2628158114546207,0.9134907113352163,3.6845892208397,211.11141159351126
28.40194821357727,-0.26569300949776076,0.9117783685068958,3.6905636467146867,211.45372098116172
28.46857237815857,-0.2690323097981784,0.9097196973958335,3.699410439788156,211.9606048864971
28.501921892166138,-0.2714515835159067,0.908210010844156,3.704751372868198,212.2666178106453
28.568557262420654,-0.27475407351085984,0.9061135084150279,3.712435124592578,212.70686435527867
28.601868629455566,-0.2771204086260348,0.904597643660951,3.7169578941017694,212.96599995986577
28.668580532073975,-0.2806293629867749,0.9023238284888925,3.7232888976421896,213.32873974281424
28.70217251777649,-0.2827431608769505,0.9009241392756117,3.7279598358997936,213.59636479134113
28.768515825271606,-0.285723147169436,0.8989266079878007,3.7357044177984298,214.0400966482264
28.801949977874756,-0.28794188909282986,0.8974327928595351,3.7415403673205296,214.3744719252941
28.868818044662476,-0.29158507326716254,0.894960885156017,3.749649117214977,214.8390690713731
28.901943683624268,-0.29377416939629886,0.8934337798998555,3.755074316376409,215.14991008634107
28.968565464019775,-0.29730595968840046,0.8909558631137346,3.763533609365088,215.63459187225698
29.00186800956726,-0.29935867125731574,0.8894732294838585,3.7692094782200427,215.95979520271564
29.06853985786438,-0.3028551136813794,0.8869464405105967,3.776943720900433,216.40293466603194
29.101853609085083,-0.30511307838539975,0.8852821331458851,3.7818054704454394,216.68149239601047
29.168513774871826,-0.30836413699706466,0.8828550490187435,3.7887236215780757,217.07787325794416
29.202046394348145,-0.3103831780178468,0.8813193668760512,3.793159135052433,217.33200945999826
29.268670797348022,-0.31380576210897093,0.8787196383940157,3.8001381263855354,217.7318762086434
29.302069902420044,-0.3163570681729546,0.8767632377044818,3.8052309875978256,218.02367566175351
29.368848085403442,-0.3197001814426057,0.8741438243427545,3.814575389933613,218.55907047766632
29.40206265449524,-0.32200020183050565,0.8723130983334021,3.8214640430755877,218.953761229231
29.468642234802246,-0.3251820349119364,0.8697299517908231,3.83133689808465,219.51943415299488
29.502014875411987,-0.32701877433148463,0.8681931722443088,3.837881177657993,219.8943937525011
29.568569898605347,-0.3304417761627362,0.865349927778716,3.848626610317951,220.51006169295874
29.60199737548828,-0.33214430260551786,0.8638662774041473,3.8559918976710756,220.93206157319383
29.668604135513306,-0.3348265319563408,0.861519845419068,3.8670673401706743,221.56663768466066
29.70224928855896,-0.3369414844625379,0.8596603247644736,3.874460546577094,221.9902372088176
29.76863169670105,-0.3396826742304505,0.8571818813597485,3.884825259109043,222.58409149276463
29.802056789398193,-0.34134532129078665,0.8556387181320894,3.8913451314272285,222.95765265956084
29.868908405303955,-0.34421720527808364,0.8529775465887776,3.9007010904955908,223.49370962747514
29.902060985565186,-0.3456501258352236,0.851588627208261,3.9067400906490555,223.83971884874754
29.968656063079834,-0.34866991116903656,0.8487218629356749,3.9161598694516107,224.37943241808074
30.002047777175903,-0.3506889316875003,0.8467615348213102,3.9225860029966135,224.74762274879686
30.06868886947632,-0.3534103448480056,0.8440594217501706,3.93208255776969,225.29173525720893
30.101981163024902,-0.35529824551323946,0.8421573158555165,3.9382141659348777,225.64305052670215
30.168688774108887,-0.35839673555331975,0.8390147969149534,3.946908062772826,226.14117412303872
30.20207381248474,-0.36044007530371824,0.8368984598670348,3.952988484656752,226.48955663464668
30.268607139587402,-0.36323204819566635,0.8339486701553518,3.9620638825328665,227.00953863035002
30.302053689956665,-0.36495548066995787,0.8320853898408654,3.968298825043803,227.3667745217334
30.36862015724182,-0.36767498300847773,0.8291295978485079,3.9781948909731297,227.93377733326702
30.401970386505127,-0.3694652647393719,0.8271449523597036,3.984381395274207,228.2882379196583
30.46857976913452,-0.3720351533403198,0.8242526301009566,3.9930482943835677,228.78481466009032
30.501972913742065,-0.3740789437340871,0.8219455457234572,3.9991771188010703,229.13597043258994
30.56857395172119,-0.37691945986343595,0.818672712913602,4.008758636240161,229.68495094318087
30.602234363555908,-0.3781780237834296,0.8171374862704122,4.014351569282371,230.00540240159876
30.66860294342041,-0.3807285774659861,0.8141031233469025,4.022376101099954,230.46517420731467
30.702001571655273,-0.38252547229277073,0.8119385829611486,4.028101106092883,230.79319283110087
30.768617868423462,-0.3851513273127106,0.8087288864087648,4.036384612192671,231.26780277018958
30.802074193954468,-0.38682012095764673,0.8066453781099772,4.041593775958019,231.5662658687365
30.868683576583862,-0.38922491035143897,0.8036047924495077,4.050058590695124,232.05126402753274
30.901976823806763,-0.3907814869779155,0.8016021207438915,4.055720473285129,232.37566600403866
30.96864628791809,-0.3933055081268104,0.7983396955614533,4.064000611326488,232.85008296759423
31.002155303955078,-0.3948326018700509,0.7963152126006414,4.0697768251516155,233.18103564133915
31.068657636642456,-0.3973151243805555,0.793009989760186,4.078910666616892,233.70436620804108
31.102416276931763,-0.3987266269167649,0.7910691555958298,4.085419876090403,234.07731643883983
31.168684005737305,-0.4009737140656553,0.787963852323255,4.095072696710316,234.63038232075772
31.20198345184326,-0.4027755122449911,0.7854604202877785,4.101055712780481,234.97318389033714
31.268715381622314,-0.4049103987250949,0.7823917765770452,4.110000278037857,235.4856697291641
31.302011013031006,-0.4063472043121441,0.7802959026528766,4.116087496470726,235.83444165434173
31.368595361709595,-0.40858060181235345,0.7770109274954594,4.125606776734927,236.37985623748264
31.40206480026245,-0.4099036944998114,0.7750049280968319,4.132016143427835,236.74708589833799
31.468680381774902,-0.41224300265235114,0.7714662605516122,4.142001971747846,237.31923171601684
31.502116203308105,-0.413373525098611,0.7696626065916722,4.14850621947923,237.69189765993264
31.568652153015137,-0.4156455452352712,0.766103520998795,4.157857836984251,238.227705874591
31.602011680603027,-0.4169017658107842,0.764055921518383,4.163946331061869,238.57655088882893
31.6688392162323,-0.41897295627570263,0.7606740170573467,4.173276854766173,239.1111505177323
31.702000617980957,-0.42034887736668985,0.758379838756027,4.179381587081602,239.46092591446356
31.768630981445312,-0.42229854700115876,0.7550689335986135,4.18805760917207,239.9580253632096
31.80203080177307,-0.4236400271508183,0.7527554097364992,4.19344223293451,240.2665415790633
31.868898630142212,-0.4257684784314436,0.7490549096497294,4.201962252217333,240.75470272533914
31.90196204185486,-0.42671541307820615,0.7473048865661293,4.207567095438114,241.0758365867224
31.968846559524536,-0.4285482215513827,0.7439918419945748,4.215506983340093,241.53075865331277
32.00196051597595,-0.42969387146505744,0.7418713100112804,4.2201338931473975,241.795861057459
32.06885766983032,-0.43162645989385573,0.7382943013394856,4.226570029791693,242.16462452354665
32.1020028591156,-0.4328785186626328,0.7359304260164695,4.2315187682334034,242.4481663501708
32.168784618377686,-0.434720178226575,0.7324052210070311,4.239337317473533,242.8961362235454
32.202136278152466,-0.4356739949176603,0.7305019242642151,4.244859896771454,243.21255670934264
32.268765926361084,-0.43751786933910597,0.7268774899781788,4.252740905915611,243.66410527160684
32.303667306900024,-0.43844941150767347,0.7249592049152505,4.257476193998542,243.93541729353737
32.36871576309204,-0.440038988692267,0.721705862279478,4.2639436084523314,244.3059728461014
32.402040004730225,-0.4410829404118214,0.7195350762138967,4.2688855434356014,244.58912486327083
32.46874260902405,-0.4427636692820357,0.7160195154794862,4.275726907124936,244.98110612878375
32.50223708152771,-0.44383190850219967,0.7137347808561162,4.279850792199552,245.21738733875623
32.56867861747742,-0.44543114949723206,0.7102734019952729,4.286029443398553,245.57139797554242
32.602304458618164,-0.44648324282169854,0.7079594781014033,4.290493080040996,245.82714551643437
32.668654918670654,-0.4479753663340075,0.7046259189404485,4.296906150152399,246.19458736753924
32.70225238800049,-0.44888593824540207,0.7025442190686864,4.301143576059307,246.43737398800445
32.768714427948,-0.45038958782465915,0.6991066465050136,4.308085812748546,246.83513485067874
32.802271127700806,-0.4515678236832813,0.6963960368544737,4.313072987556215,247.12087891885213
32.868754148483276,-0.4531142201428569,0.6927380851769754,4.319783895097983,247.505385597698
32.90203309059143,-0.4540261634646894,0.6905163984132375,4.324099392587531,247.75264539034836
32.96866178512573,-0.4553501045829791,0.6872539654008949,4.330785406933593,248.13572579414165
33.0020432472229,-0.4562467844494414,0.6850147092511911,4.335631518423154,248.41338752954337
33.068644762039185,-0.4576331819376435,0.6815194734458581,4.342777964892727,248.82284875076607
33.102030992507935,-0.45844816717452436,0.6793973479043788,4.347886103487241,249.1155235333996
33.16877245903015,-0.4598996619765361,0.6756312534908363,4.355709344346851,249.56376221676953
33.202008962631226,-0.46083976248268943,0.6731229569842163,4.361106264995325,249.87298299229408
33.268656730651855,-0.46225930520594727,0.6692726234135866,4.368563891980443,250.30027354372424
33.30218195915222,-0.4631133506715132,0.666875006170646,4.373867438893384,250.60414439828537
33.36867642402649,-0.4645382583884533,0.6628609858532266,4.382308827180976,251.0878003203956
33.40197157859802,-0.46535501587341455,0.6604569647447707,4.388104479692384,251.41986674882364
33.46870183944702,-0.46672972150951597,0.6563983440130758,4.3959280938128735,251.86812681846666
33.502105951309204,-0.4673236508381555,0.6544958940798321,4.400838744481636,252.14948637644983
33.56890606880188,-0.4683910267521683,0.6511512822076962,4.408676162127904,252.59853732986235
33.60207390785217,-0.4692456634478284,0.6484683398156147,4.414113081154074,252.9100498436163
33.66868758201599,-0.47031951393258253,0.6449574201745597,4.42214860424988,253.37045140318588
33.70213985443115,-0.4710476167239034,0.6425241437481066,4.427686582751634,253.68775419837056
33.76868939399719,-0.47211346709690494,0.6388855976972255,4.436029375266638,254.1657609988336
33.8021285533905,-0.47276512206714155,0.636572883329964,4.441548997992512,254.48201208553067
33.868820667266846,-0.4739086921406526,0.6325161284844194,4.44979298513711,254.95435775527628
33.90204215049744,-0.4746041584210308,0.6299343421157514,4.455540939390206,255.28369127481292
33.96873593330383,-0.47561843428468087,0.6260769675387526,4.4640937124991575,255.77372907708883
34.00206518173218,-0.4762767165293572,0.6234832645391722,4.469340335396865,256.0743384258242
34.06889533996582,-0.47708114945059377,0.6201590992823753,4.476851527516353,256.5046980333828
34.10209107398987,-0.4777137004468928,0.6175524065797099,4.481629624742334,256.77846283853467
34.16876578330994,-0.47865114872669345,0.6136030822278312,4.488238964482894,257.15715011103686
34.202072858810425,-0.4793247924774041,0.6106968703009534,4.492600591745731,257.40705294500657
34.268736124038696,-0.48030692243293643,0.6063541439668708,4.498956826551948,257.771238372997
34.30217218399048,-0.48093378543219656,0.6034770339494903,4.503062982104679,258.00650375619267
34.368762731552124,-0.4817757126708704,0.5994803889333558,4.508636506125445,258.3258431595973
34.40209221839905,-0.4823428581045558,0.5967315171791072,4.512318695970757,258.53681709709963
34.468913316726685,-0.483111724518978,0.5928925595573873,4.518780678960562,258.9070614497008
34.50204086303711,-0.4836247004311592,0.590265571091414,4.523830771481105,259.1964104372785
34.568875312805176,-0.4844382417708794,0.5860401455748069,4.531610495414464,259.64215578443685
34.602076292037964,-0.4850012595898191,0.5830104234994696,4.537129586609257,259.95837641664633
34.668774127960205,-0.4856783038428974,0.5791214594707998,4.5454213473061635,260.43345930931156
34.70208978652954,-0.48614536388602947,0.576356811644828,4.550025427726774,260.6972536859513
34.76874136924744,-0.4867685032635727,0.5724981705796168,4.556779058115441,261.08420820361323
34.802196979522705,-0.48710400953605765,0.5702608910770488,4.561994614993724,261.3830376005493
34.86873722076416,-0.4878053056740763,0.5657749300704865,4.570976367493219,261.89765411140144
34.902087926864624,-0.4881296228828673,0.5634017316592219,4.577387835581231,262.2650041733273
34.96872162818909,-0.4886439246107137,0.5595819347052162,4.586849770940777,262.80713313545493
35.002049684524536,-0.488914807474064,0.5573288906379642,4.593051290344649,263.1624540238653
35.06889343261719,-0.4893677251951365,0.5535623253599237,4.602429040047299,263.69975950315717
35.10204863548279,-0.48966785517316447,0.5508970915739864,4.608191232541101,264.02990881379395
35.16886568069458,-0.49006424136486315,0.5471003897671268,4.616680635264265,264.51631576041814
35.202085971832275,-0.490306036967965,0.5445731197544851,4.6221006730032945,264.82686104766617
35.26885938644409,-0.4906457074979795,0.5408187450830451,4.630766475092634,265.323374933481
35.302271604537964,-0.4908560203603068,0.5382469853779537,4.636582761287059,265.65662358486173
35.36889314651489,-0.49111248266391455,0.5347375610211849,4.645208376961141,266.1508349586885
35.40208148956299,-0.49127247163328785,0.5323358646916477,4.651294666470148,266.4995536604494
35.46873950958252,-0.4915062413188134,0.5285837274659552,4.660427524130274,267.0228278592683
35.502108335494995,-0.49162910950311944,0.5261771538955423,4.666599422727951,267.37645160049794
35.56870675086975,-0.4918403151081729,0.5219899570458252,4.67609103580473,267.92028097056857
35.602054595947266,-0.49194058794952744,0.519315678046717,4.681678810902939,268.24043690056425
35.66877198219299,-0.49205512670230334,0.5154729997945848,4.689340328118586,268.67940950168764
35.702112674713135,-0.49211129067790554,0.5129382044293407,4.695034479574316,269.0056603480092
35.768755197525024,-0.4921763671325142,0.5091189671144242,4.703590891623685,269.495906646213
35.802042961120605,-0.49219762656882693,0.5065774240186346,4.708980124568089,269.80468694874014
35.8687469959259,-0.4922157085857336,0.5026195382368956,4.717223156304492,270.27697787762844
35.902111291885376,-0.4922056055186059,0.4999456966702663,4.7225009805574825,270.5793749323366
35.968581199645996,-0.4921637975930234,0.496112644156333,4.730920498365206,271.0617777682544
36.00208067893982,-0.4921123345949513,0.49370807341518197,4.736679077630127,271.3917200561259
36.068710803985596,-0.4920161724769493,0.4903397263332962,4.7446436307827025,271.84805533747607
36.10206985473633,-0.49193804805315344,0.4880656927722774,4.749174138102333,272.1076342859441
36.16880822181702,-0.4918081773686089,0.4844805645352509,4.755818603007876,272.48833408215444
36.20207357406616,-0.4917018653075277,0.4816647185925911,4.759664527532443,272.708689325738
36.26873588562012,-0.4915217964438994,0.477738550212445,4.765007871173499,273.01484036485857
36.302157163619995,-0.4913795272658027,0.4747926072151779,4.769302904474243,273.26092764585934
36.36883091926575,-0.49114823617203085,0.4706539123138355,4.775389850675682,273.609683973325
36.402055740356445,-0.4909822879794707,0.46812369155149514,4.779375928725045,273.8380694223632
36.46868181228638,-0.49070414522594014,0.463847492843497,4.786194157710259,274.22872516696975
36.50227928161621,-0.490498256873131,0.46104354279218557,4.79093086057105,274.5001182497006
36.56886029243469,-0.49019833255813006,0.4574473198424043,4.798195737161494,274.91636501701646
36.60202646255493,-0.48999240625724616,0.45518669904405695,4.803190091360891,275.20252043403536
36.668657541275024,-0.48967538489855356,0.45183939074596935,4.81040480819664,275.61589325910575
36.702049016952515,-0.48943165523565,0.4493065946827247,4.814959283178749,275.8768454534785
36.76872110366821,-0.4890304562632549,0.44528242155087094,4.821696196001971,276.2628421251967
36.80201029777527,-0.4887419474687375,0.44261712600721415,4.826030015294672,276.5111516798408
36.868650913238525,-0.48831869999460564,0.4389624066215212,4.8330837546602226,276.9153011752722
36.9020049571991,-0.48798937241624996,0.43616960116656867,4.838007188115562,277.19739313297663
36.96863532066345,-0.48750653010055467,0.4323653330295045,4.845266610391463,277.613327391089
37.002004861831665,-0.48715431550861127,0.4297115784133055,4.850320952343114,277.9029198531345
37.06861758232117,-0.4866095839751972,0.4257732967584082,4.858625316201143,278.37872485374055
37.10198712348938,-0.4861748434310389,0.4227170551958258,4.86402808970016,278.6882809728994
37.16867971420288,-0.485577037150991,0.41886053776279925,4.87206592543744,279.14881503706494
37.202030181884766,-0.48516877306873474,0.4163619742802494,4.877802427655867,279.47749240334826
37.26866793632507,-0.4844360274763741,0.4118546705671762,4.88665614477958,279.9847730275397
37.30228638648987,-0.48404216783805465,0.40976525557390314,4.892858440823382,280.34013841414026
37.36868953704834,-0.48339269335237844,0.4062766904638803,4.902362506910853,280.88468128916577
37.40184259414673,-0.48289224407973413,0.40364139049908565,4.908599250495272,281.24202037445826
37.46866273880005,-0.48210268234813913,0.39962116653032004,4.918073637651811,281.7848627720009
37.50211429595947,-0.4815344253389063,0.39686600231992564,4.9244672646968795,282.151190617464
37.56867527961731,-0.48076561569778564,0.3933702979218147,4.933673279277758,282.6786563990843
37.60199999809265,-0.4801575374179121,0.39062231669864983,4.938954140459968,282.9812274570194
37.6686110496521,-0.4793184037282826,0.38702080183782495,4.946682343951925,283.42402090032675
37.70223903656006,-0.47867431760746343,0.38428212879523677,4.951954125867134,283.72607175458165
37.76862359046936,-0.4777586160131111,0.38054837159162347,4.959896730121397,284.1811494566935
37.80209469795227,-0.47719210506156773,0.3783558555383384,4.9651750566165305,284.48357528775676
37.868706941604614,-0.4762456485695521,0.3746867215553863,4.972965731094495,284.9299480549044
37.90206027030945,-0.47553139761373064,0.37196551350306933,4.978461289184561,285.24482033953416
37.96876811981201,-0.47448933453858677,0.3681321351031321,4.986405923996635,285.70001438403875
38.00226402282715,-0.47367060363334224,0.36515937893389977,4.99189496988575,286.01451354703863
38.06864404678345,-0.47265868187784843,0.3616979685167012,5.0001029871399645,286.4847982938757
38.10227847099304,-0.4719347142038864,0.35926117758950293,5.005265676198979,286.7805985878956
38.168670892715454,-0.47082969371618266,0.35560308021604703,5.013795417260569,287.26931675106414
38.202266693115234,-0.4699667630818589,0.35278093669652555,5.019778332815967,287.6121125615716
38.268617153167725,-0.4687529801900644,0.3489591338170341,5.028559694443079,288.1152475211832
38.302205324172974,-0.46784594652996253,0.34615664863811507,5.034815897110635,288.4737015298127
38.36864352226257,-0.4666851449862681,0.34274112220773306,5.045007625144379,289.0576445320914
38.402143478393555,-0.4659712965562783,0.34073201833936306,5.0520943943166685,289.46368649604705
38.468677282333374,-0.4647192003380492,0.3371789537947443,5.063298531794827,290.1056362866299
38.50201630592346,-0.4638040509533771,0.33465540567857355,5.0704922414286795,290.5178054876922
38.56867027282715,-0.4625169434885101,0.3312315637689795,5.080909442022107,291.1146671160368
38.60213541984558,-0.4617769816164583,0.32937255857013703,5.087719970904717,291.5048816772623
38.66861152648926,-0.4604695663644059,0.3260454425037636,5.097572652338016,292.0693987402772
38.701972246170044,-0.4594730765846023,0.32355074053867405,5.103362267032805,292.40111922729557
38.768606662750244,-0.45824060490474133,0.3206076130768371,5.11105497197411,292.84187875347175
38.80205249786377,-0.45730677299018835,0.31837962431195815,5.115950967362646,293.12239862575035
38.868669748306274,-0.4560106310936206,0.3153618251320196,5.1235157465832355,293.55582854803845
38.90200877189636,-0.4551003961572483,0.31327273501219255,5.128529888632651,293.84311772534903
38.96864032745361,-0.45367370858515177,0.3100307040831625,5.1368541143936,294.32006072916545
39.001983642578125,-0.4526834030278959,0.30782892224283176,5.142911418490524,294.6671186891465
39.06863594055176,-0.45141665519402885,0.30511173365551925,5.151621308160983,295.1661586072884
39.10197114944458,-0.45034387157295935,0.302794610739553,5.157483248403915,295.5020230429663
39.16981077194214,-0.44864854326408066,0.29919238974248646,5.166198583731401,296.0013749742725
39.201966762542725,-0.44753625600208596,0.29690350040670976,5.171514801994924,296.3059718437427
39.26860737800598,-0.4459248626585248,0.2936495309725252,5.179206809542254,296.74669141218754
39.30198431015015,-0.4446067352881118,0.29099195458999205,5.183879599852172,297.0144225754954
39.36860513687134,-0.4429941802482328,0.28785655395914284,5.190275052829709,297.38085503918273
39.402048110961914,-0.4418840958250168,0.2857201571766813,5.1948611061177505,297.6436165372096
39.46864581108093,-0.44001073686821945,0.28211736851224134,5.2017038866104,298.0356789795729
39.502058029174805,-0.43869635753017305,0.27963248063718626,5.206693841508617,298.3215823352013
39.56864881515503,-0.43686898189752227,0.2762498130104572,5.214590914556625,298.7740512913587
39.602055072784424,-0.4356427766848713,0.2740222637349992,5.219188739745014,299.0374872695923
39.668596506118774,-0.43371961160459915,0.2705530969238131,5.2256216842035546,299.4060678369088
39.702014207839966,-0.43259557946273175,0.2685841204308026,5.230668563871274,299.69523274157945
39.768672466278076,-0.4308521563285576,0.2655440804255903,5.2387189058959045,300.1564833632276
39.80199217796326,-0.42951220264873397,0.26322052402280915,5.243951618118927,300.4562956890133
39.868842124938965,-0.42752466716781445,0.2598286635176485,5.251366469831604,300.881135397865
39.90202045440674,-0.42615482450561754,0.2575301813956006,5.2560719638769,301.1507403471844
39.96867346763611,-0.4241737815091502,0.25425696123954855,5.262948562274462,301.5447404127712
40.00203990936279,-0.42304531913286403,0.25244831628507747,5.267814858691088,301.82355865930344
40.06869316101074,-0.4209915976321802,0.24912377439666755,5.2752282072929635,302.2483122462502
40.102009773254395,-0.4197042078369459,0.24709089665699227,5.280361914794916,302.5424520193667
40.168641328811646,-0.41789105779192154,0.24427128598046022,5.288283118649392,302.99630356889094
40.202011585235596,-0.41665207032151536,0.24236905662580446,5.292957224487614,303.2641101064185
40.26865220069885,-0.4149185408885098,0.23974744491412858,5.299882507589214,303.6608996000735
40.30198097229004,-0.4133695642639288,0.23738461548339346,5.304970221909571,303.95240415799816
40.36860489845276,-0.41128384646220717,0.23427759493885186,5.3125941961292495,304.3892257039023
40.402244567871094,-0.40984859207328334,0.2321744083539959,5.317264352740788,304.6568059674086
40.46867322921753,-0.407706393097409,0.2290715958688094,5.324188180449724,305.0535120732063
40.502015829086304,-0.40602141622265114,0.22664362084679407,5.329264719616888,305.3443763420177
40.56886577606201,-0.40371899826634755,0.2233945708738863,5.337370473689237,305.80880184013427
40.601945877075195,-0.40245905112535035,0.22167883671734978,5.342350772784931,306.09415195903034
40.668588638305664,-0.40015268802373005,0.2185037952935746,5.349063941244248,306.47878817890955
40.70193862915039,-0.3983301019223701,0.21600882776075397,5.352633751616683,306.6833232469121
40.768574714660645,-0.3957621840428964,0.21254968510942635,5.3584933972695685,307.0190562122646
40.80195236206055,-0.39415439352539966,0.21042386268393548,5.362498563510859,307.24853533413886
40.86860680580139,-0.391623909250115,0.2070947542553438,5.368341261115713,307.5832972478682
40.9020140171051,-0.38999098145972877,0.20497898019973612,5.3732461694445846,307.8643277940111
40.96864366531372,-0.3876256586663417,0.20194792427982966,5.380360370815964,308.2719415071973
41.0019268989563,-0.38618783383718946,0.20014786937715118,5.385137301026036,308.545639447263
41.06884694099426,-0.3835556453636245,0.19682450833419765,5.392708912098724,308.97946080584256
41.10195779800415,-0.38228295156570435,0.1952877848614433,5.397841421426625,309.2735319286428
41.16863203048706,-0.3800705654340088,0.19259275663577116,5.404979617006292,309.68252040869663
41.20196342468262,-0.37811240942321145,0.19019783885589425,5.409679058614257,309.9517785789012
41.26859998703003,-0.37538544860171386,0.18692543966574368,5.4171823549908575,310.3816857937162
41.30198812484741,-0.37357197948177656,0.18478911689507221,5.42220121859163,310.66924549599236
41.36863875389099,-0.3710273319898574,0.18183848153470022,5.429844231502288,311.107157878537
41.40196990966797,-0.3690945214115796,0.1796102963301115,5.43464721046146,311.3823483019877
41.46890926361084,-0.3662384983511373,0.176360322452437,5.4417625947097275,311.7900297890273
41.50203824043274,-0.3643644279081973,0.1742648605970758,5.446570482769552,312.06550148322657
41.5686354637146,-0.3619214993525303,0.17158550772786202,5.453325078476295,312.45251130954017
41.60191226005554,-0.3600264663939695,0.16950648201075857,5.457313700346878,312.68104250879816
41.66855001449585,-0.35758829285998367,0.16688354572618816,5.463677926953255,313.04568583320844
41.70201086997986,-0.35585347270334294,0.16502717146199367,5.468387800640942,313.3155417175526
41.76861572265625,-0.3534328385659702,0.16247343404643882,5.475586945482322,313.72802233306703
41.80202031135559,-0.3518555923989174,0.16083385988383694,5.4812434284206955,314.0521149323236
41.868611574172974,-0.3493515644675864,0.15824522931994645,5.490629640303158,314.58990525880427
41.90196776390076,-0.3474749531384263,0.1563276706517757,5.4972001052511,314.96636516975997
41.968626260757446,-0.3449028192202765,0.15375630622193542,5.507296405431294,315.54484055878225
42.00192618370056,-0.3429027081183102,0.1517748350109741,5.514071996803858,315.9330533481354
42.068657875061035,-0.3401865909446156,0.1491465134640738,5.52327623749507,316.46041749336445
42.10192608833313,-0.3383200508002764,0.14737320644921037,5.528808278592613,316.7773801003466
42.168598651885986,-0.33554828803404535,0.14476915439871285,5.5367347979640025,317.23153620655586
42.20224070549011,-0.3335838738541063,0.14294532917638844,5.542448674224779,317.5589172009584
42.26864552497864,-0.3308672652876021,0.14047044619878257,5.5507606863168775,318.03516041309734
42.30197763442993,-0.3291712016452629,0.13895754462328852,5.556687765646075,318.3747570434995
42.3686089515686,-0.3264664679690565,0.13655555790704074,5.564797139933778,318.83938996467685
42.40202283859253,-0.32415306047453046,0.13450146219692852,5.5697294039659955,319.1219878771671
42.468584060668945,-0.3211424180832304,0.131893941939689,5.577504158034216,319.56744847202833
42.50209307670593,-0.31920817680691044,0.1302505435688972,5.583087700881841,319.8873619119277
42.568578004837036,-0.31627769691459473,0.1277852428242312,5.590718692493186,320.3245855247575
42.602216482162476,-0.3143198800479441,0.12616354987480344,5.5956873995330945,320.6092714677812
42.668625354766846,-0.31115397134920375,0.12355367932398462,5.603230524534371,321.04146069469397
42.70196008682251,-0.30927840475084895,0.12204842898449296,5.608906503171298,321.36667031519625
42.768569231033325,-0.30629734537777875,0.11966779438428489,5.617619365080477,321.86588053007256
42.80195641517639,-0.30408768485322596,0.11792158718558941,5.62363289146684,322.21043021200165
42.86862397193909,-0.30049372689855014,0.11510853273098298,5.6320572089002425,322.69310804621415
42.90192985534668,-0.2983683862959542,0.11349650293389142,5.637490839432507,323.0044321431463
42.96863055229187,-0.2950215936860489,0.11097438537431822,5.6457887436559036,323.4798670339507
43.00197911262512,-0.2933010072155543,0.10973047768148142,5.651406709638232,323.8017527741862
43.06855583190918,-0.29021156026959377,0.1074721777725224,5.659344686586509,324.25656535119464
43.10195064544678,-0.2880392606955549,0.1059044288589156,5.664755342405186,324.5665730940027
43.168651819229126,-0.28514099781506697,0.10385730147122346,5.672953970264151,325.0363198681198
43.20198702812195,-0.28295328596457786,0.10231926541723799,5.678318265058207,325.3436713198832
43.26864147186279,-0.2801679680413726,0.10041205586518438,5.685843474309268,325.77483404992176
43.30197286605835,-0.2780601785001421,0.09897262954102368,5.691119905400398,326.07715128233514
43.36860203742981,-0.274824073766497,0.0967861469393869,5.698808411931457,326.5176702573236
43.40195441246033,-0.27270346676084906,0.09538259607690333,5.703572194140865,326.7906148724421
43.46855616569519,-0.2690563716258465,0.09297172206350415,5.71056014747362,327.1909951058434
43.50192379951477,-0.26692199716578513,0.09160290483321545,5.715140210758796,327.45341340198684
43.5685760974884,-0.26343366450418426,0.08937082660596776,5.722667598112434,327.8847009281104
43.60196495056152,-0.26151034506995097,0.08818136566757295,5.728026267868613,328.19173008894387
43.66860246658325,-0.25814478749619196,0.0860898609580035,5.735510438396027,328.6205414733209
43.70195198059082,-0.25643215964651234,0.08507024521087025,5.7405620705817935,328.90997867721774
43.76862096786499,-0.2532172644450767,0.08312674738510933,5.748527155019841,329.3663443989832
43.801926374435425,-0.25103219589983566,0.08182886207984304,5.753698075263457,329.66261630514117
43.8686089515686,-0.2477705256826707,0.07991739575679066,5.7605543509121055,330.05545196298704
43.9020733833313,-0.24545315996405942,0.07857563989983028,5.765270898186791,330.32569021570043
43.96885418891907,-0.2418980104518384,0.07654001247103423,5.773272813394961,330.7841661851501
44.0022349357605,-0.2395663346426702,0.0752341548597232,5.778765028354447,331.0988469225073
44.06858468055725,-0.23644047275088842,0.07352361703057536,5.786225224545567,331.5262846785981
44.10227036476135,-0.23432622824707902,0.07238161502030527,5.791056292703603,331.8030844945936
44.168856143951416,-0.23099205707488607,0.0705916219765976,5.797796480102525,332.189268785679
44.20206356048584,-0.22887248146284309,0.06947725744667707,5.80163023871622,332.40892697391575
44.26863741874695,-0.22514205085409525,0.06751033476143872,5.807592497632227,332.75053924616714
44.30202102661133,-0.22264718154837554,0.06621875483458045,5.812195909010209,333.014295289488
44.368486642837524,-0.2190753341610071,0.06440065233071966,5.819465276390159,333.4307993600892
44.40208554267883,-0.21680516084983,0.06327073856142777,5.824884522136115,333.7412992694767
44.46860384941101,-0.21297491111774455,0.061369713382566755,5.832877010299809,334.19923510906466
44.502018451690674,-0.21044872863336567,0.060146126354512414,5.837910885253027,334.4876548984807
44.56862139701843,-0.2066620249097422,0.05833762704134023,5.845770927841582,334.93800216559794
44.60225534439087,-0.20474252771556825,0.057464627055635646,5.8509297701233525,335.23358205551705
44.66869592666626,-0.20138390051094504,0.055921616986662995,5.857886545912319,335.6321759472436
44.70228600502014,-0.19858986518199778,0.0546353079086292,5.86169348753943,335.85029763532975
44.76861357688904,-0.19480493245860267,0.05293440485289156,5.867181824642408,336.16475618787547
44.802114963531494,-0.19260617049424483,0.05197478186439859,5.871068153796526,336.38742644620504
44.868812084198,-0.18894962778505825,0.050375081023366755,5.877155765948041,336.7362209297994
44.90203285217285,-0.18662087740663647,0.049378046899277134,5.881589759851883,336.9902700668763
44.96867084503174,-0.1832178233884159,0.04794017962783719,5.88914992793601,337.4234357905063
45.00203990936279,-0.18062692515119128,0.04685410038867527,5.894718358507347,337.7424833607555
45.06862449645996,-0.1773306665631159,0.04551768913693746,5.903754286703064,338.26020391035337
45.10204458236694,-0.17509905770537423,0.044631703717954815,5.9096646656010146,338.5988436765291
45.168896436691284,-0.17184378892697208,0.04336342355940791,5.918507956347629,339.1055269133172
45.202014446258545,-0.16921842898396167,0.04234565368324765,5.924362785350553,339.44098390495554
45.26872158050537,-0.1656592454406835,0.04101032375459483,5.933301047021662,339.95310857489363
45.30204510688782,-0.16289356591982804,0.03998502234070789,5.939495707143408,340.30803645538765
45.36862325668335,-0.15966595034947872,0.038849732642786926,5.948414085504399,340.81902189557326
45.40198469161987,-0.15726332813126365,0.03801207588722553,5.95384731118497,341.13032279621206
45.46865749359131,-0.1540823113810565,0.03693899792455581,5.962715454213398,341.6384299638594
45.50199794769287,-0.1519243697201586,0.03622682875284479,5.968872393457449,341.99119659726193
45.56896114349365,-0.14852056169158975,0.03511745744204814,5.977841542845466,342.5050910030177
45.60204243659973,-0.14596072858597797,0.034298166838979766,5.983867303186001,342.85034163888764
45.66858506202698,-0.14222032039635865,0.03313496434196052,5.993401092425119,343.3965875250563
45.70196342468262,-0.13914869721315856,0.032191347107661805,5.999443847110152,343.7428118651417
45.768677711486816,-0.1351462187068922,0.03102135780006732,6.008316453216601,344.2511747483232
45.802021741867065,-0.13257624873610496,0.030299810075094052,6.013561789317112,344.5517103690101
45.86886024475098,-0.1291030585711889,0.029358346285422905,6.020313476309172,344.93855353824847
45.90196084976196,-0.12664917115447938,0.028699941452552884,6.024866129258109,345.1994013378104
45.968782901763916,-0.12281894308690022,0.02768469593254547,6.032214915216122,345.62045575774954
46.002047538757324,-0.120752621415087,0.02717244537858264,6.038291296563536,345.96860676366833
46.06884026527405,-0.11695767799480523,0.026215915909849806,6.047922774287058,346.52044978770044
46.10214972496033,-0.11462907921254453,0.02566224363173308,6.053729156270811,346.8531309696103
46.168644428253174,-0.11106989864662306,0.02483404534154995,6.061932587716904,347.3231529689963
46.2021210193634,-0.10819578535622265,0.0241689173595272,6.0672486616068095,347.6277415664676
46.268736362457275,-0.1045927177932532,0.023385734134737976,6.074492648702608,348.0427914539041
46.30229091644287,-0.10196938217295332,0.022825771858838034,6.07891548577877,348.29620135184217
46.368574142456055,-0.0985128697723257,0.022120833996745658,6.086596879718436,348.73631280536233
46.402010679244995,-0.0962848111861658,0.021684239805018494,6.091062400237191,348.9921682844161
46.468632221221924,-0.09217941524493611,0.02086690284468982,6.096934664266492,349.3286242294815
46.502002000808716,-0.08941807947933986,0.020338958301373493,6.1012465609632365,349.5756777119014
46.56855034828186,-0.08563327884914437,0.01964644627838414,6.107721386115194,349.9466578661937
46.60202193260193,-0.08339805596394631,0.019261994932791664,6.111800024934675,350.1803466567082
46.66858649253845,-0.07952186846707156,0.018585571378229505,6.118010001938529,350.53615212990235
46.70199632644653,-0.07714848179744825,0.018195340468667606,6.122155036813909,350.7736451341961
46.769489765167236,-0.07325573931187059,0.017557869085023443,6.12891275731483,351.16083399802795
46.80205488204956,-0.0708807369028063,0.017193969445061977,6.133753028943572,351.43816113405177
46.868645429611206,-0.06699448169786452,0.016603595366014506,6.141350336048442,351.87345476682555
46.90192365646362,-0.064205920642454,0.016197671712860233,6.146760909418211,352.18345778565924
46.96864056587219,-0.060827462975861085,0.015751161163499047,6.155829373061469,352.7030424790857
47.00189733505249,-0.0580307966984967,0.015381337525476073,6.162085191720149,353.0614744856273
47.06852960586548,-0.05424435325555295,0.01492211581254714,6.17179105487679,353.61757948103434
47.101874589920044,-0.05157973077506736,0.014619509627855288,6.17807265190151,353.9774884791527
47.168516635894775,-0.047777574486009874,0.014220391625726518,6.185919137461207,354.4270589857337
47.20187211036682,-0.045383626767810964,0.013993614149019054,6.190907198377878,354.7128538242131
47.26860809326172,-0.04103285638006084,0.013571216943447945,6.199225367200075,355.1894497910023
47.3019118309021,-0.03863914605901,0.013380596908120015,6.204856673892083,355.51209989759815
47.36857295036316,-0.03467532773136601,0.013067628735732707,6.212761078152374,355.96498890127805
47.40198540687561,-0.03200522492768728,0.012877980080381973,6.218490802316012,356.29327791362863
47.4686233997345,-0.02816781820810271,0.012633721759458918,6.227416846808969,356.804702590821
47.50205373764038,-0.02563177253457054,0.012494859722379684,6.233847157060799,357.1731322292106
47.56861233711243,-0.02138150397947412,0.012272042080713946,6.243288109745116,357.7140589726047
47.60199022293091,-0.01925572787734834,0.01220887795544563,6.249484399365216,358.0690802164771
47.66853165626526,-0.01531083599388316,0.012070386959500632,6.2579061551968165,358.5516112817175
47.70192766189575,-0.01222852352081125,0.011973330625209895,6.263218370043406,358.85597877229384
47.768619775772095,-0.008102820417376005,0.011888287016506169,6.27081741590159,359.2913720282941
47.801912784576416,-0.00566294804778055,0.011871277493024588,6.275869706928731,359.5808469810211
47.86887502670288,-0.0015243001808092787,0.011835272543029343,6.282805167405352,359.9782195953114
47.90201711654663,0.0007392795893150408,0.01185010328454317,6.28707670029864,360.22296040214803
47.96858859062195,0.004843196119949674,0.01185781972148384,6.293515323835271,360.59186635667055
48.00193428993225,0.007380701605670061,0.011887714465995812,6.297505153082649,360.8204667335232
48.068848848342896,0.01121606439815645,0.011945276656381353,6.303144005653481,361.1435491871284
48.1019504070282,0.01361958022509821,0.011999034007678782,6.30662234029424,361.342843081778
48.16884732246399,0.017133677162765037,0.012089779993620767,6.311106348049338,361.5997578014491
48.201939821243286,0.019406768478070043,0.012158625365551,6.314292270210872,361.7822976951622
48.26858377456665,0.022855534348668678,0.012269074331337454,6.31903408396142,362.0539836103057
48.301939964294434,0.025266414592481728,0.012353360645874901,6.3213193377191015,362.1849190057372
48.36858129501343,0.028850788282441208,0.012488517070527935,6.323753695164879,362.32439741320655
48.401914834976196,0.03098462918529839,0.012581401936985738,6.325393280709526,362.41833874506545
48.46859431266785,0.034109738848655737,0.012720583030680733,6.328583257131005,362.6011109307624
48.50204849243164,0.03679752926916381,0.012830834244704412,6.330840204342522,362.73042448056617
48.568737745285034,0.040511757955795334,0.013002813287190843,6.334607637906698,362.9462825233894
48.6019549369812,0.04291986023431127,0.013126274139391717,6.336961676744816,363.08115901362345
48.66855835914612,0.04681103736379714,0.013328386745930829,6.3393684705272175,363.2190581395134
48.702014684677124,0.04852317432634275,0.013441869132074865,6.339906054603821,363.2498594382362
48.76863145828247,0.052488984740674004,0.013654878928493885,6.3410340835358525,363.31449073521026
48.802021741867065,0.0546201976841042,0.013783801175291306,6.3417279791951975,363.3542480279132
48.86864972114563,0.057742755072925735,0.01397324454717539,6.3421798430320795,363.3801379186811
48.9020140171051,0.06057938298310215,0.014130603135895672,6.342839889932469,363.41795582035405
48.968618392944336,0.06402926089571445,0.014338739277937078,6.344320611005779,363.5027948884908
49.002031087875366,0.06670910773716802,0.01449746209886434,6.345235716388735,363.5552265647439
49.06861853599548,0.07017962695872955,0.014715899621727351,6.34668632148081,363.63834011426
49.10191059112549,0.07272521370607707,0.014874989616623167,6.346839715969528,363.64712897106415
49.1686532497406,0.07619353514619233,0.015098478071952718,6.3460826907007455,363.60375461817813
49.201988697052,0.07900508760960395,0.0152692036713856,6.344682865324755,363.5235505320785
49.26865482330322,0.08235062741372559,0.015479856991921294,6.341232855442224,363.32587952653114
49.30203437805176,0.08557653351385272,0.0156598928903188,6.338707710924957,363.18119940303114
49.36863422393799,0.08951503621915483,0.015878596236358764,6.334658337728878,362.94918740922236
49.401968479156494,0.0923631204974761,0.01602442236845771,6.331764497997108,362.7833826060047
49.468663692474365,0.0966587919316467,0.016231927990928808,6.326794593505449,362.4986280540495
49.50199627876282,0.10001345715110192,0.01637729290091251,6.3226236216453096,362.2596489699957
49.568753242492676,0.10455890379312399,0.01655650245706029,6.315718502923478,361.864014810198
49.60198903083801,0.10776453588202514,0.01666135026678447,6.310877783038424,361.58666199097934
49.668723583221436,0.11279346985151036,0.01680210640769861,6.30354293234324,361.1664060027867
49.70199131965637,0.11599959661600957,0.016866349440032534,6.2981007966998765,360.85459459888426
49.76864814758301,0.12080064948901718,0.01693764936428669,6.288304388130992,360.2933017335014
49.802051305770874,0.12400299871624317,0.01695345424592714,6.281671605000861,359.9132712537193
49.868894815444946,0.1288082374176262,0.016946703285995825,6.2725272929369105,359.38934076590436
49.901955127716064,0.13132511599871236,0.016909172066022382,6.268389187499125,359.1522447891391
49.968666076660156,0.13605164971832787,0.016840925291768345,6.26216043541217,358.7953635829233
50.00201177597046,0.13953130179365072,0.016772384084870404,6.2570018111857,358.4997961866526
50.068647384643555,0.14375635745011248,0.01665436567930256,6.248626916216224,358.0199500510363
50.101988077163696,0.14710105697543518,0.01654326410769821,6.2435128071608705,357.7269331861949
50.16884207725525,0.15201346672768332,0.016350891772639677,6.2360199779459515,357.2976256955677
50.201948404312134,0.15521575997306958,0.01619931585009346,6.230942187283233,357.00668972134304
50.26862335205078,0.1592943610563107,0.01597431066585379,6.2232499575310225,356.5659574214964
50.30197215080261,0.16263965293402619,0.01577938645091126,6.217715237931506,356.24884134765574
50.36860203742981,0.16782186337660546,0.015448090176150538,6.209375948660977,355.7710352683157
50.402069091796875,0.17128583453181323,0.015195542012634986,6.203813966547002,355.4523571674577
50.468621253967285,0.1761258887638381,0.014807092500936477,6.195483649639912,354.975065166675
50.50227904319763,0.17932160565746044,0.014523608332542223,6.189697727782889,354.64355626367507
50.56881618499756,0.18427477069283663,0.014060098679623876,6.181609219469735,354.18011887477485
50.60201454162598,0.18745765216670304,0.013733038347264958,6.17676111973276,353.90234322118766
50.668715715408325,0.1925508954785045,0.01319272605165988,6.170036916182429,353.51707473716687
50.70207715034485,0.1955936539952426,0.012840188040665931,6.165825486203774,353.27577757367504
50.76869750022888,0.2005359827710074,0.012258118992891705,6.159129003991337,352.892097405318
50.80204176902771,0.20385469827249203,0.011844472807793511,6.154021147594644,352.5994387914286
50.86864399909973,0.20879983092675114,0.011202017605732844,6.145876976466109,352.13281215813123
50.90196490287781,0.2122422362241629,0.010729337261279705,6.140343986039164,351.81579515858095
50.96886396408081,0.2170652646304167,0.010030911814466206,6.132184935459737,351.34831599554605
51.00205755233765,0.22037088109295172,0.009527612927280493,6.126556286314641,351.02581815517215
51.06864905357361,0.22559240833971395,0.008709591293831528,6.11836786152303,350.5566559737525
51.102027893066406,0.22834155391559713,0.00823535570077576,6.113677603716044,350.28792399658397
51.168617725372314,0.2333766033572883,0.007378626639149403,6.106713501925412,349.88891035588125
51.20202302932739,0.2365280884738912,0.0068131110092649536,6.101539620639521,349.59246879449796
51.26864695549011,0.24114417962024376,0.005958711933078821,6.093370614684472,349.12441923045645
51.3020601272583,0.2442983054249204,0.005352178112405605,6.087432831280122,348.78420930172433
51.368630170822144,0.24915252687619546,0.004392056390155316,6.078889321465715,348.2947022471302
51.40225601196289,0.2521618916188548,0.003763106462531453,6.072881527561469,347.9504810122325
51.46872353553772,0.25671350955029526,0.00278682462016306,6.064416040701595,347.46544434363824
51.50198173522949,0.25985017383698317,0.0020903537601600214,6.058048912246154,347.1006347555238
51.5688316822052,0.2638143027985075,0.0011627990220536774,6.048514336742554,346.5543438197187
51.60201096534729,0.2666778713092077,0.0004771006136477657,6.042271955519371,346.19668172151864
51.66890072822571,0.2715248323052622,-0.0006970849521636333,6.033488535284967,345.6934288123975
51.7019944190979,0.27450208184939556,-0.0014583949851254899,6.028171700490237,345.38879661829117
51.768678426742554,0.2791133905621258,-0.0026570969774840983,6.020464845771403,344.9472263695815
51.80201864242554,0.2820781725749022,-0.0034576444089423133,6.015612157761525,344.6691878273217
51.868929624557495,0.28682013923872024,-0.004750800605857752,6.00706071987478,344.179226527643
51.90228533744812,0.2901912983154709,-0.005697575491559186,6.001399792294173,343.854879269145
51.96859812736511,0.29495365964832126,-0.007074765993245656,5.992270594599589,343.3318147709047
52.001951694488525,0.29788950976240625,-0.007961413447658904,5.986557073039653,343.00445409936344
52.06864070892334,0.3024936513750227,-0.009370211324409294,5.978931004368905,342.5675125502526
52.10195279121399,0.30516195270118635,-0.01022261778512714,5.973528815860535,342.25798994858894
52.168697118759155,0.30914653684039756,-0.011512148184925138,5.965309537243628,341.78705997319804
52.201974391937256,0.31232883551651464,-0.012546145481711693,5.959591026343052,341.45941343349546
52.26858949661255,0.3169701477862181,-0.0140942017477085,5.951068897972193,340.97113144537656
52.301952838897705,0.3204035762625883,-0.015262541886726044,5.94511651698734,340.63008513689056
52.3688440322876,0.3250993611292285,-0.016912636808457497,5.936708155907558,340.14832153439704
52.40192437171936,0.3279865925948646,-0.017964045283623303,5.930735635939384,339.806121347163
52.46858072280884,0.3326408657231893,-0.01967254801559784,5.922162472512648,339.3149152657351
52.50197505950928,0.33590226886993557,-0.020897458667378667,5.916569143505216,338.99444112018114
52.56861138343811,0.3405692499330651,-0.022689662767873667,5.907747138926353,338.4889774909672
52.60193181037903,0.34393350173211157,-0.024006417660811595,5.902063794030563,338.1633458149213
52.668811559677124,0.34887795564305707,-0.02598068115831771,5.893853473572518,337.69292910422536
52.70219612121582,0.3522167315781333,-0.027347649469491392,5.889124836846625,337.4219981769811
52.768625020980835,0.35692111546259425,-0.02931139226219242,5.8804762822685746,336.9264725007703
52.80196499824524,0.3598558053720843,-0.030571798847771142,5.875124641442149,336.6198460679462
52.86859679222107,0.3640613888163158,-0.03240782963411248,5.867581526576221,336.18765742174617
52.902199268341064,0.3672557801014928,-0.033809370006786944,5.862227722263418,335.8809070302836
52.968592405319214,0.37141215516635495,-0.035684694370207076,5.854644525722101,335.4464218732479
53.00225877761841,0.37458032518865886,-0.03712230031373517,5.849488415703149,335.1509985304569
53.068920850753784,0.3790985822705037,-0.03921324636241329,5.8410542837030786,334.6677583629966
53.10197901725769,0.3821222277304348,-0.040643179104993606,5.8351452750302055,334.3291971049348
53.16892600059509,0.38662214927161087,-0.04280515440820406,5.8270030369368575,333.8626812263953
53.20196986198425,0.38962393502032927,-0.044277124855880444,5.822488444629055,333.604014140936
53.26892900466919,0.3939710039153212,-0.0464402653287629,5.8166335670564955,333.2685543664625
53.30196213722229,0.3968373830402043,-0.04788739164690706,5.811891871202318,332.9968752062835
53.368825912475586,0.4013953758480053,-0.050203036721097834,5.804480360708514,332.57222693517156
53.402180671691895,0.40485884107050246,-0.051980194859346504,5.799533023182171,332.2887653750854
53.46858477592468,0.4089523587864484,-0.05415223105999771,5.7926400769146795,331.8938286455477
53.50191807746887,0.4120235690463015,-0.05578727661582553,5.787385979862986,331.59279105933354
53.56885528564453,0.416435097752276,-0.05817451150149663,5.779646822908848,331.1493700288721
53.60191559791565,0.419729916783771,-0.059975805192760766,5.7746625207281,330.8637905500974
53.668633460998535,0.4238880269854999,-0.06230950367068533,5.766785751964779,330.4124849437586
53.70195746421814,0.42703682807926685,-0.06408826351188629,5.761336999619739,330.1002944307758
53.76870799064636,0.4316587024776336,-0.06673958513610417,5.752219811556351,329.5779180337166
53.80198812484741,0.434538453489141,-0.06843738917887612,5.745940224965684,329.2181242249845
53.86864900588989,0.438869405027932,-0.07102204710897407,5.73654983941347,328.680094764842
53.90195178985596,0.44172490990534086,-0.07276260420959414,5.730956643173641,328.3596282263114
53.96860694885254,0.4459989139791276,-0.075398910228695,5.723547762960278,327.93513065916767
54.001957654953,0.448952854454672,-0.07724548937424072,5.718619545089417,327.65276457464637
54.06863355636597,0.45332206520269913,-0.08001111564171008,5.711039150453869,327.21843995498585
54.101954221725464,0.4558973521139406,-0.0816845935333625,5.705157944138845,326.88147165468934
54.16863441467285,0.4603257698973739,-0.08456222592374851,5.6966140897975786,326.3919448601602
54.201969385147095,0.46310460745089815,-0.08641241999893914,5.690446938932455,326.03859314396817
54.26862978935242,0.4671526304186152,-0.08914734730697861,5.681586400803034,325.5309217049376
54.301913261413574,0.4697915963796029,-0.09096495682716635,5.675716263728638,325.19458762541143
54.36856985092163,0.47364844088964064,-0.09365567976415816,5.667180186239779,324.7055064117032
54.40192770957947,0.4767228255898141,-0.09580889658397738,5.661855175692674,324.40040578149143
54.46862983703613,0.48044351423156323,-0.09849210842030426,5.6535720411699515,323.92581713220034
54.501927852630615,0.4831128616091555,-0.10043293007696782,5.648310367891854,323.6243454601886
54.56862449645996,0.48699921643979827,-0.1032982304729845,5.639374726127906,323.11237089987355
54.6019823551178,0.4896031752375475,-0.10525500389962898,5.633258090809884,322.7619135113302
54.66883873939514,0.4934383726977569,-0.10817080034102844,5.623647809722635,322.2112849650964
54.702186822891235,0.49619489089153024,-0.11029571020197965,5.618125663261913,321.8948892790439
54.768585443496704,0.4997721631268134,-0.11311818255764351,5.610410355469345,321.45283470488545
54.8020441532135,0.5021845633148843,-0.11504516886926469,5.605770461029284,321.1869883360837
54.868613958358765,0.5059016043282512,-0.11803213552682001,5.599365622320442,320.82001810960503
54.901997566223145,0.5080788834410851,-0.11982305883599288,5.594918509363318,320.56521730614384
54.96863150596619,0.5113884335985545,-0.12255616421567944,5.587460920507136,320.1379289393409
55.001986503601074,0.51397320017706,-0.12469714589215107,5.581688855671008,319.8072139851548
55.068660736083984,0.5177303832642366,-0.12785937782558743,5.572822334984367,319.2991997708449
55.10194540023804,0.520158012638398,-0.1299444570155586,5.566819496760129,318.9552624754962
55.16866874694824,0.523882724313057,-0.13317936389925084,5.558658899047471,318.4876946682568
55.201924562454224,0.526179139633372,-0.1352191494116416,5.553063109284122,318.16707953177445
55.26858949661255,0.5296372309215605,-0.13832019236432275,5.544720313996725,317.68907257246497
55.301923990249634,0.5322273541688287,-0.1406604363698461,5.538940626260316,317.3579208582652
55.36859941482544,0.5356572543696942,-0.14382733024475824,5.5315762726893265,316.9359744798054
55.40193819999695,0.5376981698656774,-0.14575428159000464,5.526572657331995,316.64928843752347
55.468600273132324,0.5411501862287209,-0.1490059362431549,5.518380284507744,316.1799000504962
55.502015590667725,0.5432733044821784,-0.1510519307091565,5.512876951172161,315.86458227711364
55.568564891815186,0.5466738175100516,-0.1543435762648181,5.504411032216163,315.37952085123516
55.60190725326538,0.5486666107555415,-0.15632554436024515,5.498342634466686,315.03182727178347
55.66850447654724,0.5520099823263703,-0.15965399011798806,5.489153627186086,314.5053359366901
55.70196866989136,0.554365462960344,-0.1620357999919376,5.483384146598974,314.1747690490659
55.76858615875244,0.5573880048397122,-0.16516530102244747,5.474259499801377,313.651965298016
55.801902770996094,0.5596119453658416,-0.16748637315782944,5.468132860487088,313.3009347227083
55.86856818199158,0.5631839439533723,-0.17124752795160092,5.459337840190217,312.7970171789657
55.90232753753662,0.5655559214972588,-0.17379703419635797,5.453222765008407,312.4466491796428
55.96855640411377,0.5688236981520349,-0.1773769258121305,5.443652975236979,311.89834061491257
56.00195002555847,0.5708714261890794,-0.1796711724117387,5.43743920020266,311.5423175306023
56.068817377090454,0.5741579408618572,-0.18337342232917758,5.4292979893070505,311.07586050615794
56.102030754089355,0.5762669968747859,-0.18579626835027657,5.423989587734628,310.7717115000975
56.168616771698,0.5790836664734746,-0.18908920741465352,5.415893794817352,310.3078567341257
56.2019567489624,0.5812897212200383,-0.1916749271200523,5.409773852839927,309.9572098879543
56.268632650375366,0.5843663839397544,-0.19534563483938705,5.40146605226328,309.48120797787607
56.30197858810425,0.5864095296712173,-0.19782430025228873,5.395452191907162,309.1366391608895
56.368569135665894,0.5895304598725566,-0.201650764266116,5.386512627976178,308.6244398769567
56.402018785476685,0.5916232460671941,-0.20426335622302888,5.380522517743227,308.2812318417905
56.46859049797058,0.5946126053946549,-0.2080545339527966,5.3724834609470085,307.8206278161012
56.502010345458984,0.5967554279378369,-0.2108013096006333,5.367699911854302,307.5465506419955
56.56866097450256,0.5995232287016865,-0.2144260763242533,5.360254346651897,307.1199511798082
56.6019721031189,0.6014735905999851,-0.21700282851604663,5.354950048836667,306.8160373017151
56.668567419052124,0.6044353487951849,-0.2209508234631768,5.346821273722731,306.3502927950756
56.70192003250122,0.6063325777579047,-0.22353174656492353,5.341373864655898,306.03817924626475
56.76863074302673,0.6091620647541025,-0.22742147158360068,5.333283916521667,305.5746593616936
56.80193305015564,0.6108638557170727,-0.22981958579720657,5.328653874803788,305.3093775122896
56.86864352226257,0.6135423709451406,-0.23360517286081822,5.32117210886145,304.8807039004889
56.90203619003296,0.6152225702702021,-0.23602585265994747,5.316461755146595,304.610820512614
56.96861267089844,0.617750066368405,-0.23969535581513107,5.310108814191394,304.24682380838516
57.00198173522949,0.6193978528833101,-0.2421206825947096,5.305718949906915,303.99530311224925
57.06859636306763,0.6220368513740469,-0.24601976533117464,5.298772332686625,303.5972912636338
57.101988315582275,0.6237441171887739,-0.24858824189609913,5.294434503228028,303.3487519434086
57.16891884803772,0.6262691148381495,-0.2524240408822343,5.28806757693193,302.98395393817134
57.20194864273071,0.6280263804611053,-0.2551223778002307,5.2836861823629455,302.732918520987
57.26858735084534,0.630519341983573,-0.2590019363218877,5.27739314376107,302.3723539687866
57.30197358131409,0.6323223685430908,-0.26183014221418205,5.273770960844301,302.16481817503137
57.368818283081055,0.634548402242474,-0.2654002615891805,5.2686795112317855,301.8730996006307
57.40194249153137,0.6361034039881501,-0.26790420252364233,5.265222808841968,301.6750451426614
57.468600034713745,0.6381862423025335,-0.2713058745454736,5.260544466734812,301.406995884803
57.50195026397705,0.6397283116498667,-0.2738249615941238,5.257151734280815,301.21260663417195
57.56860303878784,0.6421501502745907,-0.27780198383843685,5.251775609777667,300.90457739000465
57.601911783218384,0.6435883505221875,-0.28021368300633986,5.247619107090138,300.66642732847447
57.66851449012756,0.6459074548898688,-0.2841145849235056,5.241458273724884,300.3134375783621
57.70199489593506,0.6476117714145773,-0.28700663315601693,5.237648670139415,300.0951633712968
57.76859211921692,0.6498435834596287,-0.29086615846372965,5.231648517690466,299.7513799595369
57.8019323348999,0.6515143858220437,-0.2937699480623091,5.227153898713486,299.49385726163655
57.86887741088867,0.6537144925472803,-0.2976721180129907,5.2202583142872525,299.0987693767372
57.90198111534119,0.6554946550075338,-0.30083556099174424,5.214723285898741,298.78163561059046
57.96857047080994,0.6577348045716314,-0.304925282573677,5.206117667282287,298.2885699837684
58.00198030471802,0.6592584802350687,-0.30775397968942225,5.199692709465507,297.9204470173173
58.06864523887634,0.6615737630477659,-0.31211219216722175,5.190738934669018,297.4074335107679
58.10196375846863,0.6631187031889935,-0.31508393988017314,5.184817017997852,297.0681326788819
58.16863131523132,0.6652448179796724,-0.31926039836586523,5.176208296659477,296.5748892791888
58.20193791389465,0.6664814810826803,-0.32176660432065324,5.170027829345411,296.2207745866743
58.26892018318176,0.6685865315892686,-0.32603002533831715,5.160074950192091,295.6505166171853
58.301960468292236,0.6701724854875636,-0.32929117674154196,5.153796415108084,295.2907830553469
58.36879324913025,0.6722979439218181,-0.333783109230334,5.144265924487089,294.7447261660749
58.40197253227234,0.6736357495034994,-0.33669528680548394,5.1382657225563735,294.4009399192186
58.46880555152893,0.6756978441944975,-0.341235384481512,5.128536896577895,293.84351925103454
58.501948595047,0.6768083690886597,-0.3437951096179563,5.122117553573908,293.47571798965924
58.568623065948486,0.678649892589384,-0.34804172500945385,5.113219915184835,292.9659208623318
58.60199475288391,0.679906106193729,-0.3509979955055358,5.107709937373794,292.65022238854846
58.66852355003357,0.6817490678630298,-0.3554086247892033,5.099342588545675,292.1708086149835
58.70190477371216,0.6830182833419888,-0.35850468903609384,5.094270793769142,291.88021617973163
58.76864767074585,0.6847522008762001,-0.3628383914616671,5.087249040436889,291.47789934901164
58.802002906799316,0.68576431412234,-0.3654465475509378,5.082001513878689,291.1772382243439
58.86861562728882,0.6873698176851659,-0.3696040454960978,5.074104083755408,290.72474880928047
58.902015686035156,0.6885161210375799,-0.3726134946872566,5.068029565517017,290.37670455164545
58.968650817871094,0.6902827627470514,-0.3773269125041782,5.059737700537599,289.90161568403244
59.00195384025574,0.6911190261861513,-0.3797083190857734,5.054885864210313,289.6236259395907
59.06865167617798,0.6926575546277843,-0.3840156509747097,5.047836514041581,289.2197279266125
59.102006673812866,0.6938227159023939,-0.3873085374488464,5.042673113627092,288.9238868749262
59.168890714645386,0.6952217782529543,-0.39142768479989803,5.0349054125277934,288.47883038541727
59.202152252197266,0.6961980059769287,-0.39434704036116,5.02925998061364,288.15537096320776
59.26866388320923,0.6976799883857051,-0.39884694801692155,5.019992271543163,287.6243703477144
59.302011013031006,0.6985655467410745,-0.4016534241841618,5.014586170453539,287.3146235716578
59.36881446838379,0.6999801896989122,-0.40617091213433837,5.007035572205341,286.8820061592372
59.402002811431885,0.701004638465347,-0.409500619511604,5.0020139084925415,286.59428602235977
59.46876049041748,0.7024228555094834,-0.41424468377376206,4.99365954606869,286.1156163149504
59.50201773643494,0.7033955325143323,-0.41758287108105063,4.9878644087383845,285.7835794042252
59.56877779960632,0.7045370413428523,-0.4217082847402965,4.9795967587908105,285.30987795573765
59.60200119018555,0.7054292798712908,-0.42493680386774424,4.974633554048445,285.02550727114084
59.66864275932312,0.7066319304949471,-0.4294340226470085,4.966664012581836,284.56888618044957
59.7019829750061,0.7073618919311324,-0.4322752842267217,4.960459301518415,284.21338242341744
59.768672704696655,0.7084923063646223,-0.4367393628013796,4.950144280175957,283.6223752349072
59.802042961120605,0.7092924980506264,-0.43999721183576285,4.943575990690376,283.2460399687633
59.86865711212158,0.7103894696144014,-0.4446479217490208,4.934509897853761,282.7265911125515
59.90207552909851,0.7110976972723588,-0.4477778694790381,4.929065885085142,282.41467215729426
59.96865487098694,0.7120935343783295,-0.45232374452485613,4.92076707279756,281.9391852382445
60.00198292732239,0.7128922533502989,-0.4559907228019602,4.914723807844876,281.59293166197637
60.06880760192871,0.71386252375747,-0.460746362245882,4.905851109459854,281.0845634916221
60.101972341537476,0.7144768510958515,-0.46390069154804425,4.8996079441999845,280.72685647142885
60.168750286102295,0.7153402728714947,-0.4684988210394815,4.890476760965784,280.20367821014855
60.20227599143982,0.7159995687403956,-0.4720717478228983,4.885030970885811,279.89165742245194
60.26882553100586,0.7167372228276785,-0.47641795339099974,4.877989064249739,279.4881858924798
60.302204847335815,0.717240779645532,-0.4794517969855329,4.874080703392565,279.2642533105496
60.36884355545044,0.7179837044271046,-0.4840209271357283,4.868114581944383,278.9224197315063
60.402010917663574,0.7185363719545117,-0.48746217296592653,4.86369783187612,278.66935859343073
60.46887516975403,0.719156119195513,-0.49165408562025553,4.856399741289424,278.2512088043089
60.501938581466675,0.7195260766533472,-0.4942960537409345,4.851250686094566,277.95618967316364
60.56885647773743,0.7201852111097518,-0.4989387067099537,4.843405375454848,277.5066864845387
60.60205960273743,0.7206574458059374,-0.5023994201084785,4.8382186541638665,277.2095092450548
60.668851137161255,0.7212361352960193,-0.5069955751645217,4.8298887988434895,276.7322436912426
60.70198941230774,0.7216570801501062,-0.5104581703278406,4.824193766089964,276.4059423502768
60.76861810684204,0.7221929916638149,-0.5152376161721985,4.815133551846209,275.88683031262536
60.802252531051636,0.7225593722897979,-0.5187048580920356,4.809427978746678,275.55992505431885
60.86862349510193,0.7230431878564108,-0.523663114114155,4.800243871247533,275.03371445602335
60.901938676834106,0.7233200162734266,-0.5268569628981746,4.7940740587115345,274.68021023732376
60.96867823600769,0.7237450749285288,-0.5319674647260307,4.784549087586899,274.13446959189815
61.00222206115723,0.7239706621840223,-0.535163958673928,4.778021733249307,273.76047973696774
61.06860899925232,0.7243129336354395,-0.5402842617573963,4.768533287869777,273.21683186258025
61.10201668739319,0.724473827199421,-0.5433509362932408,4.761709980965005,272.82588517461437
61.16872692108154,0.7246967633579912,-0.5480401095244911,4.752178180762961,272.27975325187526
61.20199918746948,0.7248237966914602,-0.5512353820182891,4.745718089837816,271.90961730659376
61.26859450340271,0.7249938077776188,-0.5561809984548312,4.736334021312618,271.3719497854383
61.30201077461243,0.7250590764935374,-0.5592175523549701,4.730140777947582,271.01710307912435
61.368839740753174,0.7251286404141968,-0.5637291491658418,4.720691960941276,270.4757257432716
61.402016401290894,0.7251595552999726,-0.5669787952197198,4.714298583194074,270.109412181524
61.46864604949951,0.7251659192026167,-0.57161350882552,4.705323457987362,269.595175386578
61.502039194107056,0.7251468416760333,-0.5748240876390448,4.699710984205852,269.27360432626966
61.56867170333862,0.7250928258856681,-0.5797443892153422,4.691722122607868,268.815876273591
61.60189247131348,0.725019007854336,-0.5825426286755948,4.687164539145499,268.55474597641864
61.66852068901062,0.7249040632072798,-0.5872937159083267,4.680106436537275,268.15034648559714
61.701977014541626,0.7248030868920937,-0.5905032508223926,4.675183609294745,267.86828926132813
61.76869034767151,0.7246285625735219,-0.5949971031147316,4.667010657946301,267.40001364289657
61.80202078819275,0.724492200570678,-0.5976572960641617,4.661737698975815,267.097895348342
61.868650913238525,0.7242644746591522,-0.6023504268660815,4.653247168868088,266.6114238073405
61.90196108818054,0.7240743049933376,-0.605840084857736,4.647993100615793,266.3103878712103
61.96874141693115,0.7237726036318033,-0.6104680254361025,4.639379453667115,265.81686225483537
62.00195026397705,0.7235360159545766,-0.6138104687816085,4.633873894574801,265.50141695498587
62.068673610687256,0.7231663731916822,-0.6184468103955234,4.6255907731981365,265.0268290589084
62.10195517539978,0.7228694983259252,-0.6220546800215475,4.619772465206742,264.6934645670943
62.168588161468506,0.7224182947007625,-0.6268719180448474,4.610756846123256,264.17690764391295
62.202272176742554,0.7220900530150192,-0.6300676212226806,4.604589541256523,263.8235471040786
62.26859211921692,0.7215802395966835,-0.6347118719799734,4.595695392103923,263.3139498952748
62.302166223526,0.7211964375040363,-0.6380384803561963,4.5898946213562635,262.98159021351097
62.36891317367554,0.7206061589617541,-0.6428187910971761,4.581843871515188,262.5203162257017
62.40194344520569,0.7201621303081132,-0.6462723951013184,4.575866382799335,262.17783135019624
62.46857452392578,0.7195428597561049,-0.6506386793282163,4.567051362732978,261.6727679040709
62.501953125,0.7190651394318022,-0.6539545380451159,4.56139984883317,261.3489600097523
62.568605184555054,0.7182933758567055,-0.6591302662067156,4.5528391802952415,260.85846983271864
62.601932764053345,0.7177610372380923,-0.6624349519056622,4.546764019072941,260.5103887348193
62.668578147888184,0.7169563215551101,-0.667220267185769,4.5372030141070825,259.96258350237196
62.70194959640503,0.7163564546738032,-0.6706483750983365,4.531831330397172,259.6548086969149
62.768537759780884,0.7154771141611072,-0.6754360318124885,4.524364021033209,259.2269633860413
62.80195188522339,0.7148942648971488,-0.6784483110403821,4.52028896342155,258.9934797836206
62.86867618560791,0.7139955401459238,-0.683035897611138,4.513480931067795,258.60340826296186
62.9020254611969,0.7134070455428914,-0.6859110073786039,4.508842568417263,258.3376496592353
62.9686861038208,0.7124330967025072,-0.6906719396548909,4.502431663151093,257.97033184462555
63.00219535827637,0.7118010640773431,-0.6935962709261987,4.498249012725619,257.7306836280673
63.06862187385559,0.710819195029583,-0.6981051208702985,4.491680741993908,257.35434943644094
63.10192608833313,0.7100688234784738,-0.7015098698733768,4.487009241830327,257.0866921930731
63.16858911514282,0.7090228227894263,-0.7060500779895544,4.479988081820504,256.6844093572242
63.20197772979736,0.7082837952684151,-0.7091796121479351,4.475055602448072,256.4017991066485
63.26859998703003,0.7073054134465996,-0.7131296471652858,4.467816268633098,255.98701583256417
63.301947832107544,0.7066204943309552,-0.7158515606920747,4.462575349231745,255.68673327009842
63.36859464645386,0.705565592920082,-0.7199714030636978,4.454601737473352,255.2298789688666
63.40193176269531,0.704755187924749,-0.7230929297259808,4.4490106320707055,254.90953222648216
63.46859121322632,0.7035065504848359,-0.7277740009740465,4.440492034769032,254.42145255372475
63.50192427635193,0.7026475914420403,-0.7308709742146706,4.434075182224722,254.053793985178
63.56859564781189,0.7014797815207361,-0.7348976552033044,4.424222463630187,253.48927479298106
63.60194706916809,0.700507637760185,-0.7382477762208016,4.418194762494696,253.14391295775118
63.6687376499176,0.6990901996253686,-0.7429552997824155,4.4105463963166,252.70569385557573
63.70204305648804,0.6982070642943277,-0.7457592877460439,4.40584270136983,252.43619198700875
63.76858329772949,0.6967730666052956,-0.7503003927613285,4.3987922883091874,252.03223307481005
63.80197024345398,0.6957835049946262,-0.753359554353655,4.393970804066699,251.75598237672662
63.86882495880127,0.694409293402613,-0.7574868716903989,4.3869014507827435,251.35093826966903
63.901931047439575,0.693425655387619,-0.7604033890835353,4.3814513935575174,251.03867299255882
63.96856451034546,0.6918898823967637,-0.764890791645384,4.37258388194175,250.53060200219213
64.00229239463806,0.6909054406756558,-0.7676569356100675,4.3665677201864135,250.1859013247433
64.06860589981079,0.6893929101712684,-0.7718433482695508,4.357013030269792,249.6384579179647
64.10194683074951,0.6883646508546597,-0.7746050963885124,4.350344292454334,249.25636738645966
64.16977167129517,0.686701411372991,-0.7790217511644615,4.339707227586893,248.6469084631484
64.20185256004333,0.6854058260916792,-0.7823968084760038,4.3330182452507335,248.2636580060489
64.26879954338074,0.6835300174538953,-0.7871300526103112,4.323326787272422,247.70837836656327
64.30203819274902,0.6821669108059293,-0.7904869839491986,4.317831879218971,247.3935433262881
64.3687915802002,0.6802338781592587,-0.7951211889425472,4.309547372726441,246.91887606891737
64.40205383300781,0.6790157216647923,-0.7979472702140052,4.303468803680623,246.57059971711314
64.46861958503723,0.676830810442986,-0.803044978398152,4.294065584624821,246.0318349513787
64.50221347808838,0.6756689991019845,-0.8055917543857546,4.287693643565593,245.66674962137878
64.56857800483704,0.6737846205692033,-0.8097249426292867,4.2787966110482625,245.15698720794512
64.6019880771637,0.672490273852097,-0.8125116830219399,4.27279135413629,244.8129113319973
64.6688539981842,0.6704604529945045,-0.8168343745157765,4.264456027362973,244.33533228702387
64.7020251750946,0.6692318410618379,-0.8193589508958585,4.259284878790655,244.03904729859497
64.76863145828247,0.6672794992256851,-0.8233590521219155,4.251564672641006,243.59671206924912
64.80201053619385,0.6657434303486747,-0.8264917359124476,4.245870626666827,243.2704672665752
64.86885476112366,0.66371699445867,-0.8304981780173755,4.236518979477229,242.73465735111586
64.90199565887451,0.6621347311175934,-0.8336014041641149,4.230419019275592,242.38515537636428
64.96868014335632,0.6597842556197504,-0.8381180848484707,4.221190549372038,241.85640299952712
65.0022120475769,0.6580912098324658,-0.8413093419463581,4.215600195916981,241.53609934056595
65.06869649887085,0.655631926873715,-0.8458523869354387,4.207439455349158,241.06852334832854
65.1019926071167,0.6540124471741229,-0.8487738165553588,4.201979403069753,240.75568539679784
65.16887545585632,0.6514879676157747,-0.8532873386362283,4.192512341395661,240.2132627184823
65.20203351974487,0.6498906206376368,-0.8560602330195002,4.186114448766684,239.8466904730641
65.26864790916443,0.6472359449750547,-0.8606481576201779,4.176848976980862,239.31581804453893
65.30214977264404,0.6455938443049096,-0.863396909628884,4.17073165463596,238.96532129225494
65.36861562728882,0.6430042585036745,-0.8676971415213317,4.162286573134177,238.48145376455884
65.4020447731018,0.6413915544828431,-0.870304451848349,4.1565771395619056,238.15432731745736
65.46874809265137,0.6387662590523588,-0.8745348981577165,4.148187363707327,237.67362856992926
65.50207877159119,0.63718397570216,-0.8770083189197546,4.142136733965949,237.32695302235194
65.56871843338013,0.6342295963759876,-0.8816646463522096,4.132927224433896,236.7992869947798
65.60198330879211,0.632189007875188,-0.8848060159905411,4.126740304946455,236.44480261996216
65.66860675811768,0.6295264951557933,-0.8887871817557381,4.116969354850401,235.88496841762534
65.70199179649353,0.6276511965813967,-0.8915524349240282,4.11015678489432,235.4946369115043
65.7686619758606,0.6247321355005746,-0.8958061728184737,4.1001540448332126,234.9215221224364
65.80202674865723,0.622810549346014,-0.8985378622174154,4.093848788428275,234.56025754168564
65.86881399154663,0.6198946938067497,-0.9026319848948837,4.0853445037090665,234.0729979194974
65.90198230743408,0.6183114979289012,-0.9047664451372767,4.079950246888038,233.76392977004284
65.9686074256897,0.6155641525948639,-0.9085101888612428,4.070827848562352,233.2412548469438
66.00232982635498,0.6137220814649731,-0.9109721608014864,4.065215830621656,232.91970990439023
66.06866717338562,0.6109349629379618,-0.9146586007146414,4.056739873543457,232.4340733364754
66.1019995212555,0.6089760759253148,-0.9172125879243214,4.051681772087228,232.1442654706845
66.16864085197449,0.6059687878440896,-0.9210959617349218,4.043986574696056,231.70336313765026
66.20207738876343,0.603980901810945,-0.9236135115380667,4.03894773963789,231.41465915515477
66.26865291595459,0.6009881379575158,-0.9273648178061107,4.030424494107564,230.92631315851332
66.30219602584839,0.5993736671479066,-0.9293130875987552,4.024508394623975,230.5873456269242
66.36863803863525,0.5961230307709753,-0.9333059461396932,4.015596605153299,230.07673770234533
66.40207982063293,0.5941486802088937,-0.9356588406262891,4.009585734571248,229.73234018679443
66.4686393737793,0.5911473170420183,-0.9391970241998305,4.001274789913098,229.25615813411565
66.50199913978577,0.5888843553080663,-0.941845047213745,3.995533324358707,228.9271963896293
66.56864619255066,0.5859008297475935,-0.9452510874166822,3.9870718481096317,228.4423895121071
66.60197591781616,0.58394556159523,-0.9474450541285138,3.981329407314633,228.1133718904499
66.66863417625427,0.5809618018171219,-0.950764442679269,3.972549233755096,227.6103050020961
66.70201587677002,0.5787110981832678,-0.9532489114341839,3.9667184464146055,227.2762254962477
66.7686128616333,0.5751991420381478,-0.9570798387702879,3.958307163240723,226.79429447009483
66.80202889442444,0.5729100390186582,-0.9595196962803819,3.9522613794528922,226.44789657520352
66.86885595321655,0.5696676396445975,-0.9629175001546253,3.9422575747184085,225.87472078484458
66.90206027030945,0.5676153136884072,-0.9650167502954387,3.9357854672702595,225.50389634351046
66.96867179870605,0.5641731034483377,-0.9685319908560414,3.926206218105429,224.95504579546147
67.00205087661743,0.5618443528797094,-0.9708651194652731,3.920139297432474,224.60743684626047
67.06864809989929,0.5581788971533845,-0.9744940727444513,3.911120729085533,224.09071094273048
67.10204982757568,0.5559640175580426,-0.9766263725404534,3.9061242676606995,223.8044347905876
67.16869306564331,0.552580185169446,-0.9798622527538173,3.899790148899397,223.44151651863035
67.20203852653503,0.5501586029479356,-0.9821634116225277,3.895512278162967,223.19641258013036
67.26865911483765,0.5463473679290646,-0.9857601267998098,3.8887481073749743,222.8088541420727
67.30207347869873,0.5437920810469314,-0.9881331319562534,3.8837881436408956,222.52466915357206
67.36896395683289,0.540195214674589,-0.9914217180353827,3.876736036317186,222.12061316725018
67.40199756622314,0.5382061962571545,-0.9931884476823464,3.871788060927188,221.83711506026873
67.46871662139893,0.5348590641837117,-0.9961754646722868,3.865204775650514,221.45992059858466
67.50221991539001,0.5324532039058576,-0.9983072780422743,3.8602072825690814,221.17358533687275
67.56865215301514,0.5286576893199547,-1.0016441512981427,3.8520692143053736,220.70730837197294
67.60220217704773,0.5263269599467701,-1.003642312302936,3.8466246098035817,220.39535551290234
67.668940782547,0.5225709381475865,-1.0068462669748708,3.8388379278893634,219.94921150280678
67.70230054855347,0.5202124196299316,-1.0088140932020833,3.8336956259904422,219.6545793070165
67.76866340637207,0.5165196660835516,-1.011876355060727,3.8259817211743354,219.21260511748793
67.80206561088562,0.5141379400742294,-1.0138140260222235,3.8209802696948345,218.92604305627307
67.86896467208862,0.5104188300311923,-1.016820512556831,3.8132587803654534,218.48363430614424
67.9020619392395,0.5079060461053093,-1.0188197674108501,3.8082604214247486,218.19724943435037
67.96871089935303,0.5040302914691652,-1.0218771908218618,3.8008867902777346,217.77477148994026
68.00221395492554,0.5015979787206579,-1.023755051079821,3.796600782855388,217.52920135367805
68.06863355636597,0.4980198375145789,-1.0264926429142636,3.790294215380564,217.16786165415616
68.10206866264343,0.49548122811334355,-1.0284213446216424,3.785549670851875,216.8960192769504
68.16862201690674,0.49144223381092966,-1.0314679441570576,3.7773338121582825,216.42528524873168
68.20225119590759,0.48883712726562684,-1.0333884782103122,3.771257333158615,216.07712864775087
68.26888608932495,0.48494351612361,-1.036224243111182,3.761853872069069,215.53835001450437
68.3019552230835,0.4823340748664522,-1.0380871067328357,3.755503569703817,215.17450449034348
68.36880588531494,0.47794239893282225,-1.041206657521181,3.7459241240778693,214.62564268590162
68.40200114250183,0.4750852025117589,-1.0431830988769426,3.7399723403170984,214.28463059583495
68.46859788894653,0.4709217130263619,-1.0460175576275985,3.730646892890407,213.7503218162144
68.50193953514099,0.4683723846239495,-1.047705601548547,3.724486010022753,213.39732922982338
68.56857776641846,0.4644345128977623,-1.0502912003365277,3.7155144947943786,212.88329927140018
68.6019229888916,0.4618497955556422,-1.051954864737834,3.7095507274315325,212.54160057151122
68.66858196258545,0.4578530584776189,-1.054506218850679,3.700401574379829,212.01739271552938
68.70198369026184,0.45462893661677445,-1.0565483462809029,3.6940253471631372,211.6520618067965
68.76858258247375,0.45037323620103253,-1.059171246587441,3.6854925481322836,211.16316843489525
68.80195379257202,0.4480862789903093,-1.0605222039463116,3.6800923326020216,210.85375887655024
68.86852192878723,0.444224883143247,-1.0628200161140768,3.671358039198107,210.35332072747698
68.90193510055542,0.4416840679753964,-1.0643018198194785,3.6658335894314082,210.0367930717131
68.96854901313782,0.4375907940987219,-1.0666762101640312,3.6572186614108118,209.54319405532394
69.00193452835083,0.43445029872782825,-1.068479255296043,3.650675008875114,209.1682703824284
69.0685727596283,0.42999576433884273,-1.0709759051631746,3.6404332899729783,208.58146311437665
69.10190463066101,0.4271774080514049,-1.0725063679184001,3.6339832715164486,208.21190427903602
69.16886949539185,0.4229210759542909,-1.0747865717735978,3.6253342064892866,207.71634935624542
69.20193266868591,0.4200737106669632,-1.0762801435439098,3.6205005173301226,207.43939936794717
69.26860022544861,0.41604446899282344,-1.0783584521846465,3.6133572102854803,207.0301180225231
69.30194425582886,0.4131853060071434,-1.0798195057103779,3.607854148826489,206.7148158265218
69.36861872673035,0.4091641938696946,-1.081833771329838,3.5990170360873788,206.2084865634895
69.40190815925598,0.4065176922400495,-1.0831306942717867,3.5933504663348694,205.88381603235422
69.46862149238586,0.402263830844519,-1.085201905898572,3.5856424052780858,205.44217666557137
69.50196838378906,0.39984754691377694,-1.0863339584905636,3.5802465974525184,205.1330196501027
69.56857013702393,0.39521030498813203,-1.0885364989502604,3.572036324221337,204.66260564530677
69.60187554359436,0.39241668539380314,-1.0898156781970783,3.5665077395299667,204.3458410758106
69.66850781440735,0.38819494214255246,-1.0917229630959233,3.5584613547321804,203.88481718655922
69.70220589637756,0.3850148592086803,-1.0931459844189677,3.5523495650771735,203.5346374340556
69.7685079574585,0.38025945553494367,-1.095233025962282,3.5431575944142533,203.0079763096622
69.80192971229553,0.37726321494527293,-1.0964987414619203,3.5367073505134736,202.63840455731756
69.86859107017517,0.3729172444770236,-1.098301212802522,3.5265513731812197,202.05650991934885
69.9018383026123,0.36994509361228356,-1.0995038672454307,3.519660246273144,201.66167743142708
69.96852087974548,0.36573592912962494,-1.1011634714911351,3.5089643603385254,201.0488483092201
70.00195908546448,0.36273933663659963,-1.102320490542973,3.5026998179679207,200.68991647080358
70.06852459907532,0.35839809393304595,-1.1039565730978667,3.4941210456321414,200.19838902255984
70.10192465782166,0.35551107804968884,-1.1050161412533204,3.488248898501527,199.86193977529578
70.16866707801819,0.35115197113913166,-1.1065894884248095,3.4789298814612146,199.32799942967537
70.2019715309143,0.3480088747005196,-1.107702559291735,3.4728052396320197,198.97708330183323
70.26854634284973,0.34374734094524906,-1.1091582550448518,3.4635104438065847,198.4445307296
70.30185174942017,0.3404435572333792,-1.110276835325517,3.457468299239231,198.09834134668273
70.36851811408997,0.3360165090127574,-1.1117179362491996,3.448927883068674,197.6090115448245
70.40195083618164,0.33308627087796205,-1.1126440743242103,3.443278230215561,197.2853102806271
70.46851468086243,0.3290690397141025,-1.1138753260883199,3.4350196642287503,196.81212930475255
70.50219750404358,0.3258624308594774,-1.1148587362012063,3.4297058736250596,196.50767152994482
70.5685887336731,0.32143949926309034,-1.1161684338483635,3.420532686674007,195.982086632965
70.60196805000305,0.3179642068779056,-1.117186160152006,3.4140520324796424,195.61077249914416
70.66858649253845,0.3135984916311717,-1.118393131520316,3.4053660762134115,195.11310386405393
70.70190167427063,0.31062986235252443,-1.1191921775938858,3.399433950439258,194.77321809365415
70.76851320266724,0.30628422594908583,-1.1203306320607398,3.390953509782326,194.28732463560078
70.80199837684631,0.30291958273612496,-1.1212047743468996,3.3853486481326014,193.96618971831683
70.8685655593872,0.29826601068897407,-1.1223630187253344,3.3775279292482376,193.51809553348454
70.90193796157837,0.29487857480589214,-1.1231886367614323,3.3724647286549936,193.22799550866353
70.96867084503174,0.289624298603332,-1.1244416472466139,3.3649367417447427,192.79667363047642
71.00200176239014,0.28715686795560597,-1.1249673841116674,3.3600923773581552,192.51911199670147
71.06856226921082,0.28234677733289804,-1.126041714834203,3.3529458243141796,192.1096446692153
71.10195136070251,0.2789450554554078,-1.1267812119255483,3.347312546474828,191.78688162419587
71.16907119750977,0.2744829439514024,-1.1276997040903158,3.339876456797651,191.36082506961284
71.20199346542358,0.27159687492404044,-1.128270951450457,3.337152016813439,191.2047261569808
71.26858973503113,0.26763057617522706,-1.1290357516004026,3.33364376957264,191.0037183965946
71.30192303657532,0.26446929858200946,-1.1296596366393583,3.3297764333783713,190.78213635470482
71.36861181259155,0.2599772894628606,-1.1305175266157088,3.3230796156450437,190.39843696241678
71.40188789367676,0.2569463207484333,-1.1310757691441269,3.3187855503094745,190.15240514173524
71.46858143806458,0.2520105066265161,-1.1319742625016957,3.3127640476057088,189.80739845048285
71.50189232826233,0.24870969457841358,-1.1325496545797509,3.3079849468905844,189.53357614963826
71.56853604316711,0.2439674149027657,-1.1333454882499805,3.299712523143175,189.05960118256792
71.60189437866211,0.24119788422344526,-1.133772642259453,3.294436337733475,188.7572980266636
71.66857862472534,0.23621734385489843,-1.1345538800664206,3.2871981305149753,188.34257930180243
71.70184874534607,0.23277433329237673,-1.135067283924755,3.2830313263702897,188.10383901025432
71.76852107048035,0.22840892069429963,-1.1356717597462551,3.275779736884324,187.68835353794705
71.8018536567688,0.22522153450173,-1.1361041012393867,3.27049272113513,187.38542984929902
71.86854362487793,0.22047953926345293,-1.1367207504721248,3.2622786151654206,186.91479624476148
71.90189933776855,0.21756354059726413,-1.1370660971738462,3.257431585444374,186.637081898571
71.96858596801758,0.21297867201718637,-1.1375992459518691,3.2508375962539735,186.2592741478062
72.00192475318909,0.2103250696239113,-1.1378755339158144,3.247141750689472,186.04751779522812
72.06857991218567,0.20564608620239858,-1.1383798829283776,3.241072401346059,185.69976969346007
72.1019434928894,0.20217745648895807,-1.1387400023550183,3.2368077933739783,185.455425655382
72.16854071617126,0.1976988055931495,-1.1391606914356567,3.229595605314795,185.04219771853613
72.20206689834595,0.1949034192601644,-1.1393978125482203,3.225574985265632,184.81183315869342
72.26859140396118,0.1913468005997052,-1.139669315459735,3.2197544782672805,184.47834267306152
72.30190706253052,0.18867743984290494,-1.1398773173305936,3.2162596739175133,184.2781051335959
72.3685531616211,0.18438164642531837,-1.1402066135017923,3.2110517798211613,183.97971478172383
72.4019033908844,0.18116507786849878,-1.1404440562612954,3.2072474455826803,183.76174248600174
72.46865606307983,0.17664863538759454,-1.1407465993858048,3.2013891904720366,183.42608919285092
72.50196409225464,0.17343709256926662,-1.1409469756224424,3.1975659035033046,183.2070309856752
72.56860995292664,0.16885753090522415,-1.1412052162017006,3.192300539105004,182.90534782805415
72.60195565223694,0.16619587119943996,-1.1413292094348901,3.1887707530028453,182.70310598181652
72.66881251335144,0.16151373615223424,-1.1415586426653648,3.1828859060983787,182.36592909110996
72.7019350528717,0.15816806479705406,-1.141706125988517,3.1784256610353316,182.11037587340329
72.76851010322571,0.15354972773492548,-1.141875416760451,3.1710344982546785,181.6868934403777
72.80201482772827,0.15034085876592612,-1.141973139830701,3.166547162032971,181.42978801361767
72.86862897872925,0.14556602071889427,-1.1420943793215372,3.1595104422248554,181.02661366699655
72.90190553665161,0.14249615246702255,-1.1421468334063622,3.154660795467763,180.74874937568583
72.96861290931702,0.13786796083372457,-1.14220565673196,3.1479461252894656,180.36402711364704
73.00197196006775,0.1343828676900835,-1.1422388500955551,3.143616099289902,180.1159348986901
73.06860256195068,0.1295734746106088,-1.1422479053790566,3.1364937806203472,179.70785609857742
73.10190963745117,0.1266390937843159,-1.1422235431431895,3.131541896986867,179.42413406573908
73.16860246658325,0.12156555975574987,-1.1421833859725954,3.123605296934128,178.96940037903383
73.20190906524658,0.1182354804091656,-1.1421263380811764,3.1185234769813657,178.6782335434952
73.26857829093933,0.1135470761176473,-1.1420115822520358,3.111021246486392,178.24838739919883
73.30196690559387,0.11061374173898728,-1.1419126269356863,3.106529692468317,177.99104031050814
73.36854100227356,0.10584106322104496,-1.1417474334090458,3.0995970005648714,177.59382632377617
73.4022171497345,0.10304753179679275,-1.141618618238036,3.0946849634250646,177.31238732685372
73.46859765052795,0.09831163213241323,-1.1414015720938608,3.0874539528711664,176.89808094050082
73.50194001197815,0.09482738568524068,-1.141225539030506,3.08320102064564,176.65440587342297
73.56857562065125,0.09018058805994451,-1.1409502421888282,3.0786587233382643,176.3941514084167
73.60204887390137,0.08697726612731353,-1.1407486281751593,3.0765477344582055,176.2732006549903
73.66855263710022,0.08291193906307398,-1.140465497045159,3.071945363574734,176.00950422761346
73.701904296875,0.07983967492681693,-1.140253665716087,3.0688752497274847,175.83359966154143
73.76862907409668,0.07498531741599215,-1.1399094776247194,3.063452387087094,175.52289251936787
73.80192422866821,0.07210552747240645,-1.1396791787106333,3.059771166357194,175.31197410808852
73.86857557296753,0.06776287302740965,-1.139316955788747,3.054596416915398,175.01548280503593
73.90188646316528,0.06483248468473939,-1.1390604813189968,3.0525661069254313,174.89915461150758
73.96857070922852,0.06029364224621127,-1.1386583056069308,3.049325553773055,174.71348459258863
74.00190258026123,0.057228577553169624,-1.138376522724428,3.046737507873748,174.5652004853722
74.06856036186218,0.05281020998118473,-1.1379546669425573,3.042707973922004,174.33432519653257
74.10182619094849,0.05015514787175844,-1.137683141794578,3.040259992331787,174.19406618308741
74.16854977607727,0.045500660732836234,-1.137217584080684,3.03558543627391,173.92623384987377
74.2018141746521,0.04230678247524214,-1.1368827826718229,3.031913045513155,173.71582135855965
74.26863050460815,0.037583314341954055,-1.1363668595655114,3.025989486376393,173.37642642032705
74.3018741607666,0.034400889914756455,-1.1359999887773784,3.022700659267129,173.187990507418
74.36851572990417,0.029805593848593687,-1.135449579277944,3.017904330444867,172.91318110874545
74.40213251113892,0.026757733024445368,-1.1350693863386425,3.0148679965769687,172.73921199292224
74.46854972839355,0.022320039741930003,-1.134499782387006,3.009977623699377,172.45901426679097
74.50218653678894,0.019271163961918164,-1.134096650548406,3.0065345327622315,172.2617396876128
74.56857061386108,0.014572003894602142,-1.133461911099758,3.001097387356966,171.95021420329215
74.60182523727417,0.011665287209100678,-1.1330465431716417,2.997410681643975,171.73898152563098
74.66849732398987,0.007256930969941594,-1.1324037414096242,2.992025398438965,171.4304275265012
74.70186948776245,0.0040805250895669665,-1.1319301997458002,2.988832939101172,171.24751308017855
74.76852369308472,-0.00047312686666378667,-1.13122920073581,2.984329908779283,170.98950844771488
74.80192065238953,-0.0036491421520317424,-1.1307287923430167,2.981321863374761,170.81716014145204
74.86847710609436,-0.008066780571762439,-1.1300099547407056,2.976241872927209,170.52609812884054
74.9019832611084,-0.011083691259684975,-1.1295069997347482,2.9724034956293788,170.30617530949604
74.96881437301636,-0.015333830498959033,-1.1287743079597279,2.9666391582528617,169.9759031061321
75.00187087059021,-0.018244080057803147,-1.1282586732188322,2.962189734758304,169.7209699186276
75.06865310668945,-0.022730507628602098,-1.127447816959046,2.954777045914773,169.29625413304956
75.10190010070801,-0.025754566821842073,-1.1268782719591857,2.949330888260939,168.984212284922
75.16883587837219,-0.03025392726894685,-1.1260044579453767,2.941287079787299,168.52333600817084
75.20193600654602,-0.03326729748362184,-1.1253937708920068,2.9366361754996446,168.25685882156895
75.26882314682007,-0.03734170147907803,-1.124535617737289,2.929557934650876,167.85130549455744
75.30192446708679,-0.04022157070278226,-1.1239161469416952,2.924753438828709,167.57602816125902
75.36860466003418,-0.04408813032072392,-1.123053025591052,2.917580233780059,167.16503378638944
75.40189623832703,-0.047234142755065045,-1.122349079110358,2.9132158838327,166.91497495408763
75.46859979629517,-0.05133381258690678,-1.1213929396621543,2.9066687545747327,166.5398520796795
75.50194668769836,-0.054371873394802595,-1.1206718395417632,2.902195155879457,166.28353375520496
75.56854438781738,-0.058796344077577084,-1.1195968285500326,2.8961181772447175,165.9353485272432
75.60193228721619,-0.0615116154161619,-1.1189113939143396,2.8931348725445276,165.76441775892079
75.66854071617126,-0.06620063171629781,-1.1177336464177665,2.8883384956097475,165.489605603604
75.7018814086914,-0.06891280282658388,-1.1170237114016697,2.8839797758160617,165.23986935534566
75.76853966712952,-0.0731862314479911,-1.115896887371914,2.875632518550567,164.7616067435229
75.80213117599487,-0.07615447772634379,-1.1150915357346285,2.870272642258841,164.45450845329478
75.86854720115662,-0.08028402008103624,-1.113937770628669,2.8627777950858477,164.02508534218669
75.90220499038696,-0.08324426089572406,-1.1130947660824915,2.859183987563673,163.8191753387837
75.96854019165039,-0.08721204983042943,-1.1119346423475398,2.8539755359076913,163.52075304109803
76.00193548202515,-0.09056245767120125,-1.1109613369358176,2.8510609422047986,163.35375912292687
76.06853151321411,-0.09510892975272431,-1.1096061812798135,2.846413373980156,163.08747307865573
76.10189819335938,-0.09831504137299515,-1.1086374587497014,2.842967979063117,162.8900664911536
76.16861081123352,-0.10276055044037402,-1.107265481566929,2.8368518574046786,162.53963853313653
76.20191931724548,-0.10607476588161208,-1.1062319379400203,2.831921819561227,162.25716817186697
76.26855635643005,-0.10997301527567827,-1.1049641377630588,2.8244060882807367,161.82654848954041
76.30197286605835,-0.11263631411000558,-1.1040832766576445,2.820074264046917,161.57835324335008
76.36859512329102,-0.11668219345120232,-1.1027316232874518,2.814011755741736,161.23099710420018
76.4019513130188,-0.11947072832383929,-1.1017844284986207,2.809970869833735,160.99947139617782
76.46858644485474,-0.12348568036547791,-1.1003988331601287,2.802427017961224,160.5672405226111
76.50189971923828,-0.1261355834546439,-1.0994621281190695,2.797579201703536,160.28948111119064
76.56860089302063,-0.12993761540685708,-1.0980949409281626,2.7911885676300385,159.92332475036676
76.6018717288971,-0.13300685968485326,-1.0969866211121846,2.787516342768615,159.71292176438416
76.66854238510132,-0.1375399219941079,-1.0953242076651204,2.7823553140053643,159.4172165983043
76.70186400413513,-0.14093362051716737,-1.0940662127804621,2.7788752324654937,159.2178226137083
76.76853728294373,-0.14475411057385493,-1.092596093498576,2.773341109972025,158.90074075152415
76.80195116996765,-0.14762098916018604,-1.0914916550725835,2.769575625296372,158.68499437178804
76.86882209777832,-0.15162307280757775,-1.089924151505674,2.763744484233333,158.35089459913047
76.90195631980896,-0.15422796409006478,-1.088886264930065,2.760868612052486,158.18611926074885
76.96881222724915,-0.1583072727914103,-1.087254574678961,2.757271170941943,157.98000106806788
77.00185537338257,-0.16090511518865006,-1.0862009314842256,2.754827596587418,157.8399945706272
77.06856799125671,-0.16523333905965307,-1.084446583080952,2.750701368402933,157.60357911034828
77.10185599327087,-0.1680773070906653,-1.0832769759608756,2.7474501095481183,157.41729569986285
77.16856288909912,-0.1720396609578273,-1.0816238827998486,2.742845950046527,157.15349679221663
77.20183539390564,-0.17474848215291935,-1.0804825703383656,2.7401890705303313,157.00126880926385
77.2685341835022,-0.17866756487012878,-1.0788158111755435,2.7363801481465333,156.78303363217933
77.30186772346497,-0.18125076342803612,-1.077705146295281,2.73371021421072,156.63005768607846
77.36852478981018,-0.18513185212766775,-1.0760267507955448,2.728989037760092,156.35955420112091
77.4018657207489,-0.18808424769651153,-1.0747434717093765,2.725747327213306,156.17381786838703
77.46858310699463,-0.19251584257233958,-1.0727956815004247,2.7197533904260633,155.83039058780983
77.50192761421204,-0.1953220594195754,-1.071536441691254,2.7147414074182783,155.54322511447245
77.56881046295166,-0.19938232638096473,-1.0696858297131921,2.707912146223904,155.15193727084235
77.60194516181946,-0.2029255181454459,-1.0680696504160638,2.7032719915844914,154.88607599371596
77.66853165626526,-0.20691274850698374,-1.066186403510029,2.6963533567821343,154.48966741954857
77.70192241668701,-0.20955633683484245,-1.0649180950209578,2.692265899647032,154.25547337676656
77.76862835884094,-0.21370579717260055,-1.0629166044703282,2.6851974368022007,153.8504802881127
77.80193257331848,-0.2164675543013546,-1.0615598974073404,2.679799425085348,153.54119699897487
77.86856317520142,-0.22032910148231138,-1.0596299489984906,2.671387357092273,153.05922100599457
77.9018771648407,-0.22282637387539483,-1.058353791903283,2.6663998718657917,152.77345915213337
77.96855282783508,-0.22674160106004032,-1.056339977600598,2.6579681474248864,152.29035692765217
78.00186944007874,-0.22959174426589804,-1.0548526205522544,2.6527558766144055,151.9917158085324
78.06852316856384,-0.2337674621862004,-1.0526380647266347,2.644492965788474,151.51828589171356
78.10184407234192,-0.23683494795200527,-1.0509870456320618,2.637777448948261,151.13351511952033
78.16857671737671,-0.2415512590909022,-1.0484081116983166,2.6263977422536855,150.48150595382438
78.20213723182678,-0.24444608529261622,-1.046766879693762,2.6202897786236243,150.13154541640247
78.2685079574585,-0.24854489945250072,-1.0443998615505568,2.6106891034840483,149.5814672504286
78.30186367034912,-0.2515530796406714,-1.0426419424572413,2.604165279871642,149.2076796911499
78.36858940124512,-0.2562378007713151,-1.0398661604262163,2.595274602486153,148.698281399949
78.4018874168396,-0.2590759346961813,-1.0381346358458745,2.589774297937119,148.38313716325274
78.46857357025146,-0.2632437937984636,-1.0355582303561028,2.582510860605115,147.96697285937114
78.50190353393555,-0.26595736366327155,-1.0338535284896964,2.5776998647422107,147.69132310117183
78.56854128837585,-0.2699285132649634,-1.0313315902602012,2.5710211712639537,147.30866215220615
78.60183238983154,-0.2723913294955712,-1.029738929374497,2.5666979716794525,147.06096106202153
78.66857671737671,-0.27615622734997236,-1.0272911385955692,2.560763319351086,146.72093053072865
78.70182728767395,-0.278733467323769,-1.0255990031923001,2.556705139105208,146.48841393013646
78.76860451698303,-0.2824482242037253,-1.0231338997504507,2.5506504882550707,146.1415079899983
78.80187773704529,-0.2848896950961761,-1.0214930204734354,2.5470996873241627,145.93806208276615
78.86882734298706,-0.2886811989650295,-1.01893168094006,2.5425172611419966,145.67550840259779
78.90194845199585,-0.29099909882634906,-1.0173416092092396,2.5387440928424723,145.45932178364248
78.96868371963501,-0.2948688085965785,-1.0146864884420046,2.533055268669193,145.1333761681216
79.00211215019226,-0.29705429375334846,-1.0131515555051687,2.5290301377571818,144.9027531548757
79.06864929199219,-0.3011348993778573,-1.0103036386795532,2.523805879716988,144.6034252180853
79.10193061828613,-0.3036418811941642,-1.0085206468354027,2.52011323653239,144.3918523483601
79.1687662601471,-0.3075134888218777,-1.0057519986782282,2.5134172768287724,144.00820211755314
79.20200395584106,-0.30977033559831835,-1.004101064387547,2.5088712665652415,143.74773491582965
79.26862788200378,-0.3135822988903064,-1.001312444610209,2.5019978976730477,143.35391988727045
79.30200099945068,-0.31594447273695725,-0.9995495025734202,2.4975402165690723,143.09851357359744
79.36877393722534,-0.3196093042715454,-0.9967984625312362,2.490237370622737,142.68009132243822
79.40208888053894,-0.3221705286120224,-0.994852358350404,2.4849399776365133,142.3765730619054
79.46897768974304,-0.3258213824005913,-0.9920373169844969,2.4775961253960115,141.95580132315695
79.50210094451904,-0.3283545622526179,-0.9900591529371556,2.4721675902581715,141.64476917082024
79.56889200210571,-0.33198514181989347,-0.9871835753557907,2.462921615073085,141.1150138152321
79.60204195976257,-0.3344841552168242,-0.985172754693926,2.4564873837333905,140.74635951505678
79.66870760917664,-0.33795288703926873,-0.9823297826515738,2.4477268644190917,140.24441873200462
79.70210337638855,-0.3405374760028862,-0.9801916965977848,2.4422867011878355,139.9327203389914
79.76873016357422,-0.3443119316586116,-0.9770257956552472,2.4343641678770847,139.47879261723355
79.802401304245,-0.34696035315999263,-0.974773418387958,2.429805217015612,139.21758397386367
79.86869525909424,-0.3505086547350307,-0.9717021819704014,2.4226774397275324,138.8091924179475
79.90211057662964,-0.35303010331148554,-0.9695000751721193,2.417821674044847,138.53097753802516
79.96868324279785,-0.3569759614892616,-0.9660276842057574,2.410291754495814,138.0995449277925
80.00206875801086,-0.3593567906572138,-0.9638830895810399,2.4051852914320215,137.80696614599776
80.06866073608398,-0.3630598674331327,-0.960526628447426,2.3974739480715477,137.36513871706637
80.10210514068604,-0.3653115075001103,-0.9584418569955107,2.3932334164147764,137.12217415024176
80.16870403289795,-0.36895416645895707,-0.9550627517742127,2.3877794595419766,136.80968543978398
80.20203375816345,-0.3709831334710344,-0.9531368358206984,2.3839734644969917,136.59161798685864
80.26865887641907,-0.37488270867523477,-0.9494729944093107,2.3778413075580382,136.24027127494472
80.30206346511841,-0.37699245278691196,-0.9474354811397648,2.3732263530256517,135.97585385759422
80.36871004104614,-0.38055194745858545,-0.944000677250552,2.366557851226554,135.59377684883052
80.4020483493805,-0.38305063415788065,-0.9415623989499999,2.3625559196590484,135.36448306011226
80.4687283039093,-0.3868104739056055,-0.9378613886762839,2.3563594433497754,135.00945111973812
80.50219798088074,-0.38927131270918414,-0.9354033537160962,2.3517904413487964,134.7476665884952
80.56866645812988,-0.392401338736193,-0.9322172990369585,2.344990416569131,134.358053868036
80.60192680358887,-0.39474303680427936,-0.9298270997351349,2.3403828814683414,134.09406155280237
80.66857695579529,-0.3979958240739846,-0.9264604266334399,2.3337143329366334,133.71198186645734
80.70210027694702,-0.4003170017655401,-0.9240386698151227,2.3291297405866636,133.4493040740161
80.76866412162781,-0.40362817258958733,-0.9205409732663863,2.322734696926178,133.0828950624684
80.80192518234253,-0.4056277118241822,-0.9183894377493418,2.3183628106557594,132.83240443066222
80.86973118782043,-0.4087737463326966,-0.9149920253853067,2.311679861981531,132.44949967692637
80.90195751190186,-0.4110450102825078,-0.9125190901439473,2.3065954334060357,132.1581833783148
80.96870589256287,-0.4144575891681972,-0.9087635045207247,2.2991981582899785,131.73435073426757
81.00204300880432,-0.4164056558481749,-0.9065633391111303,2.2946088931547997,131.47140521095528
81.06870174407959,-0.4197771250204564,-0.9027628399792412,2.2880217999712307,131.0939925722774
81.10201716423035,-0.4218852576125604,-0.9003424281289374,2.2836542504865327,130.84375041998965
81.16888809204102,-0.42484339773817154,-0.8969058172520322,2.277379210973139,130.48421713959436
81.20207190513611,-0.4267440770971487,-0.8946689086497542,2.273468268746282,130.26013665607596
81.26867747306824,-0.42953273409567616,-0.8913627338607807,2.2674175401372465,129.91345544379917
81.30202412605286,-0.4314189922865628,-0.8891054805794939,2.2631270524937768,129.6676286097753
81.36878991127014,-0.4342412718021479,-0.885701352197512,2.25689450863895,129.31053015126355
81.40200304985046,-0.4362833955533558,-0.8832192074522635,2.2532176993559303,129.099864497272
81.46872639656067,-0.4392731624488715,-0.8795484049104205,2.247310833647924,128.7614260220527
81.50205516815186,-0.4412003288617803,-0.8771475711565966,2.2429478882166296,128.51144766259364
81.56868529319763,-0.44379015779411324,-0.8738735348342702,2.236117254098349,128.1200811562181
81.60200119018555,-0.44560642591550226,-0.8715587969588173,2.2312497921118744,127.84119612745272
81.66859579086304,-0.4482189765400362,-0.8681896585051385,2.224089125997305,127.43092018058555
81.70200300216675,-0.4498421576684381,-0.8660582503547921,2.2196305506894993,127.17546263280705
81.76867365837097,-0.4527455798811805,-0.8622570206927763,2.2133138966014037,126.81354501291511
81.80195641517639,-0.45459153197206487,-0.8597950216201139,2.2091195643718176,126.57322747828412
81.86865186691284,-0.45732166746407976,-0.8561190637425989,2.202348703593614,126.1852857320224
81.90206980705261,-0.45905720195534483,-0.8537417523405662,2.1979330573944416,125.93228784098683
81.96858882904053,-0.4618296928333165,-0.8499275606493186,2.1911016763138895,125.54087853682569
82.00202989578247,-0.46361691035685804,-0.8474260893913029,2.1867469414849015,125.29137061022604
82.06872367858887,-0.46627676739324236,-0.8436687759992568,2.1799888176615876,124.90415863772334
82.10202050209045,-0.46811789924144004,-0.8410384399615843,2.1759939837642075,124.67527151554766
82.16871380805969,-0.4708347564024676,-0.8371158097830592,2.1708036478322854,124.37788717239343
82.20203995704651,-0.4728050240039038,-0.8342529549797969,2.16674313853358,124.145237126904
82.26866865158081,-0.4756764808815482,-0.8300300618081073,2.1601124027608933,123.76532395206263
82.3020589351654,-0.47737683386481244,-0.8274732150063988,2.1550869138802127,123.4773846492097
82.36872911453247,-0.48003363788470177,-0.8234527391184117,2.147390074067426,123.03638821234877
82.40200018882751,-0.48193503757735134,-0.8205429754432444,2.142148576978466,122.73607255082125
82.46864032745361,-0.4847173506993332,-0.8162231407046465,2.1346505309073227,122.30646615635008
82.50213527679443,-0.4865785469214784,-0.8132855578692877,2.12880184318825,121.97136103435723
82.56867027282715,-0.4891588446142439,-0.8091395259585099,2.120215754563552,121.47941439363674
82.60204935073853,-0.49097691652977205,-0.8061786004454015,2.1152015881345925,121.19212381948118
82.66850852966309,-0.4933424262176864,-0.8022424522206009,2.1081823298047064,120.78994994186667
82.70194721221924,-0.4952051901256044,-0.7991384945734641,2.1033201552740985,120.51136786200682
82.76858878135681,-0.49774790711454764,-0.7948224170450268,2.0952723873374275,120.05026472473487
82.80200505256653,-0.49927305237984543,-0.792166443128117,2.0900171004032604,119.74915896327684
82.86859631538391,-0.5018202097759893,-0.7877232866554364,2.0819336808801374,119.28601314056824
82.90195989608765,-0.503382496061887,-0.7849278684584787,2.0767911933124763,118.99137030674277
82.96863913536072,-0.5058018307832686,-0.7805642118617492,2.068892808308263,118.53882618103192
83.00192975997925,-0.5073289497948485,-0.7777479646122502,2.063732760108376,118.24317719709434
83.06861472129822,-0.5096161875654854,-0.7734846815206204,2.0561395140150474,117.8081162431424
83.10205578804016,-0.5110414671130203,-0.7707686517706971,2.051540360777075,117.54460417327265
83.16890478134155,-0.5133353489983841,-0.766380117670374,2.0447751441707407,117.15698581423787
83.20194959640503,-0.5147960729331802,-0.7635287424942109,2.0399828015227595,116.882404806528
83.26858472824097,-0.5169051521173925,-0.7593557728076987,2.0319592427821984,116.42268875401855
83.30198860168457,-0.5182033291080017,-0.7567259799278229,2.0265682280488697,116.11380636250597
83.36868095397949,-0.5204859181243463,-0.7521082348374488,2.0198399773476865,115.72830599382223
83.40199756622314,-0.5218966337453023,-0.7491761232477668,2.015881195857186,115.50148452240204
83.46874737739563,-0.5239058608414964,-0.7449497725554081,2.0100936526306645,115.16988272177285
83.5019760131836,-0.525272400684316,-0.7420429317585172,2.0057977572349444,114.9237460463684
83.56860828399658,-0.5274229364492103,-0.7374341208956257,1.9991539851478484,114.54308594573098
83.60204792022705,-0.5288124438233719,-0.7343953840677296,1.9939822408569114,114.2467668251394
83.66862869262695,-0.5308626668520191,-0.7298453595754362,1.9864497730374469,113.81518820976598
83.70200037956238,-0.5320927904871369,-0.7270372410751202,1.980838757540845,113.4937007030282
83.76864647865295,-0.5340121084328189,-0.7226178402217605,1.9714532122205652,112.9559485677474
83.80199480056763,-0.5353776861737829,-0.7194151693316395,1.9647702183163223,112.57304122252262
83.86866188049316,-0.5372966479141906,-0.7148027450644274,1.9550594703608764,112.01665634876028
83.90194725990295,-0.5387727598137055,-0.7112062043003058,1.94914022672924,111.67750867075782
83.96861791610718,-0.5407532386853453,-0.7062333572913841,1.9398547603613683,111.14549063706811
84.0020580291748,-0.5419483225001198,-0.7031223964201796,1.9332547152163893,110.76733590566499
84.06864595413208,-0.5436273952918966,-0.6986516202820892,1.9236288813687263,110.21581625189974
84.10203695297241,-0.5447798176878731,-0.6955203209972332,1.9177373334020278,109.87825541860903
84.16868901252747,-0.5464840344268385,-0.6908056001596294,1.9090284630455854,109.37927390285829
84.20198059082031,-0.5474911543891999,-0.6879113538042807,1.9036735081180007,109.0724575860249
84.2686493396759,-0.5491172255969211,-0.6832164371048606,1.8962126300816822,108.64498076308199
84.30195927619934,-0.5500932598725707,-0.6802985529585341,1.8911559858089915,108.35525638775782
84.36864161491394,-0.551607570815003,-0.6757323813340506,1.8834761333555738,107.91523325489379
84.40194439888,-0.5526409722581235,-0.6725493215434459,1.878072962116732,107.60565434692168
84.46864604949951,-0.5540007663600093,-0.6682267835213798,1.8694621680447066,107.11229218833836
84.50199294090271,-0.5549948409380796,-0.6650212433941172,1.8635010755208938,106.77074674543691
84.56863713264465,-0.5564716279517602,-0.6601541801348663,1.8544085434982513,106.24978303545194
84.60202288627625,-0.5574531939445468,-0.6568118262979198,1.848520136401022,105.91240216072582
84.66863918304443,-0.5588240297024247,-0.6520010450099333,1.8404046518189272,105.44741914546829
84.70202302932739,-0.5597160791454024,-0.6487709705922371,1.8346776471708228,105.11928594988011
84.76863121986389,-0.560851095707133,-0.6444934775976309,1.8261013440346474,104.62789997635245
84.80198550224304,-0.5617806724500376,-0.6409951451833582,1.8203381444874085,104.29769296580395
84.86863946914673,-0.5630551979659411,-0.6360198941196683,1.8112024147130834,103.77425420696312
84.90197396278381,-0.5639616938773668,-0.6323815901035759,1.8052772995490263,103.43477011493368
84.96863603591919,-0.5650931134104495,-0.6276008977811641,1.7963512909969206,102.92334749700035
85.00200963020325,-0.565803484438762,-0.6244724783955586,1.7909472514618916,102.61371883932135
85.06868052482605,-0.5668587261889491,-0.6197332269961894,1.782990362766647,102.15782269902847
85.10196709632874,-0.5674982653555597,-0.6167257880631922,1.7777687414341443,101.85864583446059
85.16871356964111,-0.5685569231758695,-0.6117257328382125,1.770056777407491,101.41678284397663
85.20194935798645,-0.5691870103728065,-0.608586757854814,1.7641399766237937,101.0777751308511
85.26863479614258,-0.5702091008278493,-0.6034281393121864,1.755139205651011,100.56206894174677
85.30195188522339,-0.570850273118438,-0.6000082549613035,1.7488197690041825,100.19999189298319
85.36862683296204,-0.5717999204497991,-0.5947722126706945,1.7399660608763956,99.69271178422034
85.40205073356628,-0.572410287456123,-0.5912238194705199,1.7341600619185507,99.36005254807847
85.46861004829407,-0.5732024628797576,-0.5863465280530505,1.72516229797672,98.84451864915658
85.50191044807434,-0.5735566661063591,-0.583845990608401,1.7202646091976315,98.56390175274622
85.56867718696594,-0.5741926527722098,-0.5795379286700062,1.7131249126756904,98.15482727503476
85.60223174095154,-0.5746784523637741,-0.5762229174642552,1.7081800288532485,97.87150630182633
85.66863751411438,-0.5753839755253494,-0.5712140073666434,1.69930501490515,97.36300545948055
85.70199966430664,-0.5757942923883393,-0.5680308865445363,1.693562025770576,97.03395642027996
85.76868319511414,-0.5763843895838299,-0.5632447848332081,1.6852704725231222,96.55888541359288
85.80206274986267,-0.5767289654058497,-0.5602007693630976,1.6801722604723877,96.26677938002304
85.86864995956421,-0.5772323506151738,-0.5555786652687795,1.6721050617596431,95.80456294128942
85.90204501152039,-0.5775417370421106,-0.5525151672950368,1.6659389794887762,95.45127245103829
85.96873044967651,-0.5780535960321962,-0.5473467062008361,1.6572302821713614,94.95230084969353
86.00202536582947,-0.5783597760485741,-0.5439059945252284,1.6517036921571482,94.63565056677996
86.06858944892883,-0.5787495158299536,-0.5390378170523061,1.644017933489828,94.19528903278642
86.10205268859863,-0.5790103158680724,-0.5355694803029301,1.638566919548408,93.8829689398761
86.1687560081482,-0.5793635868540028,-0.5304240808864361,1.6294710997413857,93.3618168537222
86.20225644111633,-0.5795573994579554,-0.5270951129500677,1.62300161210859,92.99114251675093
86.26879620552063,-0.5797928853253663,-0.5223684022456662,1.6142657844752533,92.49061646280698
86.30202054977417,-0.5799405045215773,-0.519027913076153,1.6090236315046795,92.19026322203113
86.36877155303955,-0.5801006882476246,-0.5144745226636069,1.60102336909765,91.73188195111118
86.40197205543518,-0.5801890228293722,-0.5114038625582449,1.5948767521707048,91.37970674291354
86.46862459182739,-0.5803152781775488,-0.5064809681343001,1.5849370336791353,90.81020282379846
86.50202703475952,-0.5803673857045735,-0.5031336739992543,1.5781592234370978,90.42186290258918
86.56890892982483,-0.5803825125192267,-0.49873339287931745,1.5670936168125416,89.78785034525009
86.60223889350891,-0.5803953779257118,-0.49498377651402947,1.5600798184813183,89.3859893025151
86.66863250732422,-0.5803438881214523,-0.48999850611319756,1.54977694941777,88.79567838829789
86.7020616531372,-0.5802720798977121,-0.4867909128942387,1.5432446307528287,88.42140409836222
86.76861834526062,-0.5801378114791691,-0.4818148387481647,1.533967620185361,87.88987054634805
86.802072763443,-0.5800164572335119,-0.4784736235359529,1.5284512432169068,87.57380542785246
86.86871814727783,-0.5798063990602966,-0.47363010594830346,1.520034014722506,87.09153375992604
86.90203166007996,-0.5796388395614078,-0.47028575038773035,1.513594043305318,86.72255057753628
86.96862506866455,-0.5793587136659586,-0.46545797713523257,1.5038445344763025,86.16394486930815
87.00203275680542,-0.5791488263826058,-0.4625217362788311,1.4978609534050114,85.8211109275488
87.06869554519653,-0.578791949569853,-0.4574636113949529,1.4901167389685197,85.37740012469355
87.10204648971558,-0.5785192466943421,-0.45398793967176776,1.4851313997904603,85.09176123034953
87.16869783401489,-0.5780918383205411,-0.4490103465985008,1.4774623777878058,84.65235863660446
87.20200943946838,-0.5778106026296302,-0.4462237421955402,1.4719194721891988,84.33477353956485
87.26865458488464,-0.5773309072269801,-0.44131898746563114,1.464005080179222,83.8813122799811
87.30212330818176,-0.5770160645476292,-0.4385361432674776,1.458823075610476,83.58440528877446
87.36866569519043,-0.5765111290749054,-0.43409442170255075,1.4503445805799366,83.09862330690191
87.40201544761658,-0.5761639435101449,-0.43130391653979827,1.4445043386536993,82.76400209319316
87.46866083145142,-0.5756078709972681,-0.426925354192922,1.4349832227104946,82.2184823333928
87.50201559066772,-0.5751954983186701,-0.4238681694485658,1.4295765176608115,81.90870095297389
87.568772315979,-0.574526669445507,-0.4190639797580064,1.421783206154678,81.4621770952417
87.60202479362488,-0.5740379626290247,-0.41574471165593174,1.4161169997690082,81.13752738349274
87.66885471343994,-0.5733094336292895,-0.4110629351779928,1.4073813820744023,80.63701335815203
87.70196580886841,-0.5727812636151026,-0.4078507963408594,1.401468269240522,80.29821694898604
87.76860523223877,-0.5719734975710686,-0.4031221502069026,1.393249405697601,79.82731075558273
87.80194568634033,-0.5713313339018004,-0.39942201420376294,1.3875895754491874,79.50302636958814
87.86860251426697,-0.5703959610761511,-0.39435379992965214,1.3789426331146297,79.00759306812499
87.90208315849304,-0.5698184302146954,-0.3914744754284787,1.3724953832817075,78.63819286323212
87.96856236457825,-0.5688200456198628,-0.38646516041846785,1.363119417589669,78.10098960021887
88.00192499160767,-0.568131112807084,-0.3831932251491874,1.3566863554207542,77.73240228859477
88.06854581832886,-0.567093646403764,-0.3784467095828631,1.3475981592742008,77.21168700601021
88.10186696052551,-0.5663062433103179,-0.3749201834444176,1.3418024939487747,76.87961984339297
88.16864013671875,-0.5652153509172919,-0.37029676118313504,1.3335230548993913,76.4052429291275
88.20191621780396,-0.5644606844107027,-0.36719186125658665,1.3278474751725318,76.08005616448844
88.26858305931091,-0.5632968975986927,-0.36250627681897796,1.3187536680149237,75.55901939465163
88.30191588401794,-0.5625529844092452,-0.3596661806314885,1.3127019063483518,75.212278992538
88.368567943573,-0.5612714867793095,-0.3547614923075934,1.303861720437378,74.70577364972819
88.40221333503723,-0.560454225341738,-0.3518003319787291,1.2979735136851878,74.36840425392725
88.46857452392578,-0.5590929313628696,-0.3468930316001038,1.2896083023452252,73.88911294941242
88.50191068649292,-0.5581674784222048,-0.34368272350871665,1.2845093204684928,73.59696280806196
88.56862378120422,-0.5567954104913705,-0.3390354323694324,1.2763622319527406,73.13016902078986
88.602041721344,-0.5558623765524594,-0.3359671129624044,1.271101430335751,72.82874729128076
88.66859078407288,-0.554437024479862,-0.33136086259465913,1.2634978447467422,72.39309392786406
88.70189714431763,-0.5534634030091683,-0.3282966510932376,1.2582974239540976,72.09513176475345
88.76852178573608,-0.5519432346919394,-0.32357854781973316,1.2504903730116261,71.6478206953062
88.80188012123108,-0.5508172174797178,-0.32014194641175464,1.2452527505610365,71.34772703420444
88.86865472793579,-0.5492528236092435,-0.31552772197619705,1.238073080749489,70.93636225570529
88.90226173400879,-0.5480830330522056,-0.3121107896298558,1.2328295099598412,70.63592777988039
88.96855974197388,-0.546411487161115,-0.3073628286057455,1.224719919400566,70.17128246725478
89.00196504592896,-0.5452779538125518,-0.3042250882252162,1.219390965853924,69.86595591981092
89.06876611709595,-0.54368170289714,-0.2999191835261303,1.2112892063312048,69.40175929252919
89.10191297531128,-0.5424656488708202,-0.2966593449831283,1.2053336265716121,69.06052970775099
89.16884255409241,-0.5405888571039104,-0.29172274790623864,1.195967845534666,68.52390998249032
89.20197296142578,-0.5392756696510086,-0.2883630493696975,1.1904721607265645,68.20903043745194
89.26856660842896,-0.5374402118394517,-0.28380068474498665,1.182803632180285,67.76965611667454
89.30189204216003,-0.5362197986856565,-0.28083362043665006,1.177208485365452,67.44907781842853
89.36880874633789,-0.5344029365642348,-0.27648497657339877,1.168429786843362,66.94609544349504
89.40188527107239,-0.5330981990007201,-0.27341025626998594,1.162216618276892,66.59010710723297
89.46850752830505,-0.5311741564129551,-0.2689729858993588,1.1530342399871085,66.06399558533582
89.50186014175415,-0.5298690746761435,-0.2660371474779618,1.1470584564806094,65.72160841112954
89.56860971450806,-0.5278339898479499,-0.2615152538756369,1.138544544547287,65.23379719020409
89.60335993766785,-0.5264886622245653,-0.2586058007461429,1.132965373570251,64.91413424003805
89.66854667663574,-0.5246103830359461,-0.2546332892688442,1.1243896052640017,64.4227789100079
89.70219898223877,-0.5232275514037493,-0.2517342713374562,1.1193022838769888,64.13129686550543
89.76855874061584,-0.521204808456093,-0.2475666422817587,1.1123759905513166,63.734449490274784
89.80191826820374,-0.5197861924043331,-0.24468458195829804,1.1081132636979243,63.49021323235832
89.86854434013367,-0.5177160088800979,-0.240539588533377,1.1006272328914521,63.06129526184255
89.90193367004395,-0.5163218695044586,-0.23779958048147543,1.095103312753138,62.74479795154983
89.96856188774109,-0.514023115461861,-0.23330649994352337,1.0866341897788496,62.259552948945824
90.00185322761536,-0.5123454777076368,-0.23008599147815206,1.0810688482016904,61.940682365025914
90.06852459907532,-0.5099345404992771,-0.22555278319097039,1.0720358195897424,61.423127949340376
90.10184359550476,-0.5082759613637572,-0.22250038199590144,1.0659320207539276,61.07340603705133
90.16882872581482,-0.5058549848706084,-0.21812561771037417,1.0573705034019083,60.5828672265526
90.20190763473511,-0.5040083111047345,-0.21482399275247943,1.051538575900513,60.24872239429637
90.26852679252625,-0.5016188638106794,-0.21067817541717931,1.0421679543349942,59.71182532717788
90.30191159248352,-0.5001230591997757,-0.20815055464981697,1.0353448656665583,59.320891143232956
90.36877536773682,-0.4976668611938041,-0.20401237173231718,1.0254519728444418,58.75407013735042
90.40194487571716,-0.49600120448483087,-0.2012684145977246,1.0191253800757458,58.39158307300615
90.4685800075531,-0.49355089768755367,-0.19729808987185435,1.0096534667817716,57.848882417347575
90.50192189216614,-0.49163977528096875,-0.19422416992181635,1.0030286885819804,57.46931058628926
90.56854820251465,-0.4889589842478586,-0.19001781219911132,0.9930311316620481,56.89649276933533
90.60188555717468,-0.48706352313195184,-0.18709953696746484,0.9865180739867422,56.52332205281501
90.66856837272644,-0.48444048307488713,-0.18315402171404366,0.9763041698414797,55.9381084529403
90.70184898376465,-0.48236005557565587,-0.18004239928188998,0.9700811737702795,55.58155704213403
90.76855945587158,-0.4795885821477548,-0.17601293960559214,0.9600104810587773,55.004548852991796
90.80188488960266,-0.4776713328201556,-0.1732750773603281,0.9536781249971042,54.641731576283846
90.86878871917725,-0.47477372820948804,-0.1691917683588217,0.9446580883372802,54.124921544622644
90.90187644958496,-0.4728902836444767,-0.16659755105018806,0.9391150144494,53.80732680531794
90.96859455108643,-0.4700238230677459,-0.1626875872352077,0.9305402471676922,53.31602882976922
91.00193333625793,-0.4681057151406818,-0.16011676119984058,0.9243351980791218,52.96050570532264
91.06848120689392,-0.4653645760541886,-0.15650531278855134,0.9155930574408728,52.45961794284117
91.10193943977356,-0.4634101126745771,-0.15395723691882637,0.9100317229256101,52.14097694665618
91.16866636276245,-0.4606342926353953,-0.15040099383712102,0.902346596154712,51.70065161766072
91.20191764831543,-0.45857111349016794,-0.14777153892441974,0.8972686861715511,51.40970880687825
91.26878595352173,-0.45575667457382074,-0.1442586178968086,0.8904273639747622,51.01772991871307
91.30185794830322,-0.45382234788833886,-0.14186908964002504,0.885490569055821,50.734872405536116
91.36850070953369,-0.4507333616278175,-0.13807456165647677,0.8780989907147164,50.311366162650515
91.40188360214233,-0.44859911380642703,-0.13549241428328668,0.8732509437447566,50.03359353239063
91.46861624717712,-0.44542385933281714,-0.131696752230421,0.8656834569334896,49.600008476584115
91.50191354751587,-0.4432551751587322,-0.12914423240902234,0.8600876668791102,49.279393323426895
91.56853938102722,-0.4401012162411058,-0.12548318545560114,0.8516550923516082,48.79624239257151
91.60200715065002,-0.4378134727348952,-0.12285858628091348,0.8468611153341491,48.521567742388385
91.66869950294495,-0.43431860745564826,-0.11888952951557784,0.8388540269667999,48.062795372750976
91.70197534561157,-0.4319984413136392,-0.11630496527890903,0.8332254964773863,47.740304330846875
91.76859021186829,-0.428879076696074,-0.11289949397259408,0.824028160178365,47.21333577815049
91.80198550224304,-0.42652102012565607,-0.11034082858561785,0.8184164164270656,46.891806545492116
91.86868381500244,-0.42282013677297786,-0.10636529864724502,0.8097535074668346,46.395458423764815
91.90200209617615,-0.4206053101864678,-0.10405485807133985,0.8035459613295517,46.039792228965766
91.96877431869507,-0.41692417799623144,-0.10022668655700565,0.7940796309137608,45.49741144866463
92.00211977958679,-0.4146729484248879,-0.0979501745141462,0.7874013252850407,45.1147727218405
92.0686891078949,-0.4112222209559172,-0.09449639598243192,0.7783058479404764,44.59364025734011
92.10200643539429,-0.4086520345077015,-0.09194686532887669,0.7719534199038773,44.22967294118241
92.16866445541382,-0.4055387868042708,-0.08895866656815492,0.7622265209285866,43.672362682148126
92.20196413993835,-0.40331330491667344,-0.08683947015742446,0.7553176631405689,43.27651428963863
92.26889681816101,-0.3995346341904804,-0.08325452831121002,0.7457184699127746,42.726521030955446
92.30189180374146,-0.39717643757689947,-0.08108091369831177,0.7402376650904081,42.412494046298896
92.36888599395752,-0.3934052607336906,-0.07762441317459305,0.7324833969767934,41.968207210175905
92.40204071998596,-0.3910178343685277,-0.07548406545839842,0.7272450348313316,41.66807116767985
92.46854710578918,-0.38750168990713973,-0.07236621571721764,0.7193651501910612,41.21658703474239
92.50206470489502,-0.38488820647337424,-0.07006441015792267,0.7140140297900857,40.909990420100144
92.56892228126526,-0.3813138895087568,-0.06697819668458613,0.7055481826674459,40.42493310996991
92.60201263427734,-0.3786875600868338,-0.0647285296838178,0.70035172848308,40.12719821677265
92.66883873939514,-0.37476937056491044,-0.061417335420675706,0.6922925246692384,39.665439852003786
92.70198488235474,-0.3721892849177259,-0.059278418288142044,0.6872048033597737,39.37393489363269
92.7686276435852,-0.36842971810319897,-0.056200514075547055,0.680246181068401,38.975235205111375
92.80206942558289,-0.3656373874854005,-0.05392685765467575,0.6756118788667638,38.70970924796938
92.86891317367554,-0.36181038433937934,-0.0508695058086443,0.66861549218891,38.308845819486805
92.90208315849304,-0.3593929077668682,-0.048971830872035584,0.6634085599663324,38.010510578922435
92.96863508224487,-0.3555915738271296,-0.04600358271531672,0.6555500233730496,37.56024959897821
93.00201606750488,-0.35304808024267703,-0.04404908142568934,0.649704053439323,37.22530019461531
93.06868696212769,-0.34898974722481463,-0.04095526962601448,0.6404755456543678,36.69654564733375
93.10204029083252,-0.3464165096350699,-0.03904264704663552,0.6329572799313086,36.26578075214458
93.16867876052856,-0.34285163349618586,-0.03645006682965446,0.6212342825928698,35.594102481408946
93.20227837562561,-0.3403514938653609,-0.03466257010288598,0.6137761860391815,35.16678502568154
93.26867127418518,-0.33646148478553056,-0.03191621268449119,0.6031649535380321,34.558806187933634
93.3022449016571,-0.3341448281096029,-0.030337662519164848,0.5960429783888893,34.150747070090695
93.36863374710083,-0.33046368075390387,-0.027844653776308,0.5851755348746517,33.52808842262806
93.40224599838257,-0.32800764931345167,-0.02621991970208444,0.5781494000826863,33.12552055275842
93.46892786026001,-0.3240705664463127,-0.023638094667418244,0.5677575972435811,32.53011410854562
93.50196599960327,-0.32125256635748933,-0.021825106297659956,0.5611086753598373,32.149158946294925
93.56859374046326,-0.31721332172248135,-0.019281712828807515,0.5515369742895726,31.600740872207904
93.6019492149353,-0.3144797063867421,-0.017596707439027415,0.5464504156150749,31.30930252791353
93.66863632202148,-0.31062790981787997,-0.015265290202911449,0.5392606562652,30.897359661450977
93.70209550857544,-0.30821633348520655,-0.013835057611072323,0.5341158413328664,30.602583479452374
93.7686059474945,-0.3039156863410769,-0.011269371953475694,0.5269898206600931,30.194292570179492
93.80238580703735,-0.30159937888517124,-0.009942222702179107,0.5227691690095004,29.952467043805605
93.86883211135864,-0.2976400358584731,-0.00765743566526518,0.5172913405962665,29.638610594830453
93.9020984172821,-0.2946170502266528,-0.00591856402187501,0.513392927913074,29.415248001283256
93.96865224838257,-0.29069536061134704,-0.003716465401366817,0.5073210695144111,29.06735614123881
94.00200080871582,-0.28800654837303463,-0.002221832538759301,0.5030194704942388,28.820892672225323
94.06860280036926,-0.2835999698813461,0.00021807846378499307,0.49699770159506507,28.47587072909953
94.10196352005005,-0.2807700031679,0.0017531926844484985,0.4924205815902285,28.213621070497496
94.16867423057556,-0.27702896302162905,0.003739067558728354,0.48522043921226526,27.801083300346914
94.2019362449646,-0.2739706845548684,0.005369025780414018,0.47960355105237973,27.47925931478847
94.26858258247375,-0.26959353947132675,0.007652569274058815,0.4711753692864407,26.99636007063105
94.30205941200256,-0.2665998127761391,0.009182294873228657,0.46528858137442425,26.659071968383873
94.36870956420898,-0.2620485235525908,0.011476247994886668,0.45631171140816557,26.144735206079506
94.40201950073242,-0.2589292240933275,0.013013184022492595,0.45054750346846273,25.814470418898733
94.46864199638367,-0.254585436254238,0.01510756942785467,0.4421454065710107,25.33306572761477
94.50202250480652,-0.2512762041666122,0.016685260368455135,0.43660924153230596,25.015866836209106
94.56863713264465,-0.2464558470631118,0.018942375479519734,0.4273275451462379,24.484064806565577
94.60193943977356,-0.24366288314064669,0.02019656755288255,0.42108243997101263,24.126246637409864
94.66880989074707,-0.23909053011367923,0.02224374455881488,0.41188572822388636,23.59931386890114
94.7018575668335,-0.23566053036222273,0.023758868470752606,0.4065118658455921,23.291414234940746
94.76854133605957,-0.2308746007794051,0.02581851136384035,0.39883430843396583,22.851522598285175
94.80196475982666,-0.22730691156462887,0.027338092739886584,0.3935692789018286,22.549858627081974
94.86879420280457,-0.22245056850641898,0.029347939987892896,0.38531274439259944,22.076794046299025
94.90185523033142,-0.21948337211592778,0.03053648208854575,0.37896670658341725,21.713192863202437
94.96881651878357,-0.21478573716342872,0.03240211017536457,0.3701587322377935,21.208533107138695
95.00188183784485,-0.211797117422786,0.03355284817298539,0.3650140558693429,20.913764864265783
95.06881356239319,-0.20697897631154016,0.03539857953092089,0.3580508996727163,20.514805402108713
95.10181474685669,-0.20410106412616344,0.036461947426634,0.3533307255388167,20.244359345669448
95.16880631446838,-0.19968877266194937,0.03808025756882866,0.3455296524981235,19.79739078476444
95.20213508605957,-0.1965532047422129,0.039213779041865834,0.3405113477424706,19.509863101955098
95.26850175857544,-0.19239324717612738,0.04067044381612761,0.3338074651775096,19.125758924631494
95.30216574668884,-0.18961350835089277,0.04162775932814779,0.32944106694878356,18.875582734452095
95.3685359954834,-0.18499244234266063,0.043218435290156815,0.32229429020521577,18.46610258992341
95.40204000473022,-0.18181891606097167,0.04428495597237013,0.3169313155197058,18.15882677480819
95.46883487701416,-0.17765833172841125,0.04563499379388152,0.30777255092299877,17.63406821786304
95.50193238258362,-0.1754914909841179,0.04629319579223741,0.30182847689370856,17.293497862871387
95.56855750083923,-0.17146998311108813,0.04754533127425761,0.2932921431120388,16.80440196466676
95.60187792778015,-0.16839165398344724,0.048491119464491986,0.28778537798010584,16.4888875638372
95.66849780082703,-0.16403419695785496,0.04978725555819416,0.2796366044082341,16.021997229961208
95.70193648338318,-0.16081236174557528,0.050727441301628956,0.2744095108475899,15.722506829816284
95.76865649223328,-0.1565184029151295,0.05193141472645585,0.26705131833407547,15.300913453947148
95.80190682411194,-0.15307520323822144,0.052895279407280074,0.2623460723555544,15.031322717806987
95.86863875389099,-0.14825071656892455,0.054195862901952635,0.25456589324372114,14.5855512908431
95.90193676948547,-0.14554114636359963,0.0548848038870504,0.24965654669963655,14.304266453699917
95.9686233997345,-0.1406487806305387,0.05614515542507921,0.24267991854488802,13.904535105200681
96.00188398361206,-0.13727098552412328,0.056989883886008355,0.23683579443572356,13.569691458794907
96.0684711933136,-0.13242066221753432,0.05816143471753256,0.22703431576791155,13.00810809814177
96.10189938545227,-0.1292979534069329,0.05887889492401495,0.22031681556400873,12.623223687579868
96.16878366470337,-0.12471513794119111,0.05989699728287862,0.21126407712387563,12.104539981924397
96.20234251022339,-0.12144204556497246,0.060604127682383775,0.20574105783504404,11.788094286505002
96.26853919029236,-0.11658129912705233,0.06162170463348084,0.19803850324833716,11.346770417217563
96.30191254615784,-0.113565978184176,0.06221777607659518,0.19212279797539367,11.007825472234614
96.36878705024719,-0.10898548595619763,0.06310296483484554,0.181586939688958,10.404165258873915
96.40231943130493,-0.10596465224486562,0.06365370023971409,0.17430575030100792,9.986983837108932
96.46886897087097,-0.10182037331797572,0.064364837479812,0.16370007903205508,9.379323634494778
96.50189971923828,-0.0987847113481177,0.0648704942386408,0.1574289666267341,9.020015360817753
96.56854200363159,-0.09454485581910099,0.06553575869978437,0.14901571600165076,8.537971608014676
96.60193991661072,-0.09109604771818812,0.06607548909658978,0.1438276236735394,8.240715813889693
96.66855216026306,-0.08666678180877033,0.06671064975039469,0.13568554121302023,7.774208852454452
96.70214533805847,-0.083619497860793,0.06712764998723036,0.12973236424788137,7.433116937657495
96.76881003379822,-0.07877637828554304,0.06777102282564254,0.1202524352180534,6.889957014164803
96.80203413963318,-0.0758538583506269,0.06811703604016328,0.11477090893899655,6.575888693084796
96.8686273097992,-0.07113884557212649,0.06866569457568594,0.10844712050562366,6.213562305318882
96.90192294120789,-0.06794883171638295,0.06901651923020821,0.10431958975544475,5.977072213523164
96.9685652256012,-0.0630804107457393,0.06953327706554173,0.09834723271100865,5.6348813611317485
97.00210762023926,-0.05999158530054011,0.06983327236395989,0.0940916111563781,5.391052206846516
97.06858468055725,-0.05522995464968015,0.07028375982441915,0.08758475363079032,5.018236732737399
97.10195446014404,-0.05189700749113357,0.07058177652069834,0.08263185237924996,4.734456394679072
97.16863203048706,-0.04694704975153058,0.07099517298714594,0.07456023986907169,4.271987063980862
97.2019112110138,-0.043624035498295584,0.07124578005817982,0.06850514919328708,3.925055923689386
97.26862025260925,-0.038370105444540704,0.0716178492607581,0.059327788729355735,3.3992319020358965
97.30191993713379,-0.03489971113580656,0.07182681229702065,0.053738884649127794,3.0790112861353904
97.36880087852478,-0.029725059146869258,0.07210712154148097,0.045918672591767073,2.630946140351303
97.40216517448425,-0.026390489354581617,0.07225525650454828,0.04058132910262913,2.3251388846120693
97.46858143806458,-0.021555020698893028,0.07244391657617796,0.0311930562552325,1.7872304735389746
97.50192022323608,-0.018302198310257704,0.07253955241000644,0.025173433717059712,1.4423315078398455
