time_s,x_m,y_m,yaw_rad,yaw_deg
0.042276620864868164,0.0,0.0,0.0,0.0
0.0822746753692627,0.0,0.0,0.0,0.0
0.14226675033569336,0.0010016657986953955,-1.68911910751094e-06,-0.0033726169120660288,-0.19323671497582773
0.1823430061340332,0.002838055054562616,-3.2374788398695665e-06,0.0016863084560334585,0.09661835748793932
0.24226140975952148,0.005175265282210313,4.645065787771234e-06,0.005058925368099709,0.2898550724637798
0.2822902202606201,0.007846282931223202,2.7166397716311616e-05,0.011804159192232433,0.6763285024154734
0.3423030376434326,0.009682384983244707,5.9680256976569254e-05,0.023608318384464866,1.3526570048309468
0.3823108673095703,0.01168479662565887,0.0001204792365940982,0.03709878603273009,2.1256038647343214
0.44234347343444824,0.014186827813838608,0.00022390840135694343,0.04553032831289627,2.6086956521739544
0.4823315143585205,0.01668810443469191,0.0003442118706321103,0.05058925368099576,2.8985507246377216
0.5424058437347412,0.01902171002532852,0.00047420698623137653,0.060707104417194735,3.4782608695652555
0.5822732448577881,0.021520324910551253,0.0006408842614983746,0.07251126360942717,4.1545893719807285
0.6424977779388428,0.024516678784462287,0.0008686966643529203,0.07925649743356011,4.541062801932435
0.6822400093078613,0.02751057435739392,0.0011268135506205621,0.09274696508182556,5.314009661835822
0.7424764633178711,0.030501214568716874,0.0014202520535711288,0.10286481581802454,5.8937198067633565
0.782200813293457,0.033155800858070135,0.001716923798278992,0.11972790037835601,6.859903381642572
0.8425238132476807,0.036468729128259984,0.002132492889894772,0.1298457511145551,7.439613526570112
0.8824870586395264,0.039612214110476704,0.0025564562126670007,0.13827729339472095,7.922705314009726
0.9423072338104248,0.043082517852743266,0.003054324616520915,0.1467088356748869,8.405797101449346
0.9822862148284912,0.04621759823402263,0.0035365213973030628,0.15851299486711945,9.082125603864826
1.0422899723052979,0.04918165948286118,0.004030865348139866,0.17200346251538468,9.8550724637682
1.0822007656097412,0.052467351488809946,0.004624514600959733,0.18549393016365023,10.628019323671595
1.1422560214996338,0.055581376781545594,0.0052279126525646424,0.19729808935588256,11.304347826087062
1.1822948455810547,0.05934469378286833,0.005990099155484513,0.20235701472398215,11.594202898550835
1.2422373294830322,0.062284239500754186,0.006613882772658817,0.2158474823722475,12.367149758454216
1.2823066711425781,0.065540754341338,0.007350973327736869,0.22933795002051305,13.140096618357608
1.3422741889953613,0.06878702946074693,0.00813192738684287,0.24282841766877838,13.91304347826099
1.3822660446166992,0.0720238601258028,0.008951145696625598,0.25294626840497747,14.49275362318853
1.4423015117645264,0.07492810180748034,0.009722777268687043,0.26643673605324303,15.265700483091925
1.4823706150054932,0.07814317742442832,0.010623599210379829,0.27992720370150836,16.038647342995304
1.5422825813293457,0.0815084366301907,0.011606407171873456,0.2883587459816743,16.521739130434927
1.5822598934173584,0.08454404240095882,0.012526374745735626,0.30016290517390687,17.198067632850407
1.6422147750854492,0.08772691417620407,0.013535096043059941,0.3136533728221722,17.971014492753785
1.6823232173919678,0.09105896257891385,0.014625203585068296,0.3187122981902717,18.260869565217554
1.7422358989715576,0.09438170136422891,0.015743366353053366,0.3305164573825037,18.937198067633002
1.78228759765625,0.09753435207101843,0.016842904853656075,0.34063430811870266,19.516908212560534
1.8425991535186768,0.10051774111273906,0.01792023143284225,0.352438467310935,20.193236714976003
1.8822715282440186,0.10380295491066505,0.019144262197594755,0.36087000959110105,20.67632850241563
1.942399501800537,0.10691876454162658,0.02034422958754148,0.3743604772393665,21.449275362319018
1.9822449684143066,0.11002019282234247,0.021580892036597098,0.38447832797556547,22.02898550724655
2.042266845703125,0.11326226436379579,0.02291500340048063,0.396282487167798,22.70531400966203
2.0822253227233887,0.1163358394855213,0.024219352803224875,0.4064003379039969,23.285024154589557
2.1422767639160156,0.11893414773351366,0.02536100184303306,0.42157711400829523,24.15458937198085
2.182206392288208,0.12182066227182957,0.02667602144462434,0.4333812732005279,24.830917874396338
2.242192506790161,0.1256039838829604,0.028438271891872577,0.43844019856862726,25.1207729468601
2.2828521728515625,0.12831609053024548,0.02973230147513077,0.4519306662168928,25.893719806763492
2.3422482013702393,0.1313098720018844,0.031210632930995942,0.46542113386515815,26.666666666666874
2.382222890853882,0.13428599484732867,0.032724199646457494,0.47553898460135713,27.24637681159441
2.4421887397766113,0.13724665157905797,0.03426780034294434,0.485656835337556,27.826086956521937
2.482264518737793,0.14004303339416999,0.03576496148209738,0.49746099452978854,28.502415458937417
2.5422449111938477,0.14281896396129107,0.037299709741259866,0.512637770634087,29.371980676328718
2.5822718143463135,0.14557393808893573,0.038871765811661824,0.5244419298263194,30.04830917874419
2.6422295570373535,0.14802214014213944,0.040307340605383594,0.5362460890185519,30.724637681159663
2.6822359561920166,0.15044827368718033,0.041779904459112116,0.5547954820349168,31.787439613526818
2.742244243621826,0.1534204503894525,0.04363921795113397,0.5632270243150828,32.27053140096644
2.782269239425659,0.15623454995969277,0.045436169537043436,0.5733448750512817,32.85024154589397
2.842543363571167,0.1584662319751894,0.04690396988908027,0.5902079596116137,33.81642512077321
2.882204294204712,0.1609515250294529,0.048593157108729246,0.6036984272598791,34.5893719806766
2.9422287940979004,0.16369061495876433,0.05050249672034184,0.6138162779960782,35.16908212560414
2.9822511672973633,0.1666822097686633,0.05263314734381657,0.623934128732277,35.748792270531666
3.042280673980713,0.1695188375433293,0.05469334730477612,0.632365671012443,36.231884057971286
3.082185745239258,0.1723344756851166,0.056782141901106226,0.644169830204675,36.90821256038674
3.142301321029663,0.17526376980153963,0.058997666120205634,0.6509150640288075,37.294685990338415
3.1822283267974854,0.17750841446045043,0.06073436950216313,0.666091840133106,38.16425120772972
3.2422592639923096,0.18052135812526787,0.06311463284690308,0.6711507655012054,38.454106280193486
3.2821900844573975,0.18299364433394474,0.06510185292401213,0.6829549246934374,39.13043478260893
3.3422887325286865,0.18544230138530765,0.06711811713717716,0.6947590838856694,39.80676328502438
3.382248878479004,0.1885159264404539,0.06968837483374568,0.6981317007977358,40.00000000000023
3.4421799182891846,0.1908048100575021,0.07163543590525953,0.7116221684460013,40.77294685990362
3.4822678565979004,0.19281287320602072,0.07339683446415864,0.7284852530063333,41.739130434782865
3.5422310829162598,0.19441883004878113,0.07485663358830957,0.7470346460226982,42.801932367150016
3.582221031188965,0.19722945421193006,0.0774727136580323,0.7520935713907977,43.09178743961378
3.642238140106201,0.19977950638636677,0.07987856380274122,0.7605251136709636,43.5748792270534
3.6822023391723633,0.20243178700099573,0.08241917772996246,0.7672703474950961,43.96135265700509
3.7423667907714844,0.20494503385123092,0.08486345089000977,0.7757018897752621,44.444444444444706
3.7822775840759277,0.20720019702224102,0.087094029694849,0.7841334320554281,44.927536231884325
3.842329263687134,0.20943267648434793,0.08934731134252408,0.7959375912476601,45.603864734299776
3.8822572231292725,0.21140277912019745,0.09139016813777391,0.8111143673519585,46.473429951691074
3.942237377166748,0.2140401117707118,0.09418085973811385,0.816173292720058,46.76328502415484
3.982429265975952,0.21585338902341505,0.09614220317988001,0.8330363772803899,47.729468599034085
4.042234182357788,0.21752366277801982,0.09800795858813315,0.8482131533846884,48.59903381642538
4.082228660583496,0.21971905478882392,0.10052359872778464,0.8583310041208874,49.178743961352914
4.1422295570373535,0.2216718992710397,0.1028075500094181,0.8684488548570863,49.75845410628045
4.182233095169067,0.22327506862395557,0.10473127184082155,0.8836256309613848,50.62801932367175
4.242252349853516,0.2253800177882122,0.10732306280639413,0.8937434816975838,51.20772946859929
4.282249212265015,0.2272507744523321,0.1096747227589058,0.9038613324337827,51.78743961352682
4.342333078384399,0.22898936979838086,0.11191790231132186,0.9190381085380812,52.65700483091812
4.3822853565216064,0.2308985082611385,0.11445097022641969,0.9308422677303132,53.33333333333357
4.442296981811523,0.23298017413121197,0.11727188288308169,0.9392738100104792,53.81642512077319
4.482340574264526,0.23493771089749255,0.11997673799971696,0.9493916607466781,54.39613526570072
4.542229175567627,0.23647440688678983,0.12216155101876632,0.96625474530701,55.36231884057997
4.582296848297119,0.23816987515191448,0.12464256339087397,0.976372596043209,55.9420289855075
4.642284870147705,0.2399307239778058,0.12728086855609577,0.988176755235441,56.61835748792295
4.682276725769043,0.24138154736279255,0.12952362444947912,1.0050398397957725,57.58454106280216
4.742221832275391,0.2431618587075715,0.13234828069564064,1.011785073619905,57.971014492753845
4.782169342041016,0.24500862569743362,0.1353282694030522,1.020216615900071,58.454106280193464
4.842210531234741,0.24656347687060287,0.13789974229964083,1.0337070835483364,59.22705314009685
4.882313966751099,0.24825724295820734,0.14077712788968766,1.0438249342845354,59.80676328502438
4.94213604927063,0.24966589729768507,0.14324091790378185,1.0590017103888338,60.676328502415686
4.982277870178223,0.251369953300206,0.1463047511484962,1.0674332526689998,61.159420289855305
5.042295694351196,0.25280615358205943,0.14894432758781373,1.0775511034051988,61.73913043478284
5.082446336746216,0.25405100829705524,0.1513076259672578,1.0944141879655302,62.705314009662054
5.142300844192505,0.2553332723160531,0.15383949627737697,1.1095909640698287,63.57487922705336
5.182267189025879,0.2570333534902981,0.15728234496976157,1.1146498894379282,63.864734299517124
5.242282867431641,0.2583433675115291,0.15998676695842645,1.1247677401741272,64.44444444444466
5.282233715057373,0.25969478762367837,0.16285641962259279,1.1365718993663592,65.1207729468601
5.342270374298096,0.2608692061014529,0.1654400816594586,1.1517486754706576,65.99033816425141
5.382252931594849,0.26200866396113137,0.1680393515699713,1.1635528346628896,66.66666666666686
5.442243814468384,0.2633836710296632,0.17126429134811166,1.1719843769430556,67.14975845410648
5.482297897338867,0.26460307953887546,0.17419247946026217,1.1804159192232215,67.6328502415461
5.542263031005859,0.2657977558545732,0.17713084486184,1.1888474615033875,68.11594202898571
5.582263469696045,0.267090758119488,0.18038952958946702,1.1972790037835535,68.59903381642533
5.642276763916016,0.26823072713993723,0.1833495487388806,1.2090831629757854,69.27536231884078
5.682284593582153,0.26934068929010735,0.18632095021927136,1.2175147052559514,69.7584541062804
5.742286443710327,0.2704255587860357,0.1893016046623901,1.2259462475361174,70.24154589372003
5.78226637840271,0.27154368522311473,0.19244771093269197,1.2326914813602499,70.62801932367171
5.842244625091553,0.27246924986976906,0.19513060086083722,1.2444956405524819,71.30434782608715
5.882227659225464,0.27357900432584825,0.19845615736439515,1.2529271828326478,71.78743961352677
5.942189931869507,0.2746663020500072,0.20178912371138746,1.2579861082007473,72.07729468599054
5.982270002365112,0.27552371515273305,0.20449456472034583,1.2697902673929793,72.75362318840598
6.042246580123901,0.2764513582268694,0.20752783375877376,1.2782218096731452,73.2367149758456
6.08223819732666,0.2774483445754018,0.2108889197784978,1.2866533519533112,73.71980676328523
6.142315149307251,0.2782761481719199,0.21377765241309515,1.2967712026895102,74.29951690821277
6.1822521686553955,0.27916883482667576,0.21699499633778657,1.3035164365136427,74.68599033816444
6.24224328994751,0.28003979960119985,0.2202182884056679,1.3102616703377752,75.07246376811612
6.282489776611328,0.28084395592582856,0.22328660640386144,1.3186932126179411,75.55555555555574
6.34222936630249,0.2816659030915538,0.22652274519107135,1.3254384464420736,75.94202898550742
6.382258415222168,0.28241820622881747,0.2296041868540178,1.3372426056343056,76.61835748792288
6.442257881164551,0.2831799870229649,0.23285501465859257,1.3439878394584381,77.00483091787456
6.482370615005493,0.28376306780142435,0.23546170974960745,1.3574783071067036,77.77777777777794
6.542216777801514,0.28441627276167475,0.23856566948072233,1.3692824662989356,78.45410628019339
6.582250118255615,0.2850028301261036,0.24151286908150105,1.3794003170351345,79.03381642512092
6.642246723175049,0.28558783854975395,0.2446304014192222,1.3912044762273665,79.71014492753638
6.682291030883789,0.28617317487697935,0.24791758452598078,1.397949710051499,80.09661835748805
6.742233514785767,0.2866750147206929,0.2508803858692803,1.408067560787698,80.67632850241559
6.7822394371032715,0.28708552655668274,0.2535197650622426,1.42493064534803,81.64251207729482
6.842218399047852,0.2875804687826411,0.25699048735077384,1.433362187628196,82.12560386473444
6.882308006286621,0.28799647942963547,0.2601350346749632,1.4451663468204279,82.80193236714989
6.942251682281494,0.28837534321868563,0.2632842734658181,1.4569705060126599,83.47826086956535
6.982532501220703,0.28876472488361454,0.2667684179705943,1.4620294313807594,83.76811594202911
7.042305946350098,0.2891103740904598,0.27008936934318845,1.4721472821169583,84.34782608695664
7.082249164581299,0.2894597742520288,0.2737454917581278,1.4788925159410908,84.73429951690832
7.14230489730835,0.28974937548528457,0.2770717993985943,1.4890103666772898,85.31400966183585
7.1823108196258545,0.2900370753901975,0.2807332936769785,1.4957556005014223,85.70048309178755
7.242265939712524,0.2903152547330056,0.2845629280421513,1.5008145258695218,85.99033816425131
7.282175302505493,0.2905456534309976,0.2880611843865475,1.5092460681496878,86.47342995169093
7.342271089553833,0.29068747278844553,0.29072852946388245,1.5261091527100197,87.43961352657017
7.382213830947876,0.29080146102824295,0.29373136840558134,1.5395996203582851,88.21256038647356
7.442264795303345,0.2908732409694136,0.29656851766526526,1.5514037795505171,88.888888888889
7.482704401016235,0.2909160307091537,0.2997401752398865,1.563207938742749,89.56521739130446
7.542208433151245,0.29092137958632747,0.3029121169357554,1.575012097934981,90.2415458937199
7.58221435546875,0.29089182033817107,0.3064178276000849,1.583443640215147,90.72463768115952
7.6421895027160645,0.2908329860354595,0.30958922811993456,1.595247799407379,91.40096618357497
7.682267665863037,0.2907420706371784,0.3124258286684848,1.6104245755116775,92.27053140096626
7.742189168930054,0.29059770077714997,0.3155944877028391,1.62222873470391,92.94685990338174
7.782137870788574,0.29038413737295143,0.319428268316028,1.630660276984076,93.42995169082135
7.84221887588501,0.2901675192331248,0.322760124851779,1.6407781277202749,94.0096618357489
7.882190704345703,0.2899172015289698,0.3260896191737917,1.6508959784564738,94.58937198067643
7.942283630371094,0.28963320988551733,0.3294164104416318,1.6610138291926728,95.16908212560396
7.982244253158569,0.2893422930575106,0.3324072970038034,1.6745042968409383,95.94202898550735
8.042280197143555,0.2890478596436442,0.3350621324895782,1.6879947644892037,96.71497584541073
8.082244873046875,0.28871316984120654,0.33771219385261764,1.7048578490495352,97.68115942028996
8.142256736755371,0.2883596396798078,0.3401912812015685,1.7200346251538337,98.55072463768126
8.182199001312256,0.28786951438123637,0.34332513185598373,1.731838784346066,99.22705314009673
8.24211573600769,0.2872986119643141,0.34678417094820246,1.7368977097141656,99.5169082125605
8.282161712646484,0.2867817900153684,0.3497443956190145,1.750388177362431,100.28985507246388
8.342460632324219,0.28623006192073464,0.35269831354918585,1.76050602809863,100.86956521739141
8.38223123550415,0.28564350455630566,0.3556455131499646,1.7739964957468954,101.64251207729481
8.442240476608276,0.2850824227030545,0.3582570317973578,1.7908595803072274,102.60869565217405
8.482199430465698,0.28444656378169053,0.36102294063782986,1.8026637394994598,103.28502415458952
8.542192459106445,0.2836628728899105,0.3642685561386969,1.8127815902356588,103.86473429951705
8.58217978477478,0.282928032905605,0.3671823243563252,1.8228994409718577,104.44444444444458
8.642204761505127,0.2820392285468049,0.3705736231964339,1.8313309832520237,104.9275362318842
8.682196617126465,0.2812455808899429,0.37347192587651284,1.8448214509002892,105.70048309178759
8.742170572280884,0.2804177772934248,0.3763606585111103,1.8549393016364881,106.28019323671512
8.782273530960083,0.2795106152760102,0.37940011566768256,1.8667434608287206,106.95652173913061
8.84220004081726,0.2785727474425631,0.3824302388763104,1.8751750031088865,107.43961352657023
8.882222890853882,0.2776528299451331,0.3852909707453464,1.888665470757152,108.21256038647361
8.942229747772217,0.27654307548905394,0.3886165272489044,1.897097013037318,108.69565217391323
8.982194185256958,0.27535407200050654,0.39209152110359663,1.9038422468614504,109.08212560386491
9.042181730270386,0.27414750406726673,0.39556045543684726,1.907214863773517,109.27536231884076
9.08224630355835,0.2730827643097478,0.3985483597159763,1.9190190229657489,109.95169082125621
9.142339944839478,0.27209412494796087,0.401208653025746,1.9341957990700474,110.82125603864752
9.182154178619385,0.2708915308767952,0.40432344979172047,1.9443136498062463,111.40096618357505
9.242574691772461,0.2699001092835661,0.4068037573767206,1.9578041174545118,112.17391304347844
9.282224655151367,0.26868564033416437,0.4097339976234271,1.9696082766467438,112.85024154589388
9.342186450958252,0.2671856385210082,0.4132686090134112,1.9746672020148432,113.14009661835765
9.382275342941284,0.26579433438746386,0.41648655149567015,1.9830987442950088,113.62318840579724
9.442254781723022,0.2644409160007904,0.4195388375346813,1.9932165950312077,114.20289855072478
9.482255697250366,0.2630618105478371,0.4225796038103039,1.9999618288553407,114.58937198067649
9.542199611663818,0.2617929902258185,0.425303595370318,2.0134522965036057,115.36231884057985
9.58220386505127,0.26063258874037576,0.42770948624155725,2.0269427641518707,116.1352657004832
9.642266035079956,0.2590750420602817,0.43085033474959955,2.035374306432036,116.61835748792281
9.682293891906738,0.25764192345081316,0.4336800721550269,2.0438058487122017,117.1014492753624
9.742196083068848,0.25610581655517983,0.436644623891549,2.0539236994484007,117.68115942028993
9.782200336456299,0.2544641040159972,0.43974231027816607,2.062355241728566,118.16425120772952
9.842350959777832,0.25271963864312036,0.4429743610433553,2.069100475552699,118.55072463768123
9.882278203964233,0.2511090439020045,0.4458991133359809,2.079218326288898,119.13043478260876
9.942212104797363,0.2499506867974976,0.4479290942721401,2.099454027761296,120.28985507246384
9.982263565063477,0.24825207096076785,0.45080361956034654,2.109571878497495,120.86956521739137
10.042163372039795,0.24635699992207744,0.4539497310243992,2.116317112321628,121.25603864734308
10.082156419754028,0.24461015452620427,0.4567952050721188,2.126434963057827,121.8357487922706
10.142353534698486,0.24292112188938864,0.4594800535751538,2.1382391222500594,122.51207729468608
10.18222689628601,0.24111232270720775,0.462286552624124,2.1483569729862584,123.09178743961361
10.242199897766113,0.2394547020245867,0.46479301002474804,2.161847440634523,123.86473429951695
10.282278299331665,0.23739782991003364,0.4678358029342804,2.1685926744586563,124.25120772946869
10.342247247695923,0.2355971444427268,0.47044708127645457,2.1803968336508888,124.92753623188416
10.382231712341309,0.23386008169802758,0.47289915143237904,2.1938873012991538,125.70048309178752
10.442264556884766,0.23189798649711374,0.4756007016939655,2.2040051520353527,126.28019323671505
10.482347249984741,0.23020129748340798,0.47787574337983646,2.219181928139651,127.14975845410636
10.542242765426636,0.22827086946526934,0.480392624465479,2.2309860873318836,127.82608695652183
10.582151889801025,0.2262143558183412,0.48302301284237803,2.2377313211560166,128.21256038647354
10.642244815826416,0.2240341204330946,0.48576845537065355,2.246162863436182,128.69565217391312
10.682241439819336,0.2218308145043594,0.48849541778248545,2.2545944057163476,129.17874396135272
10.74225401878357,0.22012596304106696,0.49055170666779324,2.271457490276679,130.14492753623193
10.782242059707642,0.2179604183065193,0.49309308570209764,2.2815753410128785,130.7246376811595
10.842120885848999,0.21609613867215688,0.49523295245649646,2.293379500205111,131.40096618357498
10.882220268249512,0.21365796177721302,0.49797969689580796,2.300124734029244,131.7874396135267
10.942214250564575,0.21142046246191548,0.5004579600390944,2.310242584765443,132.36714975845422
10.982326745986938,0.20927309396628277,0.5027924945272616,2.3186741270456084,132.8502415458938
11.04221510887146,0.206878015605319,0.5053526665246061,2.327105669325774,133.3333333333334
11.082224369049072,0.20491481393428426,0.5074021560904558,2.3422824454300724,134.2028985507247
11.142360925674438,0.20315533243810072,0.509184032215032,2.357459221534371,135.072463768116
11.182240009307861,0.20066278367014204,0.5116494087888015,2.3658907638145363,135.5555555555556
11.24230432510376,0.198861729285786,0.5133892538288378,2.381067539918835,136.4251207729469
11.28224492073059,0.19643117712341449,0.515678491164572,2.3911853906550338,137.00483091787444
11.342347383499146,0.19398140978291836,0.5179471540683034,2.3979306244791667,137.39130434782615
11.382303714752197,0.19139115203924262,0.5203096624455315,2.4063621667593322,137.87439613526573
11.442294359207153,0.18865884567114338,0.5227640082843998,2.413107400583465,138.26086956521743
11.48240351676941,0.18640647055222068,0.5247531893601829,2.423225251319664,138.84057971014497
11.542230606079102,0.1842556380054444,0.5266048069333897,2.4384020274239626,139.71014492753628
11.582207441329956,0.18157191337939066,0.5288605780083567,2.446833569704128,140.19323671497588
11.642253160476685,0.17899617005362012,0.5309851338944367,2.456951420440327,140.7729468599034
11.682241439819336,0.1767841244984882,0.5327631729107974,2.4721281965446256,141.6425120772947
11.742149829864502,0.17389642859611062,0.5350326494939153,2.4788734303687585,142.0289855072464
11.782267808914185,0.17099349035180741,0.5372825964123313,2.4856186641928915,142.4154589371981
11.842252492904663,0.16846849341343056,0.5392023967127968,2.497422823385124,143.0917874396136
11.882202863693237,0.165656381625289,0.5412959363713992,2.5058543656652894,143.5748792270532
11.942193984985352,0.16242847422536477,0.543669543209927,2.509226982577356,143.76811594202906
11.982306241989136,0.1599926200310159,0.5454292731245639,2.5227174502256213,144.54106280193244
12.042252779006958,0.15726322431741524,0.5473524450960492,2.5328353009618203,145.12077294685997
12.08219051361084,0.15492274954083027,0.5489576697226514,2.5480120770661188,145.99033816425126
12.142228841781616,0.1525581831056283,0.5505271899854055,2.5631888531704172,146.85990338164257
12.182520627975464,0.14961456599556247,0.5524313956782005,2.5716203954505827,147.34299516908217
12.242275714874268,0.14707643641039064,0.5540401011321207,2.5817382461867817,147.9227053140097
12.282244682312012,0.14437884829657754,0.5557087116620805,2.593542405379014,148.59903381642516
12.342243909835815,0.14095547264805733,0.5577905125112285,2.59691502229108,148.792270531401
12.382254600524902,0.13837486773727517,0.55933015965361,2.610405489939345,149.56521739130434
12.442227363586426,0.13577372771862734,0.5608348541847304,2.623895957587611,150.33816425120776
12.482276439666748,0.133296979017198,0.5622205973613862,2.6390727336919095,151.20772946859907
12.542231798171997,0.13007231121813256,0.563978672778312,2.6458179675160425,151.59420289855078
12.582250595092773,0.12756803002187964,0.5653140169181404,2.657622126708275,152.27053140096626
12.642183542251587,0.12519328780301162,0.5665368995313363,2.6744852112686064,153.23671497584547
12.68224549293518,0.12220450919402509,0.5680253194384169,2.684603062004806,153.81642512077303
12.74232292175293,0.11950119271038886,0.5693376132385615,2.694720912741005,154.39613526570056
12.782252550125122,0.11633325968214389,0.5708393060632428,2.7031524550211703,154.87922705314014
12.842298746109009,0.11360394328822093,0.5720966314190917,2.7166429226694353,155.65217391304353
12.882264614105225,0.11055509043139888,0.5734577661114632,2.7267607734056343,156.23188405797106
12.942259788513184,0.10779886893986951,0.5746549620512434,2.7368786241418332,156.8115942028986
12.982332944869995,0.10487584758059698,0.575886704258735,2.7486827833340657,157.48792270531405
13.042219638824463,0.1019405134650492,0.5770888092302666,2.757114325614231,157.97101449275365
13.082487106323242,0.09930164898496943,0.5781333007512727,2.7722911017185297,158.84057971014497
13.142197847366333,0.09649199273333645,0.5791990712595233,2.7857815693667947,159.61352657004832
13.183003187179565,0.09366995199303105,0.580231602657909,2.7958994201029936,160.19323671497585
13.24242115020752,0.09052290408810576,0.5813470760450554,2.8060172708391926,160.77294685990339
13.282256841659546,0.08689416894931237,0.5826023705962114,2.811076196207292,161.06280193236714
13.342211246490479,0.08420433278977188,0.5835075499798185,2.8228803553995245,161.73913043478262
13.382207155227661,0.08118631311111274,0.5844836647024334,2.834684514591757,162.4154589371981
13.442265033721924,0.07799837904096929,0.5854762712497361,2.844802365327956,162.99516908212564
13.482337236404419,0.07448257019588883,0.5865385328704207,2.851547599152089,163.38164251207735
13.54226565361023,0.07159735305175538,0.5873785073103851,2.8650380668003548,164.15458937198076
13.582267045974731,0.06838076294312123,0.5882739063646432,2.8751559175365538,164.7342995169083
13.642288208007812,0.06515527811629113,0.5891367151645619,2.8852737682727527,165.31400966183583
13.682264566421509,0.062083597255261996,0.5899279290550267,2.8937053105529182,165.7971014492754
13.742323637008667,0.05900406837080549,0.5906880241689935,2.9055094697451507,166.4734299516909
13.782316207885742,0.05575388402037326,0.5914525456412458,2.9156273204813496,167.05314009661842
13.842277765274048,0.05265843359979294,0.5921449540656664,2.927431479673582,167.7294685990339
13.882196426391602,0.049555025724453305,0.5928007759101925,2.9392356388658145,168.40579710144937
13.942269325256348,0.0464440928125201,0.5934199197948676,2.951039798058047,169.08212560386485
13.982256889343262,0.04348971074051167,0.5939691570852899,2.964530265706313,169.85507246376827
14.042281150817871,0.04020105756492601,0.5945461767418347,2.971275499530446,170.24154589371997
14.08223557472229,0.03707188739467851,0.5950653460572902,2.983079658722678,170.91787439613543
14.142310857772827,0.03410142713173492,0.5955196596657911,2.996570126370943,171.6908212560388
14.182294130325317,0.031785439259211234,0.5958340065395682,3.0168058278433407,172.85024154589385
14.24227499961853,0.028801348864782,0.596187898537884,3.030296295491607,173.62318840579726
14.282525300979614,0.02597854019807705,0.5964817003637023,3.0454730715959055,174.49275362318858
14.342328310012817,0.023152024988981112,0.5967373956011014,3.057277230788138,175.16908212560406
14.382279634475708,0.01982361553304751,0.597001747425342,3.067395081524337,175.7487922705316
14.442294836044312,0.016492701815137095,0.5972324099432433,3.077512932260536,176.32850241545913
14.482369184494019,0.012993505252166748,0.5974480587893793,3.0825718576286354,176.61835748792288
14.542266368865967,0.009992608584275808,0.597605075403907,3.0960623252769013,177.3913043478263
14.582269191741943,0.007156594028226604,0.5977127309637154,3.1112391013811997,178.2608695652176
14.642241954803467,0.004319385255466518,0.5977821187252609,3.1230432605734313,178.93719806763303
14.682291269302368,0.001815324901747406,0.5978053437910236,3.141592653589796,180.00000000000014
14.742217540740967,-0.0011896383138934874,0.5977901417766945,3.1517105043259948,180.57971014492767
14.782260179519653,-0.004194212736091524,0.597739470581039,3.165200971974261,181.35265700483112
14.84225344657898,-0.007531731604648956,0.5976437668958928,3.1753188227104596,181.93236714975862
14.882249593734741,-0.01120198425173724,0.5975075424763898,3.1820640565345917,182.3188405797103
14.942282438278198,-0.015038159185014444,0.597342481884571,3.187122981902691,182.60869565217405
14.982285499572754,-0.018206181433068597,0.5971847550057231,3.1955545241828576,183.0917874396137
15.042186975479126,-0.021372445696067194,0.5969949831707825,3.20735868337509,183.76811594202917
15.08230972290039,-0.02453624932595805,0.5967678503374705,3.2191628425673224,184.44444444444466
15.142271280288696,-0.028197004165498307,0.5964708897496661,3.2259080763914545,184.8309178743963
15.182225704193115,-0.03185567267310249,0.5961492434572986,3.2326533102155866,185.21739130434796
15.242327451705933,-0.035179151325071184,0.5958288046281346,3.2427711609517855,185.7971014492755
15.28227162361145,-0.03849981008166284,0.5954803554702932,3.2495163947759176,186.18357487922714
15.342221975326538,-0.04165123009278615,0.5951200852300964,3.26132055396815,186.85990338164262
15.382271528244019,-0.043969285605980735,0.5948213672686704,3.278183638528481,187.8260869565218
15.442256450653076,-0.04710908422993618,0.594370914903279,3.2899877977207135,188.5024154589373
15.482312440872192,-0.05040959563320685,0.5938661220049445,3.2967330315448455,188.88888888888894
15.542278528213501,-0.05436709419734198,0.593240341914768,3.3001056484569125,189.08212560386482
15.582250833511353,-0.057331984847815126,0.5927509969859776,3.3102234991931114,189.66183574879236
15.642256021499634,-0.06078558029709563,0.5921480380455408,3.318655041473277,190.14492753623196
15.682429552078247,-0.06423503011232304,0.5915217976896286,3.3237139668413764,190.4347826086957
15.742268562316895,-0.06735206808963567,0.5909341609136618,3.332145509121543,190.91787439613537
15.782275438308716,-0.07062728265790957,0.5902851917887455,3.342263359857742,191.4975845410629
15.842637538909912,-0.07356891543700228,0.5896713256620026,3.352381210593941,192.07729468599044
15.882291555404663,-0.0765030972723987,0.5890227796070258,3.3658716782422067,192.85024154589385
15.942309617996216,-0.07975584157132337,0.5882692240887382,3.3726169120663387,193.2367149758455
15.98230242729187,-0.0825146147470604,0.587603086830725,3.384421071258571,193.91304347826096
16.042280673980713,-0.08607814742374664,0.5867139600410506,3.387793688170638,194.10628019323684
16.0822970867157,-0.0889875278327317,0.5859619356635135,3.401284155818904,194.87922705314026
16.14228320121765,-0.09172607378755396,0.5852169965149883,3.4130883150111364,195.55555555555574
16.182291269302368,-0.09429321480245584,0.5844790063379951,3.4299513995714674,196.52173913043492
16.24226999282837,-0.09700928312366952,0.5836558774561185,3.4417555587637,197.1980676328504
16.282521963119507,-0.10003381821750448,0.5827001420331899,3.4535597179559323,197.87439613526587
16.342592477798462,-0.10320807188130665,0.5816646203911339,3.4603049517800644,198.26086956521752
16.38222885131836,-0.10573896317325232,0.5808105526185985,3.4737954194283303,199.03381642512093
16.442301273345947,-0.10809854287597867,0.5799719577907892,3.4923448124446947,200.09661835748807
16.48233461380005,-0.11122829971100168,0.5788088526592752,3.5024626631808937,200.6763285024156
16.54233169555664,-0.11434612842604738,0.5776141411891014,3.5125805139170927,201.25603864734313
16.582239389419556,-0.11682893583757278,0.5766289966063094,3.5260709815653586,202.02898550724655
16.6423282623291,-0.11991769321904708,0.5753610182028199,3.5361888323015576,202.60869565217408
16.682299613952637,-0.12222039271114338,0.574376928416344,3.554738225317922,203.6714975845412
16.742281436920166,-0.12527153652490583,0.5730209369631751,3.564856076054121,204.25120772946875
16.782305479049683,-0.12861509916084954,0.571501101286055,3.571601309878253,204.6376811594204
16.842309951782227,-0.1311877578564183,0.5703027709819262,3.5834054690704855,205.31400966183588
16.882291555404663,-0.13465462036984702,0.5686522112493929,3.588464394438585,205.60386473429963
16.942265033721924,-0.13705362059498458,0.5674776302979381,3.605327478998917,206.57004830917887
16.98226523399353,-0.1392847548081423,0.5663405736671479,3.6205042551032154,207.43961352657018
17.042224168777466,-0.14238933473147597,0.5647119348149843,3.628935797383382,207.92270531400982
17.082276821136475,-0.1450349423883583,0.5632868751129219,3.6424262650316477,208.69565217391323
17.14224886894226,-0.1483984075248776,0.5614346911606387,3.647485190399747,208.985507246377
17.182251691818237,-0.1508704685683623,0.5600406027563524,3.6626619665040456,209.85507246376832
17.242310285568237,-0.15361477621772107,0.5584499996449037,3.671093508784211,210.3381642512079
17.282300233840942,-0.15648786828920966,0.5567489607440912,3.68121135952041,210.91787439613543
17.342593908309937,-0.15934360273738957,0.5550189398902262,3.691329210256609,211.49758454106296
17.382344722747803,-0.16232825323475752,0.5531797165705323,3.6963881356247086,211.78743961352674
17.4422709941864,-0.1650145248982915,0.5514929482751897,3.70819229481694,212.46376811594217
17.482271671295166,-0.16782254804617613,0.5496865160472131,3.718310145553139,213.0434782608697
17.542259454727173,-0.16977092717504244,0.5483956122735225,3.73517323011347,214.0096618357489
17.582263231277466,-0.17294839815108368,0.546239884713256,3.7402321554815696,214.29951690821267
17.642280101776123,-0.17570030461329794,0.5443490641991531,3.7469773893057026,214.68599033816437
17.68219757080078,-0.17885210826005282,0.5421559803225129,3.752036314673802,214.97584541062812
17.742300987243652,-0.18144349281243863,0.540326781362822,3.7604678569539685,215.4589371980678
17.782188892364502,-0.18415329078692452,0.5383760926816632,3.7705857076901674,216.03864734299532
17.842278242111206,-0.18657121592120623,0.5365918076501717,3.7840761753384333,216.81159420289873
17.882258415222168,-0.18896791110737052,0.5347791060163629,3.7941940260746323,217.39130434782626
17.942260026931763,-0.19107913892140926,0.5331427809847878,3.807684493722898,218.16425120772968
17.98234796524048,-0.19369384609119558,0.5310663663321723,3.817802344459097,218.7439613526572
18.042271614074707,-0.19641894980722713,0.5288607619369972,3.8262338867392627,219.22705314009679
18.082215785980225,-0.19886420333526475,0.5268403714014577,3.838038045931495,219.90338164251227
18.14254117012024,-0.20103057123705467,0.5250069542651317,3.8498422051237275,220.57971014492773
18.1822988986969,-0.20368362117397523,0.5227151848519163,3.858273747403893,221.06280193236734
18.24231219291687,-0.2059359962928979,0.5207260037761331,3.871764215052159,221.83574879227075
18.28226351737976,-0.20828675847494726,0.5185964122904425,3.8835683742443914,222.51207729468624
18.342284202575684,-0.21098570694804578,0.5161054308120917,3.8903136080685234,222.8985507246379
18.38228678703308,-0.21354385861515818,0.5137081946828808,3.898745150348689,223.38164251207746
18.44223189353943,-0.21559500273410107,0.5117467217452631,3.9105493095409214,224.05797101449295
18.48227882385254,-0.21798267522836745,0.5094127955567448,3.9206671602771204,224.63768115942048
18.542275428771973,-0.22022652525798442,0.507170836641629,3.932471319469353,225.31400966183597
18.582249641418457,-0.22244375513707698,0.504902547772076,3.9442754786615852,225.99033816425143
18.64225697517395,-0.22475137035780368,0.5024894370439081,3.954393329397784,226.57004830917896
18.682185411453247,-0.22692224900883118,0.5001767484321422,3.9628248716779497,227.05314009661856
18.74227261543274,-0.22872890110142055,0.49820930066712465,3.9763153393262156,227.82608695652198
18.782304048538208,-0.23095802947511734,0.4957235054046568,3.9864331900624146,228.4057971014495
18.842401027679443,-0.2330496902638103,0.49333893041579113,3.998237349254647,229.08212560386497
18.882288455963135,-0.23511711762865203,0.4909333147308609,4.0066688915348125,229.56521739130457
18.942280530929565,-0.2371641886962529,0.48851035315942176,4.015100433814978,230.04830917874418
18.982332229614258,-0.23918664023924172,0.48606680400118074,4.0269045930072105,230.72463768115963
19.042256355285645,-0.24097026884821782,0.48385926300112625,4.038708752199443,231.40096618357512
19.082253456115723,-0.2426190259418186,0.48175772962332064,4.055571836759774,232.3671497584543
19.14228367805481,-0.244334836529188,0.4794970743400121,4.070748612864072,233.23671497584562
19.18225908279419,-0.2460199946144857,0.47721347837985717,4.082552772056304,233.91304347826102
19.242302179336548,-0.2477735575038718,0.4747731808116161,4.09604323970457,234.68599033816443
19.28222680091858,-0.249886514489156,0.4717690629104234,4.102788473528702,235.0724637681161
19.34230637550354,-0.25149371192614345,0.46942994241754143,4.117965249633,235.9420289855074
19.38228964805603,-0.2534448278022601,0.46651720695940074,4.126396791913167,236.42512077294705
19.442293643951416,-0.25508974734656814,0.46400239588869396,4.139887259561433,237.19806763285047
19.482370376586914,-0.2568843255740736,0.4611867822115906,4.150005110297632,237.777777777778
19.54226016998291,-0.25855975420719435,0.45849342341117094,4.161809269489864,238.45410628019346
19.582185745239258,-0.2600261765423356,0.4560635728362017,4.1769860455941625,239.32367149758477
19.642584323883057,-0.26145141755004847,0.4536093405017204,4.195535438610528,240.38647342995193
19.682348251342773,-0.26300252274620145,0.45084251643739215,4.20733959780276,241.06280193236742
19.74227213859558,-0.2645983008371499,0.44790965372703945,4.220830065451026,241.83574879227083
19.782278537750244,-0.26591884133785426,0.4453975348867615,4.236006841555325,242.70531400966212
19.842227697372437,-0.2674349168455745,0.4424226892692178,4.246124692291524,243.28502415458968
19.882241249084473,-0.2689208162225674,0.43943265675521725,4.256242543027723,243.8647342995172
19.94229221343994,-0.27015589768297205,0.43687743816029345,4.268046702219955,244.54106280193267
19.982251167297363,-0.2714293096887842,0.43415559009472293,4.281537169868221,245.31400966183608
20.04219126701355,-0.2725950078015656,0.4315679818957219,4.296713945972519,246.1835748792274
20.08221435546875,-0.27365298145300265,0.429115323288293,4.3135770305328505,247.14975845410657
20.14224123954773,-0.2749339700444484,0.42603193884552326,4.323694881269049,247.7294685990341
20.18234348297119,-0.2761187296036428,0.42308956097730577,4.335499040461281,248.40579710144954
20.24218440055847,-0.27745889935712725,0.41967002056699154,4.342244274285413,248.7922705314012
20.28220510482788,-0.27865623921278726,0.4165532002861,4.348989508109545,249.17874396135284
20.34250521659851,-0.27952460852144406,0.4142044149824739,4.3675389011259105,250.24154589372003
20.3822922706604,-0.2805261461112366,0.4113712264104179,4.3776567518621095,250.82125603864756
20.442298412322998,-0.28172100781798215,0.4078982425222203,4.384401985686242,251.20772946859927
20.482267141342163,-0.2828419717694348,0.40457644770154155,4.389460911054342,251.49758454106302
20.542263984680176,-0.28389086609683134,0.4014065877545906,4.396206144878475,251.88405797101473
20.582287549972534,-0.28486443581673093,0.3983877461335423,4.40463768715864,252.36714975845433
20.642232179641724,-0.2859710768327535,0.39488565286699673,4.408010304070707,252.5603864734302
20.682241678237915,-0.2868010732675072,0.39217167530629804,4.423187080175006,253.4299516908215
20.742243766784668,-0.2875455545640817,0.38960640922053213,4.436677547823271,254.20289855072488
20.782245874404907,-0.2883020321416211,0.3868710280850485,4.448481707015503,254.87922705314034
20.842207431793213,-0.28902616889213595,0.3841269081444785,4.460285866207736,255.55555555555583
20.88225245475769,-0.28988634811740777,0.38072823594617,4.468717408487901,256.03864734299543
20.942176580429077,-0.29047206366173706,0.3782935296066131,4.4838941845922,256.90821256038674
20.982257604599,-0.2910985906335536,0.3755254919921169,4.495698343784431,257.58454106280215
21.042214155197144,-0.2918109485054138,0.3722634776365803,4.499070960696498,257.777777777778
21.082159757614136,-0.2923588117572914,0.3696491539479425,4.512561428344764,258.5507246376814
21.14228320121765,-0.2929753324259616,0.36653770010808223,4.520992970624929,259.033816425121
21.182297945022583,-0.29343303016798017,0.36407571504807507,4.536169746729228,259.90338164251233
21.24223303794861,-0.29394485953257077,0.36111462306535336,4.546287597465427,260.48309178743983
21.28220534324646,-0.2943687184809146,0.35847735438665584,4.559778065113692,261.25603864734325
21.342230081558228,-0.2947006307501506,0.35616381855847823,4.58001376658609,262.4154589371983
21.382627725601196,-0.2949895736944774,0.3538445243215055,4.596876851146421,263.38164251207746
21.442224502563477,-0.29524328530457716,0.351521112132153,4.610367318794687,264.1545893719809
21.482284545898438,-0.2955665262245846,0.34819790484085134,4.620485169530886,264.73429951690844
21.542227029800415,-0.29577741613312125,0.34570263269031853,4.635661945635184,265.60386473429975
21.58224654197693,-0.29596419286077175,0.3430380582504242,4.649152413283449,266.3768115942031
21.642282247543335,-0.2961389181686712,0.34003814056899107,4.659270264019648,266.9565217391306
21.68228507041931,-0.2963049464621952,0.33670338030788105,4.66601549784378,267.34299516908226
21.742236137390137,-0.29641077027377405,0.33403436479413195,4.679505965492046,268.11594202898567
21.782236099243164,-0.29648057928061305,0.33136416457798823,4.692996433140312,268.8888888888891
21.842313289642334,-0.2965188648372228,0.3285263656954324,4.704800592332544,269.5652173913046
21.882325172424316,-0.29652956257636026,0.3253544375293391,4.71323213461271,270.04830917874415
21.942267894744873,-0.29650760439220636,0.32318426963218705,4.731781527629075,271.11111111111137
21.982242107391357,-0.2964377953853676,0.3205140694160433,4.74527199527734,271.8840579710147
22.042215585708618,-0.29631114178559287,0.31717758170304444,4.755389846013539,272.46376811594223
22.08232307434082,-0.29615636128384887,0.31384228045883755,4.762135079837671,272.8502415458939
22.14223003387451,-0.29599851007204997,0.31100861652735,4.773939239029904,273.5265700483094
22.182252883911133,-0.29580722161411077,0.30817701326991115,4.785743398222136,274.20289855072485
22.242259979248047,-0.2955934951401519,0.30551446496310813,4.799233865870402,274.97584541062827
22.28224492073059,-0.29538885306221296,0.30335385567783285,4.814410641974701,275.8454106280196
22.342216968536377,-0.29505250716325043,0.30019979255723267,4.822842184254867,276.3285024154592
22.382219076156616,-0.29465725071239535,0.29671630962355816,4.8279011096229665,276.618357487923
22.442315101623535,-0.2943539555788207,0.2942305763875296,4.839705268815198,277.2946859903384
22.482367277145386,-0.2939000158416242,0.2907542536570946,4.8447641941832975,277.58454106280215
22.542306184768677,-0.29349334506005437,0.28777689679168317,4.8515094280074305,277.97101449275385
22.582472562789917,-0.29310510158939035,0.2851341502092018,4.864999895655696,278.74396135265727
22.64229702949524,-0.2927056493190891,0.2826620467440333,4.880176671759995,279.6135265700486
22.68217658996582,-0.29218882737014334,0.27970182207322125,4.890294522496194,280.19323671497614
22.742258310317993,-0.29167010326252224,0.2769115723385466,4.902098681688425,280.86956521739154
22.782485961914062,-0.2910294207379145,0.2736347267065416,4.908843915512557,281.2560386473432
22.8422749042511,-0.29049037769745245,0.271018570156895,4.922334383160823,282.0289855072466
22.88253116607666,-0.28988253589786106,0.2682463694736201,4.934138542353056,282.70531400966206
22.942233562469482,-0.289137210476816,0.2649917294919828,4.940883776177188,283.09178743961377
22.9822416305542,-0.28859245880694495,0.2627188767908815,4.954374243825454,283.8647342995172
23.042229890823364,-0.2879739522289416,0.26029229333430864,4.969551019929752,284.73429951690844
23.08219814300537,-0.28723594250595746,0.2575518718465698,4.981355179121984,285.4106280193239
23.14232063293457,-0.2863801616613493,0.2544975500104693,4.989786721402149,285.8937198067635
23.182228326797485,-0.2853684017100497,0.25096687679040586,4.993159338314216,286.08695652173935
23.242213010787964,-0.2844817620234206,0.2479213698049316,4.998218263682316,286.3768115942031
23.282312393188477,-0.28375749273659,0.2455242274105583,5.013395039786614,287.2463768115944
23.342297077178955,-0.28295266290675536,0.2429772504894342,5.023512890522813,287.826086956522
23.382369995117188,-0.28191981801786054,0.23980212484958752,5.030258124346945,288.2125603864736
23.442319631576538,-0.28111912948110857,0.23742941426338834,5.0454349004512435,289.0821256038649
23.482319593429565,-0.28034015580015875,0.23522582315178936,5.0589253680995085,289.8550724637683
23.542308807373047,-0.27925026154630705,0.23224700237035578,5.067356910379674,290.33816425120784
23.58230686187744,-0.27819634534151927,0.22943287805506996,5.074102144203806,290.7246376811595
23.642266035079956,-0.27746849000470253,0.22756644415314203,5.094337845676204,291.8840579710146
23.682276487350464,-0.27633434469168505,0.22478368483233185,5.104455696412403,292.4637681159421
23.742300510406494,-0.2751721023668521,0.2220125428643045,5.114573547148602,293.0434782608697
23.782308101654053,-0.27417443908370154,0.21971569162136317,5.1297503232529005,293.91304347826093
23.8423011302948,-0.27287647872574866,0.21682146605281072,5.138181865533067,294.3961352657006
23.88233518600464,-0.2718248736963366,0.21454880582284613,5.153358641637365,295.2657004830919
23.942511796951294,-0.27045895358067545,0.21168602658404512,5.161790183917532,295.74879227053157
23.98229146003723,-0.26899831730719054,0.2086835720764951,5.168535417741664,296.1352657004832
24.042287826538086,-0.2674407706270966,0.2055427235684527,5.176966960021829,296.6183574879228
24.082274436950684,-0.2659347367373229,0.2025627817374464,5.183712193845961,297.0048309178745
24.14230227470398,-0.26432970330750344,0.19944593257518223,5.192143736126127,297.4879227053141
24.18230175971985,-0.26262899722597566,0.19619064297052605,5.195516353038194,297.68115942028993
24.242244482040405,-0.26113891421228314,0.19339048309209325,5.207320512230426,298.3574879227054
24.282204627990723,-0.2598543858771164,0.19104851181816945,5.220810979878692,299.1304347826088
24.342223405838013,-0.2583782922725781,0.18843103541918574,5.230928830614891,299.71014492753636
24.382261037826538,-0.2572028606748602,0.18641089326037186,5.247791915175222,300.6763285024155
24.442214488983154,-0.2556610382320698,0.1838315874267215,5.254537148999354,301.0628019323672
24.4822678565979,-0.25409752332521535,0.18126537306220694,5.264654999735553,301.6425120772947
24.542239904403687,-0.2523315244260856,0.17843174653748634,5.274772850471752,302.2222222222223
24.582201719284058,-0.25054169674104587,0.17561311065266677,5.281518084295884,302.60869565217394
24.64228868484497,-0.24890952043293596,0.17309001027261045,5.291635935032083,303.18840579710144
24.68229365348816,-0.24697809587551015,0.17016418044329432,5.300067477312249,303.67149758454104
24.74224305152893,-0.24511755200169164,0.16739171441339867,5.306812711136381,304.0579710144927
24.782183170318604,-0.24360675235312482,0.16518891462367175,5.320303178784647,304.8309178743961
24.842374324798584,-0.24177973898021374,0.16259598869575104,5.332107337976879,305.50724637681157
24.882160186767578,-0.24001795589056102,0.16016161909077922,5.345597805625145,306.280193236715
24.942199230194092,-0.2380331524674301,0.15747670814908013,5.352343039449277,306.6666666666667
24.98218536376953,-0.23622651897718935,0.15507543547390643,5.362460890185476,307.2463768115942
25.04218888282776,-0.23459553944664197,0.15296007539518083,5.375951357833742,308.0193236714976
25.082148551940918,-0.23262713707201083,0.15047278071540798,5.387755517025974,308.69565217391306
25.142261743545532,-0.23042843277356975,0.1477421067291616,5.392814442394074,308.98550724637687
25.182209730148315,-0.22831911604521693,0.14515386904053643,5.399559676218207,309.3719806763286
25.242643117904663,-0.2267159466923009,0.14323014720913305,5.414736452322505,310.24154589371983
25.282174110412598,-0.224763102210085,0.14094619592749955,5.424854303058704,310.8212560386474
25.342257022857666,-0.22300339738401592,0.13893664836228986,5.438344770706969,311.59420289855075
25.382195711135864,-0.2212167437681224,0.13695102217678976,5.451835238355235,312.36714975845416
25.442229747772217,-0.2192918944439421,0.13486547108394098,5.4636393975474675,313.0434782608696
25.48233199119568,-0.21745559204658158,0.1329256680018786,5.4771298651957325,313.816425120773
25.542221546173096,-0.2151357986598665,0.1305242621560704,5.4838750990198655,314.2028985507247
25.58226227760315,-0.21314171963085832,0.12850480254821744,5.499051875124164,315.072463768116
25.642216205596924,-0.21076588479809,0.12615882721997249,5.509169725860364,315.6521739130436
25.682190418243408,-0.20872468982915315,0.12418700284126477,5.520973885052596,316.32850241545907
25.74221158027649,-0.20678024809925596,0.12235561297267743,5.534464352700862,317.1014492753625
25.782156229019165,-0.20432665857825727,0.12009108435599469,5.541209586524995,317.4879227053142
25.842275857925415,-0.2021013225831552,0.11807169961367874,5.551327437261194,318.0676328502417
25.882184505462646,-0.19997883824368728,0.11618765383122222,5.5631315964534265,318.7439613526572
25.94219732284546,-0.19770977152036015,0.11421753423239425,5.5732494471896254,319.3236714975847
25.98217463493347,-0.1951702192773828,0.11204984749337535,5.5799946810137575,319.71014492753636
26.042202949523926,-0.19249030239113218,0.10978955404031815,5.585053606381857,320.00000000000017
26.082300662994385,-0.18979898519088226,0.10754284695242598,5.5901125317499565,320.2898550724639
26.142235279083252,-0.18799095940743132,0.10606174717553489,5.6036029993982215,321.0628019323673
26.182652473449707,-0.18616066438858078,0.10460825691870393,5.620466083958553,322.0289855072465
26.242209911346436,-0.18339148969000924,0.10245824470945136,5.625525009326653,322.3188405797103
26.282222509384155,-0.18126654033985648,0.10083977853710961,5.639015476974919,323.0917874396137
26.34232258796692,-0.17885464665542564,0.09904734893358273,5.649133327711118,323.6714975845412
26.38219118118286,-0.1761580680776395,0.09707842654629728,5.655878561535251,324.0579710144929
26.442169904708862,-0.17318091295121316,0.09492764553951875,5.659251178447317,324.2512077294688
26.48227858543396,-0.17059881530060278,0.09308536042173969,5.667682720727482,324.7342995169084
26.54221200942993,-0.1678661804080844,0.09116679378554489,5.674427954551615,325.1207729468601
26.582205772399902,-0.16498507410497337,0.08916926844620147,5.679486879919715,325.41062801932384
26.64222002029419,-0.16249978105070975,0.08748008122655243,5.692977347567981,326.18357487922725
26.682209968566895,-0.15958211964113098,0.08553633924002249,5.69803627293608,326.473429951691
26.742185354232788,-0.15734304072222344,0.0840798475350567,5.714899357496411,327.4396135265702
26.782199382781982,-0.1550821156670359,0.08265750426194866,5.728389825144677,328.2125603864736
26.84229803085327,-0.15223516977084617,0.08091305866018941,5.738507675880876,328.79227053140113
26.882210731506348,-0.14994129873903977,0.07954448342251685,5.751998143529141,329.5652173913045
26.942184925079346,-0.14734269979664805,0.07803540470846788,5.76211599426534,330.14492753623205
26.9821674823761,-0.1445850786158863,0.07646799660720904,5.7705475365455055,330.62801932367165
27.042198181152344,-0.14166714219234874,0.07484508612861775,5.780665387281704,331.20772946859915
27.0824613571167,-0.1388809226175137,0.07332909694221676,5.78909692956187,331.69082125603876
27.142207860946655,-0.13607950736476632,0.07184137542454203,5.800901088754102,332.3671497584542
27.182188034057617,-0.13311625185687778,0.07030276950088996,5.807646322578234,332.75362318840587
27.242181062698364,-0.12999266395845674,0.06871089021778352,5.8160778648584,333.2367149758455
27.282251119613647,-0.12670777309029468,0.06706808664760489,5.822823098682532,333.6231884057971
27.34226107597351,-0.12386013737949096,0.06567087027530054,5.8312546409626975,334.1062801932367
27.382211446762085,-0.12010093289317965,0.06385774295429635,5.836313566330797,334.3961352657005
27.442171573638916,-0.11708024587826789,0.062435195467823446,5.849804033979062,335.1690821256039
27.4821515083313,-0.1144955945439887,0.06126295583281322,5.8649808100833605,336.03864734299515
27.542216300964355,-0.11128591964940983,0.059852683489520636,5.873412352363527,336.5217391304348
27.58214235305786,-0.10852367692833903,0.05866944632880955,5.883530203099726,337.10144927536237
27.642199993133545,-0.10513792455394087,0.057246072714755555,5.886902820011792,337.29468599033817
27.682250022888184,-0.10235804291061387,0.05610489215161516,5.900393287660057,338.0676328502415
27.742210626602173,-0.09879260075717605,0.054679723611348326,5.905452213028156,338.35748792270533
27.782154083251953,-0.09552849400187591,0.05340047066484047,5.913883755308323,338.84057971014494
27.842427253723145,-0.0925656008158037,0.052267992541251744,5.922315297588488,339.32367149758454
27.882245540618896,-0.08896977530182767,0.05092132183513439,5.927374222956588,339.6135265700483
27.942218542099,-0.08599003663038997,0.0498339395737294,5.93917838214882,340.2898550724638
27.98218607902527,-0.08252828393497172,0.048606918847868094,5.945923615972953,340.6763285024155
28.04228973388672,-0.07953063316814234,0.0475699363925652,5.954355158253119,341.15942028985506
28.082226753234863,-0.0768392744221331,0.046669294187269755,5.966159317445351,341.8357487922706
28.142162799835205,-0.07334567952760081,0.04553611004564729,5.972904551269484,342.2222222222223
28.18217706680298,-0.07016111126337188,0.04453275748358611,5.983022402005683,342.8019323671498
28.242181062698364,-0.06696819648607938,0.043556291089758135,5.989767635829816,343.1884057971015
28.282240629196167,-0.0647252435854285,0.04289919439353037,6.006630720390148,344.15458937198076
28.342235326766968,-0.06166876685697179,0.04205114207151238,6.018434879582379,344.83091787439616
28.382166624069214,-0.05828277284748065,0.04114233759373212,6.023493804950479,345.1207729468599
28.442221879959106,-0.05521243058386346,0.040345945029274154,6.035297964142711,345.79710144927543
28.482313632965088,-0.05261860433783643,0.039708051701867024,6.048788431790976,346.5700483091788
28.54222798347473,-0.04952910194752408,0.03898956877741163,6.060592590983209,347.24637681159425
28.58229970932007,-0.04643248831448267,0.038302381219215316,6.069024133263374,347.72946859903385
28.642213344573975,-0.042517351726259485,0.03745085253388009,6.069024133263374,347.72946859903385
28.682233333587646,-0.039251189817497624,0.03675775962590872,6.079141983999573,348.30917874396135
28.742156982421875,-0.03630548331845612,0.0361637493144661,6.089259834735772,348.8888888888889
28.782254695892334,-0.033190444938542445,0.035565603325478146,6.097691377015938,349.3719806763285
28.842281341552734,-0.030234227305430895,0.0350263331387663,6.107809227752137,349.951690821256
28.882256269454956,-0.02760025093343587,0.034582473967967195,6.124672312312469,350.9178743961353
28.9422607421875,-0.02413606574267292,0.03404367718323055,6.133103854592634,351.4009661835749
28.982102632522583,-0.020667460853166043,0.03353410762798383,6.1415353968728,351.88405797101444
29.042236804962158,-0.017854869026971934,0.033154772023398164,6.156712172977098,352.75362318840575
29.08217430114746,-0.014871379646161935,0.032795848433771674,6.170202640625364,353.52657004830917
29.14220929145813,-0.011718177389183647,0.03245152553435053,6.17863418290553,354.0096618357488
29.182231903076172,-0.007566988173440654,0.032019464025794094,6.180320491361563,354.1062801932367
29.242249011993408,-0.0045758573866685245,0.03173106907954671,6.193810959009829,354.87922705314014
29.282195568084717,-0.001249306750077752,0.03144427253924928,6.200556192833962,355.26570048309185
29.34228014945984,0.0015807634236331709,0.03123150249071744,6.21573296893826,356.13526570048316
29.382202625274658,0.004913157227395382,0.031023312841660426,6.225850819674459,356.71497584541066
29.442285776138306,0.007581076477951729,0.030892739627557834,6.242713904234791,357.68115942028993
29.482300281524658,0.010584369282280955,0.030791411644950566,6.256204371883056,358.4541062801933
29.542229890823364,0.013922457764449163,0.030718222311417347,6.266322222619255,359.0338164251208
29.582273960113525,0.017094267545826602,0.030688803894784535,6.281498998723554,359.9033816425121
29.642295360565186,0.020099230761467548,0.030704005909113676,6.294989466371819,360.67632850241546
29.682219982147217,0.02377148838859855,0.030765937370470113,6.305107317108018,361.256038647343
29.74230408668518,0.026775255370300184,0.030852070687101833,6.318597784756283,362.0289855072464
29.782536506652832,0.030278338232095595,0.03099096443979924,6.327029327036449,362.51207729468604
29.842206954956055,0.033112642445265614,0.03113686820563979,6.3422061031407475,363.3816425120773
29.882184267044067,0.03661147038271568,0.03135841746711952,6.350637645420913,363.8647342995169
29.94223690032959,0.04010830597364752,0.03160945901972761,6.3590691877010785,364.3478260869565
29.98219633102417,0.04326964960730645,0.03186859057396685,6.370873346893311,365.02415458937196
30.042272567749023,0.04692721251941696,0.03220257430093824,6.377618580717444,365.41062801932367
30.082234859466553,0.0509147328011809,0.03259382563820566,6.384363814541577,365.7971014492754
30.1421959400177,0.05473315114806869,0.032997761828496536,6.392795356821743,366.28019323671504
30.182194232940674,0.05788333818502302,0.033368658532017655,6.407972132926042,367.14975845410635
30.24220371246338,0.06086171418307447,0.03376779690755431,6.424835217486373,368.1159420289855
30.282289028167725,0.06399919383393443,0.03423412744796341,6.436639376678605,368.792270531401
30.34219193458557,0.06729533178749242,0.0347667304750318,6.450129844326871,369.56521739130443
30.382181644439697,0.07058591232219213,0.035332655503620435,6.456875078151004,369.95169082125614
30.442163467407227,0.07420126957272333,0.0359795739969089,6.463620311975137,370.33816425120784
30.482500076293945,0.07731830755003595,0.036567210772875725,6.475424471167369,371.0144927536233
30.542232751846313,0.08009988968144835,0.03713056601416438,6.490601247271668,371.8840579710146
30.58220887184143,0.0836913770281454,0.03789902565815474,6.497346481095801,372.2705314009663
30.642242670059204,0.08678799066118678,0.038586213216351244,6.505778023375967,372.7536231884059
30.682276964187622,0.08987749305149907,0.03930469614080655,6.517582182568199,373.4299516908214
30.7422616481781,0.09328399686085319,0.04013331716878054,6.526013724848365,373.91304347826105
30.782199382781982,0.09668194258742349,0.040996361692792097,6.537817884040598,374.5893719806765
30.84231209754944,0.09942298535701177,0.04173206055575711,6.552994660144896,375.4589371980678
30.88219904899597,0.10215385408480326,0.04250466930101608,6.5647988193371285,376.1352657004833
30.94220471382141,0.10535648500536098,0.043448780830453455,6.5749166700733275,376.7149758454108
30.982242345809937,0.10822862225867469,0.04433244514834997,6.5884071377215925,377.4879227053142
31.042185068130493,0.11140807390802057,0.04535189529563494,6.5985249884577915,378.0676328502417
31.082170486450195,0.11362260378847316,0.0460992045966033,6.618760689930189,379.22705314009676
31.14219379425049,0.11661140474525994,0.047161424711828354,6.630564849122421,379.9033816425122
31.182178497314453,0.1199027687583619,0.048368820232940604,6.638996391402587,380.3864734299518
31.242212533950806,0.12271242500999485,0.04943459074119112,6.652486859050852,381.1594202898552
31.28220844268799,0.12582006976014312,0.050655547538216855,6.662604709787051,381.73913043478274
31.342196226119995,0.12907106637255777,0.051967760187604156,6.671036252067218,382.2222222222224
31.382190227508545,0.1318451393209107,0.05312298930159494,6.684526719715484,382.9951690821258
31.442189931869507,0.13475767141723272,0.05437933301267627,6.696330878907716,383.67149758454127
31.482275247573853,0.13780881523099517,0.05573532446584517,6.706448729643915,384.2512077294688
31.5422306060791,0.1408460833868749,0.05712211700354038,6.716566580380114,384.83091787439633
31.58218502998352,0.14356253886746914,0.05840699234790099,6.733429664940446,385.79710144927554
31.642234802246094,0.14641017457827257,0.05980420872020535,6.745233824132678,386.47342995169106
31.682249784469604,0.14954177567035218,0.06138026570243379,6.753665366412845,386.95652173913066
31.74223780632019,0.15251020344393704,0.0629088689689285,6.763783217149044,387.5362318840582
31.78215980529785,0.15561203256695746,0.06454274078236033,6.772214759429209,388.01932367149783
31.842145204544067,0.15840334913689383,0.06604932451348125,6.784018918621442,388.6956521739133
31.88263463973999,0.160588715638155,0.06727203908111873,6.802568311637806,389.7584541062804
31.942164421081543,0.16318731458054667,0.06878111779516788,6.816058779286072,390.5314009661838
31.982231616973877,0.16619650471980565,0.07057991064509016,6.8278629384783045,391.2077294685993
32.042205572128296,0.16890249965450888,0.07223485298421833,6.83629448075847,391.69082125603893
32.08217930793762,0.1715916119089456,0.07391708900080954,6.848098639950702,392.36714975845433
32.14222049713135,0.17411883274204176,0.07554287800598837,6.8615891075989675,393.14009661835775
32.182138204574585,0.17690533734139063,0.07738232996544159,6.871706958335166,393.71980676328525
32.2422149181366,0.17953320394507774,0.07915871951891937,6.883511117527398,394.3961352657007
32.28218483924866,0.1820012791370259,0.08087296567262246,6.897001585175664,395.1690821256041
32.342198848724365,0.1845833767876363,0.08271525079040165,6.908805744367896,395.8454106280196
32.38242506980896,0.18673531505425273,0.08429765534942016,6.925668828928228,396.81159420289885
32.44222092628479,0.18912895006010882,0.0861143959713408,6.939159296576493,397.5845410628022
32.482208490371704,0.19176453189114337,0.08816424957715002,6.949277147312692,398.1642512077297
32.54218530654907,0.1939855440685157,0.08993107531548528,6.961081306504925,398.84057971014516
32.5821635723114,0.19683846539349037,0.09224411476595562,6.967826540329057,399.22705314009687
32.64228081703186,0.19928371892152802,0.09426450530149517,6.979630699521288,399.9033816425123
32.682132720947266,0.20131828213668174,0.09599522625395204,6.99649378408162,400.8695652173915
32.74226450920105,0.20357735317876507,0.09797679963271358,7.009984251729885,401.6425120772949
32.78215312957764,0.206187438204356,0.10031738442509558,7.018415794010052,402.1256038647345
32.84221291542053,0.20840252985018648,0.10234800108738516,7.0319062616583174,402.8985507246379
32.88245129585266,0.21047013910676765,0.10429211020052154,7.04371042085055,403.57487922705343
32.942134857177734,0.21226825701633983,0.10603498989861396,7.062259813866914,404.63768115942054
32.982147455215454,0.2145121070459568,0.10827694881372975,7.074063973059147,405.314009661836
33.04212164878845,0.21672933692504937,0.11054523768328277,7.085868132251378,405.99033816425145
33.082149267196655,0.2189235034985586,0.1128358436686442,7.094299674531545,406.47342995169106
33.14216184616089,0.22040081747925322,0.11442570349458027,7.116221684459976,407.7294685990341
33.18219327926636,0.222071091233858,0.1162914589028334,7.131398460564275,408.5990338164254
33.242178201675415,0.22437847915180953,0.11893093650403336,7.139830002844441,409.08212560386505
33.28213334083557,0.22655685276734716,0.12146132773553453,7.146575236668574,409.46859903381676
33.342172384262085,0.228608006783036,0.12388083387034847,7.1550067789487395,409.9516908212563
33.382153034210205,0.23063457602612283,0.12632096907878537,7.166810938140972,410.6280193236718
33.44222593307495,0.23242192469239537,0.12852549919353848,7.1786150973332035,411.3043478260872
33.48225522041321,0.23418312681706527,0.13075097338070354,7.190419256525436,411.9806763285027
33.54218792915344,0.23581410634761268,0.13286633345942905,7.203909724173702,412.7536231884061
33.58216452598572,0.23792420675381873,0.13566604010243183,7.212341266453867,413.2367149758457
33.64221382141113,0.23991353494079967,0.13834760023746723,7.219086500277999,413.62318840579735
33.682247161865234,0.24148321110153056,0.14050884044673673,7.232576967926265,414.39613526570076
33.74220156669617,0.24321613643176404,0.14296383633847076,7.24606743557453,415.1690821256041
33.78214693069458,0.24520636773773474,0.14584998608508457,7.254498977854697,415.6521739130438
33.842273235321045,0.24698497235636174,0.14847635398449954,7.262930520134862,416.1352657004834
33.88223075866699,0.2485485065218969,0.150844882893946,7.278107296239161,417.0048309178747
33.94220423698425,0.25045022961491537,0.15379010449658048,7.28316622160726,417.29468599033845
33.98219442367554,0.2523320433879007,0.15674808656801825,7.291597763887426,417.77777777777806
34.04248380661011,0.25392144239711756,0.15929835044026686,7.301715614623625,418.35748792270556
34.082205057144165,0.25530353232882363,0.16158410412612337,7.318578699183956,419.32367149758477
34.14218091964722,0.25725415262867257,0.16489145405673153,7.323637624552055,419.6135265700485
34.18217754364014,0.2590147444617298,0.16792315282285536,7.3320691668322215,420.0966183574882
34.24217414855957,0.26084039659447666,0.1711100487854064,7.335441783744288,420.289855072464
34.28215169906616,0.2623961653018455,0.1738742532752462,7.347245942936519,420.96618357487944
34.34213376045227,0.2637588781149126,0.1763637476156259,7.3590501021287515,421.6425120772949
34.382182359695435,0.265253680941022,0.17916139077434615,7.367481644408917,422.1256038647345
34.44219708442688,0.2664076353837609,0.18138383240526254,7.3826584205132155,422.9951690821258
34.48233127593994,0.267754013011015,0.1840703361393798,7.3961488881614805,423.76811594202917
34.542287826538086,0.26906858565715175,0.18677254519617476,7.4062667388976795,424.3478260869567
34.58216905593872,0.2704987692997051,0.1897896242706939,7.4163845896338785,424.92753623188423
34.642210245132446,0.27182594606421223,0.1926705693531679,7.428188748826111,425.6038647342997
34.68220067024231,0.2730532804394922,0.1954135030672507,7.43830659956231,426.18357487922725
34.74224543571472,0.27438607981033686,0.19847484872405008,7.448424450298509,426.76328502415475
34.78225827217102,0.2755529934805919,0.20124402685388712,7.461914917946775,427.53623188405817
34.84246349334717,0.27680793916072494,0.20433810227850818,7.47540538559504,428.3091787439615
34.88224005699158,0.27802627530025603,0.20744677537879405,7.485523236331239,428.8888888888891
34.942221879959106,0.279400193490956,0.21103227840109656,7.490582161699338,429.17874396135284
34.982260942459106,0.2803933175200557,0.21369090077828823,7.502386320891571,429.8550724637683
35.04224681854248,0.2815273454981464,0.21683131029588879,7.51250417162777,430.43478260869585
35.08224391937256,0.2827456059337322,0.22029615561668064,7.519249405451902,430.8212560386475
35.14227318763733,0.28376994180188864,0.22329815141309461,7.531053564644134,431.49758454106296
35.18218684196472,0.28475877109298,0.22631202920848692,7.5428577238363665,432.1739130434785
35.24224281311035,0.2857648083802733,0.22949575035989184,7.5529755745725655,432.753623188406
35.28220891952515,0.2866412049149904,0.2323701136185166,7.5630934253087645,433.33333333333354
35.342183113098145,0.28763252202089973,0.23573287608510207,7.571524967588931,433.81642512077315
35.38218665122986,0.2884985990364047,0.23878429433498083,7.583329126781162,434.4927536231886
35.44256806373596,0.28932859712350584,0.24184572307135327,7.595133285973395,435.16908212560406
35.482245683670044,0.29012757817663704,0.24491539276192517,7.60356482825356,435.65217391304367
35.542211055755615,0.2908099862367289,0.24767018631520676,7.618741604357859,436.521739130435
35.58221244812012,0.29141502448890166,0.2502718725386276,7.632232072006125,437.2946859903384
35.6422815322876,0.292061096345823,0.25320660015533925,7.642349922742324,437.8743961352659
35.682172775268555,0.2927090661462737,0.25631165697771513,7.654154081934556,438.55072463768136
35.74223017692566,0.2933203390699298,0.2594241460371792,7.665958241126788,439.2270531400968
35.782217264175415,0.2939000895431534,0.26254266044652164,7.674389783406953,439.7101449275364
35.84222674369812,0.29447988183609497,0.2658308259366352,7.684507634143152,440.2898550724639
35.882246255874634,0.295149001627713,0.2697812277277013,7.687880251055219,440.48309178743983
35.942203760147095,0.295544284603064,0.2722540012774112,7.703057027159518,441.3526570048311
35.982227087020874,0.2959810585075613,0.27522709118270267,7.7131748778957165,441.93236714975865
36.042147636413574,0.2964584363499349,0.2787002729238091,7.721606420175882,442.41545893719825
36.08225965499878,0.2968585337111429,0.2818468845671539,7.733410579368114,443.09178743961365
36.14228105545044,0.29722677418962257,0.28499738320744683,7.74184212164828,443.5748792270533
36.18222737312317,0.2976044029776296,0.2884828211296616,7.7502736639284455,444.0579710144929
36.242209911346436,0.2979722946396963,0.2921371291778302,7.7570188977525785,444.4444444444446
36.28223919868469,0.29826073513117174,0.29529593351101646,7.76882305694481,445.12077294686003
36.342246532440186,0.2984547891756941,0.29779257138755205,7.7839998330491085,445.99033816425134
36.382219076156616,0.2986317503773928,0.30062510612075,7.799176609153407,446.85990338164265
36.44231843948364,0.2987977786709167,0.30395986638186,7.809294459889606,447.43961352657016
36.482272148132324,0.298935684223934,0.3072959079660994,7.816039693713739,447.82608695652186
36.542163133621216,0.2990539002036424,0.3107997495711505,7.824471235993904,448.30917874396147
36.58213710784912,0.29916536773362196,0.3148048676213649,7.827843852905971,448.5024154589373
36.642555952072144,0.2992489719472838,0.31847669576568005,7.834589086730104,448.888888888889
36.68226456642151,0.2992872575038935,0.3213144946482358,7.846393245922336,449.5652173913045
36.74227976799011,0.2992872575038934,0.3241525517797397,7.861570022026634,450.4347826086958
36.782209634780884,0.2992498162154451,0.32732427700150757,7.870001564306801,450.9178743961354
36.84235763549805,0.2991785961234842,0.330996366227606,7.876746798130933,451.30434782608705
36.88216781616211,0.2990899301989385,0.3340000595179438,7.890237265779199,452.07729468599047
36.94221305847168,0.2989607523444716,0.3370022833787695,7.9037277334274645,452.8502415458939
36.98222541809082,0.2987896712500364,0.3401696125362152,7.91215927570763,453.3333333333335
37.04217600822449,0.29857107211852635,0.3436686260301657,7.9205908179877955,453.8164251207731
37.08217406272888,0.29833198492556645,0.34699894564057715,7.9307086687239945,454.39613526570065
37.14219403266907,0.29802798032768957,0.350826616514901,7.935767594092094,454.6859903381644
37.182212114334106,0.2977383790944337,0.35415292415536737,7.945885444828293,455.2657004830919
37.24218201637268,0.2974078034300709,0.35764313915465823,7.950944370196392,455.5555555555557
37.28220248222351,0.29706775486040343,0.36096466867636895,7.961062220932591,456.1352657004832
37.34223437309265,0.2966690651873893,0.3646157449739228,7.964434837844658,456.3285024154591
37.38220238685608,0.2962679350745734,0.3680985564307399,7.972866380124824,456.8115942028987
37.442261695861816,0.2959520687367778,0.37058272351759103,7.988043156229122,457.68115942029
37.482210636138916,0.29548905769921585,0.37388935506229387,7.998161006965321,458.26086956521755
37.54221725463867,0.29497071607684966,0.3773566599196243,8.006592549245488,458.7439613526572
37.582178354263306,0.29442899864158645,0.38082038959029385,8.011651474613588,459.033816425121
37.64217686653137,0.2938880598692984,0.3841151698011674,8.021769325349787,459.6135265700485
37.6821825504303,0.2933928800297133,0.3869096939481644,8.036946101454086,460.4830917874399
37.74218535423279,0.29282621540856657,0.3898607829396617,8.050436569102352,461.2560386473433
37.782172203063965,0.2922247559506937,0.3928049774898115,8.060554419838551,461.8357487922708
37.84213995933533,0.29165486965320564,0.39541458897424087,8.077417504398884,462.80193236715013
37.88224673271179,0.2909742016195111,0.3983414859755892,8.087535355135083,463.38164251207763
37.94218444824219,0.2901850387357261,0.40158577531783124,8.097653205871282,463.9613526570052
37.98218584060669,0.28936854986427524,0.40482329555964075,8.104398439695416,464.34782608695696
38.042232513427734,0.2886042669238575,0.40772947976157675,8.117888907343682,465.12077294686037
38.082292318344116,0.2878901176000528,0.4103033549013299,8.131379374991948,465.8937198067638
38.14223289489746,0.2870034779134237,0.4133488618868042,8.14318353418418,466.57004830917924
38.182194232940674,0.286224458771453,0.41590385145002623,8.156674001832446,467.34299516908266
38.242220878601074,0.2851237249355627,0.41940780587445187,8.160046618744513,467.53623188405857
38.282270669937134,0.28429744902444676,0.4219479063863293,8.176909703304846,468.50241545893783
38.342231035232544,0.28353708248379034,0.4241579870424549,8.193772787865178,469.4685990338171
38.382282733917236,0.2824723427262715,0.4271458913215841,8.198831713233277,469.75845410628085
38.44221258163452,0.28171975599210225,0.4291815052513935,8.217381106249642,470.82125603864796
38.48228645324707,0.28057479708952504,0.43213959785371125,8.229185265441874,471.4975845410634
38.54222273826599,0.27939996776292225,0.4350859547203912,8.23761680772204,471.980676328503
38.5822217464447,0.2783221861199563,0.4377113984946446,8.249420966914272,472.65700483091854
38.64222455024719,0.27689595830075553,0.44109594954222336,8.256166200738406,473.04347826087024
38.68257975578308,0.2755155149465926,0.4443185660501393,8.261225126106506,473.3333333333341
38.74225378036499,0.27424200322106973,0.4472236324207122,8.273029285298739,474.00966183574957
38.78257369995117,0.2729342891493689,0.4501134640142752,8.284833444490971,474.685990338165
38.842273473739624,0.2713891252236143,0.4534453973912315,8.291578678315105,475.0724637681168
38.882256507873535,0.2700328679156781,0.456312767065192,8.30001022059527,475.5555555555564
38.94226098060608,0.26864766890441455,0.4591662677979188,8.311814379787503,476.23188405797185
38.98220467567444,0.26701317958972237,0.46245530356331943,8.318559613611637,476.6183574879236
39.04222798347473,0.26557529121003404,0.4652826202664916,8.330363772803869,477.2946859903391
39.082212686538696,0.26402919477228143,0.4682419744525426,8.340481623540068,477.87439613526664
39.142210483551025,0.2628416450205629,0.47044664749994464,8.355658399644367,478.74396135265795
39.18221473693848,0.26145799061736746,0.47292456371608227,8.370835175748667,479.6135265700493
39.242149114608765,0.25979830686032485,0.4758217418638559,8.3775804095728,480.0000000000011
39.28222298622131,0.2581142547065267,0.4787048235027652,8.387698260309,480.57971014492864
39.342241525650024,0.2566560356509285,0.48113960592991756,8.399502419501232,481.2560386473441
39.38221096992493,0.25499881232925736,0.4838442045312976,8.407933961781398,481.7391304347837
39.44222283363342,0.2534008213126168,0.48638909347569803,8.421424429429663,482.5120772946871
39.48225378990173,0.25194999792763,0.48863184936908166,8.43491489707793,483.28502415459053
39.54222345352173,0.2500136422670938,0.4915544180623812,8.443346439358095,483.7681159420301
39.58224081993103,0.2482350376484666,0.494180785961796,8.455150598550327,484.4444444444456
39.64222955703735,0.2465228730718864,0.496650305650177,8.465268449286526,485.0241545893731
39.68224883079529,0.2448764612264741,0.49896199254873536,8.480445225390826,485.89371980676447
39.74221086502075,0.24300166771998152,0.5015205843568383,8.492249384583058,486.5700483091799
39.78224205970764,0.24110108316649817,0.5040600766461631,8.500680926863224,487.05314009661953
39.84241247177124,0.2390757615954139,0.5067145566191577,8.510798777599422,487.6328502415471
39.88221311569214,0.23702368651653377,0.509348409170833,8.520916628335621,488.2125603864746
39.9422242641449,0.23505109259654913,0.5118323809821298,8.529348170615787,488.6956521739142
39.98225140571594,0.23326002895554834,0.5140338939427016,8.544524946720086,489.56521739130557
40.042243242263794,0.23133428002306958,0.5163407372572013,8.554642797456285,490.14492753623307
40.08219575881958,0.22927497762100163,0.5187533118880295,8.566446956648518,490.8212560386486
40.142216205596924,0.2271913709708317,0.5211449276723574,8.574878498928683,491.30434782608813
40.18215894699097,0.22519271210171168,0.5233888968685553,8.58836896657695,492.07729468599155
40.24218726158142,0.22283238855075732,0.5259811456502033,8.596800508857115,492.56038647343115
40.28225874900818,0.2207850215396698,0.5281807645604938,8.61029097650538,493.33333333333456
40.342236280441284,0.21859859276681157,0.5304787575878323,8.618722518785546,493.81642512077417
40.38228392601013,0.21662161157514642,0.532514958375938,8.630526677977779,494.4927536231896
40.44220995903015,0.21438533556112283,0.5347644721726464,8.642330837170011,495.1690821256051
40.482316970825195,0.21200554807019997,0.5371064377768721,8.65244868790621,495.74879227053265
40.542243003845215,0.20972421251668238,0.5393102414942513,8.660880230186375,496.23188405797225
40.58224034309387,0.2071822888405773,0.5417246782890339,8.669311772466541,496.71497584541186
40.6423020362854,0.20474402979548734,0.5440057052994758,8.676057006290673,497.1014492753635
40.68222093582153,0.20253236554353912,0.5460400544006015,8.686174857026872,497.681159420291
40.742188453674316,0.20005221672437817,0.5482754633627702,8.696292707763071,498.26086956521857
40.78221082687378,0.19804712669083613,0.5500402456295442,8.709783175411335,499.03381642512187
40.842196464538574,0.19526571770074463,0.5524388026156853,8.716528409235469,499.42028985507363
40.88227128982544,0.19309934979895466,0.5542722197520112,8.728332568427701,500.0966183574891
40.94224667549133,0.19053078642165255,0.5564054505342081,8.735077802251833,500.48309178744074
40.98216104507446,0.18819977269869398,0.5583018708599734,8.7485682699001,501.25603864734416
41.04217314720154,0.18584653624588637,0.5601706440473274,8.758686120636298,501.8357487922717
41.082175493240356,0.18347451259795525,0.5620155122925559,8.768803971372497,502.4154589371992
41.14223623275757,0.1812153048109868,0.5637332283508668,8.78060813056473,503.09178743961473
41.18224501609802,0.17866782268270315,0.5656230901284991,8.792412289756962,503.7681159420302
41.24214267730713,0.176234939397724,0.5673869251406995,8.802530140493161,504.3478260869577
41.28222608566284,0.17337761237585014,0.5694183195635563,8.810961682773327,504.8309178743973
41.342236280441284,0.17104801837607486,0.571039294602812,8.822765841965559,505.50724637681276
41.382214307785034,0.16842315104804084,0.5728201130221624,8.834570001157791,506.1835748792283
41.44218301773071,0.16577744601404887,0.5745698237427066,8.846374160350024,506.85990338164373
41.48228359222412,0.16311417339065595,0.5762926765123781,8.85480570263019,507.34299516908334
41.542208671569824,0.16029402940713178,0.5780801270167338,8.864923553366388,507.92270531401084
41.58219122886658,0.15731872155617493,0.5799344258608202,8.869982478734489,508.2125603864747
41.64245915412903,0.15447177565998527,0.5816788714625795,8.880100329470688,508.7922705314022
41.682212829589844,0.15132406747726274,0.5835712891707898,8.886845563294822,509.178743961354
41.74220299720764,0.14830882782438576,0.5853599229641813,8.89190448866292,509.46859903381767
41.782214879989624,0.1452815921035307,0.5871281777256692,8.900336030943086,509.9516908212573
41.84221386909485,0.14223955504836858,0.5888708456705639,8.908767573223251,510.4347826086969
41.88232684135437,0.13932986611169518,0.5905084969414786,8.915512807047385,510.82125603864864
41.942230463027954,0.13669636780234268,0.5919558122779668,8.929003274695651,511.59420289855206
41.98218584060669,0.13375148026684774,0.5935292889370292,8.93912112543185,512.1739130434796
42.042264223098755,0.13049762577665247,0.5952327391249013,8.945866359255984,512.5603864734313
42.082196950912476,0.1275266245282382,0.5967563345355174,8.955984209992183,513.1400966183588
42.14227294921875,0.12513359709353908,0.5979430367679699,8.972847294552516,514.1062801932381
42.182217836380005,0.12197074670719116,0.5994554052563756,8.984651453744748,514.7826086956536
42.24225926399231,0.11924355443123358,0.60071733129167,8.998141921393014,515.555555555557
42.28226685523987,0.11574400375069807,0.6022974034900328,9.003200846761114,515.8454106280209
42.34226608276367,0.11329763207021579,0.603369834416789,9.020063931321447,516.8115942029002
42.38219094276428,0.11052747103661717,0.6045344128282877,9.033554398969713,517.5845410628036
42.442227602005005,0.10758809938322728,0.6057266112244142,9.045358558161945,518.2608695652191
42.48228716850281,0.10463485993795577,0.6068840305569688,9.057162717354178,518.9371980676345
42.54225707054138,0.10182341046417384,0.6079450616050378,9.070653185002444,519.710144927538
42.58222937583923,0.09853001509047976,0.6091469051571169,9.07908472728261,520.1932367149775
42.64228916168213,0.09538296718555442,0.6102623785442631,9.089202578018808,520.772946859905
42.682302474975586,0.09222479436165407,0.6113459540181945,9.099320428755007,521.3526570048326
42.74223518371582,0.08937112548184142,0.6122875531648507,9.112810896403273,522.125603864736
42.78221130371094,0.08618995924650721,0.6133016403290025,9.119556130227405,522.5120772946876
42.842320680618286,0.08268323176934947,0.6143935075310355,9.126301364051537,522.8985507246393
42.88226675987244,0.07932808854902673,0.6154103137968832,9.134732906331703,523.3816425120789
42.94226670265198,0.0764442919624759,0.6162551524063186,9.144850757067902,523.9613526570065
42.982237577438354,0.07339069276719984,0.6171135082108002,9.156654916260134,524.637681159422
43.042237997055054,0.07016666748750716,0.6179817549437225,9.166772766996333,525.2173913043495
43.0824453830719,0.06725602307066506,0.6187288721415577,9.180263234644599,525.9903381642529
43.14254856109619,0.06385233325100259,0.6195689772675209,9.1853221600127,526.2801932367167
43.182157039642334,0.06109022545315407,0.620221149633345,9.200498936116999,527.149758454108
43.24218797683716,0.05750669696410826,0.6210259074566202,9.207244169941132,527.5362318840598
43.28225779533386,0.05359300188183788,0.621884037056043,9.210616786853198,527.7294685990356
43.34223508834839,0.05049070433637648,0.6225450912685726,9.219048329133363,528.2125603864752
43.38221478462219,0.04705581069453521,0.6232467939694242,9.227479871413529,528.6956521739147
43.442227602005005,0.04377842603318413,0.6238847133803767,9.237597722149728,529.2753623188423
43.482298851013184,0.04065845514462291,0.6244565738415104,9.24940188134196,529.9516908212578
43.54221224784851,0.037860253875951155,0.6249305336939065,9.26457865744626,530.8212560386492
43.58220720291138,0.03521984475333462,0.625334368012574,9.281441742006592,531.7874396135284
43.642534017562866,0.03224283183238638,0.6257435490203229,9.294932209654858,532.5603864734318
43.682199478149414,0.029095218225066388,0.6261356858733379,9.30673636884709,533.2367149758473
43.742207050323486,0.025281082220328766,0.626578234915865,9.311795294215191,533.5265700483111
43.782286405563354,0.021795327137757003,0.6269529248082697,9.323599453407423,534.2028985507266
43.84224605560303,0.019135694765097966,0.6272003073744161,9.340462537967756,535.1690821256059
43.88219213485718,0.01647226909939939,0.6274028072880646,9.357325622528089,536.1352657004852
43.94223499298096,0.013139875295637177,0.6276109969371216,9.367443473264288,536.7149758454127
43.98226261138916,0.009805545664647308,0.6277854598421522,9.377561324000487,537.2946859903402
44.042163372039795,0.006136295370743283,0.6279464376872533,9.38430655782462,537.681159420292
44.082236766815186,0.0031330025664141337,0.6280477656698608,9.397797025472887,538.4541062801954
44.14224052429199,0.00012872293246257716,0.6281136360700407,9.407914876209086,539.033816425123
44.182188510894775,-0.0027092121350857368,0.6281399578112383,9.423091652313385,539.9033816425143
44.242186069488525,-0.005547219835520756,0.6281232074693986,9.438268428417684,540.7729468599057
44.28218126296997,-0.00838464649021159,0.6280633889026298,9.453445204521984,541.642512077297
44.3422474861145,-0.01188877590875187,0.6279540361282443,9.458504129890084,541.9323671497608
44.38223457336426,-0.015392088007400717,0.6278210498484809,9.46693567217025,542.4154589372005
44.4422242641449,-0.01856011025545487,0.627663322969633,9.482112448274549,543.2850241545917
44.48233246803284,-0.02205930681842544,0.6274476741234967,9.490543990554716,543.7681159420315
44.54223036766052,-0.025223110448316294,0.6272205412901848,9.502348149746949,544.444444444447
44.5824089050293,-0.028550609418953682,0.6269449655406428,9.512466000483148,545.0241545893745
44.64223766326904,-0.03187514988477755,0.6266357373329595,9.522583851219347,545.603864734302
44.68217992782593,-0.03519696493919075,0.6262984894454918,9.529329085043479,545.9903381642537
44.742247343063354,-0.03818337451471315,0.6259647337326955,9.542819552691745,546.7632850241571
44.78219175338745,-0.04166375782252363,0.6255430548953569,9.547878478059843,547.0531400966208
44.84224486351013,-0.04497526569851623,0.6251163149504625,9.557996328796042,547.6328502415483
44.882163524627686,-0.04795158438162839,0.6247021143648115,9.568114179532241,548.2125603864758
44.94226551055908,-0.05075737985268769,0.6242754059675859,9.58329095563654,549.0821256038672
44.982224464416504,-0.05372144110152621,0.623781062016749,9.596781423284806,549.8550724637706
45.04228472709656,-0.05700812951110015,0.6231929542955776,9.606899274021005,550.4347826086981
45.08221244812012,-0.06012417212015811,0.6226000620701154,9.618703433213238,551.1111111111136
45.142207860946655,-0.0629057542515705,0.6220367068288268,9.63050759240547,551.7874396135292
45.182239294052124,-0.06600693264534985,0.6213704221280909,9.642311751597703,552.4637681159446
45.242218255996704,-0.06910003023734176,0.6206675778929344,9.654115910789935,553.1400966183601
45.282267570495605,-0.0721846160459792,0.6199282720552521,9.665920069982167,553.8164251207755
45.34212398529053,-0.0747740805780236,0.6192728974074257,9.679410537630433,554.589371980679
45.382259368896484,-0.07783898118108612,0.6184558129406621,9.691214696822666,555.2657004830944
45.44218873977661,-0.08105557128972021,0.6175604138864041,9.701332547558865,555.8454106280219
45.482256174087524,-0.08458539018521033,0.6165456773930387,9.708077781382997,556.2318840579736
45.54224705696106,-0.08746632105925933,0.6156911176657248,9.718195632119196,556.8115942029011
45.58221077919006,-0.09049880687341089,0.6147609174080118,9.726627174399361,557.2946859903408
45.64245057106018,-0.09352494933086955,0.6138102836406517,9.731686099767462,557.5845410628045
45.682283878326416,-0.09638490455081014,0.6128879544323258,9.74180395050366,558.164251207732
45.74216890335083,-0.09955210122086522,0.6118310454265361,9.75192180123986,558.7439613526597
45.78219437599182,-0.10239445676237569,0.6108558274999979,9.758667035063993,559.1304347826114
45.8423752784729,-0.10554338122408616,0.6097456625898295,9.768784885800192,559.7101449275389
45.88226366043091,-0.10805186188213539,0.6088278569023755,9.782275353448458,560.4830917874423
45.9421923160553,-0.11101855762507418,0.6077053779042166,9.790706895728624,560.9661835748819
45.98230051994324,-0.11350467342519291,0.606728612466596,9.807569980288955,561.9323671497611
46.04223299026489,-0.11628647549755614,0.6055921212617066,9.817687831025154,562.5120772946887
46.08217692375183,-0.11874533559493627,0.604548641739511,9.834550915585485,563.4782608695679
46.14222598075867,-0.12195501048951507,0.6031383693962185,9.84298245786565,563.9613526570074
46.182209491729736,-0.12469274568341701,0.6018994823809232,9.856472925513916,564.7342995169108
46.242218255996704,-0.1275680701078763,0.6005601720410145,9.864904467794082,565.2173913043504
46.28226661682129,-0.13043200001027383,0.5991966661750086,9.873336010074247,565.70048309179
46.34225368499756,-0.13373605349027348,0.5975927515303875,9.88008124389838,566.0869565217416
46.382219076156616,-0.13627544768261268,0.5963254530582058,9.895258020002679,566.956521739133
46.442264795303345,-0.13894470895447877,0.5949452069601815,9.908748487650943,567.7294685990363
46.482338428497314,-0.1418922456686185,0.5933766985247158,9.918866338387142,568.3091787439639
46.54226732254028,-0.14467590485778434,0.5918560130703725,9.930670497579374,568.9855072463794
46.58217692375183,-0.14714796590126905,0.5904619246660863,9.945847273683674,569.8550724637707
46.64227485656738,-0.1500352980594822,0.5887851705393651,9.955965124419873,570.4347826086982
46.68222451210022,-0.15276063922133923,0.587162284750418,9.967769283612103,571.1111111111136
46.74221897125244,-0.15575455597993956,0.5853381840257547,9.976200825892269,571.5942028985532
46.782535552978516,-0.1581656664162325,0.5838411487069731,9.984632368172434,572.0772946859928
46.84221339225769,-0.16127113599802392,0.5818801871411857,9.991377601996566,572.4637681159445
46.88247323036194,-0.16365406413474393,0.5803386872946374,10.006554378100866,573.3333333333358
46.942270040512085,-0.1661506945274358,0.5786663022579661,10.023417462661197,574.299516908215
46.982290744781494,-0.169038521319896,0.576678505128505,10.031849004941362,574.7826086956546
47.04227018356323,-0.171357128550978,0.575041853427729,10.047025781045662,575.6521739130459
47.08226251602173,-0.17392360129948553,0.5731778629868608,10.058829940237892,576.3285024154613
47.142284870147705,-0.1766001209299217,0.5711817582648541,10.072320407886158,577.1014492753648
47.18228006362915,-0.17925289230112576,0.5691541992779323,10.082438258622357,577.6811594202923
47.24224781990051,-0.18135303477558218,0.5675036708538468,10.099301343182688,578.6473429951715
47.28226399421692,-0.18369043112858077,0.5656151229149307,10.109419193918887,579.227053140099
47.342262983322144,-0.1861356846566184,0.5635947323793911,10.12122335311112,579.9033816425144
47.382235527038574,-0.18855691937038366,0.5615456191093797,10.133027512303352,580.5797101449299
47.44253444671631,-0.19108547299773948,0.5593651127583424,10.139772746127484,580.9661835748816
47.48227071762085,-0.19321429941869545,0.5574882360039657,10.154949522231783,581.835748792273
47.54247260093689,-0.1954396354137978,0.5554688512616497,10.16843998988005,582.6086956521764
47.58225059509277,-0.1978855736075458,0.5531960605221198,10.178557840616248,583.1884057971039
47.64252829551697,-0.2003122619556677,0.5509027277825422,10.18530307444038,583.5748792270556
47.68226718902588,-0.20296882305595546,0.5483665900287196,10.188675691352447,583.7681159420314
47.74248790740967,-0.20524643907474713,0.5461589424111359,10.20047985054468,584.4444444444468
47.78224229812622,-0.20726084827905467,0.5441597616190912,10.212284009736912,585.1207729468624
47.84223961830139,-0.20948952484088723,0.5419027185279613,10.220715552017078,585.603864734302
47.882171630859375,-0.2118174040409323,0.539509150099166,10.22746078584121,585.9903381642536
47.942229986190796,-0.2137736824166474,0.5374530510747052,10.242637561945509,586.8599033816449
47.98224425315857,-0.2158173372825413,0.5352499828012047,10.252755412681708,587.4396135265725
48.04236054420471,-0.21750328267608002,0.5333983765285991,10.261186954961875,587.9227053140122
48.08227491378784,-0.21950949821240745,0.5311611607923782,10.267932188786007,588.3091787439638
48.14222264289856,-0.22149677948174754,0.5289071092878367,10.278050039522206,588.8888888888914
48.18228507041931,-0.22335020988012935,0.5267578387045843,10.289854198714439,589.5652173913069
48.24238324165344,-0.2253972809477302,0.5243348771331452,10.298285740994604,590.0483091787464
48.282225370407104,-0.22753267666647523,0.5217681133111909,10.305030974818736,590.4347826086981
48.34220218658447,-0.22964635496079608,0.5191834362595178,10.315148825554935,591.0144927536256
48.382232666015625,-0.2311044702257963,0.5173568236413898,10.328639293203201,591.787439613529
48.44218897819519,-0.2327390145852855,0.5152442169035911,10.345502377763532,592.7536231884083
48.48224115371704,-0.23444336677898733,0.512974910427704,10.357306536955765,593.4299516908237
48.54228734970093,-0.23652503264906077,0.5101539977710421,10.362365462323865,593.7198067632876
48.582279920578,-0.23819087682725015,0.5078562746685616,10.374169621516096,594.3961352657029
48.64222860336304,-0.24002662473870598,0.5052695252918218,10.382601163796261,594.8792270531425
48.68227982521057,-0.24145169289059223,0.5032103899341469,10.39777793990056,595.7487922705338
48.74247717857361,-0.242943866057919,0.5009949302232879,10.40789579063676,596.3285024154613
48.78222346305847,-0.24469134541939974,0.4983477508539066,10.416327332916925,596.811594202901
48.842339754104614,-0.2461421688043865,0.4961049949605232,10.426445183653124,597.3913043478285
48.882320404052734,-0.24784476221804017,0.49342872546731775,10.431504109021223,597.6811594202923
48.94223356246948,-0.24953379485485588,0.49074387696428257,10.436563034389323,597.971014492756
48.982239961624146,-0.250938940564296,0.48847222381580857,10.446680885125522,598.5507246376836
49.04222130775452,-0.2524135494991088,0.4860473327314401,10.45173981049362,598.8405797101473
49.08223915100098,-0.25369658878442686,0.48389682863912176,10.463543969685851,599.5169082125627
49.14226770401001,-0.2550438305074652,0.48159036332799415,10.470289203509983,599.9033816425143
49.18222260475159,-0.2566321191792037,0.4788447155305325,10.471975511966017,600.0000000000023
49.24248433113098,-0.2577904762837103,0.4768147345943733,10.482093362702216,600.5797101449298
49.28226923942566,-0.2592577337648752,0.47419229479285985,10.488838596526348,600.9661835748815
49.34225273132324,-0.2608732582482044,0.4712702626169432,10.492211213438415,601.1594202898574
49.38222551345825,-0.2620719460324718,0.4690716254812167,10.50064275571858,601.6425120772969
49.44223999977112,-0.2636528666330285,0.46613072741292816,10.504015372630647,601.8357487922729
49.48230481147766,-0.26530501712504384,0.4630385955006582,10.50570168108668,601.9323671497608
49.542299032211304,-0.2666340225139062,0.46053094461625377,10.510760606454781,602.2222222222246
49.58229184150696,-0.2683456977470255,0.4572814093445182,10.510760606454781,602.2222222222246
49.642204999923706,-0.2698263284375585,0.45447623992169717,10.509074297998747,602.1256038647366
49.68219518661499,-0.27130695912809144,0.451671070498876,10.510760606454781,602.2222222222246
49.742209911346436,-0.2728630275218362,0.448716947524571,10.510760606454781,602.2222222222246
49.78237056732178,-0.27441411214294453,0.44576020474044353,10.514133223366848,602.4154589372005
49.842278718948364,-0.2760401327768225,0.44265425272707515,10.512446914910814,602.3188405797125
49.88224959373474,-0.27750655343848496,0.43984162883193234,10.517505840278915,602.6086956521764
49.942267179489136,-0.2792759502506848,0.4364338849978606,10.515819531822881,602.5120772946884
49.98228907585144,-0.28121792157525044,0.4327395925856874,10.507387989542716,602.0289855072488
50.042264461517334,-0.282859634114433,0.42964190619907,10.50907429799875,602.1256038647367
50.08235764503479,-0.2846577002287761,0.4262492020613462,10.507387989542716,602.0289855072488
50.142375469207764,-0.286624546052604,0.42256809264197737,10.502329064174617,601.7391304347851
50.18231153488159,-0.28852759918665166,0.41904221907995276,10.49895644726255,601.5458937198092
50.24229836463928,-0.29036558712252825,0.41567097547183884,10.49389752189445,601.2560386473453
50.28224229812622,-0.2921318135833825,0.41245076497019373,10.49389752189445,601.2560386473453
50.34230184555054,-0.29398116095778404,0.4090857393526879,10.492211213438416,601.1594202898574
50.382527589797974,-0.29583618017121466,0.4057238370882727,10.490524904982383,601.0628019323696
50.4421820640564,-0.2976132571028765,0.40250960169476424,10.490524904982383,601.0628019323696
50.48223876953125,-0.2995577966607718,0.39900643719474815,10.487152288070316,600.8695652173936
50.542556047439575,-0.3016835532451072,0.39522204789145493,10.480407054246184,600.4830917874419
50.58226442337036,-0.3036634371624866,0.3917387369262819,10.477034437334117,600.2898550724661
50.64221215248108,-0.3055748819875249,0.3884085925152223,10.471975511966019,600.0000000000024
50.6822555065155,-0.3074112718961451,0.3852278718909855,10.471975511966019,600.0000000000024
50.74223875999451,-0.3093395391418743,0.3819074399090403,10.466916586597918,599.7101449275385
50.782230854034424,-0.3109370787812325,0.3791671644058914,10.468602895053952,599.8067632850265
50.84226608276367,-0.3127027804878916,0.3761384388497795,10.466916586597918,599.7101449275385
50.882214307785034,-0.3147411194919673,0.3726890085039316,10.45679873586172,599.130434782611
50.942259073257446,-0.3168026791636693,0.3692534055981225,10.453426118949652,598.9371980676351
50.98212552070618,-0.31888159283952144,0.3658282758874768,10.44668088512552,598.5507246376835
51.04221558570862,-0.32098356234774306,0.36241724674762765,10.439935651301388,598.1642512077318
51.08228516578674,-0.3231027610266988,0.35901689491796285,10.436563034389321,597.9710144927559
51.142539978027344,-0.32533112644236606,0.3554879522113815,10.428131492109156,597.4879227053164
51.18230605125427,-0.3275832445281463,0.3519741205165251,10.423072566741055,597.1980676328525
51.242250204086304,-0.32939204371032715,0.349167621467555,10.423072566741055,597.1980676328525
51.28223919868469,-0.33195080744591754,0.34525569313534454,10.409582099092791,596.4251207729492
51.342272996902466,-0.3341722268590947,0.3419212229529689,10.406209482180724,596.2318840579734
51.38240671157837,-0.3365008278949172,0.33845760255401613,10.401150556812624,595.9420289855095
51.44230628013611,-0.33856282816995453,0.3354182824899765,10.397777939900557,595.7487922705336
51.48230814933777,-0.3408290276428046,0.33211408280538623,10.391032706076425,595.362318840582
51.54230785369873,-0.3432099250785032,0.328686200594347,10.385973780708326,595.0724637681183
51.582207679748535,-0.3456081333737465,0.325270406978699,10.380914855340226,594.7826086956545
51.642374992370605,-0.34792972699986857,0.32200489038227165,10.374169621516094,594.3961352657028
51.682313203811646,-0.350167760807615,0.3188848442619298,10.37248331306006,594.2995169082149
51.74227452278137,-0.35251132812576647,0.31563506152585574,10.369110696147994,594.106280193239
51.78224992752075,-0.35476511730802274,0.31252637732838223,10.36742438769196,594.0096618357511
51.84236001968384,-0.35702414548376626,0.30942149813284603,10.365738079235927,593.9130434782631
51.88219666481018,-0.3592884062291444,0.30632043276839205,10.364051770779893,593.8164251207752
51.94227051734924,-0.36136054642053095,0.30349251550680445,10.36236546232386,593.7198067632872
51.98223161697388,-0.36363525297412014,0.3003991042485436,10.360679153867826,593.6231884057993
52.042256116867065,-0.3659151727365815,0.2973095332436281,10.358992845411793,593.5265700483113
52.082190990448,-0.3684046582970354,0.29395968090414093,10.353933920043694,593.2367149758477
52.14225149154663,-0.37102008526130903,0.29049558141808757,10.343816069307495,592.6570048309201
52.18230390548706,-0.3735601221272809,0.28718389577908443,10.338757143939397,592.3671497584564
52.24231839179993,-0.37601193866651467,0.2840149856723866,10.33538452702733,592.1739130434805
52.28223443031311,-0.3785798075329058,0.2807248339225284,10.33032560165923,591.8840579710167
52.34226155281067,-0.3813770109073812,0.2771902572723249,10.321894059379062,591.400966183577
52.38222289085388,-0.38409636469710967,0.273807128776241,10.31514882555493,591.0144927536253
52.442227602005005,-0.38640699787300714,0.2709522582165888,10.31514882555493,591.0144927536253
52.48230600357056,-0.38893817794703034,0.2678463729902386,10.308403591730798,590.6280193236737
52.54223012924194,-0.3915938728046305,0.26462669383302556,10.303344666362698,590.3381642512098
52.58228850364685,-0.394491239564175,0.26117374658827547,10.291540507170467,589.6618357487945
52.64221501350403,-0.3969791509333317,0.25824906196649183,10.289854198714433,589.5652173913065
52.6822075843811,-0.3996994500975971,0.25508377817053085,10.281422656434268,589.082125603867
52.74228644371033,-0.40244103779518914,0.25193691529641526,10.27636373106617,588.7922705314032
52.782231092453,-0.4052037892893323,0.24880861652013353,10.267932188786002,588.3091787439636
52.8422634601593,-0.40798757888034,0.24569902417304482,10.262873263417902,588.0193236714997
52.88227701187134,-0.41067257805869695,0.24272510840110118,10.259500646505835,587.8260869565238
52.94219517707825,-0.41371289573237674,0.239397339289902,10.25106910422567,587.3429951690842
52.98224997520447,-0.41666484164977935,0.23621512956151275,10.244323870401537,586.9565217391327
53.04234313964844,-0.4190599200107431,0.2336549575641682,10.242637561945504,586.8599033816447
53.08227062225342,-0.42180454464105327,0.23073597979017135,10.239264945033437,586.6666666666688
53.14232802391052,-0.42502950441072235,0.22735218168523957,10.229147094297238,586.0869565217413
53.182199239730835,-0.42781811192767033,0.22447519302992397,10.222401860473106,585.7004830917896
53.24227571487427,-0.430621238169471,0.22161234848665567,10.219029243561039,585.5072463768137
53.282196283340454,-0.4335537073297772,0.2186425549456955,10.213970318192938,585.2173913043499
53.34221076965332,-0.43638087184258517,0.21580344656031966,10.210597701280872,585.024154589374
53.38217067718506,-0.43945915388018625,0.2127432793832348,10.20385246745674,584.6376811594224
53.44224739074707,-0.4423148988692934,0.20993292065816394,10.200479850544673,584.4444444444465
53.4822793006897,-0.4451801058624129,0.20713220923194176,10.197107233632606,584.2512077294706
53.54214549064636,-0.44793721999042363,0.20445979369486672,10.192048308264507,583.9613526570068
53.582247495651245,-0.4509487399253592,0.20157019221134667,10.186989382896407,583.6714975845431
53.642266511917114,-0.4537282883686959,0.1989211181148328,10.185303074440373,583.5748792270551
53.68224883079529,-0.4567640647668345,0.19605701079970297,10.176871532160208,583.0917874396156
53.742440938949585,-0.4599387974859704,0.19309702505366083,10.17349891524814,582.8985507246397
53.78219437599182,-0.4630081699803586,0.19026895123164542,10.165067372967975,582.4154589372
53.842442989349365,-0.46622254419550635,0.18735206215941125,10.158322139143843,582.0289855072484
53.88219332695007,-0.4694565202364787,0.18445692098476332,10.151576905319711,581.6425120772967
53.94220995903015,-0.4725824884754653,0.1816915328346255,10.14651797995161,581.352657004833
53.98218369483948,-0.4755990343054081,0.1790545180712525,10.139772746127477,580.9661835748811
54.04228496551514,-0.47850051884533806,0.17653958853303003,10.138086437671443,580.8695652173932
54.082221269607544,-0.4815347831981651,0.17392298091178526,10.134713820759377,580.6763285024174
54.14226150512695,-0.48484094842279024,0.17111055936404296,10.124595970023178,580.0966183574898
54.18230652809143,-0.4880448974707066,0.16843590806893335,10.116164427743012,579.6135265700502
54.24224042892456,-0.49100494121517363,0.16599017215749098,10.114478119286979,579.5169082125623
54.28221106529236,-0.49384219576540334,0.1636579418508687,10.111105502374912,579.3236714975864
54.34230971336365,-0.49707749287618486,0.1610212959404278,10.106046577006811,579.0338164251226
54.382248640060425,-0.5000661995851009,0.15861067043534466,10.100987651638711,578.7439613526587
54.44229793548584,-0.5030630193973782,0.1562101383838153,10.099301343182677,578.6473429951708
54.48230314254761,-0.5061964617712441,0.1537131533025516,10.09592872627061,578.454106280195
54.5422739982605,-0.5093424960558198,0.15123205195704648,10.089183492446478,578.0676328502433
54.582263231277466,-0.5129028635254119,0.14846775054515027,10.080751950166313,577.5845410628037
54.642308473587036,-0.5162166896298307,0.1459305068434636,10.075693024798213,577.2946859903399
54.68223834037781,-0.5198140237115016,0.14321448653441032,10.067261482518045,576.8115942029002
54.74229979515076,-0.5226190588125392,0.14111147462453155,10.068947790974079,576.9082125603882
54.782225370407104,-0.5259626033814377,0.13861352371070942,10.063888865605978,576.6183574879243
54.84237742424011,-0.5290463975367282,0.1363257962956811,10.062202557149945,576.5217391304363
54.88220691680908,-0.5319979576780777,0.13414002313317655,10.062202557149945,576.5217391304363
54.94221234321594,-0.5352218578571197,0.13176097642452095,10.058829940237878,576.3285024154605
54.98223948478699,-0.5381844378454496,0.12959016289068742,10.055457323325811,576.1352657004846
55.04231357574463,-0.5416986025904197,0.1270424012063977,10.048712089501679,575.7487922705329
55.08222842216492,-0.5449543028899068,0.12470706158092305,10.045339472589612,575.5555555555571
55.14222168922424,-0.5487709111724935,0.12200818100775723,10.035221621853413,574.9758454106295
55.182512283325195,-0.5521967847015751,0.11962439418532225,10.030162696485313,574.6859903381658
55.24229168891907,-0.5553559668409308,0.11744195258746651,10.02847638802928,574.5893719806778
55.28220295906067,-0.5587978415123787,0.11508132813658076,10.023417462661179,574.299516908214
55.342249155044556,-0.5619753124884199,0.11292560057631437,10.018358537293079,574.0096618357502
55.38218879699707,-0.56516003582278,0.11078060164828205,10.016672228837045,573.9130434782622
55.44224810600281,-0.5684888763463692,0.10855075493272012,10.013299611924978,573.7198067632863
55.48229932785034,-0.5722485624473056,0.10606432390878875,10.004868069644813,573.2367149758468
55.54223275184631,-0.5756034919106521,0.1038739257937509,10.001495452732746,573.0434782608709
55.58220934867859,-0.5792499567520093,0.10151941148810906,9.994750218908614,572.6570048309192
55.64223909378052,-0.5823421286434824,0.0995375475726222,9.994750218908614,572.6570048309192
55.68218541145325,-0.5855800843721513,0.09747378261099085,9.989691293540513,572.3671497584554
55.742247581481934,-0.5891146523504854,0.09525435064343457,9.981259751260346,571.8840579710157
55.78221297264099,-0.5928080126305267,0.09297410212703641,9.974514517436214,571.497584541064
55.8422532081604,-0.5960870643185179,0.09097627752383389,9.969455592068115,571.2077294686003
55.88216781616211,-0.5995174416008275,0.08890603422716414,9.966082975156048,571.0144927536245
55.942248821258545,-0.6029547814979839,0.0868473720310253,9.962710358243982,570.8212560386486
55.98224925994873,-0.6064024919837699,0.08480612535005022,9.95596512441985,570.4347826086969
56.04228401184082,-0.610009888695938,0.08270714035412563,9.947533582139684,569.9516908212573
56.0822217464447,-0.6134848219944351,0.08071258923234675,9.944160965227617,569.7584541062814
56.142231941223145,-0.6169698010687478,0.07873564298674557,9.937415731403485,569.3719806763298
56.182241678237915,-0.619879490005421,0.07709799171583079,9.937415731403485,569.3719806763298
56.24239206314087,-0.6233744256656253,0.0751387009417428,9.934043114491418,569.1787439613539
56.28225588798523,-0.6268792284669812,0.0731971157826524,9.927297880667286,568.7922705314022
56.34224486351013,-0.6302489211696558,0.07135628602213162,9.922238955299186,568.5024154589385
56.38220453262329,-0.6333312481584836,0.06968591440327365,9.920552646843152,568.4057971014505
56.44247341156006,-0.636858725034327,0.06778583480052403,9.917180029931085,568.2125603864746
56.48231387138367,-0.6399494628299773,0.06613107775198657,9.915493721475052,568.1159420289866
56.542266845703125,-0.6437846935943603,0.06409848127490289,9.90874848765092,567.729468599035
56.58222007751465,-0.6473374816724355,0.062246160439118764,9.902003253826788,567.3429951690833
56.64225459098816,-0.6506027522233792,0.060564696845974736,9.89863063691472,567.1497584541074
56.68226218223572,-0.6544717119224563,0.058597060115874594,9.891885403090589,566.7632850241558
56.742246866226196,-0.6579044666938286,0.05687668870327234,9.88682647772249,566.4734299516921
56.7822380065918,-0.6614940078458771,0.05509663535459336,9.883453860810423,566.2801932367163
56.84217834472656,-0.66524089693904,0.05325819275945631,9.878394935442323,565.9903381642524
56.88223218917847,-0.66869654725789,0.051584285954550085,9.873336010074222,565.7004830917886
56.94224572181702,-0.6727663423823499,0.049646672355489446,9.864904467794057,565.217391304349
56.982271671295166,-0.6762442593550229,0.04801953479250698,9.859845542425958,564.9275362318853
57.042322397232056,-0.6801866052573554,0.046203398167391635,9.853100308601825,564.5410628019335
57.082252979278564,-0.6839904646927202,0.0444859283865624,9.844668766321659,564.0579710144939
57.14228796958923,-0.6875005936375833,0.04292949724188794,9.83960984095356,563.7681159420302
57.182265758514404,-0.6910159518554551,0.04138491324685331,9.837923532497527,563.6714975845423
57.24247598648071,-0.6943821947501279,0.039915995155197614,9.83455091558546,563.4782608695664
57.282294273376465,-0.6977533725886849,0.03845843844386543,9.831178298673393,563.2850241545905
57.34231162071228,-0.701593965415717,0.03682476289804115,9.822746756393228,562.8019323671509
57.38224458694458,-0.7051373683212891,0.03534564864739659,9.817687831025129,562.5120772946872
57.442264795303345,-0.7089969772992097,0.03375742083324962,9.812628905657029,562.2222222222234
57.48232316970825,-0.7125551640375244,0.03231423330109667,9.807569980288928,561.9323671497596
57.54226040840149,-0.7158083688218526,0.031007504697916577,9.805883671832895,561.8357487922716
57.58222961425781,-0.7195325799391405,0.029529787823728337,9.799138438008763,561.44927536232
57.64216351509094,-0.7234209839014902,0.028013422538693655,9.794079512640664,561.1594202898563
57.682257652282715,-0.7273195275673744,0.026523319744497953,9.785647970360497,560.6763285024166
57.74224281311035,-0.7317011871364067,0.024894972560378315,9.775530119624298,560.096618357489
57.78215050697327,-0.7351524712284387,0.02363880788088213,9.772157502712231,559.9033816425132
57.842397689819336,-0.7387661362068978,0.022340767611423507,9.767098577344132,559.6135265700494
57.882224798202515,-0.7422258148458896,0.021107911050085915,9.767098577344132,559.6135265700494
57.94225215911865,-0.7463218445292223,0.01967160179091465,9.756980726607933,559.0338164251219
57.98224091529846,-0.750432196671962,0.01827680835911205,9.746862875871734,558.4541062801944
58.04230046272278,-0.7535993933420171,0.0172198993533223,9.746862875871734,558.4541062801944
58.08224892616272,-0.7578810860100235,0.015811110259425776,9.738431333591567,557.9710144927546
58.142247438430786,-0.7612167919706463,0.014732246618640699,9.736745025135534,557.8743961352667
58.18224024772644,-0.7650321339498611,0.013508906441898672,9.733372408223467,557.6811594202909
58.24250793457031,-0.7685332929026308,0.012399313014841984,9.7299997913114,557.487922705315
58.282222747802734,-0.7723567997395837,0.011201735846486871,9.726627174399333,557.2946859903391
58.34222459793091,-0.775544733809727,0.010209129299184216,9.726627174399333,557.2946859903391
58.38218402862549,-0.779051461286885,0.009117262097151413,9.726627174399333,557.2946859903391
58.442288398742676,-0.7825600250021378,0.008031309868949621,9.723254557487266,557.1014492753632
58.48232340812683,-0.786393493234505,0.006866012946348532,9.716509323663134,556.7149758454116
58.5422842502594,-0.789750346332617,0.005854865929916242,9.718195632119167,556.8115942028995
58.58221364021301,-0.7942317943589152,0.0045255507985392796,9.708077781382968,556.231884057972
58.642277240753174,-0.7979211637868855,0.003461578833854617,9.703018856014868,555.9420289855082
58.682217597961426,-0.8014526888215349,0.002452796143890046,9.703018856014868,555.9420289855082
58.74224781990051,-0.8053071118740133,0.00135880412430478,9.699646239102801,555.7487922705322
58.782212257385254,-0.8091670200043738,0.00028432525919491747,9.692901005278669,555.3623188405807
58.84226608276367,-0.813032314427257,-0.0007706129526546812,9.689528388366602,555.1690821256047
58.8822557926178,-0.8170650783786549,-0.0018457240931331054,9.681096846086437,554.6859903381652
58.942185163497925,-0.8207801775108248,-0.002816044429839848,9.679410537630403,554.5893719806772
58.98223543167114,-0.8253097999630942,-0.003970590042113142,9.669292686894204,554.0096618357496
59.042343854904175,-0.8287120682676238,-0.004816433641804452,9.66760637843817,553.9130434782618
59.08223748207092,-0.8326028076366643,-0.005773273632915521,9.664233761526104,553.7198067632859
59.14224100112915,-0.8363352654626613,-0.006674518158462817,9.659174836158005,553.4299516908221
59.18225622177124,-0.8399076116385291,-0.007527544761618488,9.659174836158005,553.4299516908221
59.24219799041748,-0.8438078328590477,-0.008444970528321105,9.652429602333871,553.0434782608704
59.28242778778076,-0.8473858515878647,-0.00927388159843745,9.652429602333871,553.0434782608704
59.342294454574585,-0.8511286875667475,-0.010131005832639484,9.647370676965771,552.7536231884066
59.38226532936096,-0.8547108538913898,-0.010941805443225316,9.647370676965771,552.7536231884066
59.44225740432739,-0.8581308458135742,-0.011712867219827339,9.645684368509738,552.6570048309186
59.482232332229614,-0.8622053374359973,-0.01261706137534907,9.640625443141637,552.3671497584548
59.54229927062988,-0.8656304525093108,-0.013365037140802005,9.638939134685604,552.2705314009669
59.582183599472046,-0.8697109503958625,-0.014241727536507043,9.633880209317503,551.980676328503
59.642287492752075,-0.8734690406982794,-0.015029280961081193,9.628821283949403,551.6908212560393
59.682475328445435,-0.8775581997957098,-0.015864641319237704,9.623762358581303,551.4009661835754
59.742255210876465,-0.881158507738983,-0.016590653922112064,9.623762358581303,551.4009661835754
59.78230905532837,-0.8854162866777393,-0.017434313784502997,9.617017124757169,551.0144927536237
59.84223771095276,-0.889187122611319,-0.018158385244857078,9.611958199389068,550.7246376811598
59.88220524787903,-0.8931262987073303,-0.018890701632087115,9.605212965564935,550.3381642512081
59.94223999977112,-0.8969042675525789,-0.019576583926657898,9.603526657108901,550.2415458937202
59.98225665092468,-0.9008494781130449,-0.02027566134724834,9.596781423284769,549.8550724637685
60.04233407974243,-0.905293680127994,-0.02102842111281883,9.588349881004604,549.3719806763289
60.082274436950684,-0.9092490456722635,-0.02166754474530097,9.581604647180471,548.9855072463772
60.142276763916016,-0.9130431532621471,-0.02225765550953629,9.576545721812373,548.6956521739136
60.182230710983276,-0.9168401976149378,-0.02282856469725192,9.571486796444272,548.4057971014497
60.24229979515076,-0.9204744229791992,-0.023359335445961638,9.568114179532206,548.2125603864738
60.28225779533386,-0.9249383755645477,-0.023984400346670653,9.55968263725204,547.7294685990342
60.34231638908386,-0.9287445068931308,-0.024491201517992722,9.554623711883941,547.4396135265705
60.38238215446472,-0.9327191742320924,-0.024996587658465963,9.547878478059808,547.0531400966188
60.44226431846619,-0.9368624876937717,-0.025498586274345147,9.542819552691707,546.7632850241549
60.482218503952026,-0.9405104334877951,-0.02592496998626892,9.53944693577964,546.570048309179
60.54236054420471,-0.9443260403460787,-0.026354652916692922,9.53438801041154,546.2801932367153
60.58222985267639,-0.948143772103181,-0.026765027560755494,9.52932908504344,545.9903381642514
60.64224672317505,-0.9524628648488012,-0.02719616710829792,9.51921123430724,545.4106280193239
60.682573318481445,-0.9561198593612076,-0.027536318136749394,9.515838617395174,545.217391304348
60.74246954917908,-0.9602771275540648,-0.02790533063617301,9.510779692027075,544.9275362318843
60.78224492073059,-0.963770258385297,-0.02820352186179831,9.509093383571042,544.8309178743964
60.842432737350464,-0.967596613635584,-0.028523660294790976,9.507407075115008,544.7342995169084
60.88227701187134,-0.9715907049827044,-0.028840882483879837,9.500661841290876,544.3478260869567
60.942291021347046,-0.9759198568737689,-0.029155346088793666,9.493916607466744,543.9613526570051
60.982234954833984,-0.9799178641245074,-0.029418658886498972,9.487171373642612,543.5748792270534
61.04230856895447,-0.9842508642169014,-0.029674693364721727,9.48042613981848,543.1884057971018
61.082298278808594,-0.9882517010473595,-0.029890795799797643,9.477053522906413,542.9951690821259
61.14222598075867,-0.9920866753476361,-0.030081728337350344,9.471994597538313,542.7053140096621
61.18224811553955,-0.9960891920226097,-0.03026409026580712,9.468621980626246,542.5120772946863
61.24229717254639,-0.9999253669558869,-0.030429150857625986,9.466935672170212,542.4154589371983
61.28226566314697,-1.0040959765971356,-0.03058746785734434,9.458504129890047,541.9323671497586
61.342421770095825,-1.0075997172824391,-0.030708638073546013,9.46019043834608,542.0289855072466
61.38235068321228,-1.0114373658909808,-0.030834877033594388,9.455131512977982,541.7391304347829
61.44229745864868,-1.0157763440527734,-0.030951975138679533,9.448386279153848,541.3526570048311
61.48229193687439,-1.0196152154091198,-0.031032906140778693,9.443327353785747,541.0628019323673
61.54228639602661,-1.023287363379472,-0.03110103007023446,9.443327353785747,541.0628019323673
61.582202434539795,-1.0276274214647008,-0.03116690321777138,9.436582119961614,540.6763285024156
61.64253568649292,-1.0313000132906505,-0.03120406322172453,9.433209503049547,540.4830917874397
61.68226933479309,-1.0354735540265838,-0.031228696077371276,9.428150577681446,540.1932367149759
61.742303133010864,-1.0401479744818796,-0.031212930988115895,9.414660110033182,539.4202898550726
61.78224325180054,-1.0444880325671084,-0.031147057840578807,9.404542259296983,538.840579710145
61.842273235321045,-1.0484937387457103,-0.031059230640338886,9.401169642384916,538.6473429951692
61.88222694396973,-1.0528327169075027,-0.03094213253525363,9.394424408560784,538.2608695652175
61.94229245185852,-1.056837107313275,-0.030807028558443916,9.387679174736652,537.8743961352659
61.98249077796936,-1.0611738086729052,-0.03062409476684308,9.377561324000453,537.2946859903383
62.04229760169983,-1.0648424951832296,-0.030450742885129944,9.377561324000453,537.2946859903383
62.08225703239441,-1.0680110313652265,-0.030303701408473105,9.379247632456487,537.3913043478262
62.142234325408936,-1.071513097671644,-0.030141181881642,9.377561324000453,537.2946859903383
62.18222784996033,-1.0755149765474785,-0.029945322060488222,9.374188707088388,537.1014492753625
62.2422137260437,-1.0795158133779361,-0.02972921962541214,9.367443473264256,536.7149758454109
62.282209396362305,-1.0835151015429418,-0.029486135731177532,9.360698239440122,536.3285024154591
62.3424117565155,-1.08701355090548,-0.02925868668435977,9.359011930984089,536.2318840579712
62.38223123550415,-1.0910106473669723,-0.028981891662878456,9.352266697159955,535.8454106280194
62.44229006767273,-1.0951719817112444,-0.028661976787856536,9.34383515487979,535.3623188405799
62.482293128967285,-1.0991644171520967,-0.028324552934197833,9.337089921055657,534.9758454106282
62.542236328125,-1.1034869915027725,-0.027929844893231526,9.330344687231523,534.5893719806764
62.5822217464447,-1.1069769265352147,-0.02759632655718869,9.32865837877549,534.4927536231885
62.64232277870178,-1.1109637813773254,-0.027198351590226655,9.321913144951356,534.1062801932367
62.682252168655396,-1.114616506009576,-0.026815057516600904,9.318540528039291,533.913043478261
62.742276191711426,-1.1185998636349646,-0.026383481758878446,9.315167911127224,533.7198067632851
62.78217053413391,-1.122249919782825,-0.025975558109905206,9.311795294215159,533.5265700483093
62.84223246574402,-1.125567522576801,-0.025599123394805134,9.311795294215159,533.5265700483093
62.882197856903076,-1.12971332258195,-0.02511809182684127,9.306736368847059,533.2367149758454
62.942298889160156,-1.1333598096029396,-0.024679407439520185,9.303363751934993,533.0434782608697
62.982256174087524,-1.137170078706538,-0.024204715459554382,9.298304826566895,532.753623188406
63.04228091239929,-1.1406475385383086,-0.023759570393799223,9.296618518110861,532.657004830918
63.082290172576904,-1.144785560864019,-0.023215676760820314,9.291559592742761,532.3671497584542
63.14222812652588,-1.1489198203919355,-0.022643883784379537,9.283128050462595,531.8840579710146
63.18229031562805,-1.1530491119270625,-0.022037253361467057,9.27469650818243,531.4009661835751
63.24229836463928,-1.156844209230716,-0.02145354146894135,9.26963758281433,531.1111111111112
63.28218340873718,-1.1611303500502135,-0.020768384311665944,9.262892348990196,530.7246376811595
63.34228801727295,-1.1649182928878814,-0.020139916192956908,9.257833423622095,530.4347826086956
63.382450580596924,-1.1687030078940148,-0.019492293277960482,9.252774498253997,530.1449275362319
63.442259788513184,-1.1729769860011865,-0.018734959405654283,9.246029264429863,529.7584541062802
63.48221445083618,-1.177245758524301,-0.01794881399885745,9.239284030605731,529.3719806763285
63.54226279258728,-1.181181179495147,-0.017196579069714002,9.232538796781597,528.9855072463768
63.58220362663269,-1.1847851141955787,-0.01648878936863829,9.22916617986953,528.7922705314008
63.64233446121216,-1.1888756761535382,-0.0156603257785079,9.220734637589365,528.3091787439613
63.68226957321167,-1.192797853192329,-0.014841837609517294,9.2173620206773,528.1159420289855
63.74226355552673,-1.1962279355808623,-0.014116981886619862,9.215675712221266,528.0193236714975
63.78223896026611,-1.2004708831218966,-0.013201646090991948,9.208930478397134,527.632850241546
63.842389822006226,-1.204707560032952,-0.012257711662096826,9.202185244573002,527.2463768115942
63.882275342941284,-1.2084503960118345,-0.011400587427895126,9.197126319204902,526.9565217391304
63.94226264953613,-1.212675635667396,-0.010406709513967272,9.190381085380768,526.5700483091787
63.982508182525635,-1.2167309973451985,-0.009420255909236175,9.181949543100602,526.0869565217391
64.04230237007141,-1.2201346871648615,-0.008580150783272678,9.183635851556636,526.183574879227
64.08224201202393,-1.223699714116167,-0.007697034470212583,9.18026323464457,525.9903381642513
64.14226412773132,-1.2274244404797605,-0.0067643519765261395,9.178576926188537,525.8937198067633
64.18225002288818,-1.2313086372778272,-0.005781290004786888,9.17520430927647,525.7004830917874
64.24230408668518,-1.23502859762757,-0.004829776413703191,9.173518000820437,525.6038647342995
64.28223514556885,-1.2392273485724665,-0.003729351969474437,9.163400150084238,525.024154589372
64.3422703742981,-1.242614870291641,-0.002826258611472565,9.165086458540271,525.1207729468599
64.38226628303528,-1.246483700627272,-0.0017843625319658996,9.158341224716139,524.7342995169082
64.44245624542236,-1.2506672247168356,-0.0006273968251406803,9.151595990892007,524.3478260869566
64.4823682308197,-1.2545216477693137,0.0004665951944444746,9.144850757067875,523.9613526570049
64.54228734970093,-1.2572512097582644,0.0012438079260400636,9.149909682435975,524.2512077294688
64.58218097686768,-1.2612652715067219,0.002386767825445446,9.144850757067875,523.9613526570049
64.64226484298706,-1.2652715324659631,0.0035567773034139716,9.13641921478771,523.4782608695654
64.68223142623901,-1.2687926702009118,0.0046012391923525575,9.13641921478771,523.4782608695654
64.7422468662262,-1.27263004672398,0.005753600692316341,9.129673980963577,523.0917874396137
64.7821753025055,-1.2767786894232112,0.007030004707055837,9.122928747139444,522.705314009662
64.8422589302063,-1.2799666234933542,0.008022611254358325,9.122928747139444,522.705314009662
64.88224768638611,-1.2834733509705116,0.00911447845639124,9.122928747139444,522.705314009662
64.94227051734924,-1.2876110842783302,0.010425816142912603,9.112810896403245,522.1256038647343
64.9822645187378,-1.291420188674893,0.011668442113380029,9.10606566257911,521.7391304347826
65.0422945022583,-1.295222958003646,0.012930322075454415,9.102693045667046,521.5458937198068
65.08223557472229,-1.298704908886089,0.014098795283612908,9.099320428754979,521.3526570048309
65.14224600791931,-1.3023420286658332,0.015329584796678897,9.097634120298945,521.2560386473431
65.18220090866089,-1.3059749767866478,0.01657263389834207,9.092575194930845,520.9661835748792
65.2422821521759,-1.309760377248033,0.017885698616222023,9.089202578018778,520.7729468599033
65.28221368789673,-1.3132262485185455,0.01910103722013612,9.085829961106713,520.5797101449275
65.34227967262268,-1.3166880012139641,0.020328057945997458,9.082457344194646,520.3864734299517
65.38223958015442,-1.3207717751441725,0.02179885158946826,9.075712110370512,519.9999999999999
65.44244933128357,-1.3243766023966175,0.023121237160210084,9.070653185002413,519.7101449275362
65.48235511779785,-1.3279746936991084,0.024461842283510338,9.065594259634313,519.4202898550724
65.54227113723755,-1.3317232929974847,0.0258765503476025,9.062221642722248,519.2270531400966
65.58227491378784,-1.335309953170098,0.027247444918262254,9.05716271735415,518.9371980676328
65.64254713058472,-1.338889632222866,0.028636466515234216,9.052103791986049,518.6473429951691
65.68224620819092,-1.3421537389781655,0.029915719461741763,9.050417483530016,518.5507246376811
65.74223971366882,-1.345726345297538,0.031322832536252454,9.048731175073982,518.4541062801932
65.78221344947815,-1.349296573711764,0.03273596812349577,9.047044866617949,518.3574879227052
65.8423113822937,-1.3525541670808796,0.034031717502287284,9.045358558161915,518.2608695652173
65.88224935531616,-1.3562733732541115,0.03552198628589187,9.041985941249848,518.0676328502415
65.94228076934814,-1.3596780189353055,0.036899556382641086,9.038613324337781,517.8743961352656
65.98226928710938,-1.363540300666289,0.03848127345044561,9.033554398969683,517.5845410628018
66.0422887802124,-1.3673891089552155,0.04009549890160247,9.02175023977745,516.9082125603863
66.0824818611145,-1.3712241701884418,0.041742117980043014,9.01669131440935,516.6183574879226
66.14231753349304,-1.374744717693761,0.0432748372565146,9.011632389041251,516.3285024154588
66.18226099014282,-1.3785629226675178,0.04496017396781571,9.006573463673153,516.0386473429951
66.24225735664368,-1.3825234418665893,0.04673633024711943,8.999828229849019,515.6521739130434
66.28227019309998,-1.3864688447287212,0.048545816281938214,8.98971037911282,515.0724637681159
66.34226417541504,-1.3900994057696106,0.05024063843625781,8.986337762200755,514.8792270531401
66.3822808265686,-1.393574573942789,0.05187363852376803,8.984651453744721,514.7826086956521
66.44251346588135,-1.397342902761733,0.053667725189565085,8.976219911464556,514.2995169082125
66.48243188858032,-1.4010959708961706,0.055493520531421314,8.96778836918439,513.8164251207729
66.54255104064941,-1.4046855120482187,0.057273573880100015,8.961043135360256,513.4299516908212
66.58225131034851,-1.4082660021486628,0.059071763593955606,8.95767051844819,513.2367149758453
66.64228820800781,-1.4116900097998937,0.06080947896822897,8.95261159308009,512.9468599033814
66.68223452568054,-1.4154021542581416,0.06271710381949713,8.94755266771199,512.6570048309178
66.74221611022949,-1.4186617353168187,0.0644095703355142,8.944180050799924,512.4637681159419
66.78221082687378,-1.4223576637969777,0.06634842611189928,8.939121125431825,512.1739130434781
66.84239745140076,-1.4260404302620553,0.06831216749399982,8.93068958315166,511.6908212560386
66.88251686096191,-1.4295646980036862,0.07021819280644759,8.927316966239594,511.4975845410628
66.94226026535034,-1.4326442038495568,0.07189375980194357,8.925630657783561,511.40096618357484
66.9822051525116,-1.436010787555822,0.07374026928374544,8.92057173241546,511.11111111111103
67.04224252700806,-1.4393711245581264,0.07559812243957376,8.918885423959427,511.0144927536231
67.08225345611572,-1.4430168333364688,0.07762983515440036,8.913826498591327,510.72463768115927
67.1422655582428,-1.4463613865129479,0.07951595476019935,8.908767573223228,510.43478260869557
67.18235611915588,-1.449555950664401,0.08132815548533368,8.908767573223228,510.43478260869557
67.242267370224,-1.4530342424490044,0.08331684396459604,8.902022339399094,510.0483091787438
67.28222227096558,-1.4559272132247933,0.08498385070836201,8.902022339399094,510.0483091787438
67.34226369857788,-1.4589663072804346,0.08673164598587901,8.903708647855128,510.14492753623176
67.38228464126587,-1.4625772383980118,0.08882454481673263,8.895277105574962,509.66183574879216
67.44229197502136,-1.4660283861516898,0.09085997469483598,8.888531871750828,509.2753623188404
67.48244333267212,-1.469465726048846,0.09291863689097479,8.881786637926696,508.88888888888874
67.54231905937195,-1.47261023855763,0.09481635991292214,8.881786637926696,508.88888888888874
67.58224511146545,-1.475751546450628,0.09671938285217374,8.87841402101463,508.69565217391283
67.6422655582428,-1.4798732066612794,0.09925926267460805,8.866609861822397,508.0193236714974
67.68220233917236,-1.4832645942440605,0.10139277758427012,8.859864627998263,507.6328502415456
67.74223518371582,-1.4866451451828462,0.10354342189625343,8.856492011086198,507.4396135265699
67.78225827217102,-1.4900147729603077,0.10571114056982489,8.849746777262066,507.05314009661816
67.84226727485657,-1.492955174808446,0.10762030739925765,8.848060468806032,506.95652173913027
67.8822853565216,-1.4960339083219438,0.10962298349358546,8.848060468806032,506.95652173913027
67.9422595500946,-1.4993851393300792,0.1118190359375183,8.841315234981899,506.5700483091785
67.98224973678589,-1.5025878348975432,0.1139371068097561,8.839628926525865,506.47342995169055
68.04228401184082,-1.506198147228899,0.1163466894136076,8.832883692701731,506.0869565217388
68.08221769332886,-1.509519448415996,0.11858775032999957,8.829511075789664,505.89371980676293
68.14224100112915,-1.513101066786996,0.12103978077419109,8.819393225053465,505.31400966183537
68.18240427970886,-1.516391833709594,0.12332544231246201,8.816020608141399,505.1207729468595
68.24227261543274,-1.519266186752114,0.1253326731407679,8.814334299685365,505.02415458937156
68.2821888923645,-1.5222720851338842,0.12744309644058216,8.810961682773298,504.8309178743957
68.3423273563385,-1.5255395580308186,0.12976193590768437,8.804216448949164,504.44444444444395
68.38226389884949,-1.529195563608902,0.13239844914060495,8.795784906668999,503.96135265700434
68.44227695465088,-1.5320287132194317,0.13446342959947155,8.794098598212965,503.8647342995164
68.482834815979,-1.5356533429907258,0.13714291422069835,8.782294439020733,503.1884057971009
68.54257655143738,-1.5384619204286003,0.13924119298830906,8.783980747476766,503.2850241545889
68.58246731758118,-1.5411384400590364,0.14123729771031557,8.783980747476766,503.2850241545889
68.64243078231812,-1.5439470174969112,0.14333557647792594,8.782294439020733,503.1884057971009
68.68238997459412,-1.5467520525979483,0.14543858838780466,8.7806081305647,503.091787439613
68.74262809753418,-1.55047548482928,0.14826462935523665,8.7704902798285,502.51207729468547
68.78261828422546,-1.5528629790633641,0.1500894324434664,8.773862896740567,502.7053140096613
68.84263300895691,-1.5561725218826448,0.1526322606679883,8.765431354460402,502.2222222222217
68.88234686851501,-1.559075460126948,0.15488220758640425,8.765431354460402,502.2222222222217
68.94248056411743,-1.5621043905613747,0.15724209392711652,8.760372429092302,501.9323671497579
68.98226475715637,-1.5649959093937134,0.15950669773974113,8.760372429092302,501.9323671497579
69.04243111610413,-1.5678836052960907,0.16177617432285873,8.756999812180236,501.7391304347821
69.0824339389801,-1.5711497996745794,0.16437444746746954,8.74856826990007,501.25603864734256
69.14270496368408,-1.5747807904518194,0.16731831585897694,8.738450419163872,500.676328502415
69.18246340751648,-1.5779982293045007,0.1699767244583708,8.730018876883706,500.1932367149754
69.24245500564575,-1.5811931395736123,0.17266216621428376,8.72158733460354,499.7101449275358
69.2823441028595,-1.584244984396343,0.17525824764296893,8.718214717691476,499.51690821256005
69.34313297271729,-1.5867845366393203,0.1774259343819879,8.718214717691476,499.51690821256005
69.38257074356079,-1.5897029188325185,0.179921235664819,8.716528409235442,499.4202898550721
69.44250512123108,-1.5926128687487444,0.1824263653226869,8.711469483867342,499.1304347826083
69.48242163658142,-1.5953861725217,0.18483428927681,8.708096866955277,498.9371980676325
69.54258060455322,-1.5987722717226678,0.1878095054060258,8.699665324675111,498.4541062801929
69.58231735229492,-1.601516959426723,0.19024999736322168,8.696292707763046,498.26086956521715
69.64272236824036,-1.6046195003415666,0.19304164363805537,8.68786116548288,497.77777777777754
69.6824049949646,-1.607703140512609,0.1958541536109455,8.682802240114782,497.48792270531385
69.7426540851593,-1.610526963207446,0.19845598152719973,8.677743314746682,497.19806763285
69.78239917755127,-1.6134620890399434,0.2011833304146356,8.674370697834616,497.00483091787424
69.8424813747406,-1.6162638741991615,0.20380887474662823,8.669311772466516,496.71497584541044
69.88231468200684,-1.6188139263735977,0.20621472489133708,8.667625464010483,496.6183574879225
69.94262981414795,-1.62124061472172,0.2085080576309148,8.667625464010483,496.6183574879225
69.9825975894928,-1.6241433427562524,0.2112698623966302,8.66088023018635,496.23188405797083
70.04242587089539,-1.6265545069513694,0.2135795114213766,8.66088023018635,496.23188405797083
70.0819661617279,-1.6294385400740754,0.21636083278963486,8.654134996362219,495.8454106280192
70.14243412017822,-1.6322990201322705,0.21916637185424676,8.64401714562602,495.2657004830916
70.18243455886841,-1.6347874079728857,0.2216359481267723,8.642330837169986,495.16908212560367
70.24255681037903,-1.6372716278100894,0.22410971707547933,8.640644528713953,495.07246376811577
70.28269100189209,-1.6404494937247545,0.22730639457606505,8.632212986433787,494.58937198067616
70.34239506721497,-1.6431427541696138,0.23004315019062604,8.630526677977754,494.4927536231882
70.38232588768005,-1.645597600851149,0.2325460702415466,8.62884036952172,494.39613526570025
70.44245624542236,-1.6486238438112075,0.23565770919898038,8.622095135697586,494.00966183574855
70.48251128196716,-1.6512846122725215,0.23842606508523356,8.617036210329488,493.7198067632848
70.54277515411377,-1.6542739149708243,0.2415732086842206,8.610290976505354,493.33333333333303
70.58191323280334,-1.6569018207062782,0.24437277910898986,8.605232051137254,493.0434782608692
70.64250588417053,-1.6598483962419213,0.24755996220185988,8.595114200401055,492.4637681159417
70.6823341846466,-1.6623234050180649,0.25027356555237745,8.59174158348899,492.2705314009659
70.74244046211243,-1.6645650802661605,0.25274805205979756,8.588368966576923,492.07729468599
70.78230309486389,-1.6667983972860274,0.25523008479167275,8.584996349664856,491.88405797101416
70.84235644340515,-1.6692458240135961,0.2579685905884738,8.581623732752789,491.6908212560383
70.88232564926147,-1.6719005966377285,0.260969520097901,8.574878498928655,491.30434782608654
70.94245719909668,-1.6745350670506935,0.2639882882654827,8.568133265104523,490.9178743961349
70.98262572288513,-1.677149115389339,0.26702475774328427,8.561388031280389,490.5314009661831
71.04244351387024,-1.679853366877553,0.2702037627669623,8.55632910591229,490.2415458937194
71.08234930038452,-1.682646226303702,0.2735264694468382,8.549583872088157,489.8550724637676
71.14236617088318,-1.6850994417032283,0.2764803173307356,8.544524946720058,489.5652173913039
71.18236947059631,-1.6876463017619632,0.27957335781666737,8.541152329807991,489.37198067632806
71.24220490455627,-1.6901774818359865,0.28267924304301756,8.534407095983859,488.9855072463764
71.28253173828125,-1.6921751068159383,0.2851431296418594,8.536093404439892,489.0821256038643
71.34245586395264,-1.6941768838264684,0.2876036441272042,8.537779712895926,489.17874396135227
71.38213300704956,-1.6968053377474575,0.2908456001783118,8.532720787527827,488.8888888888886
71.44240808486938,-1.6993102407577492,0.29397271650416607,8.525975553703695,488.50241545893687
71.48231363296509,-1.7016981176082568,0.2969796297494201,8.524289245247662,488.40579710144897
71.54235124588013,-1.7037679118210738,0.2995995807623049,8.520916628335597,488.21256038647317
71.58245182037354,-1.7060398223702162,0.30248536211968785,8.520916628335597,488.21256038647317
71.6423761844635,-1.7084073627197789,0.30550831362622444,8.515857702967498,487.9227053140095
71.6823103427887,-1.7108591792590133,0.30867722373292245,8.509112469143364,487.5362318840577
71.74242877960205,-1.713492097301423,0.3121280476978153,8.50236723531923,487.14975845410595
71.78233098983765,-1.715710090579431,0.31505547274461654,8.50236723531923,487.14975845410595
71.84244751930237,-1.7181243308541454,0.31825310303943516,8.498994618407163,486.9565217391301
71.881671667099,-1.7204250384715198,0.32132722528440727,8.493935693039063,486.66666666666623
71.94235324859619,-1.722710164959593,0.32441294725036357,8.488876767670963,486.3768115942024
71.98231911659241,-1.724979651835874,0.32751018996543574,8.483817842302864,486.0869565217387
72.04230189323425,-1.7272334410181307,0.3306188741629093,8.478758916934764,485.7971014492749
72.08237910270691,-1.7295660347563508,0.33387654235638886,8.472013683110632,485.41062801932327
72.14235782623291,-1.7318821184159494,0.3371459692309543,8.468641066198565,485.21739130434736
72.18236565589905,-1.7339950754012339,0.3401500871321471,8.465268449286498,485.0241545893715
72.24239802360535,-1.7365664446317888,0.34385219992006955,8.456836907006332,484.5410628019319
72.2823417186737,-1.738643794148568,0.3468810496309439,8.453464290094265,484.347826086956
72.34237837791443,-1.740710916720512,0.3499168882067717,8.4500916731822,484.15458937198025
72.38237953186035,-1.7432258058391998,0.35365759823764076,8.441660130902035,483.67149758454065
72.44245767593384,-1.7453519710258276,0.3568549259838759,8.439973822446001,483.5748792270527
72.48229742050171,-1.74774020343441,0.3604793968993778,8.43322858862187,483.18840579710104
72.5424656867981,-1.7498339102602982,0.36369807284530725,8.428169663253769,482.89855072463723
72.58247113227844,-1.7518235893606973,0.36678522179917417,8.424797046341702,482.7053140096613
72.6423499584198,-1.7542494740016747,0.37058425621899815,8.419738120973602,482.4154589371975
72.68233227729797,-1.7562995701840887,0.3738308835090527,8.414679195605501,482.1256038647337
72.7424304485321,-1.75833870509771,0.3770844065106194,8.412992887149468,482.02898550724575
72.78239822387695,-1.7603668555483303,0.3803447882163903,8.407933961781367,481.73913043478194
72.84276247024536,-1.762553410483504,0.38389978843686057,8.402875036413267,481.44927536231813
72.88235878944397,-1.7645539991225379,0.38717715448523615,8.401188727957233,481.3526570048302
72.94241070747375,-1.7662912379079314,0.390028503779141,8.401188727957233,481.3526570048302
72.98223543167114,-1.7683701515837837,0.39345363348978674,8.397816111045167,481.1594202898543
73.04258465766907,-1.77018161446837,0.39645521361180786,8.396129802589133,481.06280193236637
73.08271861076355,-1.7719930773529564,0.3994567937338289,8.397816111045167,481.1594202898543
73.14234900474548,-1.7738045402375429,0.40245837385585004,8.396129802589133,481.06280193236637
73.18233370780945,-1.7760316170993515,0.40618403783778967,8.389384568765,480.6763285024146
73.24283790588379,-1.7779054239305236,0.4093428603312798,8.389384568765,480.6763285024146
73.28230571746826,-1.779861618666458,0.4126469162134917,8.387698260308966,480.5797101449267
73.34268593788147,-1.7818066589833688,0.4159575507875983,8.382639334940865,480.28985507246284
73.3823893070221,-1.7835774655426175,0.4189832945211067,8.384325643396899,480.3864734299508
73.44239354133606,-1.7854352682168455,0.42215155600172305,8.384325643396899,480.3864734299508
73.48239660263062,-1.7877793149074017,0.4261957988534094,8.3742077926607,479.8067632850233
73.54234743118286,-1.789679517581474,0.4295323708839707,8.369148867292601,479.51690821255954
73.58242917060852,-1.7916476423875254,0.4330223394159491,8.365776250380534,479.3236714975837
73.64240455627441,-1.7933671762219858,0.4360775127994563,8.367462558836568,479.42028985507164
73.68228697776794,-1.7954081041116607,0.43971807077883535,8.36240363346847,479.1304347826079
73.74256443977356,-1.7975082859399882,0.44351671260752684,8.355658399644335,478.74396135265613
73.7823257446289,-1.799512275370969,0.4471777336963206,8.353972091188302,478.64734299516823
73.84254741668701,-1.8013502633068454,0.45054897730443405,8.352285782732269,478.5507246376803
73.88232278823853,-1.803176870897941,0.45392640055683026,8.347226857364168,478.26086956521647
73.94238901138306,-1.8049920773674457,0.4573099650368936,8.345540548908135,478.1642512077285
73.98225355148315,-1.8065680364612913,0.4602535248422746,8.345540548908135,478.1642512077285
74.04239296913147,-1.8086855228491703,0.46423269940636336,8.340481623540036,477.8743961352648
74.08271622657776,-1.8103971980822893,0.46748223467809874,8.33710900662797,477.6811594202889
74.14244818687439,-1.8121780778241559,0.4708839916451214,8.335422698171936,477.58454106280095
74.18237400054932,-1.8136492393500458,0.4736941387048357,8.33710900662797,477.6811594202889
74.24242877960205,-1.8152752599839237,0.4768000907182039,8.335422698171936,477.58454106280095
74.28232669830322,-1.817050400784884,0.48020484595969265,8.333736389715902,477.48792270531305
74.34259057044983,-1.8187401183700809,0.4834658528698668,8.330363772803835,477.29468599033714
74.38242745399475,-1.8203451517999003,0.486582702032131,8.328677464347802,477.1980676328492
74.44244885444641,-1.8221704596283965,0.490149443813873,8.325304847435737,477.00483091787345
74.48230195045471,-1.8237597046796308,0.49327437280158937,8.323618538979703,476.9082125603855
74.54242610931396,-1.8254887536044504,0.49670276498062277,8.318559613611605,476.6183574879218
74.58227491378784,-1.8273492784883008,0.5004387382418556,8.313500688243504,476.328502415458
74.64246535301208,-1.8291202465417156,0.5040327704843619,8.31012807133144,476.1352657004822
74.682377576828,-1.8308087066594314,0.507481333307997,8.308441762875406,476.03864734299424
74.74250316619873,-1.8323450323099497,0.5106326163017478,8.306755454419372,475.9420289855063
74.78231501579285,-1.8341613285752505,0.5143902907060474,8.301696529051274,475.6521739130426
74.8417911529541,-1.835676363296438,0.5175518648084115,8.30001022059524,475.55555555555463
74.88250851631165,-1.8372551595623388,0.5208679941690821,8.296637603683173,475.3623188405788
74.94242691993713,-1.838959159653654,0.5244942566106592,8.28989236985904,474.975845410627
74.98225474357605,-1.8405716206987521,0.5279790022966048,8.284833444490939,474.6859903381632
75.04259157180786,-1.8422388442146773,0.5316223196523042,8.281460827578872,474.4927536231873
75.08233952522278,-1.8435562971254877,0.53450772440039,8.283147136034906,474.58937198067525
75.14240884780884,-1.8448786138432403,0.537390903415025,8.284833444490939,474.6859903381632
75.18232345581055,-1.846070432876574,0.539966585008985,8.28989236985904,474.975845410627
75.24240136146545,-1.847615596802328,0.5432985183859409,8.286519752946973,474.78260869565116
75.28233695030212,-1.8492828203182532,0.5469418357416402,8.279774519122839,474.3961352656994
75.34242939949036,-1.8508658426155753,0.5504400529338482,8.278088210666805,474.29951690821144
75.38233733177185,-1.8523112108000863,0.5536340773267335,8.279774519122839,474.3961352656994
75.44260168075562,-1.8538942330974086,0.5571322945189413,8.278088210666805,474.29951690821144
75.4823203086853,-1.8552068184549217,0.5600199167954386,8.283147136034906,474.58937198067525
75.54257559776306,-1.8568016298732712,0.5635127751747003,8.281460827578872,474.4927536231873
75.58228349685669,-1.8583846521705936,0.5670109923669082,8.276401902210772,474.2028985507235
75.64237594604492,-1.859955867340747,0.5705145285814717,8.274715593754738,474.1062801932356
75.6824402809143,-1.8616508566572083,0.5743284583486749,8.269656668386638,473.8164251207717
75.74239945411682,-1.8632625964781138,0.5779966582281932,8.266284051474571,473.6231884057959
75.78228378295898,-1.864988522114907,0.5819793236862734,8.259538817650437,473.2367149758441
75.84243559837341,-1.866437546903935,0.5853541775715121,8.259538817650437,473.2367149758441
75.88231635093689,-1.867886571692963,0.5887290314567508,8.259538817650437,473.2367149758441
75.94264101982117,-1.8693355964819909,0.5921038853419895,8.259538817650437,473.2367149758441
75.9823260307312,-1.8709660332354212,0.5959458542441461,8.251107275370272,472.7536231884045
76.04251861572266,-1.8725705181159635,0.5997987333390808,8.246048350002173,472.4637681159408
76.08234405517578,-1.8741489781227545,0.6036623473284743,8.237616807722008,471.9806763285012
76.14234352111816,-1.8757013414390096,0.6075365204255909,8.232557882353909,471.6908212560375
76.18229484558105,-1.8772340858217405,0.6114184972041516,8.227498956985809,471.40096618357364
76.24236583709717,-1.8786897964953737,0.6151513650080074,8.224126340073742,471.2077294685978
76.28233981132507,-1.880246338307732,0.6192032313731662,8.217381106249608,470.821256038646
76.34241318702698,-1.881657885221986,0.62295302215603,8.210635872425476,470.4347826086944
76.3823230266571,-1.8830504442428113,0.626709905835346,8.207263255513409,470.2415458937185
76.44241094589233,-1.8844239797309017,0.630473786262425,8.200518021689277,469.8550724637668
76.48237538337708,-1.885611928442936,0.6337722190522089,8.198831713233243,469.7584541062789
76.54235291481018,-1.8870129018080923,0.6377036720510629,8.193772787865143,469.4685990338151
76.58227634429932,-1.8881257213523064,0.6408516593533471,8.193772787865143,469.4685990338151
76.64259648323059,-1.889185421070096,0.6438413548630265,8.195459096321176,469.565217391303
76.68239283561707,-1.8905144324543715,0.6476211861220723,8.188713862497043,469.17874396135124
76.74235677719116,-1.8917727861423392,0.6512488615642327,8.18702755404101,469.08212560386335
76.78229331970215,-1.892967647849085,0.65472184545243,8.183654937128942,468.88888888888744
76.84241533279419,-1.8942583480919104,0.6585149297501439,8.180282320216875,468.6956521739116
76.88210320472717,-1.8953849120175972,0.6618348295577414,8.181968628672909,468.79227053139954
76.94233703613281,-1.8966187677457302,0.6654709102993959,8.180282320216875,468.6956521739116
76.98228311538696,-1.8978464901687493,0.6691090665315677,8.178596011760842,468.5990338164236
77.04250597953796,-1.8990680757954603,0.6727492879086667,8.176909703304808,468.5024154589357
77.08232951164246,-1.9002773774257815,0.6763936085153885,8.17185077793671,468.212560386472
77.14239430427551,-1.9012213823204385,0.6792464824676443,8.175223394848777,468.40579710144783
77.1823000907898,-1.9024306839507599,0.682890803074366,8.173537086392743,468.30917874395993
77.24236536026001,-1.9036765211416264,0.6866988583917488,8.166791852568611,467.9227053140083
77.28224778175354,-1.9049030778048663,0.6905131675504632,8.163419235656544,467.7294685990324
77.3426513671875,-1.906021523723713,0.6940115086305385,8.163419235656544,467.7294685990324
77.38186478614807,-1.9072757144262895,0.6979922189608245,8.154987693376379,467.24637681159277
77.44237756729126,-1.9084571619705233,0.701820740517067,8.151615076464312,467.0531400966169
77.48228931427002,-1.909619226274349,0.7056551899117214,8.14486984264018,466.66666666666526
77.54233479499817,-1.9108061147845068,0.7096564827923453,8.139810917272081,466.3768115942015
77.58233547210693,-1.9118357231251188,0.7131819924364773,8.136438300360014,466.18357487922566
77.64235019683838,-1.9128534354391653,0.7167109544980141,8.133065683447947,465.9903381642498
77.68226361274719,-1.9139930104595664,0.7207259785110123,8.128006758079849,465.70048309178605
77.74243116378784,-1.915028955692513,0.7244233154705023,8.126320449623815,465.6038647342981
77.78225898742676,-1.9160936676371008,0.728285929103969,8.119575215799683,465.21739130434645
77.8423855304718,-1.9171388253665296,0.7321538795854265,8.116202598887616,465.0241545893706
77.88252663612366,-1.9180390622006012,0.7355421615473839,8.111143673519518,464.7342995169069
77.94259858131409,-1.9189731857944448,0.7390941644608611,8.111143673519518,464.7342995169069
77.98229432106018,-1.9199403733850766,0.7428100804020796,8.106084748151417,464.44444444444304
78.04255700111389,-1.9208505168200263,0.7463683033453119,8.10271213123935,464.2512077294672
78.08235502243042,-1.9217546587023238,0.7499280560112427,8.10271213123935,464.2512077294672
78.14240217208862,-1.9226527964609195,0.7534893282772328,8.099339514327283,464.0579710144913
78.18233394622803,-1.9235015083965177,0.7568908821958877,8.09765320587125,463.9613526570034
78.24243831634521,-1.9244982167205915,0.7609437357053053,8.09259428050315,463.67149758453957
78.28224968910217,-1.925402607963011,0.7646754323165413,8.090907972047116,463.5748792270516
78.34255862236023,-1.9264421095776088,0.7690614345061884,8.08247642976695,463.091787439612
78.3826470375061,-1.9273771962266735,0.7731289475068825,8.077417504398852,462.8019323671483
78.4423668384552,-1.9282518173943628,0.7770389901434049,8.070672270574718,462.41545893719655
78.48230409622192,-1.9290741915938097,0.7807896145972473,8.068985962118685,462.3188405797086
78.54236960411072,-1.9299859496053426,0.7850333323992612,8.062240728294553,461.93236714975694
78.58224487304688,-1.9307766713993304,0.7887907573369268,8.06055441983852,461.835748792269
78.64228701591492,-1.931554716365405,0.792550827701753,8.05549549447042,461.5458937198053
78.68180799484253,-1.9323797306868526,0.7966420867281996,8.05043656910232,461.2560386473415
78.7424328327179,-1.9331771299505434,0.8007388175548882,8.042005026822155,460.7729468599019
78.782301902771,-1.9338916609159176,0.8045114729350146,8.040318718366121,460.6763285024139
78.84250736236572,-1.9346272983754291,0.8084500301752431,8.036946101454054,460.48309178743807
78.88233184814453,-1.9353227346968263,0.8122262520226134,8.035259792998021,460.3864734299501
78.94233250617981,-1.9360054313375692,0.8160047978294543,8.03020086762992,460.0966183574863
78.9822781085968,-1.9367769200969507,0.8204457868981742,8.021769325349755,459.6135265700467
79.04237079620361,-1.9373902799059342,0.8240669885399847,8.021769325349755,459.6135265700467
79.08232235908508,-1.9381242972991197,0.8285143245156943,8.01333778306959,459.1304347826071
79.14230251312256,-1.93877615155972,0.8326367188533349,8.008278857701491,458.8405797101434
79.18251252174377,-1.93952081571761,0.8375893854004529,7.998161006965292,458.26086956521584
79.24250674247742,-1.940110032653275,0.8417211976487047,7.9931020815971925,457.9710144927521
79.28231549263,-1.9406328750520652,0.8455251586032496,7.988043156229093,457.68115942028834
79.34232807159424,-1.9411802574823207,0.8496627208719196,7.9829842308609935,457.39130434782453
79.38234519958496,-1.941716865807499,0.8539699815977259,7.9728663801247945,456.811594202897
79.44232749938965,-1.9422326045239773,0.8584478820422052,7.964434837844629,456.3285024154574
79.48235440254211,-1.9426526346549344,0.862264563559802,7.962748529388596,456.23188405796947
79.54235792160034,-1.9430808516748255,0.8662482836541695,7.9593759124765295,456.03864734299367
79.5824363231659,-1.9434610658023552,0.8699013301640233,7.9560032955644635,455.8454106280178
79.64240837097168,-1.9438289574644223,0.8735556382121917,7.952630678652397,455.65217391304196
79.68237781524658,-1.9441845224764307,0.8772111662326239,7.949258061740331,455.4589371980661
79.74238634109497,-1.9445336872819008,0.8810349820043755,7.940826519460165,454.9758454106265
79.78228807449341,-1.944857051808324,0.8848610659685258,7.935767594092066,454.68599033816275
79.84180068969727,-1.9451709062500468,0.8888554233631265,7.929022360267933,454.29951690821105
79.88233613967896,-1.9454732751009258,0.8930180694122274,7.923963434899833,454.0096618357473
79.94263792037964,-1.9457095726077915,0.8965159322596519,7.918904509531734,453.71980676328354
79.98228573799133,-1.9459340718417402,0.9000145721532538,7.9172182010757,453.6231884057956
80.04239511489868,-1.9461805276658957,0.9040136539395058,7.913845584163633,453.42995169081973
80.08237171173096,-1.946394080819995,0.9076802199945908,7.910472967251567,453.2367149758439
80.14262628555298,-1.9466068098561673,0.9116812376105934,7.903727733427434,452.8502415458922
80.18239164352417,-1.9467728381496916,0.9150159978717033,7.903727733427434,452.8502415458922
80.24267148971558,-1.9469492832379616,0.9186845369156215,7.900355116515367,452.6570048309163
80.28235006332397,-1.9471147554886874,0.9221864649482034,7.902041424971401,452.7536231884042
80.3423810005188,-1.9472895190034583,0.9260222100950531,7.896982499603301,452.46376811594047
80.38233041763306,-1.9474474030478068,0.9296915948138402,7.896982499603301,452.46376811594047
80.44232153892517,-1.9476061387651753,0.9336951180844637,7.890237265779168,452.07729468598876
80.48234915733337,-1.947733078991672,0.9373657035643052,7.8868646488671015,451.8840579710129
80.54247903823853,-1.9478484791975788,0.9407025994550704,7.890237265779168,452.07729468598876
80.5823302268982,-1.9479726035641325,0.9442062367297854,7.888550957323135,451.9806763285008
80.64229393005371,-1.9481063026792516,0.948377708124712,7.8834920319550355,451.69082125603705
80.68230128288269,-1.9482177702092314,0.9523828261749264,7.880119415042969,451.4975845410612
80.742422580719,-1.9483157294020021,0.9563882973835293,7.8767467981309025,451.30434782608535
80.78245425224304,-1.948392578202212,0.9598932902898061,7.875060489674869,451.2077294685974
80.84234428405762,-1.9484699917584114,0.9640661857106608,7.87000156430677,450.91787439613364
80.88235926628113,-1.9485217898644125,0.9679055606694127,7.86494263893867,450.6280193236699
80.94286227226257,-1.9485620464161155,0.9715781198583124,7.86494263893867,450.6280193236699
80.98232889175415,-1.9485924502826653,0.9755846733911249,7.858197405114538,450.24154589371824
81.04248356819153,-1.9486054001774105,0.9794243759079746,7.856511096658505,450.1449275362303
81.08233666419983,-1.9486138457679445,0.9827632559695114,7.856511096658505,450.1449275362303
81.14236211776733,-1.9486172240073603,0.9867699234368575,7.853138479746438,449.9516908212544
81.18238735198975,-1.9486107490507811,0.9906096423318567,7.851452171290405,449.85507246376653
81.24278807640076,-1.9485989252338394,0.9941154576733281,7.8497658628343725,449.75845410627863
81.2823097705841,-1.948575277692419,0.9981220567798246,7.846393245922306,449.5652173913027
81.34235048294067,-1.9485516301930261,1.0016278123056586,7.848079554378339,449.6618357487907
81.38229703903198,-1.9485389618312412,1.0046327872708132,7.851452171290406,449.8550724637666
81.44233393669128,-1.9485153142898206,1.0086393863773098,7.844706937466273,449.4685990338149
81.48231673240662,-1.948481250860035,1.0123120082294308,7.844706937466273,449.4685990338149
81.54238104820251,-1.9484409943083318,1.0159845674183305,7.841334320554207,449.27536231883903
81.5823540687561,-1.9483835661979645,1.0199908247264091,7.83796170364214,449.0821256038632
81.64234375953674,-1.9483244498030334,1.0234961615523068,7.836275395186107,448.9855072463752
81.68239712715149,-1.9482653334081022,1.0270014983782045,7.83796170364214,449.0821256038632
81.74236369132996,-1.9481943940788071,1.0310075392189788,7.834589086730073,448.88888888888727
81.78231906890869,-1.9481296485406612,1.0343458021517957,7.834589086730073,448.88888888888727
81.8427369594574,-1.948064621153454,1.037851034305314,7.836275395186106,448.98550724637516
81.88230895996094,-1.9479995937662467,1.0413562664588323,7.834589086730073,448.88888888888727
81.94291758537292,-1.9479345663790393,1.0448614986123508,7.836275395186106,448.98550724637516
81.98233151435852,-1.9478695389918321,1.048366730765869,7.834589086730073,448.88888888888727
82.04239749908447,-1.9477983188998715,1.0520388199919677,7.834589086730073,448.88888888888727
82.08236408233643,-1.9477206246867709,1.055877758221078,7.83290277827404,448.7922705313993
82.14267182350159,-1.9476221018447235,1.06005020861643,7.82784385290594,448.50241545893556
82.18234992027283,-1.9475334325056306,1.0635549224078045,7.829530161361973,448.59903381642346
82.2425606250763,-1.9474436365789245,1.0672266043490233,7.829530161361973,448.59903381642346
82.282386302948,-1.9473549672398316,1.0707313181403977,7.827843852905939,448.5024154589355
82.34255123138428,-1.9472800898798752,1.0739023804408647,7.832902778274039,448.79227053139925
82.38231539726257,-1.9471959221463115,1.0777411821953584,7.831216469818006,448.6956521739114
82.44236946105957,-1.9471052811316283,1.081579836559082,7.829530161361973,448.59903381642346
82.48237133026123,-1.9470081670935742,1.0854183326163016,7.827843852905939,448.5024154589355
82.54235196113586,-1.9468981078556562,1.0892564793151427,7.82278492753784,448.21256038647175
82.58231449127197,-1.9467835478063,1.0929274720393276,7.82278492753784,448.21256038647175
82.64233589172363,-1.946642814497123,1.0970987120453406,7.81772600216974,447.922705314008
82.6823263168335,-1.9465186901305693,1.1006023493200556,7.819412310625774,448.0193236714959
82.74235653877258,-1.9463855603481584,1.1042727155207177,7.816039693713707,447.82608695652004
82.78232789039612,-1.9462268246307897,1.108276238791341,7.81266707680164,447.63285024154413
82.8424141407013,-1.9460790704144972,1.1117789591202731,7.8109807683456065,447.53623188405624
82.88226413726807,-1.9458778557622303,1.116114850737742,7.8042355345214744,447.1497584541046
82.9423177242279,-1.945677223421445,1.1199493298133802,7.799176609153375,446.8599033816408
82.98229718208313,-1.9454760373811233,1.123616595247339,7.799176609153375,446.8599033816408
83.0423469543457,-1.9452430703039243,1.1276164854892499,7.792431375329242,446.47342995168907
83.08227133750916,-1.9449898711479474,1.1316151459891932,7.789058758417175,446.2801932367132
83.14226531982422,-1.9447454111442226,1.1352797811541864,7.785686141505109,446.08695652173736
83.1822395324707,-1.9445175571819628,1.1386108881721624,7.785686141505109,446.08695652173736
83.24223756790161,-1.9443091012171134,1.141775977245664,7.790745066873209,446.3768115942012
83.28240513801575,-1.9440348170528374,1.14594056813185,7.785686141505109,446.08695652173736
83.3425612449646,-1.9437630960473022,1.149770666147936,7.78062721613701,445.7971014492736
83.38238954544067,-1.943518393250822,1.1531005778486758,7.78062721613701,445.7971014492736
83.44232320785522,-1.9432644034160833,1.1565972005299203,7.782313524593042,445.8937198067615
83.48227548599243,-1.942964022171098,1.1605925937163357,7.775568290768909,445.5072463768098
83.5423686504364,-1.942626566957684,1.1647525423976317,7.77050936540081,445.21739130434605
83.58232259750366,-1.9422857769855406,1.1687446919190396,7.767136748488744,445.0241545893702
83.64241075515747,-1.9419132593994455,1.1729016474997653,7.762077823120644,444.73429951690645
83.68209910392761,-1.94155764696061,1.1767248690354626,7.760391514664611,444.6376811594185
83.74229121208191,-1.9412144126430468,1.18038157544823,7.760391514664611,444.6376811594185
83.78226590156555,-1.9408650124814777,1.1840376978631693,7.757018897752545,444.4444444444427
83.84244298934937,-1.9404504552242259,1.1881906716570352,7.751959972384445,444.1545893719789
83.88230180740356,-1.9400561788625836,1.1920100995288931,7.750273663928413,444.05797101449105
83.94230532646179,-1.9395922770910352,1.1963257962977916,7.743528430104281,443.67149758453934
83.98227429389954,-1.93904569247532,1.2009681771943561,7.730037962456015,442.8985507246359
84.04236841201782,-1.9386152114966537,1.204447482748364,7.731724270912047,442.9951690821238
84.08225655555725,-1.9379964385765571,1.2092491691685532,7.719920111719816,442.3188405797084
84.14240050315857,-1.9374993965101943,1.2128881608929452,7.716547494807749,442.1256038647325
84.18159866333008,-1.9369437832651197,1.2168561187465885,7.713174877895682,441.93236714975666
84.24237370491028,-1.9362565593108327,1.2214797729689084,7.699684410247416,441.15942028985324
84.28228044509888,-1.9356341162243444,1.2254377977553996,7.696311793335349,440.9661835748774
84.34242916107178,-1.9349916578362547,1.2293926230139873,7.689566559511217,440.5797101449257
84.38228249549866,-1.9343292005887907,1.2333441475301297,7.68619394259915,440.38647342994983
84.44236946105957,-1.933684769002076,1.237129407236903,7.684507634143117,440.2898550724619
84.48221707344055,-1.9329704275582043,1.2412414341523843,7.679448708775017,439.9999999999981
84.54235935211182,-1.9323587348151876,1.244693493392792,7.677762400318985,439.9033816425102
84.58224940299988,-1.9317148648552394,1.2483093948102262,7.677762400318985,439.9033816425102
84.64236974716187,-1.9309728032892144,1.252416509817662,7.672703474950885,439.6135265700465
84.6826274394989,-1.9302773669678177,1.2561927316650328,7.6710171664948525,439.5169082125586
84.74242353439331,-1.929507619041962,1.2602947478988764,7.665958241126753,439.2270531400948
84.7823166847229,-1.9288552212040113,1.2637393462894269,7.6676445495827865,439.3236714975828
84.84260606765747,-1.928099668375816,1.2676741316114233,7.660899315758654,438.9371980676311
84.88244247436523,-1.9272884569696704,1.2717681498217654,7.655840390390554,438.64734299516726
84.94236373901367,-1.9265294437939384,1.2755321081260964,7.6541540819345215,438.55072463767937
84.98242115974426,-1.9257640845056756,1.2792947811490347,7.652467773478488,438.45410628019147
85.042409658432,-1.9250289673904977,1.282893241154773,7.652467773478488,438.45410628019147
85.08237910270691,-1.9241081682003836,1.2873056903234126,7.6440362311983225,437.97101449275186
85.14236092567444,-1.9231964101888512,1.2915494081254266,7.640663614286256,437.77777777777595
85.1823935508728,-1.9222631952844094,1.2957884591273436,7.633918380462124,437.3913043478243
85.24257850646973,-1.9212197396949462,1.300344955101636,7.623800529725925,436.8115942028968
85.28227186203003,-1.9201728434092553,1.3047291981356552,7.615368987445758,436.32850241545714
85.34186291694641,-1.9191327132533007,1.3089432902933327,7.608623753621625,435.94202898550543
85.38227462768555,-1.9181529266075605,1.3128283145835042,7.605251136709559,435.74879227052963
85.44281125068665,-1.9172870173983552,1.316225531422706,7.603564828253526,435.6521739130417
85.48144292831421,-1.9161972170469914,1.3204270524150246,7.596819594429393,435.26570048309
85.54247570037842,-1.9151255065302397,1.3244607214173547,7.591760669061293,434.9758454106262
85.58236622810364,-1.9142138474606707,1.3278459479610318,7.590074360605261,434.8792270531383
85.64256238937378,-1.9131149534899945,1.3318722963182021,7.585015435237161,434.58937198067457
85.68232870101929,-1.9119474094276177,1.336052880525838,7.578270201413028,434.20289855072286
85.74245047569275,-1.9108436712989267,1.3399045240386345,7.571524967588896,433.81642512077116
85.782386302948,-1.9096198371518498,1.3440689775964463,7.564779733764764,433.4299516908195
85.84248471260071,-1.9083679408457905,1.348225081432204,7.558034499940632,433.04347826086786
85.88230443000793,-1.907296789525581,1.3517381920816343,7.558034499940632,433.04347826086786
85.94276332855225,-1.906121799726364,1.355568700478457,7.554661883028565,432.850241545892
85.98263812065125,-1.9049274467892672,1.3593932156984607,7.547916649204433,432.46376811594035
86.04243850708008,-1.9036056470669938,1.3635276187930951,7.541171415380301,432.0772946859887
86.08235049247742,-1.9024147971786292,1.3671780105064677,7.536112490012202,431.7874396135249
86.14241671562195,-1.9012116427134576,1.3708243651862286,7.534426181556169,431.690821256037
86.1823661327362,-1.8998341899288884,1.3749405609154195,7.527680947732037,431.30434782608535
86.24242162704468,-1.8987076260032019,1.3782604607230171,7.5259946392760035,431.20772946859745
86.2822892665863,-1.8973531566607875,1.3822081767528926,7.520935713907904,430.91787439613364
86.34240961074829,-1.8961465887275475,1.3856771110861428,7.517563096995838,430.72463768115784
86.38224267959595,-1.8947588825898372,1.389613266663281,7.5125041716277385,430.4347826086941
86.44281220436096,-1.8934107664093571,1.393386326213609,7.5091315547156725,430.24154589371824
86.48240804672241,-1.8918691097572482,1.39762199305383,7.500700012435507,429.75845410627863
86.54258298873901,-1.890291795122796,1.401844510947017,7.492268470155341,429.275362318839
86.58232736587524,-1.888615519324872,1.4062080593402648,7.482150619419142,428.69565217391147
86.64188981056213,-1.8871535159574342,1.4099384670606077,7.478778002507076,428.5024154589356
86.68245720863342,-1.8858715113205569,1.4132014940482633,7.480464310963109,428.59903381642357
86.74247002601624,-1.884396935055607,1.4169269497848465,7.473719077138977,428.2125603864719
86.78229117393494,-1.8829035309376865,1.4206448981097928,7.47034646022691,428.01932367149607
86.84234309196472,-1.8814573438186841,1.424201866753808,7.465287534858811,427.72946859903226
86.88228154182434,-1.8798593583589454,1.4280574460257902,7.456855992578644,427.24637681159265
86.94248461723328,-1.8783034734652722,1.4317496835322399,7.453483375666577,427.05314009661674
86.98240661621094,-1.8765909896236943,1.4357381472147948,7.443365524930378,426.47342995168924
87.04235363006592,-1.8749854378079327,1.439409059768002,7.439992908018311,426.28019323671333
87.0823233127594,-1.8732259939052565,1.4433770316187164,7.433247674194179,425.8937198067617
87.14238977432251,-1.8714398253331945,1.447333045431496,7.426502440370047,425.50724637681003
87.18234753608704,-1.8699115371102637,1.4506727530075538,7.42312982345798,425.3140096618342
87.24234437942505,-1.8680854342889175,1.4546104924530476,7.416384589633848,424.92753623188247
87.28229522705078,-1.8663814341976028,1.4582367548946247,7.413011972721782,424.7342995169067
87.34278631210327,-1.8647337981512082,1.4617050078519935,7.407953047353683,424.4444444444429
87.38229417800903,-1.86299928400616,1.4653167742186097,7.404580430441617,424.25120772946707
87.44238567352295,-1.861176653728181,1.4690713804458817,7.399521505073517,423.9613526570033
87.482337474823,-1.8594178170176787,1.472671365033652,7.399521505073517,423.9613526570033
87.54250836372375,-1.8574992682931455,1.476564899963034,7.392776271249385,423.57487922705167
87.58230471611023,-1.8559417216130514,1.4797057484710763,7.394462579705419,423.67149758453957
87.64237475395203,-1.854003500420303,1.4835895278240656,7.387717345881287,423.2850241545879
87.68238043785095,-1.8521902322036703,1.4871624053731767,7.3809721120571545,422.89855072463627
87.7423746585846,-1.8503589123464528,1.4907260640530946,7.377599495145088,422.7053140096604
87.78229928016663,-1.848355477331233,1.4945766083775394,7.370854261320956,422.31884057970876
87.84243655204773,-1.8464881952587389,1.4981215559467054,7.3674816444088895,422.1256038647329
87.88226771354675,-1.844533775569236,1.5018092778355359,7.365795335952856,422.02898550724495
87.94249629974365,-1.8425669297454086,1.5054903872549048,7.360736410584757,421.7391304347812
87.98236203193665,-1.8405814867116088,1.5091614994857707,7.355677485216657,421.44927536231745
88.04247403144836,-1.8386606208745437,1.5126777005668224,7.352304868304591,421.2560386473416
88.08228850364685,-1.8363988865978833,1.5167685456131057,7.345559634480459,420.86956521738995
88.14236235618591,-1.8343579587082084,1.5204091035924852,7.3405007091123595,420.5797101449262
88.18238496780396,-1.8322130844643805,1.5241826904714226,7.333755475288227,420.1932367149745
88.24236965179443,-1.8301293260346732,1.5277989039411586,7.328696549920127,419.90338164251074
88.28228902816772,-1.8278525747442103,1.5316891458842408,7.320265007639961,419.4202898550711
88.34237265586853,-1.8258963800082761,1.5349932017664527,7.318578699183927,419.3236714975831
88.38232684135437,-1.8236693031464672,1.5387188657483923,7.311833465359795,418.93719806763147
88.44234704971313,-1.8215067770791364,1.5422885338086174,7.306774539991696,418.6473429951677
88.48248600959778,-1.8194163235981327,1.5457066326735056,7.303401923079629,418.4541062801918
88.54235744476318,-1.8170483732157197,1.5495420452720108,7.298342997711529,418.16425120772806
88.58234548568726,-1.8151965836738486,1.552518915525106,7.296656689255496,418.0676328502401
88.64256072044373,-1.8129860993547247,1.5560590861603973,7.294970380799462,417.9710144927522
88.6823000907898,-1.8104803405956689,1.560005176399145,7.2814799131511965,417.1980676328488
88.74236607551575,-1.8081166102354185,1.563645673925412,7.2747346793270635,416.8115942028971
88.78234505653381,-1.8059177329678238,1.566995052131654,7.2713620624149975,416.61835748792123
88.84237861633301,-1.803707572057663,1.570336995332486,7.2679894455029315,416.42512077294543
88.88227581977844,-1.8013848150622858,1.5738045375445582,7.259557903222765,415.9420289855058
88.94234251976013,-1.7992264091705124,1.5769801897805618,7.254498977854666,415.652173913042
88.9824013710022,-1.796862883527884,1.5804200728583293,7.249440052486566,415.3623188405782
89.04237914085388,-1.7943837452325517,1.5839829813285746,7.242694818662434,414.97584541062656
89.08234810829163,-1.7919797802681954,1.5873947259705754,7.2376358932943345,414.6859903381628
89.14249181747437,-1.7896526832773172,1.5906563230029254,7.2308906594702025,414.29951690821116
89.18232226371765,-1.7871078854811517,1.5941726346545515,7.2241454256460695,413.91304347825945
89.24251246452332,-1.7848436247357733,1.597273700019005,7.222459117190036,413.8164251207715
89.28231501579285,-1.7825689181821844,1.6003671112772662,7.217400191821937,413.52657004830775
89.3423581123352,-1.7803856344167408,1.6033205133131356,7.217400191821937,413.52657004830775
89.38227152824402,-1.77840083099361,1.6060054242548347,7.217400191821937,413.52657004830775
89.4425585269928,-1.7760136371692328,1.6092232964168771,7.214027574909871,413.3333333333319
89.48235487937927,-1.7738154403650692,1.612165615637508,7.210654957997804,413.14009661835604
89.54258918762207,-1.7714065957114151,1.6153673125377397,7.207282341085737,412.94685990338013
89.58227109909058,-1.7688777423171305,1.6186875458973535,7.198850798805571,412.4637681159406
89.6423614025116,-1.7663265508712067,1.6219906461468647,7.193791873437472,412.1739130434768
89.682293176651,-1.7638587344948933,1.6251471121991439,7.18704663961334,411.7874396135251
89.74232125282288,-1.761055574713862,1.6286769668783552,7.178615097333173,411.3043478260855
89.78220963478088,-1.7584380695966702,1.6319277692429341,7.173556171965074,411.0144927536217
89.84240651130676,-1.7559121305995622,1.6350379184016208,7.170183555053008,410.8212560386459
89.88226699829102,-1.7532618688874917,1.6382620712996097,7.161752012772841,410.33816425120625
89.94232106208801,-1.7506993940249973,1.6413421878859547,7.158379395860774,410.1449275362304
89.98232984542847,-1.747796208653603,1.644790244369492,7.149947853580608,409.66183574879074
90.04270315170288,-1.7455291436888944,1.647464435360602,7.1516341620366415,409.7584541062787
90.08236026763916,-1.742819535265121,1.6506388756643235,7.143202619756476,409.2753623188391
90.14252471923828,-1.7403119529614282,1.6535467123357828,7.1415163113004425,409.17874396135113
90.18261289596558,-1.7373453113526338,1.6569403263944689,7.12971215210821,408.5024154589357
90.24264335632324,-1.7346854820126953,1.6599367748737182,7.126339535196144,408.3091787439598
90.28236389160156,-1.731558838184882,1.6634116206983436,7.116221684459945,407.7294685990323
90.34278011322021,-1.7289689379443396,1.6662463869782538,7.111162759091846,407.4396135265685
90.38232588768005,-1.7261382771734866,1.669313373879502,7.106103833723746,407.14975845410476
90.44247317314148,-1.7234134040189608,1.672250798244169,7.106103833723746,407.14975845410476
90.48231482505798,-1.7209156036273128,1.674943437245114,7.106103833723746,407.14975845410476
90.54255747795105,-1.7184178032356647,1.677636076246059,7.106103833723746,407.14975845410476
90.58241963386536,-1.7157993543064736,1.6804444936514484,7.101044908355647,406.859903381641
90.64262342453003,-1.7129378076368056,1.6834826838544128,7.095985982987547,406.57004830917725
90.68262600898743,-1.7100609276725183,1.6865063588903844,7.090927057619448,406.28019323671344
90.74251055717468,-1.707168788040655,1.689515441375442,7.085868132251348,405.9903381642497
90.78237414360046,-1.704617015315268,1.692156987805831,7.085868132251348,405.9903381642497
90.84248661994934,-1.7018284077983208,1.6950339764611468,7.082495515339282,405.7971014492739
90.88234615325928,-1.6991536685390092,1.697788836350937,7.084181823795315,405.89371980676174
90.9423897266388,-1.6963602134989555,1.7006611184654914,7.080809206883249,405.70048309178594
90.9816722869873,-1.6934377769733182,1.703640785192778,7.075750281515149,405.4106280193222
91.04275035858154,-1.6905003039968618,1.7066056294660343,7.07069135614705,405.1207729468584
91.08234596252441,-1.6875478697473663,1.7095555754069767,7.06563243077895,404.83091787439463
91.14253497123718,-1.6847016192450401,1.712375549464375,7.062259813866884,404.6376811594188
91.1823947429657,-1.6816027658486628,1.7154148834510379,7.055514580042752,404.2512077294671
91.24269127845764,-1.678723426990046,1.7182010642319014,7.048769346218619,403.8647342995154
91.28236103057861,-1.6757070385798363,1.7210855832578096,7.04371042085052,403.57487922705167
91.34244465827942,-1.6723042655525167,1.724290515527838,7.033592570114321,402.99516908212416
91.38243317604065,-1.669493641389368,1.7269065955975607,7.031906261658288,402.89855072463627
91.44267511367798,-1.6663039750120694,1.729850482799248,7.025161027834155,402.51207729468456
91.48268222808838,-1.662963418227052,1.732876744384177,7.013356868641923,401.83574879226904
91.54255032539368,-1.6597196963949874,1.735760962151772,7.006611634817791,401.4492753623174
91.58225774765015,-1.6564517717458827,1.7386177281454263,6.996493784081592,400.8695652173899
91.64223217964172,-1.6532887827065061,1.741340695164848,6.991434858713492,400.57971014492614
91.68227052688599,-1.6502369378837753,1.7439367765935332,6.984689624889359,400.19323671497443
91.74226903915405,-1.6476900893208135,1.7460958860837321,6.988062241801426,400.3864734299503
91.78241443634033,-1.644888555901555,1.7484709065229507,6.984689624889359,400.19323671497443
91.84228420257568,-1.641693645632443,1.7511563482788635,6.97963069952126,399.9033816425106
91.88233637809753,-1.6384851908550004,1.753825592927295,6.97457177415316,399.6135265700469
91.94230699539185,-1.6356518731966527,1.756162604401983,6.971199157241093,399.420289855071
91.98224020004272,-1.632284853374602,1.7589018782058665,6.961081306504894,398.84057971014346
92.0426082611084,-1.629159850179609,1.7614094169668184,6.957708689592828,398.6473429951676
92.0822982788086,-1.625889278957156,1.7640021786085691,6.949277147312662,398.164251207728
92.14220857620239,-1.623532894523687,1.76586698085822,6.956022381136794,398.55072463767965
92.18223428726196,-1.6205239689990298,1.7682523215686303,6.950963455768695,398.2608695652159
92.24223637580872,-1.6173737552873453,1.770728114204759,6.947590838856628,398.06763285024
92.28227210044861,-1.6142110570901038,1.7731879385317302,6.940845605032496,397.68115942028834
92.3423490524292,-1.6107669040255406,1.7758295768723409,6.934100371208363,397.29468599033663
92.38224029541016,-1.6077064142038853,1.778148388026622,6.929041445840263,397.0048309178729
92.44229626655579,-1.604231319492178,1.780749187941915,6.92229621201613,396.6183574879212
92.48224568367004,-1.6010074193131363,1.7831282346505706,6.915550978191998,396.2318840579695
92.5423002243042,-1.5974932545681666,1.7856759963348603,6.905433127455799,395.65217391304196
92.58223700523376,-1.5940957576594688,1.7881000557003595,6.9003742020877,395.3623188405782
92.6425940990448,-1.5905475432317882,1.7906001792632904,6.893628968263567,394.9758454106265
92.68222689628601,-1.5871216697027066,1.7929839660857252,6.888570042895467,394.68599033816275
92.74226713180542,-1.5838193819480493,1.7952529507026487,6.881824809071335,394.2995169082111
92.78222584724426,-1.580785287354254,1.797322632219653,6.881824809071335,394.2995169082111
92.8422622680664,-1.577050950601646,1.799846975269332,6.873393266791169,393.81642512077144
92.88232088088989,-1.5735775441616715,1.8021609538247247,6.868334341423069,393.5265700483077
92.94229125976562,-1.5703712814287272,1.804273620955394,6.86327541605497,393.2367149758439
92.98217415809631,-1.5670163519653806,1.8064640190704317,6.859902799142904,393.0434782608681
93.04252195358276,-1.5633698871240234,1.8088185333760736,6.853157565318771,392.6570048309164
93.08235836029053,-1.5597076236070058,1.8111483980473893,6.846412331494638,392.27053140096467
93.14229083061218,-1.5564558210669381,1.8131902754575409,6.841353406126538,391.98067632850086
93.18249440193176,-1.5530536836348294,1.815306606362536,6.8379807892144715,391.787439613525
93.24220824241638,-1.54950052828082,1.8174961579336002,6.832921863846372,391.49758454106126
93.28226852416992,-1.5455065900242138,1.8199249255909393,6.826176630022239,391.11111111110955
93.34224128723145,-1.5422174734936132,1.8219061362222977,6.8244903215662065,391.01449275362165
93.382155418396,-1.538780133596457,1.8239647984184364,6.82111770465414,390.82125603864574
93.44215250015259,-1.5348995244573782,1.826257929798022,6.812686162373974,390.3381642512062
93.48253440856934,-1.5314347258675223,1.8282700347500873,6.805940928549841,389.9516908212545
93.54219579696655,-1.527813253182805,1.8303446394463907,6.800882003181742,389.6618357487907
93.58220052719116,-1.5246186890313518,1.8321568401715247,6.797509386269676,389.4685990338149
93.64236283302307,-1.5206850293290815,1.8343577263932724,6.78907784398951,388.9855072463753
93.68219923973083,-1.5168810873266838,1.836448292990422,6.782332610165377,388.59903381642357
93.74222230911255,-1.5136534594564712,1.8382009281256844,6.77895999325331,388.4057971014477
93.78221464157104,-1.5096832470642818,1.8403351709364362,6.773901067885211,388.1159420289839
93.84237217903137,-1.5059971743632987,1.8422926992491662,6.768842142517111,387.82608695652016
93.88214230537415,-1.502151709965795,1.8443058676530155,6.762096908692978,387.43961352656845
93.94228029251099,-1.4987424754687948,1.8460723905829943,6.760410600236946,387.34299516908055
93.98222804069519,-1.495180362140493,1.8479067145027877,6.757037983324879,387.1497584541047
94.04220628738403,-1.491010222806179,1.8500186787693726,6.74692013258868,386.57004830917714
94.08301377296448,-1.4871215532247934,1.8519470698971086,6.740174898764547,386.18357487922543
94.14244222640991,-1.4835230528870873,1.8537089413242906,6.73680228185248,385.9903381642496
94.18241882324219,-1.4797638484007758,1.855522068645295,6.7283707395723145,385.50724637681
94.24241209030151,-1.475992499557627,1.8573097981984867,6.723311814204215,385.2173913043462
94.28240132331848,-1.4723619385167377,1.8590046203528061,6.716566580380082,384.8309178743945
94.34234356880188,-1.4678060362829184,1.8610848091593493,6.706448729643883,384.25120772946696
94.38237833976746,-1.4639935370086334,1.8627830136039465,6.698017187363717,383.7681159420273
94.44245457649231,-1.4600152499512928,1.8645190077122666,6.691271953539585,383.38164251207564
94.48245096206665,-1.4561801887180674,1.8661656267907074,6.686213028171485,383.0917874396119
94.54272484779358,-1.4524892643748115,1.86772462425663,6.679467794347352,382.7053140096602
94.58231568336487,-1.4486323391252751,1.8693193583007783,6.671036252067187,382.2222222222206
94.64270448684692,-1.4447621050628765,1.8708815162167156,6.66260470978702,381.739130434781
94.68231391906738,-1.4413459654977432,1.8722303312735185,6.655859475962887,381.35265700482927
94.742436170578,-1.4374524695402753,1.8737335738624756,6.647427933682721,380.8695652173896
94.78234767913818,-1.4340162535167635,1.8750303895878933,6.640682699858588,380.4830917874379
94.84239506721497,-1.430415906657419,1.8763649253161843,6.6356237744904885,380.19323671497415
94.88229417800903,-1.4271245426443169,1.877572320837296,6.633937466034456,380.09661835748625
94.9424901008606,-1.4233571999551693,1.8789363313463894,6.627192232210323,379.71014492753454
94.98232889175415,-1.4197391777443222,1.8802221767490301,6.6221333068422235,379.42028985507073
95.04241251945496,-1.4154818492444239,1.881702964667097,6.613701764562058,378.9371980676312
95.08243608474731,-1.4121648096558537,1.882837922542529,6.6120154561060245,378.84057971014323
95.14250993728638,-1.4085297705372106,1.8840748436085697,6.610329147649992,378.74396135265533
95.18236446380615,-1.4048905804390086,1.8852994980687439,6.605270222281892,378.4541062801916
95.24244523048401,-1.401087811110255,1.8865613780308186,6.601897605369826,378.2608695652157
95.28232955932617,-1.3977576057018053,1.8876571028816267,6.600211296913793,378.16425120772783
95.34240984916687,-1.3936288117355402,1.8889963205035447,6.593466063089661,377.7777777777761
95.38237285614014,-1.3896491602962842,1.8902538671126614,6.585034520809495,377.2946859903366
95.44270658493042,-1.3858216362432807,1.8914385422706996,6.5816619038974284,377.10144927536066
95.48241758346558,-1.381829465050746,1.892655759680029,6.576602978529329,376.8115942028969
95.54252123832703,-1.377990150747708,1.893801648544132,6.569857744705196,376.4251207729452
95.58227801322937,-1.3738226148728485,1.8950149449574143,6.563112510881063,376.0386473429935
95.64242386817932,-1.36996819182037,1.8961089369769994,6.55636727705693,375.6521739130418
95.6825213432312,-1.366268246306975,1.8971355266299685,6.551308351688831,375.36231884057804
95.74238634109497,-1.3620789227729921,1.8982713134860023,6.544563117864698,374.97584541062633
95.78235697746277,-1.3583671172821563,1.8992541578866482,6.539504192496598,374.6859903381625
95.84246802330017,-1.3543271932510805,1.9003020428398822,6.534445267128499,374.3961352656988
95.88242268562317,-1.3502820197670684,1.9013294767970388,6.529386341760399,374.106280193235
95.94237899780273,-1.346555725909727,1.9022558769300342,6.5243274163923,373.81642512077127
95.98232746124268,-1.3424987065336431,1.9032354905447595,6.515895874112134,373.33333333333167
96.04242253303528,-1.3384351717779244,1.904187716537444,6.510836948744035,373.0434782608679
96.08233952522278,-1.3343668718008774,1.9051193733137501,6.505778023375935,372.7536231884041
96.1424732208252,-1.3304575679946455,1.9059972909391412,6.502405406463868,372.56038647342825
96.18245363235474,-1.3268726875314452,1.906796004686668,6.502405406463868,372.56038647342825
96.24249219894409,-1.3232864652881826,1.9075886720871953,6.499032789551801,372.36714975845234
96.28233337402344,-1.3198613502148688,1.9083366478526484,6.497346481095768,372.27053140096444
96.34240221977234,-1.3157808523283174,1.9092133382483536,6.4922875557276685,371.98067632850064
96.38240575790405,-1.3118600610890145,1.910038439250775,6.488914938815602,371.78743961352484
96.44244241714478,-1.3085927350562623,1.9107260234194596,6.4922875557276685,371.98067632850064
96.48244094848633,-1.3048346447538453,1.9115135768440337,6.487228630359569,371.6908212560369
96.54241371154785,-1.3005811882931324,1.9123787656046785,6.480483396535436,371.3043478260852
96.58236622810364,-1.297143947616539,1.9130688797563333,6.482169704991469,371.4009661835731
96.64239192008972,-1.293706706939945,1.9137589939079882,6.480483396535435,371.3043478260851
96.68241024017334,-1.2894475113848887,1.9145954726456234,6.473738162711302,370.9178743961334
96.74245738983154,-1.2856766754513091,1.9153195441059774,6.47205185425527,370.8212560386455
96.78245377540588,-1.2812457985560524,1.9161471362479279,6.463620311975104,370.33816425120597
96.84252595901489,-1.2776315373495086,1.9168001504260297,6.460247695063037,370.14492753623006
96.8824257850647,-1.2740161800989775,1.9174470689193184,6.460247695063037,370.14492753623006
96.942542552948,-1.2702347897853468,1.918113830056201,6.455188769694938,369.8550724637663
96.98235416412354,-1.2661209691265067,1.9188177680072838,6.450129844326838,369.56521739130255
97.04241514205933,-1.262003639955128,1.9195008855276203,6.445070918958739,369.27536231883875
97.08235812187195,-1.2580472022755922,1.920133338288182,6.438325685134607,368.8888888888871
97.14243412017822,-1.2539220965107511,1.9207678077365795,6.433266759766507,368.59903381642334
97.1824517250061,-1.2492967187744184,1.9214433341440285,6.423148909030308,368.0193236714958
97.2425377368927,-1.2451615009057915,1.9220081546739867,6.414717366750142,367.5362318840562
97.28231549263,-1.2408565406670011,1.9225629166023492,6.407972132926009,367.1497584541045
97.34241485595703,-1.2363817621283881,1.923105075107499,6.399540590645843,366.66666666666487
97.38237071037292,-1.2324014061777402,1.9235635095221462,6.396167973733776,366.47342995168896
97.44272136688232,-1.2280868966361087,1.9240383261919236,6.3894227399096435,366.08695652173725
97.48240780830383,-1.2246011415535372,1.9244130160843285,6.391109048365677,366.1835748792252
97.54250121116638,-1.2209490684665263,1.9248024692304955,6.38773643145361,365.99033816424935
97.5823745727539,-1.2167971565643882,1.92522752994258,6.3826775060855105,365.70048309178554
97.6424720287323,-1.2128089821820258,1.9256120565375763,6.375932272261378,365.31400966183384
97.68260741233826,-1.2084857483780709,1.925999474827115,6.369187038437245,364.92753623188213
97.74246048927307,-1.204659393127784,1.9263196132601077,6.364128113069145,364.6376811594184
97.78164672851562,-1.2006642546292354,1.9266233631305802,6.354010262332946,364.0579710144909
97.8424870967865,-1.1964994339595467,1.9268941358053633,6.342206103140714,363.38164251207536
97.88237190246582,-1.192332478325211,1.9271297834099683,6.337147177772614,363.0917874396116
97.94240212440491,-1.1883309354192348,1.9273323913516354,6.330401943948481,362.7053140096599
97.98239421844482,-1.1843281169167938,1.9275080035462908,6.323656710124348,362.3188405797082
98.04244184494019,-1.1804911560468452,1.927653655186032,6.318597784756249,362.02898550724444
98.08234691619873,-1.1764865435077154,1.927782006336546,6.311852550932116,361.64251207729274
98.14247584342957,-1.172648130697009,1.9278823567838772,6.3067936255640165,361.352657004829
98.18280673027039,-1.1689762333666234,1.9279628650507634,6.30342100865195,361.15942028985313
98.24255657196045,-1.16463629253456,1.9280360567778212,6.2966757748278175,360.7729468599014
98.28243112564087,-1.1607967988370733,1.9280781431727838,6.291616849459718,360.4830917874377
98.3424608707428,-1.1562893363893418,1.9280971457154616,6.2831853071795525,359.99999999999807
98.38235211372375,-1.152449624318574,1.9280874332863474,6.278126381811453,359.7101449275343
98.44234156608582,-1.1487768914994565,1.9280688530466117,6.278126381811453,359.7101449275343
98.4823546409607,-1.1451041952342966,1.9280440794758194,6.274753764899387,359.51690821255846
98.5425169467926,-1.14109773142417,1.928003541289689,6.271381147987321,359.32367149758267
98.58231282234192,-1.1374252858114504,1.927953995275253,6.268008531075255,359.1304347826068
