time_s,x_m,y_m,yaw_rad,yaw_deg
0.05767679214477539,0.0,0.0,0.0,0.0
0.09097170829772949,0.0,0.0,-2.1168773579355316e-05,-0.0012128813835651047
0.15759730339050293,0.0008658595157432071,8.769050320622286e-09,0.0015638764024372422,0.08960351753975664
0.19095945358276367,0.0023636448320698386,7.09855658993471e-07,0.0036129391885606488,0.2070061671419455
0.2578394412994385,0.0046436348907126475,6.138107431528776e-06,0.001943215427983258,0.11133804270814866
0.2909672260284424,0.006796836589928767,1.005981737177918e-05,0.0030434111252714835,0.1743746128012167
0.35802507400512695,0.008956151892113528,1.6738523499289356e-05,0.006743959633670915,0.3864004242159362
0.39134740829467773,0.010546271361298366,2.698988441428513e-05,0.009655187294038914,0.5532014823567676
0.45767712593078613,0.013334356278985543,5.176639152634039e-05,0.013955736332980057,0.7996047918771374
0.4910237789154053,0.015327295688031551,7.771927836196625e-05,0.016955396871026096,0.9714726806791171
0.5576825141906738,0.01809301710774762,0.00012482413927381681,0.021487884718595307,1.2311651050391677
0.5910122394561768,0.020081318367327905,0.0001669112328498536,0.025046272388998148,1.4350457004246395
0.6577770709991455,0.023471497810029406,0.0002477818923874455,0.030877823563671303,1.7691689707479687
0.6910769939422607,0.02585961762306656,0.00031913471714113423,0.03511016779443167,2.011664432617081
0.7577507495880127,0.029375215832015446,0.0004415143822621391,0.04275100694701184,2.449452267998241
0.7910478115081787,0.031480401113223214,0.0005352663021913444,0.04788696678446902,2.7437210904332336
0.8576891422271729,0.035309694720025146,0.0007142078577269621,0.0554557347589628,3.177379551485508
0.8910033702850342,0.03782347521513045,0.0008535526250895249,0.06138348445598929,3.5170145911350783
0.9577107429504395,0.04188238199148836,0.00109864007531573,0.0706719985775015,4.049207248245394
0.990990161895752,0.04438729352126557,0.0012797943680438835,0.0765190135092344,4.384216526583662
1.0577189922332764,0.04806557850050415,0.001568730778580621,0.08582745394774927,4.917550877559469
1.0909290313720703,0.050703581381975026,0.001795446242534967,0.0922324150419138,5.28452811620059
1.1579210758209229,0.05452514092728392,0.0021533936905111647,0.1018992344824432,5.838396071457941
1.1911394596099854,0.05757050722150333,0.0024549732875999057,0.10810071197947346,6.193714558783128
1.257659912109375,0.06130594232025787,0.0028726659913270317,0.1170382689867826,6.705798854459517
1.2909321784973145,0.0639401142874009,0.003185137301659765,0.12289438142902087,7.041329381753819
1.3576197624206543,0.06792212170150473,0.003680135173845472,0.13178958259190443,7.550986866306909
1.3911428451538086,0.07054814910855718,0.00403149856873988,0.13720380946760402,7.861199215610797
1.4576656818389893,0.07424518328236827,0.004553221585715711,0.14506886830734755,8.311833892750162
1.4909911155700684,0.07687340879888423,0.004938464568881799,0.15076978578503475,8.638472403574005
1.5576205253601074,0.0809716898425596,0.005559545531126441,0.1594870923832885,9.137937280375489
1.5910015106201172,0.08345242755764302,0.005966496194304722,0.16539017363670938,9.476158922319302
1.6577041149139404,0.08740384318843529,0.006628536366895253,0.17444019554354417,9.994686982081873
1.6909945011138916,0.09015640667109416,0.007112740734212264,0.1800381987915305,10.315428941892016
1.757664680480957,0.09426841986566513,0.00786190903687342,0.18887329152255639,10.82164246698651
1.7909362316131592,0.09687313417224505,0.0083653994114818,0.19485087256105738,11.164132632190046
1.857651710510254,0.10069498800938426,0.009128489427244696,0.20335416475718526,11.651335386994703
1.8910632133483887,0.10342855097303791,0.009691657143097155,0.20868690308808002,11.956878786602612
1.9576592445373535,0.10738155479693999,0.010533271923458192,0.2177501276299587,12.476163301631649
1.9909358024597168,0.10996984139729858,0.011110252859739406,0.22349535675862864,12.80534068304006
2.057655096054077,0.11404205583873206,0.012035439076665393,0.23209386848908453,13.297999115288912
2.0909223556518555,0.11662381229378113,0.01265073916265178,0.23726245372610277,13.594137235423682
2.1576790809631348,0.12012810126261216,0.013515346766572324,0.24464143201081523,14.01692154825639
2.190951108932495,0.12257466929838272,0.014130643080256803,0.24967754915488616,14.305469805745131
2.257723808288574,0.1271290070281595,0.015270544112973274,0.25869980966656714,14.822407254731994
2.291030168533325,0.12942836636114657,0.01589545451080342,0.2648298097504882,15.17363038795551
2.35766339302063,0.1333126246322209,0.016952370283478853,0.27365343364902905,15.679186797352672
2.391024351119995,0.13587446355011024,0.01767470311588443,0.27919703947127994,15.996812014251798
2.457725763320923,0.13973925493342693,0.018785643099977226,0.2871014848651199,16.44970337471045
2.4911022186279297,0.14216021162559528,0.019508151118980105,0.29201767387530486,16.731380256282648
2.5576765537261963,0.14585441989295472,0.02062503135653192,0.3002242207330448,17.20158075560749
2.591249704360962,0.14826714186290552,0.021376540928714022,0.30635084399100476,17.55261041095529
2.6576249599456787,0.15164507418620743,0.022458184149574224,0.315156497247143,18.05713717838764
2.6909241676330566,0.15379207931665945,0.023168054008364178,0.32096423470273727,18.38989602311324
2.7576816082000732,0.15764234412356784,0.02443635564539064,0.3299838796967247,18.906683613975023
2.790841817855835,0.16016672133848275,0.025298288982311554,0.33596611035851875,19.249440182969575
2.8576903343200684,0.16336982212686224,0.026435238037236956,0.34514536472912605,19.775372717482387
2.8909664154052734,0.16562615261500999,0.027249690153924287,0.35148146567893823,20.138404560475458
2.957735776901245,0.1693020686564473,0.028590294501714034,0.36131742108567444,20.701963292760325
2.9909772872924805,0.17206008181025573,0.02961719595704104,0.36786474594096097,21.077097374069346
3.057704210281372,0.17592658480203702,0.03110279426796024,0.3774393977925219,21.625684515470905
3.091099500656128,0.17853013002234586,0.03213246586612396,0.3837014005865993,21.984470846870668
3.1576855182647705,0.18254321149435318,0.033746846348572286,0.39353942024346633,22.548147851975894
3.190991163253784,0.1846117739807579,0.03462930801267098,0.4004820272071821,22.945929929814945
3.25769305229187,0.1887003366281964,0.03634444200844155,0.4100507676639298,23.49417837324267
3.291184902191162,0.19100927291681832,0.0373603651744456,0.41631081342302734,23.852852574797726
3.357628107070923,0.19455975586027244,0.0389389922261443,0.4249897780880159,24.350120620644745
3.3910064697265625,0.1974930971979233,0.0402451815456313,0.42988793157787786,24.63076414302111
3.457658052444458,0.20092692037582663,0.04183910698881878,0.4375112505615162,25.067548146665548
3.490990161895752,0.20284089049380954,0.04275877350958227,0.4436119941395975,25.417095005581146
3.557661294937134,0.20548538762872484,0.04404892687456036,0.4536397191315178,25.991641325736037
3.5912303924560547,0.20827445145631018,0.04537562356990019,0.46067294922073065,26.394615726192352
3.6579086780548096,0.2119401882676527,0.04718316587031858,0.470975049977548,26.98488261967652
3.690934896469116,0.21456688966550233,0.04850661759938095,0.4766726856464527,27.311333096707955
3.7576515674591064,0.21827580107186606,0.050419428369893986,0.48433390481892635,27.750288621215404
3.7911903858184814,0.22050712198579261,0.05160348166571813,0.48965365395311355,28.055087794672705
3.8576698303222656,0.22392164518050164,0.053431020366269774,0.49754580244741087,28.507274594686468
3.8910298347473145,0.22589822284518674,0.05452129925586045,0.5032558265322389,28.834434875665163
3.9576895236968994,0.2297440865780873,0.05661677033240337,0.5120042745942706,29.335684026908982
3.991154432296753,0.23158583471761793,0.05767733900609998,0.5180056470119512,29.679537337728306
4.057703733444214,0.23438033361027155,0.05929380922878187,0.5267046177984156,30.177951649900315
4.090987205505371,0.23670009021285976,0.06063000660413109,0.5328036720793867,30.527401719221157
4.157724618911743,0.2398271529802163,0.06247649278670678,0.542231527847608,31.067578064598305
4.190920114517212,0.24152470942375784,0.06351963116072867,0.5477985195942341,31.386543196264142
4.257766008377075,0.24482490716858715,0.06551700141898938,0.5563999679995035,31.879369887585614
4.2910120487213135,0.24686283382007568,0.06678571580883501,0.5623240403848531,32.21879423279614
4.357670307159424,0.24979715002833178,0.06864181387413792,0.5712242432765433,32.728738295300126
4.391024827957153,0.25193698825031846,0.07000970357413265,0.577173706587466,33.069617433383925
4.457718372344971,0.2553345391054721,0.07220425573530234,0.5860501760182304,33.57820166874362
4.4909827709198,0.2575648261303024,0.07367966152366653,0.5915081388387002,33.890919903095856
4.557664632797241,0.26037144389061434,0.07558599342829297,0.6000254888925438,34.37892811381661
4.590997219085693,0.262352784594916,0.07694373050500869,0.6053094023178179,34.68167405239734
4.6576619148254395,0.2654490598045442,0.07908193524790677,0.6135972465504644,35.15653254818982
4.69101619720459,0.26718143563797464,0.08031759286598178,0.6196349461617193,35.50246725388251
4.757695198059082,0.270345541038732,0.0825604767855607,0.6284965758784677,36.0102012362599
4.790997743606567,0.27262706559995903,0.0842028096535841,0.6343046391642502,36.34297874968012
4.857702970504761,0.27558219167842335,0.08638503744471851,0.6430179551686606,36.84221498229663
4.891016006469727,0.2777257914454256,0.08798411740672135,0.6484156091678437,37.15147777572173
4.957664966583252,0.2805304419150792,0.09012374506500989,0.6565599092197658,37.61811179578505
4.9911322593688965,0.282768200066154,0.09183230747451487,0.6617195404338516,37.91373688819613
5.057751178741455,0.28566328085905063,0.09409593995503834,0.6693217126686721,38.349309272382875
5.091033697128296,0.2873225661959692,0.0954272635068189,0.6745699753658436,38.65001257470675
5.157640695571899,0.2900252509991811,0.09759512236643109,0.6822628707689806,39.090783013542094
5.190957307815552,0.2924378838968456,0.0995210994244772,0.6871099375434047,39.36849948273468
5.257741689682007,0.29527898576266715,0.10186063569305175,0.6937723678636135,39.75022862138264
5.291034936904907,0.29722669634173376,0.10348053972045435,0.6982682049369409,40.007821111062746
5.357725143432617,0.29991402178451726,0.1057481362270189,0.7056032349792067,40.42808737508624
5.390978097915649,0.3016377905418445,0.10722463777479752,0.7099580378848067,40.67759920218843
5.457700252532959,0.30470403287659575,0.10984102673113769,0.7157697191920076,41.01058401296611
5.49094295501709,0.3066191815050916,0.11150652559505757,0.7198466078210242,41.24417252495364
5.557688474655151,0.30947699306681364,0.11401258617719104,0.7269760632954991,41.6526602338675
5.591092348098755,0.31158284744236614,0.11587373626615706,0.732357522331445,41.960995124249735
5.657689809799194,0.31443572427487265,0.1184426744145545,0.7401366994965266,42.40670914389346
5.691011667251587,0.3163075848254776,0.12015504136640766,0.7444039336605148,42.65120365168402
5.7576985359191895,0.31911724685841186,0.12274548116922532,0.7501077556767766,42.97800858030961
5.7909650802612305,0.32107417270114336,0.12456471376896185,0.7538706705012994,43.19360771842199
5.8577611446380615,0.3236510555541057,0.12699903678213934,0.7597568541281352,43.53086119767868
5.890917778015137,0.3256943844334465,0.12892669865465897,0.7635136954170795,43.74611234783568
5.957634449005127,0.32867207548251975,0.13176754038835123,0.7690755555841533,44.06478346165093
5.9909257888793945,0.3302880087848507,0.13334921344173523,0.7726359877252826,44.26878119658038
6.057769298553467,0.33301381939683083,0.13600739753761648,0.7788079988599611,44.6224113857052
6.090987682342529,0.3350197225539902,0.13797585509647278,0.7836852925838714,44.901859731530905
6.15771484375,0.3376355696828887,0.14059296704285515,0.7910030851714976,45.32113836215401
6.190963506698608,0.3395169674440202,0.1424902331981119,0.795770719019568,45.59430365991215
6.2576727867126465,0.34229794728637286,0.1453257827277303,0.8022991015972285,45.96835242865884
6.290992736816406,0.3440572988615136,0.14714951278173452,0.8060092763944415,46.18092978579495
6.357607126235962,0.34680984168528384,0.15001496201144737,0.8113490535518304,46.486876480453695
6.3910510540008545,0.3485540547760612,0.15185626650516357,0.8152152369074401,46.708392469553864
6.457664728164673,0.3512821761252346,0.15474940671123025,0.82133238998908,47.05887952376727
6.4910056591033936,0.3527198680614773,0.15631659680861382,0.8259050612415493,47.32087428763456
6.557684659957886,0.3552821598687855,0.15909277884488948,0.833180282479653,47.737713759601846
6.591002941131592,0.35689506665707704,0.1608721850686398,0.8383959937802161,48.036552004282804
6.657903432846069,0.35942187641033796,0.16367861797275662,0.8463798966253249,48.49399594135002
6.690982818603516,0.3612006685904334,0.16567958340959493,0.851493681580211,48.786994236602496
6.7577064037323,0.36361117485126854,0.16843893149675365,0.8589080484386842,49.21180616535468
6.791195869445801,0.3649933560460148,0.1700594638859787,0.8637161034784193,49.48728742679811
6.857933044433594,0.36762198021342485,0.17311447406037872,0.8709069881168054,49.89929476754309
6.890936851501465,0.36925932273471307,0.17505814317349064,0.8757940359881249,50.17930198484809
6.957687854766846,0.3716936172414251,0.17797694963435534,0.8830312111435998,50.59396157685374
6.991011381149292,0.37348345828416313,0.1801417295759366,0.8877865740048129,50.8664237988545
7.057833433151245,0.375996904186376,0.18322760939164454,0.8953754881121281,51.30123654829095
7.090991497039795,0.3778457364235168,0.18551940281474577,0.8996601096995563,51.546727282061234
7.157638072967529,0.3803506828174859,0.1886773175809777,0.9058769537558976,51.90292620838058
7.1909449100494385,0.38217171921094895,0.190989143113104,0.9101220745822496,52.14615371525364
7.257826805114746,0.3849291609838583,0.19452311613916323,0.9171355295750264,52.5479950861447
7.291026830673218,0.38662748801993363,0.19674564938201639,0.9222886951194376,52.8432497229717
7.357701539993286,0.3887283939065258,0.19955743704311169,0.9306849802072645,53.324321422092815
7.391022443771362,0.3901544960229614,0.20148595961337792,0.9363032930611501,53.64622703660456
7.457796812057495,0.3922389456985752,0.20433462801547497,0.9449933000585777,54.144127761496314
7.490958213806152,0.39373108028593834,0.20639512677643274,0.9504014749224039,54.45399335606229
7.557677984237671,0.3959317162946878,0.2094725337522263,0.9587193575676021,54.93057292611726
7.590973854064941,0.39755714505236667,0.21176947035071153,0.9648602006159215,55.28241731543822
7.657646179199219,0.39973593109891825,0.21491724858759131,0.9739212523373757,55.80157733702729
7.690964698791504,0.4010007523372134,0.21679864888364847,0.9794917694007252,56.12074445446283
7.757766008377075,0.40310956934696257,0.2199354884343665,0.9878376382499163,56.598927515891184
7.791012763977051,0.4048250502414481,0.22249913187574372,0.9930737299322989,56.89893347043526
7.857628583908081,0.4070136751823834,0.2258568677560799,1.000832755694105,57.343492899720026
7.890981197357178,0.40845342573026666,0.22810413457052198,1.0061091595418694,57.64580857120352
7.957719564437866,0.41059846269900974,0.23149082673209978,1.0143791929768007,58.119646583457154
7.990947961807251,0.41185516696732616,0.2335303395098312,1.0199598847996056,58.43939667166705
8.0576651096344,0.4136215089870499,0.23643699059086148,1.0284408053803005,58.92531762732651
8.090994596481323,0.41471335109857005,0.2382697814094013,1.0335263109913444,59.21669563552942
8.157795190811157,0.41631519540919315,0.2409827475010962,1.0406697211603528,59.62598288954444
8.190978765487671,0.4176134245567344,0.24317557563857561,1.0457593723877012,59.917598424065076
8.257980346679688,0.4196347876484771,0.24663073271170663,1.0527203405130323,60.316432518971645
8.29101276397705,0.420822947952064,0.24872022526505133,1.057330188098257,60.5805573298036
8.357796669006348,0.42260294369814355,0.2518796819932966,1.064556680079344,60.99460482100501
8.391037702560425,0.4237697253649993,0.25398635616260334,1.069430234428539,61.273838916441505
8.45768928527832,0.42535939583806903,0.25690695721042933,1.077187878888274,61.71831920294738
8.491016626358032,0.4264352911123989,0.2589106880527683,1.0827646130543036,62.03784253412728
8.557688236236572,0.4282526851008379,0.2623062053256372,1.0911806630213372,62.52004667740952
8.590977907180786,0.4293627625509861,0.26444172839118285,1.096349299962009,62.81618775994542
8.657696962356567,0.43122117597986,0.2680300902062044,1.1042826647322805,63.270736078619755
8.690914154052734,0.432297064872408,0.2701769744008975,1.1094551170848295,63.56709576815332
8.757713317871094,0.43391668567886316,0.27344215759991497,1.1167506285562334,63.98509778485405
8.791025161743164,0.435034672198345,0.2757274988598351,1.1215642497355116,64.26089796260148
8.857705354690552,0.43667927602909823,0.27913411681037276,1.1288167273655654,64.6764343218166
8.890944957733154,0.4377044335996213,0.2813085200542487,1.1329840094782921,64.9152019989162
8.957880020141602,0.4394375502867046,0.28498475785776284,1.1392463432661752,65.27400729486408
8.990956783294678,0.4406799776745923,0.28765463261782703,1.1436718015639102,65.52756737773544
9.057709217071533,0.44246928264900676,0.2915673348671728,1.150496790530037,65.91861044071786
9.091089248657227,0.4434941576500468,0.29388035214314306,1.155399187698149,66.19949710794756
9.157705068588257,0.44492980384228065,0.2971712382805777,1.1627228511860959,66.61911211638098
9.190993547439575,0.4459916494950342,0.29961951189717373,1.1676663522505193,66.90235386339087
9.257766246795654,0.44731255184587104,0.30275612205978825,1.1757366124720705,67.36474571365807
9.290972232818604,0.4482931699588124,0.3050994719577922,1.1807396234557,67.65139712787763
9.357697248458862,0.44996790927447605,0.30912034696648566,1.188008654501774,68.06788192796724
9.390979528427124,0.4510207546885466,0.3117231715983103,1.193382074301066,68.3757562040187
9.457705736160278,0.4525012751709318,0.31546122011025096,1.2010149048972578,68.81308518291883
9.490984201431274,0.4534646628236668,0.317950225876018,1.2052277918146195,69.05446582284952
9.55769157409668,0.4547867720985486,0.32143261885113356,1.211694675103169,69.42499094188709
9.591008186340332,0.45552002064078717,0.32343072693152075,1.2164261528596207,69.6960846481918
9.657958507537842,0.4569407687773981,0.32723814193977285,1.224013074907694,70.13078326104116
9.690988302230835,0.45780180083535227,0.3296236475844678,1.2291192136096245,70.42334345827018
9.75763726234436,0.4591314849355473,0.33335164098119124,1.236299537858415,70.83474573326131
9.791280269622803,0.46006049286325834,0.3360036971652922,1.2410748096154083,71.10834865096506
9.857654094696045,0.46145860525052357,0.34006184706494985,1.2486045091191085,71.53976865352882
9.890926122665405,0.46230030505605435,0.342592492596805,1.2539718013118013,71.84729184358365
9.95790982246399,0.4632579213293246,0.34560843438935385,1.2620103481568086,72.30786665122076
9.990928649902344,0.46407945280831386,0.34815957370121164,1.2679544845623147,72.64844058010632
10.057622909545898,0.4653542599258079,0.35218959107105247,1.2770858849604703,73.17163128396471
10.091002941131592,0.4661284920123928,0.3547475063258612,1.282610007844895,73.4881402107539
10.157760620117188,0.4672209274847502,0.35844905792610376,1.290792668329274,73.95697212169729
10.19105839729309,0.46796047500328847,0.36101350548457334,1.295985326184399,74.2544895012514
10.257680177688599,0.4689572276249485,0.36458018859787705,1.3029469617215441,74.6533618360381
10.29114031791687,0.4697505041380168,0.3674212071327712,1.307741571603462,74.92807274668371
10.357685565948486,0.47075048683150744,0.37115266564360205,1.3146795652470593,75.32559050075044
10.390985488891602,0.47135040905057585,0.37347484190460895,1.3186344967652572,75.55219138500644
10.457674741744995,0.47234223322604474,0.37731117968059613,1.3246328884514091,75.89587391248931
10.490943908691406,0.4728841636168823,0.37951153933289716,1.3289336986657552,76.14229218625809
10.557632446289062,0.47379214849458257,0.3831875582546577,1.335230187836333,76.50305444148204
10.591049194335938,0.4744213119327174,0.3857866731886356,1.339954015802935,76.77370984711419
10.65769076347351,0.4753680508806509,0.3897801596436907,1.3471821902615404,77.18785373717654
10.690969467163086,0.4759955691775919,0.39251633105588607,1.35226310072172,77.4789684626287
10.757694721221924,0.47672342379671906,0.3958780996407551,1.3604046301765362,77.94544373917113
10.791158437728882,0.47728717318147096,0.39849252467121254,1.3658048448933546,78.25485325090925
10.857684850692749,0.4779951249273492,0.4019466225115066,1.3743189938029683,78.74267804957603
10.890993118286133,0.4785875851317496,0.4048384979857129,1.3804395514694119,79.09336017212968
10.957689762115479,0.47934251924235993,0.4087447583380699,1.389904558385529,79.63566512148532
10.99097204208374,0.4797961810333535,0.4112445163247924,1.3961046160363249,79.99090225761373
11.057665348052979,0.4805188210203513,0.4152972277212113,1.4054764901372114,80.52787108972248
11.090988397598267,0.48087651641085005,0.41753097911458364,1.4115895731982548,80.87812494893319
11.15782117843628,0.481369628404892,0.4207311550262607,1.4199402985659073,81.35658626837251
11.191086769104004,0.48180907512595106,0.4235115589054732,1.4255970584621154,81.68069473614409
11.25768518447876,0.48225680323040826,0.4266988936130611,1.4337486697558117,82.14774765950408
11.290996789932251,0.4826351405459302,0.4293495097502301,1.438843703214427,82.43967157316067
11.3576500415802,0.4831581889757559,0.43322578615061663,1.4466325393284882,82.88593900981546
11.390977621078491,0.48351725125277023,0.43601325248520717,1.4519276142010784,83.18932445222065
11.457635879516602,0.4840344072827749,0.4402434836963922,1.4592934532730537,83.61135594361738
11.491008758544922,0.4842905923386266,0.4426298496324784,1.4645641708797865,83.91334581748848
11.557600498199463,0.4846543004594923,0.4461587598143232,1.4721725345573753,84.34927294521493
11.590983390808105,0.4849417749299327,0.44895729084100605,1.4775785095038407,84.65901249380087
11.657674312591553,0.485314179177225,0.45291433125181063,1.4861002043313591,85.14726964171614
11.69098424911499,0.48549322278777735,0.4551710241999152,1.4916955379936858,85.46785864553493
11.75769853591919,0.48584239162168086,0.4593830501081009,1.4994234887322795,85.91063760714137
11.790992736816406,0.4860623757315745,0.46231826174761576,1.5049336627201,86.22634732102625
11.857672452926636,0.48631093017444255,0.4662008918947927,1.5135463540462966,86.71981818426624
11.891005992889404,0.48647594283393536,0.4690004462467423,1.519176887606425,87.04242399366838
11.957670211791992,0.4867307910439248,0.47359403132654687,1.527604326414505,87.52528066947612
11.99093246459961,0.48681643547854436,0.4759884393381495,1.5332220494470286,87.84715248971315
12.057491540908813,0.4869653763147167,0.48001718427493784,1.5411670011304432,88.30236468960817
12.091001272201538,0.48701555543581093,0.4822739749319322,1.5461040339745282,88.5852358348917
12.157842874526978,0.4870916692365615,0.485811476933512,1.5535102586628153,89.00958125165616
12.191009759902954,0.48715183911455784,0.48862516495074676,1.5585354034537606,89.29750083961947
12.257728815078735,0.4871909374808513,0.49230376591447134,1.5663149721543577,89.74323729259575
12.290959358215332,0.48720307455234213,0.4948447266707257,1.570989099493627,90.01104506204261
12.357646703720093,0.4872257071631948,0.49936402609747393,1.5781490399993932,90.42127943458776
12.391021966934204,0.48719608474006904,0.5017608724967226,1.583747196446296,90.74203017204924
12.457658290863037,0.48714001992982303,0.5054641021173595,1.5914851629082052,91.18538299233043
12.490962743759155,0.4870821183410381,0.5077322423027059,1.5963596047849689,91.46466793935082
12.557906866073608,0.4869908603149191,0.511940008639389,1.604866681955183,91.95208755719617
12.59098196029663,0.4869013304161378,0.5142026904124452,1.6103367445265078,92.26549905620557
12.65799617767334,0.4867545833248061,0.5175636836659753,1.6179875471556187,92.70385775674121
12.690945863723755,0.48663835822240165,0.5202433561017752,1.6236541508207325,93.0285302309256
12.757681608200073,0.4864438393058455,0.5238747619255283,1.632058675536795,93.51007402596936
12.79128646850586,0.4862848463550329,0.5266829146544757,1.637644274797983,93.83010528968683
12.857729434967041,0.486034335943642,0.5303457990717431,1.645608418986647,94.28641713913092
12.891296863555908,0.48584052036371944,0.5330128212991292,1.6505000119224236,94.56668476944692
12.957927227020264,0.4855426875648789,0.5366700364278746,1.6582341171993387,95.00981636012402
12.990927934646606,0.4853218849722669,0.5392049328854182,1.6637937210461815,95.3283581963128
13.057746171951294,0.48497080160851,0.5429802168411131,1.671486030012526,95.769095034795
13.091431140899658,0.4847338143481117,0.5452356098865043,1.676486190991828,96.055583155795
13.157711505889893,0.48435074121521815,0.5488379229677754,1.683894405695979,96.48004259206961
13.190892934799194,0.48407854626976543,0.5512300059633461,1.687935709414393,96.71159223886525
13.25762128829956,0.4836308817048709,0.5551077050539625,1.693746972596007,97.04455309281151
13.290940284729004,0.483271789660397,0.5581706031294864,1.6982829342652734,97.30444455249359
13.357645034790039,0.4828042919553958,0.5617102245111364,1.7052419995546857,97.70316962293289
13.390970230102539,0.4824638117463514,0.5642257045318161,1.7101531826886383,97.98455968892421
13.4576096534729,0.48191877637019126,0.5681417427761845,1.717678278776056,98.41571593516366
13.49082899093628,0.48149916558866007,0.5710604304328917,1.7229525518162976,98.71790952036913
13.557692527770996,0.4809250039291997,0.5747388771968494,1.730730172466005,99.16353435825116
13.59099793434143,0.48050142779278016,0.577379436129622,1.7357989850259137,99.45395592507684
13.657619953155518,0.4798488158018407,0.5813091634889185,1.7432694090001744,99.88197968997532
13.690911054611206,0.479409676300855,0.5838061318144925,1.7483567573467238,100.17346327914547
13.757676362991333,0.4787295442278354,0.5875815287492168,1.7570839108176897,100.67349234019476
13.790952682495117,0.47823680346167613,0.5902122638238829,1.7629185571363126,101.00779294920339
13.85775089263916,0.47750204503913063,0.5939744548021207,1.771610659221713,101.50581371379369
13.891243696212769,0.47699393393995587,0.5964601562927241,1.7777730326961003,101.85889170565946
13.95766830444336,0.4762075756330518,0.6002009704611622,1.7868711182183665,102.38017360773439
13.990949630737305,0.47568657332086856,0.6025462970341515,1.7920003687967019,102.67405801793804
14.057745933532715,0.4748283823118493,0.606390550020912,1.7996403537006038,103.11179690847528
14.090970516204834,0.4742521114933479,0.6088602210072885,1.80418229590009,103.3720310272982
14.157710075378418,0.47339805961118814,0.6124300503794444,1.8110498704323796,103.76551406348993
14.190942764282227,0.47293384946445644,0.6142300433140547,1.8158152428937826,104.03854979333619
14.257709503173828,0.4720721664054406,0.617691342927004,1.8236735453048054,104.48879735562528
14.291064977645874,0.4715013573192787,0.6198911904048491,1.8290131607767448,104.79473478639017
14.357675313949585,0.47062539058687636,0.6232037186753213,1.8375537214403754,105.28407286709164
14.390936374664307,0.4699319738078031,0.6257932423813496,1.8432699242359258,105.61158716211756
14.457642555236816,0.46889335627792683,0.629546132676507,1.8524056841848817,106.13502764983738
14.491005897521973,0.4681217108142067,0.6322555414995065,1.8588649829188388,106.50511820590732
14.557715892791748,0.46707016999919915,0.6357801706966705,1.8687878462772043,107.07365639702668
14.591009378433228,0.46639525247954905,0.6379433205964055,1.875533318311812,107.46014347543321
14.657702445983887,0.4653446516732632,0.6412617781722373,1.885590400351242,108.0363718305094
14.690996646881104,0.4647116640953628,0.6431567019643387,1.8915790214425354,108.37949454414353
14.757742643356323,0.4635981959349921,0.6465273079682772,1.899819837660486,108.85165853317505
14.791027784347534,0.4628231341559865,0.6488091860651095,1.9046724790297251,109.12969440312304
14.857647180557251,0.4615685612418502,0.6524650354904895,1.912761739810452,109.5931749052394
14.890952825546265,0.46059792678369016,0.6552490501055925,1.9184621361192957,109.91978355528809
14.95773983001709,0.4591135556512594,0.6593977822160747,1.9263338167062884,110.37079763059783
14.990937232971191,0.45822444428312786,0.6617687962379111,1.9314795425553057,110.6656260042779
15.057740926742554,0.45685577139447925,0.6653814747223434,1.9390166270603078,111.09746913624797
15.090945959091187,0.45593927869355294,0.6677450139121639,1.9440621722826683,111.38655758283163
15.15765929222107,0.4543935943702595,0.6717240088237765,1.9522807960209867,111.8574500364433
15.190969467163086,0.45330676177694673,0.674454740715573,1.9574922161899664,112.15604241739518
15.257688999176025,0.4517719529000621,0.678211080612628,1.9651289985018718,112.59359781292753
15.290984869003296,0.4507447423425353,0.6806709562520261,1.9704660353628969,112.89938750017002
15.357675313949585,0.4492263390938067,0.6842473281611523,1.9781396249917154,113.33905179961667
15.39097785949707,0.44846486929153845,0.6859373045064429,1.9830875541953392,113.62254726031385
15.457706928253174,0.4469621052984215,0.6893837600122266,1.9911018486756986,114.08173250981343
15.490959405899048,0.44587516353393714,0.6918350669157258,1.9959387550531846,114.35886683114329
15.55787968635559,0.4440345198004121,0.6959588437662733,2.0029254068690627,114.75917249312052
15.590953826904297,0.4430208770713157,0.6981274457755552,2.008118573724102,115.05671903622151
15.657992362976074,0.4412742187342046,0.7018778064166467,2.0153185757872016,115.46924876692259
15.690956592559814,0.4400707062699427,0.704412842248956,2.0191486675960193,115.68869686271547
15.757708072662354,0.4383794610360452,0.707912635138916,2.025040228461667,116.02625843506154
15.791095972061157,0.4372070636547052,0.7103129035551552,2.02927035720999,116.26862695913739
15.857656717300415,0.4355511723576521,0.7136472289694684,2.036058295790185,116.65754719137658
15.8909330368042,0.43447042891718746,0.7157862780098131,2.040824652002194,116.93063928598067
15.957651376724243,0.4326869482562842,0.7193076940660811,2.047883129159919,117.33506023690781
15.991227388381958,0.43163671552292515,0.7213165075278432,2.052548129819689,117.60234508613837
16.057807207107544,0.42969834155949427,0.7250571206209336,2.06008126085528,118.03396170099674
16.09095072746277,0.4285637074623737,0.7271714581077793,2.0650317637252664,118.31760462191437
16.157686233520508,0.42688085420360994,0.7302728878385629,2.073082565973517,118.77888161243355
16.190951585769653,0.42584553475779596,0.7321351411397947,2.0788797695692667,119.1110369114481
16.257896661758423,0.4241662146776783,0.7351447986962832,2.0864320625757564,119.54375142636611
16.29100513458252,0.42291723183825636,0.7373638686194964,2.0913944563375786,119.82807564520058
16.3576500415802,0.4209910569788553,0.7407436183005041,2.0986609784116705,120.24441669178469
16.391015768051147,0.4199085945593458,0.7425771313571699,2.1031712612066618,120.50283686034817
16.45764398574829,0.41829204370524037,0.7452968459919546,2.109514663610664,120.86628704585064
16.490994691848755,0.4169271177165816,0.7476084826272302,2.113899285270968,121.1175073617477
16.557698965072632,0.41492990508461003,0.7509359878226068,2.1210769652699275,121.52875813238354
16.591018438339233,0.41380776752940296,0.7527444000624437,2.1262598356042153,121.82571472830179
16.65763568878174,0.41176954862978854,0.756048218219412,2.1337142692438578,122.25282231451365
16.691095113754272,0.4106930523433452,0.7577254009262262,2.138663572334692,122.5363964931495
16.757967710494995,0.4086274196854744,0.7609860952419819,2.1455571723087203,122.93137067731281
16.791215181350708,0.4070378066323938,0.7634718382468807,2.149958035598715,123.18352157004357
16.857664585113525,0.40509307111872694,0.7664260334824947,2.1569845830102956,123.58611308127571
16.890976905822754,0.40340421394594694,0.769005052132078,2.1618915923912114,123.86726400883329
16.957701444625854,0.40147929897792795,0.771841614280953,2.1687736241956497,124.2615753857024
16.991076469421387,0.400342161310696,0.7734817378612108,2.1732020248937483,124.51530405569625
17.057732582092285,0.3980823831043009,0.7767948738924688,2.1801407118213243,124.91286153200895
17.090936422348022,0.39670466151878686,0.7787636039601001,2.1850358303875588,125.19333116607031
17.157715797424316,0.3942142045037302,0.7823298335533581,2.192812921646876,125.63892567211728
17.190957069396973,0.3928854734865303,0.7841602518413071,2.198020041922182,125.93727168730929
17.257681131362915,0.39064913654996447,0.7872454909949598,2.205617741502145,126.37258780724952
17.29098653793335,0.3890686407597671,0.7893986115368146,2.2101969808811353,126.63495889704575
17.3576877117157,0.3867018229577851,0.7925860872108207,2.2174489139013565,127.05046405241599
17.391066551208496,0.3850148475615941,0.7948313188063904,2.222575758443768,127.34421060691587
17.45766592025757,0.38267074973510573,0.7978954970586617,2.23030175299722,127.78687748736971
17.49082851409912,0.3810334064307468,0.8000092749382518,2.235662596642211,128.09403120285722
17.557667016983032,0.3790821078015914,0.8024555899323307,2.2435340637607126,128.54503304732336
17.591077089309692,0.3771756337551872,0.8048863164075846,2.248266370315555,128.81617424027795
17.657737731933594,0.37468512002359516,0.8079859399433813,2.2552647840015005,129.2171538077692
17.690990686416626,0.3727497755060474,0.8103809014413276,2.259924631344192,129.48414339368068
17.757651805877686,0.37026142754817715,0.8133883368700898,2.267779516835419,129.93419518088652
17.79111957550049,0.3685501495317963,0.8154309371382907,2.2736465944737967,130.27035396764114
17.85766577720642,0.36613384321774023,0.8182678294750043,2.282392247082659,130.77144295121653
17.890989542007446,0.3645612713197739,0.8200807676894389,2.2878297975603905,131.0829916444799
17.95766258239746,0.3623320869496122,0.822615978530083,2.295895479523293,131.545121179849
17.990915060043335,0.36056002274064325,0.8246295701600392,2.3016316670342434,131.8737805147221
18.05769944190979,0.3578524685747277,0.8276667698912041,2.3112393903121076,132.42426250927332
18.090989112854004,0.3561388690806494,0.8295386448194089,2.31817542716954,132.82166814775138
18.157684326171875,0.3537293896433278,0.8321221775542408,2.328717529290998,133.42568610650684
18.190903425216675,0.3518043604987605,0.8341749461108682,2.3352540188455047,133.8001993708114
18.257689952850342,0.3492549823651146,0.8368238361982019,2.344938860497808,134.35509992274092
18.290982484817505,0.3474798224660357,0.8386405222671729,2.3510713752822125,134.70646713768886
18.35770869255066,0.3445146651447266,0.8416592920309662,2.3600291493537116,135.21970978581749
18.390949487686157,0.34252560209952526,0.8436409730670772,2.3659252377471596,135.55753076639812
18.457692623138428,0.3399537046720893,0.8461401276178213,2.3743799021516407,136.0419473539744
18.490950107574463,0.3380296429303046,0.8480010716738042,2.3789725805630093,136.30508844360665
18.55763339996338,0.33525923557268655,0.8506443217784592,2.3860430461929987,136.71019628339735
18.591277360916138,0.33341140433564687,0.8523830632572564,2.3912474751942367,137.00838809994377
18.657806396484375,0.33051539066413166,0.8550884415505255,2.3982579444589556,137.41005840121835
18.691022396087646,0.3286465292020345,0.8568028529985706,2.4024261043113584,137.6488763690969
18.757686614990234,0.3261294795221209,0.8590767446542718,2.4089039102036294,138.02002730722901
18.791409254074097,0.32414131921253697,0.8608759236392295,2.4130191039332773,138.25581053981654
18.857487201690674,0.321310466038656,0.863403502899276,2.4203002026260156,138.67298676512866
18.890990734100342,0.3194073430511817,0.8650782249853848,2.424934371918466,138.9385051071352
18.95764660835266,0.3165413812908764,0.8675753587074126,2.4318022659724248,139.33200645057002
18.99093985557556,0.3146153913498637,0.8692305850591211,2.436954950391688,139.62723352095662
19.057657480239868,0.31193344304041104,0.871499155627304,2.444907024287814,140.0828537935808
19.090977907180786,0.3102910575730604,0.8728592213700961,2.4507137263799006,140.41555331634714
19.15763759613037,0.30763724458187924,0.8750503370792881,2.4596741099062154,140.92894547522354
19.19097900390625,0.30587306800005165,0.8764809531694389,2.465098113611808,141.23971799561733
19.257608652114868,0.3030962361263533,0.8787151812997094,2.4728349442368236,141.68300573723826
19.291028022766113,0.3007936778315967,0.8805631428824184,2.4786875972949147,142.01833805642121
19.357694625854492,0.2980217240838488,0.8827162557415623,2.4873011309082473,142.51185717915925
19.391074895858765,0.2957983083950968,0.8844391960658707,2.49290418097737,142.83288830052047
19.457672357559204,0.29287251306288326,0.8866507254525933,2.50092855023855,143.29265079244058
19.49100112915039,0.2907306479272228,0.8882555966937105,2.506274954990398,143.59897722029018
19.557717084884644,0.2876644832269194,0.890514903410715,2.514607102130772,144.0763740857156
19.590989112854004,0.2858251100714113,0.8918347510055227,2.5212919959385145,144.45939028739238
19.657755851745605,0.28298111021630146,0.8938576615480184,2.531539659708095,145.04653817125845
19.691186666488647,0.28089937308459845,0.8953193574936283,2.5384897034669613,145.44474634607275
19.757712841033936,0.2776883445359378,0.8975419151893931,2.549342843555637,146.0665854676181
19.79097557067871,0.27580103967897185,0.8987999622515555,2.5564719546420305,146.47505344454837
19.857681274414062,0.2725502711319121,0.9009653839126496,2.566432753958205,147.04576520594196
19.891054153442383,0.27030763296871746,0.9024271651083218,2.572614932186398,147.3999779266151
19.957636833190918,0.26732659294765043,0.904319337382132,2.5817952885545807,147.92597360093802
19.990970849990845,0.26528927486519127,0.9055930787264556,2.588133437340347,148.2891227762884
20.057667016983032,0.26232697309166153,0.907415036067464,2.59765692413979,148.83477837614504
20.090941190719604,0.2604963183748252,0.9085102394342622,2.6042981822130677,149.21529443440102
20.157836198806763,0.2571908278622927,0.9104971443742542,2.614341275642997,149.79072130119152
20.190995931625366,0.2549945077884509,0.9117814333063209,2.620822105483028,150.16204549876775
20.25786519050598,0.25136301212524215,0.9138873452736355,2.630668874257881,150.72622379140805
20.291032552719116,0.24903165705216976,0.9151975313959603,2.6365320459798296,151.06215878563614
20.35784888267517,0.24615750986278787,0.9167569365814728,2.644043929672521,151.49255801742052
20.391159057617188,0.24404302408549486,0.9179043287134787,2.6492030241354625,151.78815235625638
20.45772361755371,0.24036138965513487,0.9199026087226696,2.6565094359677124,152.20677891762872
20.491034030914307,0.23788052685591288,0.9212194400138302,2.6608918339458283,152.45787182592144
20.55764675140381,0.2343388919977982,0.9230669656173998,2.6674616586035578,152.83429505095032
20.5909640789032,0.23207934065087624,0.9242212359069807,2.6715179678309964,153.0667044500825
20.65778088569641,0.22827563496590797,0.9261653619175129,2.6779368106194292,153.4344770512177
20.690959930419922,0.22624524412027835,0.9271623748020307,2.683180281879035,153.73490582439126
20.757675886154175,0.22319308933760826,0.9286503552812206,2.6910574319557377,154.18623327837747
20.790930032730103,0.221147365562909,0.9296330859880857,2.69641200686615,154.49302782183074
20.85765838623047,0.21802805888065688,0.9311168859544128,2.704053593347573,154.9308584760005
20.89121413230896,0.21548245120405915,0.9323260224971867,2.708985279229931,155.21342326294388
20.95767903327942,0.21256266123253484,0.9336551934876828,2.7165833925526117,155.64876308859562
20.991009950637817,0.21049173896633586,0.934590873808666,2.7212938324845473,155.9186514163454
21.05769944190979,0.2069792829155854,0.9361751929924154,2.7271297972340705,156.25302756588022
21.090984106063843,0.2050241184036684,0.9370244400268594,2.731247072479971,156.488930060564
21.15763258934021,0.20161277553592227,0.9385162445999893,2.738166244990543,156.8853694431427
21.191188097000122,0.19977006495775243,0.9392878336672138,2.7434478046926385,157.18798052331914
21.257675647735596,0.19649809365071552,0.9406691979541044,2.752601176952921,157.71243012214546
21.29092574119568,0.19452148543213635,0.941472459403226,2.7590221287523597,158.08032356071024
21.357534170150757,0.191758840037753,0.942569114699569,2.769406625318119,158.67531138629633
21.390992879867554,0.19001503356531987,0.9432396248517568,2.7764837431256613,159.08080036778537
21.457698345184326,0.18732181726640879,0.9442628376700771,2.7867780789454573,159.67062236315004
21.490909337997437,0.18480551818718136,0.9452256085474109,2.793218909355036,160.03965476217843
21.557692050933838,0.18190787013749063,0.9462708383336569,2.8032542275586705,160.61463614131748
21.590882778167725,0.17988634357508834,0.9469831846749296,2.8099992648762395,161.00109831227243
21.657705783843994,0.17659322076510706,0.948129853742264,2.8204504447436127,161.59990680960502
21.690993070602417,0.17405295593259704,0.9489958676450696,2.8271436962394114,161.9834018715339
21.75790500640869,0.1709188689797641,0.9500063795589145,2.836619687068521,162.52633615274655
21.79103446006775,0.16887978409982568,0.9506426789209773,2.842256765829199,162.84931697451626
21.85765552520752,0.16563820905582588,0.9516447273752902,2.8501343241714734,163.30066782039663
21.890994548797607,0.1632049762716893,0.9523873455597703,2.8558396037644878,163.6275562620185
21.957904815673828,0.16045871344859786,0.9531698773061881,2.8642503605014076,164.1094571255552
21.991039752960205,0.15839877027621807,0.9537566670705331,2.8702053269702796,164.4506515713635
22.05766487121582,0.1547658631416812,0.9547897309715383,2.879209274839618,164.9665397832324
22.091001510620117,0.15217951318440884,0.9554997563264862,2.8852151506987234,165.31065112223865
22.15771222114563,0.1488257647610862,0.9563735440494618,2.8932683782410678,165.7720670718735
22.191015243530273,0.1466264384829414,0.9569273965894675,2.897397825480321,166.00866697040465
22.257692575454712,0.14343002157135534,0.9577161742155283,2.9031790917877816,166.33990913006332
22.291091442108154,0.14174767000883642,0.9581054247155832,2.9067176672225967,166.5426545679669
22.357715368270874,0.1382273221345635,0.9589634262926878,2.9119172028286195,166.84056601362
22.391031503677368,0.13548740440830392,0.9596235944215394,2.915869748477969,167.06703019766053
22.45766282081604,0.13238673549328706,0.9603215956591304,2.921721701237506,167.40232239269193
22.490989685058594,0.12963767309277513,0.9609538497850181,2.9254810820358648,167.6177190460204
22.557681798934937,0.12610350076972882,0.9617287037213532,2.9303924514050124,167.8991197825024
22.59103226661682,0.12402055092637598,0.9621654407227334,2.9335060454278326,168.07751557912715
22.657713413238525,0.12093683748609763,0.9628059175010829,2.9390720308609337,168.39642305327513
22.69103693962097,0.11857851721997972,0.9632956859670494,2.9427798092148842,168.60886310432647
22.75775170326233,0.11523512760919588,0.9639688900604406,2.948570242047693,168.9406304672004
22.791012287139893,0.11260634517739371,0.9644948178898343,2.9530793945212777,169.19898587311778
22.857721090316772,0.10934930250839614,0.965108159525604,2.9603595845116697,169.61611003362063
22.89102578163147,0.10711312079228144,0.9655165075146194,2.964755641769977,169.86798556101948
22.957686185836792,0.10332868582950722,0.9662050501492148,2.9714600446953225,170.25211955279696
22.991013050079346,0.10149400055070976,0.9665023234651041,2.975631695479753,170.49113753634722
23.057708263397217,0.09842614756373402,0.9670083133828788,2.9814449355038404,170.824211655024
23.090968132019043,0.09618129168369863,0.9673742003703396,2.9853978172904823,171.0506950983127
23.157662630081177,0.09255973263305073,0.9679554479328314,2.9917323713772115,171.41363831257962
23.191097021102905,0.08964540303392904,0.9684155741837877,2.9959505941315596,171.65532467344983
23.25771975517273,0.08590059178006679,0.9689658589527824,3.0023277634806833,172.0207095623948
23.291099071502686,0.08392549409550651,0.969226355576018,3.006748357416299,172.27399093784672
23.357733011245728,0.08065555104682623,0.9696628220688425,3.0136226875347036,172.66786104061097
23.39099621772766,0.07799290553345306,0.9700176850450267,3.018491077826071,172.94679925732876
23.457732915878296,0.07484489955747134,0.9703944134817795,3.025720582471613,173.36101936148856
23.491016387939453,0.07299164068870795,0.9705972851698339,3.02976033232821,173.59247997856014
23.55777668952942,0.06937261590570881,0.9710163445683831,3.0349188613428444,173.88804191959449
23.591002941131592,0.06698010164956228,0.9712767372620188,3.038295216196256,174.08149280283348
23.657708644866943,0.0642879059410223,0.9715341904922254,3.0435849670164776,174.38457319950803
23.69099736213684,0.06188666566328288,0.9717799177005628,3.0480773902429084,174.64197009016905
23.757697343826294,0.05839026389288654,0.972114945305562,3.055237873353719,175.05223555169323
23.790953874588013,0.05639858019569449,0.9722799645682768,3.0597945168834704,175.31331199469358
23.857642889022827,0.052759041579021254,0.9725898162564941,3.0665893423954627,175.70262681905854
23.890960454940796,0.05076654809076092,0.9727304749139467,3.071520567302664,175.98516519407096
23.9576678276062,0.047113578372411924,0.9729978366720147,3.0793472558335937,176.4336014144567
23.990950345993042,0.044439277404134586,0.9731763859289478,3.0840965905325346,176.70571824820104
24.057642936706543,0.040405251191283825,0.9734209161471747,3.0910935690167314,177.10661558468937
24.090935468673706,0.037738667893674804,0.9735596569038244,3.095540259723478,177.361392194986
24.157607555389404,0.03362894125329868,0.9737553628642307,3.102145109883744,177.73982223348554
24.190969944000244,0.030693248684563135,0.9738797206219434,3.1070044431487824,178.01824152081977
24.25783920288086,0.026801446133091128,0.974007027163446,3.1141174015394624,178.4257840164579
24.290996551513672,0.024681505879831978,0.9740475185705063,3.118476822999453,178.6755604672341
24.35774064064026,0.021025962177166735,0.9741278408651757,3.124250293572798,179.00635596422975
24.390900135040283,0.01917154599850035,0.974140817290343,3.1281444217662875,179.2294730745996
24.457845211029053,0.015609059384688706,0.9741919035531762,3.1336205657498706,179.54323301286487
24.491013526916504,0.01319868715020489,0.9742133791705379,3.1371489442625498,179.74539421016604
24.557729482650757,0.00932804668228529,0.974239698494675,3.142254298875531,180.0379094824075
24.5909903049469,0.006654340373453804,0.9742437791374184,3.146259677951524,180.2674007988119
24.65769386291504,0.0029974540434899444,0.9742228334738845,3.1530833633478013,180.65836917274365
24.691155195236206,0.00018996828005743427,0.9741999706110072,3.158010669571655,180.940683023739
24.75767183303833,-0.0037821376061009937,0.9741371749838004,3.164962924112209,181.33901786701344
24.791709184646606,-0.0059017553114117105,0.9740723053051903,3.169628747376743,181.6063498480252
24.8576762676239,-0.009683099880758855,0.9739683090395697,3.1772001471668387,182.0401591010039
24.890937566757202,-0.012077263137387023,0.9738797993421711,3.1819756127717227,182.31377312537364
24.957695960998535,-0.015998560911537257,0.9737274356233483,3.1898005729065613,182.762110315958
24.991015911102295,-0.01839247569390562,0.9736074831525258,3.1953478729062024,183.07994719363037
25.057698965072632,-0.021745607110178866,0.9734151252054498,3.2037806762653362,183.56311123557248
25.09098720550537,-0.024281054340848734,0.973262309102354,3.209669498637335,183.90051590379022
25.157715559005737,-0.028320949714572885,0.9729994838564837,3.219001195728727,184.43518276282148
25.191354990005493,-0.030985898269488263,0.9727968203118798,3.2253212488852467,184.79729513498842
25.257720947265625,-0.034223412034263184,0.9725041062818175,3.2347299107159984,185.3363717487563
25.290931701660156,-0.03661673144888364,0.972280668422529,3.2406601020540045,185.6761466841291
25.357673168182373,-0.039920870432877176,0.9719426222257355,3.24928687162729,186.17042417151023
25.39105248451233,-0.042038966592749055,0.9717071817365568,3.2548933352726888,186.4916508763851
25.457678079605103,-0.04542009882112884,0.9713230929356209,3.263092146143568,186.96140813631246
25.49102807044983,-0.04754550387382274,0.9710592286903266,3.268472607600911,187.26968586965103
25.55767798423767,-0.051330549369923525,0.9705926181873483,3.2767585166979467,187.74443349034024
25.591060161590576,-0.05358021659869805,0.970283247468081,3.282839776536072,188.0928640131872
25.657503128051758,-0.05740556578625297,0.9697516914447251,3.292189321150911,188.62855345998676
25.690968990325928,-0.05964512105121031,0.9694055295758068,3.298105610214276,188.96753185369698
25.757731676101685,-0.062916500777034,0.9688801857571676,3.3061741364868076,189.42982435600348
25.79096269607544,-0.06556282393396691,0.9684544733046251,3.3106911027072377,189.68862745663728
25.857789039611816,-0.06912414235292148,0.9678462614971868,3.3166582254328763,190.03051840465295
25.890991926193237,-0.07135297950217141,0.9674468165367262,3.320137225422348,190.22985042097574
25.957775592803955,-0.07488746509281866,0.9668099756750914,3.326076804945952,190.5701632597606
25.990989923477173,-0.07752229016953296,0.9663280004185282,3.3301815475588556,190.80534768746747
26.05770993232727,-0.08151753546088861,0.9655762672355204,3.3359088640178185,191.13349874850184
26.091136932373047,-0.08427472108968684,0.9650406444047072,3.339708255120103,191.35118782338233
26.15768337249756,-0.08734161343994067,0.964399900335952,3.3455379474134705,191.6852045876522
26.1912260055542,-0.08915840472965117,0.964007252214906,3.349860018916141,191.932841043509
26.257697343826294,-0.09304379059073548,0.9632042462672615,3.3567232928204924,192.3260776718706
26.291178464889526,-0.09512288773193987,0.9627408496046163,3.3610383484207818,192.57331214613149
26.357659816741943,-0.09861695128119266,0.9619641043762606,3.3673131375751377,192.93283108201052
26.391000986099243,-0.10122628389942523,0.9613752636769961,3.3708234429411257,193.13395676428377
26.457702159881592,-0.10532276376433361,0.9604343552284181,3.375849006457523,193.42190034344827
26.49099564552307,-0.10778701387941471,0.9598436359518243,3.379945388731154,193.65660575899952
26.55767512321472,-0.11164550142789528,0.958908653315394,3.3864003083577896,194.0264454107019
26.591004610061646,-0.11436792194269957,0.9582337995772129,3.3903513640775236,194.25282422806367
26.65777826309204,-0.11797020612151682,0.957309979358671,3.396794745532272,194.62200279121362
26.690961837768555,-0.12068933961284303,0.9566069433192999,3.4009380124036723,194.85939449634125
26.757701635360718,-0.1239962753186423,0.9557126145169584,3.407414788289615,195.23048641945786
26.791239023208618,-0.1260474565506235,0.9551423236737425,3.412700206835757,195.53331859511198
26.857710123062134,-0.12979621450048295,0.9541098943430775,3.421321833977085,196.0273014428455
26.890939950942993,-0.13183848139869872,0.9535117899216017,3.4261125281916187,196.30178800227603
26.957681894302368,-0.13528852924769905,0.9525037384726721,3.4328832319221587,196.68972075036945
26.990854024887085,-0.13772337120721173,0.9517788523437267,3.4378838437068007,196.97623470061282
27.057698488235474,-0.14145952446079563,0.9506467013588011,3.4455026904889774,197.41276246598838
27.09106945991516,-0.1438812430996446,0.9498881205667994,3.450069503164903,197.67442155814575
27.157488107681274,-0.14749824165153594,0.9487361557191476,3.456942316993567,198.06820478390736
27.190991163253784,-0.1500413816750829,0.9479116053721839,3.4611988980311996,198.31208891251913
27.257648706436157,-0.1539427371655699,0.946627864196846,3.467131792785958,198.65201874226207
27.290954113006592,-0.1567329697794525,0.945695353037391,3.4713939795666784,198.89622405629382
27.35767126083374,-0.16041147479355172,0.9444288057580741,3.4780005805556162,199.2747544098869
27.390970945358276,-0.16358156534476326,0.943341320207013,3.4833572263390007,199.5816676056214
27.45771312713623,-0.1674343593513789,0.9419629590470583,3.4921536703146416,200.08566672014888
27.4910089969635,-0.16954981945877987,0.9411701436451038,3.4974787966829823,200.39077398642863
27.557809352874756,-0.17343285083054172,0.9397315550298653,3.5039358298697603,200.76073473620693
27.590919494628906,-0.17566789585266912,0.938873562436748,3.5081907571581534,201.0045241119669
27.6576566696167,-0.1796608301006303,0.9373511773581811,3.514119938430793,201.34424117485716
27.69094491004944,-0.181888501810767,0.9364691973015877,3.518443401939686,201.59195738679554
27.757709741592407,-0.1860002072947927,0.9348561624269496,3.5260908686177506,202.03012495141556
27.79091715812683,-0.18859684056902817,0.9338059683026323,3.5319566817632473,202.36621128806487
27.857698678970337,-0.19221564804327235,0.9323076706157932,3.5411674795993404,202.89395113002126
27.890965700149536,-0.1950536957969879,0.9311222631469558,3.5473441390389846,203.2478476474025
27.957677841186523,-0.19865556478682034,0.9295636992126142,3.5568240728047704,203.7910078422456
27.99099826812744,-0.20134869066317074,0.9283842484164737,3.56284324861089,204.13588121208352
28.05769157409668,-0.2049189110531231,0.9267741179744511,3.571159233885247,204.6123520707971
28.090997457504272,-0.20696331797746803,0.9258195805568871,3.5758399618175227,204.88053802636549
28.15772247314453,-0.21083160581191143,0.9240388750713683,3.5827568271336285,205.27684521643877
28.19100069999695,-0.2132435824699499,0.9228986631603358,3.587802970925484,205.56596795852823
28.257741451263428,-0.21686613997194068,0.9211648583795882,3.5951093301710486,205.98459150690547
28.29091715812683,-0.21851909235716444,0.92032784807302,3.599682202009701,206.2465977635145
28.357778310775757,-0.22189705002213234,0.9186661109667145,3.606838071848497,206.65659890402247
28.391047477722168,-0.22441779703677567,0.9174133882143577,3.6116294274435905,206.93112335776772
28.457645654678345,-0.22782068838765004,0.915683736587994,3.618599843601246,207.33049878505116
28.490942001342773,-0.22970915978739984,0.9146922138181551,3.622501215619104,207.55403093598488
28.557755708694458,-0.23304357247190835,0.9129560538611489,3.6282186642210896,207.8816166104616
28.590887784957886,-0.235290365478442,0.9117701887187467,3.6329346289790756,208.15182148742664
28.657962560653687,-0.23927201397866343,0.9096660008990372,3.639551427474139,208.5309361150823
28.690967559814453,-0.24161708104623233,0.9083890012536944,3.643419419162827,208.7525557140358
28.757875442504883,-0.24488025138113392,0.9065872855646648,3.6501124122630992,209.13603597099157
28.79094672203064,-0.247097618409089,0.9053484734109013,3.655367662890523,209.43713965222645
28.85778570175171,-0.2502997219460589,0.9035346298893792,3.663540799746357,209.90542589944855
28.89096426963806,-0.2521394809086345,0.9024614968863828,3.6690350442401094,210.22022292055357
28.957704067230225,-0.25563831460643754,0.9004389845525202,3.6773497235439927,210.69661895267083
28.990968942642212,-0.2580576957632763,0.8990135199116769,3.682923818598319,211.0159910738885
29.057774782180786,-0.2610976247933259,0.8971717807077674,3.691326758866393,211.49744408674965
29.09095335006714,-0.26314391208185806,0.8959140225039732,3.6969060536402516,211.81711412995114
29.15772581100464,-0.26635672038226366,0.8939237111639136,3.70466815291708,212.26184965867498
29.190958976745605,-0.26921380071985124,0.8921552457362908,3.7095066873998013,212.5390772635634
29.257818937301636,-0.27236730591471275,0.8901286366032589,3.7171682143479683,212.97805042231911
29.29123616218567,-0.2746082129737293,0.8886756613771709,3.7225387558206378,213.28575978240306
29.357670068740845,-0.2775842606967339,0.8867060616608883,3.730576936036673,213.74631358374745
29.390954732894897,-0.27980983368462875,0.8852250672869831,3.7358433730847733,214.04805819967493
29.457650423049927,-0.2826104574064072,0.8833148928223385,3.7435241754445783,214.48813575816587
29.490954160690308,-0.284594871234046,0.8819503650952564,3.748043079772284,214.7470499041668
29.557737588882446,-0.2878030699579624,0.8797353989043233,3.7556206789226056,215.18121435432215
29.59098792076111,-0.2898795483644263,0.8782729878766532,3.7613321347955315,215.50845667071601
29.657806396484375,-0.29285150368948387,0.8761483175852064,3.770341639987547,216.0246632937197
29.690932750701904,-0.2952442821591368,0.8744290690739727,3.7757568111622897,216.33492974737337
29.75801420211792,-0.29821946206702965,0.872231832689885,3.783293747128603,216.76676436870346
29.790940046310425,-0.30047310370924124,0.8705589710280247,3.787828523886856,217.02658793798537
29.857740879058838,-0.3033061832910855,0.8684069374149764,3.7949372389521296,217.4338873089866
29.890925884246826,-0.3055442129668589,0.8667059915571738,3.7994017009217287,217.6896821376413
29.957797050476074,-0.30881013182161116,0.8641911672003612,3.807119330597223,218.13186974589206
29.990954399108887,-0.3107977887430381,0.8626247494312141,3.8127367463364084,218.45372395951773
30.057692766189575,-0.3141547153776515,0.8599722746747187,3.82179759368032,218.9728722711362
30.091001272201538,-0.31666226460122093,0.8579649432385033,3.828286484493294,219.3446583284408
30.157715559005737,-0.3201636446661047,0.8551031185291954,3.8385631473957416,219.93346774022973
30.191238403320312,-0.32208847465305807,0.8534706314969781,3.8453418117866622,220.3218566005651
30.257733821868896,-0.3249615761206508,0.8510106561656668,3.8556016148131587,220.90970001261888
30.29093861579895,-0.32687264870986954,0.8493466324482599,3.8617847494790696,221.26396753313662
30.357669591903687,-0.32987690030128664,0.8467120943698249,3.870080254684983,221.73926497036427
30.391005039215088,-0.3318703683392714,0.8449342501448162,3.875027399515717,222.0227154898053
30.457653760910034,-0.3350635425425518,0.8420704194162546,3.882433270880502,222.44704066262426
30.491066932678223,-0.3369288153341681,0.8403535535165726,3.8875064426314863,222.73771199270064
30.55769419670105,-0.3395483117959792,0.8379119785159863,3.895037151619803,223.16918983447243
30.59111714363098,-0.3417069947476202,0.8359064588290483,3.90027130453722,223.4690847059665
30.657700061798096,-0.3445067473405886,0.8332453684765035,3.9077287189316072,223.896363076845
30.69100522994995,-0.34633077210530455,0.8314852235147439,3.9135608119251035,224.23051739110016
30.75769829750061,-0.34929020129821453,0.8286146751127306,3.922991814349617,224.77087402660246
30.790968418121338,-0.3512847382450509,0.8266431471101918,3.928978624171219,225.1138929621277
30.85768461227417,-0.35380816255542624,0.824086160514205,3.93805047072277,225.63367148192188
30.89122223854065,-0.35538348113952845,0.8224593329631588,3.944157609001821,225.9835847302143
30.957679748535156,-0.3581162251047414,0.8196420594834317,3.953328139997544,226.50901745216314
30.99098563194275,-0.3597673790839727,0.8178941229361807,3.959425674751284,226.85838045898677
31.057655811309814,-0.36245973011346644,0.8150312487531255,3.9687015411779663,227.38984845656276
31.09098720550537,-0.36369744493870465,0.8136463064097037,3.9751026960349383,227.75660761387692
31.157960653305054,-0.3662080141085371,0.8108936922477743,3.984970566389273,228.32199493796256
31.19128108024597,-0.3680924500397683,0.8088018002292423,3.991688843568248,228.7069238659169
31.25784397125244,-0.37050247206910114,0.8060511672738686,4.001670490453876,229.27883010505326
31.291041374206543,-0.3722538951853106,0.8040289226591678,4.007812883786937,229.63076331914698
31.357718229293823,-0.3749140813274252,0.8009164114699981,4.016552565058484,230.13151017029617
31.391027212142944,-0.37644456957887124,0.7990706061716658,4.022168986168857,230.45330739588871
31.457643508911133,-0.37887327007711313,0.7961277705582424,4.030003552460888,230.90219497873755
31.490976810455322,-0.3805652893994339,0.7940532661800547,4.03557110504952,231.2211922442833
31.5576434135437,-0.38305376947108205,0.7909607421581089,4.043836139688873,231.6947438466476
31.590935468673706,-0.3845335503097226,0.7890743230782048,4.0496800634514765,232.02957601404103
31.657743453979492,-0.3868783054264101,0.7860692530228165,4.058362664472332,232.52705240773204
31.690969705581665,-0.3885982829397697,0.7838425774119033,4.063889272693883,232.8437037338492
31.75769019126892,-0.3910057622744696,0.7806686219521969,4.071514686122268,233.28060774033804
31.79096221923828,-0.3926895229867188,0.7784215634847318,4.076669935027938,233.57598174497235
31.8576557636261,-0.39498139966379153,0.7753052201337378,4.084701248944009,234.03614213630794
31.89111328125,-0.3961314308601864,0.7736790075266542,4.090683900678535,234.37892283099288
31.95765209197998,-0.3982425944783711,0.770730027339164,4.099771510432048,234.8996045157311
31.99100613594055,-0.39987231703709053,0.7684362691452569,4.105939230191309,235.2529888271562
32.0576605796814,-0.4020425981945489,0.76530712744567,4.115755526177535,235.81542115761818
32.0910165309906,-0.4034690873353068,0.7632065729529226,4.1224933423720955,236.20146958870137
32.15798997879028,-0.4055017070029898,0.7601604313203189,4.13289867242977,236.79765108544672
32.19094371795654,-0.4069735847646624,0.7579248227727136,4.139983092102008,237.20355843296542
32.25769233703613,-0.4090376580022318,0.754721080896198,4.150644101608684,237.8143892830468
32.29100012779236,-0.41031166952953346,0.7526857885769709,4.1575446761364665,238.20976307970423
32.35766839981079,-0.4123099433015906,0.749464913142191,4.167841671054871,238.7997374301965
32.390984773635864,-0.41340065796707254,0.7476338873948405,4.174217386956243,239.1650390427195
32.457499980926514,-0.4152491134004659,0.7445387523375245,4.182599235470539,239.6452835871067
32.49101233482361,-0.41661324730977856,0.7422324989232083,4.188118301693061,239.96150278851042
32.55768394470215,-0.41835455741061545,0.7392054520304185,4.1960928986238315,240.41841353596155
32.59101629257202,-0.41983039846369347,0.7366483467199516,4.200915024083877,240.69470097310474
32.65779423713684,-0.4216966853840784,0.7333202838657492,4.209142889262594,241.16612292224787
32.69101095199585,-0.4227098026685743,0.7314457551914042,4.215334697220976,241.5208873858187
32.75783681869507,-0.42443331684847296,0.7282670508611381,4.224738922153984,242.0597097840717
32.791086196899414,-0.4257657517489831,0.7257881438331591,4.230976099487032,242.41707372133004
32.85793399810791,-0.4274581711194065,0.7225371285877147,4.2404362872527575,242.9591025537074
32.89102220535278,-0.4284798901784736,0.7205159110211891,4.246713246838263,243.3187458461311
32.957704067230225,-0.4298945014155188,0.7176632060568415,4.256005784801788,243.85116905240614
32.991087675094604,-0.43102599819638493,0.7153830283283809,4.262355589854016,244.21498608262962
33.05768418312073,-0.43265540903280647,0.712028024621401,4.271432877745148,244.7350763682167
33.091054916381836,-0.4337462877816536,0.709729287444898,4.277002401737628,245.05418658688265
33.15765953063965,-0.4349465965749273,0.7070807032489046,4.285126284661525,245.51965079168036
33.19097852706909,-0.43576952738653535,0.7052538239857065,4.290800933062435,245.8447841952732
33.25767230987549,-0.4374015919325255,0.7016801033928538,4.29895903006514,246.3122087223865
33.291027307510376,-0.43848965598483197,0.6992317386807729,4.304041800218036,246.60343000038247
33.35777235031128,-0.43998971550721094,0.6957735061683746,4.311731088926455,247.0439937908325
33.39098620414734,-0.44098228848393384,0.6934369386960225,4.316752679545487,247.33170973974552
33.45773267745972,-0.4423237912299378,0.6902032007288106,4.323559380325765,247.72170496686388
33.490992069244385,-0.44317918700565867,0.6881012737570341,4.327669598760348,247.95720313604235
33.55765986442566,-0.4444126830209864,0.685031805946456,4.333493284142932,248.29087572967643
33.59093356132507,-0.4454705406233592,0.6824229010977665,4.338202782451253,248.56071010636722
33.657644748687744,-0.4469079324726618,0.6787844316322885,4.3459803459243,249.00633166826793
33.690956354141235,-0.44765870703517496,0.6767892361053164,4.351059411535591,249.2973406916649
33.75798225402832,-0.4489334862837139,0.673417779099918,4.358554911115519,249.7268011829369
33.791000843048096,-0.4499228555275039,0.6707811365536864,4.36275901248548,249.96767844808082
33.857943296432495,-0.45122375543216187,0.6672141336333067,4.369489672056062,250.3533168348145
33.89097619056702,-0.45197705385949055,0.66507687467547,4.374248154806305,250.62595781328926
33.95802855491638,-0.45333539900568165,0.6612532797188572,4.380828840613756,251.0030033363578
33.99095392227173,-0.45425663763991825,0.6586014461497431,4.384288864258956,251.20124808824323
34.057679176330566,-0.45544270499542316,0.6550918997878888,4.390391926450732,251.5509277939379
34.090989112854004,-0.456102776590963,0.653067714223166,4.394620491639008,251.79320673262205
34.157734870910645,-0.45747751550089216,0.6489551976704767,4.4013206652307995,252.1770984014367
34.19097566604614,-0.45834153421592894,0.6462853430704799,4.405879691924337,252.43831138966388
34.257713317871094,-0.45964755378783206,0.6421856023984229,4.412203721337472,252.80065158455312
34.2910578250885,-0.4603865524620569,0.6397693393060611,4.41621647561011,253.03056546859835
34.35789394378662,-0.4614204997440349,0.6363317719214904,4.422885270737483,253.41265928383424
34.39101195335388,-0.4621436181765901,0.6339002346213567,4.42701218294441,253.6491139357122
34.457682609558105,-0.46303857960494693,0.6307848617391496,4.4333078841487055,254.00983104379375
34.49093556404114,-0.4637029711127685,0.6284693734745127,4.4377962839304175,254.26699740805327
34.55768656730652,-0.4646794715721055,0.6250052753442021,4.4447911350021965,254.66777285278877
34.59094715118408,-0.46539630891136563,0.6224263747230163,4.449684767380451,254.94815733455133
34.65772461891174,-0.46638003003410283,0.6187761040028245,4.456979799053135,255.36613186081038
34.69113111495972,-0.46698357670986157,0.616452484866452,4.462202313089794,255.66535987355874
34.757705211639404,-0.46796166949075685,0.6126530660500302,4.470249328880604,256.12641991604727
34.79093098640442,-0.4685326219349131,0.610322621829382,4.475615090294264,256.43385539892415
34.857874393463135,-0.4694611715481932,0.606499620669464,4.484101695081091,256.9201020356049
34.89100193977356,-0.47006939970883915,0.6039000707882658,4.490351307004639,257.2781784224188
34.957661151885986,-0.4710559666311889,0.5996088923144031,4.49975277024269,257.81684258720657
34.99098610877991,-0.4715147169062819,0.597399081228483,4.505651797357904,258.15483194414156
35.05769324302673,-0.47233309329868356,0.5935077955241289,4.514508040845403,258.6622573183154
35.09091567993164,-0.4729232239433593,0.5906241326061316,4.520439831852226,259.0021239079601
35.15765595436096,-0.4736571060525152,0.5868094149833945,4.5289188508089735,259.4879359085931
35.191190242767334,-0.4741140942976543,0.5843197194798995,4.5345275996791194,259.80929354720126
35.25763154029846,-0.4748217783348037,0.5803919932120765,4.5423336748868595,260.2565487111665
35.29103207588196,-0.47521827266444494,0.5780296996721873,4.547003324460697,260.5240999235524
35.357635259628296,-0.47590309612291043,0.5739756855469231,4.554141878040538,260.9331089155053
35.39090394973755,-0.47629810433102937,0.5714734880963004,4.5594138632958305,261.2351714202888
35.45765519142151,-0.4768804515115083,0.567678230291064,4.567556467264573,261.7017082619442
35.490981578826904,-0.4772447542845813,0.5651676579356506,4.572527623797712,261.98653455059195
35.557639598846436,-0.47772658819392544,0.5616665823014092,4.579610643444233,262.3923616825458
35.59097242355347,-0.4779969128456123,0.5595527920130424,4.584459697212358,262.6701919980914
35.65767216682434,-0.4784564702124054,0.555989517694939,4.591863011615483,263.0943706677989
35.691015005111694,-0.4787677376412825,0.5534650588779071,4.597338681607401,263.4081034483422
35.75773072242737,-0.4792033221648905,0.5497321167032633,4.60599622240307,263.90414399689644
35.79096865653992,-0.4794761731178381,0.5472039721120887,4.611634640841944,264.2272015765726
35.85765218734741,-0.4798773748506173,0.5432996691787342,4.620635927442269,264.74293730895886
35.890987396240234,-0.4801970241974959,0.5400963868717299,4.627196735103617,265.1188438981512
35.957679271698,-0.4804513707485185,0.536788316945712,4.636311995623386,265.6411098550962
35.99096608161926,-0.4806302045163312,0.534391574147065,4.642168969534425,265.976689740917
36.05768442153931,-0.4809278246435823,0.5303356131854543,4.650750945162323,266.46840072427966
36.09101152420044,-0.48108265453130983,0.5278000430259521,4.656723650910059,266.81061155589845
36.15772223472595,-0.48129388215759644,0.5239909139583201,4.665198633256088,267.2961922757738
36.19095277786255,-0.48143581993591084,0.5211841782516082,4.670315782954747,267.5893833566436
36.257673263549805,-0.4816266254376769,0.5169114329321872,4.677970311008638,268.02795550829603
36.290964126586914,-0.4817062439026635,0.5143811005028971,4.683429997404157,268.3407724962243
36.35768151283264,-0.48177646397431845,0.5110922930198257,4.691652570127719,268.81189121002376
36.39096236228943,-0.48181656771932757,0.5088254442161974,4.6972846296613895,269.1345844512695
36.45771503448486,-0.48188550620865833,0.5049325825175596,4.705534401922934,269.60726158380015
36.490957260131836,-0.48191048203862785,0.5022542418383267,4.711376826979956,269.942007881689
36.557673931121826,-0.48192469835234264,0.49816128081127664,4.720595247969941,270.4701844981899
36.59112095832825,-0.4819203781144439,0.4949450309984683,4.725935986997476,270.7761863039485
36.657912254333496,-0.48186593238205977,0.49059533198398525,4.733744205901311,271.2235642926525
36.69096112251282,-0.48179584979572215,0.4883437857409199,4.738963150806363,271.52258780922324
36.75770854949951,-0.48168536761759345,0.4847663542882138,4.74660549815483,271.9604620578634
36.791001081466675,-0.48159815706857884,0.482229287089595,4.751896729359434,272.2636272743151
36.85767364501953,-0.4814450114846043,0.47798836141368406,4.759501974964679,272.6993757496561
36.890937089920044,-0.4813221188909984,0.47559894400521524,4.764522794570526,272.9870475227677
36.95765805244446,-0.48112339496332174,0.47191867313540753,4.772703950912579,273.455793252704
36.99099040031433,-0.4809704735818001,0.46938308045307553,4.7779501138963445,273.7563762503115
37.057740926742554,-0.48071221197519354,0.4653027359584732,4.78619526460872,274.2287885875799
37.09099769592285,-0.4805168297386159,0.46263731808261505,4.792333968872257,274.5805104335596
37.157745599746704,-0.4801798819275088,0.45822781608606633,4.801488159273759,275.1050069084248
37.19099402427673,-0.4799379985393331,0.45557075887232273,4.807137835103699,275.42870948909746
37.2576858997345,-0.479544207982154,0.4514079899279601,4.815888783584519,275.9301019037848
37.29100227355957,-0.47926485328025403,0.4487561665499765,4.821563492082492,276.25523875068575
37.35769867897034,-0.478800601770608,0.4444562296144185,4.829800803838218,276.7272019488223
37.39099073410034,-0.47847224620190326,0.4416756529032971,4.835362279528817,277.04585103375825
37.45771622657776,-0.4780316891284633,0.43836005877191825,4.84341238739789,277.50708823928113
37.49093961715698,-0.47768597501890486,0.43570397704467934,4.848779937892823,277.8146262289642
37.55768704414368,-0.4771345981711025,0.43162757934413454,4.857295047476354,278.3025060701919
37.59097933769226,-0.47673466706948886,0.42884920759257533,4.862969928620302,278.6276528089785
37.65771698951721,-0.4761306834006734,0.42487622147771675,4.871166657995085,279.09729080796444
37.690990686416626,-0.4757572235674309,0.4226463080773926,4.876225425198322,279.38713681824913
37.757805824279785,-0.4751520708473591,0.4190209603889791,4.883778933906641,279.8199209877512
37.79104018211365,-0.4747382065015443,0.416653771178502,4.888536702492475,280.09252104761936
37.85768914222717,-0.4741390662164644,0.4133561468957505,4.895917420458285,280.5154050368367
37.89096999168396,-0.4737014347215949,0.41098907411747004,4.900489579075892,280.7773704288899
37.957751512527466,-0.4729856866229239,0.4071723934252224,4.907538924405147,281.18126816458647
37.990949392318726,-0.4724737049425834,0.404544850436982,4.912990663372011,281.4936297983948
38.057677268981934,-0.4717404498784953,0.400960075682356,4.921472652661077,281.9796119865334
38.0910165309906,-0.47128622662768055,0.3988799241181208,4.927107740262913,282.3024787233051
38.15769171714783,-0.47049518969579013,0.39522345964204714,4.935452351107588,282.78058970638415
38.19097399711609,-0.4700132623514647,0.393145484179823,4.940595590689695,283.07527562746344
38.257601261138916,-0.4690954011306129,0.3890948366295894,4.947836181562391,283.4901309256499
38.29102635383606,-0.46858470609426783,0.387026249667412,4.952724422273417,283.77020648763573
38.357698917388916,-0.46784493772493657,0.38408615743821656,4.959955000028602,284.184488076449
38.39100742340088,-0.4672313966577949,0.38161198765950194,4.964187300195412,284.42698101363976
38.457701206207275,-0.4665017381637105,0.3788555349616126,4.970179455283899,284.7703062103979
38.49099135398865,-0.4658641187656207,0.37638138473891747,4.974463044142524,285.0157377731664
38.55775547027588,-0.4649196354944086,0.3728210754564345,4.981328597101652,285.40910498174793
38.591065645217896,-0.46431391481892687,0.3706317892301122,4.986206594562995,285.68859364875846
38.65780210494995,-0.46321429094216965,0.3666381561014237,4.994415045701044,286.15890325530796
38.69104552268982,-0.4624415739458774,0.3639342068678395,4.9999678769920175,286.47705705262894
38.75770425796509,-0.46135238580054694,0.36026077561518666,5.008187241195591,286.9479919317746
38.791112184524536,-0.4606120578010344,0.3578367368405969,5.013980023316084,287.27989389891775
38.85767459869385,-0.45936195108107125,0.35377382307922317,5.0223580075313485,287.7599170352796
38.89095902442932,-0.45858367775466735,0.3513622406747453,5.027675071377301,288.06456235305427
38.957669258117676,-0.45738598536636443,0.34770399360294413,5.035344485622649,288.5039874206502
38.991047382354736,-0.4564624768588581,0.3449073126104568,5.040575857112057,288.8037229280584
39.05768275260925,-0.4552062909593223,0.3412390228726042,5.048068911647542,289.233043328603
39.09102463722229,-0.45432724860568763,0.338717676070141,5.053019936786486,289.51671617332767
39.157686710357666,-0.4532076768782172,0.33563024429165733,5.059851837071081,289.9081552256892
39.191014528274536,-0.452428820349262,0.33349833017343133,5.064994055876475,290.20278266057113
39.25780987739563,-0.4510945679278707,0.3298448380691257,5.073100181864326,290.66722946787627
39.29097294807434,-0.45015592532415155,0.327337628098455,5.079020329997593,291.00642897000466
39.357662200927734,-0.4488854920427329,0.3240558882488099,5.088053484885062,291.52399062074466
39.39090871810913,-0.4479563942962554,0.32169194128644857,5.094236890325307,291.87827365548895
39.457581520080566,-0.4465987148266771,0.3183179754654739,5.1040998038303345,292.44337697302956
39.49086880683899,-0.4457728305167249,0.3163496645152693,5.11049897886495,292.8100226948785
39.557655334472656,-0.4442329065667502,0.31264299078736846,5.11967346268926,293.3356818972225
39.590999126434326,-0.44322762597508325,0.3103079180015346,5.125584225475807,293.67434365859464
39.65773797035217,-0.44175922539824475,0.30696838932634957,5.133480437233292,294.12676326644015
39.690934896469116,-0.4408255668098423,0.3049026990484198,5.13843048005632,294.41037982860865
39.75767970085144,-0.4392777215263759,0.3014805338513143,5.145899253883434,294.83830904704007
39.790953397750854,-0.438213558690438,0.2991740269684777,5.1511120609435705,295.1369808910019
39.85783910751343,-0.43655238039384403,0.29561684225934515,5.159253641764091,295.6034591105824
39.89095640182495,-0.43540244870818046,0.29320596460872456,5.164624088164135,295.9111630234061
39.95766353607178,-0.4337302895996028,0.28976842701806954,5.173041954264794,296.3934712234801
39.990933656692505,-0.43271312381362,0.2877434165600199,5.179177632451401,296.74501968802315
40.05758452415466,-0.4310750851618087,0.28449892390538145,5.188154957378821,297.2593825176819
40.09097242355347,-0.4299144610799884,0.2822387725177846,5.194055961077562,297.5974851245109
40.15767502784729,-0.42816540862317237,0.27888788988537583,5.202536794631444,298.0834010939012
40.19093680381775,-0.42703044391935013,0.2767687754071033,5.208564778961321,298.4287791549742
40.25766324996948,-0.42510773305412414,0.27318934512642595,5.217866600487765,298.9617342702234
40.29093933105469,-0.4239381796745303,0.27108985805491603,5.2232448514523195,299.2698853516545
40.35770058631897,-0.4220815426207283,0.26777642450660194,5.23106761229392,299.7180965320184
40.391047954559326,-0.4209502038059694,0.26581411467133526,5.236342828544055,300.02034415917
40.457661628723145,-0.41906743019542525,0.2625492708206087,5.244262685091665,300.47411851369714
40.490962266922,-0.41771418504580127,0.26023502502245105,5.24971705773926,300.7866310462959
40.55752730369568,-0.41576864350724496,0.2569697292369334,5.257718008078581,301.24505173283274
40.59098434448242,-0.4143192200523644,0.254561501625879,5.263176363760488,301.5577924764873
40.65770602226257,-0.41223495003113564,0.25116431263729744,5.271118687305098,302.0128540951208
40.69097924232483,-0.410957840125277,0.2491385723387492,5.276270033137893,302.30800447015224
40.75766730308533,-0.40884381819175164,0.2457886100720762,5.284453112784958,302.7768603973485
40.790894985198975,-0.40767736425054174,0.24400894675901913,5.289772571175236,303.0816429124069
40.857664823532104,-0.40539700080472096,0.2404760527979393,5.297482795114262,303.5234062032138
40.89103364944458,-0.40413516201297145,0.238594352584294,5.302402086703239,303.80526084945643
40.95765233039856,-0.40194935146487815,0.23531891000847377,5.309376145492228,304.20484498414163
40.99094319343567,-0.40059700664493664,0.23333971567545733,5.31351819905958,304.44216717206797
41.05767297744751,-0.39852758525266513,0.23032886857847246,5.319939239308738,304.8100656784283
41.09096336364746,-0.39715280158489574,0.228356268735246,5.324284811884702,305.0590486465989
41.15765690803528,-0.39514574795616747,0.22550687980666245,5.33121420335656,305.4560735325303
41.19091248512268,-0.3936743337894921,0.22343203960138935,5.335789388868836,305.7182123528731
41.257649421691895,-0.3915621346281977,0.2204961998713561,5.342630701560286,306.1101906964225
41.29102802276611,-0.38991363109540267,0.21821434393303177,5.347141191580194,306.3686227380991
41.357649087905884,-0.38781860856073963,0.2153851978036113,5.354146580951898,306.77000198294354
41.391005992889404,-0.3863012825977755,0.21334985759598976,5.359397755581755,307.0708721267205
41.45764493942261,-0.38402436642646737,0.21033260776248214,5.367328853978282,307.5252905917445
41.490925550460815,-0.3824767808487453,0.2083150201009457,5.372516941714339,307.8225461227641
41.55761790275574,-0.38006871198405257,0.20520364558639984,5.379813598064076,308.2406137361614
41.59091591835022,-0.3783364992295998,0.20299180627664645,5.384230104956133,308.4936609412667
41.657716274261475,-0.375852664593974,0.19986726999910062,5.3907568942132675,308.86761841947185
41.690922021865845,-0.37401428162084815,0.1975702652394074,5.395085589444536,309.1156343870219
41.75764036178589,-0.37138045616618665,0.19432853988297585,5.400570253559358,309.42988249284804
41.79095530509949,-0.369600396820956,0.19216243730474142,5.404738344324025,309.66869650229097
41.85777401924133,-0.3669231139443611,0.18893342091315235,5.411385810517923,310.0495682596572
41.89101243019104,-0.3652041523171152,0.18689494409747964,5.41581673371763,310.30344145834704
41.9577100276947,-0.36276602157770527,0.184038575713034,5.422446283803953,310.6832866983639
41.99093461036682,-0.36102610768657345,0.1820136840297975,5.427023001646209,310.94551331474736
42.057706117630005,-0.35822102254642885,0.17876753885961041,5.43437002822015,311.3664669294047
42.091166257858276,-0.35645809304942194,0.17676970153216207,5.439922691390775,311.6846110941392
42.15766143798828,-0.354145626805935,0.17420278256149171,5.4480834687743,312.152189195761
42.19091725349426,-0.3522659585392746,0.1721126520568905,5.453312184378,312.4517725321272
42.257611989974976,-0.34976326315059636,0.16938779581352012,5.46091947210958,312.88763801268846
42.29094481468201,-0.34767852176427794,0.167116787299332,5.465703272732568,313.16172959841765
42.35765790939331,-0.34530669663747104,0.16461679089407066,5.472796641955037,313.56814971739317
42.390990257263184,-0.3436493864146484,0.16288026963742075,5.477823656597826,313.8561764399754
42.45765018463135,-0.3410260835920462,0.16014788792177617,5.485233799468918,314.2807463520779
42.49095344543457,-0.3392529018194194,0.15832740200863554,5.490377742291114,314.5754725658464
42.557607889175415,-0.3366882364801787,0.15572961067472607,5.497363865219909,314.9757479248259
42.590917348861694,-0.3347089207357602,0.15373301899035052,5.502264515912799,315.25653452639636
42.65766906738281,-0.3318926618168351,0.15093734059308966,5.510057259902336,315.70302586782276
42.69097852706909,-0.32998208237464244,0.14906992357402907,5.51512414541645,315.99333702305745
42.757715463638306,-0.3273167700862241,0.1465065006824438,5.522768995537571,316.4313546700078
42.79091167449951,-0.3253803152121267,0.14465917099123385,5.528591616288632,316.7649662647489
42.857635498046875,-0.3222861926552326,0.1417333107908569,5.537473335706135,317.2738513021912
42.89105749130249,-0.3202296719988025,0.13982919745944483,5.543039921066604,317.5927931496454
42.95763802528381,-0.3174542366840769,0.13731085248181177,5.551634838954846,318.08524566990314
42.99095582962036,-0.3155663913497843,0.13562077949126347,5.557694895527079,318.43246133510263
43.05770540237427,-0.31259231597610454,0.13298020079780604,5.5668171224069365,318.95512643507925
43.091097354888916,-0.3107776701514119,0.13141127511808476,5.573039921085607,319.31166653612667
43.15762758255005,-0.3076716600176262,0.12872885065286394,5.582410254948032,319.8485471190721
43.19091749191284,-0.30593493527105214,0.12728189178834862,5.588669825807898,320.2071941109055
43.25768756866455,-0.30269259478278815,0.12456088433841331,5.59763890934253,320.7210847435402
43.29097080230713,-0.30021287323800777,0.12250591299942151,5.603966351065079,321.0836204493572
43.357789516448975,-0.2971517527251163,0.12004900810514885,5.613559464349539,321.63326535294766
43.39101529121399,-0.2949544553664497,0.11830646105124225,5.619701344173116,321.9851691451152
43.45768857002258,-0.2917677241950409,0.11582023313992885,5.629010099495165,322.5185215375886
43.491002798080444,-0.28974985130667663,0.11428258839544467,5.635129728805918,322.86915046927925
43.55771350860596,-0.28689132988303434,0.11213845542157129,5.643868505901491,323.3698455149612
43.59135127067566,-0.2851738259553179,0.11088133883706883,5.650022584283554,323.72244823304607
43.65793752670288,-0.2822605061887774,0.10874348013641365,5.65921828836533,324.2493232665831
43.690982818603516,-0.28020013951810047,0.10725338921483318,5.665015764439236,324.58149417744596
43.757705211639404,-0.2766739397310648,0.1047159789638378,5.673040966569934,325.04130438927433
43.79103326797485,-0.2743756325953016,0.10310134432882631,5.678337763103688,325.34478847559797
43.857656478881836,-0.2715333757923226,0.10116258077810264,5.685458486933939,325.7527758981496
43.89097237586975,-0.2697650943396493,0.09997575701469272,5.6906255587290255,326.04882730444916
43.95769548416138,-0.26654206958191323,0.09779325439623812,5.6984474800205085,326.49699038213464
43.99099040031433,-0.2643130029850076,0.09630923185965778,5.703231737842424,326.77110816343287
44.057677268981934,-0.2607764286295535,0.09397534012515724,5.710425661113334,327.1832896049969
44.090949296951294,-0.2587560799201252,0.09268377010874815,5.7154953330263725,327.4737604091301
44.15774130821228,-0.25564667980831296,0.09070912247125382,5.723304267883854,327.92117941895634
44.19096279144287,-0.2537208887592262,0.08951290333225337,5.729228097846804,328.26058987438654
44.25762176513672,-0.250758144196843,0.08768743536048963,5.7377654273083225,328.74974282084423
44.29104781150818,-0.2488134030340109,0.08651235234516566,5.743236177874552,329.06319373905797
44.35765290260315,-0.24537714498015392,0.08443293915370952,5.751882843632515,329.5586111938496
44.39098644256592,-0.2429580708412842,0.0829974646528013,5.757621516031526,329.8874129023211
44.45767855644226,-0.23964789451837543,0.0810796794474777,5.7656954007103005,330.3500124186902
44.490986585617065,-0.23720579535519964,0.07967936826042415,5.770709059694329,330.63727391839285
44.557658195495605,-0.23385290724975913,0.07779750312939238,5.777845909467821,331.0461852894329
44.590996742248535,-0.23151514190313016,0.07650194258982712,5.7827649342844945,331.3280246507484
44.65768218040466,-0.22801679335387345,0.07458716604253002,5.790639185205907,331.7791859953723
44.69093346595764,-0.22566356766935536,0.07332342955851592,5.795821669919885,332.07612049687435
44.75768232345581,-0.22237881056090636,0.0715928579496273,5.8040069531979785,332.5451026828281
44.79091715812683,-0.21989183224930894,0.07029098127036904,5.8093785618619815,332.8528731884714
44.8576340675354,-0.21633479411712025,0.06846611085194848,5.816907719844918,333.28426216418086
44.89092540740967,-0.2141917577505778,0.06739817564082769,5.822261171316647,333.59099233933904
44.95774745941162,-0.21101611610639787,0.06583377648128094,5.831272992150998,334.1073316388754
44.99101114273071,-0.2088551409776355,0.06478761324490166,5.837460652923417,334.46185848619365
45.057626724243164,-0.2053254982578792,0.0630918902392458,5.846276123889254,334.96694776695625
45.090961933135986,-0.20302393736507057,0.06201628996666863,5.851925812934964,335.29065110483674
45.15765357017517,-0.19982953200718787,0.06055667318106339,5.860063643890903,335.75691447300295
45.19097566604614,-0.19751232221922854,0.05950912286285593,5.865079793016966,336.0443186473346
45.257731914520264,-0.19406053760043016,0.05797288366088642,5.872993931307985,336.4977653698928
45.29096269607544,-0.19173176794103228,0.0569580082101368,5.878710998673871,336.82532920115005
45.35767340660095,-0.18863823539321734,0.055648191132025716,5.8867392520340225,337.2853142355485
45.39093995094299,-0.18629331357709522,0.05465999511448431,5.891611233095039,337.5644581882124
45.45767378807068,-0.18268933404711452,0.05316197929017599,5.898398808509349,337.9533576125791
45.490955114364624,-0.17996031052971492,0.05204026084979825,5.902900173297138,338.21126681696825
45.55781579017639,-0.1765201852372064,0.05067397386767021,5.91025737439,338.6328033886183
45.590946197509766,-0.17415732666758432,0.04974990617668662,5.914526182790983,338.8773880935446
45.65768241882324,-0.17060103882273142,0.04837703606985275,5.9198971963991545,339.18512450500015
45.691014766693115,-0.16835128501094118,0.04752690806066133,5.924119392352154,339.4270385133842
45.75807857513428,-0.16467101883977145,0.04613968346160298,5.930407213792189,339.7873041442301
45.79100942611694,-0.16241445931759194,0.04531427437091856,5.934708356209697,340.033741451838
45.85766911506653,-0.158710581400195,0.04396297099143533,5.941181261883319,340.40461162812284
45.89101433753967,-0.15670466634188696,0.04326335647908403,5.945132157997649,340.6309813007686
45.95785188674927,-0.1531582733202505,0.04201294077538847,5.9505311610626626,340.94032138997204
45.991021394729614,-0.15113877727084687,0.04132638816682074,5.9546735499848165,341.17766279231324
46.05772161483765,-0.1477420362109611,0.04016676623821608,5.961612948691311,341.57526105055393
46.09100604057312,-0.14571574455767702,0.03949972014290283,5.966097080915955,341.83218290180463
46.157613039016724,-0.14192537232737054,0.03823823019874591,5.973116079680972,342.23434190744763
46.19089889526367,-0.13963606437696707,0.03750681885370458,5.977652662192535,342.4942689387731
46.25789475440979,-0.1360457135974982,0.03637095459150788,5.985301697822751,342.93252639772965
46.29262971878052,-0.13361657303405677,0.035622841589442,5.990473074910974,343.22882447915543
46.35759949684143,-0.12958226512564364,0.03439175250005828,5.998802268845944,343.7060521383752
46.390995025634766,-0.1274099034900102,0.03376975705551832,6.004913456708243,344.0561974106965
46.4578640460968,-0.12389138560644619,0.03276901578421035,6.013673372006624,344.55810358618584
46.4909508228302,-0.12131099567146011,0.03204945765278861,6.019796645440299,344.90894131074
46.557934284210205,-0.1176399335595811,0.03105997616371329,6.029633320029573,345.47254124914895
46.591155767440796,-0.11544406040565929,0.030501492043544732,6.036659240585518,345.8750968441988
46.65755796432495,-0.11164703326547809,0.029537303430519836,6.046907831540514,346.46229785187603
46.69092154502869,-0.10918034506147223,0.028943275908829235,6.053590279686814,346.84517392747404
46.757527112960815,-0.10519887952135609,0.02800153590300431,6.064296315498522,347.4585845948008
46.791152000427246,-0.10298799601080277,0.02752374349452571,6.070458379770025,347.8116448706463
46.85754156112671,-0.098859593017869,0.026615049485826797,6.0784807728378905,348.27129413503
46.891276121139526,-0.09664425793106068,0.02617048862911969,6.084444149074306,348.61297042502525
46.957703590393066,-0.09305035940762942,0.025452275334672085,6.09372767354745,349.1448771963428
46.9910147190094,-0.0902906240536584,0.024910480304273598,6.10048897793913,349.5322714019893
47.05770015716553,-0.08680960248330373,0.02428006462052057,6.110199047508688,350.0886174071034
47.09096336364746,-0.08430827740628592,0.02384095212024666,6.116580770047803,350.45426317461823
47.15760779380798,-0.08042856639013508,0.02318180698558194,6.126504488659972,351.0228503681709
47.19092392921448,-0.07778913122438279,0.022759790289950253,6.133076587789432,351.3994039108306
47.25758147239685,-0.07442611852166821,0.022269578857757433,6.141852208277266,351.902209927392
47.29114484786987,-0.0720448563359384,0.021932309341097918,6.147189804891677,352.20803168614106
47.35772681236267,-0.06831950829575177,0.0214180024261342,6.154889922960361,352.6492159532291
47.39093852043152,-0.06580022778272399,0.0210901012345741,6.159670091210322,352.9230994193143
47.45755982398987,-0.06190282890857068,0.020599381428446834,6.167132808715485,353.35068163605854
47.49103093147278,-0.05965121123252055,0.02034691881339714,6.172234498250638,353.64298691480883
47.557589054107666,-0.056043972665567626,0.019947427270965472,6.17951012723383,354.0598497488488
47.59087061882019,-0.053382309229919864,0.019661538722471734,6.184641828209786,354.35387455649425
47.6576030254364,-0.04946281927824433,0.019268023108665665,6.19107064068249,354.72221837846126
47.690882205963135,-0.046531906878983044,0.018984265598933518,6.195341665245388,354.966930060112
47.7575957775116,-0.04268296735515893,0.018650405622745704,6.202493498403507,355.376699915854
47.79107451438904,-0.04042904243810208,0.018481018156808846,6.207171875104246,355.64475115577864
47.85764193534851,-0.036637226814429553,0.01819156783740222,6.213845578040667,356.0271261677596
47.89095449447632,-0.03396956273181041,0.01800169374354947,6.218064655189545,356.26886148183047
47.95762491226196,-0.03044119926052146,0.017781908858754317,6.225050196584142,356.66910352135477
47.9908926486969,-0.028042597415043457,0.017644660098187895,6.22959223208617,356.92934298601955
48.05758237838745,-0.02485135179267061,0.017488204186676987,6.235883899693587,357.2898289860237
48.09084749221802,-0.022444864544873495,0.01737100953834191,6.239508766640398,357.49751856337247
48.1576030254364,-0.01887123044171365,0.017212457973507296,6.2458388673747764,357.86020661934504
48.19087529182434,-0.016600826726038943,0.01713008796149231,6.250533453373799,358.1291865836502
48.25779986381531,-0.01288377382413225,0.017001281783204716,6.257315654333816,358.51777807446877
48.29099774360657,-0.010206917852696671,0.016922523638890637,6.2613315211029175,358.7478702914251
48.35772919654846,-0.006286017080200998,0.016830405650734348,6.267059863857734,359.07608015488046
48.390957832336426,-0.004430065389230497,0.016822057019662353,6.271179323341317,359.3121077971649
48.45767688751221,-0.001142643148344214,0.016788825257098097,6.278264232537713,359.7180431923518
48.49101495742798,0.0011337498554804654,0.016777201755305164,6.283402736403457,360.0124577768706
48.55760908126831,0.005113228599865919,0.01675984889407884,6.290644313728069,360.42736959458847
48.59090757369995,0.007381700983214294,0.016782157965059392,6.294905703491729,360.67152924290644
48.65784764289856,0.011119474631988202,0.01682076898597024,6.301164383262386,361.03012517908905
48.69091749191284,0.01311662697784632,0.016870518827195924,6.305254150104712,361.2644515583469
48.757567167282104,0.01639188757380505,0.016947588312097635,6.311221231169813,361.60634011938953
48.790828466415405,0.01893749207319125,0.017009303887446932,6.314547013068331,361.79689338575565
48.857836961746216,0.02222466449729172,0.01711821801843941,6.319076573248703,362.05641806714146
48.8908896446228,0.02476924978822251,0.017201118795688513,6.321884132287364,362.2172793507906
48.95781874656677,0.02849043330545354,0.017339585862843204,6.325480226368228,362.4233203643561
48.99084138870239,0.030621156569642746,0.01743684394975822,6.327769465335561,362.55448409548114
49.057631969451904,0.0340439264284593,0.017590717080933613,6.330595136244005,362.7163831128279
49.090959787368774,0.03604191391261,0.017692878985042057,6.332278353073632,362.8128243331709
49.157522439956665,0.039275707069081935,0.017852941683400615,6.334312619594972,362.92937921924846
49.19125270843506,0.04182126000154713,0.017975018482471364,6.334952769623732,362.96605711415157
49.25797986984253,0.04479873040429447,0.01813844058215895,6.336412892849118,363.0497160125352
49.290990591049194,0.04721051971597275,0.018261515861873426,6.337768545266905,363.1273891745611
49.35772442817688,0.05102233534169533,0.018460530406005735,6.33958892606059,363.23168931114594
49.391031980514526,0.05301496935029444,0.018579773608472416,6.340626161085405,363.29111850043097
49.45769762992859,0.05684019995375633,0.018791143130629774,6.3411522704772,363.321262348143
49.49107813835144,0.059653389908386964,0.018947148144169448,6.340491413482002,363.28339803145644
49.557673931121826,0.06315302604459753,0.019151791280591676,6.339392718680248,363.220447456343
49.59099054336548,0.06609818916342829,0.0193106849185077,6.338398609244054,363.16348918127494
49.65765738487244,0.0699159587430822,0.019521972271548352,6.336567754912927,363.05858895519816
49.6910138130188,0.07244834404873463,0.019657884586110314,6.334400383120094,362.9344076988331
49.75767946243286,0.0764039647702539,0.01985930609918526,6.331053229113174,362.74262990085623
49.790984869003296,0.07907459446668044,0.019986609365302492,6.32783329334777,362.5581411711954
49.85769033432007,0.08319910192254024,0.02017014200283705,6.322786262240912,362.2689675897012
49.8909387588501,0.08572834291982402,0.020270709818879913,6.319914850447484,362.10444781269365
49.95755195617676,0.09015015730166755,0.02043193694780606,6.3153628808984275,361.8436391690607
49.99112677574158,0.0934980387131144,0.020539086927334044,6.311651105701314,361.63097011576474
50.05784845352173,0.09776396698339776,0.02066057501515221,6.305076157175512,361.25425331472053
50.09100270271301,0.10083497126265252,0.020728308526989626,6.300722508941078,361.0048076454029
50.157660245895386,0.10568502847659383,0.02081505286946253,6.294659980648851,360.6574503610796
50.19103407859802,0.10888543736197272,0.020852206162618958,6.2913850689544955,360.469811742715
50.25768709182739,0.11351639979651786,0.02088971090912993,6.286335516137401,360.18049367786705
50.29102325439453,0.11644208438717503,0.020897370890297338,6.282825267650705,359.9793712545372
50.3577835559845,0.12105027903378013,0.020895594842614443,6.277241005332415,359.65941659200524
50.390990018844604,0.12411519693201581,0.020876679504812645,6.273268488236011,359.4318081283377
50.45768070220947,0.12857987988754765,0.02083139090419179,6.266674621267033,359.05400738034456
50.49098229408264,0.13178827207824273,0.020779321486001295,6.262349137977987,358.8061754435279
50.55772018432617,0.13683262540785163,0.020677556856736088,6.254947754901477,358.3821074306843
50.591044187545776,0.14003483714599702,0.02058624815394153,6.249835816239214,358.08921492020687
50.65773105621338,0.14469613845461202,0.02042850294661746,6.241757937704435,357.6263865727447
50.69098877906799,0.14762384542655466,0.02030328113380657,6.236720077098386,357.3377384222429
50.75766038894653,0.15223933523822675,0.02008798192817819,6.230000964440391,356.95276162486687
50.79093861579895,0.15475654446781462,0.0199442450099274,6.225887301362856,356.7170660921853
50.85770797729492,0.15901209695312496,0.019697527051082207,6.218906256432463,356.31708168108264
50.89098834991455,0.16221819709804616,0.019495862774655235,6.2134431340646685,356.00406782644444
50.95767283439636,0.16692270793949454,0.01917048944135807,6.2048741959837646,355.5131038394997
50.99124526977539,0.17011793117473903,0.018922045045242704,6.199135384226704,355.1842941464001
51.05793762207031,0.1748681191967268,0.018523448819131958,6.190557881202418,354.6928394243478
51.09119367599487,0.17806185774905595,0.018227705923865425,6.185313765861627,354.3923737480407
51.15779709815979,0.18297435557809447,0.017747747499088508,6.177174787915598,353.92604466218313
51.19098401069641,0.18628984682872374,0.017397119175066235,6.170900484868738,353.566553578212
51.25769305229187,0.19051564889107608,0.016906135463864658,6.161579121313974,353.032478787217
51.290891885757446,0.19424327719913342,0.01646688650320638,6.154962070276632,352.6533496899546
51.35776090621948,0.19904221204542505,0.0158453525518126,6.145656781220173,352.1201958998702
51.390970945358276,0.2023494357726262,0.015389295518690983,6.1394995471252365,351.7674123727563
51.45763373374939,0.206853593655997,0.014727687023347941,6.130959222415685,351.27808781122775
51.49103760719299,0.21001827693795183,0.014242447731441382,6.125584677870456,350.97014909198106
51.55769419670105,0.21490620240054933,0.013469003515780235,6.118017919422928,350.5366057683427
51.591070890426636,0.21819611473441414,0.012922344703471478,6.112924672164758,350.24478419643305
51.657623529434204,0.22296639643427094,0.012099865409896274,6.104918128917253,349.78604305986204
51.690945863723755,0.22598000014453112,0.011550932375771934,6.099649245632173,349.48415828487987
51.7575945854187,0.23070412166366341,0.01067396533860827,6.091637085537958,349.0250953266982
51.79097938537598,0.23371263708434167,0.010086402111932478,6.087254560398457,348.77399513259485
51.857860803604126,0.2382737923785242,0.009177876786616138,6.080923676380573,348.4112621977833
51.890913248062134,0.24127674984261574,0.00856002917734058,6.076624335884927,348.1649281326931
51.95766472816467,0.2455243708918856,0.007661412918750207,6.070557508170511,347.81732450962403
51.990933656692505,0.24852685717520304,0.007014121010134593,6.066447325310775,347.58182837873414
52.057661056518555,0.2530115104956254,0.006027412301773484,6.060076124881704,347.2167854837164
52.091073513031006,0.256275068175819,0.005293827659297409,6.055718719888663,346.967124567986
52.15782618522644,0.2612173729825207,0.004157913405791858,6.048202020255318,346.5364494031278
52.19105648994446,0.26446173524803424,0.003383412196147746,6.043085078279683,346.24327022391054
52.257704973220825,0.2691628246180824,0.002230138639083612,6.035830897751289,345.8276362958076
52.290985345840454,0.272396213996765,0.0014152679164071008,6.031125295485314,345.5580251459
52.3577139377594,0.2775028593702444,0.00010775317410018082,6.02317767653124,345.10266012265345
52.39104175567627,0.28085698661891184,-0.000782429587698405,6.017037802919814,344.75087127797497
52.457664489746094,0.28530268001691195,-0.0020097100515526073,6.008398207736603,344.2558589372754
52.49095702171326,0.28838669064900196,-0.002881878868220805,6.002288254307095,343.9057843927431
52.557700872421265,0.2931596325720981,-0.004257037639439187,5.992655552502747,343.3538712340459
52.59101223945618,0.2966245553266704,-0.005282560523320573,5.985920452227485,342.967978413676
52.65775680541992,0.3011482982124168,-0.006679294805810573,5.97627193927808,342.4151593430978
52.690922021865845,0.304330121867937,-0.007686594010310362,5.970309316412708,342.07352621808377
52.75766682624817,0.30908330924857935,-0.009223534759363772,5.961118559172032,341.54693461766374
52.791019678115845,0.31224834230233844,-0.010279905346936319,5.954897852658534,341.1905143888507
52.85760474205017,0.31698648754297126,-0.011893593518889807,5.945097951322181,340.6290214026331
52.890971660614014,0.32000257672514176,-0.01295946734681721,5.939101856535855,340.2854704778162
52.95767283439636,0.32497216716878835,-0.014729336527219736,5.9300810235237815,339.7686148185321
52.9909451007843,0.32823169869890034,-0.015928526660493117,5.924222709003321,339.43295812144953
53.05760216712952,0.3324101058108581,-0.017520270934475293,5.915236004463712,338.9180578795989
53.090978145599365,0.33539744668009036,-0.018672849112851587,5.9091817992839495,338.57117747449223
53.15772271156311,0.34042339310989866,-0.020626422555293344,5.900590907238453,338.07895561803275
53.190983057022095,0.34338643636102617,-0.02182580447068424,5.8951910063114585,337.76956408512723
53.25783157348633,0.34788766477977934,-0.02367130639663511,5.887952941613783,337.3548535261078
53.29103112220764,0.35096789913985166,-0.024954779751729522,5.882904276793497,337.06558633972924
53.35767364501953,0.35543329645980865,-0.026849114211829034,5.875548937508664,336.6441564418215
53.391010761260986,0.3586285762745526,-0.028221750821548174,5.870046369381726,336.3288825116648
53.45764899253845,0.3630824753495259,-0.03017902218389057,5.8629051404976975,335.91972023607303
53.490984201431274,0.36600488656067237,-0.031489178451190626,5.8586177305259035,335.67406973964694
53.55773067474365,0.3702732781883798,-0.03342629561178589,5.851451957590199,335.263501193482
53.59100890159607,0.37330939491554493,-0.03482128957388737,5.845956706385594,334.9486464920939
53.65767192840576,0.37755158961756224,-0.03681028483449176,5.836776614811829,334.4226659893736
53.69112539291382,0.38056807198927534,-0.038248616956266995,5.8312950237075825,334.1085939540838
53.75773096084595,0.3851648711269346,-0.04047063392611185,5.8233750674786675,333.6548138882386
53.79097509384155,0.3881570972828836,-0.04195225795134155,5.81838401515841,333.36884765495887
53.85772180557251,0.39276209269854667,-0.04425567708595044,5.810263969357528,332.9036033011155
53.89098763465881,0.39585277895918314,-0.045833637593726766,5.805314872201482,332.62004092167376
53.95765447616577,0.4003223976786409,-0.04815157211777727,5.79765876888578,332.181378514168
53.990952014923096,0.4031476842012829,-0.0496495110844271,5.792668649736454,331.89546574764415
54.0577130317688,0.4073083473103151,-0.051882037661853855,5.785529912448229,331.4864462299762
54.09093165397644,0.41011964455148625,-0.0534116996755833,5.780281247119485,331.18571985856255
54.15770173072815,0.41459998163171474,-0.055868039324690616,5.771161998083264,330.66322537645834
54.19090676307678,0.4175138388862022,-0.057504367664794345,5.764510943026514,330.2821479923974
54.25798773765564,0.42160211819602406,-0.059848901207775085,5.755230685098878,329.750428380351
54.2909460067749,0.42412792788284065,-0.061334565503974287,5.74896535422714,329.39145136414743
54.35771059989929,0.4283748939260746,-0.06383901877970749,5.7403353506645445,328.8969885828278
54.390920877456665,0.4309991308356752,-0.06542804311077734,5.734706627213257,328.57448648502276
54.45769810676575,0.4349656041847204,-0.06785572362662655,5.726700481003558,328.11576809704235
54.491015911102295,0.4376917409511281,-0.06954883222064485,5.721081654603067,327.7938330584775
54.55769658088684,0.44174130716821314,-0.07209756926790228,5.711968354184304,327.2716794070476
54.59102177619934,0.44479319231066633,-0.07403948381603132,5.70581313060744,326.9190110741339
54.65786957740784,0.44897774834479653,-0.07676269411914975,5.697815420888462,326.4607760614657
54.691237926483154,0.4519900724771986,-0.07874761445213238,5.693711215041112,326.22562238815965
54.75766587257385,0.4556904410731412,-0.0812480076801278,5.686544653401873,325.81500865261086
54.79103469848633,0.45845432494325633,-0.08311996123590715,5.682436334815102,325.5796193366937
54.85766386985779,0.462317602680509,-0.08577464628655658,5.676503771252954,325.23970848288957
54.891029834747314,0.4647197411958567,-0.08745245075801507,5.672532483647079,325.01217046384033
54.95766615867615,0.46862745032050274,-0.09018411453623178,5.6657289635824455,324.6223574783042
54.990983724594116,0.47101894461133464,-0.09189055556506286,5.660538190816594,324.3249481064095
55.05766797065735,0.47512564799349566,-0.09482212350472494,5.652818897265634,323.8826651651169
55.09102129936218,0.47771271457024805,-0.0967095614845277,5.648422933361783,323.6307949865344
55.15791845321655,0.4820558785978261,-0.0998862029348648,5.641981729153526,323.2617411704194
55.19098973274231,0.4847421186990356,-0.10189318254444914,5.637163196517219,322.9856595869129
55.25781846046448,0.4885033953064322,-0.10474188575044174,5.629615813114327,322.55322637156013
55.29097890853882,0.49115438289975755,-0.10676977639468269,5.623959841498987,322.22916306895536
55.357722997665405,0.49486610475573134,-0.10965573552718678,5.615067141969537,321.71964891743994
55.39102482795715,0.49727138369581264,-0.11156106638358658,5.608892570658826,321.3658720410336
55.45766472816467,0.5010181480022079,-0.1145544831803452,5.599291229108701,320.81575569254784
55.49104070663452,0.5038340637866051,-0.11682944028245168,5.592853887542194,320.44692318950285
55.55774211883545,0.507569090292523,-0.11991898366575615,5.583815497422734,319.92906158206506
55.591092586517334,0.5102340285072772,-0.12215119848049209,5.578654463187161,319.63335610244417
55.657776832580566,0.5137121984691011,-0.12512794035785785,5.570912849860896,319.189794332227
55.69115996360779,0.5160318000319183,-0.12713838444955317,5.564910056246668,318.8458595928436
55.75768756866455,0.5197538667048649,-0.1303827481150515,5.555128481328207,318.2854166330248
55.791025161743164,0.5223551694563476,-0.13268888433997642,5.549086886518055,317.939258748875
55.8577766418457,0.5258417716420006,-0.13584629615213623,5.540192228341254,317.4296323751327
55.89096784591675,0.5282009612284888,-0.13801419469107118,5.534951343036461,317.1293517662559
55.95755982398987,0.5317294023590917,-0.14129040954300504,5.527611057706281,316.70878439641484
55.99102306365967,0.5340621517003831,-0.14348836464737819,5.522799888658014,316.43312471542515
56.05777072906494,0.5376584852973647,-0.14690287695479393,5.515725165984092,316.0277729649839
56.09116339683533,0.5399598477490198,-0.14912560632566702,5.5108916544278905,315.75083315258587
56.15769362449646,0.5434126243988808,-0.15249087597412497,5.503425023083954,315.32302668939826
56.19103932380676,0.5452913431438644,-0.15437640714796094,5.49813202207722,315.0197600707539
56.25781035423279,0.548654083315837,-0.1577289208615414,5.490009121154969,314.554352130506
56.29108953475952,0.5509076082811873,-0.16001224721817653,5.484889274256387,314.2610065114641
56.35781264305115,0.554139358773024,-0.16333206013269508,5.476886061233078,313.8024561826843
56.3910608291626,0.5560687275640142,-0.1653597577568385,5.470573904886192,313.44079626438105
56.45784544944763,0.559325018079644,-0.16878761565182915,5.460902419078898,312.8866609460024
56.49101114273071,0.5612284506199777,-0.1708507528337267,5.45516753439974,312.5580762578924
56.557602643966675,0.5646239777966763,-0.17452183337091653,5.447641327771349,312.1268563823422
56.59092664718628,0.5667774612918,-0.17689899204495302,5.442329581633299,311.8225157467871
56.657925844192505,0.5697717108346417,-0.180257931695651,5.43440444600703,311.3684389233331
56.69117784500122,0.5720857457330859,-0.18286372599523557,5.428609426915077,311.03640878716647
56.75772786140442,0.5751434993258626,-0.18638416617092096,5.420309240283244,310.5608431239915
56.791035890579224,0.5772305162636364,-0.18881969648917357,5.414892280243764,310.2504741759383
56.85770893096924,0.5804238689185774,-0.19258214542648713,5.4071898204367,309.80915573712434
56.89102482795715,0.5823856595809289,-0.1949451805074911,5.402179674084587,309.5220954964054
56.95774269104004,0.5857253310732351,-0.19896861077802094,5.394697504224271,309.0933987418093
56.990997314453125,0.5876511994541236,-0.20135445132570148,5.389687066534579,308.80632180867667
57.057671546936035,0.5908613043165905,-0.20533338814498886,5.380681220815492,308.2903248580271
57.09102392196655,0.5929277303868491,-0.20795039636119977,5.37435206800873,307.92769111430624
57.15768909454346,0.5958197165786197,-0.21167642498953354,5.3647729967334365,307.3788507585769
57.190930128097534,0.5976762792202964,-0.21411786323837284,5.359315089114079,307.06613568701545
57.257657289505005,0.6003915818024321,-0.21772799568700496,5.351309707160233,306.60746108766983
57.29099249839783,0.6021362061417583,-0.22008726809805276,5.3465322363949745,306.3337321760734
57.35768389701843,0.6050417204739595,-0.22402061265176082,5.338972688351237,305.90060197814086
57.390942335128784,0.606839876603064,-0.22650917396074952,5.333182738606624,305.56886229418166
57.457735538482666,0.6097062939240598,-0.2305040812027791,5.324219017875877,305.05527892757596
57.49099159240723,0.6114678595955568,-0.23302193290336637,5.318123069763695,304.7060068286172
57.5576913356781,0.6139343878876423,-0.23660674977378893,5.309431123929661,304.20799501657075
57.590948820114136,0.6157458053737742,-0.23925965226301038,5.303279160219024,303.85551346023357
57.65771508216858,0.6184844187741418,-0.24332453810948437,5.29428163775532,303.3399933969892
57.690946102142334,0.6203271389668098,-0.24611296749382328,5.288520562391197,303.0099080931681
57.757702589035034,0.6232792001524362,-0.2506205686114589,5.28040092149316,302.5446869385488
57.79091167449951,0.6248387724157933,-0.25309654080505384,5.275159951561015,302.24440148088195
57.85768532752991,0.6273353410038381,-0.25706693536798875,5.267771610002832,301.82108069199694
57.89095330238342,0.62886988004071,-0.25955866355990276,5.262850826785976,301.5391405817723
57.95771503448486,0.6315283023942706,-0.26386410806554034,5.255279269546855,301.1053223076289
57.990926027297974,0.6333326970230528,-0.2668378480468091,5.251135931003671,300.8679264960106
58.05765962600708,0.6355085425787337,-0.2705223666158787,5.244697970282666,300.499058518026
58.09100151062012,0.6373569878413701,-0.27362656961781084,5.239913807318105,300.22494617165387
58.15764093399048,0.6395582593824909,-0.27743550626925734,5.232166106824807,299.78103563245645
58.190980672836304,0.641153190364681,-0.2802156795614818,5.227447152585585,299.5106594708337
58.25775408744812,0.6433665747112163,-0.2841398416335029,5.220377362247066,299.10559032239416
58.29099774360657,0.6449266398081631,-0.2869323946025679,5.215849745809034,298.8461770092409
58.35767698287964,0.6469367670068891,-0.29061265461336716,5.209034540993417,298.4556945367888
58.39102268218994,0.6483373797692512,-0.29319886607692075,5.204604301456443,298.2018605090882
58.45766544342041,0.6504241847135762,-0.29709105452492346,5.197640504361359,297.8028643261544
58.49092674255371,0.6519320061468541,-0.29993162586215705,5.192671290858696,297.5181493649524
58.557650089263916,0.6539115342421312,-0.3037460147464528,5.184983080464887,297.07764735737857
58.59100103378296,0.6556462505175936,-0.3070790449369054,5.180283938283786,296.8084063430696
58.65762901306152,0.6577439642885069,-0.3112388629913849,5.172844583434019,296.38216270787774
58.690974950790405,0.6590402621463268,-0.31386905270275844,5.167970192881804,296.1028807015374
58.757813453674316,0.6611383065705029,-0.31814228750451345,5.160101180225862,295.65201948741685
58.79090666770935,0.66252804799029,-0.3210287932926535,5.1545419436900515,295.3334986966
58.857759952545166,0.6645764871705654,-0.3253503975339768,5.146940240850088,294.8979532067575
58.89106011390686,0.6659899635462744,-0.3283815551453489,5.142202087560527,294.6264770205796
58.95771551132202,0.6679306050589203,-0.3326284631585323,5.134608922911455,294.1914207330398
58.99092936515808,0.6694858694326558,-0.3360415344379734,5.129161319271245,293.8792960359957
59.05768847465515,0.6712640332194713,-0.34010615223099294,5.121279355985251,293.4276928054312
59.090924978256226,0.6725389138915203,-0.34304477633584396,5.1159974259501,293.12506050673363
59.15772104263306,0.6743636407672611,-0.3473284176804299,5.1085064228957595,292.6958576474003
59.19099569320679,0.6754902450931017,-0.3500411018166475,5.1031736433536885,292.39031188656594
59.257704973220825,0.6773048210322159,-0.3544342699112085,5.095358463106915,291.9425350422918
59.29100966453552,0.6783985932282737,-0.357166107590589,5.090217773036546,291.64799519747487
59.35769581794739,0.6800955230681895,-0.3614406506601366,5.082872350412886,291.22713348239927
59.390936851501465,0.6811549062758678,-0.3641795347235275,5.078090709493546,290.953165638574
59.45769643783569,0.6826857476425641,-0.36819913667614707,5.071029628084932,290.5485954750621
59.490989208221436,0.6838756418371158,-0.37133392780718466,5.0658985200529685,290.25460464060495
59.55766797065735,0.6853614858803505,-0.37538657100519496,5.058652199965419,289.8394210825875
59.590943336486816,0.6865094693350879,-0.37853144208187517,5.053573396911204,289.54842710260283
59.65768551826477,0.6880534207587503,-0.3828810721580162,5.045892574119824,289.10834837346886
59.69096636772156,0.6891568961957921,-0.3860384983838048,5.040843236688876,288.8190426493381
59.75770378112793,0.690601945829797,-0.39030203563239363,5.033477722540615,288.39702977469886
59.79106044769287,0.6917144800261195,-0.3936045584387084,5.028803855715344,288.12923693160457
59.85769820213318,0.6931594418382887,-0.3980324648549288,5.021910875399659,287.7342982512491
59.89127469062805,0.6941373510702125,-0.4010875178684386,5.016985341372735,287.4520859396583
59.9577100276947,0.6955281072939894,-0.4055224955150202,5.008723129113801,286.97869604778015
59.99097275733948,0.6964677079030812,-0.4085934343830524,5.003382492349795,286.67270010129016
60.05778884887695,0.6979795295579163,-0.4135875265255512,4.994875831256047,286.18530432287025
60.09105825424194,0.6988685865846906,-0.4166655081624387,4.988989618987233,285.8480492025491
60.15768241882324,0.7001431930339345,-0.4211822093551715,4.979738868339239,285.3180202330911
60.19124984741211,0.7009487596639026,-0.4241420598405951,4.974356183949634,285.00961513511584
60.25769066810608,0.7021067805153037,-0.4284946499948004,4.966857458037867,284.57996978864617
60.29117393493652,0.7030359305999886,-0.43199424426153343,4.961332032897033,284.2633862480609
60.357739210128784,0.7041827185466597,-0.4365318017804184,4.952637520636475,283.7652273906062
60.39139914512634,0.7049469531144301,-0.43964706197124565,4.947551411148294,283.473814782792
60.45767402648926,0.7061042407288133,-0.4444569444767851,4.9411076491905765,283.1046144184278
60.490970849990845,0.7067588037333287,-0.44731638048631994,4.936453972122181,282.83797836319195
60.55773091316223,0.7077869491365916,-0.4518406402500377,4.929596320409029,282.44506386265766
60.590988874435425,0.7084463184986609,-0.45483752820696244,4.924857504092061,282.1735496878076
60.6576886177063,0.7095246600263261,-0.45977794959228313,4.917384597912452,281.74538370301883
60.69099688529968,0.7101112631832918,-0.4626494211654296,4.911997383581685,281.43671905853347
60.757699966430664,0.7110943549866644,-0.46747298745002785,4.903622295597599,280.9568618639946
60.79094076156616,0.7116122036283528,-0.47022096217069703,4.898626148549579,280.6706037243163
60.857645988464355,0.7124667201576075,-0.47475965667798203,4.891362993319808,280.25445558370205
60.89093518257141,0.7130413880399387,-0.47791121400266096,4.885765922160317,279.93376702862884
60.9576313495636,0.7139264274466703,-0.48289263278675376,4.877005201184597,279.43181469122834
60.9909393787384,0.7144506487477436,-0.48605239970538744,4.8711855401040705,279.09837267311764
61.05763578414917,0.715266932345081,-0.49109101674259126,4.863396802125893,278.6521108592348
61.09089994430542,0.7157449041842294,-0.4942587891583705,4.858661241850262,278.38078324181134
61.15766668319702,0.7164208305305033,-0.498897581877927,4.851223302514538,277.9546207096
61.1910285949707,0.7168641635728364,-0.5020733670561982,4.846247069999501,277.66950358861266
61.25770664215088,0.7174823509102364,-0.5067007118116456,4.838636933174584,277.23347486702784
61.29100227355957,0.7179087399556947,-0.5100152476200864,4.833317772732675,276.9287094231535
61.357653856277466,0.7184227227398541,-0.5143666372889523,4.824511332879063,276.4241375870057
61.390968322753906,0.7187662177691848,-0.5174237199956842,4.818279516694401,276.06708082092325
61.45746731758118,0.7193137703266741,-0.5224335400273771,4.808837244253497,275.5260784610468
61.491047382354736,0.7196046046112513,-0.5254904794030894,4.803644830142499,275.2285750470024
61.55762529373169,0.7200065612330672,-0.5299745301768372,4.796335556109589,274.8097844936121
61.591015100479126,0.7203120512634805,-0.5334402575121646,4.791430955609296,274.5287715847476
61.65769600868225,0.7206591367406575,-0.5379503810345355,4.783448663489493,274.0714199354423
61.69096899032593,0.720904451245878,-0.5412827868888551,4.777552535143059,273.7335966657242
61.75765681266785,0.7212742492967193,-0.5466480432508727,4.768764176051083,273.23006078090856
61.79100966453552,0.7214738066220575,-0.550110234072775,4.762722997279797,272.8839267340298
61.857948303222656,0.7217120372664902,-0.5549963457967139,4.754346250295586,272.4039744857856
61.89100694656372,0.7218625149217425,-0.5584624846320733,4.748628701830317,272.07638308956416
61.95775651931763,0.7220324043481777,-0.5633465845422161,4.740462782273838,271.6085103631346
61.99101114273071,0.7221348968795613,-0.5668183960297418,4.734632383407662,271.27445311522484
62.05767774581909,0.7222206636667825,-0.5714092122841914,4.725820140889827,270.76954881090717
62.090938091278076,0.722228216474452,-0.5739335961753321,4.720387075312766,270.4582570835238
62.15769004821777,0.7222547878066651,-0.578231250322962,4.71269937622517,270.01778437163796
62.191131591796875,0.7222651753445174,-0.5814478586846404,4.707422392595404,269.71543548109275
62.2577109336853,0.7222489697061674,-0.5861778748129373,4.699106179689208,269.23895158003546
62.29105019569397,0.7222109516157066,-0.5893860221599745,4.69412597058722,268.9536066173989
62.357704639434814,0.7221207930335639,-0.5937306406764511,4.686644487333702,268.5249492024745
62.39097547531128,0.7220448829534486,-0.5969373813091389,4.682015446775475,268.25972471529326
62.45768356323242,0.7219057540050322,-0.6018309066601579,4.6740024066162835,267.8006113331027
62.49125051498413,0.7217843109538659,-0.6050381624217605,4.6683278046470225,267.47548058984745
62.55777978897095,0.7215718905102819,-0.610109578127821,4.659864338632737,266.9905597071765
62.5909788608551,0.7214080345825065,-0.6128980613188787,4.654607963847784,266.6893916164597
62.65768313407898,0.721135024624975,-0.6176667856799445,4.646585811965405,266.22975617098643
62.69124460220337,0.7209342677644205,-0.6205943635133704,4.64117274826899,265.9196104669464
62.75749087333679,0.7206000084494955,-0.6253410645270377,4.632983426985589,265.4503969203309
62.79124927520752,0.7203607362797109,-0.6282637780766932,4.627419623853158,265.1316144828009
62.85767602920532,0.7199917854556599,-0.6324255198109715,4.619127398481687,264.6565049662443
62.89103960990906,0.7196950046709033,-0.6357597434158229,4.613246783356261,264.3195705386166
62.958017110824585,0.7192490143162807,-0.6401990231114598,4.603858027388234,263.78163444677034
62.991000175476074,0.7189185140777994,-0.6432554181868936,4.597422027224605,263.4128788004489
63.05770945549011,0.7184166819148634,-0.6475278662658149,4.588227280180453,262.88605860112864
63.09099841117859,0.7180170511690638,-0.6508541775932886,4.582342474549779,262.5488840752362
63.157707929611206,0.7173927962957241,-0.6557080508952557,4.573834877964657,262.0614346971088
63.19101691246033,0.7169380359316193,-0.6590199101955894,4.568041558128797,261.7295019211446
63.25798153877258,0.7162610851936458,-0.6636398703715178,4.559295562456251,261.228393281468
63.29095506668091,0.7157425188408453,-0.6670763597197804,4.55351383071049,260.8971244541591
63.3579261302948,0.7149934867378142,-0.6717067194006089,4.544749275344005,260.39495242235074
63.39110612869263,0.7144762148819555,-0.6747345754528787,4.539828568678767,260.11301669821074
63.45771288871765,0.713616649336361,-0.6797330773197068,4.532961569198026,259.7195666100458
63.49109411239624,0.713003015677774,-0.6831563773725612,4.527797487658647,259.42368653277794
63.557666063308716,0.7121066946677206,-0.6879300763044152,4.519219710928666,258.9322161285445
63.5910062789917,0.7115320642920792,-0.6907985236535462,4.5133991874962724,258.5987247013113
63.65766191482544,0.7105601467819962,-0.6956485765718532,4.505115548153714,258.12410712797424
63.69103121757507,0.7098997597935344,-0.6987808796878563,4.49989061212074,257.82474034505896
63.75773072242737,0.7089592166462779,-0.7030655393548157,4.491333080388487,257.3344298937516
63.79098558425903,0.7082096074495938,-0.7064666053412831,4.485655766306404,257.009143757878
63.85775375366211,0.7070729517352854,-0.7114385970962624,4.477179393624272,256.5234833776119
63.89095449447632,0.706351142340422,-0.7144142852037431,4.472052081485543,256.2297100318166
63.95764350891113,0.7051451651205467,-0.7193720757359641,4.464430379016164,255.7930186476167
63.99097442626953,0.7043267950544629,-0.7226081312754508,4.458918297760288,255.4771996553218
64.05769324302673,0.7031984255084955,-0.7268876925000224,4.450541949825108,254.99727027090287
64.09094905853271,0.7024313305349561,-0.7297187643484576,4.4451390295242055,254.6877057406156
64.15774250030518,0.7012118869989366,-0.7341700040747601,4.43695947862485,254.2190519957701
64.19124436378479,0.7003434092922766,-0.7372615309063439,4.431460127997115,253.90396241473826
64.2577269077301,0.6990587289907297,-0.741706417862476,4.423518021262634,253.44891321841007
64.29093432426453,0.6980809515632632,-0.7450464003578573,4.417904804208202,253.1272995717003
64.35769200325012,0.6967943006250067,-0.7492346203537117,4.409808216399124,252.66339926178304
64.39102125167847,0.6958437552413277,-0.7522981101823256,4.404469189273247,252.3574955407644
64.45778203010559,0.6943224276709394,-0.7571263927780547,4.39844258189652,252.01219637329552
64.49126100540161,0.6933310126357999,-0.760175651439212,4.394900776444249,251.80926586902402
64.5576581954956,0.6921111243608045,-0.7637805042175039,4.388507080677045,251.44293408607257
64.59097981452942,0.6910584047665341,-0.766960968420899,4.382735022036638,251.11221948687518
64.657630443573,0.6894880036397346,-0.7715844013775615,4.37351551324207,250.58398054376275
64.69091987609863,0.6885054629487211,-0.7743507286351944,4.368055607238815,250.27115097323806
64.75773358345032,0.6869058748595765,-0.7788258259174159,4.360164404770957,249.8190183765466
64.79106974601746,0.6857170478647636,-0.7820971326361884,4.35477148482031,249.51002682412258
64.85766315460205,0.6842135398724585,-0.7860629362274577,4.345934044823351,249.00367881059674
64.89098453521729,0.683157730056473,-0.7888028983008314,4.339962105528353,248.66151189348503
64.95767736434937,0.6813487227657377,-0.7934820926213118,4.331079904634726,248.1525992694929
64.9909098148346,0.6801577984893503,-0.796457135023014,4.3255577210403935,247.83620145584123
65.0576503276825,0.6783501837033539,-0.8008971521337026,4.316973472198868,247.3443602269318
65.0909731388092,0.6772129814606334,-0.8035987252091665,4.311335983366217,247.02135590976872
65.15769052505493,0.6754063546868692,-0.8078556567142989,4.303857529375877,246.59287205883948
65.1909191608429,0.6741848393585921,-0.8106753621368804,4.29874605934098,246.30000639873228
65.25771427154541,0.6722761722660213,-0.8150341790419556,4.291048184780384,245.85895067518902
65.29102754592896,0.6710701676784168,-0.8177088056446091,4.285929020607033,245.56564417342142
65.35769438743591,0.6692196501614411,-0.8217713740866819,4.278783440842292,245.1562326107277
65.39098930358887,0.6677707985813766,-0.8249393981241674,4.274484615680398,244.90992807208653
65.4576678276062,0.665797282652275,-0.829146107597425,4.267759865113035,244.52462824629842
65.49095034599304,0.6644737738182744,-0.8319187377149431,4.262466304910952,244.22132958812065
65.55765080451965,0.6624041056204244,-0.8362114875880367,4.254084560642736,243.7410910165939
65.59096717834473,0.6610437373183652,-0.8389640867126322,4.2487063775165685,243.43294382201603
65.65767908096313,0.6589708908034685,-0.8431045740628954,4.241021960684284,242.99265916950682
65.6909990310669,0.6576911740170276,-0.8455922586804879,4.235370752923567,242.66886881566614
65.7577133178711,0.6555879648406076,-0.8496670035896815,4.227462111298585,242.21573702887318
65.79099345207214,0.654158166128528,-0.8523843234924033,4.222379801453781,241.92454212458813
65.85794353485107,0.652121645907096,-0.8561840612623378,4.214574713924906,241.4773435504534
65.89114141464233,0.6505960426455623,-0.8590093982526934,4.208643856760031,241.13753046601119
65.95763897895813,0.6484453554572478,-0.8629044773520101,4.199126322143586,240.5922159011192
65.99099802970886,0.646812909260059,-0.8658269870980009,4.192787434864456,240.22902441321585
66.0576696395874,0.6443834463164937,-0.8700929449075879,4.183621515226557,239.70385590260818
66.09099316596985,0.6427056384371591,-0.872976372751652,4.178045880336037,239.38439555527552
66.15777158737183,0.6403173808754389,-0.8769995675198903,4.1690633691246255,238.86973557343268
66.19103622436523,0.638596352243676,-0.8798602949788953,4.162364059809672,238.48589342403318
66.25769877433777,0.6359371267198624,-0.8842166286036718,4.152353120177884,237.91230883417148
66.29099869728088,0.6340969750904553,-0.8871632214016943,4.146959342469268,237.60326813583603
66.35762119293213,0.6314804657951285,-0.8912740747013266,4.138611432865385,237.12496814777683
66.39094924926758,0.6298070302256954,-0.8938449789888796,4.132479482917817,236.7736332955957
66.45770621299744,0.627082411024055,-0.8980106717707124,4.122806241178895,236.21939736974568
66.49099707603455,0.6252325236801949,-0.9007807723229634,4.1165010324316,235.8581355195767
66.55766177177429,0.6225107172489317,-0.9047864737720217,4.107172830818941,235.3236689367242
66.5909640789032,0.6206883909474354,-0.9074161674009642,4.100164323556459,234.9221110498972
66.65766859054565,0.6179891541384085,-0.9112479378606299,4.0905753589799865,234.3727038497649
66.69119668006897,0.6160497376429812,-0.9139646642395021,4.085319472935958,234.07156376184034
66.75767731666565,0.613377843825905,-0.9176304397187067,4.077630411639965,233.63101300116253
66.79094672203064,0.6114025268431789,-0.9203256780677547,4.071755311363265,233.29439455109153
66.85768556594849,0.6084446097014049,-0.9243025609573418,4.063316366902786,232.81087864996073
66.89096713066101,0.6065090114743384,-0.9268508030469773,4.058377732632108,232.52791574969223
66.95766568183899,0.6038263273241198,-0.9303238246814846,4.051288096946996,232.12170954664995
66.99100494384766,0.601939989293461,-0.9327475984377673,4.04711877465083,231.88282497564987
67.05772733688354,0.5990902271935266,-0.9363791048879248,4.0411618426009674,231.54151791034653
67.09084463119507,0.5970174767232361,-0.939002982620275,4.037040037200205,231.3053558569086
67.15774154663086,0.5941098699409084,-0.9426279292298425,4.030115710915186,230.9086211848055
67.19096970558167,0.592252705524377,-0.9449026223702286,4.0248487536590964,230.60684676315577
67.25769567489624,0.5892432115555238,-0.9485754988809298,4.016307527205349,230.11747053549055
67.2911765575409,0.5875221016538736,-0.9506103118783481,4.011174917292458,229.82339364959486
67.35768747329712,0.5847562150739108,-0.9538769000729004,4.003399716818355,229.37790747756065
67.39103889465332,0.5825842773032867,-0.9564322298064587,3.997930507984625,229.06454489411226
67.4578013420105,0.5794848253954925,-0.9600151380321407,3.9889511214055005,228.55006394051202
67.49097037315369,0.5773578711471418,-0.9624302187413658,3.9832064735900534,228.22091986589786
67.55763912200928,0.5743682777824036,-0.9657659576068707,3.975169577838351,227.7604396589387
67.59097743034363,0.5723930376371965,-0.967934486091016,3.9699882052438613,227.4635688771897
67.65762329101562,0.5687292392230092,-0.9719742542523536,3.9623916213299797,227.0283166802073
67.69101810455322,0.5665465465784595,-0.9743120935943456,3.9575123933660112,226.74875751058968
67.75768709182739,0.5632309803591766,-0.9778323311736272,3.950171960168403,226.32818166856904
67.79090738296509,0.561017419920709,-0.9801478012558694,3.944612087360519,226.00962442204772
67.85770010948181,0.5579560750175538,-0.9832958756510377,3.9354530979137965,225.48485298214567
67.89097452163696,0.5558932817565783,-0.9853857369609637,3.929305727994845,225.13263463068407
67.95778131484985,0.5525528904277122,-0.9887499872584583,3.9206583799615458,224.63717808439526
67.99094605445862,0.5503650778343994,-0.9909093985296068,3.915055063133912,224.31613167889722
68.05772018432617,0.5467642065933089,-0.9944452070794089,3.9071440512461133,223.86286408604852
68.09099102020264,0.5444548761822077,-0.9966639289695647,3.9012939846231314,223.52767995868132
68.15779566764832,0.5407651431444144,-1.0001822253928097,3.892284747948681,223.01148872060082
68.19110488891602,0.5384191262128764,-1.0023666046809623,3.8869638087995444,222.70662136430937
68.2575581073761,0.5351721104431313,-1.0053394970663323,3.8802961596963805,222.3245932114239
68.29104137420654,0.5329997066893639,-1.0073085076341937,3.8757633406363343,222.0648818099868
68.35769844055176,0.529474352301307,-1.0104966835519562,3.8683053938188703,221.63757293351307
68.39095687866211,0.5267848400227344,-1.0129116810742806,3.863123718263353,221.34068479337583
68.4576563835144,0.5234705609511296,-1.015805799088695,3.855575032290389,220.9081769462554
68.49097895622253,0.5207277511904407,-1.018205363124061,3.8504793257170866,220.61621446596808
68.55767393112183,0.5173935124753004,-1.0210434611582704,3.842633758542948,220.16669657900357
68.59100937843323,0.5153498966018376,-1.0227470315620033,3.8377248634952204,219.8854376106961
68.6576840877533,0.512060260933588,-1.0254886674943784,3.829985766947434,219.44202004126367
68.69098019599915,0.5098940320327409,-1.0272652986966941,3.8250055140517683,219.15667256943422
68.75768446922302,0.5058319421269966,-1.030613329734171,3.8171484024652953,218.706493236366
68.79097890853882,0.503962855748895,-1.0320760660328354,3.8121430719965996,218.41970892544148
68.85771107673645,0.500165797939824,-1.0351071682471193,3.804022616763599,217.95444111286562
68.89097762107849,0.49786508903696564,-1.0368963223950922,3.7989826753010254,217.66567373806717
68.95770454406738,0.49423515082004577,-1.0397013974646074,3.7913931253185247,217.2308245556663
68.99090266227722,0.4918990024170542,-1.0414718732678996,3.786496596670845,216.95027412988932
69.05770564079285,0.48835034331089744,-1.0441390265634993,3.7785414417765097,216.4944773290711
69.09100604057312,0.48566572342933745,-1.0461410996682063,3.773786500280688,216.22203924952888
69.15771961212158,0.4813771924126332,-1.0493104699511655,3.765900422683229,215.7702002862818
69.19102263450623,0.47866871553659146,-1.0512625410825105,3.759519121668125,215.4045786703138
69.25773072242737,0.47459856519369636,-1.0541565210750423,3.748944306618396,214.7986863988329
69.29100966453552,0.4719694763007184,-1.0559778388816068,3.7422569611449656,214.41552972705944
69.3579032421112,0.46841680355539783,-1.058382224109475,3.7322929125713467,213.84463179692773
69.39104056358337,0.46588276177512,-1.0600804631878116,3.72560216973178,213.4612804704132
69.45764827728271,0.46202938142021927,-1.0626269231314363,3.7156783649347704,212.89268833883284
69.49092674255371,0.4595601226008048,-1.0642173528956191,3.7097059622612036,212.5504948720848
69.55750322341919,0.4552120991900128,-1.0670197821995249,3.7011545645474473,212.06053587414877
69.59102439880371,0.452729897604244,-1.0685614991657582,3.6955949950716054,211.74199600727326
69.657710313797,0.4485268277910217,-1.0711709208680857,3.687700810484403,211.28969254772935
69.69101285934448,0.4456974062535739,-1.0728965034405744,3.682361881123542,210.98379442823352
69.75770354270935,0.44166580104717496,-1.07531012398681,3.67440576989517,210.52794283351116
69.79099655151367,0.4389174618605283,-1.0769312492409049,3.6698303169515376,210.26578869048032
69.85793876647949,0.43488514255216204,-1.079279183949898,3.6628641516230527,209.86665681776776
69.89097619056702,0.4324620649351951,-1.080655522432774,3.658345723059975,209.60776993107206
69.95768022537231,0.42881219838897866,-1.0827143958216756,3.6509866504421025,209.18612612893767
69.99110984802246,0.4260309074891109,-1.0842793002034152,3.6460887518593705,208.90549721166403
70.05768942832947,0.42238716608573035,-1.0862776213390846,3.637884169354537,208.4354092614702
70.09125566482544,0.41957168927388644,-1.0878148991616787,3.631873298667787,208.0910117399205
70.15770530700684,0.41540821393092897,-1.090046780940272,3.6224777719715218,207.552687713922
70.19095182418823,0.4129232182256466,-1.091332273212553,3.616470826012669,207.2085150627166
70.25776553153992,0.4090983410037619,-1.093291632905997,3.6067446353881736,206.6512453891933
70.29105758666992,0.405873428420983,-1.0949406459971287,3.6004242780192945,206.2891155869421
70.35769748687744,0.40173407293893637,-1.096983161940906,3.5912174032858726,205.7616005222114
70.39106822013855,0.39921210896370574,-1.098187195442054,3.585479950170308,205.43286867353535
70.45770788192749,0.3946907151801328,-1.1003569987414152,3.5773746630504117,204.96846992982356
70.49099898338318,0.39190153839723296,-1.1016516822001083,3.5716313621870435,204.6394030298787
70.55779552459717,0.3872993554200827,-1.1037765290643704,3.562654730459585,204.12507991765213
70.5909857749939,0.3845393157774827,-1.1050051187859324,3.5565487803947353,203.7752347490186
70.65764260292053,0.3798472540833971,-1.1070833863103196,3.5470743337708184,203.2323889442462
70.69092607498169,0.3771557633456355,-1.10822384135156,3.5405047788652038,202.855981174875
70.75762438774109,0.37325075447679046,-1.1098472317703776,3.5309609192121627,202.30915829649055
70.79097294807434,0.37078389677088197,-1.110844338524132,3.523916273854308,201.90552984931907
70.85767340660095,0.3667053044980675,-1.1124863272194692,3.513540672907069,201.31105170513032
70.89091324806213,0.36371703279136086,-1.1136658347614121,3.5075943466607744,200.97035230760977
70.95797395706177,0.35930505456227135,-1.1153658102098962,3.4994591217680138,200.50423825586483
70.99094748497009,0.35630685244145677,-1.1164930694293516,3.4937647837596755,200.1779767208661
71.05762124061584,0.35169748624764,-1.1181970506811003,3.4853439748637953,199.69549991104594
71.09090948104858,0.348431609434533,-1.1193780814196872,3.480156744440168,199.39829350041026
71.15762710571289,0.3440038092637955,-1.1209290856972502,3.4724628209637216,198.95746415731324
71.19090032577515,0.34096906691389617,-1.1219708160657327,3.4677029672099975,198.68474462612537
71.25763010978699,0.33641785846903294,-1.1235096696690379,3.4600222457357273,198.24467170203417
71.29096007347107,0.334007926185103,-1.1242771417153472,3.4548346537111163,197.94744457318825
71.35759711265564,0.3301968299701099,-1.1254935277497895,3.4467220041088864,197.482623990312
71.3909204006195,0.3269938009726925,-1.1265214838742632,3.4411126661712554,197.1612326006231
71.45761704444885,0.32249292552629716,-1.1279201971676567,3.432337296075123,196.65844093044942
71.4909176826477,0.31955223534015564,-1.128800642280444,3.4273180829681893,196.37086120294535
71.55785584449768,0.3155446382222812,-1.1299629750882012,3.420311731291793,195.96942682210343
71.59096026420593,0.31271732449402734,-1.1307721242293924,3.4161317938187175,195.72993404626763
71.65758848190308,0.30833682807056795,-1.1320109849658335,3.409186977977526,195.33202540907178
71.69092130661011,0.3052443292750085,-1.1328673704624919,3.403951635943089,195.0320624061911
71.75798463821411,0.3003875066341011,-1.1341877751260976,3.3959791683040503,194.57527365816955
71.7909004688263,0.297550139680375,-1.134916246719574,3.390940157693071,194.2865596172388
71.85760498046875,0.29292569544099695,-1.1360972893680008,3.3832281299847624,193.84469297806476
71.89090418815613,0.28999889919339855,-1.1368161582030176,3.378164384795421,193.55456175018583
71.95786499977112,0.2854531474802238,-1.1379099088615199,3.3704710470145613,193.11376596497402
71.990962266922,0.2824622850692631,-1.1386053777166816,3.364858349278368,192.79218207300752
72.05764722824097,0.2779603416175833,-1.1396261912397083,3.3560091932141987,192.28516277827802
72.09095025062561,0.2748233637164924,-1.1403139305220495,3.3494023978041745,191.90662128517724
72.1576681137085,0.27015421156681185,-1.1413019989427875,3.3400772401470937,191.3723291081324
72.19090342521667,0.26727520624343,-1.1418724378483782,3.3344913290297846,191.0522799763754
72.257559299469,0.2621863585425563,-1.1428868425627257,3.325997480561887,190.56561830734117
72.29097533226013,0.2593054237547815,-1.14341147738424,3.320445421302693,190.24750874418285
72.35757970809937,0.2548769556352151,-1.144203456849032,3.3119800301977356,189.76247756194118
72.39087510108948,0.251314448163826,-1.1448368567018907,3.3067387329910427,189.46217335282398
72.45762991905212,0.24669711693472546,-1.1455992048475852,3.2993553758599203,189.03913815057285
72.49092197418213,0.24326504456533143,-1.146155766444107,3.2941586054869454,188.74138514110277
72.55763530731201,0.2386248791352455,-1.1468615165793468,3.286903780595126,188.32571429369506
72.59092283248901,0.23571260934065616,-1.1472777274929509,3.282862230678526,188.0941505407824
72.65766978263855,0.23057025978906565,-1.1480254972785906,3.2772224545170356,187.77101516933052
72.69095516204834,0.22753057734031426,-1.1484324487708344,3.2724632332371515,187.4983318762243
72.75763130187988,0.22289460768576286,-1.1490373906665008,3.2648860896070016,187.0641935254523
72.7909426689148,0.2198484005291972,-1.1494114024940123,3.260230715853414,186.79746025731575
72.85760140419006,0.21495216979215864,-1.150002167037494,3.2540687586503108,186.4444061160377
72.89097476005554,0.21190854501430675,-1.1503409055917837,3.25044350583471,186.23669443003584
72.95764541625977,0.2077133377813883,-1.1507827696624444,3.244361102617442,185.8881983963896
72.99092125892639,0.20452665427652514,-1.1511178400674589,3.240068815355417,185.6422684518178
73.05764269828796,0.20020569777002734,-1.1515364881037204,3.2333776544869774,185.25889317401314
73.09092974662781,0.197430504998667,-1.1517859328167475,3.229040099453555,185.0103695771923
73.1576635837555,0.19319044581066439,-1.15215401749319,3.2217353177399275,184.59183641473712
73.1909532546997,0.18971845400811627,-1.1524527903155415,3.216838630255265,184.3112768882714
73.25758457183838,0.1852558690497531,-1.152785787973449,3.2098402737277105,183.91030059571472
73.29093050956726,0.1822014232034644,-1.1529962894109322,3.205979956772321,183.6891207265881
73.35760831832886,0.1776200953895849,-1.1532931400210475,3.199928957571993,183.34242401057227
73.39096927642822,0.17482313758653567,-1.1534486565617232,3.1959658033882423,183.11535200228374
73.4575662612915,0.17040685529810043,-1.1536887281671928,3.190221169817507,182.78620874383142
73.49086308479309,0.1666512783248851,-1.1538953387854278,3.186582097649133,182.57770526724008
73.55759620666504,0.16200160402071817,-1.1541004892407318,3.1790732613930963,182.14748064071438
73.59089207649231,0.15879680415760483,-1.1542218126353112,3.1733439225216493,181.8192137039802
73.65772724151611,0.15443813790050398,-1.1543485918292993,3.164499554691324,181.3124687548413
73.69094395637512,0.15109681627310123,-1.154435835624172,3.1602103849552954,181.0667174313516
73.75763940811157,0.14600964553926402,-1.1545417333339827,3.15555300697973,180.79986932975453
73.79086923599243,0.14268702676532957,-1.1545895188142108,3.151573413868542,180.57185544030412
73.85759687423706,0.1379753037274239,-1.154630581461713,3.143620409860006,180.11618187616438
73.89090394973755,0.13492718659289415,-1.1546318470178614,3.139466100040506,179.8781574567173
73.9578709602356,0.13027659844329803,-1.1546184460479803,3.132798478115644,179.4961308610338
73.99086332321167,0.1276203747032589,-1.15458047185112,3.1285025683389023,179.24999336165752
74.05766177177429,0.12246419072366743,-1.1545323520463502,3.1230110307904653,178.93535143709445
74.09116911888123,0.11952954345788458,-1.1544700756186579,3.119367966211172,178.72661921220734
74.15762162208557,0.11490509836652783,-1.1543658746542502,3.1143374913639352,178.43839423451396
74.19089150428772,0.11238350823124052,-1.15428052735344,3.110986300091799,178.24638511827948
74.25758266448975,0.10812155484885468,-1.1541465319256612,3.1060659422946966,177.96446938281122
74.29091000556946,0.10504413406029695,-1.1540426442377216,3.1025545706471327,177.76328260710392
74.35756373405457,0.10061948062642179,-1.1538696247736226,3.096831467362952,177.43537294320288
74.39093208312988,0.09783887679081318,-1.1537415043787773,3.0923989719497396,177.18140966331472
74.45762085914612,0.0931649559040722,-1.1535207138307582,3.0857358778312074,176.7996424918244
74.49095940589905,0.09037457276395434,-1.1533596567869173,3.0816604156143708,176.56613570723462
74.55759859085083,0.08582693293168078,-1.153091119004467,3.076394595605491,176.26442644505025
74.59093904495239,0.08248943153008119,-1.1528838469853961,3.072849434591541,176.06130368125662
74.65775108337402,0.07773814047714565,-1.1525603995470084,3.0675653425776535,175.75854751030207
74.69102144241333,0.07468341913975401,-1.1523325705060938,3.0646316047942115,175.59045671711277
74.75764966011047,0.070346325650668,-1.1519894079543922,3.06045863857109,175.35136336447727
74.79088640213013,0.06702144937313004,-1.1517276952747053,3.0570879070724377,175.1582346757327
74.85777592658997,0.06273064691413603,-1.1513558747236825,3.0515157758474416,174.83897507364736
74.89095711708069,0.05977415203473935,-1.1510870800708344,3.0476000277824298,174.61461923588567
74.95763492584229,0.05508071377520543,-1.1506505885984455,3.042097782088902,174.2993637798025
74.99086809158325,0.05202763039162345,-1.1503462085595477,3.038277465419105,174.08047575821965
75.05761337280273,0.04728430141219131,-1.1498587245698892,3.0327458978588906,173.7635402829279
75.09094309806824,0.04479359234427277,-1.1495713425219238,3.0301547340965946,173.6150775353211
75.15761661529541,0.04084174773586441,-1.1491188924952962,3.027488604819503,173.46231958010745
75.1908950805664,0.038600692119805796,-1.1488489237085708,3.0257765003429418,173.36422321951505
75.25759840011597,0.034344347465960934,-1.1483609974048428,3.0223281629918795,173.16664804296187
75.29090595245361,0.031142372896615922,-1.14798838840121,3.0191299870803583,172.9834060610913
75.35760354995728,0.026651523081394957,-1.1474412058954575,3.0143380949159138,172.70885086418681
75.39091658592224,0.02387402619626003,-1.1470822879615101,3.0115876135106845,172.55125988803795
75.45791459083557,0.01936027540019622,-1.146497010513703,3.0064481853415446,172.2567923448356
75.49097776412964,0.01687770916836162,-1.1461492406936842,3.0034836840480796,172.08693893235898
75.55758547782898,0.012397669657895183,-1.1455329269298007,2.998413136115298,171.7964179359918
75.59092998504639,0.009371991408709202,-1.1451008475517053,2.9949607974326664,171.59861350002726
75.65778851509094,0.00485885688799173,-1.1444372691478226,2.989074434409642,171.2613497421261
75.69093585014343,0.0015500289713320792,-1.1439375186162535,2.984788503993789,171.01578401801098
75.75767850875854,-0.003154708486702712,-1.143196894127081,2.9783674747409723,170.64788614169453
75.79090189933777,-0.006581878770532179,-1.14264139334761,2.9746478190983154,170.43476557212827
75.85758709907532,-0.011060347997478848,-1.1418784332329674,2.9686920689863463,170.09352622687788
75.89094591140747,-0.013939983524101723,-1.1413695905672845,2.9644994164017273,169.8533049288146
75.95763778686523,-0.01835950948646764,-1.140574738378419,2.9578183512189558,169.47050809118997
75.99087953567505,-0.02162773388287023,-1.1399744551387039,2.9525446997467526,169.16835011920978
76.05761671066284,-0.02647527081668566,-1.1390535228896703,2.9426113703567314,168.5992122686483
76.09089684486389,-0.029736579125696466,-1.1384006249893868,2.9375771493936345,168.31077265432657
76.15758943557739,-0.03459822431681758,-1.137397431668472,2.9309154882986963,167.9290875890401
76.19093036651611,-0.03786229793687207,-1.1367014347614668,2.9267533637895387,167.69061542085743
76.25755071640015,-0.04259918380036293,-1.1356645979250148,2.921274462963024,167.3766975271274
76.29094958305359,-0.04599089240673068,-1.134910752908256,2.9177253553744906,167.17334864126659
76.35753893852234,-0.050731958094447444,-1.133826350607806,2.9120196228417967,166.84643424811273
76.39095377922058,-0.0538429469170022,-1.13309668914034,2.907258774120197,166.5736577094648
76.45756435394287,-0.05854751909511191,-1.1319715313375576,2.9007870402551763,166.20285467286723
76.49087047576904,-0.061261235674667125,-1.1312922983520182,2.8972379427868065,165.9995063668491
76.55754208564758,-0.06602768080384272,-1.130110036293073,2.8930905200465356,165.76187654797496
76.59085154533386,-0.06859940494803374,-1.129442854134657,2.890062148772195,165.5883636551566
76.65753293037415,-0.0725068282625296,-1.1284254883001013,2.8848905148306034,165.2920508571168
76.69119548797607,-0.07560318101604815,-1.1276220412425324,2.881593545747073,165.10314844344538
76.75768685340881,-0.0800136618159005,-1.126451273374695,2.876844526885269,164.831049705836
76.79095077514648,-0.08284758259626798,-1.1256815471051431,2.8733097198540936,164.6285201815565
76.8576090335846,-0.08740398786240033,-1.1244349471144328,2.8683206755170207,164.34266899723858
76.8908462524414,-0.09009638135956796,-1.1236741369810008,2.8652280290049372,164.16547340457032
76.95776534080505,-0.09448489094033172,-1.1224319162081187,2.861032818807427,163.92510556608275
76.99108862876892,-0.09743773489876828,-1.1215827089727886,2.8579421705360204,163.74802446417175
77.05759119987488,-0.10185817550035592,-1.1202949952821233,2.852863728189604,163.45705115122155
77.09090399742126,-0.10479177524473832,-1.1194246012212907,2.8489995080647237,163.2356476469564
77.15758275985718,-0.10850188055567206,-1.1182903641520863,2.843431225177831,162.91660853840253
77.19084024429321,-0.11144239588118227,-1.1173926866858719,2.839540445924289,162.69368330815752
77.2576048374176,-0.11591899152460075,-1.11600607964306,2.833104100832168,162.32490789888925
77.29093527793884,-0.11897761370419122,-1.115037037911639,2.828944675200222,162.0865903649802
77.35761022567749,-0.12324464449408398,-1.113654239683709,2.8224425380880698,161.71404535063851
77.39091110229492,-0.12635792444634564,-1.112634648113052,2.8182632919713475,161.47459218660387
77.45757293701172,-0.13093061895556996,-1.1111047350628092,2.811921266079283,161.1112208694259
77.49088954925537,-0.13395882530916736,-1.1100702483840876,2.8076777547358027,160.86808557912858
77.55766129493713,-0.13862535994655217,-1.1084561221932365,2.8012841801376354,160.50176073865154
77.59083151817322,-0.14138278632184256,-1.1074713114583086,2.796931217224447,160.25235433534888
77.65764737129211,-0.14560983810609374,-1.1059478387445518,2.790653009765764,159.89263954505878
77.69088673591614,-0.148751391191982,-1.1048052729663664,2.786239757041594,159.63977879003923
77.75766515731812,-0.15310616049183964,-1.1031867036670646,2.779172422628047,159.23485035573543
77.79104685783386,-0.156101165637973,-1.1020533238353298,2.774669147155607,158.97683167717983
77.85769033432007,-0.16057396038210017,-1.1003353434575405,2.7675728315667776,158.57024274384702
77.89094614982605,-0.1631853530007546,-1.0992994335177846,2.7627289295527433,158.29270760206794
77.95791149139404,-0.1673292649939969,-1.0976452256363296,2.7562494801252395,157.9214624963035
77.99104070663452,-0.17015793923960343,-1.0964998373875199,2.7511429367825544,157.628879114867
78.05772280693054,-0.17428437563209553,-1.0947978971648333,2.743604623201734,157.19696556203988
78.09092903137207,-0.17698224984891012,-1.0936618357757055,2.7379711154016917,156.8741893412434
78.15794467926025,-0.18105094675983768,-1.0919225387756504,2.72970680621423,156.40067930421066
78.19104385375977,-0.1836149233316743,-1.090797156209321,2.7238488906779823,156.06504546723954
78.25760650634766,-0.18804871303938467,-1.0888443662930238,2.715659981965996,155.59585555922484
78.29085493087769,-0.19083212816913914,-1.0875824739304585,2.710660070204618,155.30938171736005
78.35758590698242,-0.1955677170448531,-1.0854237603764658,2.702595183856449,154.84729776735728
78.3911943435669,-0.19857109164541972,-1.0840174234316766,2.6959972147757956,154.46926198567803
78.45762038230896,-0.2029289448838412,-1.0819339447341543,2.6870815779085646,153.95843362151444
78.49093818664551,-0.2056795174069657,-1.0805832703783933,2.682458105856427,153.69352818623028
78.55769491195679,-0.21025286903308094,-1.0783329160628923,2.6768608543546026,153.3728292983025
78.59092569351196,-0.21298453641713727,-1.0769550403970496,2.6738727422818247,153.20162308782022
78.6576316356659,-0.2171531230943854,-1.0748439978658964,2.6688498287565423,152.91383134196235
78.69091939926147,-0.22008821710650758,-1.073347940649015,2.6654056399698955,152.7164938606412
78.75773978233337,-0.22454563324997878,-1.0710523055734993,2.6599384543339744,152.4032471978884
78.79093194007874,-0.22725564306529197,-1.0696290528943644,2.6562210776866904,152.19025720513852
78.857656955719,-0.2315139558478316,-1.0673825112370918,2.6500666618673696,151.8376351533229
78.89091444015503,-0.23421262371321452,-1.0659330340014546,2.6456330030106017,151.5836052130293
78.95759105682373,-0.23829824802716562,-1.063719531730687,2.638994748935205,151.20326127117355
78.99091005325317,-0.24147086787354977,-1.0619908883234654,2.634913121869511,150.9694012667629
79.05760955810547,-0.24544924705880294,-1.0597712922912434,2.6283442361395073,150.59303183832998
79.09099578857422,-0.24860469474250207,-1.058006604033598,2.6235736627933033,150.3196981197349
79.15764880180359,-0.25294125954596786,-1.0555361271039316,2.6153608130985564,149.8491364944506
79.19090509414673,-0.2564480994687397,-1.0535237424795836,2.610270736284125,149.5574965755863
79.25770711898804,-0.2608265849028025,-1.0509428747589598,2.602831803181423,149.13127710472128
79.29097151756287,-0.2634307469870646,-1.0493701270080622,2.597480858278473,148.82469054537523
79.35762667655945,-0.26772077721142185,-1.0467734475781079,2.588411001123255,148.3050260095947
79.3911600112915,-0.27068019380121355,-1.0449507612096256,2.5826721117156355,147.97621186744576
79.45758724212646,-0.27518861333539796,-1.0421391964125295,2.5749397115241752,147.53317797096895
79.49090313911438,-0.2777674088320691,-1.0404826417844155,2.5704324851907447,147.27493292475316
79.55770015716553,-0.28185779739500105,-1.0378479181429907,2.5642150889839668,146.91870236254414
79.59094405174255,-0.2843044317072271,-1.0362391573337917,2.55928925169225,146.6364726751606
79.65762090682983,-0.28807152728685126,-1.0337485516431835,2.55065355777678,146.14168386063736
79.69093418121338,-0.2905061355045312,-1.0321083144307792,2.544635156550476,145.7968548709538
79.75940155982971,-0.2943114348511536,-1.0295224779291938,2.535621339060839,145.28040117149638
79.79098963737488,-0.29683857511425255,-1.027771944500758,2.529275328872874,144.91680157097898
79.85760045051575,-0.3007092375616601,-1.0250598055694813,2.5198404065183633,144.37622034003186
79.891188621521,-0.3034523985393598,-1.0231052234959863,2.514039083161146,144.04382899607265
79.95764827728271,-0.3069772192473589,-1.0205315341386125,2.5059864807302095,143.5824488626832
79.99106168746948,-0.30922301951436315,-1.0188640513840637,2.500338992085025,143.25887159846607
80.05766320228577,-0.31300761080591655,-1.0160492617273627,2.4924091072658587,142.804522666303
80.09093379974365,-0.3153460086868204,-1.01427028653246,2.487286377565791,142.5110118749028
80.15771842002869,-0.31911727542441237,-1.0113861538691786,2.4800237751222305,142.0948954066054
80.19098424911499,-0.32119392179233686,-1.0097519094356575,2.474986387897382,141.80627437884846
80.25766825675964,-0.32466206683046417,-1.0070233822242782,2.4676990587453993,141.38874117451718
80.29097390174866,-0.32685105038198303,-1.0052698125283706,2.463115463668508,141.12612052161438
80.3576431274414,-0.33038563364807005,-1.0024286938280376,2.456834412951947,140.7662428246478
80.39112973213196,-0.3326631113476392,-1.0005686749878273,2.452901799362122,140.54092066349503
80.45761609077454,-0.3362946586449602,-0.9975903306980951,2.446515808635679,140.17503034686018
80.49100971221924,-0.3385499483225066,-0.9957067762921014,2.4421659454875346,139.92580154701201
80.55762267112732,-0.34172384715746545,-0.9930230929998249,2.4364209402357258,139.59663699280287
80.59082841873169,-0.34385025479429343,-0.9912100595120088,2.432348809152514,139.3633210681108
80.65766930580139,-0.34750713389786664,-0.9880912241623027,2.425987126915139,138.99882352530585
80.69093537330627,-0.3499359147523039,-0.9859878913755582,2.421160865106552,138.72229909284866
80.7576220035553,-0.3535094984011933,-0.9828570284021265,2.4140214728120366,138.3132420460847
80.79097056388855,-0.35559430314277707,-0.9809872130991582,2.4097114030291404,138.06629323811788
80.85766410827637,-0.3592234201688665,-0.9777411504789522,2.4033549582071423,137.7020957771096
80.89097619056702,-0.36149443836295014,-0.9756723056722643,2.399216391257683,137.46497335767327
80.9575891494751,-0.36480528190828027,-0.9726281838492753,2.3926534701372013,137.0889456761924
80.99089884757996,-0.36714290750859213,-0.9704617062496079,2.388970526330418,136.87792853987986
81.05766701698303,-0.37052464157632303,-0.9672931934083967,2.3831653274058997,136.54531514227108
81.09095287322998,-0.37244018453821864,-0.9654609485307446,2.3788654977442576,136.29895305003382
81.15760660171509,-0.3758462621780997,-0.9622160068841699,2.3722809811045424,135.92168803644446
81.19088363647461,-0.3780554065590429,-0.9600783323997925,2.367477930749521,135.64649352231294
81.25766062736511,-0.381142500047816,-0.9570504734715816,2.360692662016425,135.25772626104447
81.29096627235413,-0.38341670085819524,-0.954806811383478,2.356837517607696,135.03684275701082
81.35774564743042,-0.38646050181539676,-0.9517571987720553,2.3505640038179267,134.67739689413992
81.39096760749817,-0.38813044535735,-0.9500437581852872,2.3463951993214103,134.43854199087437
81.45769786834717,-0.3913849746060505,-0.9467436975192282,2.3395982986944794,134.0491082711814
81.49095678329468,-0.39342786632643056,-0.944632690080969,2.3353996625838125,133.80854414232897
81.55780792236328,-0.39647998600881074,-0.9414521699287874,2.3288780420197597,133.43488280842303
81.59096336364746,-0.3986926930126279,-0.9391275942938224,2.3247144056545146,133.19632401726727
81.65760850906372,-0.40162744740519574,-0.935993586750932,2.3183606948421005,132.83228320346933
81.69109034538269,-0.40353047606500936,-0.9339347883698542,2.3146767319634165,132.62120767863786
81.75760865211487,-0.40670814739076666,-0.930495950411835,2.3093020716054156,132.31326232380815
81.79346036911011,-0.408491237177516,-0.9285224573027374,2.3057900229551542,132.11203675870354
81.85761380195618,-0.4113532735843125,-0.9253526565061475,2.299201026581903,131.73451507528924
81.89090013504028,-0.4132039145015872,-0.9232755413600566,2.294636760138144,131.47300187148866
81.95763492584229,-0.41601365601292717,-0.9200956628931478,2.2875433170133785,131.0665775182235
81.99086880683899,-0.41784406718933076,-0.9179942971552487,2.2832208835492107,130.81892032350058
82.0576343536377,-0.420697397611285,-0.9146971770535924,2.2768869600217245,130.45601323761701
82.09087347984314,-0.42270185684103095,-0.9123570622618549,2.272949484218328,130.2304124921475
82.15759897232056,-0.425845209017634,-0.9086611804648372,2.267025806963561,129.89101078625174
82.19094228744507,-0.42761879085805,-0.9065277756329496,2.2632102992173673,129.67239829569536
82.25762987136841,-0.43045535289495784,-0.9031065686286434,2.2575338962088463,129.34716436049172
82.29092741012573,-0.43221646805737846,-0.9009512666943602,2.25429283535823,129.16146525260635
82.35757732391357,-0.43472176496985876,-0.897858975751999,2.2494997055618313,128.8868391446143
82.39117670059204,-0.43665116018992045,-0.8954787935822103,2.246415990760517,128.71015530127696
82.45763993263245,-0.43948657512393163,-0.8919497483146352,2.2409547487562387,128.39724918353224
82.49090003967285,-0.44140110872216193,-0.8895393829416154,2.2369527398499773,128.1679509636297
82.55760526657104,-0.44422457341738864,-0.8859522635097371,2.2304420589205627,127.79491642461794
82.5908772945404,-0.44602105343917187,-0.8836315649781585,2.226265252737303,127.555603058473
82.65759253501892,-0.4489911558023064,-0.8797853898995206,2.2187701795484713,127.12616699761129
82.69085335731506,-0.45067132390474846,-0.8775507361857118,2.2139083965921476,126.8476073533053
82.75758361816406,-0.4533314869290058,-0.8739973259063645,2.2059631582147388,126.3923787270544
82.7908844947815,-0.4552432488315932,-0.8714152651998412,2.200830193006536,126.09828148423689
82.8576250076294,-0.4577770544445164,-0.8679268424804945,2.1934142405504744,125.67337870743489
82.89089679718018,-0.4598189024129994,-0.8651092495636579,2.188099870913443,125.36888775646052
82.95770859718323,-0.4624976318774967,-0.8613324736832838,2.1797924468788787,124.89290742065445
82.99094653129578,-0.46417168331457753,-0.8589222544374994,2.174532177641355,124.59151619424185
83.05768918991089,-0.4668695564451686,-0.8550183380939302,2.166864365949701,124.152182946209
83.0909812450409,-0.46867173623144087,-0.8523677000340835,2.1618842023575553,123.86684059109433
83.1576042175293,-0.4711688396316863,-0.8486353493678263,2.1551030165230287,123.47830726268207
83.19097256660461,-0.4726268936172875,-0.8464067973261782,2.150953352024029,123.24054900049411
83.25763773918152,-0.47479686789609843,-0.8430721246478436,2.1446819141877844,122.88122208099864
83.2910361289978,-0.4766358018796857,-0.8402586088960814,2.140876462640228,122.66318576818212
83.35771584510803,-0.47910188656952535,-0.8364171506566517,2.13612163931582,122.39075445936318
83.3909387588501,-0.48051970613031025,-0.8341640493381821,2.1326651655087305,122.19271309821944
83.45789122581482,-0.48278052726165854,-0.8305673794014616,2.12716083353172,121.87733810689784
83.49092054367065,-0.4844858604440805,-0.8278436089173695,2.123041120376338,121.64129593028993
83.557612657547,-0.4870409478630056,-0.8237170583854638,2.116905137563151,121.2897300119295
83.5909059047699,-0.4887091903958768,-0.8209785474710527,2.112744304167536,121.05133181910367
83.65758848190308,-0.49125234153112896,-0.8167654122959634,2.1062314782035223,120.67817437866248
83.69089007377625,-0.49281192161576337,-0.8141290947002359,2.1012723705090384,120.3940384376177
83.75766968727112,-0.4950825556505123,-0.810244375318708,2.093938082954371,119.97381471499992
83.79094672203064,-0.4965444198289193,-0.8076995374028788,2.0887338942900104,119.67563666874224
83.85768365859985,-0.4989729112830847,-0.8034554706961959,2.080193206306845,119.18629129316875
83.89096570014954,-0.5004655353564704,-0.800779028547762,2.0744533139595323,118.8574196868083
83.9575982093811,-0.50291678729465,-0.7963548229901454,2.0667969427085424,118.41874192774128
83.99086880683899,-0.5047155219125973,-0.7930651376580425,2.0622387755356737,118.15757818642082
84.0576446056366,-0.5067995229906511,-0.7891299451238456,2.0553327592511934,117.76189260007149
84.09120154380798,-0.5086279722378554,-0.7857014542826912,2.0503717707480824,117.4776488966303
84.15763926506042,-0.5107397714271552,-0.7816068947358188,2.042665031297444,117.03608525230176
84.19089984893799,-0.5121709448690632,-0.7787980273817798,2.037945311936057,116.7656652524081
84.25783348083496,-0.5146415977877243,-0.7739340341787792,2.031237046381535,116.381309948281
84.29084134101868,-0.5160533705413535,-0.7710720459330129,2.02697724530078,116.13724132478848
84.35763144493103,-0.5181952693723428,-0.7666942604527107,2.020276320358257,115.75330660674797
84.39088153839111,-0.5195794636046661,-0.7638165262800797,2.014874740026734,115.44381885105082
84.45760917663574,-0.5215936446292455,-0.7595688457652252,2.0072921717462044,115.0093696907067
84.49096608161926,-0.5230064974922248,-0.7565485821180604,2.0034123456091546,114.7870720278092
84.55779838562012,-0.524839396960872,-0.7525454078054823,1.9971426786303768,114.42784657097269
84.59083366394043,-0.5260451512281532,-0.749875954583726,1.9926248506744084,114.16899409652949
84.65762400627136,-0.5280583088196023,-0.7454121118545864,1.9848077000380355,113.72110435724733
84.69088006019592,-0.5292967358163054,-0.7425871784187228,1.9801111629657626,113.45201260467935
84.75760197639465,-0.5312543317398821,-0.738091669639243,1.9729518991871442,113.04181700574364
84.79093170166016,-0.5323356658266969,-0.7355167858837858,1.9681310145337034,112.7656006615821
84.85762476921082,-0.5341818520394473,-0.7311274143998586,1.9604009382976724,112.32269991794314
84.89097881317139,-0.5354569310322423,-0.728041480059427,1.954968198679294,112.01142686661655
84.95765399932861,-0.5371968586634143,-0.7237278955170463,1.9474515996011226,111.5807574631454
84.9909143447876,-0.538323130292438,-0.7208726059628959,1.9426341186971,111.30473613946003
85.05768918991089,-0.5399476547627756,-0.7166891301734735,1.9346797281131092,110.84898313039876
85.0908899307251,-0.5412526927178987,-0.7133137551073029,1.9290300431827514,110.52528002831059
85.15765810012817,-0.5430497820497676,-0.7085352465686815,1.920537675244227,110.03870318736092
85.19089961051941,-0.5442449969809748,-0.7052741979293917,1.914297792086362,109.6811842177605
85.25766730308533,-0.5461001631714796,-0.7001267815071102,1.9054156528900028,109.1722751287614
85.29094886779785,-0.547277794739585,-0.6967504392266497,1.9000948064742686,108.86741308570252
85.35789036750793,-0.5489570855797209,-0.6918296654861504,1.8919707710566367,108.40194014365741
85.3911395072937,-0.5499641986770881,-0.6887642062949149,1.8867265877536457,108.10147057340305
85.45767331123352,-0.5513385235315414,-0.6844894791271119,1.878253357087093,107.61599021736876
85.49105167388916,-0.552379174952397,-0.6812390705053,1.8729972074339958,107.31483502575713
85.55780577659607,-0.5538839415134764,-0.6764150117836477,1.8641410354809334,106.80741375020453
85.59097099304199,-0.5546686957226895,-0.6737509716200727,1.8578580075928224,106.44742276965277
85.65757703781128,-0.5560777505985826,-0.6690003384295169,1.847649492454187,105.86251793711357
85.69086360931396,-0.5570319974636497,-0.6656786489647928,1.8412795650909197,105.49754798339345
85.75754475593567,-0.5583244107772656,-0.6610034730833594,1.8325201955228,104.99567307594486
85.79084587097168,-0.5592294182581274,-0.6576543993970732,1.8266099253051493,104.65703953669161
85.85754132270813,-0.560538349996922,-0.6526686160739068,1.8176536121276887,104.14388059162572
85.89130902290344,-0.5612362711848189,-0.6498308836950387,1.811719120653739,103.80385927661203
85.95770955085754,-0.5623923938498723,-0.6451181559048045,1.8035832593519456,103.33770876131545
85.99091815948486,-0.5631298670617159,-0.6420030365317896,1.7983110314940294,103.03563235642555
86.05762839317322,-0.5642850097890323,-0.6370526726253802,1.7905539224003353,102.59118274413433
86.09090161323547,-0.5649444898095966,-0.6340598120466704,1.785012434508598,102.27367887571494
86.1576292514801,-0.5659340920189893,-0.6294844309279267,1.7768955116130456,101.80861345116666
86.19090104103088,-0.5666561600193692,-0.6260837626381317,1.7723498284249304,101.54816498948409
86.25761079788208,-0.5675217928322908,-0.6217636684474237,1.766061695759651,101.18788152674524
86.2910087108612,-0.5681763670196518,-0.6184909925341601,1.7614924051626664,100.9260804601692
86.35769772529602,-0.5690240585039615,-0.6140540609270803,1.7535277912389977,100.46974169689186
86.39096283912659,-0.5696392247862794,-0.610770789879624,1.747975627378871,100.15162614054154
86.45767498016357,-0.5704891501886399,-0.6060331104394726,1.7401294345479807,99.70207240608572
86.49096608161926,-0.571110072550172,-0.6024869468614491,1.73532438238319,99.42676319670302
86.55766201019287,-0.5719884279219429,-0.5972598463493096,1.7272144111866365,98.96209607516784
86.59100270271301,-0.5725793145237831,-0.5935830025437712,1.7218687343443049,98.65581135346142
86.65771842002869,-0.5733099948413118,-0.5887104882055131,1.713059314259225,98.15106876262855
86.6909806728363,-0.5736849130304126,-0.5859332315030081,1.7078764018262544,97.85410975463346
86.75803661346436,-0.574344921295964,-0.5811403722993433,1.7001946631423628,97.41397854872409
86.79100346565247,-0.5747546500342706,-0.5779840862992227,1.694855258806569,97.10805321516926
86.85800814628601,-0.5753272044518165,-0.5733446623980656,1.685782972913502,96.58824952296045
86.89100241661072,-0.5757170113804851,-0.5700278214107639,1.6790340384561782,96.20156406234537
86.9577145576477,-0.5762368739706935,-0.5652346426379478,1.6694616793354953,95.65310828474668
86.99101543426514,-0.5765895050831455,-0.5617757919597944,1.6627673739236222,95.26955283787477
87.05768418312073,-0.5770304186306296,-0.5569534467846494,1.6531086503146752,94.71614873959874
87.09102511405945,-0.5773248599566356,-0.5534875281418412,1.6465575580496645,94.34079880161282
87.1577045917511,-0.5777199234844073,-0.5483546007158594,1.6374907616627803,93.8213096349399
87.19098997116089,-0.577897107583211,-0.545434253716615,1.6313459368460943,93.46923710709653
87.25762248039246,-0.5782152718358674,-0.5403334079617688,1.6219126577428342,92.92875002751079
87.29100203514099,-0.5783740595349876,-0.5371360158727053,1.615634097991818,92.56901505235685
87.3576831817627,-0.5785770504266565,-0.5324392681616478,1.6066624019859188,92.05497473614444
87.39100217819214,-0.5786911607971484,-0.5292394944962211,1.6018149157454136,91.77723423331575
87.45767593383789,-0.578849938767473,-0.5242826669346028,1.5941652126380017,91.33893853073295
87.49098801612854,-0.5789229170566303,-0.5210778804140903,1.5892038397663666,91.05467280459754
87.55768871307373,-0.5790258029032193,-0.5159584199668099,1.5815881478848712,90.61832580171583
87.59099435806274,-0.5790372398582484,-0.5131796761107037,1.5768504058893327,90.34687318094957
87.65769982337952,-0.5790791913707912,-0.5081014674575949,1.5703710752995315,89.97563488408396
87.69097089767456,-0.5790759649738906,-0.504895505259646,1.565687542455993,89.7072882189383
87.7576756477356,-0.5790496146043694,-0.5000751548892705,1.5585708884116183,89.29953397794091
87.79101872444153,-0.5790157339462914,-0.4965972778892032,1.5533462504114128,89.00018427104547
87.85777926445007,-0.5789273309759185,-0.4917426755494745,1.5457418670414922,88.56448519814955
87.89100503921509,-0.5788464663284553,-0.48841019358016463,1.540886055144348,88.28626767033377
87.95802521705627,-0.5786981386590561,-0.483416970169748,1.5339674618770862,87.88986147595205
87.99096298217773,-0.578576091755054,-0.48008526620185,1.528509437749176,87.57713972894221
88.05780863761902,-0.5783666738792403,-0.47523176402386724,1.5199481101140486,87.0866117884207
88.0909993648529,-0.5781927211371923,-0.47148926443459194,1.5144060113383602,86.76907291892913
88.15766716003418,-0.5779050986017967,-0.466453226142966,1.5061175647851328,86.29417991270945
88.19096779823303,-0.5776828895051968,-0.4629878703489775,1.500423884815953,85.96795608057727
88.25765800476074,-0.5773253366022506,-0.457959513782986,1.4916299884354656,85.46410293249997
88.29100823402405,-0.5770475815898992,-0.45436364878112034,1.4861586309807773,85.15061724213889
88.35766053199768,-0.5766286953278703,-0.4496058667951578,1.4775907315414236,84.65971276497142
88.39125776290894,-0.5763106069940066,-0.44614904123345567,1.4716079276577838,84.31692335278439
88.45767402648926,-0.5758115629095307,-0.4411476628771392,1.4633328092943934,83.84279399559091
88.49097609519958,-0.5754613674418483,-0.43796054103742843,1.4585877395116753,83.5709215235461
88.557692527771,-0.5748796666471846,-0.43270989478681593,1.4511392676345234,83.14415552116341
88.59095573425293,-0.574524290634071,-0.4299438156768679,1.4452185584527502,82.80492387332345
88.65770840644836,-0.5739043998578299,-0.42499840957030594,1.4361733559730794,82.28667194639705
88.69102239608765,-0.5734220813309832,-0.42130141322185083,1.430921297825944,81.98575118080889
88.75795483589172,-0.5727012497214908,-0.4161694981180308,1.423155497337622,81.5408035882874
88.79100728034973,-0.5722218105105168,-0.41300306972401335,1.4173971955221683,81.21087719709939
88.85789799690247,-0.5714708562836361,-0.4081876041181615,1.4088350361589397,80.72030160206796
88.8909752368927,-0.5709338547212521,-0.40489392134190366,1.4028609574315165,80.37801210450773
88.95769333839417,-0.5701360379376408,-0.40024556018201785,1.3942666511561166,79.88559462708453
88.99125361442566,-0.5695531780210266,-0.3969554050849173,1.3884778034750462,79.5539180867151
89.05770659446716,-0.5686320197424773,-0.3919161966060341,1.3803388313055363,79.08758933182774
89.09091973304749,-0.5679997534250647,-0.38863804613075975,1.3748269028596343,78.77177909489946
89.15765500068665,-0.5670461522153484,-0.38385803012793146,1.366249755208779,78.28034473424489
89.19098567962646,-0.5663495636342324,-0.38046647821969914,1.3613119559471476,77.9974296764706
89.25768208503723,-0.5653530390474342,-0.37582920482890925,1.3540665693079068,77.58229960110164
89.29098987579346,-0.5646886895869592,-0.37284812362020214,1.3485622594122446,77.2669258749481
89.35767602920532,-0.5636834977234,-0.36844334720927907,1.338499625193415,76.69037940342523
89.39096307754517,-0.5630541481505987,-0.36585565203886034,1.3317441869194686,76.30332130156697
89.4577066898346,-0.5619427591964403,-0.36125586209833765,1.3218139537657567,75.73436085227839
89.49099373817444,-0.5612189248700585,-0.35842388334948383,1.315442469773388,75.3693017102805
89.55765652656555,-0.560029487831917,-0.3538365183418258,1.3060581713643606,74.8316210177519
89.59098625183105,-0.559169153701796,-0.35061876623952576,1.2994356038833705,74.45217585155058
89.65768146514893,-0.5578549713012338,-0.3458669489550706,1.2899606069813305,73.90929851816415
89.69096827507019,-0.5569675473136431,-0.3427888288190565,1.283552881614685,73.54216289837645
89.7577064037323,-0.5554979800382676,-0.33775877416142613,1.2744442630336754,73.02027749649015
89.79100322723389,-0.5545243225143061,-0.3345685605321115,1.2677980775413997,72.63947911792168
89.85766816139221,-0.5530668532200532,-0.32992383468916253,1.2587553555155615,72.12136931053116
89.89098644256592,-0.5520444267485886,-0.3267486823245433,1.2532616011677946,71.80660037272247
89.95766830444336,-0.55052508967112,-0.32213880976561304,1.2452100409467277,71.34527995355992
89.99112439155579,-0.5493806738758082,-0.3187095078819431,1.2398565315107282,71.03854645729369
90.05771732330322,-0.5479075674666942,-0.31449054942565335,1.231245346410147,70.54516189442444
90.09102988243103,-0.5468051799325968,-0.31135363540217265,1.2253809971465124,70.20915943202753
90.15771865844727,-0.5452149912250622,-0.30695254646155185,1.216001908782207,69.67177725307258
90.19103741645813,-0.5439763100481674,-0.3035613682469009,1.2099154848801348,69.3230508511563
90.25767636299133,-0.5422506900364483,-0.29900145652249016,1.1999305880580742,68.75095840437864
90.29096150398254,-0.5409169108597492,-0.29551909086718153,1.1933502345979636,68.37393192340998
90.35766005516052,-0.5391475105729648,-0.29109389500022254,1.184092119622141,67.84348100904849
90.39094281196594,-0.5378953377174063,-0.28801566633048437,1.1787064722613916,67.53490614533177
90.45763492584229,-0.5360344431901566,-0.28352741605851683,1.1707323697766954,67.0780237275539
90.49108648300171,-0.5348808945710917,-0.2808343776142338,1.1655333988498515,66.78014463563453
90.55767941474915,-0.5330857523360125,-0.27667414361716214,1.1575870842097444,66.32485434407337
90.59097623825073,-0.5318594314247227,-0.2738780581936941,1.1521725877182172,66.01462654692047
90.6576931476593,-0.5298690657589156,-0.269379745517067,1.1450981698306435,65.60929225945064
90.6909806728363,-0.5285022280094305,-0.26634890565155905,1.1408561470508694,65.36624225757123
90.7576973438263,-0.5264368530362636,-0.261834962258489,1.1343740700971041,64.99484660564147
90.79099416732788,-0.5251900739791964,-0.25918857142261753,1.1294510542848657,64.71277857712404
90.85767412185669,-0.5231417501869549,-0.2548486595525047,1.1222190967138823,64.29841793068901
90.8909604549408,-0.5218114918979373,-0.2520930854484716,1.1172843492091373,64.0156777257044
90.9576473236084,-0.519717448475339,-0.2477917773170462,1.1093763522808444,63.5625828773108
90.99095845222473,-0.5182559088860622,-0.24483820233578246,1.1033616865110418,63.21796791351931
91.0577027797699,-0.5159964321021752,-0.2403502230054318,1.0938322257805564,62.67197003262684
91.09099173545837,-0.5144748382095454,-0.23739987272617719,1.087915692805534,62.33297766380808
91.15784096717834,-0.512217998316764,-0.23310075280770554,1.0780656247276386,61.76861033502813
91.19091629981995,-0.5105891814255494,-0.23004960581446943,1.071814335861967,61.41043786650802
91.25770044326782,-0.5082498762372095,-0.22576721988568593,1.0616916295183905,60.83044951577079
91.29097771644592,-0.5066343359652338,-0.22286833239272688,1.055030166271472,60.448775786340846
91.3577013015747,-0.50397254345233,-0.21813799316798033,1.0451361655645592,59.88189130333529
91.39147663116455,-0.5024261111995914,-0.21550225768072,1.038840239002128,59.52116128318367
91.45769882202148,-0.4998074219430623,-0.21104287548543632,1.030191659133068,59.025634157904726
91.490962266922,-0.49795309324149145,-0.20793640887578474,1.0236174789132604,58.64896137755136
91.55774974822998,-0.4952664647098215,-0.20352513299054836,1.013733751518206,58.08266551195692
91.59113574028015,-0.49343239009761264,-0.20057941556436834,1.0077528678519085,57.73998612011934
91.6577410697937,-0.490726831968869,-0.19630275407260817,0.9998818703254133,57.289011181293255
91.69098734855652,-0.4889887657055637,-0.1936147206260924,0.9947862475679452,56.99705350329951
91.757657289505,-0.48662463021686087,-0.19002430079978838,0.9861537782905646,56.50244944692926
91.79096794128418,-0.4849964533725417,-0.1875787307517444,0.9804301748099719,56.174511123884905
91.85765790939331,-0.48227913449590926,-0.18350337669847422,0.9719527923086688,55.68879288524219
91.89113211631775,-0.48039901204662716,-0.18073605436484907,0.9671581230119175,55.41407857037738
91.95781207084656,-0.4778215820063204,-0.1770165751803923,0.9591320062674584,54.95421595504059
91.99110150337219,-0.475835592177973,-0.1741620087997925,0.9530664342496693,54.60668427808862
92.05780243873596,-0.47303613511635423,-0.17022268010191804,0.9434068580098272,54.05323132766082
92.09116339683533,-0.47108623850130876,-0.1675246092354002,0.9378185652540476,53.73304573807112
92.15771007537842,-0.4687126269421032,-0.16434586292441444,0.9302749666156278,53.30082937374903
92.191082239151,-0.4668777930194868,-0.16187785139953448,0.9250327704664046,53.00047365901881
92.25768494606018,-0.4640413617952643,-0.15810040496887717,0.9167575539630906,52.52633867882191
92.29109811782837,-0.4620902465338547,-0.15554544227088773,0.9113146407111882,52.21448272123207
92.35780334472656,-0.4590050414080822,-0.15154342905815799,0.9033976103793022,51.76087029693795
92.39099645614624,-0.4571038287894026,-0.14913946444756387,0.897620952800733,51.42989219799367
92.45770812034607,-0.45394124268727937,-0.14515560787589288,0.889313869963126,50.95393141133323
92.49094653129578,-0.4519220303462487,-0.14267015524844467,0.8833882544033433,50.61441864874063
92.55768084526062,-0.44868292388073183,-0.13871137796614977,0.8745689826698002,50.109111600029586
92.59096884727478,-0.446543856838722,-0.13615093402437506,0.8690080437224355,49.79049326821566
92.65768384933472,-0.44322445992339343,-0.1322162755545812,0.8611370153635609,49.33951656282437
92.69103407859802,-0.4410502174174689,-0.12968737889999876,0.8556172901065486,49.0232596015258
92.7576744556427,-0.43784662922123435,-0.1260084486966505,0.8476137095306044,48.56468821353132
92.79093337059021,-0.43589913186443174,-0.12382474567685252,0.8422994032586275,48.26020089310714
92.85768270492554,-0.43242407157982393,-0.11990711656336792,0.8334749657356779,47.75459786646525
92.89101338386536,-0.4301767529253927,-0.11743317330022272,0.8269487281390813,47.38067199608066
92.95769882202148,-0.4269743048931517,-0.11396723374833517,0.816698801764076,46.79339447447303
92.99097490310669,-0.4247801692583273,-0.11163391569879111,0.8109836853949028,46.465942427093275
93.0578920841217,-0.4212681849392923,-0.10792369558416659,0.802613715450617,45.98637847463434
93.09092569351196,-0.41885686329503896,-0.10541920368879505,0.7970767559972538,45.669134066621574
93.15763592720032,-0.4155426978288849,-0.10204334636382707,0.7883280960120741,45.16787277307579
93.19098544120789,-0.4132830981673818,-0.09977378234626609,0.7825474663008247,44.83666708769327
93.25790643692017,-0.4097618447219824,-0.09626762032500347,0.7743966908075328,44.369662052168984
93.29094099998474,-0.4070918941001204,-0.0936299617151963,0.7694845721658087,44.08821838553066
93.35767316818237,-0.40366968758747757,-0.09033444505874196,0.7628429592215825,43.70768199466704
93.3909285068512,-0.4013524143477947,-0.08812497966249183,0.757633378334338,43.40919499679591
93.45780372619629,-0.3975310428332843,-0.08449396362343299,0.7494622336052799,42.94102289003031
93.49109435081482,-0.39518362652837064,-0.08231839912130236,0.7438293149763293,42.61828042625083
93.55767464637756,-0.3915011303586746,-0.07892974297283144,0.7360284807858127,42.17132555045288
93.59101700782776,-0.38932064550316137,-0.07697490979516264,0.7307861955116192,41.870964729238004
93.65764427185059,-0.3854268952723655,-0.07346531539333213,0.7226333961454747,41.403843734340995
93.69095134735107,-0.3828231665103005,-0.07116324078600578,0.7169540679979107,41.078442201015726
93.75769662857056,-0.37934952583477716,-0.0681567236952292,0.7086267206456763,40.60132034319325
93.7909426689148,-0.3766131313279171,-0.06579413988140172,0.7033153797927567,40.297002928765544
93.857745885849,-0.3727859788133225,-0.06254862923453985,0.6941860155596653,39.77392888857172
93.89102244377136,-0.37012382388442666,-0.06032728858019082,0.6888570454733366,39.46860139347362
93.95767307281494,-0.3664519706057527,-0.05731908293927151,0.6801120148085285,38.96754804466762
93.99095702171326,-0.3639606281655977,-0.05530807559684668,0.6748439707813039,38.665711355618555
94.05767583847046,-0.35975118366565334,-0.051916747050012355,0.6668212392925881,38.206042701148434
94.09098792076111,-0.35699890488923547,-0.049748497053204374,0.6609376571619832,37.86893827664618
94.15771174430847,-0.3531417485964181,-0.04676092881053018,0.6511952193880792,37.31073771003266
94.19097185134888,-0.3504889168137347,-0.04473971247569368,0.6447057482329615,36.93891840157252
94.25775504112244,-0.34648160161872416,-0.04172781550483614,0.636208378904302,36.45205500207643
94.29101181030273,-0.34390303783232057,-0.03983035007572609,0.6304797621302041,36.12382943847276
94.35765528678894,-0.33930430173452714,-0.03644142282430718,0.6213428652025361,35.60032380667134
94.39112830162048,-0.3365867720166459,-0.0345054956897364,0.614065895527713,35.18338415665929
94.45766925811768,-0.3323268857517532,-0.031502550452640825,0.6038162811829029,34.59612451306492
94.49104261398315,-0.3295741920382149,-0.029611071650196618,0.5976384998633617,34.24216371670045
94.55767488479614,-0.3255171944745156,-0.02686130801950662,0.588713626058639,33.73080611500298
94.59099817276001,-0.3227446846055237,-0.025012326992699185,0.5823428722329607,33.36578880847478
94.65765810012817,-0.31855311752116017,-0.02225333273479829,0.5714117971063808,32.73948433818133
94.69094395637512,-0.316081500131341,-0.020684606604876993,0.5641591112448747,32.32393604818282
94.75773215293884,-0.31189011281010764,-0.018026197288695374,0.5542906611285217,31.75851550618041
94.79096984863281,-0.3093878676345378,-0.016493806400287782,0.5480500380603268,31.40095414284086
94.85768413543701,-0.30542097888307795,-0.014076196151375321,0.5381380285667525,30.83303783236545
94.8909204006195,-0.30301108154759926,-0.012653501487127156,0.5318358644261587,30.47195042531073
94.9576575756073,-0.2989313078115394,-0.010243657053751458,0.5225059745417631,29.937387111613063
94.99097919464111,-0.296271362794048,-0.008711363908079382,0.5168852466881244,29.61534312780794
95.05762052536011,-0.2917707863014303,-0.0061271478491565085,0.509567922402097,29.196091328889995
95.09097814559937,-0.2893232147726111,-0.004779339169604081,0.505300439521045,28.951582570661383
95.15766954421997,-0.28527396891290185,-0.002540469670487086,0.499032178291599,28.592437657328645
95.19098401069641,-0.28257824033751505,-0.0010719096480792736,0.49486275783307365,28.35354746203964
95.25769901275635,-0.27838898192132255,0.00119345081757323,0.48784559169135294,27.951493457976945
95.29097080230713,-0.2759129462391584,0.0024950268538251816,0.4823807320844394,27.638380066869274
95.35784721374512,-0.27147550626674044,0.004837355338488988,0.4746779475642855,27.197043023365755
95.39101266860962,-0.26850411254042233,0.006371692101307842,0.4690216636415446,26.872961826864998
95.45767641067505,-0.26421098220339967,0.008546267344012586,0.46013819143392315,26.363976361946527
95.49100303649902,-0.26122098742942795,0.010033953264018389,0.45359344737874224,25.988990149591324
95.55772280693054,-0.25689129470750216,0.012143264489137794,0.44466476638864366,25.477414412239987
95.59095215797424,-0.25374848387963095,0.013650537540426458,0.43898048612346496,25.15172914347574
95.65766501426697,-0.2493477278160187,0.015712478162689114,0.42949608935011746,24.608313237135434
95.69097805023193,-0.24656153688434884,0.01697910485677631,0.4229977092743989,24.235983485124855
95.75768756866455,-0.2419134508266022,0.019083479213668292,0.4127255815600899,23.64743392047559
95.79097485542297,-0.23910120291480075,0.0203046791997099,0.40666163775891434,23.299995533463708
95.85768055915833,-0.2345390804097504,0.022274580043765008,0.3976913160983818,22.78603396144041
95.8909866809845,-0.23146936380836095,0.023567387951952783,0.39206099463239596,22.46344030413751
95.9576621055603,-0.2271292544897991,0.025352606532375595,0.3836804555207275,21.98327078299459
95.99091815948486,-0.22402523168075433,0.026610973781238202,0.37828901322118347,21.674363893742413
96.05763411521912,-0.21940271065130185,0.02845157981412804,0.3702764037031582,21.21527518547321
96.09094190597534,-0.2162941163385702,0.02966094488264813,0.365071389974125,20.91704986649196
96.15806794166565,-0.2117549124145512,0.031391671812203,0.35765869590438604,20.49233378147426
96.19096112251282,-0.20901278096212786,0.032403246012150756,0.35258340514400344,20.201541041102598
96.2577211856842,-0.2047775536878638,0.03395254499778349,0.34530284218141116,19.784395510866798
96.29095029830933,-0.20214059788668437,0.03489038656752037,0.3407798218352479,19.52524553437984
96.35769462585449,-0.1975597233660601,0.03652786317370201,0.3345283778687339,19.167064179236068
96.39099860191345,-0.19452671176204395,0.03758617867069627,0.3298454326768706,18.898751184051218
96.45770502090454,-0.19054198184184734,0.03893302513984688,0.32302243937737013,18.5078224643438
96.49094247817993,-0.18762863934332827,0.03991165772718252,0.3180234806149291,18.221403225295987
96.55768632888794,-0.1828734478085658,0.041494857050556895,0.3102092684811068,17.773681849808053
96.5909788608551,-0.18020570479844814,0.04233706910548443,0.30528922058788915,17.49178387052445
96.65774965286255,-0.17609069049368353,0.0436253572214535,0.29816782770014133,17.083758113802016
96.6909761428833,-0.17276499738389695,0.0446662919590264,0.29343945153299716,16.812842115474414
96.75766682624817,-0.16833348118803865,0.046003821046004686,0.28561504047706143,16.364536384793794
96.79099345207214,-0.1648677624807621,0.04704068128997102,0.2804922911244907,16.071024467388117
96.85769200325012,-0.16049498134104212,0.04828873970437694,0.2732050287833878,15.653495091038298
96.89096307754517,-0.15767450703050856,0.04907102536104438,0.26829693418564227,15.372281985136519
96.95772004127502,-0.15321526867009883,0.05029688622570698,0.2607069370049991,14.93740718016947
96.9911322593689,-0.1499957963952763,0.051164936768312005,0.25560768312897003,14.645241454407278
97.0576741695404,-0.14522425596556202,0.052418641824522764,0.24688743401003493,14.145607983589624
97.09098291397095,-0.14211855645329646,0.053200854148975026,0.2410693172705532,13.812254449702904
97.15780186653137,-0.1373103608382635,0.05438801007161229,0.23234917633849222,13.312627177536536
97.19094800949097,-0.13366375974578767,0.05526932081210496,0.22688788276520439,12.999718105105222
97.25750470161438,-0.12875607410085693,0.05639973808521362,0.2185087784134015,12.519630789647215
97.29096722602844,-0.12536850480771486,0.057154731107240044,0.21298562689253125,12.203177517890088
97.35763359069824,-0.12016483759954301,0.05828723922594545,0.20432827565498962,11.707147830216591
97.39122819900513,-0.11703230133993534,0.058925780741711856,0.19920637738561214,11.413684676285902
97.45765137672424,-0.11195607928614852,0.05995229797054784,0.1916955908048717,10.983348304385979
97.4909336566925,-0.10921333566298813,0.06046109906032361,0.18570626793431028,10.640185381761631
97.55769085884094,-0.10475480593011686,0.06128688067972388,0.1765113864406212,10.1133574790503
97.59094309806824,-0.10146626268257966,0.061881438067423196,0.1698867300327514,9.733792626155065
97.65778279304504,-0.09672424516616722,0.06269510157950137,0.16050612762191757,9.196323698724042
97.69145464897156,-0.09329741927092101,0.06326087036004514,0.15443457724963078,8.848449487290925
97.75767016410828,-0.08864574063853085,0.06397611533657296,0.1452966977726618,8.32488755956139
97.7912163734436,-0.0855299358963306,0.06443141001131635,0.13846392293169646,7.933398398810904
97.85768866539001,-0.08057360259390856,0.06512758726654377,0.127854881434957,7.325545096368578
97.89096736907959,-0.07726305975975536,0.06555653932376125,0.12139935039110422,6.9556704130401315
97.95772957801819,-0.07245977726533827,0.06613947134245146,0.11147362998084215,6.386968524905255
97.99119162559509,-0.06927389767515135,0.0664938705988258,0.10494685969634904,6.0130121337524
98.05765342712402,-0.06461805910346212,0.06697784256615719,0.09552896086593049,5.473406278888223
98.09098267555237,-0.06142738187071502,0.06728400032282053,0.08981782503550689,5.146182299579008
98.15776085853577,-0.05678779791542393,0.06769731091768254,0.08065203229385604,4.62102105959077
98.19107604026794,-0.05384011333264229,0.06792704354267567,0.07501295094797451,4.297925498140807
98.25773668289185,-0.04882709412432386,0.06831960669464411,0.06695263493417852,3.8361034090085857
98.29102158546448,-0.04576702732386676,0.06851936059070811,0.06169387081796422,3.534798419694662
98.35767483711243,-0.04056275006580881,0.06885793940052284,0.05364565845424603,3.073669818628601
98.39102220535278,-0.037496022410951416,0.06901386171285402,0.04856652960354052,2.782657171880043
98.45766830444336,-0.03297009131239833,0.06922228170911622,0.04172380142019155,2.3905977266189264
98.49097681045532,-0.030034094176756614,0.06933764522488603,0.037005933490647014,2.1202838059559004
98.5577118396759,-0.025279288999597735,0.06951817928575459,0.029991270889522054,1.7183732442031798
98.59100413322449,-0.022349082250547693,0.06960001659851951,0.02484523371376418,1.423527032814832
