time_s,x_m,y_m,yaw_rad,yaw_deg
0.05125308036804199,0.0,0.0,0.0,0.0
0.08465838432312012,0.0,0.0,1.7021265321520707e-06,9.752466648955247e-05
0.1512768268585205,0.0002888465779197777,-4.8688889094461e-09,-0.00016407415537678105,-0.009400756630263258
0.18464040756225586,0.0016549785170156175,-8.77770305853431e-08,-0.0006042480164665243,-0.03462086112268331
0.25127291679382324,0.003436154473276783,-7.124636816454775e-07,-0.0009122147711555645,-0.05226605639670607
0.28461670875549316,0.005596289505572778,-1.956417843854792e-06,-0.0003994758476864174,-0.02288828008984263
0.35125088691711426,0.008118137556854692,-2.84220607609572e-06,0.000749096296141144,0.042920056217769606
0.38455748558044434,0.010120423426579083,-1.888103057063337e-06,0.0018330521468818836,0.1050261516437266
0.45124197006225586,0.013103379574235654,2.9201285862729288e-06,0.0029575877968044256,0.1694572982962893
0.48460936546325684,0.015090098396067553,8.65768524850423e-06,0.003737104739508265,0.2141203291721605
0.5513119697570801,0.01833064537751068,2.02338522076761e-05,0.005298733909677264,0.30359508978736116
0.58463454246521,0.020145009744788882,3.0862870121235904e-05,0.00690084308098847,0.39538918362269504
0.6512441635131836,0.02360806424841912,5.4306038511585907e-05,0.011027381468451378,0.6318224172230401
0.6846909523010254,0.026133648249132134,8.070512401228518e-05,0.015427578339167511,0.8839351269417465
0.7513718605041504,0.029690629466093847,0.00013572215931842522,0.02287941091400958,1.3108936831183022
0.7845754623413086,0.0323446329033729,0.00019393734287170535,0.028286952948671992,1.6207230192440443
0.8512716293334961,0.03596802318298493,0.0002987224136734774,0.03653564322230983,2.0933381584341046
0.8846015930175781,0.038621471127578445,0.0003939814414844322,0.04175213229366735,2.392220966099009
0.9513332843780518,0.042713013515410625,0.0005628333679822224,0.04940904969044668,2.8309300170147615
0.9846806526184082,0.04576743563808077,0.0007081331277734608,0.0547890544077405,3.139181581076171
1.0514328479766846,0.04982044082246427,0.0009350522466646674,0.06276947124035591,3.596425784340194
1.0846836566925049,0.05232311240682847,0.0010996753911337127,0.06784352273319702,3.8871475199120447
1.1513035297393799,0.05691804799581808,0.0014051715323948393,0.07586268662148263,4.3466117659345285
1.1845448017120361,0.059143790370228926,0.00159032923491648,0.08170275512126986,4.681223043039635
1.251307725906372,0.06345156482088601,0.0019413318518223853,0.09014374405142742,5.164856083654311
1.2846624851226807,0.0659462025539629,0.0021761865508645893,0.09649891819766984,5.528980740304658
1.3512842655181885,0.07025880694581381,0.002591529287049748,0.10645627590038395,6.099495311772258
1.3845164775848389,0.07274918198283546,0.002868286158228198,0.11280225086837878,6.46309289433403
1.4513185024261475,0.07662137285388498,0.0033155337069188558,0.12295834877183195,7.044994440523561
1.4845774173736572,0.07938993437858369,0.003657244782970961,0.12975276733961746,7.434285948702992
1.551306962966919,0.08282179447661785,0.004125142158697113,0.1396251832379027,7.999933713272592
1.5845880508422852,0.08613598135619498,0.004570155454787398,0.14618796437423096,8.375953374252271
1.6512937545776367,0.09015781681314033,0.005169331672750196,0.1565199736812306,8.967933901433238
1.6846015453338623,0.09263696952764781,0.005571106523187339,0.16320313098951766,9.350850609020098
1.7513601779937744,0.09745248627491145,0.0063436121904199855,0.17357025751076316,9.944843204365608
1.784604549407959,0.10007657719004782,0.006816292606552986,0.18066698111432267,10.35145551522044
1.851367712020874,0.10439595515837259,0.007607318996132198,0.19058084019356158,10.919477799148282
1.8846182823181152,0.10712673164880417,0.008141220420677865,0.19787539796213593,11.337425172701959
1.951284646987915,0.11157832912391619,0.009030931754724553,0.209100719243124,11.980588705780963
1.9846293926239014,0.11429807205062746,0.009616804284310696,0.21633531831079766,12.395100698827944
2.0512804985046387,0.11832171679585013,0.010513530704451584,0.22680641633787335,12.995050422647143
2.084596872329712,0.12063511554611045,0.011067111202868947,0.23362071568968945,13.385481015844938
2.1512813568115234,0.12498622141050746,0.012092576106896097,0.24354778272572597,13.954260059953274
2.1846117973327637,0.12728653928666492,0.012683567531677282,0.2499162767275189,14.31914788811039
2.251260757446289,0.13133769694581374,0.013717240590431782,0.2596737724731688,14.878211212952985
2.2845911979675293,0.13416730762540413,0.014464379522140372,0.2662396505081732,15.25440831315639
2.351276159286499,0.13809601534958477,0.015543863481350109,0.2759384318364897,15.81010754968921
2.3846020698547363,0.1407810229776464,0.01630500248946108,0.28190395593329676,16.151906903019846
2.4512925148010254,0.14482598977524466,0.017478951987069186,0.29024106660889565,16.629588158065125
2.484607696533203,0.1477630540237122,0.018348230980397298,0.29642275109261357,16.98377258926367
2.551288604736328,0.15182701295558002,0.019594955047389225,0.3053136121770924,17.493181405641412
2.584573268890381,0.15448780458564057,0.020438228287738485,0.31080661028423584,17.80790701405408
2.651311159133911,0.1587942785790322,0.021816056321648306,0.31903008054543036,18.279077152971873
2.6846022605895996,0.16117404930894244,0.022618810222385422,0.3244574294284054,18.590041337911384
2.7514095306396484,0.16490000274865302,0.023884959369788527,0.33253980954599116,19.0531276070695
2.7846486568450928,0.16701749348469125,0.02463529618193982,0.3387579556405912,19.409401134685837
2.8513755798339844,0.17077832498696,0.02595922320392421,0.3481784142596548,19.94915365463582
2.88460373878479,0.17341016348610186,0.026908949578278846,0.35426897755300846,20.298117226202283
2.9513487815856934,0.17704346862590387,0.028260320441312152,0.36355523608217666,20.830180647390986
2.984715700149536,0.17927664373311283,0.029120569260024508,0.3700286872985957,21.201082080975628
3.0513510704040527,0.18338406027397375,0.03069540245319776,0.37939600513196703,21.737789858185433
3.0846052169799805,0.18533928277980696,0.03150053161091584,0.38550962859562515,22.088074680185194
3.151341438293457,0.189013077522168,0.032988113004287306,0.3940544420966042,22.5776564305177
3.1848506927490234,0.1910914303685574,0.03386673639895045,0.39985464765804746,22.909983729496705
3.251300573348999,0.19458799203407298,0.03534415396876908,0.4088295866854343,23.42420985715322
3.2846319675445557,0.1972929533606938,0.0364993669397642,0.4150363548886572,23.77983147961389
3.351323366165161,0.20108577702072514,0.03816518967213592,0.4239718861728464,24.291799709905046
3.3846237659454346,0.2033862941014112,0.03921142112310369,0.4298318458744704,24.627550668924837
3.45133900642395,0.20689227606025412,0.040824686162128365,0.4387234052615953,25.136999495097026
3.4846081733703613,0.20930665493370956,0.04195632409489808,0.44476443362156226,25.48312492404197
3.551337480545044,0.21304517016748603,0.04373284307469728,0.4542343924650693,26.025713597937514
3.5846197605133057,0.21568878283126755,0.045013942322611904,0.46131808940935304,26.43157953619469
3.6513447761535645,0.2194445100154459,0.046881300560719694,0.47174650530206097,27.029083753854007
3.684612274169922,0.2216873648785801,0.04803815467677688,0.4795934426664464,27.4786801469368
3.751333236694336,0.224869390737522,0.04971476062984907,0.49136975388802273,28.153413078165677
3.784658908843994,0.22735098402697998,0.05103221441209813,0.49875797129992555,28.576726753992777
3.8513917922973633,0.23099120713579777,0.053008044072292815,0.5089935322329534,29.16318119640426
3.8846566677093506,0.23306926218421387,0.054183131756082525,0.5150336558645717,29.50925478823322
3.951573133468628,0.23666239151548596,0.05620815720325578,0.5234764178448645,29.99298941713751
3.984644889831543,0.23861197090841704,0.0573538829167158,0.5288057434387099,30.298337281315902
4.051330804824829,0.24203315005023687,0.05934804825640909,0.537226326075805,30.780801127462592
4.084614038467407,0.2443323738973053,0.060714655870921196,0.5424713553785447,31.081319169932023
4.151349782943726,0.247616279103172,0.06269845890169926,0.5501729168324463,31.52258613690122
4.184530019760132,0.249775557757495,0.06402610913045367,0.555230565187665,31.812368041916535
4.251315116882324,0.2532791425286224,0.06619010152446597,0.5631840926033833,32.26807159507879
4.284644603729248,0.25529563256483634,0.06747495629211242,0.5685690075603382,32.576604495149176
4.351305961608887,0.2583939052500624,0.06946292033227372,0.5764711015286497,33.0293611288492
4.38457989692688,0.26063844748987985,0.07091595312372417,0.5817415405212749,33.33133503930782
4.4513020515441895,0.2637036390729211,0.07293942027810119,0.5894947577433954,33.77556166378346
4.4846227169036865,0.2659304044962614,0.0744223624317212,0.5945146205778694,34.0631786179334
4.551337003707886,0.2689708269899945,0.07648540408601688,0.6023895659572185,34.514379752066155
4.584614515304565,0.27083510094430374,0.07777868209770024,0.6074534106003773,34.80451667822908
4.651653528213501,0.27368716130140835,0.07976889860301739,0.6152037650174762,35.248579276059424
4.6845643520355225,0.2758780604319977,0.08130422498479306,0.6202656574526322,35.53860434894306
4.751271963119507,0.2787246572784914,0.08334693751251065,0.6280113594429181,35.98240038235252
4.784905195236206,0.2811145193898826,0.0850581034221442,0.6336272443199205,36.30416688403611
4.851261377334595,0.2840731574088681,0.08723965331056052,0.6423407022509622,36.80341124844959
4.8845977783203125,0.28576689919787707,0.08852477822634794,0.6482739248793807,37.14335986396949
4.9515838623046875,0.28877255017476955,0.09079511624308034,0.657099425783171,37.64902381784557
4.9848127365112305,0.29077061646739083,0.09233197479515026,0.6630090964504478,37.98762300539279
5.051494598388672,0.2937663338785682,0.09466848512444637,0.671907139777221,38.49744333394144
5.084537744522095,0.2958498198244373,0.09631663874774957,0.6777447930921809,38.8319162311492
5.151528358459473,0.2988297174135141,0.09871574416488837,0.6858318895311591,39.29527272561793
5.184760808944702,0.30099628287944663,0.1004762182061828,0.6907899906526752,39.57935099427988
5.2515034675598145,0.3040740103255961,0.10301868191441561,0.6985003025641245,40.02111932553537
5.284818410873413,0.3061162586046057,0.10473279967419304,0.7038094025854925,40.32530834977257
5.351266384124756,0.30883854009994693,0.10706295920469093,0.7124123005336225,40.81821809378217
5.384612560272217,0.31074510669062483,0.10870924402009638,0.7182312346863657,41.15161846199889
5.4513938426971436,0.3138461490106646,0.11140597035611016,0.726264975667807,41.61191791393677
5.484867334365845,0.31593523969071435,0.1132526517617676,0.731463904019229,41.90979456646416
5.551238536834717,0.31893637244333684,0.1159472562164005,0.739362496070298,42.36235055508599
5.584531307220459,0.3208912071002432,0.11773091886502732,0.7446211225607979,42.663647659027326
5.651260137557983,0.3238410425009104,0.12045057597850278,0.7529479735172333,43.14074107546555
5.6845481395721436,0.32578593203807127,0.12227360494612756,0.7584315272322991,43.4549255600721
5.7512335777282715,0.32848171901475043,0.1248419530285022,0.7656565010109557,43.86888606468181
5.784551382064819,0.3301048792226447,0.126418655641823,0.7696331644246337,44.09673209482965
5.851334810256958,0.33314748046523607,0.129345081647706,0.7752125902580755,44.416409647192125
5.884512662887573,0.33455023344236084,0.13075032373363232,0.7792317299950461,44.646689391393856
5.951303958892822,0.33724519393219654,0.13340772375151919,0.7852935480343297,44.99400598122108
5.984586954116821,0.3391334105695042,0.13528661363140407,0.789431006305501,45.23106487807069
6.051313161849976,0.342228865459509,0.13838159840136022,0.7960205274238517,45.60861662716451
6.084533452987671,0.34399449844000146,0.140193794849305,0.8000275418427454,45.83820164181518
6.151364326477051,0.34657925772062803,0.14286756099917192,0.8064458541226118,46.205943847048516
6.184537887573242,0.34832912551190376,0.14469438575022545,0.8104148667765029,46.433351520950495
6.251291036605835,0.3512664550200113,0.14776566177209813,0.8161203330057701,46.760250656041926
6.284560680389404,0.35309497703195725,0.14971166552923112,0.8209520903249619,47.037089958063056
6.351278305053711,0.3556366576172639,0.15245406026818628,0.8287445294403248,47.483563831486016
6.384555816650391,0.35733705646716907,0.1543121367528349,0.8336435878624412,47.7642592026613
6.451258659362793,0.36002015530276615,0.15726270668220313,0.8415688700637469,48.21834442424627
6.484539985656738,0.36207184768760614,0.15953499570455704,0.846149334059378,48.48078567940756
6.551239967346191,0.36446321872998494,0.16226120085789403,0.8526804247743939,48.85498961299505
6.584517240524292,0.3663970514008988,0.1644574189771047,0.8570582409544443,49.10582000359602
6.65128755569458,0.3690273417027575,0.1674966269702513,0.8637635411453698,49.490005404904316
6.684560537338257,0.3711267381179248,0.1699281980480411,0.8683269393430352,49.751468861868155
6.751274347305298,0.37347328586999506,0.17273050466173595,0.8751611509285234,50.143040342016036
6.784562349319458,0.37479651560872207,0.1743429633544078,0.8796310361836541,50.39914590204278
6.851421117782593,0.3770521065209043,0.17708179499510002,0.8865336802845513,50.79463827650507
6.884685277938843,0.37874954134390587,0.17915013079341544,0.8915393938260755,51.081444535885886
6.951343774795532,0.3809564074643471,0.18189529053587686,0.899364574388876,51.52979435606216
6.984817266464233,0.38252731430403164,0.18386575218377776,0.9042826112518227,51.81157711179877
7.051333427429199,0.3845970035124935,0.18651371486292698,0.9110985282260096,52.20210038793125
7.084831476211548,0.3864989170559197,0.18892657620686357,0.915266102501172,52.440884804705355
7.15129280090332,0.3886535968825331,0.19174452057231747,0.9220571667147435,52.82998412254533
7.184548616409302,0.3901804967092784,0.19375504800716925,0.9266217833271299,53.091517389530374
7.251334190368652,0.3925572819099797,0.19691001045369974,0.9343236037812513,53.532799196119065
7.284673690795898,0.39398331519837776,0.19884724753896543,0.9395515768262984,53.832339987008424
7.351379632949829,0.3960442430566248,0.20167916915635464,0.9466049340001632,54.236467584469196
7.384611368179321,0.3975837613854619,0.2038025267772385,0.9506993353639251,54.47105950224536
7.451406717300415,0.39990651373032593,0.2070457997465046,0.9572015262912433,54.84360759996895
7.484621286392212,0.4013547476898616,0.20910391336399986,0.9620618900242595,55.12208592876922
7.551534414291382,0.40353728151016705,0.2122356324594672,0.970489608851945,55.60495864851855
7.584715366363525,0.4049663914336952,0.21432354381318602,0.9758330511037566,55.911115337619236
7.651406526565552,0.4071875795609493,0.21759767834262153,0.9835658418327471,56.35417161024828
7.6846604347229,0.40859020704476345,0.21970826825018028,0.9885439374437386,56.63939547877069
7.751391649246216,0.41060891946502476,0.2227850545709877,0.9963443611943762,57.086326838095836
7.784650087356567,0.4119874731101168,0.22491422563475766,1.0022613717558464,57.42534657060241
7.851333141326904,0.41404352586153786,0.22813095339864642,1.011919598331598,57.97872219097407
7.884785890579224,0.41561761264240876,0.2306196068483924,1.017878844003296,58.32016181704396
7.951376914978027,0.4177197879548661,0.2340242989784137,1.0264063177152083,58.808750070645296
7.98466682434082,0.4190179600915808,0.23617787009837848,1.0314038676280708,59.09508858855829
8.051574230194092,0.42107550035443286,0.23961262753775048,1.039593636883005,59.56432780205202
8.084648132324219,0.42220067534113886,0.2415545504241435,1.0455899543110654,59.907891483300624
8.15131664276123,0.42419081809638265,0.24497820781134116,1.0546699887553999,60.4281391347944
8.184572696685791,0.4254340972076485,0.247172044698766,1.0603024726405286,60.75085668958773
8.251318216323853,0.4272305673211633,0.25039218750133024,1.0687865709849351,61.23695971769615
8.284624576568604,0.42844729842295426,0.2526068666552329,1.0746210682527018,61.57125178671979
8.351332902908325,0.43040972411159345,0.25620919625843935,1.0833321112919698,62.07035778802666
8.384623765945435,0.431656509918942,0.2585565153956146,1.0886042597652779,62.37242964451355
8.45128083229065,0.4335771078092153,0.26221230944431134,1.0966342127153181,62.83251205823949
8.48461103439331,0.4347285887754179,0.2644679016881725,1.101598714095216,63.1169570346945
8.55126142501831,0.43674000078419456,0.2684016204313853,1.1083544955666726,63.504034800321655
8.5846586227417,0.43799318814882515,0.27091485842280627,1.1129044134202264,63.764725890461506
8.651325464248657,0.43964749515203705,0.27430331160144455,1.120196494404496,64.18253135472776
8.684654951095581,0.4408091691378391,0.27670477869341026,1.125330376246378,64.47668111678645
8.751354217529297,0.4426735105429985,0.2805887971353583,1.1332089350794678,64.92808928656801
8.784586191177368,0.4437963607220561,0.2829964532490268,1.138617303039922,65.23796594475581
8.851380348205566,0.44541798157013224,0.28652887598126914,1.1462120820560662,65.67311472871539
8.88467025756836,0.44651881251222303,0.28896534653664013,1.1513065188426843,65.9650044555848
8.951354265213013,0.4482145510734944,0.29275719982303205,1.159902091022829,66.45749446400715
8.984634399414062,0.4492196467971938,0.29508001410565166,1.1655366088158887,66.78032855314085
9.051339149475098,0.45091889020036535,0.29901604678304733,1.1731927457567206,67.21899288722472
9.08463740348816,0.45206301716935715,0.3017237258797663,1.1781227535351935,67.50146152589787
9.151357173919678,0.45355688217382767,0.305355904989112,1.1851593621094594,67.90462949928887
9.18469524383545,0.4546110235356473,0.3079469480922607,1.189611862046183,68.1597389539454
9.251341581344604,0.4562855717512057,0.31209663475544064,1.1974943371032678,68.6113715068335
9.28457236289978,0.4573044348080792,0.3147037338497059,1.202967177432571,68.92494215965156
9.35143494606018,0.4587657316285063,0.31851351059475846,1.2109437176442874,69.38196424889931
9.384675025939941,0.45980545770294917,0.3212624394324337,1.215979710909865,69.67050540867321
9.451474666595459,0.46110753865372506,0.3248212348616424,1.222918475265038,70.06806732126043
9.484630823135376,0.462015368141369,0.32732851437260024,1.227223784995263,70.31474339829893
9.551343202590942,0.46331703451632433,0.330982673931253,1.233875833792931,70.69587771952038
9.584618091583252,0.4641497142318627,0.33337048686762816,1.238024189062206,70.9335609683707
9.65132451057434,0.465402216223941,0.3370024358736193,1.244251554067666,71.29036270067101
9.68458890914917,0.4662137997052346,0.33940314322267684,1.2486715131923871,71.54360770413788
9.751354455947876,0.46747346763121833,0.34316659687949924,1.2548222526300794,71.89601911480231
9.784657716751099,0.468306206511278,0.3457075382264421,1.2591210873716496,72.1423242023185
9.851348400115967,0.4695341695898014,0.34951471096946546,1.2666700436944822,72.5748475393454
9.884613990783691,0.47033098765551107,0.35204891119842485,1.2719156645051164,72.87539947272073
9.951366424560547,0.4713732613522354,0.3554749309815784,1.2793891698950457,73.30359978973196
9.984615325927734,0.47214192344250144,0.3580195838076309,1.2844845389491208,73.59554293159204
10.051299810409546,0.47326611411797714,0.36182541623376546,1.2917726698641603,74.01312207356261
10.084612131118774,0.47412856835280937,0.364777156862866,1.2963979418512528,74.27813063752309
10.151297807693481,0.47517811454726977,0.3685316240210674,1.3030670819651098,74.6602442190285
10.18459677696228,0.47576206591355796,0.3707126063847136,1.307699111256845,74.9256399480259
10.251527070999146,0.4767170629147188,0.3742780314659102,1.3154187882472683,75.36794485878141
10.28464388847351,0.47739374333139484,0.3768464224072821,1.3208785866796031,75.68076826594634
10.351312160491943,0.4783366718911111,0.38054208631926506,1.328687592167176,76.12819132257876
10.384599685668945,0.47894564224485847,0.38300858453609965,1.333760685571355,76.41885816371388
10.451253652572632,0.4798053417547043,0.38658636085923404,1.3410544977804584,76.83676281985649
10.484615802764893,0.4804521786620695,0.38930594104384714,1.34579878158864,77.10859025887756
10.55133605003357,0.4813799882103835,0.3933277894757797,1.3536710574173278,77.55963843902421
10.584704399108887,0.4819196123177845,0.39579068697509817,1.3587567201535735,77.85102544983805
10.651325464248657,0.4827611547867359,0.3996929105778026,1.3653256418076776,78.2273969365703
10.684580564498901,0.48340273442612064,0.40270051805025586,1.3703036267937956,78.51261446675436
10.751315355300903,0.4842395522523295,0.4068126633409651,1.3779682692036026,78.95176612831328
10.784631490707397,0.48474621800478784,0.40942849792752384,1.3827012931992648,79.22294842759887
10.851409196853638,0.48550162229599586,0.41341351390329745,1.3899356358193098,79.63744572727906
10.884607076644897,0.48600600464864596,0.4161575846383042,1.3949459808284772,79.92451735020879
10.95129919052124,0.4867109487817306,0.4201434631784177,1.4026192125380632,80.36416114239402
10.984578132629395,0.4870443621954879,0.4222286068257697,1.4083189890169487,80.6907342788021
11.051331281661987,0.4877194583132795,0.42629093564589937,1.4168323013189799,81.1785111433853
11.084625005722046,0.4880764452788782,0.42864528216311754,1.4224535206962574,81.50058328942045
11.1512610912323,0.48866605171722155,0.43256527570003267,1.4319172739631059,82.042816409964
11.184581518173218,0.4889673377782491,0.43480659222688467,1.4387098204752944,82.43200065725871
11.251425743103027,0.4894924871016811,0.438708056445527,1.448948448541456,83.01863083345398
11.28456163406372,0.4898004543578978,0.4412248953606622,1.455665919808654,83.4035135860648
11.351312160491943,0.49028211655055504,0.4452974821113604,1.4650073487509392,83.93873803907911
11.384568929672241,0.4905460262597078,0.44781724478124685,1.4704612123877414,84.25122140750774
11.451304197311401,0.49086890445751036,0.4512023687869726,1.4791183197660016,84.74723712307362
11.48458218574524,0.49108780841341443,0.4535980224496077,1.485101093572322,85.09002481195719
11.551306962966919,0.4914145339298935,0.45735079626842806,1.4935731189957202,85.57543611264545
11.584628343582153,0.49158205870879956,0.4596078504959998,1.499051791519178,85.88934092557386
11.651371717453003,0.4918564745313749,0.4633498542939405,1.507080920446569,86.34937612627978
11.684572696685791,0.4920358704441874,0.46602183247690077,1.5121917078211693,86.64220267283312
11.751299858093262,0.4922725167844528,0.4699550713919674,1.5197969224037262,87.07794937070499
11.784607410430908,0.49241273917794337,0.4726216703616635,1.525316393256137,87.3941917556936
11.851398706436157,0.49258534594916964,0.47645320405693764,1.533375424888221,87.85594025517443
11.884746551513672,0.4926687713776835,0.47884761210316673,1.5381628386939692,88.13023886102647
11.951407194137573,0.4927846941794074,0.4825148160265479,1.5449003352682293,88.51626897921543
11.984628677368164,0.4928519253613224,0.4850459155050736,1.5490393535555107,88.75341725840411
12.051283121109009,0.49295912286840093,0.4892654474991982,1.5561847834484785,89.16282023407778
12.084595203399658,0.4930059353371957,0.49206842887455665,1.5606134002727245,89.41656128718772
12.151265144348145,0.49304596716338067,0.49609230096768653,1.567002909816548,89.78265321720737
12.184646368026733,0.4930503511752554,0.4986175937069888,1.5716322373658373,90.04789414776528
12.251351833343506,0.493047940782465,0.5026122881886873,1.5788124245674888,90.45928857053376
12.28457260131836,0.49302704354255494,0.5052799675982699,1.5836292495515438,90.73527231277328
12.351283311843872,0.49297556814523613,0.5093003194141681,1.5912912785292732,91.1742742357041
12.38485312461853,0.49292516985338475,0.5122273501690663,1.5964816450188488,91.47166032968292
12.451443433761597,0.49281740235993304,0.5161331926809266,1.6036768445632426,91.88391489633113
12.484668254852295,0.4927297802457321,0.5187844411029049,1.6082259489395128,92.14455937765591
12.551371812820435,0.49257566570446937,0.5233707584067823,1.6149695446645334,92.53093895144205
12.584679126739502,0.4924578499286602,0.5254818306821223,1.6196815657613115,92.80091787326405
12.65134334564209,0.4922573877455563,0.5297813237453085,1.6271647495313646,93.22967272060889
12.684624433517456,0.4921155579622337,0.5320119637382789,1.6324486653295993,93.53241879515024
12.751275300979614,0.49186433141237385,0.5362719237780764,1.6404686623816567,93.99193077794048
12.784599542617798,0.49167731591768776,0.5389346338551233,1.6457459332418747,94.29429612557836
12.85137677192688,0.49137583756727565,0.5429378440998753,1.6532791072796904,94.72591520428271
12.884591579437256,0.49116180717883295,0.5454606503045354,1.658127767812008,95.00372298907618
12.951257944107056,0.490812423642626,0.5494588244962479,1.6658007677097668,95.44335349942206
12.984641551971436,0.49055177019813956,0.5522514046541788,1.6711487308347825,95.74976921547706
13.051292181015015,0.4901098106212621,0.5568131436,1.6788890285026925,96.19325560402325
13.084620714187622,0.48978572742789045,0.5598659182039056,1.6842573225526112,96.50083619626878
13.15131139755249,0.4892636272303523,0.5645270664462959,1.69209644934849,96.94998507674056
13.184700965881348,0.48894104745230826,0.5670258567451403,1.6977007850106984,97.27108985715975
13.251371622085571,0.4883742190379705,0.5715195400583535,1.706288796512398,97.76314667061695
13.284667015075684,0.4879911709112513,0.574290070689386,1.7115530220704551,98.06476457749852
13.351255655288696,0.487359750136883,0.5787845409981422,1.7190142154114822,98.4922594660705
13.38457703590393,0.4869403836854532,0.5815531702291021,1.7239916213396516,98.77744381867798
13.451297521591187,0.48630404264245986,0.5856120981958095,1.7313752516262415,99.20049467158456
13.484571933746338,0.48583775643068805,0.5885110561877587,1.7368423855098953,99.51373836915089
13.551278352737427,0.48515456838414867,0.5925435095570637,1.7446284479307437,99.95984688489091
13.584594964981079,0.48463829038299,0.5955350057677129,1.7495803766809461,100.24357150272701
13.651337623596191,0.4839774611350847,0.5990401186723877,1.7576736520376226,100.70728202310181
13.684637069702148,0.4834199696625131,0.6020694178508119,1.7633991275129886,101.03532760354594
13.751245021820068,0.48268646427414097,0.6057617299028897,1.7716408235395218,101.50754200189603
13.784630060195923,0.4821510787969041,0.608394241343139,1.7765443119269289,101.78849119138586
13.851359367370605,0.4813860866035985,0.6120152339306208,1.7837131239580941,102.19923386489424
13.884612560272217,0.48077580229814026,0.6148990829967553,1.788510935138131,102.47412819641103
13.95128321647644,0.47985498367304613,0.6191024326270732,1.7956006684353394,102.88033999221445
13.984595537185669,0.47930911135142884,0.6214325108406485,1.8003297440373298,103.15129606520678
14.051306009292603,0.4784835434332163,0.6249078796324099,1.807686204574335,103.57279020613171
14.084616661071777,0.4779428618183137,0.6271083443152372,1.8130874854851928,103.88226080628846
14.151263236999512,0.4771310019218536,0.6303492876825778,1.8223592030720592,104.41349109285312
14.18458890914917,0.4765133027533491,0.6327827494569674,1.828747526646015,104.77951507180471
14.251337051391602,0.47555654242739215,0.636431286385378,1.8384315827862583,105.3343706172084
14.284561157226562,0.47494761810172387,0.6386287403740437,1.8448978460018914,105.70486020868488
14.351245403289795,0.4738387635770299,0.6426526801821153,1.8546425839661573,106.26319256649822
14.384602069854736,0.47325990299224974,0.6445604626955822,1.8606827320342987,106.60926755843681
14.451225996017456,0.47212328646010326,0.6484288663927975,1.86950751212924,107.11489021300801
14.484623193740845,0.47137665965805964,0.6508557648653623,1.8758086742811226,107.47592021033846
14.551306247711182,0.47027417541384897,0.6543435375862074,1.8860274633920255,108.06141369812744
14.584587812423706,0.4695264257579107,0.6566280819138332,1.8923460965254417,108.42344470896371
14.651331186294556,0.46833753137852974,0.6602090604921139,1.901011937328855,108.91996081293155
14.684823036193848,0.46751661565988706,0.6626113774871782,1.9065750992556143,109.23870651208273
14.751314401626587,0.4663163521646799,0.6660417178494555,1.9149763084310836,109.7200603406437
14.784608125686646,0.4654162457388936,0.6685771217214269,1.9200138233110344,110.00868868249923
14.851514101028442,0.4642049776304077,0.6718766381394593,1.927567477880466,110.44148120922736
14.884624481201172,0.463277694301753,0.6743899655031516,1.9321143162678096,110.70199585895023
14.95129656791687,0.4618456033101309,0.6782096807253901,1.9391483740772868,111.1050176842843
14.984591484069824,0.46088448950084293,0.6807062680369874,1.9446194971083148,111.41848994315903
15.051301002502441,0.45947604147729776,0.6842888945382849,1.9530295997330758,111.90035332882974
15.084592819213867,0.4583920506248567,0.6870180130454988,1.9586079983285902,112.21997202479442
15.151281595230103,0.4568690195781721,0.6907437551798793,1.967859410562487,112.7500389003324
15.184608697891235,0.45579056007633245,0.6933271785363787,1.973236068206191,113.05809869120338
15.251529693603516,0.454313027022758,0.6967671476539108,1.9804233862954137,113.46990168373388
15.28460168838501,0.45325132675340024,0.6992161335834172,1.985155936130191,113.74105681560195
15.35130763053894,0.4520751202200449,0.7017977397336654,1.9925440452394165,114.16436428614274
15.384631633758545,0.4510370263725215,0.7041322176380854,1.9975065326435428,114.44869387028601
15.451281309127808,0.44960656487217404,0.7072710254316174,2.0055120926660983,114.90737867221709
15.484687805175781,0.4483833463551747,0.7099581804143208,2.0105287580878635,115.19481242811345
15.551233291625977,0.44682409396548345,0.7132637693154348,2.0177832903644584,115.61046650990377
15.584621667861938,0.445783041637171,0.7154295379517341,2.022572086245498,115.88484430283698
15.6512291431427,0.4439629785734439,0.7192189278444193,2.0306132419834504,116.34556858902906
15.684672117233276,0.44277952023044564,0.7216137724710721,2.036944976386829,116.70835024734042
15.751205682754517,0.44098842995109294,0.7251775708025726,2.046225794816516,117.24010197378873
15.784587144851685,0.4399973030910751,0.7270605003812703,2.052167056355066,117.58051118493104
15.85122561454773,0.4381844004407131,0.7305462316984488,2.061558235845741,118.11858613439654
15.88462519645691,0.4366904445340316,0.7333964228695777,2.0677784759988516,118.47497964272759
15.951270341873169,0.43476075455782326,0.736947458364528,2.076890527193343,118.99706171887908
15.98460865020752,0.4337133915038805,0.7387893958005218,2.0829384499818557,119.34358216948186
16.051365852355957,0.43204189936006565,0.741730504128928,2.0918215548371677,119.85254658666341
16.08463454246521,0.43059161664453266,0.7442994808556048,2.0973820437910247,120.17113913574852
16.151253700256348,0.4286035876519671,0.7477272342182459,2.105181012197867,120.61798711001646
16.184852600097656,0.42724359079529867,0.7500303702794393,2.1099767307766575,120.89276154431363
16.25131630897522,0.4251277269907599,0.7535797413219429,2.1169709696947416,121.293501915226
16.284645795822144,0.42380786898113465,0.7557404434633771,2.1216287208270854,121.56037139713158
16.35125756263733,0.42157771726317633,0.7593916138137227,2.1286897385255825,121.96493791032263
16.384608507156372,0.42029988505088656,0.7614169036511856,2.1329940027118814,122.21155408210687
16.451276540756226,0.41795396993235295,0.7651689125602819,2.13898279472287,122.5546865887182
16.48464035987854,0.41630790469856904,0.7677653417982732,2.1428646907219404,122.77710284597364
16.551252365112305,0.4139394365213276,0.7714463682220364,2.149149764764516,123.13721106254046
16.584590435028076,0.41261883927926785,0.7734390316682974,2.153937926661345,123.41155253085411
16.651251316070557,0.41016548806318764,0.7771773141599307,2.1606762143089577,123.79762797420744
16.684664011001587,0.4086774788697347,0.7793887413616918,2.164903157126818,124.03981395791398
16.75125527381897,0.4062474179683505,0.7829936907644065,2.1709523871071523,124.38640930509115
16.784584045410156,0.404515799830434,0.7855362546660715,2.17481832229884,124.60791107544595
16.85136079788208,0.40217506019338684,0.7889129594807366,2.180888971422788,124.95573364915295
16.884650230407715,0.4005679349445439,0.7912087708589178,2.1857167204845362,125.23234329493937
16.951334714889526,0.3980530878229159,0.7947747524996785,2.193601344655023,125.68409898295509
16.98460841178894,0.39634292896778334,0.7971587516972992,2.1992449009667796,126.00745094106317
17.05126404762268,0.39432962832353285,0.7998773917006897,2.208319948759846,126.52741287848539
17.084587574005127,0.392501526529904,0.8023730783479582,2.213878381872636,126.84588763655402
17.151257038116455,0.38999188541264074,0.8057255431255118,2.2219780270159353,127.3099631188187
17.184563398361206,0.38838172510580066,0.8078326167747455,2.226733187570101,127.5824137494795
17.251237154006958,0.38582762628341977,0.8111546844328447,2.233628033293752,127.97745930983852
17.284607648849487,0.38427038917306056,0.8131360423732389,2.238620825622678,128.26352523827126
17.351263999938965,0.3820285438804392,0.8159549356709225,2.2468372960657854,128.7342943171553
17.38459086418152,0.3806930420467774,0.8175961301841961,2.2522031037519303,129.04173245125028
17.45133399963379,0.3783191037982082,0.8205299423788808,2.2607774733706183,129.53300764238628
17.484641313552856,0.37663043378700434,0.822588350426737,2.2666961243626504,129.87212136464066
17.551191091537476,0.37428215266044934,0.8253938230689241,2.2756175731235073,130.38328272577996
17.58484387397766,0.37263809062809206,0.8273301299592615,2.28124051157054,130.70545336725678
17.651281595230103,0.37016615036454736,0.8302062790100982,2.2900848848734308,131.2121986299506
17.684893131256104,0.3682364631349401,0.8324341191689731,2.296174501195643,131.56110794406734
17.751205682754517,0.3658644623805888,0.8350891315974814,2.305699168200932,132.1068311647379
17.78462553024292,0.3639880012473537,0.837181736422738,2.312036786795301,132.4699499623589
17.851276636123657,0.3614824609400364,0.8399082054583075,2.3218412643528064,133.03170514673468
17.884599447250366,0.3599369605039484,0.8415481655628576,2.3279384794119986,133.38104983641
17.95121669769287,0.357249575142769,0.8444046917983874,2.337597171020886,133.9344521012177
17.984610080718994,0.35548851800758396,0.8462334006421619,2.3440453768697216,134.30390708178751
18.051198720932007,0.35263197136822794,0.8491761601572274,2.35429281147547,134.89104183553323
18.084593772888184,0.35066544171015435,0.8511614875792606,2.361087466693493,135.2803469027725
18.1512770652771,0.3479113243310935,0.8538820704751626,2.3702366433841062,135.8045561131641
18.184635639190674,0.34590986497575416,0.855837868752266,2.3749995749056456,136.07745198745812
18.251312255859375,0.3432177579693173,0.8584151082009527,2.3826695578071835,136.51690963665374
18.284833908081055,0.3415671916993947,0.8599637835644707,2.387954910571472,136.81973804328527
18.351222038269043,0.33890597546893486,0.8624568110428593,2.395307659753863,137.24101953925455
18.384869813919067,0.33733297329933043,0.8638948341729407,2.4002914351158298,137.52656883353652
18.45128035545349,0.3345844057441827,0.8664201267277024,2.408499648912488,137.99686484142612
18.484615087509155,0.3326988814030235,0.8681247167682393,2.4143980208995393,138.33481666228232
18.551211833953857,0.3295703263144096,0.8709335598089227,2.423042756404392,138.8301235217173
18.584967851638794,0.3279607086123357,0.8723182630209894,2.4283074966225398,139.13177091644994
18.65125560760498,0.32468632784593127,0.8751815787038444,2.435375172881762,139.53671893706817
18.68456721305847,0.3226544729546161,0.8769155483492919,2.4404434247546973,139.82710837889664
18.75125479698181,0.3195967986193953,0.8794977469331753,2.447325837867976,140.221441603153
18.784591913223267,0.31774285871948077,0.8810288349757314,2.4513369154692635,140.45125942100623
18.851280689239502,0.3145771624988901,0.8836524649615843,2.457728853087537,140.8174904694442
18.884563207626343,0.31250925280600145,0.8853386343211335,2.4624660441230857,141.08891152252838
18.951589822769165,0.30961300168052264,0.887664886031464,2.4694532432151997,141.48924854112414
18.98462677001953,0.3075239296844178,0.8893312286987313,2.474413268701676,141.77343706777657
19.05126929283142,0.3043970172152629,0.8917970459587479,2.4819515792284266,142.2053504456184
19.08456802368164,0.30218510678709803,0.8935203709416032,2.4867603983462683,142.48087548551254
19.151447534561157,0.2988884870129084,0.8960566426683412,2.493868321398069,142.88812947748448
19.184590339660645,0.29665698535446927,0.8977480882057312,2.499230215306448,143.1953433686315
19.25135087966919,0.29341729495324376,0.9001680954078365,2.5081065109265284,143.70391764537257
19.28464388847351,0.2913754220163415,0.9016592024737509,2.514402528090554,144.06465285661315
19.351269721984863,0.28824277888517813,0.903923881844651,2.5235202186278958,144.5870580433092
19.384601354599,0.28562712435560006,0.9058101162970117,2.5293887669423833,144.92330109359796
19.45120120048523,0.28230639094161225,0.9081352788885426,2.5385767247536224,145.44973229852621
19.484619140625,0.28000042153380345,0.9097247794992298,2.5449304186127355,145.8137721409716
19.551193237304688,0.27652724490368785,0.9120847566954915,2.5544011116230374,146.35640287952594
19.58457612991333,0.2744191911419797,0.9134754982584536,2.560748797156754,146.72009847028417
19.65131402015686,0.27117421471316805,0.9155972065085125,2.5700626333289653,147.25374197402815
19.6846342086792,0.26903412592873865,0.9169673693285936,2.5762332204108196,147.60729057093633
19.751275539398193,0.26578638344239675,0.919023975561429,2.586270210346469,148.18236773326433
19.784701585769653,0.2636315853541228,0.9203585612962885,2.5926818128935816,148.5497254991292
19.85132360458374,0.2600091640602732,0.92259143260759,2.6014978852714847,149.05484923826492
19.884618282318115,0.2573768931978382,0.9241870697792799,2.607064079578584,149.37376868001147
19.95128059387207,0.25399668510412676,0.926176005135009,2.615432666046874,149.85325336513475
19.984834909439087,0.25145927680112123,0.9276589603178228,2.6204090494380896,150.13837913069042
20.051278114318848,0.24818236570325633,0.9295228566792367,2.6285536796326427,150.60503206653314
20.08462142944336,0.24620539991856646,0.9306195087426696,2.6340116524856843,150.91775087570937
20.15123963356018,0.2425015036532284,0.93269654205213,2.6415319389015925,151.3486315480705
20.184837579727173,0.24015896787948368,0.9339764791099843,2.6466655463157185,151.64276558657699
20.251540899276733,0.2366316363082786,0.9358807833973841,2.653725602845083,152.04727702883332
20.284597158432007,0.23415448049030846,0.9372006732414421,2.6575139233425142,152.26433180477906
20.351264715194702,0.23071925272604205,0.9389996127202284,2.663518622054272,152.6083756982104
20.38457751274109,0.22884789248951626,0.9399490317498463,2.667980444410289,152.86401928814732
20.451215982437134,0.22582788436750378,0.9414834060074674,2.6748540262053178,153.25784651514041
20.48462414741516,0.22331959322898898,0.9427638201031769,2.679132338010894,153.50297572504093
20.551328420639038,0.22030273819145618,0.9442540170389033,2.6858732083886006,153.88919914792828
20.58461356163025,0.21790285135633009,0.9454412059031628,2.6907337590647655,154.16768818778198
20.651216745376587,0.2143641168962999,0.9471620291576996,2.6988943313273905,154.63525453684193
20.684611797332764,0.21232459813581117,0.9481191827338913,2.704658972095804,154.96554412328106
20.75120735168457,0.2090376137353014,0.9496524232022969,2.713344352475864,155.46317976252422
20.784586191177368,0.20660286631689348,0.9507736410734506,2.72007852735877,155.84901956181776
20.851285934448242,0.2037906046020268,0.9520090359180748,2.730442207080907,156.44281467012152
20.88459086418152,0.20121428256230997,0.9531545528398191,2.7373396056883186,156.8380064999456
20.951265573501587,0.19775842438373537,0.954637438470516,2.747281766144165,157.4076503333075
20.984631061553955,0.19543058639127153,0.9556091403425736,2.7533662133956307,157.75626348148643
21.051281690597534,0.1921608954048742,0.9569371467382456,2.7624613624214147,158.27737713470637
21.084561347961426,0.18980319076923868,0.9578820236543777,2.768333430207073,158.6138218358393
21.15127921104431,0.18615929565108694,0.9593186196939635,2.7767521307858347,159.09617784798672
21.184682607650757,0.18403540252591927,0.960119474684783,2.782167857063146,159.40647610667475
21.251235008239746,0.18024163749274194,0.9615597751422975,2.790454926018728,159.88129018236347
21.284603118896484,0.1774870786340484,0.9625845141117012,2.7964396542019285,160.22418984879388
21.351232767105103,0.17357698886863415,0.9639955081031645,2.805320424047525,160.73302047977361
21.38466715812683,0.1710668508969087,0.9648710231268826,2.8110575003565916,161.0617307390276
21.45130944252014,0.16725004812725125,0.9661789404670643,2.8193186015103953,161.5350569692712
21.484559774398804,0.1647135937416663,0.9670251531831014,2.8245494968775304,161.83476519688259
21.551268815994263,0.16091102381878675,0.9682717584003737,2.831445891261036,162.22989948891518
21.58462119102478,0.158761718301311,0.9689443698703162,2.8361743591559954,162.50082074285947
21.651367664337158,0.1547115964903502,0.9702357479126684,2.84315126992317,162.90056828385795
21.684632539749146,0.15241788852418295,0.9709306575176715,2.847867034969531,163.17076171818977
21.75130558013916,0.14859988046335182,0.9720882079972359,2.855224599543697,163.59231911578445
21.784690856933594,0.14630838850568215,0.9727549723855899,2.8599052408627967,163.86050010878338
21.851260900497437,0.14264510636656294,0.9738141063226985,2.866952768204217,164.26429368144983
21.88463568687439,0.14072045090684449,0.9743364371911628,2.8724064563133878,164.576766992886
21.951276779174805,0.13656758177591358,0.9755082778024454,2.880287876713477,165.02833911837942
21.98459529876709,0.13359628920976857,0.9763203467758135,2.8845128711591244,165.27041346858124
22.051194667816162,0.13051656242848525,0.9770984446570945,2.890458125523174,165.611051451773
22.084545135498047,0.1279283719188693,0.9777697271538496,2.8938434665575885,165.8050172052574
22.151259899139404,0.12463999915660957,0.9785881689843088,2.8994272865619077,166.1249465250656
22.18457579612732,0.12179320594034276,0.9793091827044235,2.903814916936372,166.37633922758582
22.25127911567688,0.1178006486400865,0.9802852889439311,2.9109547870621855,166.78542365206647
22.284624576568604,0.11520794396837601,0.9808948818767649,2.9153226310555214,167.0356826784562
22.35132622718811,0.11145051244711682,0.9817559938397397,2.9224599808786467,167.44462270022973
22.38462257385254,0.10910834297238428,0.9822700632351293,2.9275835959355394,167.73818421883936
22.451250314712524,0.1049641642171806,0.9831840581713368,2.9360851815848337,168.22528919571292
22.484571933746338,0.10248276721680528,0.9836960682363429,2.9420175065768515,168.56518638045551
22.551259756088257,0.09843082342282332,0.9845218242658947,2.9512850485754685,169.0961774234365
22.584617137908936,0.0952790759049778,0.9851479646878909,2.9572806997880967,169.43970293335258
22.65133786201477,0.09112578714310936,0.9859199986176598,2.9666842523728585,169.97848680888876
22.684617519378662,0.08876972328584326,0.9863193869744342,2.97315326589131,170.3491339811091
22.75132393836975,0.0849423394193519,0.9869635608174878,2.9824964139310444,170.88445693115182
22.784609079360962,0.0820399299241392,0.987440237779088,2.988447955888966,171.22545516693577
22.851332664489746,0.07760853619388633,0.9881368782668941,2.9973111474413043,171.73327863590075
22.88460946083069,0.07485053038244197,0.98853562420432,3.00268859444392,172.0413836537059
22.95131492614746,0.07052975027445005,0.9891433100415629,3.0100861337780644,172.4652314363344
22.98458480834961,0.06761865388788406,0.9895300313228611,3.0147763474319555,172.733960883717
23.05137014389038,0.06312525237832894,0.9901086285920853,3.022659581476476,173.18563692338185
23.084585905075073,0.06007925327685587,0.9904762284039841,3.0283301889303518,173.51053879776438
23.151317596435547,0.05609777685431938,0.9909118569642433,3.0368634504544962,173.99945866857922
23.184570789337158,0.053318392841557705,0.9912017153682955,3.0422794648132614,174.30977343311872
23.251368284225464,0.04967982563964797,0.9915430629677391,3.050497497676088,174.7806320320585
23.284687280654907,0.04688568649403635,0.9918039539288006,3.0552633014874457,175.05369247643665
23.351337909698486,0.0433088028882663,0.992097940877623,3.0614493222946004,175.40812536066673
23.38466739654541,0.04023549323124301,0.9923625936222911,3.0652183483406708,175.62407464598144
23.451364755630493,0.0359386591622272,0.9926986745582288,3.071404114603152,175.97849294587604
23.484727144241333,0.033006636978822224,0.9929092946456736,3.0761860698034793,176.2524787966754
23.551427364349365,0.028935941720833303,0.9931702929984159,3.083987724148437,176.69948066386138
23.58471703529358,0.026141855916460482,0.9933321461542968,3.0886265551791183,176.96526610379377
23.65141010284424,0.02209030850759701,0.9935426135483015,3.095094409689925,177.33584686976764
23.684638500213623,0.019150486516496867,0.993685758346069,3.0991113315167036,177.56599953707604
23.751346111297607,0.015232312869856601,0.9938430802129952,3.104428888650351,177.87067311815372
23.78464913368225,0.012291627474256286,0.993959064567826,3.107996949227953,178.07510793029732
23.85138177871704,0.008094754918108807,0.994100241515618,3.113738958141565,178.40410080697376
23.884713888168335,0.005150802547851857,0.994186288312722,3.1181084790917177,178.6544559159115
23.95136308670044,0.001220804010581139,0.9942684521372318,3.1255932673175453,179.08330269180064
23.984634160995483,-0.0014511822377427375,0.9943087806628385,3.1313450343835187,179.41285466942327
24.051339864730835,-0.0051904160127468485,0.9943362290376153,3.140080324886876,179.91334994808633
24.084628105163574,-0.007997492692960392,0.9943467033962675,3.1466094494993166,180.28744123229419
24.151347637176514,-0.01157907627812381,0.9943147261962988,3.156709758034041,180.86614628311386
24.184606313705444,-0.014118204419141717,0.994276082013546,3.163081514338786,181.2312210274616
24.251388788223267,-0.01835296282712441,0.994200244429138,3.173135142284737,181.8072514775594
24.284634590148926,-0.021162817285936095,0.9941170204762977,3.1798008045927038,182.18916579546533
24.351419925689697,-0.02489067013691966,0.9939627191938437,3.1898242978778404,182.76346965668137
24.384664058685303,-0.02688161914887921,0.993842288121866,3.196872059836747,183.1672766719396
24.451348066329956,-0.0310653580072376,0.9936320600655774,3.2077865630260387,183.79263164016805
24.484668254852295,-0.03346225995112888,0.9934659819731333,3.2142310494725175,184.16187351468056
24.551296949386597,-0.03725773111922952,0.9931903832830382,3.2235687261750146,184.69688298019128
24.584596395492554,-0.039787225827492584,0.9929833103259429,3.2297641828963046,185.05185650247716
24.651283740997314,-0.043288831276568115,0.992663780508331,3.238509994847065,185.55295461567079
24.684478521347046,-0.04622639365338997,0.9923982866328718,3.2441484456546243,185.8760140499361
24.75130581855774,-0.04989743294526933,0.9920131881415509,3.2529499288002635,186.38030188763673
24.784642457962036,-0.052963872054933046,0.9916916386706983,3.2593200248222973,186.74528150479236
24.85140085220337,-0.05680584688150819,0.9912313078847849,3.2694232315495233,187.32415260981057
24.884876012802124,-0.059455758621014314,0.990891637838074,3.2758888825383123,187.6946071232728
24.951451301574707,-0.06313467032124156,0.9903847216163276,3.2859905887820995,188.27339225692273
24.98473858833313,-0.06550683075412472,0.9900333432952534,3.2919901538122733,188.61714201206598
25.051347494125366,-0.0689809673148323,0.9894974092142035,3.2995739695061177,189.05166264392832
25.084617376327515,-0.07135450320111747,0.9891180741514957,3.3039248451816956,189.3009494573251
25.151402711868286,-0.07563566248942696,0.9884423517763037,3.310887146352689,189.69985993012202
25.184507369995117,-0.07853865596274952,0.9879577684904923,3.3153164499443566,189.9536403321067
25.25133180618286,-0.08265245953028445,0.9872387884236219,3.322005934802927,190.33691958161944
25.284673929214478,-0.08542159608735275,0.986735216036237,3.326583158302578,190.59917517003754
25.351165056228638,-0.0892435564066657,0.9860110514907188,3.334491492834919,191.05228936171824
25.38468909263611,-0.09199898915971172,0.985476750069736,3.3405947781581995,191.40198185190636
25.45145893096924,-0.09609252436100944,0.9846540729273946,3.34948291926236,191.9112348248915
25.48486566543579,-0.09856669541211582,0.9841235040443236,3.355092790770052,192.23265678589294
25.551309823989868,-0.10235006511320426,0.983297262256381,3.363891967498995,192.7368124756511
25.584718465805054,-0.10468718168874283,0.9827601058991527,3.3694774148713114,193.05683503677727
25.651376247406006,-0.10855018903194744,0.9818683920848171,3.376859837261075,193.47981668229363
25.68469524383545,-0.11088344031228109,0.9813015031731303,3.381757574019837,193.76043632773676
25.751389980316162,-0.11472106071362646,0.9803669315958543,3.389295305428153,194.19231652453647
25.784677028656006,-0.11718238401721073,0.979742959606489,3.3941295455775733,194.46929808225093
25.851584434509277,-0.12087910912474877,0.9787875671833939,3.40187081400748,194.91284009136245
25.884605884552002,-0.12346516761092526,0.978103002005632,3.4083925028556217,195.28650533765853
25.951144695281982,-0.12715932018746837,0.977091319417446,3.4190052246169986,195.89456950373204
25.984642505645752,-0.12920361325460547,0.9764917712221561,3.426032926813389,196.29722717926003
26.05134677886963,-0.13295572514715406,0.9754049307979024,3.435800561736319,196.85687143616855
26.084578037261963,-0.13512267567141967,0.9747386214770337,3.4417412576277733,197.19724823811956
26.15136742591858,-0.13885968433175752,0.9735922821998413,3.4500171253475846,197.6714205302733
26.18468451499939,-0.14114644413666122,0.9728597596536405,3.455247795078269,197.97111582986835
26.25129246711731,-0.14474406149731822,0.971695393997819,3.46298199750964,198.41425298708572
26.28483247756958,-0.14689265751611624,0.9709714015604523,3.4685495711771854,198.73325146036424
26.351394176483154,-0.15018036924248584,0.9698508086685652,3.476542325262755,199.19120253615336
26.384700298309326,-0.1524560392799654,0.9690603026307212,3.4817549201703413,199.48986222466942
26.45129418373108,-0.15625376302319943,0.9677335346437229,3.489885904138699,199.95573328934486
26.484625816345215,-0.1587712814368389,0.9668257819933502,3.495556074489327,200.28061011955603
26.551416635513306,-0.16235040178823318,0.9655028047980103,3.5041089213584735,200.77065214797983
26.584654331207275,-0.16472189044699292,0.9646029857311698,3.5089085057293308,201.04564807584688
26.651355981826782,-0.16841489698017081,0.9631871603817937,3.515660070294598,201.4324842305468
26.685025691986084,-0.17129286241169728,0.9620766890230641,3.519646041031731,201.66086353104717
26.751392602920532,-0.17530936662385255,0.9604893469094862,3.524682321523947,201.9494211476952
26.784684896469116,-0.17790959095913259,0.959441088096784,3.527570779186533,202.1149175810636
26.851649522781372,-0.18153261122083297,0.9579593242969104,3.5320173338988767,202.3696863994549
26.88471555709839,-0.18425776545701633,0.9568442778900296,3.535063548072205,202.54422161507955
26.95139479637146,-0.18800235533119922,0.9552856055484772,3.5408227010941804,202.87419677680876
26.984678030014038,-0.1905886800688112,0.9541963600451754,3.5442615159538926,203.07122635479715
27.05135679244995,-0.194174858323177,0.9526610163828269,3.5483654893856076,203.30636671166823
27.08490490913391,-0.19687982075459995,0.9515027843439835,3.55117810233668,203.4675175631685
27.15136170387268,-0.20046293985663827,0.9499393061370466,3.556536077465939,203.7745069248111
27.184664249420166,-0.20302720655729517,0.9488124712655498,3.5609987790753848,204.0302008922586
27.251359462738037,-0.2061806334872462,0.9473870896435433,3.568539588062945,204.4622574213601
27.28470516204834,-0.20823663634364353,0.9464421705025964,3.5737504894984187,204.76082008107142
27.351389169692993,-0.2116667841651288,0.9448632145719927,3.5823584325090247,205.25401888586828
27.384727478027344,-0.21421756715645998,0.9436724382388774,3.5876360527361926,205.55640425075788
27.45138120651245,-0.21805750584319822,0.9418495670566552,3.5950482902862104,205.9810941791223
27.484646320343018,-0.2205850107775702,0.9406220994902431,3.6001809545695966,206.27517418021785
27.551368951797485,-0.22419467976615925,0.9388381760969872,3.607163459267078,206.67524222981382
27.584639072418213,-0.22633280573735565,0.9377520103927346,3.611257235718163,206.90979834273102
27.651315689086914,-0.22988419728294887,0.9359514315574433,3.6179553089738175,207.29356967114947
27.684611082077026,-0.23176733591752247,0.9349619335572743,3.6219448642910037,207.5221543529582
27.751404285430908,-0.23512751106089136,0.9332131471098453,3.626842356183426,207.80275996859356
27.784644842147827,-0.2376201141528147,0.9319093759681528,3.630493745016565,208.0119691380936
27.85137939453125,-0.24138581338462226,0.9299180737546684,3.6364148680805206,208.35122449963586
27.884711027145386,-0.24385934897746708,0.9285865683837068,3.6405677360580047,208.58916630762073
27.95140027999878,-0.24765260737470252,0.926525625360947,3.6476835685357702,208.9968734763188
27.98469376564026,-0.24986102568558877,0.9252918562437796,3.6534837414678636,209.32919890577378
28.051355600357056,-0.2533724716038138,0.9233168025706118,3.6625329896678136,209.84768263539726
28.084672451019287,-0.2556843513886117,0.9219886041938488,3.668682284998704,210.2000113048368
28.151387929916382,-0.2591579388672358,0.9199659281387566,3.677816302403476,210.72335195212926
28.1847140789032,-0.26145320033271036,0.9186008432241226,3.6836366972844616,211.05683601390928
28.25134515762329,-0.2648919350150805,0.9165293253992007,3.6925382112290195,211.5668551942093
28.284716844558716,-0.26692450682094226,0.915268618422868,3.698392712179074,211.90229338980276
28.351407051086426,-0.27060966297919664,0.91298902108657,3.7073843638840027,212.4174770833468
28.384674310684204,-0.2728077760230756,0.9115912572303333,3.71349517801929,212.76760094268764
28.45169734954834,-0.27605684586308776,0.9094932662106852,3.7228991878291153,213.30641101529025
28.48467493057251,-0.2780579446399206,0.9081674508425197,3.7286208094732003,213.63423578746702
28.551297664642334,-0.28123815808874925,0.9060501522193395,3.737463898598945,214.14090747223023
28.584699392318726,-0.28322788360482526,0.9046939199998658,3.7437437646879004,214.5007172950347
28.651474475860596,-0.286111847969142,0.9027012588588988,3.7530791546850173,215.03559574197814
28.684653520584106,-0.2885385111064295,0.9010239469029623,3.7589695731873682,215.37309186172862
28.75138282775879,-0.29177864143141874,0.8987280174105702,3.7675193694651776,215.86295910414375
28.78461003303528,-0.293833010745419,0.8972397554021051,3.7726405662356113,216.15638206514564
28.85154914855957,-0.2970415237026888,0.8948991964595145,3.7798274081836154,216.56815777679384
28.884703397750854,-0.2987405623404501,0.8936174789441467,3.7843096347000174,216.8249704390053
28.951378107070923,-0.30164718988850664,0.8914384881678201,3.7906521078479254,217.18836738205547
28.984659910202026,-0.3036749597222214,0.8899044426141787,3.7948107917228517,217.42664241641788
29.051289558410645,-0.30691091315567165,0.8874426827042308,3.800495340113662,217.7523430476492
29.08456802368164,-0.30858516194487795,0.8861277814907338,3.804156699369946,217.9621234803154
29.151313066482544,-0.31155556030742887,0.8838142469519261,3.8103911256537297,218.31932979406164
29.184677124023438,-0.3138817120135707,0.8819947324941267,3.8152597367132284,218.59828065986164
29.251416444778442,-0.31745124414679754,0.8791698295808932,3.823582513754825,219.0751406581735
29.28460931777954,-0.31930258739498624,0.8776486873289026,3.8295778507112406,219.41864816253494
29.351688385009766,-0.32240008848903123,0.8751019537659681,3.839057841326821,219.96181161463133
29.384745836257935,-0.32445522261388005,0.8733792201308311,3.8453980415711255,220.3250783298978
29.45151996612549,-0.32750370254638284,0.870791341537466,3.8546512677847615,220.85524913881895
29.48464584350586,-0.328990272322278,0.8694720558332907,3.860459801903917,221.1880536290043
29.55136013031006,-0.3323940601897495,0.8665302005650296,3.8689783812561713,221.67613227333575
29.584683418273926,-0.3344895603331971,0.8646694127127801,3.874268473161454,221.97923221274476
29.651407480239868,-0.33727771186770233,0.862144116482393,3.882242700502577,222.43612178426895
29.684587955474854,-0.33903489073336823,0.8605257456863974,3.8876258531844514,222.7445537134149
29.75130796432495,-0.34129217549408225,0.8584053574461759,3.8964375284372035,223.24942551583743
29.78458571434021,-0.34345846127909224,0.8563986623352708,3.9023424723858327,223.5877538823552
29.851415395736694,-0.3462101083433418,0.8537803043227857,3.9114778453755172,224.11117219894194
29.884641647338867,-0.34762961527621294,0.8523767414743613,3.918297948879341,224.50193534555342
29.951347589492798,-0.35029876466685145,0.8497642331076751,3.9283473266709703,225.0777222797463
29.984626293182373,-0.3523976900234094,0.8476893831902049,3.933965401124344,225.39961423491488
30.051382780075073,-0.35528589500037533,0.8447730346139006,3.942618117065153,225.8953783396488
30.0847008228302,-0.3572435868990782,0.8427621551359689,3.948859471807711,226.2529816248413
30.151352882385254,-0.3599173357834185,0.8399595079842742,3.957942778393481,226.77341675622932
30.184677600860596,-0.36165228160621277,0.8381075306948531,3.9642025485430437,227.13207516652125
30.25139331817627,-0.36466635035458883,0.8348867683366086,3.9731191317454893,227.64295775169862
30.28468608856201,-0.36636669258214966,0.8330076080262538,3.979236317352564,227.99344666948218
30.351394176483154,-0.36905084237885544,0.8300257330226621,3.9895004710487925,228.58153935654968
30.384849309921265,-0.37091218397174786,0.8279232688211653,3.995696141148714,228.9365251045306
30.451507091522217,-0.37355802527393056,0.824882741419136,4.004012320020927,229.41300705558427
30.484702587127686,-0.3750145556110118,0.8231556795650057,4.009470554913006,229.7257408784914
30.551305055618286,-0.3773876846360607,0.820345085740886,4.017179098354477,230.16740788388097
30.5848867893219,-0.3792885088367839,0.8180907537827794,4.022008436076673,230.44410855320612
30.651344537734985,-0.3818335864312295,0.8150107845317995,4.030294106457601,230.91884249646986
30.684839248657227,-0.38351897580645655,0.812936681406254,4.035609515715699,231.2233930133436
30.75134801864624,-0.3863065231769446,0.8094911717278126,4.043064705207411,231.650543906689
30.784659385681152,-0.3878687461645127,0.8075010951154267,4.047814153596296,231.92266725438733
30.85134792327881,-0.3901650476126286,0.8045513933528422,4.054506100624707,232.30608757584037
30.884615421295166,-0.391802090689776,0.8024360633808441,4.058742488046498,232.5488146954913
30.951274871826172,-0.39377452717250183,0.7998244041495531,4.06495730994274,232.90489776057146
30.984612703323364,-0.39513830383500653,0.7980121097318106,4.069318331279604,233.15476587754026
31.051331996917725,-0.39720664418973206,0.795246180864801,4.0758844216299535,233.5309751425169
31.08457660675049,-0.3988933567993901,0.7929912041229497,4.08036018738342,233.7874176302797
31.151548147201538,-0.40104061215948145,0.7900549142533567,4.086966435248577,234.1659277513705
31.184683561325073,-0.4025316530081986,0.7879946379932334,4.091736537005854,234.43923444991043
31.251318216323853,-0.4049074320741646,0.7846906387380819,4.100049532328201,234.9155339969929
31.284674406051636,-0.4062802038947307,0.7827255748006997,4.105736363186067,235.2413654039534
31.351306200027466,-0.4085335268493059,0.7794872735271422,4.114540372800356,235.74579799764473
31.384845972061157,-0.4098799582991739,0.7774989650022038,4.121004381186385,236.11615839690137
31.451403856277466,-0.41191639290084575,0.7744593111188667,4.131004823417151,236.68914152998866
31.484612941741943,-0.41355028625714274,0.7720051066293144,4.13753166625523,237.06310207815577
31.55129885673523,-0.4157182881760848,0.7686627024500455,4.147360378778093,237.6262458237632
31.58483099937439,-0.41691707783206355,0.7667448359148917,4.153154807803563,237.95824215161076
31.651290893554688,-0.4190150886988484,0.7634037200785326,4.161351499633574,238.42787799943974
31.68460249900818,-0.42041818923080165,0.7611275075131206,4.166922919636629,238.74709685150953
31.751312732696533,-0.42224775487006727,0.7580889606679213,4.17552914663875,239.2401973362626
31.784582138061523,-0.42362084762323987,0.7557947248699508,4.181057994153592,239.55697696443445
31.85130763053894,-0.4253207983838404,0.7528718565815683,4.190057538362724,240.0726128651591
31.8846914768219,-0.4268110654747936,0.7503240519950263,4.1958372354004485,240.403765112285
31.951396942138672,-0.42922546164933867,0.7461436535590055,4.204177992734117,240.88165530544697
31.98455786705017,-0.4306549515790319,0.7435822396690129,4.209151450484902,241.1666134441536
32.05136752128601,-0.43269850668714754,0.7398624141407324,4.216903912821675,241.61079681688483
32.084651708602905,-0.43388879266339564,0.7376332735948388,4.222146370112039,241.91116749390028
32.151159048080444,-0.43571904619226004,0.7341849543296519,4.2300906770575,242.36634275303166
32.18489384651184,-0.4367520778470644,0.7321771890872092,4.235449016845271,242.67335300806795
32.25132155418396,-0.4386455726253482,0.728531162200327,4.243842655125533,243.15427305628643
32.2847740650177,-0.43985364525953397,0.7261473283041756,4.249547895166257,243.48115923172895
32.35136342048645,-0.4417078270079088,0.7224440773057191,4.256997026184435,243.90796300011053
32.38480854034424,-0.4428159392985628,0.7201669111943627,4.261924740084928,244.19030020925672
32.451340675354004,-0.4444287791608963,0.7168108923591521,4.269644366333654,244.6326022127271
32.48471212387085,-0.4454479784082447,0.7146470465175696,4.27480574715642,244.92832755033137
32.55134654045105,-0.4469276642567879,0.7114635991364475,4.282253060730717,245.3550271868491
32.58461117744446,-0.4479913142228713,0.7091542927878794,4.286773586124692,245.61403421310558
32.65141272544861,-0.4495537243833025,0.7057145805687554,4.2934449471584095,245.99627504394562
32.68468236923218,-0.45070880605590746,0.7031477603932774,4.297969671348813,246.25552264351649
32.75119137763977,-0.4523075051814057,0.6995213686519981,4.305269057497215,246.67374666285616
32.78461408615112,-0.45354475642569025,0.6966931051729888,4.30979586796972,246.93311379758634
32.85139179229736,-0.4550014620083398,0.6932405912956385,4.316360541480272,247.30924188362226
32.88468527793884,-0.4559207897415569,0.6910206925855223,4.321348597554287,247.59503644463797
32.951377391815186,-0.4574340967068135,0.6873598855846562,4.328598462268291,248.01042309479118
32.98464226722717,-0.4583832967100403,0.6850031184618273,4.333027443087035,248.26418500324962
33.05131411552429,-0.4597401248964227,0.681583031695753,4.340064681114773,248.667389041668
33.08468413352966,-0.4607721403089431,0.6789677178137764,4.34482588886631,248.94018615121598
33.15135455131531,-0.46226022573209535,0.6751213801317004,4.351381968210971,249.31582182781798
33.1846809387207,-0.46325403216411154,0.6725005265287612,4.356269304799168,249.59584558738155
33.251598834991455,-0.4644935984250548,0.6691252929873891,4.364328791590694,250.05762016557742
33.28472852706909,-0.4655102611251063,0.6663608654618873,4.369325806264774,250.34392801656713
33.3513925075531,-0.4668591674095767,0.662582271686287,4.376645016064463,250.76328784746013
33.38465690612793,-0.46768842115633324,0.6601911645068713,4.381650391788179,251.05007475130628
33.4515860080719,-0.46913970013341655,0.6560096807225327,4.388830076002369,251.4614403550161
33.48451280593872,-0.46984169998984093,0.6538610655917428,4.393724966924731,251.7418969460443
33.55139994621277,-0.47099334789416236,0.6503471009532916,4.400415688379393,252.1252470472941
33.58487057685852,-0.4717714775264122,0.6479325960828625,4.4041947053869945,252.3417687725378
33.65155363082886,-0.4729752095007902,0.6441641549084365,4.410146070557985,252.68275687917674
33.68460416793823,-0.47372940100657107,0.6417409311634682,4.414286922248424,252.92001020462848
33.751389265060425,-0.47494239984235725,0.6378185871988568,4.419857614926945,253.23918738407218
33.78467679023743,-0.47558411543655554,0.6356452284116665,4.424128560414513,253.48389453504024
33.851393699645996,-0.4767100712613211,0.6318640607913978,4.431552736720626,253.90926850374154
33.88465356826782,-0.47749573041885485,0.6291661550351871,4.436599047429798,254.19840080948876
33.951411485672,-0.47862823347572714,0.6251832236375008,4.444921045805451,254.6752161935284
33.9847047328949,-0.4793319261127348,0.6226105773229561,4.45075324878117,255.00937680930073
34.05132818222046,-0.4803697330015171,0.618732712047301,4.459907541995843,255.53387917492677
34.08487915992737,-0.4810747887946791,0.6160167684017819,4.465485348270629,255.85346393341362
34.15154147148132,-0.48201742996551955,0.6122502271398206,4.473411913063082,256.3076226420581
34.18470025062561,-0.4826870419644665,0.6095210045930142,4.47857505935464,256.603449133573
34.25140380859375,-0.4835804603416636,0.6057456070510793,4.486666390957574,257.067048285062
34.28471541404724,-0.48421288305120774,0.6030151463987607,4.491028981159285,257.31700629136515
34.35139346122742,-0.4851311011125228,0.5989509491146084,4.497608443921719,257.6939817391161
34.38461494445801,-0.485629446637649,0.5966118632687524,4.502144648785586,257.9538871328224
34.45131754875183,-0.4863949110586282,0.5929862091787589,4.509761442308817,258.39029725512614
34.48475408554077,-0.4870003141962367,0.5901023555818485,4.515618565881146,258.72588571590717
34.551398038864136,-0.487784134884318,0.5861702008632959,4.524814032685345,259.2527471544404
34.584866762161255,-0.4883421499129782,0.5832806382643497,4.530637644642837,259.58641554112666
34.65150761604309,-0.48913083783808614,0.5790236472086456,4.539532907512637,260.0960765612256
34.68454194068909,-0.48958412019116415,0.5763958931317935,4.5455008543429924,260.43801472696344
34.75145077705383,-0.4901669747595553,0.5728228796653156,4.554113268207459,260.9314696928173
34.78462028503418,-0.4906160922977558,0.5700534984747412,4.560033481207981,261.27067291156567
34.85138392448425,-0.49125102960221634,0.5659486195153401,4.569376822929542,261.80600695875967
34.884642601013184,-0.4916050164446293,0.5634424612307365,4.576035888988561,262.18754333944025
34.95143151283264,-0.49210082812041234,0.5597587994067594,4.585610703718622,262.73613981309245
34.98463821411133,-0.49248695974940565,0.5568407210752553,4.59132540578332,263.06356812257434
35.05135202407837,-0.4929932194786564,0.5527115422533561,4.600501895634028,263.5893422617645
35.084861278533936,-0.4932278501783563,0.5504645549116963,4.607521637444438,263.9915438407725
35.15139675140381,-0.493646907475168,0.5465160823211986,4.617682890240746,264.5737407405665
35.18466377258301,-0.4939202525086549,0.5437190934178502,4.624363102148647,264.95648868914225
35.25138211250305,-0.4942543699538097,0.539872331071185,4.634587004703779,265.5422751557044
35.28456497192383,-0.49441569636093086,0.5376123102750118,4.641387722156839,265.93192756342563
35.35143160820007,-0.49463923543970956,0.5342510746540736,4.6519483981967245,266.537009729316
35.38460302352905,-0.4947856123913062,0.5318496804623503,4.658956700560823,266.9385558763304
35.45139193534851,-0.4949659620282421,0.5283946641549291,4.668607977586035,267.4915333167866
35.484628438949585,-0.49501617934927605,0.5266672176439029,4.674748507385057,267.8433597582449
35.55135250091553,-0.49518095381427096,0.5228771682414218,4.684238532851,268.38709816491513
35.58468294143677,-0.49525309175135634,0.5204717723698089,4.68990969437102,268.71203178494926
35.6513569355011,-0.4953454578118501,0.516750031165461,4.697416611131847,269.1421464325007
35.68461608886719,-0.49537461970635127,0.5144796258357857,4.7021641304179,269.41415925074847
35.751325845718384,-0.4953805949463499,0.5116102075078409,4.70958766194694,269.8394962764448
35.784560680389404,-0.49540843530335954,0.5089224054769296,4.714536303636113,270.12303255955686
35.85149312019348,-0.49542834907760824,0.5046396266650626,4.721517422546461,270.5230212093988
35.88461494445801,-0.4954049356512622,0.5021000408355913,4.725820540138737,270.7695716861847
35.9515106678009,-0.49535062500219457,0.49843726130196303,4.732128979972693,271.13101866398256
35.984623193740845,-0.49530012516861077,0.4960318426687187,4.736328060288583,271.3716082439195
36.05138659477234,-0.49520602145510884,0.49297604999905537,4.742374275210939,271.7180308409996
36.08471465110779,-0.49513924217632654,0.4902953098932357,4.747359776642727,272.00367903179745
36.151407957077026,-0.4950134835424361,0.48654843791187874,4.755343936642737,272.46113770275514
36.184606075286865,-0.49490927971891807,0.4841479707775729,4.760594608498936,272.7619790397235
36.251444578170776,-0.4947368101188418,0.48067857563781785,4.7684531516665825,273.21224039635104
36.28472328186035,-0.4945889027769653,0.47759517010712865,4.7735056998829055,273.50173008493266
36.35136532783508,-0.49434167619915353,0.47334615321989854,4.781259490840978,273.94598958205694
36.38468670845032,-0.4941661106338142,0.4709580418014782,4.785979201072663,274.21640905885715
36.45128631591797,-0.493887124665316,0.46727496025251003,4.793034708928618,274.6206598813248
36.48462891578674,-0.49370746486331707,0.46529074778269897,4.797798346688861,274.89359622011585
36.55136775970459,-0.4933786671235518,0.4612722891118241,4.805052975243663,275.3092558182411
36.584649085998535,-0.4931528930605732,0.458885204593591,4.809609113005452,275.5703032828718
36.65128302574158,-0.49276899382416095,0.45483250759069827,4.8166099936911975,275.9714241990397
36.684725761413574,-0.4925319815965383,0.4527186562864931,4.821530349288655,276.25333980847756
36.751327991485596,-0.49210258387397904,0.44868605213112295,4.829647298864726,276.71840676170694
36.78486156463623,-0.4917821657505445,0.4458924341313881,4.834877721020477,277.0180878763032
36.851415157318115,-0.49130805501419406,0.4420732792817921,4.842742571077177,277.46871059105536
36.88466143608093,-0.49096349539856277,0.4394275608745617,4.848459626529101,277.7962737396928
36.95138692855835,-0.4904090723804976,0.4353339549717676,4.857082602793326,278.2903338864744
36.98461627960205,-0.49005313336910555,0.4329632886808064,4.863068218201014,278.6332843871234
37.05138635635376,-0.4894923633910406,0.429317653127442,4.8714923874200515,279.11595372927826
37.08467936515808,-0.48907339915749387,0.4266751829517976,4.876597303849391,279.40844389544645
37.151345014572144,-0.48852135472848035,0.4234722767805858,4.884005092180898,279.832878902368
37.1846649646759,-0.4880927546815754,0.4209679993568271,4.888868272488347,280.111518608996
37.251362800598145,-0.4873941383114897,0.41697442781710864,4.896198268098933,280.531496421332
37.284688234329224,-0.486991278345504,0.41488846854501454,4.900981891187106,280.80557783506566
37.35149359703064,-0.48615602053260637,0.4103405234488525,4.908159317147278,281.2168140503511
37.384655714035034,-0.4857011165596694,0.4081282062670453,4.912814627547398,281.48354368860134
37.45143675804138,-0.4848894678496212,0.4040955806828572,4.919750536126027,281.88094197724536
37.48462390899658,-0.4843874340859173,0.4017516554449634,4.924395046616126,282.1470528262323
37.55159950256348,-0.48358097265156336,0.398013351700213,4.931305071065304,282.5429680635024
37.58471488952637,-0.48300388963180724,0.39540355718679127,4.936400434714283,282.8349108956733
37.651427268981934,-0.48209560795069584,0.3913860785543412,4.9441154572712,283.2769491270328
37.684680461883545,-0.48150900216903925,0.38891998482164924,4.949266348831051,283.57207347414186
37.75141191482544,-0.48063310378561064,0.3853260845403505,4.956989938529868,284.0146025665748
37.78462743759155,-0.48001774017071497,0.382863990047946,4.962539203038893,284.3325520023437
37.851398944854736,-0.4791359844652587,0.37945284394387896,4.971066059325644,284.82110488008914
37.88480091094971,-0.4784279300110822,0.3767287837185239,4.9769639686947595,285.1590301948901
37.95140814781189,-0.4774617191551315,0.37318399065617935,4.986062424539858,285.6803333149004
37.984668254852295,-0.4768076722355426,0.37086909320360295,4.991820759315302,286.0102615945567
38.051384925842285,-0.4758374383211021,0.36751467617996786,5.000420250608191,286.5029761515988
38.08492732048035,-0.47508612774118586,0.3649439661326317,5.005876048735697,286.81557035818025
38.15138053894043,-0.47391912645176765,0.36104088359223807,5.013930009181972,287.2770283001171
38.18465495109558,-0.4732001373214178,0.35875225605920635,5.018691457832617,287.5498392121673
38.25144863128662,-0.4720915638102011,0.35526231930142127,5.025665501771055,287.9494224959786
38.28463578224182,-0.4713487874118655,0.3529795111323088,5.030362105435202,288.2185180639799
38.35140061378479,-0.4701703613250617,0.3493909966944599,5.037732619719435,288.6408174253073
38.3846652507782,-0.4693211274077935,0.34685291619890496,5.04288554316727,288.9360581910223
38.451417207717896,-0.46808544521874135,0.3432520063695576,5.050651327373924,289.3810048506729
38.484782457351685,-0.46728426617585617,0.3409892539832306,5.056121717716058,289.69443512956633
38.55142521858215,-0.4661394466737757,0.33782986378145924,5.064886844771369,290.19663991673156
38.58470582962036,-0.465308599054822,0.33556805079110963,5.071461058596228,290.57331462251256
38.65135335922241,-0.46399952136458394,0.3320633323314102,5.080931788265638,291.1159474614791
38.68464136123657,-0.46331052013156043,0.33033891874955795,5.087124962856175,291.4707902273045
38.751349210739136,-0.4622092204234071,0.32757808967514257,5.0968535871080585,292.028199337406
38.78481078147888,-0.46126748322601846,0.32520552790044477,5.102939131158685,292.3768753275479
38.85138249397278,-0.45977686896545666,0.3215270234763304,5.11111805276468,292.84549301653976
38.884655237197876,-0.45884178813847165,0.31930849968271574,5.11628767069134,293.1416903054325
38.95117783546448,-0.45721561395817184,0.3154536423081443,5.123544204502776,293.55745906672183
38.98464369773865,-0.45614882633007414,0.3129990197119733,5.128587138229991,293.8463978856554
39.05161118507385,-0.45464944778084554,0.309625695797778,5.135963682661544,294.26904274897413
39.08478021621704,-0.4535040248746092,0.3070627876868402,5.140683834551614,294.53948753093584
39.1516056060791,-0.45179395968390795,0.30330270343417925,5.148050101464719,294.96154353582364
39.184903144836426,-0.4505601110057937,0.3006314834280694,5.153259101821801,295.25999727176657
39.251341581344604,-0.4489454892215047,0.2972406118242409,5.161239498209395,295.71724030361713
39.284698486328125,-0.44778661135057485,0.29483356781390235,5.16669902474825,296.0300481324332
39.35137152671814,-0.4462662850171917,0.2917634029218358,5.174784267935169,296.4932984433806
39.384713888168335,-0.4449662468662928,0.289118585029972,5.179561567409366,296.7670175407221
39.45139956474304,-0.44317134516367124,0.2855571466596341,5.186351924621974,297.1560763503908
39.48467826843262,-0.44212730838193415,0.28355079079296774,5.1907060194678545,297.4055476086594
39.551193952560425,-0.44025158930239794,0.27991308732841985,5.1972453722706256,297.7802249250052
39.584697008132935,-0.4391879400198518,0.2779199412448725,5.202104997382131,298.0586609339103
39.65139389038086,-0.4373377192905065,0.27443695982965544,5.209334501933788,298.47288103269085
39.68461990356445,-0.4361891460006486,0.272331642720985,5.214127939541627,298.7475247769793
39.75136184692383,-0.43436286348321124,0.2690007985689309,5.222258821762286,299.213390011941
39.78470802307129,-0.4330625442985896,0.2666645598291922,5.227491906199064,299.513223664004
39.85141897201538,-0.43124780367141824,0.2634703451521358,5.235017848160364,299.9444283752469
39.884719371795654,-0.4299787957428792,0.2612660567629019,5.240038088626495,300.23206696609697
39.95141363143921,-0.4282037363052848,0.25823746257326635,5.247809842835696,300.67735568169724
39.98515224456787,-0.42691145346225384,0.2560521325776869,5.25297159032524,300.9731020277603
40.05162262916565,-0.42517842484550017,0.253187279859433,5.2607790850844856,301.42043852603564
40.08465313911438,-0.42385831091536563,0.25101434384285853,5.266328926207378,301.7384209993455
40.15136981010437,-0.42217395149608844,0.24831821040568625,5.275195095944928,302.2464151057537
40.18472385406494,-0.42102984530945825,0.24651346416893533,5.280747103663154,302.5645217158322
40.251415491104126,-0.4189111912300076,0.2431560943223076,5.288394604962641,303.0026912641136
40.28471493721008,-0.41767356488731033,0.2412597732900246,5.292914989320519,303.26169020959696
40.35137486457825,-0.4157047294072405,0.23825554289212325,5.300003525778608,303.66783343157005
40.38484787940979,-0.4145144605644976,0.23648343077823503,5.304915474779326,303.9492673784947
40.45140838623047,-0.41252817468453307,0.23352560129268216,5.311865670876887,304.34748428167325
40.48491024971008,-0.4111721370555111,0.23153631792328433,5.31577747978687,304.57161442247696
40.55138421058655,-0.4089855141113116,0.2283439507475999,5.321407831582484,304.89420981753955
40.58466291427612,-0.4076095001851238,0.2263736727590029,5.3250829346967485,305.10477771526223
40.651352405548096,-0.4055991934656037,0.22352331679832166,5.330770944890655,305.4306766932005
40.68464398384094,-0.40405852448468305,0.22134263677901173,5.33542143028533,305.6971298790026
40.7513473033905,-0.40153378173097243,0.21779601847617047,5.3434614860543315,306.1577911416162
40.784533977508545,-0.4001926416029243,0.21598292835372765,5.348804299413828,306.4639117978415
40.851463317871094,-0.3976002579130473,0.2124457014504756,5.356602624134712,306.91072289162065
40.8846709728241,-0.39591656205502057,0.21019907426844725,5.361692182625764,307.2023331127429
40.95137596130371,-0.3933919614112699,0.20686996641410682,5.368092612030299,307.5690507046942
40.984633445739746,-0.3917626888356996,0.2047581564018698,5.371573740810075,307.7685046917169
41.05135416984558,-0.3894590115401584,0.2018031782358084,5.376962992070289,308.0772860436627
41.08471727371216,-0.3878119077197598,0.1996996376312641,5.380435141999133,308.2762255804221
41.15136432647705,-0.3854242084438778,0.19667978077721526,5.386046707275096,308.5977445871969
41.184712648391724,-0.3836750403361871,0.1944791428821681,5.38979458135319,308.8124819540182
41.25163531303406,-0.38116308745952165,0.1913567897561929,5.39487773934578,309.10372545359184
41.284714698791504,-0.37947912563635805,0.1892856906413555,5.39835258009142,309.3028191627971
41.35160803794861,-0.37667628493773664,0.18584392910625905,5.40398799202835,309.62570448260084
41.38468074798584,-0.3748047893463328,0.18357869633852647,5.4082319072584095,309.86886291389453
41.45146036148071,-0.3720963623280759,0.18033903525888484,5.415522201389405,310.28656599900955
41.48472857475281,-0.3701987832478608,0.17809641240226515,5.420871292546113,310.59304634651966
41.551350116729736,-0.367532964462649,0.17499631400362928,5.429217530712872,311.07125056828596
41.58466339111328,-0.36603829862207704,0.17330861643404918,5.43514435652653,311.41083267331777
41.65144753456116,-0.36339226525567714,0.17030801388711925,5.443950642819215,311.9153957110725
41.684826374053955,-0.3615196928113634,0.16821469681062168,5.450192216909437,312.27301156396044
41.75139856338501,-0.35853633730424844,0.16491419075639804,5.45938895538653,312.79994586398345
41.784712076187134,-0.35672197400729616,0.1629634873836841,5.465463660603643,313.1480008347101
41.85140013694763,-0.3540422549798817,0.16011770688485996,5.474301242332008,313.65435696884737
41.88466763496399,-0.35256043373582724,0.15859483867269408,5.479658817307424,313.9613234033636
41.951350927352905,-0.34982273734871877,0.155749172361674,5.487559677917224,314.4140093708263
41.98469400405884,-0.34795290704386783,0.15383573398024677,5.493223361002676,314.73851450812236
42.051392555236816,-0.3448626572254062,0.15069357329179484,5.501482339465039,315.2117191171052
42.08466100692749,-0.34306014658646095,0.14891553709094535,5.506834136164786,315.5183544808127
42.15136456489563,-0.34009295387479344,0.14599634272053347,5.514690006192488,315.9684626778034
42.18467855453491,-0.33798681896020255,0.14394999646091056,5.520091896408183,316.27796818855575
42.25141215324402,-0.3347480765038158,0.1408395500277223,5.528019170071416,316.7321675125042
42.28466486930847,-0.3326105186665389,0.1388254866269946,5.533340661523348,317.03706651341486
42.351383686065674,-0.3294997718835884,0.13593395870185404,5.541263756805866,317.49102643378313
42.384708642959595,-0.32752894732804855,0.13413789903330342,5.546482363080631,317.7900305482676
42.45139479637146,-0.3250294463201649,0.13191015989159469,5.554486972901119,318.24866090763055
42.48462891578674,-0.3228386310062012,0.12993665910249247,5.560449302336176,318.59027722032596
42.551292419433594,-0.3196239490463442,0.12708905589107053,5.569689877078751,319.1197231533507
42.58463096618652,-0.3175058536973271,0.12525326899643996,5.575641088206924,319.4607024339863
42.65128016471863,-0.31463723934479343,0.12281795084761726,5.583939992380276,319.9361946177029
42.68466138839722,-0.3123810403934268,0.12090709011348857,5.589447659093317,320.2517606753248
42.75135278701782,-0.3091772277913852,0.11823969932128295,5.5977472512843836,320.72729227955267
42.784600019454956,-0.3073131553974444,0.1167322636384591,5.602488987428562,320.99897374817874
42.851298809051514,-0.30388089547509833,0.11393419042189504,5.609023796451504,321.37339072511736
42.88467764854431,-0.30200378450365767,0.1124520786839851,5.614449740595777,321.6842744244579
42.95139765739441,-0.2984162939919163,0.1095931570398361,5.622724728520929,322.1583963080908
42.9847297668457,-0.2964141052934956,0.1080521568384884,5.627636222746398,322.4398041983131
43.05132746696472,-0.2933193086666288,0.10568231859398673,5.635338903641126,322.88113530451704
43.084590673446655,-0.2912956498447296,0.10415743912125612,5.640797108588698,323.1938674117303
43.151368141174316,-0.2879854704446802,0.1016733600993322,5.649042495868981,323.6662933033414
43.18470072746277,-0.2859392316927641,0.10017553147277956,5.654753715739113,323.9935220977712
43.2513747215271,-0.28316010023103216,0.09817809598061239,5.663222320554327,324.47873741204717
43.284754514694214,-0.280770907448312,0.09645197143967671,5.668427181250879,324.77695396291307
43.35145902633667,-0.2775185048637184,0.09415306996308948,5.676612934490096,325.24596307565577
43.384641885757446,-0.274995990714048,0.09238324135804887,5.681627568561458,325.53328044374734
43.4514696598053,-0.27188679893381007,0.09026547429497503,5.689191552915746,325.966664823551
43.4846670627594,-0.269674067084313,0.0887701610738042,5.694894324690278,326.29340957775804
43.551467180252075,-0.2659966626649203,0.08629891401006466,5.703096319929046,326.76334928852583
43.58468151092529,-0.2638737990088,0.08491929174522378,5.708386401309252,327.06644862489236
43.651482582092285,-0.2603770697939773,0.08265069419267418,5.71692648285111,327.5557592539384
43.68462014198303,-0.258232675817442,0.08129664309224738,5.722873300330284,327.8964867970297
43.751386404037476,-0.25483167237915405,0.07916307733515104,5.731449970336896,328.387893790685
43.784634828567505,-0.2523346657669455,0.07761500373156363,5.736650528656218,328.68586383349384
43.85128569602966,-0.24911790670633469,0.07567317778905541,5.744523171341875,329.13693303299647
43.884618520736694,-0.24659468744249174,0.0741528279755208,5.74939852871691,329.41627043420397
43.95130896568298,-0.2430061310469313,0.0720288559348351,5.756701330819955,329.8346901733277
43.98465633392334,-0.24069511522059603,0.07068947712147423,5.76120366265482,330.0926547854329
44.05127668380737,-0.23707021792644334,0.06860168032283041,5.768116130350554,330.48871001041897
44.08465385437012,-0.23498586709621128,0.06743662277176247,5.773209642545469,330.780546762086
44.15130949020386,-0.2321075669532871,0.06585195796607224,5.781633392178839,331.26319206375297
44.184579372406006,-0.2292986612448619,0.0642803415722743,5.786525582757153,331.543493936464
44.2513325214386,-0.2253983399777088,0.062150011498054734,5.793545172819765,331.94568682096366
44.28456258773804,-0.22316544534918326,0.06097102089900429,5.7978742370327465,332.19372392960867
44.351306676864624,-0.21922196066461447,0.058877973604422845,5.805323368773673,332.6205277394007
44.384546995162964,-0.21673555597281055,0.05759199920151559,5.810741759355338,332.9309786514835
44.45128679275513,-0.21310514698349653,0.0557431670747483,5.819533799889601,333.4347254674047
44.4846248626709,-0.21084218761265217,0.05462170484484487,5.825606004720862,333.78263717657495
44.55132699012756,-0.20735563412463992,0.05291133615897732,5.8346936355059,334.30332006633074
44.58461570739746,-0.20470995118075444,0.051626335658470225,5.840059973101679,334.6107885620113
44.65129494667053,-0.20093138416505704,0.049830196022536306,5.847806296088771,335.0546201759168
44.68462944030762,-0.19851363545432302,0.04870873667496599,5.851984201063346,335.2939964981667
44.75135016441345,-0.19497358176876833,0.04708819500268645,5.857358074487588,335.6018967650133
44.78463554382324,-0.19230224166853802,0.04586697928451648,5.861932132368364,335.8639709768303
44.85130286216736,-0.1887376135708045,0.04427785827406581,5.869657992118881,336.30663013364494
44.884583711624146,-0.18665950893430722,0.04338163154808981,5.875186007180861,336.62336206578107
44.95129370689392,-0.18328969227630126,0.04193042662034384,5.883827175927026,337.1184645649967
44.98463463783264,-0.18082298470376773,0.04088269652563271,5.889300725632821,337.4320758620938
45.05126404762268,-0.17743401800451628,0.03948000003527183,5.897684251601582,337.91241651754217
45.08455300331116,-0.17495609941980733,0.03846764014975817,5.903772482203828,338.26124643575326
45.15132236480713,-0.17141162792276593,0.037054517044053575,5.91286046270239,338.7819493626181
45.18461632728577,-0.16867440311952117,0.03597596652337791,5.91876869392528,339.1204660760771
45.251665353775024,-0.164668921135629,0.034436906214604004,5.927865095421649,339.6416514905755
45.284581661224365,-0.16204123962558467,0.033459955623590706,5.933767499907281,339.9798343565813
45.351282835006714,-0.15836780989939575,0.032130986508569825,5.942987659181454,340.5081105694298
45.384581089019775,-0.15610242054271087,0.03134091952643835,5.949055088835565,340.8557486811029
45.45124006271362,-0.15234054319232293,0.030032355544769157,5.957815461623103,341.3576810687901
45.48462104797363,-0.15019707106562136,0.029323682411032503,5.963769257771409,341.69880846016923
45.551291942596436,-0.14631727160543223,0.028028834648383842,5.972951048483903,342.2248863163676
45.584596395492554,-0.14377681071758622,0.02721138204995182,5.979143429899134,342.5796836365956
45.65127611160278,-0.14010341069185817,0.02606241777248902,5.987837603683683,343.0778231008035
45.6845543384552,-0.13755056515152914,0.02528240732764537,5.993684250343683,343.41281127872577
45.751397132873535,-0.13386395745767254,0.024187154751610235,6.001770596014936,343.87612475737245
45.78460383415222,-0.1310373356084479,0.023356096755398882,6.006614777973473,344.15367593879006
45.85131907463074,-0.12758660208542022,0.022393100590130496,6.013821541889919,344.5665930951495
45.884605169296265,-0.12526863375657013,0.021759116652891517,6.018628317781577,344.8420010668068
45.95151710510254,-0.12119039341237742,0.020638160452792646,6.026331387164424,345.2833544317404
45.98484778404236,-0.11861155487628049,0.019960299344661456,6.032141925952246,345.6162737809796
46.05122971534729,-0.11501266718024893,0.01904647546969893,6.04163311924796,346.1600790993669
46.084641218185425,-0.11281252973999004,0.01851620791518612,6.047448103600011,346.4932531606741
46.15131711959839,-0.10912982317926913,0.01762927828433028,6.056506085805456,347.0122373119506
46.18461203575134,-0.10665954501495997,0.01705780464097393,6.063151674820006,347.3930015148629
46.25131964683533,-0.10281189020591633,0.016190200912640965,6.073330160553896,347.97618578924886
46.28463840484619,-0.0999380332580368,0.015562011209888933,6.07931767562887,348.31924513281587
46.351290225982666,-0.09545226626658479,0.014612635101045523,6.087191974861265,348.7704092454552
46.38463640213013,-0.09284223662061038,0.014102000512667318,6.091812800581885,349.03516305711224
46.45130109786987,-0.08927762539917593,0.013431715853378623,6.099475993316747,349.47423165841514
46.48463225364685,-0.0865158913937537,0.012911576397861361,6.104189643038257,349.7443038935607
46.5512797832489,-0.08242795624971136,0.012167829393733225,6.111059448559128,350.1379147559822
46.584614515304565,-0.07979566131643484,0.011712310211986472,6.116543864807415,350.45214866010207
46.6513295173645,-0.07610904618703719,0.011103331625362587,6.124923417168324,350.932261644591
46.68460416793823,-0.07360990239789364,0.010707203288767989,6.130280204537753,351.2391829526083
46.75159454345703,-0.06968193204296827,0.010098615453499032,6.138384003995017,351.70349645952996
46.78465008735657,-0.06729393155584339,0.009758268232608839,6.143756145290568,352.01129748271296
46.851333141326904,-0.06381224268137992,0.00927985387328931,6.1519400458253495,352.48020044331076
46.884604692459106,-0.06143172693359936,0.008967385824434404,6.1574578816898615,352.79634915039327
46.95132231712341,-0.05769101745307907,0.0084904853384922,6.165742513453344,353.2710235852608
46.984620332717896,-0.055441881306611124,0.008232681678114837,6.1715445659112484,353.60345670361227
47.051299810409546,-0.05185146295967514,0.007829651695527167,6.181115691332987,354.1518417954683
47.08459496498108,-0.04932340246170124,0.007564321610772689,6.186329814988,354.4505890747598
47.15134930610657,-0.04614407123057901,0.007271874941125534,6.192428582521156,354.80002271464105
47.184576988220215,-0.04307402602576726,0.006964087300304767,6.1973149762893405,355.07999245459706
47.25164198875427,-0.03970923717637683,0.006688539302639606,6.205818233744775,355.56719321890665
47.28457832336426,-0.036772328837108785,0.0064408120442202505,6.2119054328505285,355.9159640367221
47.351319551467896,-0.03281561654124774,0.006154086651327322,6.221214662958091,356.4493436324015
47.384599924087524,-0.02974725425341524,0.005945368665964739,6.227205272573833,356.79258028009406
47.451279640197754,-0.025431153731476287,0.005696294961784603,6.236099593403072,357.30218732524474
47.48460674285889,-0.022768640961084205,0.005576524724060735,6.242278386514973,357.65620609304113
47.55129337310791,-0.01901031185666173,0.005436995314841461,6.251726059351634,358.1975178728023
47.58458876609802,-0.016342775176352225,0.005352128972595387,6.257528786383358,358.5299896413865
47.65131163597107,-0.012196818342659036,0.005240210138631612,6.265532101865897,358.9885458406477
47.684571743011475,-0.009258209409246968,0.0051792813943273616,6.270644923803373,359.28148895906696
47.75123882293701,-0.004915279931125359,0.005118921713276376,6.2775559367176745,359.6774608312168
47.78457593917847,-0.0019810071509501425,0.005098679985660789,6.281701655827609,359.9149930392628
47.85133647918701,0.0012496852736382186,0.005129747703947114,6.28727559872056,360.2343564422759
47.884597301483154,0.00392028056838899,0.005136259276489537,6.290133228075357,360.3980865437184
47.951308488845825,0.007751798241307718,0.005164566979772153,6.294212481731019,360.6318105617512
47.984598875045776,0.010153658087104089,0.0051959746067598185,6.297041518915499,360.79390245250744
48.05126738548279,0.014239545016296661,0.005243717969955717,6.300859805569496,361.0126741627526
48.08457326889038,0.016907265635254184,0.005289049086613106,6.303449386856997,361.16104624123244
48.15138506889343,0.020612377484362177,0.005370518054456871,6.307328980153096,361.3833305633262
48.1845498085022,0.023144259524353294,0.005432206925242846,6.30996826537633,361.53455046754874
48.25160264968872,0.026240127830116523,0.005533410916531176,6.313903263259072,361.7600092386228
48.28456401824951,0.02877956389462892,0.0056056385162850265,6.315925550250022,361.87587774816836
48.3512864112854,0.03166294353627961,0.005717108225737659,6.319388885550612,362.07431224393093
48.38459277153015,0.03407406647076397,0.005798221671233636,6.322157761381064,362.23295714301156
48.451279163360596,0.03674919025423362,0.005918297028150752,6.326312480374607,362.4710050064044
48.48453187942505,0.03889157024308697,0.006007332113627036,6.328747838381497,362.6105407418026
48.55126166343689,0.04205800405001729,0.006148909022711583,6.332080013802368,362.80146033001574
48.584678173065186,0.044610682753604615,0.006262212736554417,6.33447619894419,362.93875162557407
48.6513557434082,0.04827880674349509,0.006441608608296854,6.338200373521876,363.15213111104543
48.68480086326599,0.05037536958328649,0.006560746532792268,6.339374688647192,363.2194144115444
48.751301288604736,0.05394812566216254,0.006758018930296421,6.340805379612586,363.301386965649
48.78458547592163,0.0562176717796953,0.006889293131263078,6.341969161519245,363.36806675717423
48.85132122039795,0.05976977705307796,0.00709573551865642,6.343760870009637,363.47072409179145
48.88460350036621,0.06231008999363859,0.007245354208559829,6.345033743681743,363.54365438105646
48.95131325721741,0.06604426407543125,0.007473484984752402,6.3467494075923225,363.64195468219555
48.98460054397583,0.0691205036904319,0.007657235716336526,6.347661249617212,363.69419938180437
49.051300048828125,0.07310235062434559,0.007913498293862037,6.348432609178962,363.73839502917974
49.08460187911987,0.07603663472391597,0.00809990705045975,6.348265494905795,363.7288200866309
49.15131425857544,0.08006549911154934,0.008363581503349192,6.346807117418946,363.6452612116975
49.18461322784424,0.08285691841118817,0.008540208987484501,6.345496304098858,363.57015714072696
49.25132155418396,0.08718605128609672,0.008808297334099324,6.3433008729399925,363.4443682011124
49.284645080566406,0.08983515391723554,0.008968848076479527,6.341867524330793,363.36224337523436
49.35131359100342,0.09387854006023519,0.009207388722241647,6.33876279684005,363.18435559347654
49.38461494445801,0.09708511827418227,0.009382583288032023,6.336360713301087,363.0467263446561
49.45134401321411,0.10175508030597118,0.009629150241286582,6.332293984668377,362.81371995757684
49.4846076965332,0.10454103254653681,0.009766318303168207,6.328979358946474,362.62380589304627
49.55133843421936,0.10865975233958972,0.009955564793133592,6.322691507246771,362.2635385284491
49.58459520339966,0.11213613165046228,0.010093550014168149,6.3178698202242884,361.9872762119279
49.65137243270874,0.11658757113060073,0.010247863140380068,6.31063576228424,361.57279522321
49.684685945510864,0.11993263289676774,0.010341245541464514,6.305903518491743,361.3016576262729
49.751253843307495,0.1244121358658985,0.010441444762857278,6.298252815193543,360.86330461697924
49.784610986709595,0.12774629078187144,0.010493338227857103,6.292002186107303,360.505169951036
49.85135579109192,0.1320702501297933,0.01052865255881032,6.2822786007467935,359.9480495481436
49.8846333026886,0.13476338016489126,0.010520998690292913,6.2771037675195815,359.6515534445403
49.95131063461304,0.13960168728164163,0.01049611083913564,6.269620941463997,359.2228190927248
49.9845666885376,0.14307636746053712,0.010453740597085873,6.263652130598271,358.88083142140687
50.05129098892212,0.14787943633574244,0.010360169572229289,6.253740086132552,358.3129131071752
50.084811210632324,0.15107681068166592,0.010265406360836789,6.2479745515317395,357.98257230791194
50.15126132965088,0.15617256381942354,0.01009017246497352,6.239399390254269,357.49125175806887
50.18454170227051,0.15963967665740728,0.009941273480056205,6.234537458104798,357.21268356562524
50.25133562088013,0.16436001832466268,0.009705736978717858,6.227826177531193,356.8281555136295
50.28458571434021,0.1674141887979067,0.009532254593886558,6.223277085725787,356.5675117525622
50.35162353515625,0.17265713358456047,0.009223562063100642,6.216104160098195,356.15653338733995
50.384576082229614,0.17584163185105883,0.009006539011201289,6.2108338415074655,355.8545663754018
50.45134234428406,0.18082593734414004,0.00864494954507032,6.202922817815855,355.40129810624455
50.484593629837036,0.1838704449071113,0.008394343346321448,6.197188584146016,355.07275071822096
50.55130314826965,0.18854282541787243,0.007987080582140824,6.188255596900435,354.56092825060495
50.58459234237671,0.1917213263391167,0.007684691778923022,6.182401870861569,354.2255344541521
50.65125036239624,0.19607821635209355,0.007234873234203623,6.174899553743929,353.7956833467426
50.68456983566284,0.19967751501564998,0.0068553900057647214,6.170141542820051,353.5230694019273
50.75124740600586,0.20446273149873512,0.006310745752990236,6.162969480158323,353.11214048100686
50.784608602523804,0.20777592708085205,0.0059119876099333404,6.1576822356949235,352.80920368800014
50.85130500793457,0.21257788173330086,0.005304438174038008,6.149039573543652,352.3140156229748
50.884549617767334,0.21603399068074636,0.004842651242476851,6.143467352752686,351.99475088913744
50.951274156570435,0.2206854073359609,0.004182106191568717,6.134856419039777,351.50138072972084
50.98462438583374,0.22413138865225696,0.003671992415741218,6.1291324226894535,351.173419896899
51.051276206970215,0.22878508592663713,0.0029423920191018957,6.11944046117498,350.61811140691646
51.084540605545044,0.23206917601779092,0.0024021763419480834,6.113193932563817,350.26021168088914
51.151275396347046,0.236703890247592,0.00160064706423756,6.10437300867203,349.7548099704836
51.18458080291748,0.24011849283804967,0.0009899079504179543,6.098373235058857,349.41104826441483
51.2512583732605,0.24515997257959682,5.177238235962861e-05,6.0878041643816445,348.80548512123505
51.284589529037476,0.24883778442236368,-0.0006641116421617285,6.080779995414401,348.4030298848253
51.35126733779907,0.25366050090068054,-0.001663193498213162,6.071111986169314,347.84909375878834
51.38455009460449,0.25704933050496553,-0.002390621822029454,6.065003915418116,347.4991270837774
51.45124530792236,0.26154703817532693,-0.0034048627352472847,6.055957477856465,346.9808043918661
51.484623670578,0.26493051666525314,-0.004180786228879543,6.049117707243753,346.5889144029201
51.55127286911011,0.26966520660490473,-0.00531430006567455,6.039514628289476,346.0386985085092
51.58458352088928,0.2723663928524395,-0.006003599904619655,6.033460163261567,345.6918032152004
51.651283979415894,0.27743030741553415,-0.0072800656343927975,6.023894677327278,345.1437412421739
51.6845543384552,0.2809160109859665,-0.008194182769315113,6.017579721942548,344.78192095081545
51.751248598098755,0.2854944449763728,-0.009451196824056554,6.0084883374610785,344.26102299009654
51.78459405899048,0.288706878256035,-0.010354989275519616,6.003155014607142,343.95544609978526
51.85123658180237,0.293648754005467,-0.011771445550100637,5.9956053530317215,343.52288235476163
51.88471746444702,0.29684453036228153,-0.0127180467603586,5.990093129941564,343.20705523596104
51.95154666900635,0.30151025640136536,-0.014131725090867409,5.981956084073792,342.7408368500333
51.98458766937256,0.304162460160152,-0.014973778753295003,5.976639616567474,342.43622570000286
52.05151963233948,0.30873650779355694,-0.016419873165208723,5.968710863233832,341.98194159718486
52.084537506103516,0.3119104193305213,-0.017447182846528977,5.963726818242655,341.69637685428717
52.151447057724,0.3163495723174993,-0.018921203922517935,5.955374760822577,341.2178392138658
52.18458676338196,0.31951302354580213,-0.019991263406438385,5.949813752213467,340.89921689072787
52.25150656700134,0.3242048236299737,-0.0216126196311935,5.941812069892118,340.4407542647101
52.284613370895386,0.32760844329955985,-0.022810126358502943,5.936048783459925,340.1105422760204
52.351306676864624,0.33219563846416766,-0.024475972530967303,5.927242099874493,339.605956475068
52.38458609580994,0.33571344448056867,-0.025768921210070732,5.921286155267525,339.26470598607506
52.45121121406555,0.3403016773993466,-0.027515279490359916,5.912244415091956,338.74665243456104
52.48453164100647,0.3432752734497403,-0.028678875353458047,5.906297630950512,338.40592680158096
52.551259994506836,0.3477922997270665,-0.030471576663619375,5.897111180981036,337.87958198962195
52.584797382354736,0.3507571293361037,-0.031680568447013946,5.890892522993369,337.5232791326933
52.65130352973938,0.35548809411730004,-0.03362992901020569,5.881194978245713,336.96765074701335
52.68475532531738,0.3588194331443949,-0.03503547924495,5.875158713509822,336.6217982536231
52.75128197669983,0.3634448250388681,-0.03703907051576041,5.865966121951484,336.0951015545428
52.78482222557068,0.3664912946943361,-0.038391525609235894,5.859689204569476,335.73546068020147
52.851497411727905,0.3709446916632697,-0.040407095505153756,5.850923069731243,335.23319815132805
52.88461232185364,0.37384865799046096,-0.04175174910400348,5.844655103665714,334.874070149642
52.95129466056824,0.3784992527353513,-0.04392596504312521,5.835767662126922,334.3648572588
52.98460817337036,0.3811246804020288,-0.04520311836475124,5.829599442793663,334.0114443238933
53.051286697387695,0.3851989253438331,-0.047201252597668344,5.820765777263697,333.505312571396
53.08460283279419,0.3883146753328142,-0.04874000387880232,5.815044047527889,333.1774816060197
53.151413440704346,0.39236013775973505,-0.050797539898692116,5.806816077898658,332.70605367230297
53.18455219268799,0.39508283116028264,-0.052205835128296754,5.801565407897187,332.40521244160277
53.25128889083862,0.39944822013432135,-0.05447788579104754,5.792966736291709,331.9125448491899
53.28452825546265,0.4020276995174485,-0.05586539904689789,5.7875387494246615,331.6015441104556
53.351386070251465,0.40622932554558044,-0.058132952883633675,5.778626564152228,331.0909135081065
53.3845579624176,0.4091542264340106,-0.059739795223797944,5.772706603597021,330.75172475340923
53.45131015777588,0.4130971149756921,-0.06195890992556797,5.763523945819513,330.22559721804504
53.484583139419556,0.41600155966005053,-0.06361014927925676,5.757771645884312,329.89601470926465
53.55136513710022,0.4201551102482001,-0.06601738984378627,5.749946134958513,329.44764596068285
53.58459687232971,0.42327156733942195,-0.06783879895485037,5.744631656442282,329.14314877138986
53.65134835243225,0.4274420062786622,-0.0703358253912447,5.7366305481811155,328.68471903659776
53.68456721305847,0.4301730384716801,-0.07200029296223076,5.731160078298876,328.37128420039204
53.751567363739014,0.43399450188910926,-0.07436840896918087,5.723413102156795,327.92741516346223
53.784626722335815,0.4367530298967521,-0.07609503812518942,5.71717657184741,327.57008829792903
53.85132169723511,0.44092615240696836,-0.07873930149999137,5.707513393009898,327.0164289338595
53.88456869125366,0.4436136564504889,-0.0804842229239685,5.700907775102717,326.63795490670196
53.951351165771484,0.44765124111886867,-0.08314321725812923,5.691399852641806,326.0931910777541
53.984628200531006,0.45039567992459884,-0.08498215736906589,5.685283097335711,325.74272681440067
54.05131959915161,0.4545209840110416,-0.0877876302783935,5.675891908850036,325.20465134955964
54.08457398414612,0.4570301162313212,-0.0895419571114964,5.669584853501963,324.8432836969596
54.151291847229004,0.46109203611439104,-0.09239685335641687,5.659434794533465,324.26172815625574
54.18454670906067,0.463801342026111,-0.09434307156943508,5.652472482152371,323.8628170411674
54.2512903213501,0.4679478459584373,-0.09736091913719658,5.641487393262873,323.2334178102231
54.284557819366455,0.47073355244514353,-0.0994359099452059,5.635016976107111,322.8626902155089
54.35130524635315,0.4748565583294792,-0.10255405736978128,5.6255084301604255,322.3178906634576
54.384679555892944,0.4774936762315094,-0.10459537555411896,5.619477384617788,321.9723372078133
54.45135307312012,0.48133919715964335,-0.10761343461975562,5.61033786654759,321.44868139560737
54.48468351364136,0.48368858582493063,-0.10949961448925027,5.604073112550837,321.0897374319057
54.55130386352539,0.48748782368096727,-0.11256953276821705,5.594461923253466,320.53905684906505
54.584834814071655,0.48985148844179505,-0.11452380991772017,5.58803095679539,320.17058961282714
54.65139102935791,0.49365547265894827,-0.11768832364993823,5.57930330611839,319.6705320639705
54.684894323349,0.4960949673922285,-0.11976053051861113,5.573986327339409,319.36589162017424
54.75131344795227,0.4994149990546177,-0.12263189157962112,5.566642828507895,318.9451401302693
54.78466534614563,0.5018379681871036,-0.12473585093461101,5.5616546374619364,318.6593378359309
54.85127854347229,0.5052012391373863,-0.12770383098543558,5.554578353433995,318.25389662649405
54.88481116294861,0.5077041257218695,-0.12992338410525556,5.549926000312725,317.9873364278408
54.95133924484253,0.5111493347379452,-0.13303014695118198,5.542767828778917,317.57720340992284
54.98465371131897,0.5132173266042492,-0.13493602139933983,5.5376989783434665,317.2867796729885
55.05142283439636,0.5163642749731624,-0.13785132869911368,5.5293860700055495,316.81048510974676
55.0846381187439,0.5185063068002776,-0.13986318846433043,5.523485625054599,316.472414516808
55.151379346847534,0.5219207992029458,-0.1430919355026438,5.513207633037572,315.88352895236324
55.18465328216553,0.5242315064971828,-0.1453215676089286,5.50713419339468,315.535546493698
55.251341104507446,0.5276277684768906,-0.1486470939771798,5.498965715735303,315.06752719876886
55.28467321395874,0.5300996072542341,-0.15109399062030943,5.493556894651436,314.7576245785219
55.35147571563721,0.5335955433072967,-0.15461373835616776,5.484174972678099,314.22008004572865
55.38463592529297,0.5354329416246162,-0.15653512861649121,5.477673069489016,313.8475484341915
55.45132851600647,0.5392471540356427,-0.1604608184954724,5.468103162445846,313.2992331502854
55.48467540740967,0.541405260341906,-0.16275815393924462,5.461925413539821,312.9452742110786
55.551358699798584,0.5447393783907786,-0.1663466215757572,5.453313886988857,312.4518700845435
55.58469915390015,0.5473776953690354,-0.1691946440225959,5.447383606850419,312.11209006128075
55.65139579772949,0.5504630715381383,-0.17264001947793822,5.438564052654175,311.60676682864903
55.68456220626831,0.5524925825772117,-0.17493853783940796,5.431954712981638,311.2280795600443
55.75137424468994,0.5557663314228615,-0.178667156640489,5.4227451407955005,310.70040994265753
55.78461027145386,0.5576659714502354,-0.18089617072299852,5.417087762661829,310.3762660524886
55.85133695602417,0.5607631421107733,-0.18453578605848073,5.408459796483156,309.881920004669
55.88486194610596,0.5628283569221955,-0.1870058597627707,5.4025196535610265,309.5415748855265
55.95131826400757,0.5659801730177034,-0.1908131703104072,5.393702921415073,309.03641334446604
55.984556674957275,0.567908228211313,-0.19320193838463995,5.388502566527412,308.73845495743285
56.05134177207947,0.5710066420108898,-0.1970545003134112,5.380057684401531,308.2545988531343
56.08463501930237,0.5727230067941276,-0.19925880926110678,5.374305985857902,307.92505080155286
56.15131330490112,0.5754716318298901,-0.2027963720404153,5.365646857274727,307.42891927947585
56.18468761444092,0.5774265808899564,-0.2053405336154958,5.359938336932119,307.1018451565798
56.251596450805664,0.5798482249568774,-0.20857751903286936,5.3511529891028005,306.5984818044055
56.2846941947937,0.5818615202851065,-0.21125980261701394,5.345708622270212,306.2865425627772
56.3513445854187,0.5844937379607946,-0.21485122814756005,5.337271092775275,305.8031077332001
56.384610176086426,0.5866289616451575,-0.21777060984457924,5.331504973622083,305.4727334415527
56.45128870010376,0.5895917050048188,-0.22190890290098036,5.323061266446803,304.9889446569648
56.48461079597473,0.5912693477588011,-0.22432889686413848,5.317766462802453,304.68557475479304
56.551337480545044,0.5937312375297691,-0.22791297648892272,5.309447539110064,304.20893553712773
56.58459830284119,0.5957828982592541,-0.23089189653273512,5.302693733067205,303.82197095522196
56.651583671569824,0.598619974113197,-0.23510881089099983,5.293471933848314,303.2936007804625
56.68466567993164,0.6004658521110011,-0.2379168119744549,5.2874558979256205,302.94890731269305
56.75130224227905,0.6029367132840007,-0.24175784553820415,5.278681754591024,302.44618593077786
56.784701347351074,0.6045786534685783,-0.24434885882925106,5.272600740640421,302.0977694962481
56.851356506347656,0.6070431020039155,-0.24828354528043872,5.264816732219131,301.6517786660139
56.88467741012573,0.6085025846429769,-0.25067553686129,5.260134663691764,301.38351590000474
56.95141005516052,0.6107365932229823,-0.254354316435907,5.252613728657842,300.9525980645689
56.984663248062134,0.6122520627573559,-0.25688226790113244,5.246909684477648,300.62578040688766
57.05130434036255,0.6146519510015442,-0.26091589578270735,5.2379655771573805,300.1133208059243
57.08482909202576,0.615976351883712,-0.26322618897265937,5.232234168693632,299.7849352902859
57.15130543708801,0.6183181517989594,-0.26729374064828193,5.224078649363958,299.3176584529582
57.18483567237854,0.6199649527353219,-0.2701996201667365,5.2191099431677745,299.0329725582764
57.25132417678833,0.6220631843246145,-0.2740025574239913,5.211589546660026,298.6020855781175
57.28483247756958,0.6231862437537053,-0.27610959094072574,5.206773870586391,298.3261676635961
57.35131120681763,0.625406903035484,-0.2801982677833743,5.199044555181384,297.8833105123638
57.3848135471344,0.6269150750533858,-0.28302802036117963,5.193421317854451,297.56112274633006
57.45134997367859,0.6291800819689145,-0.2873403440318674,5.1844477021135535,297.04697243740446
57.484617710113525,0.630443215987772,-0.28984094229173674,5.17932938422169,296.7537144239944
57.55134081840515,0.6325093239323475,-0.29393483322214303,5.171531764368065,296.30694371613424
57.5846312046051,0.6338720102047289,-0.29668851594953755,5.166184379267111,296.0005611184185
57.651329040527344,0.6359559885219005,-0.30094705194694016,5.157783385692526,295.5192196428782
57.68476700782776,0.637278939557058,-0.30371967786150883,5.152695763048561,295.2277203376238
57.75134348869324,0.6394431350865586,-0.3082796945451204,5.14556495572069,294.8191551732159
57.78460359573364,0.6407266498987236,-0.31106692780127665,5.14083716582959,294.54827276603123
57.851290464401245,0.6425898181226507,-0.3151675556164163,5.134014277336625,294.15735005129596
57.88485097885132,0.6439066461918597,-0.3180938144083706,5.128855748529867,293.8617881221721
57.95135045051575,0.6459023805794207,-0.32258830895733637,5.120789403668882,293.3996206055406
57.984683990478516,0.6470585166043794,-0.32528319261318084,5.114856783724839,293.0597065212918
58.05144286155701,0.648995145870428,-0.32981154220420017,5.10666654491101,292.59044040405513
58.08473992347717,0.6502229947544862,-0.33276125569026543,5.101480983284873,292.29332960847245
58.1513934135437,0.6521052894803939,-0.33733913624475675,5.093690462174259,291.8469656286268
58.184701442718506,0.6532389284796787,-0.3401840196948296,5.088302817747924,291.5382763414806
58.25158095359802,0.6549466286007878,-0.34452245389307,5.080488498313749,291.0905488181353
58.28470826148987,0.6559394133989901,-0.3471330663367931,5.07553912666962,290.8069707116849
58.35139870643616,0.6575749741435437,-0.3514340312459672,5.067782901831603,290.36257176351205
58.38460373878479,0.6587477979563544,-0.35456482082704305,5.062553418073043,290.0629444151144
58.451271295547485,0.6603331619748778,-0.3589126503076383,5.054164383415997,289.5822881350766
58.484864711761475,0.6616150173255596,-0.3624489128073337,5.048372656038795,289.2504466002726
58.551334857940674,0.6631598109150836,-0.36689807702052823,5.039250847471328,288.7278054678304
58.584559202194214,0.664185819814693,-0.3699280456562036,5.034146692874353,288.4353589514415
58.65164399147034,0.6657597234657199,-0.3746382842288248,5.026340662725255,287.9881063691463
58.68474864959717,0.6667445245481621,-0.3776799580870917,5.020263723185746,287.63992338117623
58.7513382434845,0.668109245424049,-0.3820106622171526,5.010586375272603,287.08545218887343
58.78463864326477,0.6690531220351366,-0.38507343935806765,5.004338897585932,286.727498084825
58.85154366493225,0.6704800471141013,-0.3897983889136962,4.995488184834615,286.2203895984919
58.88461899757385,0.6711587147579914,-0.3922268826749331,4.989766540086242,285.892563502537
58.951295375823975,0.6723279573396084,-0.39636256681320414,4.981514317013877,285.41974594888995
58.98465275764465,0.67311020364425,-0.39919756801256673,4.976157582395719,285.1128276632979
59.051286697387695,0.6742656292420459,-0.40347597824192527,4.968414235082424,284.6691665429421
59.08468246459961,0.6750858867301119,-0.4065687732360282,4.962688933028011,284.3411308987867
59.1513876914978,0.6762256090285514,-0.4110169606261762,4.9538807216007115,283.8364575589435
59.184640407562256,0.6768079327396741,-0.41345916801945076,4.948314974272908,283.5175637272241
59.25143218040466,0.6778744847988954,-0.4178616602905368,4.940395762919209,283.06382633958515
59.28466868400574,0.6785030291382477,-0.4205911871486075,4.9356694129556296,282.7930264341702
59.3513388633728,0.6795879062570949,-0.4252932190026813,4.928735557272222,282.39574576775817
59.38468289375305,0.680215020128517,-0.4281647644577703,4.92367257888182,282.1056584742222
59.45132303237915,0.6810729940676333,-0.43221990387770803,4.915212751751236,281.62094608422944
59.48457622528076,0.681731893281142,-0.4353659032958361,4.910038064381247,281.32445833762944
59.551284313201904,0.6826659950356128,-0.43998828818638247,4.9022491892217115,280.8781886638338
59.584598541259766,0.6833071058878343,-0.4432721443652372,4.896671653891442,280.5586194293242
59.65129280090332,0.684278613673241,-0.44839212297391995,4.887020517607704,280.0056500527605
59.68459486961365,0.6848022521985275,-0.45140811870081593,4.880768144217267,279.6474154455485
59.751272439956665,0.6856377841501649,-0.4563001674498983,4.871971213989052,279.14338847080074
59.78460121154785,0.6861172350459955,-0.4593289223367224,4.8657776624567255,278.78852410780166
59.851258754730225,0.6868794025259023,-0.4642266303099644,4.856258380637922,278.24310943558856
59.88459086418152,0.6873113763948501,-0.467258769150907,4.850227202641284,277.897548390889
59.951282024383545,0.6879711334116884,-0.4720159973875555,4.841363389725425,277.3896893204168
59.984601736068726,0.6883162937492152,-0.4747991540241764,4.835293960281529,277.0419366292291
60.051217555999756,0.6889037681302187,-0.47951610656000276,4.826592634477924,276.5433873845143
60.08467960357666,0.689188893148392,-0.48215969371707523,4.8204886657285115,276.1936557368932
60.15139198303223,0.6896661516973461,-0.4865697406345609,4.811117779263882,275.6567434921737
60.18464231491089,0.6899352386966129,-0.48935052680996705,4.805335875307051,275.32546479789727
60.25137281417847,0.6903261712164063,-0.4935881621513976,4.796529877108211,274.8209182667039
60.28452444076538,0.690642898225483,-0.4970572799716784,4.790711986569822,274.48757769318513
60.35128211975098,0.6909384439673054,-0.5010795803722736,4.782316253705414,274.00653763413527
60.38460183143616,0.6911753736423409,-0.5042830999620781,4.776662190145531,273.6825836550553
60.45123219490051,0.6914585692070817,-0.5087004452632619,4.767958884890025,273.18392099610077
60.484583139419556,0.6916461741139319,-0.5119037540904801,4.762643287407839,272.8793596947811
60.55126357078552,0.6919031737077079,-0.5167800068157558,4.75434618481233,272.4039707338714
60.584593534469604,0.6920508223981771,-0.520117462972863,4.748602397929583,272.07487598706734
60.65128970146179,0.6921941662730582,-0.5244924663391922,4.7393855587834,271.5467900035402
60.68452501296997,0.6922949654912515,-0.5278299047896745,4.7335706060739575,271.2136177552209
60.751240968704224,0.6923984338920643,-0.5326175979961543,4.7253320187297305,270.74158147124683
60.784610986709595,0.6924478299139912,-0.5359563858125365,4.719899303574614,270.4303098215619
60.85132575035095,0.6924953535215623,-0.5410609343084032,4.711211209281807,269.93251868657234
60.88456392288208,0.6924874101309099,-0.5442595010462168,4.705271495770944,269.5921981708831
60.95131063461304,0.6924456302228075,-0.548953736857302,4.696420062481682,269.08504840076677
60.984609842300415,0.6923879350878333,-0.5518833965918881,4.690553015824605,268.74889138910993
61.05124545097351,0.6922907690178584,-0.5569494024107534,4.682204125937005,268.270535234931
61.08458161354065,0.6921901173620542,-0.5598740189233332,4.676884903177216,267.96576622050515
61.15132713317871,0.6920218107561842,-0.5648034219671205,4.668084752244566,267.4615547129861
61.18460536003113,0.691879805038148,-0.5679986428061917,4.6617639760648535,267.0994009146418
61.251267194747925,0.6916372769290957,-0.5726704917616444,4.652294943985721,266.55686534043355
61.28467345237732,0.6914471014676118,-0.5759486844963227,4.64613427513591,266.20388501636165
61.35158610343933,0.6911197067023551,-0.5809467551391038,4.637024196543705,265.68191596199586
61.38455414772034,0.6908713584288927,-0.5842782677861497,4.630777429286213,265.324002562541
61.45125865936279,0.6904925285710356,-0.5886700881399894,4.621941322637734,264.8177309442557
61.48459339141846,0.6902195925348348,-0.591589217089348,4.615840581567766,264.46818422904437
61.551284074783325,0.6897393723335397,-0.5967713823371242,4.606305619557955,263.92187114806467
61.584577322006226,0.6893912635090667,-0.6000706646866975,4.600086251664322,263.56552761652034
61.65127420425415,0.6887922925132242,-0.6055967594761764,4.589993680853369,262.98726590461575
61.6845817565918,0.6883686994015907,-0.6090366019759563,4.583658013379277,262.624258897952
61.75125288963318,0.6877518554701011,-0.6136310488151949,4.574677897529678,262.1097361602314
61.78457188606262,0.6873312928915081,-0.6165519556181851,4.569705961213359,261.82486519329854
61.85125279426575,0.6866172501478888,-0.621597152919065,4.561843297255713,261.3743677327958
61.88457369804382,0.6861984209487543,-0.6241964795562699,4.556418340825808,261.0635406253199
61.95126390457153,0.6854628292830504,-0.6289016189171741,4.548612103914412,260.61627619641763
61.98466610908508,0.684942823073122,-0.6320685474334854,4.5439690411848215,260.3502482979976
62.051177740097046,0.6841607401900006,-0.6366473640364343,4.537719878905289,259.9921976738881
62.08460307121277,0.6836068552942527,-0.6398005492958034,4.532656126146303,259.70206601230046
62.151206970214844,0.6827716274446513,-0.6443786980878425,4.523915498125267,259.20126491640127
62.18456149101257,0.6821973296298175,-0.6473821984367868,4.517815345966813,258.85175194333425
62.25119400024414,0.6813233418177697,-0.6517838139080436,4.509676782152715,258.3854465854885
62.2845196723938,0.6806568898828852,-0.6550819697507761,4.5041947223429055,258.07134769534815
62.35122227668762,0.6796497044568041,-0.6598853061774477,4.496126065602535,257.6090477177852
62.38459396362305,0.6789390830632276,-0.6631430648115818,4.490238259728735,257.2717012906241
62.45120143890381,0.6779279572465258,-0.6675681864229531,4.481556853287284,256.77429334129124
62.484599590301514,0.6772755404112609,-0.6702842197775641,4.4762179986931425,256.4683995056129
62.551241874694824,0.6761415738992245,-0.6750449785903033,4.467174057388076,255.95021983866854
62.5845673084259,0.6753678137564452,-0.6781472641027403,4.4609394885819285,255.5930053589924
62.651267528533936,0.6741774782308969,-0.6827893041445321,4.4513074250640905,255.04112877141836
62.68483209609985,0.6732927660786882,-0.6861465538002386,4.4451328487010855,254.68735160553692
62.75119090080261,0.6720446587662543,-0.6906764386176887,4.435863457685995,254.15625462171576
62.784611225128174,0.6711670380597551,-0.6937670862239861,4.429833738627771,253.81077716802992
62.85130834579468,0.6698310266977183,-0.6983686490688694,4.419925336296414,253.24306753272558
62.88455843925476,0.6688393753439542,-0.7016995310425791,4.413258168076027,252.86106693239364
62.95140314102173,0.6674399685913897,-0.7062073104861599,4.403245364812765,252.28737556431392
62.98468828201294,0.6665054183835638,-0.7091131965188018,4.397060648890592,251.93301744448604
63.05137085914612,0.6649821338921259,-0.713804488867059,4.388040032541959,251.41617419910264
63.08468174934387,0.6639214092210751,-0.7169739512567224,4.3822410192060035,251.08391520961234
63.15136218070984,0.6623923876043287,-0.7214097724063454,4.37353640038846,250.58517728909692
63.18461322784424,0.6614490900015424,-0.7240376802033801,4.366968969584134,250.20889122176484
63.251347064971924,0.6598870084665389,-0.7283795235994261,4.357669781568255,249.67608699555635
63.284719467163086,0.6590321975778293,-0.7306099914888118,4.352919196123196,249.40389849933817
63.35135507583618,0.6574938724728338,-0.7347111671351589,4.346552636455066,249.03912150033617
63.38466501235962,0.6564873940550378,-0.737330464693647,4.3412815606200885,248.73711110149853
63.451406955718994,0.6549040366082091,-0.7414095078703556,4.333257647742629,248.2773747584394
63.484715938568115,0.6536799254735965,-0.744530436274817,4.328210846714836,247.9882143595046
63.551358461380005,0.6519153422807646,-0.748915468288633,4.320909374729276,247.569870830499
63.58468437194824,0.6508353691394362,-0.7515045910733512,4.315996297322698,247.288372230681
63.65139317512512,0.6490232277254837,-0.7558562078353943,4.308127724771742,246.83753623271875
63.684627056121826,0.6477656545908025,-0.7588097375929767,4.303500587259547,246.5724207820433
63.75140070915222,0.6457701586246947,-0.7634489267888891,4.296419102651964,246.1666816013419
63.78470325469971,0.6444725752821814,-0.7663832879738125,4.2911177891199195,245.8629387100802
63.85135245323181,0.6425604285174474,-0.7706375300527469,4.282253708395981,245.35506429533524
63.884655237197876,0.6412241594162046,-0.7735526579100204,4.27644072350661,245.02200479480098
63.95149827003479,0.6393650012728606,-0.7775097377150726,4.26744124339202,244.50637256642307
63.984702587127686,0.6379915436294017,-0.7804028160961929,4.261336319784914,244.1565862094861
64.05139899253845,0.6359158884054485,-0.7846970949309913,4.251820570322353,243.6113739263775
64.08460140228271,0.634438832801304,-0.787692930848234,4.245705957963856,243.26103244487706
64.1513557434082,0.6321583963589499,-0.7922423104017798,4.237004496357184,242.7624754192196
64.18470478057861,0.6307469387459791,-0.7949654066631674,4.230735885342931,242.4033104646937
64.25136375427246,0.628637349333952,-0.7989752764308525,4.221144375996671,241.85375745999272
64.28463101387024,0.6272461755634596,-0.8015598334367015,4.214173408012275,241.45435041536604
64.35139584541321,0.625044290914776,-0.8056081401705594,4.204790107116575,240.9167268761411
64.38479685783386,0.6235524528759508,-0.8082901218616249,4.19887438031974,240.57778069793
64.45138597488403,0.6210896812690386,-0.8126901388812189,4.189687315420281,240.05140065307822
64.48473000526428,0.619299909593523,-0.8158291219496254,4.183457352603622,239.69445007716018
64.55133938789368,0.6167095207991748,-0.8202723668338814,4.173781533542624,239.1400664816328
64.58465886116028,0.6149310558879248,-0.823255258829132,4.167246933279333,238.76566146574118
64.6513831615448,0.6123885149201685,-0.8274312188556043,4.157118478185344,238.1853437358678
64.6846809387207,0.6106290884129553,-0.8302659207593353,4.150644669075831,237.81442179651935
64.7512559890747,0.6078847584266334,-0.8346353206774269,4.140852462692954,237.25336969865944
64.78465819358826,0.6059401181481591,-0.8376751361501955,4.1343682546279314,236.88185194304896
64.85134720802307,0.6031732180286461,-0.8419059796245947,4.124571007543654,236.320511034273
64.88466143608093,0.6013914022311629,-0.8445626086990632,4.117889306110957,235.93767774221294
64.9514992237091,0.5986557259188332,-0.8485963238826465,4.108165200798757,235.38052754828314
64.98467707633972,0.5966898189989754,-0.8514561290080606,4.101831333059528,235.01762365883127
65.05135369300842,0.5937319500342947,-0.8556893256582045,4.0925418399858,234.48537491189063
65.08462142944336,0.5917186386334836,-0.8585145477021636,4.085164262592462,234.06267086422125
65.15134954452515,0.5887559325761228,-0.8625950658753502,4.073892975409073,233.41687367893317
65.18459725379944,0.5869952789311145,-0.8649329127382,4.066970393855213,233.02023897256186
65.25148272514343,0.5840021146281835,-0.8689134590877035,4.057265123423249,232.4641679377772
65.28465223312378,0.5819687339162903,-0.8715638414897537,4.051271673284933,232.12076854012963
65.35140347480774,0.5788236192751698,-0.8756182040604945,4.042757319270663,231.63293198983166
65.38468718528748,0.5769905754182175,-0.8779038911344841,4.036596068335083,231.2799183147019
65.45140433311462,0.5739758273410602,-0.8816631710862585,4.026930801479068,230.72613931598457
65.48467135429382,0.5721926973681171,-0.8838151629530422,4.0211136627484585,230.39284181787855
65.5513105392456,0.5693337295510082,-0.887260851630798,4.012083757179285,229.87546633936324
65.58481693267822,0.5671850909601446,-0.8898295413170311,4.0065648044272155,229.55925363933753
65.6513729095459,0.5642688786374441,-0.893239729582722,3.9981798659462138,229.07883205289932
65.68463587760925,0.562424316257919,-0.8953515228865381,3.9930654235561467,228.78579608938566
65.75119090080261,0.5592348171685124,-0.8990152256821691,3.985400274883292,228.34661542109077
65.78471827507019,0.5571891150047444,-0.9013134602945427,3.9801493609731966,228.04576021545577
65.85133790969849,0.5542911789745284,-0.9045206469601481,3.9714887268578627,227.54954243274014
65.8847074508667,0.5523036275694697,-0.9066909633933372,3.965477336721332,227.20511514891035
65.95133948326111,0.5488256349423578,-0.9104845243844936,3.956611587253459,226.69714512218087
65.98467469215393,0.5466289274185392,-0.9128171926545438,3.950111796177516,226.32473452581254
66.05136489868164,0.5433194938124266,-0.9162840373289844,3.939943798088125,225.74215114919335
66.08462572097778,0.5411727856875065,-0.9184804800338016,3.932767589777723,225.3309847001006
66.15134310722351,0.5379064626478404,-0.9217800060247302,3.922716277174462,224.7550869093671
66.18464756011963,0.5356315771744213,-0.9240405483432901,3.9162212370298586,224.3829485213133
66.2513017654419,0.5323113126764984,-0.9272858275484595,3.9069100934162875,223.84945928981546
66.2849133014679,0.5299079720016328,-0.9296071461544074,3.900985586015171,223.51001002003747
66.35138249397278,0.526924713760242,-0.9324018003882066,3.8919273457025927,222.99101108031147
66.38466095924377,0.5247728205644505,-0.9344056482621437,3.885884188586442,222.64476368262157
66.4513578414917,0.5213204882467756,-0.9375999164489837,3.876728307174511,222.12017031999568
66.484689950943,0.5191374379544376,-0.9395682656284077,3.8711568548202355,221.80094961433744
66.5513482093811,0.5154162231500398,-0.9429209984951343,3.8620428338475206,221.27875467820718
66.5848388671875,0.5129071506834256,-0.9451338883210509,3.8552827089778994,220.89142805419644
66.65134310722351,0.5090649398658977,-0.9484754995359825,3.8452901497348178,220.31889658303342
66.68463706970215,0.5065187944956981,-0.9506385414466156,3.838837441589179,219.94918363985863
66.7514808177948,0.502687572678901,-0.9538485913895887,3.8293166713443534,219.4036836871164
66.7847752571106,0.5002140493546534,-0.955874292965643,3.8230753757645064,219.0460837916975
66.85131335258484,0.49612708473056366,-0.9592062652622614,3.8143592131754978,218.5466844617975
66.88461995124817,0.4937234223724717,-0.9611042057183908,3.808930027156575,218.2356150167218
66.95143556594849,0.490021122675875,-0.9640091539257694,3.801289541614854,217.79784744175043
66.98466444015503,0.4882163849864951,-0.965359902917675,3.7958528075833784,217.48634552741174
67.0513551235199,0.48428056643729905,-0.9684061903826295,3.787480137901945,217.00662689140847
67.08454942703247,0.4818236178607947,-0.9702568421222113,3.782543758349601,216.7237931769845
67.15167307853699,0.47812609236300085,-0.9730142382829953,3.7754955874452127,216.31996273087614
67.18463563919067,0.4754323897547287,-0.9750066962561421,3.770605538820583,216.03978358307108
67.25124478340149,0.4716733757766508,-0.977737896834738,3.763583573866803,215.63745462733073
67.28473711013794,0.4696079968465685,-0.9791913662921332,3.7593007741304785,215.3920682779396
67.35136485099792,0.4660124966721507,-0.9817452156218426,3.7525659707029866,215.00619246569406
67.38467359542847,0.4635999168055287,-0.9834349287464795,3.747234668453425,214.70073134748557
67.45160913467407,0.45963462680198025,-0.9861988864051677,3.738947737717631,214.22592519120735
67.48466110229492,0.45730924072320966,-0.9877697818163226,3.7337078313375343,213.92570067058412
67.55141711235046,0.45317306508455896,-0.9905737525302012,3.7265443045337285,213.5152608182972
67.58470463752747,0.45049723199303693,-0.9923492049237977,3.721477566603181,213.22495811897798
67.65143656730652,0.4463783580909364,-0.9950544982637046,3.714168940698731,212.80620470061302
67.68464541435242,0.4435714943350221,-0.9968690324289904,3.7086597996064317,212.49055416728217
67.75132608413696,0.43937798939526584,-0.9995426065529704,3.7001316596008103,212.0019277378634
67.78460359573364,0.43632261026737557,-1.0014655500100336,3.693550980970623,211.62488262602173
67.85138988494873,0.43204399357429557,-1.0040983785634785,3.6833290467895083,211.03920893898336
67.88462805747986,0.4292989204455476,-1.005741802636231,3.677031199734336,210.6783688827031
67.95138788223267,0.42512011620817547,-1.0082156024753341,3.6675033248247533,210.1324618626554
67.9846510887146,0.4222298222660057,-1.009895099089402,3.6618439034161194,209.8082009014547
68.05129861831665,0.41826571788543726,-1.0121490127889452,3.6530100761750046,209.3020598835911
68.08484315872192,0.41570476722046257,-1.0135747162355866,3.6471955198878265,208.96891034859456
68.15138101577759,0.41165589398968133,-1.0158146685414664,3.638674970205591,208.48071881267091
68.18469309806824,0.4089533937571593,-1.017279723963615,3.6333447637601632,208.1753204794145
68.2513918876648,0.4045108742771139,-1.0196762207413506,3.6252251828867843,207.71010276395472
68.28479075431824,0.4020316606324372,-1.0209609744140375,3.619955898253944,207.40819499343985
68.35136985778809,0.39780882139079715,-1.023155874911126,3.6128783746061974,207.00268275901993
68.38464426994324,0.39554609548641506,-1.024284427241184,3.60828651292097,206.73958846434854
68.45134043693542,0.3914816588346886,-1.0263380317238582,3.6018548452160983,206.37108104962883
68.48464465141296,0.38872530718121984,-1.0277086395278496,3.5981190307790936,206.1570346493444
68.5513424873352,0.3852522254358226,-1.029391191437242,3.5928972085787363,205.85784627589624
68.58471846580505,0.3827189037931402,-1.030619143579509,3.5892329492273003,205.6478996800176
68.65133476257324,0.37880058663606586,-1.0325052394906653,3.5827898774855225,205.27873886211373
68.68465828895569,0.3766243679658035,-1.0335175950048743,3.5773348686443924,204.96618987831042
68.75146055221558,0.3731047278344614,-1.0351508205454927,3.569630987057902,204.524789977536
68.78461480140686,0.37054637462223294,-1.0363253483245165,3.564876979104148,204.25240538601423
68.85137033462524,0.36611432565894253,-1.0383526198998745,3.558686273488567,203.89770408203353
68.88485622406006,0.3633038238337608,-1.0396035163926782,3.554716064835164,203.6702278824072
68.95134425163269,0.35899467757201686,-1.0415008766870655,3.548928972307175,203.33865190490172
68.98462224006653,0.35654024330590817,-1.0425464996241862,3.544600825864496,203.09066738062165
69.05135488510132,0.35288195282515405,-1.0440924660840916,3.5378761101814677,202.7053695535587
69.08463931083679,0.3501664645415337,-1.0452338168167934,3.533275515219479,202.44177487898762
69.15135979652405,0.3466560006963481,-1.0466683431219435,3.525964169717112,202.02286563914004
69.1846673488617,0.34367715747051697,-1.0478922048528707,3.5206532716701195,201.7185735956231
69.25140166282654,0.339881306762172,-1.0493983663437996,3.5129178924872746,201.27536901551272
69.28462862968445,0.3368900419922781,-1.05057890714747,3.5079624066517474,200.99144059170015
69.35137295722961,0.3323898585268391,-1.0523213282878716,3.5001425544979297,200.54339606687012
69.38464975357056,0.32951000486238496,-1.0534019504310475,3.494922760361653,200.24432389293432
69.45159435272217,0.32546219733402426,-1.0548857643689602,3.4881557740899622,199.85660413954346
69.4847629070282,0.32295589286656085,-1.0557798913277772,3.483947881135159,199.61550963259043
69.55137205123901,0.31869052710105567,-1.057307115109414,3.477597559947982,199.25166303001265
69.58467030525208,0.3165506097552817,-1.0580310829314301,3.47343590440426,199.0132177315702
69.65151762962341,0.3126027248530082,-1.0593941746120956,3.46701624313913,198.64539823517458
69.68469452857971,0.3094300484987922,-1.0604854642786987,3.4627253511391793,198.39954823323097
69.75134253501892,0.30498301374729997,-1.0619743817040137,3.457028427272406,198.07313853945752
69.78465151786804,0.30219074335510343,-1.0628831615029029,3.4534446926144553,197.86780566866219
69.85137867927551,0.2978384883661015,-1.0642887911987509,3.448346612248648,197.57570718008293
69.88452887535095,0.2954246119943268,-1.0650382897138333,3.444992046333262,197.38350471103288
69.95137095451355,0.29124330054653574,-1.0663497380133902,3.440297498640813,197.11452694153263
69.98468136787415,0.28843453517614015,-1.0672158677164492,3.4371891827536385,196.9364335598041
70.0515685081482,0.28436759334119066,-1.0684515693122958,3.4319583413454655,196.6367284238135
70.0846197605133,0.28168053421207284,-1.0692521898709693,3.4281282498616212,196.41728034664024
70.15131616592407,0.2780375421677247,-1.0703133539983294,3.422018677810447,196.06722765347686
70.18463516235352,0.2753337966174183,-1.0710955300595622,3.4193995424358636,195.91716225053983
70.25132608413696,0.2714545242213917,-1.072200455994356,3.4155857894242994,195.69865029887188
70.28469491004944,0.26901401631989136,-1.0728818256166066,3.4129006363105447,195.54480235810735
70.35138607025146,0.2648860073362974,-1.0740386568004998,3.4088198619582624,195.31099121057633
70.38468074798584,0.26178437384131503,-1.074900295004531,3.4064555149901556,195.17552410799925
70.45129227638245,0.2574199098304938,-1.0760892850329586,3.402475343453759,194.94747707722564
70.48461389541626,0.2548415767995561,-1.076770529925204,3.3996296243144526,194.78442938086377
70.55123233795166,0.25061131480085325,-1.0778892799285689,3.394969910165399,194.51744742638562
70.58458828926086,0.24763299829366014,-1.0786652776254368,3.391910130406916,194.34213495998497
70.65147638320923,0.2430844431106872,-1.0798349737412163,3.3868441577687687,194.05187610869038
70.68461990356445,0.2401029139134807,-1.080582218111592,3.383068079541506,193.83552276315697
70.75129628181458,0.235645057355505,-1.0816808531146795,3.3771367998536204,193.49568546992947
70.7846999168396,0.23239847317935097,-1.0824676714007067,3.373205216486501,193.27042233618968
70.85125017166138,0.22802392864716492,-1.0834938178290636,3.3673885010275564,192.93714908976366
70.88457036018372,0.22543148798061347,-1.0840776591574657,3.363658890929464,192.7234581719136
70.95130133628845,0.22140058329692763,-1.0849801187757873,3.3576914816413534,192.3815508050777
70.98450183868408,0.21826547951576641,-1.085677398152816,3.353516432232662,192.14233809470107
71.05137753486633,0.21450255708066585,-1.0864714332087397,3.346210367775489,191.72373143645453
71.08469462394714,0.21135769603506477,-1.087136592203958,3.341712444420613,191.4660194116468
71.1513524055481,0.20676873144795174,-1.0880764525923807,3.3354646098210785,191.10804485799767
71.18463897705078,0.20402088456877618,-1.0886096715103506,3.331718357357941,190.89340040286942
71.25134873390198,0.19940642656374497,-1.0895049838936581,3.3251730608616423,190.51838253796973
71.28462481498718,0.19678691642098284,-1.0899807427673247,3.3203534108422073,190.24223693312595
71.35147023200989,0.1920361406152183,-1.0908520836355486,3.3134564505737307,189.84707021827282
71.38463616371155,0.18900965533173736,-1.0913773883937108,3.3096100177169894,189.6266858494011
71.45139241218567,0.18432774017969622,-1.092175585894895,3.303030246235502,189.24969271335132
71.48461198806763,0.18156875925341204,-1.0926154945393856,3.2985013830527588,188.99020796698795
71.55133843421936,0.177184043691856,-1.093307066867965,3.291532261866197,188.59090673608276
71.58465528488159,0.17373740024197504,-1.0938416627909215,3.2870671773327294,188.33507623714593
71.65135169029236,0.1685905182383765,-1.0946095088286378,3.2796708775953727,187.9112994781817
71.68469524383545,0.16541529015479012,-1.0950479589273552,3.2752578077216685,187.6584491997221
71.75132751464844,0.16105277851076644,-1.0956201831887906,3.2692340212366124,187.31331165744044
71.7846691608429,0.15787295255632314,-1.0960305676504454,3.2653862184769467,187.0928487989128
71.85132169723511,0.15327106734777735,-1.0966002259084642,3.259458305760595,186.7532044189439
71.88463139533997,0.15048827833367043,-1.096919965785849,3.254646967488912,186.4775350421667
71.95130634307861,0.14621552226532605,-1.0973984700541737,3.247046367120229,186.0420527192756
71.98456287384033,0.14342486265439008,-1.0976892168419239,3.2421217175284514,185.75989108208591
72.05114960670471,0.13891221428116612,-1.0981494161522687,3.234822217474933,185.3416605364638
72.08460807800293,0.13598680455303327,-1.0984222879230434,3.2300260615550296,185.06686104436665
72.15137243270874,0.13187111567276927,-1.0987788295448964,3.2231093436420717,184.67056229987162
72.18463039398193,0.1288080553654942,-1.0990357260925279,3.218961645006471,184.43291667335953
72.25150442123413,0.1241292712674593,-1.0994070082905818,3.2126964023234286,184.07394470999597
72.28460502624512,0.12106677502998066,-1.0996266164822743,3.2082348255325477,183.81831518990498
72.351318359375,0.11648903509372974,-1.099933682636579,3.201367207248597,183.42482964692772
72.384610414505,0.11314888556912583,-1.1001428536174434,3.197854497694887,183.22356621484488
72.45130515098572,0.10866489882731645,-1.1003893980724406,3.193468147076477,182.97224683694537
72.4846544265747,0.10559762768248247,-1.100546698652418,3.188946247583599,182.71316108062112
72.55131983757019,0.10042300669068709,-1.100807516397374,3.179038505642208,182.14548928287465
72.58458161354065,0.09721758380262888,-1.100926186075995,3.1736850943232757,181.83876140830228
72.6512336730957,0.0929776782725281,-1.1010451752475106,3.166958627560969,181.4533632517871
72.68467426300049,0.08990911321553932,-1.1011229209500653,3.163899705137751,181.27809990707877
72.75135445594788,0.08501829186991873,-1.1012399644050324,3.158218512119134,180.9525915245128
72.78464889526367,0.08194775013894602,-1.101288237812647,3.1538518086559058,180.7023978456847
72.85158181190491,0.07732097462874044,-1.1013433037381606,3.147007713317913,180.31026006823254
72.88467383384705,0.07397218335614011,-1.101368743519439,3.1433474204682077,180.10054073616251
72.95128750801086,0.06932462939378481,-1.1013730654561886,3.1389097648503106,179.84628179832447
72.98474884033203,0.06666487189886504,-1.1013524553160068,3.135338675573973,179.64167345452591
73.05134606361389,0.06222945432616257,-1.101322859676517,3.129975206630179,179.33436932049702
73.08462142944336,0.05915398116185651,-1.1012895286913666,3.1262903013683876,179.12323980109082
73.15137314796448,0.054285881707055464,-1.1012239071661512,3.1204885082339344,178.79082154087868
73.18463683128357,0.05162598569932006,-1.10115507203692,3.116062048876166,178.53720410149236
73.2514078617096,0.04719673513203518,-1.1010408705322048,3.1087264860335053,178.1169073102549
73.28469347953796,0.044129493695850786,-1.1009438666153322,3.1045369222774233,177.87686298903043
73.35131669044495,0.03941203089516672,-1.1007748236615937,3.0995133424883217,177.58903306906768
73.38464045524597,0.035928660016030955,-1.1006398068576861,3.095943107306733,177.38447366129353
73.45141506195068,0.03156779611199517,-1.100429429420565,3.0907070845122386,177.0844716537347
73.48495817184448,0.028638382651210742,-1.1002767160585563,3.086724077578651,176.85626216666878
73.55132508277893,0.023911815188980307,-1.1000215293228321,3.0804935823181245,176.49928108396438
73.58463072776794,0.020707457421451206,-1.0998288926052746,3.07565908233633,176.2222846389515
73.65131068229675,0.01638022863544074,-1.0995336981134272,3.068350560781482,175.8035371993783
73.68461108207703,0.013450913545994467,-1.099316592907755,3.0631990230144193,175.50837582732336
73.75131368637085,0.008457063932369127,-1.0989387024946196,3.056119175035201,175.1027304185199
73.784677028656,0.0054004294979694,-1.0986744855320327,3.0516898087654245,174.8489464253441
73.85130548477173,0.0012212484423490683,-1.0982836289186668,3.045105105750657,174.47167073325087
73.88461542129517,-0.0018404960751034483,-1.0979902228766507,3.0403213565389478,174.1975820931709
73.95135307312012,-0.006254851578569268,-1.09753956251727,3.0334101192923444,173.8015973677269
73.98466920852661,-0.009448724652498408,-1.0971998250478998,3.029056544951366,173.5521559321924
74.05135536193848,-0.013729032160164245,-1.0967081580664206,3.022807747717405,173.19412622365343
74.08463644981384,-0.016783527261147013,-1.096347290454836,3.018325374377381,172.93730514906807
74.15130281448364,-0.02161514393058575,-1.0957586944428068,3.012739037626092,172.6172316302804
74.18477177619934,-0.024522478232376854,-1.0953767556064082,3.0086958758527698,172.3855755247804
74.25135111808777,-0.02908708237360494,-1.0947667719095697,3.0022682905629448,172.01730201521306
74.28461480140686,-0.03239604951206303,-1.0943106892019294,2.9976363680902876,171.751912406498
74.3513069152832,-0.03698638610321099,-1.0936428529765208,2.9903215506403877,171.33280423871008
74.3849515914917,-0.04069998566481381,-1.093095696289294,2.9855675322695254,171.06041905033203
74.45132541656494,-0.045209040375053855,-1.0923745926499953,2.9789089597033613,170.67891094470923
74.48465371131897,-0.048638915529072915,-1.0918196861960963,2.974274626189161,170.4133831934895
74.5513026714325,-0.05298472754549326,-1.0910707714910823,2.9668508439482184,169.98803180305933
74.58458828926086,-0.055605310876240974,-1.0905931658071328,2.961623802535518,169.68854439077148
74.65129804611206,-0.059819315273691664,-1.08982046147031,2.9529192515374567,169.1898103560262
74.68462228775024,-0.06324593547770158,-1.0891843831339112,2.9468496897909975,168.84205008446003
74.75155377388,-0.06792071024319528,-1.0882664761024752,2.938212980751049,168.34720310758848
74.78493690490723,-0.07092391585594134,-1.0876451535739307,2.9333636492381916,168.06935687844197
74.85114884376526,-0.07516850597625964,-1.0867380704107086,2.9266357755301526,167.6838781098743
74.88463544845581,-0.07843596528383714,-1.0860354952513587,2.9225728929352512,167.4510920845293
74.95137596130371,-0.08323086077451304,-1.0849753480667212,2.916154274977433,167.08333236523944
74.98468327522278,-0.08649388844908303,-1.0842312619490009,2.9112473186147354,166.80218447540202
75.05135130882263,-0.09089819111724515,-1.083188718075074,2.9029614388100895,166.3274385330431
75.08494520187378,-0.09361277266780735,-1.0825167775074107,2.8974349750884296,166.01079548615985
75.15137243270874,-0.09807619825649393,-1.0814062307982033,2.8890736782674185,165.53172846705974
75.18466997146606,-0.10118120494324295,-1.0806102567206801,2.8837882565526995,165.22889610985956
75.25131177902222,-0.10522906373800556,-1.0795284331710662,2.8755158010529223,164.75491932351252
75.2846999168396,-0.1075305269080396,-1.078881753495246,2.8704677071731317,164.46568484961472
75.3513343334198,-0.1118630036994277,-1.0776881702545718,2.86344538031677,164.0633351583838
75.38469576835632,-0.11482105041128471,-1.0768504019004788,2.8593067590763943,163.82620962830708
75.45139050483704,-0.11919373020206064,-1.075587348573524,2.852932287327391,163.4609793004638
75.48465943336487,-0.12214219017242049,-1.0747150542297454,2.8490635067594794,163.23931450206027
75.5513277053833,-0.1265256042949085,-1.073397620785547,2.843462693837431,162.91841155978457
75.5846643447876,-0.12973225280814776,-1.0724219906071386,2.8401295067163157,162.72743400541728
75.65173077583313,-0.134008377959446,-1.0710871171983292,2.8348662980844543,162.4258743641148
75.68474078178406,-0.13746132193178856,-1.070009712345772,2.831834200311557,162.25214795865676
75.7517294883728,-0.14191057796828263,-1.0685809814199037,2.8267207507579637,161.95916888048282
75.78471565246582,-0.14482959305011944,-1.0676263296511916,2.8231803949642127,161.7563214355262
75.85144877433777,-0.1486835216297184,-1.066337574916095,2.8165845772031948,161.37840891538244
75.88462233543396,-0.15185822302600166,-1.0652796516128915,2.8116916508339167,161.09806488495454
75.95215225219727,-0.15648833939415008,-1.0637027860919235,2.804477577562109,160.68472893338182
75.98465251922607,-0.15977432651586454,-1.0625608988231032,2.7997879607207348,160.41603368083761
76.05151438713074,-0.16404721068424027,-1.0610303403016574,2.7923802169135956,159.99160122497437
76.08463406562805,-0.16732394141349705,-1.0598475928955424,2.787532483333956,159.71384655065717
76.15142750740051,-0.17211968864900276,-1.0580828985698152,2.7810262733016677,159.34106817518136
76.18476581573486,-0.17511277607969636,-1.056949183667886,2.77757076836721,159.14308232635034
76.25144910812378,-0.1799130656105801,-1.0551256490921719,2.7708927613973535,158.7604607114186
76.28471064567566,-0.1827608715653331,-1.0540093253685034,2.7664426233409194,158.50548658253436
76.3515088558197,-0.18712365227363773,-1.05228423801569,2.7597275244032065,158.12073975439063
76.38473105430603,-0.18996765532133864,-1.0511374921360834,2.754943502772298,157.84663550584028
76.45143485069275,-0.19454287425512784,-1.0492799680205096,2.7476893111909457,157.43100094444947
76.48472666740417,-0.19724360537796493,-1.0481476748559369,2.7425624785329794,157.13725507087815
76.5513551235199,-0.201785457921426,-1.0462393245224102,2.7349995725687086,156.70393247827113
76.5847315788269,-0.20485679986556976,-1.0449216268931603,2.7300988742940535,156.42314315046633
76.65144062042236,-0.2090100909559637,-1.0430976699937933,2.722759057931039,156.00260265046455
76.68472814559937,-0.21181100147339443,-1.041848053533117,2.717182251644505,155.6830751870841
76.75142335891724,-0.2159002255916771,-1.0399931224755423,2.7086164212505195,155.19228925748388
76.78469157218933,-0.21843595925543374,-1.0388115186764257,2.7023842636281583,154.83521292846228
76.85148406028748,-0.22244665804811098,-1.0369258737578988,2.6933671453640975,154.3185701085613
76.8847029209137,-0.22509182684428458,-1.0356532064845836,2.6878615016227214,154.00311995867781
76.951406955719,-0.22932416259197236,-1.0335986190129842,2.6796676653038403,153.5336477195849
76.98469424247742,-0.23220027145175964,-1.0321722893531142,2.672348251139066,153.11427617943508
77.05134105682373,-0.23670682055486975,-1.0299048091475929,2.6602212962648415,152.41945284679642
77.08460664749146,-0.2399160246739046,-1.0282452250357539,2.6542561099369926,152.07767284620152
77.1515486240387,-0.2440782934075485,-1.0260284213490074,2.644729474182444,151.53183682450745
77.18470525741577,-0.24713660187932918,-1.0243791098076849,2.6391112794719978,151.20993797911618
77.25140380859375,-0.2510067783018975,-1.0222300629771475,2.6300832603466406,150.69267058586982
77.28461050987244,-0.2536815503345742,-1.0207246108008876,2.6244860358574615,150.37197324565258
77.35165143013,-0.25770676959377997,-1.0184330324566389,2.616048841545569,149.88855762064935
77.38460040092468,-0.2604846711883023,-1.0168260861928917,2.610884100386793,149.59263974997398
77.4513418674469,-0.2644809438569973,-1.0144777802539031,2.6032180103912324,149.1534051478609
77.48459529876709,-0.26687727831468244,-1.0130335246832216,2.598159918882818,148.8635978520378
77.55130434036255,-0.27080807654255745,-1.0106615182652647,2.5911663574671615,148.46289629915515
77.58469939231873,-0.2729500142500714,-1.0093268556553954,2.5873211428837988,148.2425817322063
77.65135741233826,-0.2768070806643781,-1.0069472958304204,2.5821192712822945,147.94453644387113
77.6846821308136,-0.2795357852965377,-1.0052487231779166,2.5784891796247416,147.73654751264772
77.75134992599487,-0.28316365672770366,-1.0029506460353659,2.572626009339816,147.40061260075498
77.78469681739807,-0.2856437367224621,-1.001365121022063,2.5692148234709244,147.2051660473328
77.851633310318,-0.28898194349784045,-0.9991992292653133,2.56496070514526,146.961423021723
77.88461375236511,-0.29156642743875116,-0.9975275749575105,2.561187253983556,146.74522019595858
77.95134806632996,-0.2953565175371452,-0.9950484766916109,2.5543293246361833,146.35228978815525
77.98474407196045,-0.29745920117905617,-0.9936343653495735,2.5487287429601753,146.03140009530168
78.05142593383789,-0.30143832097073603,-0.9909733613586977,2.539942242237147,145.5279706871835
78.0846495628357,-0.3042057897920294,-0.98908834465168,2.533544350596325,145.16139849838237
78.15140008926392,-0.30848687096463423,-0.9861305735278281,2.524822325462322,144.66166326939697
78.18465614318848,-0.31063421371782773,-0.9845823420241209,2.5195262581663456,144.35822096532027
78.25136923789978,-0.3148595923776728,-0.9815748940210862,2.5113259558849035,143.88837825386213
78.28467226028442,-0.31744463175134763,-0.9796867824933575,2.505489540662238,143.5539762941175
78.35131454467773,-0.3209664545340303,-0.9770661152875252,2.4964915469051134,143.0384292277492
78.38463544845581,-0.3235307446523214,-0.9751410386018285,2.489965709927866,142.66452631116252
78.45138788223267,-0.32744994656430526,-0.9721613942956389,2.4802650864391453,142.10872152661335
78.4846658706665,-0.32986523213309965,-0.9702751723187977,2.4743204642783883,141.76811976600203
78.55137610435486,-0.33328652951319937,-0.9675628720490351,2.465377950905394,141.25575149149014
78.58462691307068,-0.3358955358640815,-0.9654836141343668,2.4599329045750102,140.94377331750596
78.65135478973389,-0.3393970079084079,-0.9626331501083262,2.4519576776902983,140.4868264763527
78.68468570709229,-0.3418579901906844,-0.9606099221236771,2.447073075115323,140.20695936420788
78.75134301185608,-0.3457670382528762,-0.9573707417511779,2.4397612738224494,139.78802400948794
78.78464221954346,-0.3479847892710464,-0.9554817673088533,2.43494967069272,139.5123394574625
78.85139870643616,-0.3512854141040605,-0.9526486643364802,2.427730313479287,139.09870075833544
78.88462686538696,-0.3533942324771173,-0.950810818889691,2.4230994478645314,138.8333717031177
78.95133209228516,-0.35683361844412276,-0.9478090772224554,2.41567915752765,138.4082203840527
78.98469567298889,-0.35913481922181434,-0.945769998793397,2.411197219343236,138.15142424204726
79.05138921737671,-0.36233169136277077,-0.9428975547366722,2.404353040342556,137.75928167107622
79.08460855484009,-0.36471378081770256,-0.940746351339038,2.400139210744428,137.51784701951618
79.15130186080933,-0.36766272996882565,-0.9380237477492519,2.393352436846811,137.12899351867316
79.1846559047699,-0.37002817401376153,-0.9358434435359342,2.388385165265564,136.84438982137243
79.25129389762878,-0.3735926206728054,-0.9325191565278278,2.3809240605827617,136.41690001254258
79.28464412689209,-0.37559573773887284,-0.9305995237633248,2.3765772113946944,136.16784389988644
79.35137295722961,-0.3789010440744563,-0.9274296823875445,2.3697822726578903,135.7785225882176
79.38461637496948,-0.3814064211937584,-0.925012064674601,2.364893846230602,135.49843638547378
79.45129942893982,-0.38471609454246547,-0.9217558980642169,2.3573203870950974,135.06450914069458
79.48465847969055,-0.3866869433611425,-0.9197740817842931,2.35323649538497,134.8305193817158
79.55148649215698,-0.38992836608540377,-0.9165148179637869,2.347279242123173,134.48919391232428
79.5845959186554,-0.3923740996502809,-0.9140446848459928,2.3426042925605217,134.22133903294784
79.65136504173279,-0.39594129629469815,-0.9103924787872465,2.3351020380010294,133.79149150985617
79.68462800979614,-0.3982391492917945,-0.9079984656375064,2.3298388633145124,133.48993381347864
79.75130081176758,-0.40157079938769225,-0.9044815672800942,2.3219989458666457,133.0407396319849
79.78462505340576,-0.4037528341015782,-0.9021418652739411,2.3170801713347067,132.75891461092837
79.85175824165344,-0.4069392635295308,-0.8986858623867111,2.3099929710362628,132.35284794526368
79.8845911026001,-0.4092765871650621,-0.8961356331710744,2.3047079626435862,132.05003926967208
79.95139479637146,-0.41231849264374965,-0.8927452992780717,2.296861552404853,131.60047307866444
79.98463487625122,-0.41435370242007513,-0.8904480716466756,2.2918485429140154,131.31324879218042
80.05133295059204,-0.4174133750315798,-0.8869624129713927,2.284646959502941,130.90062845691443
80.08456707000732,-0.41923492628842185,-0.8848431704335338,2.279159467619127,130.58621833185958
80.15129399299622,-0.42212577788288164,-0.881464585918318,2.271193475891701,130.12980062624194
80.18458366394043,-0.4239016535528789,-0.8793479122696157,2.266301948598334,129.84953675695897
80.25132632255554,-0.4265626461848598,-0.8761462889199843,2.259152943750174,129.43992895144083
80.28458285331726,-0.42852242718521827,-0.8737761344397998,2.2547122222611793,129.1854943521284
80.35133290290833,-0.43111434914884245,-0.8705843684027071,2.2478358031354344,128.79150455806018
80.38463377952576,-0.4330524115829921,-0.8681861074639134,2.24328057239089,128.53050906168954
80.45146417617798,-0.4358830561822578,-0.8646414658930831,2.2362003949250417,128.1248447746928
80.48487448692322,-0.4378696930720105,-0.8621235612231338,2.2319326063743072,127.88031850288147
80.55136036872864,-0.44069190073271997,-0.8584979649081098,2.2249458864740883,127.48000893995885
80.5845296382904,-0.44247949729266944,-0.8561612357783068,2.220151975316035,127.20533806324173
80.65140104293823,-0.44551732781163844,-0.8521852543982845,2.2132392760438715,126.8092695699036
80.68458271026611,-0.4470979233259837,-0.8500460748758218,2.208752154846285,126.55217646311822
80.75156497955322,-0.44991873048828285,-0.8462515131242181,2.2015770704881663,126.14107441174768
80.78458094596863,-0.45189457781614895,-0.8435608033374645,2.1962815613157756,125.83766408579687
80.8516480922699,-0.45461495160535303,-0.839789974008033,2.1885699625843613,125.3958220251884
80.88465857505798,-0.4564698243330597,-0.8371831120565729,2.1837850760233155,125.1216682197916
80.95156168937683,-0.4591418207917477,-0.8333797388889013,2.175913423944857,124.67065577790055
80.98466920852661,-0.4606438741232296,-0.8311798414871218,2.170653162038089,124.3692649715093
81.05133032798767,-0.46288514009837456,-0.8278763519694924,2.162156930683629,123.88246677313201
81.08458828926086,-0.46460740855693755,-0.8253264216286043,2.1569317661592,123.58308689862075
81.15130543708801,-0.4670421897199607,-0.8216622641899456,2.1491633407124833,123.13798890706187
81.18457674980164,-0.4689640400344194,-0.8187538524853376,2.1442853608048345,122.85850124580396
81.251291513443,-0.47122141813804164,-0.8152334326678199,2.1366842224677582,122.42298809959442
81.28456997871399,-0.473025706042674,-0.8124183647126533,2.1323255779818626,122.17325616615463
81.35153818130493,-0.475726711482245,-0.8081494659910702,2.125560388032983,121.78563933447951
81.38462781906128,-0.4775575879580335,-0.8052120126992264,2.120210808018633,121.47913097748972
81.45130348205566,-0.4801616985033438,-0.8009619194698305,2.1121617498743626,121.01795391676761
81.48462867736816,-0.4817331832209524,-0.7983322176693917,2.10683785603547,120.71291726922337
81.5513129234314,-0.48419195002654986,-0.7941911329346377,2.09912126291331,120.27078905110392
81.5847475528717,-0.4856616268658589,-0.7916525716090348,2.094369273833875,119.99852013256005
81.65152645111084,-0.4882826721232282,-0.7871433247724442,2.086954880410695,119.57370668176226
81.68463277816772,-0.4897890339609529,-0.7844725599286623,2.081461740268378,119.25897293533362
81.75162172317505,-0.49191692602341996,-0.7806442983910272,2.073069141223659,118.77811243092567
81.78461194038391,-0.49332880556280767,-0.7780628967075545,2.067908010195877,118.48240140551977
81.8513433933258,-0.4953766257498078,-0.7742701816214563,2.060446536223922,118.05489043798002
81.88518404960632,-0.4970298946931584,-0.7712064502410729,2.0551341454309355,117.75051286641774
81.95164895057678,-0.49918236630865315,-0.7671119483866279,2.0479605734315083,117.33949746681733
81.98493218421936,-0.5006590148461847,-0.7642640571753798,2.04366756340821,117.093526111075
82.05144834518433,-0.5028397202124963,-0.7600055950400082,2.0375833479364145,116.7449262428929
82.08465528488159,-0.5042153362333802,-0.7572690767072543,2.03286090677138,116.4743502951376
82.15182995796204,-0.5064834365781399,-0.7527400923280806,2.0257433686530737,116.06654540043515
82.18460893630981,-0.508082686769487,-0.7494975596412106,2.0212204481622456,115.80740114523746
82.25142049789429,-0.510197847386855,-0.7451114138135051,2.014331879512336,115.41271523471153
82.28464198112488,-0.5116277342591686,-0.7421019444563928,2.0093409650224565,115.12675689853073
82.3515841960907,-0.5136885534285449,-0.7376981821415128,2.000804939241789,114.63767864748361
82.38487577438354,-0.5152005203037436,-0.7344261059136168,1.9949262158544991,114.30085260846705
82.45136880874634,-0.5172048984948503,-0.7299717227118792,1.9856533847760929,113.76955852353663
82.48474264144897,-0.5186085866446225,-0.7267956250063381,1.9799213641447198,113.44113793327703
82.55145382881165,-0.5205440996867272,-0.7223148175337151,1.9707281368286154,112.91440480795988
82.58463215827942,-0.5218425991634152,-0.7192434622692351,1.9644653519277078,112.55557366513962
82.65143036842346,-0.5237640071031081,-0.7146170180906184,1.9550103538391923,112.01384217936342
82.68463444709778,-0.5249598334766941,-0.7116470257791188,1.949189918887484,111.6803558217001
82.75134825706482,-0.5267447931012503,-0.7071463197633958,1.9416831539837236,111.2502498749177
82.78457260131836,-0.5278495665206554,-0.7042847023163844,1.9364014860660523,110.94763259444548
82.85135817527771,-0.5296823360140539,-0.6995209721027833,1.9278892018238543,110.45991463335181
82.88461828231812,-0.5307450915186113,-0.696649615937361,1.921331849044046,110.08420599429043
82.95133376121521,-0.5325063079177627,-0.6918590239113924,1.9125682529356023,109.58208892391933
82.98468780517578,-0.5336759257331274,-0.6885899141669232,1.9071936279149204,109.27414559376885
83.05161237716675,-0.5351224083897311,-0.6843896897361895,1.8996892730982253,108.84417773480355
83.08453750610352,-0.5361587037493415,-0.6813551475281999,1.8943929017845018,108.54071801179303
83.15158033370972,-0.5376867018199722,-0.6768017132844869,1.8864122637232248,108.0834611330604
83.18459558486938,-0.5385430765581329,-0.6741335882244853,1.881699577274138,107.81344408935922
83.25135087966919,-0.5399522337370188,-0.6697477299184152,1.874868271772016,107.42203911552313
83.28464484214783,-0.5409174041682668,-0.666687199306525,1.8699106802044954,107.13799004215456
83.35138320922852,-0.5424674603976023,-0.6617206039804451,1.8623084420369072,106.70241388029848
83.38483762741089,-0.5433837457939114,-0.6586578506116001,1.8577194104474009,106.43948173816756
83.45130944252014,-0.5447931581031191,-0.653889924653472,1.850053475603218,106.0002560255736
83.48463368415833,-0.5457912929910623,-0.6504488724329679,1.844078006656483,105.6578868743142
83.55136275291443,-0.5471551130528205,-0.6455782898623876,1.8348691254715792,105.13025684838179
83.58458209037781,-0.5480235463078857,-0.6423595156154629,1.8292626525839601,104.80902961396669
83.65136337280273,-0.5493497540712013,-0.6373582583853605,1.8202419748624912,104.29218285217883
83.68461656570435,-0.5502073886415911,-0.6340027491503442,1.814799876245397,103.98037356972534
83.75144696235657,-0.5514601894413554,-0.628974421923894,1.8069792334731127,103.53228374579398
83.78468322753906,-0.5522357945658434,-0.6257334133994973,1.8010645866943058,103.19339944805769
83.85142350196838,-0.5533083882641651,-0.6210984547370649,1.791635665107992,102.65316203580211
83.88470840454102,-0.5539705007359668,-0.6181089406660393,1.7847574843209788,102.25907130597828
83.95135641098022,-0.5549572178890891,-0.6135377820509267,1.7750500306398953,101.70287518023346
83.98462271690369,-0.5555997568979286,-0.6104400702161119,1.7686588874847287,101.33668965117849
84.05130004882812,-0.556553061216212,-0.6056905411579805,1.7591135905960105,100.78978442525558
84.08460664749146,-0.5571849946443675,-0.6024060700632325,1.7535232445872337,100.46948119293486
84.15130019187927,-0.5580292282759398,-0.597801919595239,1.7453062790567602,99.99868374763426
84.1845932006836,-0.5586143994259398,-0.5945141129590586,1.7394175827278104,99.66128630115126
84.25127792358398,-0.5594815121131018,-0.58947729320259,1.7295563544945276,99.09627954256891
84.28460907936096,-0.5601170009404016,-0.5856476040013521,1.7232073221998725,98.7325067880929
84.35130071640015,-0.5608808968189732,-0.5806370848115634,1.713570439186535,98.18035406376735
84.38456392288208,-0.5613010476246632,-0.5776052258301416,1.7075532524695707,97.83559466034312
84.45128750801086,-0.5619837861515791,-0.572647935237716,1.698171401687386,97.29805420650241
84.48461842536926,-0.5624760227541543,-0.5689353124737765,1.692903782305267,96.9962418478257
84.55130434036255,-0.563132222674823,-0.563629597958573,1.6856613239271059,96.5812795494579
84.58463025093079,-0.5634451054135379,-0.5607253866091677,1.6805832111286314,96.29032511821394
84.65127420425415,-0.5639750765550569,-0.5558687833864566,1.6732738917244177,95.87153196523941
84.68463063240051,-0.5643553217656351,-0.5522810491687906,1.6680961234829894,95.57486769770871
84.7513370513916,-0.5648026331564941,-0.547569597416725,1.659658700201022,95.09143895368655
84.78479313850403,-0.5651180887894262,-0.5441093785299007,1.6535823392599411,94.74328911696448
84.85133695602417,-0.5654814958363557,-0.5395430942083789,1.645269197730184,94.26698119281447
84.88462615013123,-0.5656889912361128,-0.5366191078483401,1.6397945588948464,93.9533074931912
84.95129370689392,-0.5660511588094651,-0.5315682071633292,1.6313038823565138,93.466827562334
84.98459720611572,-0.5662306591093726,-0.5285020023049285,1.6256723320109467,93.14416349541757
85.05128383636475,-0.5665208194324846,-0.5234243912900752,1.6176374793437978,92.68380034858049
85.08456492424011,-0.5666788824187357,-0.5200928891116425,1.6124676964441058,92.38759360742924
85.15123176574707,-0.5668884079782195,-0.5150997295504867,1.60378958154874,91.89037424979517
85.18464541435242,-0.5669703249176244,-0.5121775642310341,1.5975083351674542,91.53048534206567
85.25136017799377,-0.5671262258318537,-0.5069395863869057,1.5877077691809747,90.96895427420093
85.28465580940247,-0.5671749939890574,-0.5037416142638241,1.5812815173584092,90.60075716667967
85.3513617515564,-0.5672086983016735,-0.499185397535632,1.5709434249325704,90.00842810246294
85.38465166091919,-0.567221679496367,-0.4957016250263775,1.5642216912461195,89.6233011312184
85.45139527320862,-0.5671876860511346,-0.4908702310298522,1.5549635134155118,89.09284661554298
85.48466396331787,-0.5671252188098136,-0.48807210078419105,1.5492175559131935,88.76362750139862
85.55135560035706,-0.5670349486161167,-0.4827349459992448,1.5401006870497274,88.24126939314777
85.5845775604248,-0.5669374910356225,-0.47898646048874066,1.5333533149687684,87.85467345010443
85.65128684043884,-0.5667438071318325,-0.4743683049627033,1.5240580034929563,87.32209133328087
85.68466663360596,-0.566590343983303,-0.4710337743366394,1.5182882068504215,86.99150633701488
85.75135946273804,-0.5663294691678856,-0.46604265618061474,1.5100605283517605,86.52009508385107
85.78465795516968,-0.5661368019548574,-0.4631224374438667,1.5045169273863568,86.20247014522879
85.85140562057495,-0.5658446602964491,-0.4591913033536791,1.496168520241696,85.72414165018287
85.88465857505798,-0.5656107758317105,-0.45584547844252665,1.490715385821196,85.41170006277069
85.9515688419342,-0.5652374385693903,-0.45111628844914753,1.4829575582285004,84.9672092835191
85.98459029197693,-0.5649453184175908,-0.44764252538502564,1.477336099635191,84.64512343141492
86.05132818222046,-0.5645131794179296,-0.4431423932304875,1.4675713101698864,84.08564220721917
86.08463263511658,-0.5641685827122497,-0.4396790617510461,1.461391096633335,83.73154205508514
86.15143918991089,-0.5636312165630443,-0.43474200246681316,1.4526597981421379,83.2312755018706
86.18467307090759,-0.56326259765529,-0.43170292856884385,1.447505440070044,82.93595253824044
86.25142121315002,-0.5626716011466989,-0.4269317158298425,1.439541172466648,82.47963361765308
86.28461146354675,-0.5622770223735745,-0.4240236902853031,1.4342740314698208,82.17784866843455
86.35144281387329,-0.5616019654344115,-0.41900952432186334,1.4258450070987667,81.69490114656024
86.38459134101868,-0.5611084636654895,-0.41556276321125923,1.4206218955292016,81.3956388976982
86.45143008232117,-0.5603786604912648,-0.41077039002235843,1.4129205573006436,80.95438472059908
86.48462104797363,-0.5598798062730981,-0.4076526333748077,1.4070312902598054,80.61695457473355
86.5514714717865,-0.5591012573670213,-0.4029865693128516,1.3980500819122836,80.10236924149288
86.5845890045166,-0.5585874293544564,-0.40009741661371406,1.3917204556185485,79.73970836896683
86.65146684646606,-0.5576992839255082,-0.39511247301748387,1.3828399818733477,79.23089470329009
86.68458843231201,-0.5570798261265144,-0.3918313910216231,1.3768560808638313,78.88804243042073
86.75147342681885,-0.5562359484937597,-0.38765763878997067,1.3679227084971632,78.37619789699185
86.78462886810303,-0.555593857678443,-0.3845107759071648,1.360986588930617,77.97878751963064
86.85143208503723,-0.5546309436526016,-0.37999231774786774,1.350280804622491,77.36539126239764
86.88462424278259,-0.5539327953642283,-0.3768564806756942,1.3440462188994304,77.00817581345375
86.95160913467407,-0.5529443990058965,-0.37262955533526726,1.3346894608373772,76.47207306657309
86.9849784374237,-0.5521467146246445,-0.36923218454773643,1.3289810456403117,76.1450049680729
87.05143809318542,-0.5510038401569185,-0.3645892683983525,1.3207760952571974,75.6748959400062
87.08473610877991,-0.550240383629442,-0.3616157713920802,1.3153499239100261,75.36399922289847
87.15143847465515,-0.5490016140326831,-0.35684176449608457,1.3067918515845047,74.87365779787838
87.1846764087677,-0.5481676589472989,-0.3537555655237624,1.3007998264451412,74.53034004665656
87.25142478942871,-0.5467852263140676,-0.34870159174263765,1.2919438432066963,74.02292958365507
87.28506350517273,-0.5459323047449148,-0.3457593377644962,1.2861004500255564,73.68812781634023
87.35144782066345,-0.5445039003628426,-0.34084875750565136,1.278131007173572,73.23151237585083
87.38466453552246,-0.5436092207596057,-0.33791425678428655,1.2725989127173118,72.91454671163939
87.45144319534302,-0.5420761908277691,-0.3328798278360325,1.2645287125599678,72.45215830279777
87.48464155197144,-0.5411779495974208,-0.33009355269271423,1.2594570103028184,72.16157116851613
87.55137228965759,-0.5396989988250847,-0.32550297692987584,1.2523808875177602,71.75613919761594
87.58460569381714,-0.5388102560756975,-0.32285729599924595,1.2471781664353818,71.45804523761193
87.65133380889893,-0.5373489870564523,-0.31850321818284294,1.2395056486737337,71.01844235163033
87.68460083007812,-0.53641887379564,-0.31583088614726984,1.2343231461007431,70.72150682688228
87.7513816356659,-0.5348207792843943,-0.3112231844627912,1.2266128521092161,70.2797395223627
87.78495121002197,-0.5336614420927087,-0.3079483998235597,1.221119239578993,69.96497871010072
87.85149312019348,-0.5320127105178413,-0.3034280417980397,1.2126721777765308,69.48099771953348
87.88471460342407,-0.5308463052851915,-0.3002987172490127,1.2069560683974787,69.15348877687865
87.95139503479004,-0.5290332464569674,-0.2955134601462097,1.1980123945363588,68.641054011295
87.98466920852661,-0.5277307339248206,-0.29215365470304355,1.1923778922640107,68.31822081143258
88.0515193939209,-0.5259608365897829,-0.28773780090328355,1.1837361971821805,67.82308815540475
88.08463835716248,-0.5247511534107003,-0.2847816214754372,1.1778994136648944,67.48866509393274
88.15161538124084,-0.5228427519452407,-0.2801706096012947,1.168545912291842,66.95274894158702
88.18462634086609,-0.5216375730882111,-0.2773601390961641,1.1627359657377019,66.61986352483821
88.2515652179718,-0.5195633114408263,-0.27252528182752545,1.1545510111989392,66.15090017426066
88.28462338447571,-0.5183178917857234,-0.269735904291173,1.1489524989625535,65.8301290515634
88.35145020484924,-0.5162815504415383,-0.2651929112971259,1.139903113775115,65.31163747313498
88.38484835624695,-0.5149913215550893,-0.2624061383366959,1.1335925891216334,64.95007104397723
88.45121836662292,-0.5128973790562307,-0.25791539547494235,1.124939645962666,64.4542939206018
88.48487877845764,-0.5115138265832053,-0.25502630282513583,1.1190092323941663,64.11450625235965
88.55158567428589,-0.5094067195628889,-0.2506882868896285,1.109650784094522,63.57830666199865
88.58500075340271,-0.5079791810851058,-0.24781789247805572,1.1029596508270973,63.194932965615635
88.65150380134583,-0.50586090838066,-0.2436379348261555,1.0931053188065247,62.6303213309162
88.68463611602783,-0.5042205678459813,-0.2404305137082549,1.0873144901098941,62.29853128671602
88.75151515007019,-0.5018991277849384,-0.2360063786113228,1.0786899741220992,61.804382920272275
88.78478717803955,-0.5002632693359762,-0.232942116916439,1.0729975100466955,61.4782287537218
88.85147905349731,-0.4978655648752942,-0.22853303046782542,1.0643037625287928,60.98011371279364
88.88467621803284,-0.49643107795970104,-0.2259820615855567,1.0584546734383338,60.64498559391433
88.95156598091125,-0.4939349986930603,-0.2215247899372307,1.0498564781373856,60.15234529174078
88.98469877243042,-0.49246440797678015,-0.21899141511770334,1.0442743498958764,59.83251290280152
89.0515456199646,-0.48991447405959865,-0.2145831662592996,1.036154367040501,59.36727215546991
89.08473086357117,-0.48853960697562065,-0.21230804192324182,1.0307916967330373,59.06001377993213
89.15156507492065,-0.48609571239985755,-0.20822277502205955,1.0232670002530195,58.62888042951016
89.18478918075562,-0.4844919118659813,-0.20559699366843265,1.0178190816275512,58.31673768514011
89.25146174430847,-0.4822065398604975,-0.2019166622313008,1.0087117639024346,57.794926816806246
89.28477501869202,-0.4804995299198247,-0.1991916204167585,1.0020091418900536,57.410894863825334
89.35149073600769,-0.47801926213634227,-0.19531028016515123,0.9922558853125469,56.85207442542599
89.38475584983826,-0.4761989048746473,-0.19250203981872363,0.9863269883822054,56.51237365414935
89.45150661468506,-0.47356188648784175,-0.18851089891213105,0.9780128925256122,56.03601105109936
89.48483371734619,-0.47184325802998806,-0.18596636242473968,0.9728728707736235,55.74150949810496
89.55159211158752,-0.4691562711880942,-0.18201632072345628,0.9645918184195564,55.26704014829004
89.58479404449463,-0.46725698781327035,-0.1792640364130899,0.9589816210102221,54.94559951449996
89.65147233009338,-0.46457296959321004,-0.1754486719178276,0.9503944798551611,54.45359256823187
89.6848156452179,-0.46278276033565907,-0.17294962641677436,0.9439153262204449,54.082364410145786
89.75154995918274,-0.4603030042750306,-0.1695568590346169,0.9341427325847671,53.52243603992504
89.78475546836853,-0.45862218565008367,-0.16729543726502902,0.9278163966585686,53.15996369157188
89.85150980949402,-0.4557300300558176,-0.16340623134638393,0.9182790398872934,52.61351340086729
89.88464546203613,-0.4540327719276742,-0.1612017840427557,0.9123063101049143,52.27130119216488
89.95144391059875,-0.45107291785844417,-0.15735193112846138,0.9031220009954438,51.745079042448666
89.98474335670471,-0.44916963174906205,-0.15493891179579222,0.8967164802689416,51.37806973923651
90.05142641067505,-0.4462024030174359,-0.15121604904643648,0.8875355766732137,50.85204271108482
90.08457899093628,-0.4443492178646641,-0.14895146055802524,0.881951064245917,50.53207371836236
90.15141654014587,-0.4413273594518344,-0.1452725063145353,0.8732142297895971,50.031489977710756
90.18457818031311,-0.43927718513568587,-0.14282011257902158,0.8672063114140625,49.68726161113353
90.25158667564392,-0.43599313251824867,-0.138928157027578,0.8584811193377111,49.18734492971761
90.28485822677612,-0.43374662470496517,-0.1363125513612083,0.8533833392707342,48.89526364699391
90.35134506225586,-0.430624125082103,-0.13274878487804367,0.8459948825592333,48.4719362603098
90.3849573135376,-0.4285156442272907,-0.1303698763081959,0.8411169832569789,48.19245321740082
90.45121049880981,-0.42519722161632,-0.12665310255392562,0.8340507620444493,47.78758856481706
90.48471474647522,-0.4230593708181096,-0.12429988663584288,0.8297005073930183,47.53833733348291
90.55141282081604,-0.41996869395707287,-0.12093989615793072,0.8229433767941687,47.15118226855012
90.58466386795044,-0.41762927111768583,-0.11840117016165704,0.8177550669209678,46.853914010009646
90.65135145187378,-0.41441711744470694,-0.11498356330426979,0.8092721136162715,46.367876587843995
90.6846570968628,-0.41212053976848234,-0.1125669371568632,0.8035372040493823,46.03929047377205
90.75134825706482,-0.4086731832119612,-0.10898648826741111,0.7948450065086563,45.541264239994454
90.78475213050842,-0.4063717934221498,-0.10663798073335339,0.7893659075162631,45.22733499219594
90.85152101516724,-0.403019661444446,-0.10327082998144159,0.7807497612957118,44.73366617809076
90.88472151756287,-0.40102574937654767,-0.10131844712735863,0.7753197982353123,44.42255221181792
90.95144748687744,-0.3975254399993085,-0.09787499728241546,0.7665118151147206,43.91789195298555
90.98472881317139,-0.3951247964755564,-0.09555384858850001,0.7608388493603164,43.59285495793595
91.05141758918762,-0.39173544835416135,-0.09233517754706824,0.7531055738604483,43.14977090998158
91.08468317985535,-0.38920642196574506,-0.08994879875546084,0.7479338929359649,42.85345542002037
91.15141654014587,-0.38515222702484564,-0.08615692430681599,0.74011877321272,42.40568204348899
91.18468594551086,-0.3825908647592354,-0.08381691191658852,0.734959381276775,42.1100706607055
91.25172328948975,-0.37903375730423233,-0.08062307359677512,0.7277143808945463,41.694962716233135
91.28472018241882,-0.37652669748790946,-0.07839051250869256,0.7218104987457759,41.35669518636596
91.35166788101196,-0.3728867013920815,-0.07519329642648495,0.7130089196691469,40.85240185222447
91.38473057746887,-0.37046586680827137,-0.07310470472849534,0.7075499687461746,40.539627003769105
91.45147967338562,-0.36646764205690674,-0.06966924336418871,0.6993671917661519,40.070788418117004
91.48495984077454,-0.36391460998284336,-0.06752470207685095,0.6930525361266621,39.70898530089575
91.55128264427185,-0.36005046808522084,-0.0643175544127497,0.6826758601613315,39.11444556270747
91.58472919464111,-0.35746311801100394,-0.06221535198163443,0.6757656982639393,38.718522450234786
91.65169906616211,-0.3534369733862289,-0.058982062316830466,0.6653537996859201,38.12196460499602
91.68472671508789,-0.3511248226575769,-0.05719302683162628,0.6579382236278883,37.69708339421254
91.75141525268555,-0.3474088191372527,-0.05433140834986548,0.6454851901852976,36.98357713581682
91.78473997116089,-0.3449537737005998,-0.05248872792779658,0.6374808107175891,36.52495997469595
91.85147643089294,-0.34132061524055246,-0.04980951353288168,0.626898763239625,35.91865331560155
91.88482332229614,-0.3387359299043569,-0.047930707684260415,0.6201787078322055,35.53362250266235
91.95138645172119,-0.33507872861024873,-0.04532853033927487,0.6094009063350203,34.91609996444386
91.98472332954407,-0.3324528116104006,-0.043486878938684075,0.6022885690069706,34.508593053073255
92.05143904685974,-0.3287574395533509,-0.04095456842755177,0.592459791698623,33.945445595530984
92.08468246459961,-0.3259903023394723,-0.03907589598794524,0.586267188325325,33.59063555804253
92.1514139175415,-0.3215445510369194,-0.036091608891735405,0.5773334539214039,33.07877028140703
92.18468713760376,-0.31875078597219103,-0.03427139773470428,0.5715351539318528,32.746552163655004
92.25141453742981,-0.31489172543038635,-0.03180900239037607,0.5631527155254674,32.266273820940754
92.28473973274231,-0.31273251017831294,-0.030478252726985445,0.558162716691164,31.98036794795997
92.35152888298035,-0.30874092051744856,-0.02797528817663452,0.5515793366158608,31.603168054714576
92.38472867012024,-0.3063497578424633,-0.026515454944387486,0.5481617677427382,31.40735578208937
92.45153379440308,-0.30207138214242907,-0.023881627396227432,0.5431648692274997,31.12105458651102
92.4846453666687,-0.29957356281449643,-0.02238214469963321,0.5392335239012828,30.895805091510304
92.55135607719421,-0.2956182326300257,-0.02001536649354925,0.5323969703006339,30.50409942377816
92.58458757400513,-0.2930871120176372,-0.018529476600884748,0.5276192498372683,30.23035620553402
92.65144062042236,-0.28923994939391057,-0.016291021324597223,0.520367407510566,29.814856246519646
92.68460083007812,-0.28680684394312983,-0.014904757190716596,0.5152347388436946,29.52077599426888
92.75140929222107,-0.2823572634853543,-0.01235708214832023,0.5068228778652846,29.038811862355196
92.78469038009644,-0.2794375954200437,-0.010728447726537485,0.5011428408124856,28.713369711751888
92.85324239730835,-0.27507752970744204,-0.008334356987298133,0.4919253040865574,28.185243759849367
92.88459920883179,-0.27250863928663155,-0.006971765566233707,0.4857710761823247,27.832632474775192
92.9512767791748,-0.2682755741540724,-0.00473431488557657,0.4760396181498057,27.27506100100317
92.98459839820862,-0.26518768465108844,-0.003128298191468773,0.47038752731994654,26.951220051027644
93.05132460594177,-0.2607546674771469,-0.0008713915438254179,0.4626097034654348,26.505583570367946
93.08467054367065,-0.25776930533480913,0.0006193477722265216,0.4570560763877802,26.187384177828765
93.15130543708801,-0.25340722452183323,0.0027599126296970825,0.4485324822999978,25.699018210316176
93.18464469909668,-0.2508902740083531,0.003951521306669242,0.443202628311183,25.39364007133612
93.2513074874878,-0.2468293687762053,0.005870886075660924,0.4362020482344891,24.99253637879819
93.28461289405823,-0.24402988642851206,0.007176182552611567,0.43123651297120036,24.70803216518836
93.35156893730164,-0.240099126243795,0.008974148686209816,0.4237948415087041,24.281655797864378
93.38460731506348,-0.23731261700064954,0.010234878801492372,0.4183816265867799,23.971501429240885
93.4514672756195,-0.23286697266148504,0.012225317014741666,0.40970895380449507,23.47459388171798
93.48464488983154,-0.23005110791713818,0.013446978935645216,0.40425653222160435,23.162193136892302
93.55157375335693,-0.2254144466358378,0.015445751920669173,0.3963895454526565,22.71144799754633
93.58468532562256,-0.22209044464190122,0.016852869953705062,0.39093986116368923,22.39920408810975
93.65158891677856,-0.21771999989512586,0.018643579373161672,0.3833752197016418,21.965782058804763
93.68455791473389,-0.21450349100654287,0.01994937302774002,0.37879601404363017,21.70341290107827
93.75164842605591,-0.20983316979043462,0.021808742269397836,0.37172653981937737,21.298361864652062
93.78464388847351,-0.20686016905368676,0.022962756964983608,0.3672157652502852,21.03991351950814
93.85145425796509,-0.20221501657457283,0.024751227725521706,0.3605805213080564,20.65974204557868
93.88464379310608,-0.19883217933385428,0.02603757121893,0.35630736997645407,20.41490850905716
93.9513509273529,-0.1943720238517316,0.027684957058342882,0.3496694394429136,20.03458310478427
93.98466348648071,-0.19163130978231047,0.028670424251599547,0.344582495378599,19.743122679279914
94.05132794380188,-0.18724411843705344,0.030240815825994725,0.33589524271838167,19.245379766285666
94.08458018302917,-0.18447493798671347,0.031199516302831555,0.33035709373752775,18.92806720336806
94.15129590034485,-0.17997314263992223,0.03274824795183706,0.3221813109263829,18.459629354073854
94.18462991714478,-0.17629479895550387,0.0340049832775611,0.3170901496060363,18.167927297597746
94.25138401985168,-0.171910599575236,0.0354276996043213,0.3091830085011589,17.714881484273857
94.28465914726257,-0.16875057843041102,0.036441472605223936,0.3037168578132547,17.401694119674413
94.35128545761108,-0.16373591513573285,0.038026313872481836,0.2952530714942503,16.916754884894896
94.38460206985474,-0.1604192642617488,0.039039011385284095,0.2898551963005538,16.607479417957723
94.45128536224365,-0.1558617601872452,0.040385071441640476,0.2820583987269081,16.160755823269984
94.48469185829163,-0.15265907340649804,0.041314700374651944,0.2767027953640846,15.853902353834128
94.55163025856018,-0.14755746578366735,0.04277384614510166,0.2685815190692096,15.388587497878147
94.58464694023132,-0.14462573822682506,0.04356788336969994,0.2626321506969047,15.047713799376462
94.65123271942139,-0.13964328706857987,0.04491305098818059,0.25380310999574807,14.541847030050961
94.684565782547,-0.13643326310537848,0.045744788374327404,0.24758021318377696,14.185301306379602
94.75123500823975,-0.131843242019858,0.04689383323164103,0.23878321387878731,13.681270373824177
94.78453826904297,-0.1284657419181227,0.04772387009487819,0.23316245593175555,13.35922466579464
94.85123443603516,-0.12373451689033371,0.04884247829446438,0.22453715012272024,12.865031045927244
94.88459086418152,-0.12087636789344186,0.04948057857711155,0.21836478908070145,12.511380808588596
94.95131993293762,-0.11617614645665553,0.050524128721366794,0.20749649120172498,11.88867320963226
94.98465013504028,-0.1129210336442117,0.051215414626287,0.19965031587175686,11.439120477905421
95.05127453804016,-0.10847599727917631,0.05210339606876572,0.18825768572740564,10.786370853080578
95.0847499370575,-0.105326236392157,0.05270652536121674,0.18221424910389494,10.440107440798624
95.15125060081482,-0.10089878518139576,0.05351336402331697,0.17336031067582924,9.932814136801763
95.18455052375793,-0.0978741565858882,0.054042514062657296,0.16763272704019272,9.604647767671596
95.25142359733582,-0.09318143778351157,0.05484213168064501,0.15879890790311668,9.098507214135239
95.2845470905304,-0.09068343294054727,0.055218803955349505,0.15320652797504852,8.778087446823259
95.35130429267883,-0.08646521097152458,0.05586557554213819,0.14535968362070273,8.328496382823188
95.38457012176514,-0.08395903103696635,0.05621906755568563,0.14068975693965324,8.060929293363516
95.45154094696045,-0.07965776873306568,0.05683473755058691,0.13352132123890526,7.650208181999751
95.48460865020752,-0.07727827173560325,0.05713953432608006,0.12849040865145334,7.361958123639516
95.55129075050354,-0.07315132671503694,0.057677396029660224,0.1214658285225263,6.959479329400533
95.58485078811646,-0.07022625816166853,0.058043281048627174,0.1160166695588698,6.647265518887134
95.65156865119934,-0.06532869005607285,0.05863999850195467,0.10792124042284446,6.183431596045644
95.68456482887268,-0.06202071757345002,0.05901148628960415,0.1022760892237149,5.8599882576223035
95.75158715248108,-0.057708288230476815,0.05944279291685081,0.09366630508565921,5.366683963993031
95.78458046913147,-0.0547830736803275,0.05971535089703118,0.08723766060314198,4.998349767154731
95.85121250152588,-0.04994484895646352,0.06015266324328723,0.07781638860778317,4.458550644175876
95.88455033302307,-0.046477936681764115,0.06043812161981963,0.07201837238981001,4.12634878533761
95.9513828754425,-0.041799147473999314,0.060770630698358426,0.0640061555498308,3.667282575863156
95.98470306396484,-0.03902251271319799,0.060934396807487724,0.059324446122649206,3.3990403847790405
96.05137705802917,-0.034701492561304975,0.06118158162323444,0.05183430434316306,2.969886872859876
96.0846574306488,-0.03151842063370023,0.061355286305487665,0.04646871801305786,2.66246142153176
96.15137481689453,-0.02661189295571011,0.061594395968635376,0.03756516761744378,2.152325561181039
96.18460011482239,-0.023163207656392938,0.06173665422716161,0.03129502797926343,1.7930730229556198
96.25132536888123,-0.01877248505419455,0.061857532008982724,0.021806961247018218,1.2494468434594865
96.28485131263733,-0.015427780978198783,0.06193987454525224,0.01588709740180328,0.9102636298365838
