time_s,x_m,y_m,yaw_rad,yaw_deg
0.03605365753173828,0.0,0.0,0.0,0.0
0.07589530944824219,0.0,0.0,0.0,0.0
0.13611412048339844,0.00033388717537861365,1.12607780370299e-06,0.006745233824132724,0.38647342995169365
0.17600750923156738,0.002003273206011525,1.5201910259078242e-05,0.010117850736198752,0.5797101449275214
0.23605966567993164,0.0038395162471406767,3.842668983227663e-05,0.015176776104298462,0.8695652173913011
0.2759377956390381,0.006510249066872304,8.346775263686108e-05,0.01854939301636449,1.062801932367129
0.3359334468841553,0.00884691100439003,0.00013470028611029623,0.025294626840497436,1.4492753623188352
0.3760263919830322,0.011350109785774085,0.00020436749234741414,0.030353552208596923,1.7391304347826022
0.43593835830688477,0.014019703389622197,0.00029443681022069037,0.03709878603272987,2.1256038647343085
0.47594475746154785,0.016521905433762328,0.00039364663357578395,0.042157711400829356,2.4154589371980757
0.5359373092651367,0.01935712931688987,0.0005204291805767022,0.047216636768929066,2.7053140096618553
0.5749969482421875,0.02169116005858301,0.0006425532140980576,0.057334487505127596,3.285024154589364
0.63604736328125,0.024690626182337746,0.0008248661347740674,0.06407972132926076,3.671497584541083
0.6759688854217529,0.027855177849415207,0.0010413273989206828,0.07251126360942628,4.154589371980678
0.7360696792602539,0.03085074635975529,0.001279244040737362,0.08600173125769195,4.927536231884078
0.7761285305023193,0.034176310824335455,0.0015772581096133286,0.09274696508182423,5.314009661835747
0.8360273838043213,0.03716645195591844,0.001875739334835173,0.10623743273008968,6.0869565217391335
0.8759617805480957,0.04048468481761007,0.0022465790157199204,0.11635528346628865,6.666666666666668
0.9359543323516846,0.04396435209669784,0.0026741262505284163,0.12815944265852064,7.342995169082116
0.9759581089019775,0.04777133263635189,0.003174508392869098,0.13321836802662013,7.632850241545882
1.0359792709350586,0.05107835339536567,0.0036347312658145566,0.1433362187628191,8.212560386473417
1.0760257244110107,0.05421424245125531,0.004111640650949117,0.15851299486711756,9.082125603864718
1.1359336376190186,0.058168524612641034,0.0047574333379166375,0.1652582286912505,9.468599033816425
1.175981044769287,0.06096346527923727,0.005250256786916978,0.18380762170761544,10.531400966183579
1.2360291481018066,0.06457093450251217,0.005939805471965112,0.19392547244381442,11.111111111111112
1.275970697402954,0.06767869541655937,0.006574679344163947,0.20910224854811288,11.980676328502414
1.3360538482666016,0.07126757062243062,0.007355247305721339,0.21922009928431185,12.560386473429947
1.3759617805480957,0.07435828020329054,0.008068519357088091,0.23439687538861043,13.429951690821255
1.4359338283538818,0.07743780908774747,0.008828614471054836,0.24957365149290867,14.299516908212544
1.4759819507598877,0.08082985612146804,0.0097145591263087,0.26137781068514065,14.975845410627992
1.5359549522399902,0.0834043324842759,0.01042653802281654,0.2782408952454726,15.942028985507232
1.5759692192077637,0.08741256074328496,0.011589790048714181,0.28667243752563865,16.42512077294686
1.6359796524047852,0.09060875060244918,0.01255548243115473,0.3001629051739041,17.198067632850247
1.6759130954742432,0.09363328569628376,0.013511217854083483,0.3119670643661365,17.87439613526572
1.7353756427764893,0.09776207966254936,0.014850435476000873,0.315339681278203,18.067632850241573
1.7759454250335693,0.10093105410317678,0.015902002111063164,0.325457532014402,18.647342995169108
1.8359692096710205,0.10440704923586636,0.017088075221560195,0.3322027658385345,19.033816425120786
1.875903606414795,0.10771440158753161,0.01825096018280093,0.3440069250307669,19.710144927536263
1.935973882675171,0.11132366822984634,0.019561180554474693,0.35243846731093276,20.193236714975875
1.975965976715088,0.11460681326434619,0.02079074946006034,0.36424262650316475,20.869565217391322
2.03599214553833,0.11772059495099646,0.02199596935751013,0.37436047723936383,21.449275362318865
2.0759739875793457,0.1205081108261499,0.023118373150431144,0.39122356179969575,22.415458937198103
2.136035203933716,0.12405151373172205,0.0245974874010757,0.3996551040798617,22.898550724637722
2.1759119033813477,0.1268097501450866,0.025790033801256697,0.4165181886401932,23.86473429951694
2.235994815826416,0.13000983947818295,0.027221923905750185,0.42494973092035926,24.347826086956566
2.275966167449951,0.13334825728460215,0.028753027473673927,0.4350675816565581,24.927536231884094
2.3359813690185547,0.13636894429951393,0.030175574960146993,0.4451854323927571,25.50724637681163
2.375880718231201,0.13952667606801572,0.03169860190979031,0.45361697467292317,25.990338164251256
2.4360127449035645,0.1426714542802091,0.03324819895652845,0.462048516953089,26.473429951690868
2.4759838581085205,0.1461042090515813,0.034968570369130716,0.4671074423211886,26.76328502415464
2.5360352993011475,0.14922510811060533,0.03656571471906481,0.4789116015134205,27.43961352657008
2.5760135650634766,0.1523296880339392,0.03819435357122845,0.48734314379358645,27.922705314009704
2.635990619659424,0.1557178331818107,0.0400009956427612,0.49240206916168594,28.21256038647347
2.675870895385742,0.15850405275664586,0.04151698482916217,0.5042062283539179,28.888888888888918
2.736161947250366,0.16127218365824336,0.04306575661483619,0.5160103875461504,29.56521739130439
2.7759783267974854,0.1637300132315173,0.044484785180588085,0.5311871636504489,30.4347826086957
2.8360414505004883,0.1665973520212748,0.04619550422767894,0.5446776312987144,31.207729468599087
2.8759498596191406,0.1695881885280519,0.04802465102355749,0.5531091735788801,31.690821256038696
2.936054229736328,0.17227730078248882,0.04970688704014857,0.5649133327711127,32.367149758454175
2.9760801792144775,0.17480452161558468,0.051332676045327506,0.5784038004193781,33.14009661835756
3.036125421524048,0.1780107843485289,0.05344534317599663,0.5868353426995441,33.62318840579718
3.0760583877563477,0.1802224625796155,0.05494311548641936,0.603698427259876,34.589371980676425
3.1361379623413086,0.1829615525089268,0.056852455098031905,0.6138162779960749,35.16908212560395
3.175980806350708,0.18527185040684108,0.058500815466571196,0.6256204371883074,35.84541062801943
3.236036539077759,0.1878320220453655,0.06037345101941481,0.6374245963805399,36.52173913043491
3.2760183811187744,0.19077248680142544,0.06257412787081656,0.6475424471167388,37.101449275362434
3.336060047149658,0.19355969077306967,0.06470071552045509,0.6559739893969048,37.58454106280206
3.3759617805480957,0.19606185069716137,0.06665018684539135,0.6677781485891369,38.26086956521751
3.436044216156006,0.19853748445512928,0.06863323506187223,0.6829549246934353,39.13043478260881
3.4760565757751465,0.20111680677352003,0.0707534444315287,0.6930727754296342,39.71014492753634
3.536107063293457,0.2038005313995736,0.07300921550649568,0.7048769346218662,40.386473429951785
3.576054096221924,0.2065900139695701,0.07539837824218654,0.7116221684459987,40.77294685990347
3.6360883712768555,0.2092353195722588,0.07769908232562037,0.7200537107261646,41.25603864734309
3.67598032951355,0.2116075079516642,0.07980478055307194,0.7318578699183965,41.932367149758534
3.736011028289795,0.21370438326797275,0.08171728733463748,0.7470346460226951,42.80193236714984
3.776165008544922,0.21626657377549952,0.08411020622467183,0.755466188302861,43.28502415458946
3.836088180541992,0.21880442235419828,0.0865289260519235,0.767270347495093,43.96135265700491
3.875958204269409,0.2209533275990381,0.08862945962159015,0.7807608151433585,44.734299516908294
3.9359495639801025,0.22343337236861444,0.09110741421198139,0.7891923574235244,45.21739130434791
3.975986957550049,0.2254172096288552,0.09313693583210779,0.8043691335278229,46.08695652173922
4.035984992980957,0.2277207523214763,0.09555393447848753,0.8144869842640219,46.66666666666675
4.076030254364014,0.22999972269293736,0.09799411591422752,0.8246048350002209,47.24637681159428
4.135963439941406,0.23214315139202102,0.10033226820704844,0.8330363772803868,47.7294685990339
4.175980567932129,0.2342667899060808,0.10268840958525133,0.8414679195605528,48.21256038647353
4.236110687255859,0.23659192909184265,0.10531226338795797,0.8498994618407187,48.695652173913146
4.276020526885986,0.23856013481740806,0.10758299041920764,0.8633899294889841,49.468599033816524
4.336004734039307,0.2405014000205763,0.10987679172698543,0.8735077802251832,50.04830917874406
4.375957727432251,0.24263246434969177,0.1124471528336201,0.8836256309613821,50.6280193236716
4.43595814704895,0.24452691859752237,0.11477976470263547,0.8937434816975811,51.20772946859913
4.476001262664795,0.24660553711321084,0.11739272020542627,0.9038613324337801,51.787439613526665
4.5360260009765625,0.24844840472114163,0.11976629851848775,0.9173518000820455,52.56038647343006
4.576282262802124,0.25016040070862733,0.12202984397208753,0.9291559592742775,53.2367149758455
4.63606858253479,0.25184170555258417,0.12431627838036756,0.944332735378576,54.106280193236806
4.6759843826293945,0.2537855336677678,0.12703100187493377,0.954450586114775,54.68599033816434
4.7361719608306885,0.2554123961361877,0.12935648823062923,0.966254745307007,55.36231884057979
4.776002407073975,0.2574897456529669,0.1323853379415038,0.9729999791311394,55.74879227053147
4.836059093475342,0.25916844046620924,0.13487773011622045,0.9831178298673384,56.328502415459
4.875988721847534,0.2606343586446056,0.13711064892038177,0.9966082975156039,57.10144927536239
4.936266660690308,0.2623414626512197,0.13978404351210977,1.0084124567078359,57.777777777777835
4.975987911224365,0.26401689128434047,0.1424774023125294,1.0202166159000678,58.45410628019329
5.036292552947998,0.2656649836232488,0.14518757470094135,1.0286481581802338,58.937198067632906
5.0760087966918945,0.2673732844537197,0.14805635487131721,1.0387660089164328,59.51690821256044
5.136245250701904,0.26897082409307815,0.15079663037446617,1.0471975511965987,60.00000000000006
5.1759302616119385,0.2707109265124328,0.15384013568599436,1.0556290934767647,60.483091787439676
5.236093044281006,0.27234121260261646,0.1567539576876757,1.0657469442129637,61.062801932367215
5.275953054428101,0.27394193413350454,0.15968412525521852,1.0758647949491627,61.64251207729475
5.336264610290527,0.27527093952236675,0.1621917761396232,1.0910415710534611,62.51207729468605
5.375953435897827,0.2767183551624517,0.16501422732561663,1.102845730245693,63.188405797101495
5.436289310455322,0.27828648584307697,0.16814980497249876,1.111277272525859,63.671497584541115
5.4765942096710205,0.279828123341861,0.17129849276799192,1.119708814806025,64.15458937198073
5.536309242248535,0.28126847428319995,0.1743107312311804,1.129826665542224,64.73429951690827
5.5759618282318115,0.28268337651188036,0.17733500685959194,1.1365718993663565,65.12077294685996
5.636046886444092,0.2840727294418177,0.18037110465600803,1.1466897501025555,65.70048309178749
5.67596173286438,0.28543129299749553,0.1834211040754363,1.1568076008387544,66.28019323671502
5.73600959777832,0.2866215133553621,0.18618034500879382,1.17029806848702,67.0531400966184
5.775981903076172,0.2877125630741308,0.1888003027933495,1.1821022276792519,67.72946859903385
5.836057424545288,0.2890930033222771,0.19220378576043254,1.1888474615033844,68.11594202898554
5.875935792922974,0.2900087209200464,0.19453451932304372,1.2040242376076828,68.98550724637684
5.936208724975586,0.2911286981374527,0.1975021604342581,1.2158283967999148,69.66183574879229
5.976072311401367,0.2922785986337501,0.20063679282768848,1.2225736306240473,70.04830917874396
6.036232948303223,0.2935796853183592,0.20424936207364208,1.2276325559921468,70.33816425120773
6.075962066650391,0.2946292959308306,0.20724261453453918,1.2394367151843788,71.01449275362319
6.1361236572265625,0.29559252250627355,0.21008905610129505,1.2495545659205778,71.59420289855072
6.17594313621521,0.2965762680662269,0.2131045970819071,1.2613587251128098,72.27053140096616
6.235997915267944,0.2976829090822497,0.21660669034845245,1.2681039589369423,72.65700483091784
6.276005506515503,0.298667448702445,0.21979712497865467,1.2748491927610748,73.04347826086952
6.336213111877441,0.2995244371947605,0.22267733430310221,1.2883396604093402,73.81642512077292
6.3759925365448,0.3003956586088212,0.22572728774211742,1.2967712026895062,74.29951690821254
6.436311721801758,0.3012829185626447,0.22894613243667297,1.3068890534257052,74.87922705314007
6.476072788238525,0.3022751486825513,0.23265543998752752,1.3119479787938046,75.16908212560384
6.5362794399261475,0.30298075936939584,0.23540438193676724,1.327124754898103,76.03864734299513
6.576145887374878,0.30386086950135716,0.238970152224033,1.3304973718101696,76.23188405797099
6.6360695362091064,0.3046390861726015,0.24221708465417788,1.3406152225463686,76.81159420289852
6.67598295211792,0.30554664355086114,0.2461196139893089,1.343987839458435,77.00483091787437
6.73611855506897,0.3061638314466776,0.24888974889269136,1.3591646155627335,77.87439613526568
6.775146245956421,0.3067072853655398,0.2515049927302337,1.372655083210999,78.64734299516907
6.83619236946106,0.30724481841687357,0.25429168010064385,1.3878318593152974,79.51690821256037
6.876147031784058,0.3078356971138996,0.2575778714764968,1.3979497100514964,80.0966183574879
6.936322927474976,0.3083025775119119,0.2603772626559557,1.4131264861557948,80.9661835748792
6.9759521484375,0.3087821307653295,0.26351274848906286,1.4249306453480268,81.64251207729465
7.036253929138184,0.3091480782702518,0.2661586745869294,1.4417937299083583,82.60869565217386
7.0759618282318115,0.3096388292068805,0.2699669086443205,1.4434800383643913,82.70531400966178
7.136526823043823,0.30997781259708324,0.27278464861508533,1.4586568144686898,83.57487922705307
7.176002025604248,0.3103194767386136,0.2759381400685177,1.4670883567488557,84.0579710144927
7.236273765563965,0.3106483211489315,0.27926079755118594,1.4772062074850547,84.63768115942024
7.276396036148071,0.3109089622588619,0.28225447442760554,1.4906966751333202,85.41062801932362
7.336390018463135,0.3111193460464138,0.2850847229932999,1.5025008343255521,86.08695652173907
7.375115633010864,0.31133034534306103,0.2884169400765858,1.5126186850617511,86.6666666666666
7.436347246170044,0.3115076195398707,0.2917511214232546,1.52273653579795,87.24637681159413
7.476022481918335,0.31164130192604034,0.29492024933990735,1.534540694990182,87.92270531400959
7.5360822677612305,0.31173756697710103,0.2980907344403964,1.546344854182414,88.59903381642503
7.576003789901733,0.3117964012798131,0.30126213496024606,1.558149013374646,89.27536231884048
7.636044979095459,0.31182173783527056,0.30460092957092305,1.568266864110845,89.85507246376801
7.675955533981323,0.3118110400961329,0.3077728577370164,1.580071023303077,90.53140096618347
7.73604941368103,0.3117629022378165,0.31077747381485255,1.5935614909513425,91.30434782608685
7.775986433029175,0.31167198373692795,0.31394811673998196,1.6053656501435745,91.9806763285023
7.836270570755005,0.3115436456655015,0.3171174655803436,1.6171698093358065,92.65700483091774
7.876220464706421,0.3113610145426252,0.3207857018675643,1.623915043159939,93.04347826086942
7.936275243759155,0.3111668753116257,0.32411894373582356,1.634032893896138,93.62318840579697
7.975994348526001,0.3109477459196195,0.3272833117678385,1.64583705308837,94.29951690821241
8.036251544952393,0.31068058782717073,0.33061149715134247,1.655954903824569,94.87922705313994
8.075963258743286,0.31041774385063986,0.3334373565472929,1.6711316799288674,95.74879227053124
8.13619613647461,0.3100720946437948,0.3367583079198872,1.6778769137529999,96.13526570048292
8.175960540771484,0.30971448166444937,0.33991003057416425,1.6896810729452323,96.8115942028984
8.236144781112671,0.3093379556367066,0.3428913496075838,1.7031715405934977,97.58454106280179
8.275985717773438,0.30890074390740807,0.34603301932864655,1.7149756997857297,98.26086956521723
8.33621072769165,0.3083824022850424,0.3495003241859769,1.7234072420658957,98.74396135265685
8.376036643981934,0.30786369971296845,0.3527986781747192,1.7301524758900282,99.13043478260853
8.436071395874023,0.3072927972960464,0.3562577172669377,1.7385840181701941,99.61352657004815
8.476022481918335,0.30674462862232915,0.35938193778374394,1.7503881773624261,100.28985507246361
8.535579681396484,0.30604919230093225,0.36315815963111436,1.7554471027305256,100.57971014492738
8.575945377349854,0.30539098673793197,0.36660165298060393,1.7638786450106916,101.062801932367
8.63635516166687,0.3047944929530382,0.3695468575903346,1.777369112658957,101.83574879227038
8.675935506820679,0.30409314063647425,0.37281125589957614,1.787486963395156,102.41545893719791
8.736176013946533,0.3032853616324155,0.37639410457995987,1.797604814131355,102.99516908212544
8.776265621185303,0.30251810002556356,0.37964364316566396,1.8077226648675537,103.57487922705296
8.836029529571533,0.3017554086642844,0.382722530078155,1.8195268240597864,104.25120772946845
8.876058340072632,0.3009171007016969,0.38595446930301536,1.8296446747959854,104.830917874396
8.93613886833191,0.30000544163212817,0.3893396958466928,1.8380762170761513,105.31400966183561
8.976072788238525,0.29915481253058324,0.3923954564498949,1.8465077593563173,105.79710144927523
9.03602385520935,0.29814305257928325,0.3959261296699584,1.8532529931804502,106.18357487922694
9.0762300491333,0.2971075006086791,0.39944989806503006,1.8599982270045832,106.57004830917865
9.136104822158813,0.29619009284536074,0.40248627843123613,1.8684297692847491,107.05314009661826
9.175964593887329,0.2951478559706925,0.40583360920488676,1.876861311564915,107.53623188405788
9.236029148101807,0.2939878264787693,0.4094939117464188,1.878547620020948,107.6328502415458
9.27627182006836,0.29291177573572247,0.4128305261696825,1.886979162301114,108.11594202898542
9.335990190505981,0.29186288140832617,0.41600038611663315,1.893724396125247,108.50241545893712
9.375999927520752,0.2906856044827847,0.4194793702537795,1.90046962994938,108.88888888888883
9.435993909835815,0.2896984125374068,0.42231758925371177,1.910587480685579,109.46859903381636
9.475956916809082,0.28856968186831206,0.42545990662628486,1.920705331421778,110.04830917874389
9.536433696746826,0.28746974741068,0.4284350346775449,1.9291368737019439,110.53140096618351
9.575936079025269,0.28633976786525706,0.431398881664048,1.9409410328941759,111.20772946859897
9.6360445022583,0.2851748821343819,0.43434918401575384,1.9527451920864083,111.88405797101444
9.675912141799927,0.2839802058186845,0.43728754941733144,1.9611767343665742,112.36714975845406
9.736069679260254,0.2826992172272391,0.4403709338601009,1.9679219681907067,112.75362318840574
9.7761390209198,0.2813922767905793,0.4434434081217268,1.9780398189269057,113.33333333333327
9.836232662200928,0.28005431694411087,0.44650250191606666,1.988157669663105,113.91304347826082
9.876015186309814,0.27869061208268847,0.44955020604282536,1.9949029034872376,114.29951690821251
9.936339855194092,0.27750313813549776,0.45212789374819695,2.010079679591536,115.16908212560381
9.97601842880249,0.27606786880285983,0.4551425568033523,2.020197530327735,115.74879227053135
10.036121129989624,0.27460217154410804,0.45814254395982745,2.030315381063934,116.32850241545889
10.07593297958374,0.27289048865096555,0.46157963936016194,2.0353743064320335,116.61835748792265
10.136080980300903,0.2714478345898875,0.46440452732122045,2.050551082536332,117.48792270531395
10.175964832305908,0.27011882920102487,0.4669121782056252,2.0657278586406305,118.35748792270525
10.23635220527649,0.2686737348239624,0.4695468958887896,2.0792183262888955,119.13043478260862
10.275991201400757,0.267028728850301,0.472452433143747,2.0927087939371605,119.90338164251197
10.336004972457886,0.26543118921094294,0.4751927086468959,2.104512953129393,120.57971014492745
10.376024007797241,0.263801414972333,0.4779139360654778,2.1163171123216253,121.25603864734292
10.436533451080322,0.2622249378411668,0.4804722079203646,2.1298075799698903,122.02898550724629
10.476080179214478,0.2603531108920058,0.48343651979389307,2.138239122250056,122.51207729468588
10.536184310913086,0.2584513877989873,0.4863817413965275,2.1500432814422883,123.18840579710135
10.575958251953125,0.2566994469632642,0.4890259702142749,2.1618474406345207,123.86473429951683
10.636096239089966,0.2548249012586844,0.491788988454311,2.1719652913707197,124.44444444444436
10.67595362663269,0.2526451241140502,0.494950009605364,2.177024216738819,124.73429951690812
10.736084699630737,0.2506354704765905,0.497822669221223,2.1854557590189847,125.21739130434773
10.776071071624756,0.2486962229841916,0.5005406667481814,2.1955736097551837,125.79710144927526
10.836248874664307,0.24672957492812825,0.5032389044724951,2.2056914604913826,126.37681159420279
10.876013994216919,0.244643155091192,0.5060563027892376,2.210750385859482,126.66666666666656
10.936176538467407,0.2426357845464797,0.5087243835394308,2.220868236595681,127.24637681159409
10.975950002670288,0.24100124018699007,0.5108369902772296,2.237731321156013,128.21256038647334
11.036261796951294,0.23882100480174356,0.5135824328055053,2.2461628634361785,128.69565217391292
11.075926542282104,0.23692655055391254,0.5159150446745207,2.2596533310844444,129.46859903381633
11.136035442352295,0.23479115483516744,0.5184818084964751,2.2697711818206434,130.04830917874386
11.175947666168213,0.23294862110700112,0.5206404279030057,2.284947957924942,130.91787439613518
11.236037731170654,0.23074899007441513,0.5231523623595177,2.295065808661141,131.4975845410627
11.275994300842285,0.22863330998524886,0.5255156525433053,2.3068699678533733,132.1739130434782
11.336043357849121,0.2262642572125777,0.5280999261301075,2.3186741270456057,132.85024154589365
11.3759925365448,0.2240933785615505,0.5304126147418734,2.330478286237838,133.52657004830914
11.436038494110107,0.22224078609808895,0.532336866195311,2.343968753886103,134.2995169082125
11.475947856903076,0.2201276061777149,0.5344733365678471,2.357459221534369,135.0724637681159
11.536078691482544,0.21786868477101817,0.5367001093022868,2.3692633807266015,135.74879227053137
11.575949668884277,0.2158208512152622,0.5386650383110806,2.3844401568309,136.61835748792268
11.636064529418945,0.2134990312543999,0.5408261479338952,2.3996169329351984,137.487922705314
11.675934314727783,0.2110264357042862,0.5430699087586907,2.4097347836713974,138.06763285024152
11.736053705215454,0.20853126506423628,0.5452885378106868,2.4198526344075963,138.64734299516905
11.775888919830322,0.20601377476494365,0.5474818079687603,2.4299704851437953,139.2270531400966
11.83606767654419,0.20359946468235468,0.5495390754665804,2.4417746443360273,139.90338164251202
11.876014947891235,0.20128775764278298,0.5514589831705573,2.4552651119842936,140.67632850241546
11.9361412525177,0.19895036128978422,0.5533475311094731,2.4687555796325595,141.44927536231887
11.976097106933594,0.19645809557204394,0.5553096356746422,2.480559738824792,142.12560386473436
12.036041975021362,0.19355136735247408,0.5575546841470549,2.487304972648925,142.51207729468607
12.075920104980469,0.19076416338082994,0.5596812717966932,2.4923638980170244,142.80193236714982
12.136129379272461,0.18809439105625683,0.5616863920245777,2.5024817487532234,143.38164251207735
12.175992250442505,0.18553738089750088,0.5635633421519117,2.514285907945456,144.05797101449284
12.23611068725586,0.18282429731459465,0.5655094585064739,2.524403758681655,144.63768115942037
12.2759428024292,0.18009166242207653,0.5674280251426688,2.5345216094178538,145.2173913043479
12.336263179779053,0.17733975595986212,0.5693188456567718,2.5446394601540527,145.79710144927543
12.37601089477539,0.17429522987168966,0.5713731514967979,2.5513846939781857,146.18357487922714
12.436208248138428,0.1716524791499936,0.573127321202229,2.559816236258351,146.66666666666674
12.47594404220581,0.1688536305013596,0.574947935833436,2.5699340869945497,147.24637681159425
12.536039113998413,0.16548035207429723,0.5771099691957853,2.573306703906616,147.4396135265701
12.57591438293457,0.16321703172538127,0.5785284978313482,2.590169788466948,148.40579710144934
12.636354446411133,0.1600821598530222,0.5804421043556415,2.596915022291081,148.79227053140104
12.675918579101562,0.15764369670820305,0.5818941600615413,2.6120917983953795,149.66183574879236
12.736067771911621,0.15446763133416858,0.5837385896009346,2.6188370322195125,150.04830917874406
12.776007652282715,0.15156626435107196,0.5853909397523019,2.6289548829557114,150.6280193236716
12.836002588272095,0.14864832792753457,0.587013850230893,2.639072733691911,151.20772946859915
12.875956773757935,0.14585955589002336,0.588525138838431,2.6508768928841433,151.8840579710146
12.93624758720398,0.14290674597126407,0.5900836974600451,2.660994743620342,152.46376811594212
12.976686000823975,0.1397912512074599,0.591691358303586,2.6694262859005073,152.94685990338172
13.036085605621338,0.13622297167770192,0.5935136581702108,2.6694262859005073,152.94685990338172
13.075988531112671,0.13279896402647087,0.5952513735444844,2.674485211268607,153.2367149758455
13.13602328300476,0.12921544671574875,0.59704352289377,2.68123044509274,153.6231884057972
13.175943374633789,0.126365458917097,0.5984359352895845,2.693034604284972,154.29951690821267
13.236092805862427,0.12289859640366867,0.6000864950221176,2.7014661465651377,154.78260869565227
13.275984764099121,0.119720606250319,0.6015667853978062,2.7098976888453032,155.26570048309185
13.336035966873169,0.11622909378444049,0.6031645412672341,2.7149566142134027,155.55555555555563
13.37622880935669,0.11302900445134406,0.6045964313717272,2.726760773405635,156.23188405797111
13.436054229736328,0.10996429732538307,0.6059214829274838,2.7402512410539,157.00483091787447
13.475969552993774,0.10657854495098515,0.6073448565415377,2.746996474878033,157.39130434782618
13.53598141670227,0.10348765375947033,0.6086076245469704,2.760486942526298,158.16425120772954
13.575035810470581,0.0999198134028201,0.6100267786285037,2.7655458678943976,158.4541062801933
13.636017560958862,0.09742716569805077,0.6109867525404611,2.7824089524547295,159.42028985507253
13.675929546356201,0.09382681883870589,0.612321288268752,2.790840494734895,159.90338164251213
13.736001014709473,0.09099787768411485,0.6133347609977681,2.804330962383161,160.67632850241554
13.776142597198486,0.08784153659217911,0.6144236605820671,2.81444881311936,161.25603864734308
13.835980653762817,0.08498945959561449,0.6153700705536228,2.827939280767626,162.0289855072465
13.876116275787354,0.081492062781334,0.616491465715636,2.8346845145917587,162.4154589371982
13.936046600341797,0.07798533530417687,0.6175833329176689,2.8448023653279577,162.99516908212573
13.97595763206482,0.0751073029118754,0.6184476040426419,2.8549202160641567,163.57487922705326
14.036120414733887,0.07237905542364495,0.6192294185504642,2.870096992168455,164.44444444444457
14.075987577438354,0.06963925716594563,0.6199697386088098,2.8852737682727536,165.31400966183588
14.136040449142456,0.06704979263390129,0.6206251132566359,2.902136852833085,166.2801932367151
14.175049781799316,0.06396396451388775,0.6213592164824927,2.9139410120253175,166.95652173913055
14.235826969146729,0.06086968610810209,0.62205684380418,2.92574517121755,167.63285024154604
14.275981426239014,0.05809295274595619,0.6226436317703353,2.9409219473218484,168.50241545893732
14.335984230041504,0.05449021672085477,0.6233574978077431,2.9510397980580474,169.08212560386485
14.37597393989563,0.05202784662623067,0.6238131195542043,2.9662165741623454,169.95169082125614
14.436033010482788,0.04857323931305568,0.6244102538128934,2.974648116442511,170.43478260869574
14.476041555404663,0.04544233598334019,0.6249188667034642,2.9864522756347434,171.1111111111112
14.536015272140503,0.04247036039134286,0.625363159522635,2.9999427432830092,171.8840579710146
14.576009511947632,0.0394926616980977,0.6257673197889202,3.013433210931275,172.65700483091803
14.636054754257202,0.03634439130273287,0.6261541482394615,3.0252373701235076,173.3333333333335
14.675952672958374,0.03319177416337496,0.6265037879184278,3.03704152931574,174.00966183574897
14.735540390014648,0.030201133952051623,0.6267972264213785,3.050531996964006,174.78260869565239
14.77599048614502,0.026874583315460998,0.6270840229616759,3.060649847700205,175.36231884057992
14.836099624633789,0.024044158369832314,0.6272920203386843,3.0758266238045033,176.23188405797123
14.876040697097778,0.020711081375682894,0.6274889699373171,3.0893170914527683,177.00483091787459
14.936034917831421,0.01720929410648822,0.6276573947943022,3.097748633732934,177.4879227053142
14.976066589355469,0.013872700790953596,0.6277812351756684,3.1112391013811997,178.2608695652176
15.036173105239868,0.010701702750809616,0.6278587862032784,3.123043260573432,178.93719806763306
15.075999975204468,0.007029257138090189,0.6279083322177147,3.133161111309631,179.5169082125606
15.136109590530396,0.0036903853843081313,0.6279195929957541,3.14327896204583,180.09661835748815
15.176016330718994,0.00018465104309747793,0.6278929896125234,3.1550831212380626,180.7729468599036
15.236416816711426,-0.0028197353970760286,0.627832185445749,3.1685735888863285,181.54589371980703
15.27594518661499,-0.006156912513017365,0.6277252261536537,3.1786914396225274,182.12560386473456
15.335551977157593,-0.008157851950934242,0.6276272962430766,3.2022997580069923,183.4782608695655
15.37600064277649,-0.011322403618011706,0.6274108349789299,3.2174765341112908,184.34782608695681
15.436035633087158,-0.01415057923778934,0.6271742109197614,3.232653310215589,185.2173913043481
15.475975513458252,-0.017806994951332367,0.6268278935570956,3.2393985440397213,185.60386473429978
15.536067962646484,-0.02079558783226479,0.626514289315038,3.252889011687987,186.3768115942032
15.576027393341064,-0.023779678226693524,0.6261603973167222,3.266379479336253,187.1497584541066
15.636051177978516,-0.02742233689028492,0.6256909833773383,3.273124713160385,187.53623188405825
15.675968170166016,-0.030729357649298683,0.6252307605043929,3.286615180808651,188.30917874396167
15.736050367355347,-0.03403071559597326,0.6247315340014327,3.29673303154485,188.8888888888892
15.776071548461914,-0.03666617395194921,0.6242965607313966,3.313596116105181,189.85507246376838
15.836063385009766,-0.03995286236152307,0.6237084530102253,3.32371396684138,190.4347826086959
15.875964879989624,-0.04389203845753403,0.6229761366229953,3.327086583753447,190.6280193236718
15.936075687408447,-0.04717049418742833,0.6223437447978966,3.337204434489646,191.20772946859933
15.9759681224823,-0.04978619531078568,0.621802496125845,3.354067519049977,192.1739130434785
16.036059141159058,-0.05239239784827393,0.6212172177089177,3.370930603610308,193.14009661835772
16.076070070266724,-0.05596617741020901,0.6203702163933198,3.37767583743444,193.52657004830937
16.136023998260498,-0.05920846021774265,0.6195728497340606,3.387793688170639,194.1062801932369
16.17603826522827,-0.06244250956978939,0.6187427195142438,3.397911538906838,194.68599033816443
16.23617959022522,-0.06583003128896373,0.617839626156242,3.4063430811870035,195.16908212560404
16.27603006362915,-0.06888793374879124,0.6169967292001098,3.414774623467169,195.6521739130436
16.33605456352234,-0.07242115488022963,0.6159939031821565,3.421519857291301,196.0386473429953
16.375940322875977,-0.07530352270873122,0.6151442028056627,3.435010324939567,196.8115942028987
16.436062335968018,-0.07897632020586295,0.6140243627890798,3.4400692503076664,197.10144927536246
16.476005792617798,-0.08264340554174118,0.6128859567731691,3.445128175675766,197.39130434782624
16.536056756973267,-0.0861445644945106,0.6117763633461122,3.451873409499898,197.77777777777789
16.576082944869995,-0.08899981714277688,0.6108395777019204,3.465363877148164,198.5507246376813
16.636061906814575,-0.09263693692252051,0.6096087881888543,3.4704228025162633,198.84057971014505
16.676012754440308,-0.09579143730700804,0.6085145675906213,3.4805406532524623,199.42028985507258
16.73631501197815,-0.09925319000242633,0.60728754686476,3.4839132701645283,199.61352657004844
16.776050806045532,-0.10286685498088496,0.6059895065953013,3.488972195532628,199.9033816425122
16.836108446121216,-0.10600051671674607,0.6048369635294988,3.499090046268827,200.48309178743972
16.87599205970764,-0.10927949622209973,0.6035963288473234,3.507521588548993,200.96618357487938
16.93607759475708,-0.11270465607741534,0.6022705869601287,3.5142668223731253,201.35265700483103
16.975940704345703,-0.11612079564254882,0.6009217719033259,3.5210120561972573,201.73913043478268
17.03604030609131,-0.11843816468113882,0.599972741662643,3.539561449213622,202.80193236714982
17.076200246810913,-0.1219740395474504,0.5984757206048542,3.5446203745817213,203.09178743961357
17.136217832565308,-0.12519315396970107,0.5970871301873433,3.5530519168618877,203.57487922705323
17.176013469696045,-0.12824658006406325,0.5957362858293223,3.5631697675980867,204.15458937198076
17.236137866973877,-0.13143938465346705,0.5942882251037216,3.571601309878252,204.63768115942034
17.27593231201172,-0.13431470907792642,0.592948914763813,3.5834054690704846,205.31400966183583
17.336216926574707,-0.13687096812861807,0.5917159881855302,3.598582245174783,206.18357487922714
17.375970602035522,-0.13925796152891384,0.5905171950429596,3.615445329735115,207.14975845410638
17.43624997138977,-0.1420718208429312,0.5890531463779909,3.6272494889273474,207.82608695652183
17.47598099708557,-0.14501405082559524,0.5874747059697263,3.6407399565756133,208.59903381642525
17.536052703857422,-0.1476426529266124,0.5860185171004086,3.6542304242238792,209.37198067632866
17.57600164413452,-0.15039762705425705,0.5844464610300067,3.6660345834161117,210.04830917874415
17.63605046272278,-0.15313114336480113,0.5828373832467822,3.68121135952041,210.91787439613543
17.676021814346313,-0.15627565587358525,0.5809396602248351,3.687956593344543,211.30434782608714
17.73604917526245,-0.15868928734383922,0.5794466929085552,3.7031333694488415,212.17391304347845
17.775938987731934,-0.16164568170479782,0.5775623857696744,3.714937528641073,212.85024154589388
17.836153984069824,-0.16415910496089928,0.5759153464367246,3.728427996289339,213.6231884057973
17.87593102455139,-0.1665103540273563,0.5743259452572971,3.7436047723936374,214.49275362318858
17.936047792434692,-0.16924944395666763,0.5724166056456845,3.7570952400419024,215.26570048309193
17.976036548614502,-0.1718284312765059,0.5705699689362603,3.768899399234135,215.94202898550742
18.03621006011963,-0.17465460039934105,0.5684954451113122,3.7807035584263673,216.61835748792288
18.075986862182617,-0.1774560851870435,0.5663877060393646,3.7925077176185997,217.29468599033837
18.13623571395874,-0.17996807528052994,0.5644509178468395,3.804311876810832,217.97101449275385
18.176010847091675,-0.1827226847580318,0.5622822759590211,3.8127434190909977,218.45410628019343
18.236135005950928,-0.1850632624605285,0.5603976722746432,3.8262338867392636,219.22705314009684
18.27603816986084,-0.18724806940116814,0.5585862675948953,3.841410662843562,220.09661835748815
18.336384534835815,-0.18953366641984742,0.5566353495297784,3.854901130491827,220.8695652173915
18.37602972984314,-0.1915417295683663,0.5548739509708793,3.868391598140093,221.64251207729492
18.436036348342896,-0.19389966066364753,0.5527522998020054,3.8801957573323254,222.31884057971038
18.47605323791504,-0.1962360048846062,0.5506069004420555,3.888627299612491,222.80193236715
18.53610920906067,-0.1989223171854138,0.5481022971184815,3.895372533436623,223.18840579710164
18.57598328590393,-0.2008543616219871,0.5462578332975198,3.912235617996954,224.15458937198085
18.636066198349,-0.20360244705280348,0.5435761342870769,3.9172945433650534,224.4444444444446
18.67605686187744,-0.20597828188557155,0.541230158958832,3.9240397771891864,224.8309178743963
18.736057996749878,-0.20833425231291136,0.5388642353043521,3.9341576279253854,225.41062801932384
18.776108741760254,-0.21043297327760538,0.5367135597497998,3.9442754786615843,225.99033816425137
18.836114168167114,-0.21285810475358893,0.5341818373449264,3.95270702094175,226.47342995169097
18.8759925365448,-0.21514529194551388,0.5317493558665957,3.962824871677949,227.0531400966185
18.93605375289917,-0.2171777755496767,0.5295359771309508,3.9763153393262147,227.82608695652192
18.975969314575195,-0.21941109256954408,0.5270539443990757,3.983060573150347,228.21256038647357
19.036077737808228,-0.22162340308965467,0.5245531698078865,3.9931784238865458,228.7922705314011
19.075990915298462,-0.22392187595495414,0.5219059252973385,4.001609966166711,229.2753623188407
19.136181116104126,-0.22619344720505394,0.5192355610774493,4.013414125358944,229.95169082125616
19.175991535186768,-0.22843788429913664,0.5165423505134847,4.021845667639109,230.43478260869577
19.23609232902527,-0.23055156259345766,0.5139576734618119,4.031963518375308,231.0144927536233
19.2759952545166,-0.2325283424494585,0.5114770315825014,4.047140294479607,231.8840579710146
19.33607816696167,-0.2344714784244537,0.5089699485533303,4.058944453671838,232.56038647343004
19.376119375228882,-0.23690186430975496,0.5057845725857371,4.062317070583905,232.7536231884059
19.436066150665283,-0.23890923485446666,0.5031164918355437,4.072434921320104,233.33333333333343
19.4763400554657,-0.24099090072454,0.5002955791788819,4.08086646360027,233.81642512077303
19.536130666732788,-0.2430487082387742,0.4974572153464062,4.089298005880435,234.29951690821264
19.57601308822632,-0.24488445615023022,0.49487046596966644,4.101102165072668,234.9758454106281
19.63594961166382,-0.24668954247595257,0.49226222784994494,4.1129063242649,235.65217391304358
19.67599630355835,-0.24845927926317754,0.48962987634674077,4.1280831003691985,236.52173913043487
19.736108541488647,-0.2501933444375826,0.48697389052159157,4.13988725956143,237.1980676328503
19.775959730148315,-0.2518914224167207,0.4842947537372436,4.1550640356657285,238.0676328502416
19.836103677749634,-0.25382349776720076,0.48117123065809175,4.161809269489861,238.45410628019332
19.875981092453003,-0.25582408640623455,0.47789386460971606,4.166868194857961,238.74396135265707
19.93609929084778,-0.2574538606448446,0.4751726371911343,4.178672354050192,239.4202898550725
19.975974321365356,-0.25930631801402204,0.4720012473883338,4.188790204786391,240.00000000000003
20.036011934280396,-0.2607912309520567,0.46938876416445396,4.202280672434657,240.77294685990344
20.075974941253662,-0.2621581398809624,0.46690157131673227,4.217457448538956,241.64251207729475
20.136018991470337,-0.2638916948841922,0.46366365553081323,4.224202682363089,242.02898550724646
20.176011323928833,-0.26544277950530004,0.4607069127466854,4.234320533099288,242.608695652174
20.236268758773804,-0.26696386936238026,0.45773462792856723,4.244438383835487,243.18840579710152
20.276018142700195,-0.26853200004300554,0.4545990502816851,4.252869926115652,243.67149758454113
20.336375951766968,-0.2699220089649026,0.45174788947781497,4.264674085307885,244.3478260869566
20.375218629837036,-0.27105800902577887,0.4493303811834302,4.281537169868216,245.31400966183577
20.436046361923218,-0.2721571896855096,0.4468959111447967,4.2950276375164815,246.08695652173918
20.475968599319458,-0.2735647552768775,0.44368504831416367,4.303459179796647,246.5700483091788
20.53606677055359,-0.27460616123012216,0.4412253092767296,4.320322264356978,247.53623188405797
20.575982332229614,-0.2758663226890305,0.43813335447582935,4.330440115093177,248.1159420289855
20.63621473312378,-0.2770951362431554,0.4350288080286768,4.340557965829376,248.69565217391303
20.675978422164917,-0.27811064099280336,0.4323786536208882,4.3523621250216085,249.37198067632852
20.736026287078857,-0.27915030732716273,0.4295592336553996,4.365852592669874,250.14492753623193
20.77600860595703,-0.28026843376424204,0.42641312738509773,4.375970443406073,250.72463768115946
20.83603286743164,-0.28101760998958614,0.4241992283887318,4.396206144878471,251.88405797101453
20.876009225845337,-0.28209366073263314,0.42086261396546787,4.404637687158637,252.36714975845413
20.93624758720398,-0.2830366369525704,0.41783407659883154,4.416441846350869,253.0434782608696
20.975274324417114,-0.283943798969985,0.41479461944225926,4.428246005543102,253.71980676328508
21.03614044189453,-0.2847233128667757,0.41206571373366646,4.440050164735334,254.39613526570054
21.075992345809937,-0.28555847228449033,0.40900568898221734,4.4518543239275665,255.07246376811602
21.136154651641846,-0.286402229099018,0.40577516799772173,4.4619721746637655,255.65217391304355
21.176154851913452,-0.2870892816183121,0.4030215291111917,4.473776333855998,256.328502415459
21.236196041107178,-0.28790353428496074,0.3996115623069545,4.4822078761361634,256.8115942028986
21.27607560157776,-0.2887294282391754,0.3960328459501698,4.4889531099602955,257.19806763285027
21.336124420166016,-0.28949183681636037,0.3926109145989328,4.497384652240461,257.6811594202899
21.376018047332764,-0.2901876833558651,0.3893453382352893,4.50750250297666,258.26086956521743
21.436151027679443,-0.2908504542279695,0.38607288866892187,4.517620353712859,258.84057971014494
21.47628903388977,-0.291480081584799,0.3827939009005913,4.527738204449058,259.4202898550725
21.535775899887085,-0.29207650097138227,0.37950871060037494,4.537856055185257,260.0
21.575944423675537,-0.2925528199702585,0.37671090994754264,4.549660214377489,260.67632850241546
21.63602876663208,-0.2931356260242315,0.3730846655143336,4.556405448201621,261.06280193236717
21.675984621047974,-0.2935874349154119,0.3701138232508593,4.56652329893782,261.64251207729467
21.736557006835938,-0.29406159530003445,0.36680877206774815,4.573268532761952,262.0289855072463
21.776020526885986,-0.2944632447637134,0.3638307336635427,4.583386383498151,262.6086956521739
21.835992336273193,-0.2948527275539354,0.3606827905432498,4.595190542690384,263.28502415458934
21.876036405563354,-0.29512246240251205,0.3581931920273821,4.613739935706749,264.3478260869565
21.935991764068604,-0.2954909670560505,0.3543711915776181,4.618798861074849,264.6376811594203
21.976049184799194,-0.29584013186152053,0.3505473758058663,4.623857786442948,264.92753623188406
22.036052942276,-0.29602714252623463,0.3482176460374139,4.640720871003279,265.8937198067632
22.075921773910522,-0.2962493788932572,0.34488615952378354,4.650838721739478,266.4734299516908
22.13623023033142,-0.29639119825070476,0.3422188144464485,4.667701806299809,267.43961352657
22.17593216896057,-0.2965428943590235,0.33854916870378504,4.674447040123942,267.8260869565217
22.236143112182617,-0.29666111033873216,0.33504532709873425,4.682878582404108,268.30917874396124
22.275948524475098,-0.2967427429993743,0.3317074344248988,4.692996433140307,268.8888888888888
22.336031675338745,-0.29678553273911495,0.32853577685027774,4.704800592332539,269.56521739130426
22.375962257385254,-0.2967880664186771,0.32553077624976823,4.718291059980805,270.3381642512077
22.436036109924316,-0.29675400298889176,0.32185815439764687,4.725036293804937,270.7246376811593
22.475983381271362,-0.29669516868618,0.31868675387779727,4.7368404529971695,271.40096618357484
22.536031246185303,-0.2965946798167767,0.31518235906581193,4.745271995277335,271.8840579710144
22.575933694839478,-0.2964561995696894,0.31117808399689406,4.748644612189402,272.0772946859903
22.636000633239746,-0.29631435222758673,0.3076751194891261,4.757076154469567,272.5603864734299
22.675924062728882,-0.29615986588728516,0.30467409149871083,4.770566622117833,273.3333333333333
22.73595881462097,-0.29595674753276063,0.3015086554044998,4.782370781310066,274.0096618357488
22.775875329971313,-0.2956875744566325,0.2978457525336863,4.789116015134198,274.3961352657004
22.836198091506958,-0.2953835698587559,0.2940180816593626,4.794174940502297,274.6859903381642
22.875996351242065,-0.29508243349144325,0.29052520349094235,4.802606482782464,275.16908212560384
22.93603229522705,-0.29473919917388,0.2868684970781747,4.809351716606596,275.5555555555555
22.975988626480103,-0.29437130751181306,0.28321418903000617,4.816096950430728,275.94202898550714
23.035988092422485,-0.29395771407732924,0.27939680463900923,4.824528492710893,276.42512077294674
23.075917959213257,-0.2935183810966258,0.2755822968529713,4.829587418078993,276.7149758454105
23.136029958724976,-0.293123590459591,0.2724350149962913,4.844764194183291,277.5845410628018
23.175891637802124,-0.2926462126172172,0.26896183325518486,4.853195736463457,278.0676328502414
23.236162900924683,-0.292226602732445,0.2661549674182985,4.868372512567755,278.9371980676327
23.275981187820435,-0.29166736955402295,0.26269402256706254,4.876804054847922,279.4202898550723
23.33597707748413,-0.2911769028459601,0.2598986673678149,4.895353447864287,280.48309178743955
23.37597942352295,-0.29046873475417223,0.25612481243267865,4.9004123732323865,280.7729468599033
23.435944080352783,-0.2897700633259979,0.25251909893582647,4.907157607056519,281.15942028985495
23.476012706756592,-0.28904708659569295,0.24891818013177605,4.913902840880651,281.5458937198066
23.536038160324097,-0.2883622575308458,0.24565027552097907,4.92402069161685,282.12560386473416
23.57588291168213,-0.28761139413135056,0.24222579232399233,4.932452233897015,282.60869565217376
23.63598132133484,-0.2868660687103057,0.23897115234235508,4.942570084633214,283.18840579710127
23.675902366638184,-0.2860160544487872,0.23539808820339217,4.949315318457346,283.5748792270529
23.735907554626465,-0.28525855612249074,0.23231791953623473,4.957746860737512,284.0579710144925
23.775909662246704,-0.2843544142401931,0.22875816687030384,4.964492094561644,284.4444444444442
23.835944414138794,-0.2834656098813932,0.2253668680301954,4.972923636841809,284.9275362318838
23.875981092453003,-0.2825075486294173,0.221821246755526,4.979668870665941,285.3140096618354
23.935923099517822,-0.28165176778480905,0.21876692491942548,4.991473029858174,285.9903381642509
23.975977420806885,-0.28071576020243466,0.21556191615203263,5.001590880594373,286.57004830917845
24.035939931869507,-0.27983936366771717,0.21268755289340766,5.015081348242639,287.34299516908186
24.07586932182312,-0.27878020630552675,0.20934553752940027,5.023512890522804,287.82608695652146
24.136149883270264,-0.2778909182225735,0.20665040580957716,5.038689666627103,288.6956521739127
24.175947666168213,-0.2768564636174893,0.20365188177223825,5.050493825819334,289.3719806763282
24.23597264289856,-0.2756265245367023,0.20019116487490604,5.057239059643466,289.7584541062798
24.276050329208374,-0.27442745825172843,0.19689675733251175,5.065670601923632,290.24154589371943
24.33593225479126,-0.2733687980660372,0.19408441424536377,5.079161069571898,291.01449275362285
24.375962018966675,-0.2724452250196697,0.19175678229705867,5.101083079500329,292.27053140096587
24.43597435951233,-0.2710418590608191,0.18836268807746673,5.107828313324461,292.6570048309175
24.475931406021118,-0.26986561266782544,0.18559746124200338,5.121318780972727,293.42995169082093
24.536031484603882,-0.26858720391733953,0.18269454653447903,5.133122940164959,294.1062801932364
24.575931310653687,-0.267274618559827,0.17980692425798206,5.144927099357192,294.78260869565185
24.635974407196045,-0.2660654531963245,0.1772393402953067,5.16010387546149,295.65217391304316
24.67593550682068,-0.26445875329549096,0.17393664033700162,5.170221726197689,296.23188405797066
24.736083507537842,-0.2631123756682372,0.17125013660288452,5.183712193845954,297.0048309178741
24.776034832000732,-0.26136024094602883,0.16783348516720847,5.188771119214054,297.2946859903378
24.836053371429443,-0.2598843427393594,0.1650258229339569,5.203947895318352,298.16425120772914
24.87627649307251,-0.25828856464841055,0.1620929602236041,5.217438362966618,298.93719806763255
24.935980558395386,-0.2568168870131017,0.15947299839824747,5.230928830614884,299.71014492753596
24.97593855857849,-0.2553099998548872,0.15687312799359202,5.24441929826315,300.4830917874394
25.036025524139404,-0.2538558886648598,0.15443589002229785,5.256223457455382,301.15942028985484
25.07593584060669,-0.2522837278085739,0.1518749633793503,5.269713925103648,301.93236714975825
25.136250495910645,-0.25023910935348126,0.14862488361251844,5.278145467383814,302.41545893719785
25.175889015197754,-0.24825985331995232,0.14553104180342974,5.284890701207946,302.8019323671495
25.236016511917114,-0.24634820795718443,0.1425922507223634,5.293322243488111,303.2850241545891
25.27622628211975,-0.2444167833997585,0.13966642089304712,5.298381168856211,303.57487922705286
25.335975170135498,-0.2426470466125331,0.13703406938984286,5.310185328048442,304.25120772946826
25.37593173980713,-0.24066168507272473,0.13414456760451782,5.318616870328608,304.73429951690787
25.435960054397583,-0.238652031435265,0.13127190798865876,5.327048412608773,305.2173913043475
25.47625494003296,-0.23680756986604118,0.12869136458616884,5.338852571801006,305.89371980676293
25.535982608795166,-0.23493277635954835,0.12613277277806562,5.350656730993238,306.5700483091784
25.575899600982666,-0.23312614286930766,0.12373150010289206,5.364147198641504,307.3429951690818
25.636001110076904,-0.23108741845612374,0.1210873000044853,5.374265049377703,307.92270531400936
25.675934553146362,-0.22922460366458838,0.11872934409288907,5.387755517025969,308.6956521739128
25.735908031463623,-0.22712840757321207,0.11613046869383195,5.394500750850101,309.0821256038644
25.77594828605652,-0.22511007948143577,0.11368351253434997,5.4096775269543995,309.95169082125574
25.835973262786865,-0.22305892546574713,0.11126400639953607,5.421481686146631,310.62801932367114
25.875965356826782,-0.22087203021511934,0.10874097636481429,5.43159953688283,311.2077294685987
25.93596363067627,-0.21876833285657224,0.10636701340046072,5.4434036960750625,311.88405797101416
25.976063013076782,-0.21697165701146373,0.10439045113244785,5.456894163723328,312.6570048309176
26.035925149917603,-0.2146968047769225,0.10194643012101418,5.467012014459527,313.23671497584513
26.075907707214355,-0.21274052640120694,0.0998903310965533,5.47881617365176,313.9130434782606
26.136008739471436,-0.21041668680375025,0.09749284055045684,5.485561407475893,314.2995169082123
26.17595624923706,-0.20830711263428095,0.09535280974411225,5.495679258212092,314.8792270531398
26.235906839370728,-0.20605571411181947,0.09311843121182707,5.507483417404324,315.5555555555553
26.275956869125366,-0.2040145191428828,0.09114660683311931,5.522660193508623,316.42512077294657
26.336071252822876,-0.2019469098863017,0.08920249771998294,5.534464352700855,317.1014492753621
26.37628173828125,-0.19973181824047156,0.08717188105769345,5.547954820349121,317.8743961352655
26.435877561569214,-0.19712173321488025,0.08483129626531136,5.556386362629286,318.35748792270505
26.475967168807983,-0.19461537067295284,0.08262531843184381,5.566504213365485,318.9371980676326
26.53594398498535,-0.19221149900302648,0.08055586349708306,5.578308372557718,319.61352657004807
26.575942516326904,-0.18978336719850142,0.07851492776258924,5.59011253174995,320.2898550724636
26.63598084449768,-0.18720404488011078,0.07639471839293273,5.600230382486149,320.8695652173911
26.67598295211792,-0.18421940747683813,0.07397905643631249,5.605289307854249,321.15942028985484
26.735965728759766,-0.18135482121476104,0.07168047923877337,5.608661924766315,321.3526570048307
26.7759690284729,-0.17860754138790003,0.06950255945970281,5.61709346704648,321.8357487922703
26.835931301116943,-0.17610538146380858,0.06755308813476657,5.625525009326647,322.3188405797099
26.87600588798523,-0.17319109810148609,0.06531785569271158,5.63227024315078,322.7053140096616
26.93599224090576,-0.17052471082243578,0.06330823625822965,5.642388093886979,323.28502415458917
26.97599220275879,-0.16770555433365197,0.061224192663942315,5.650819636167144,323.76811594202877
27.035972356796265,-0.16513594197284892,0.059364532735975854,5.6626237953593765,324.44444444444423
27.0759596824646,-0.1621407584839926,0.057238929891132176,5.6693690291835095,324.83091787439594
27.136099815368652,-0.15954015335028424,0.05542286390361735,5.677800571463675,325.31400966183554
27.17589497566223,-0.1566489786262677,0.053439939364873366,5.686232113743841,325.7971014492752
27.235981225967407,-0.15442975161054187,0.05195337488783228,5.699722581392107,326.5700483091786
27.27623462677002,-0.15204942630490584,0.050407858883053325,5.714899357496406,327.4396135265699
27.336141109466553,-0.1493660028710524,0.048716563105513054,5.726703516688638,328.1159420289854
27.376019716262817,-0.14638135237368435,0.04687733978581923,5.735135058968804,328.59903381642494
27.435969829559326,-0.1432400444806869,0.0449743168465679,5.741880292792937,328.98550724637664
27.475926399230957,-0.1402278253017922,0.043180600974573866,5.750311835073102,329.46859903381625
27.53592562675476,-0.13734332477216152,0.041498980301565264,5.760429685809301,330.0483091787438
27.575947523117065,-0.13473209448737422,0.04001186516533452,5.7705475365455,330.6280193236713
27.635918378829956,-0.13181142548624455,0.038393877532759385,5.784038004193765,331.40096618357467
27.675928592681885,-0.12945551545784859,0.037135096205509525,5.800901088754097,332.36714975845393
27.735941648483276,-0.12663919130815274,0.0356757946546577,5.809332631034263,332.85024154589354
27.775904417037964,-0.1235129234526806,0.03408918496510349,5.817764173314428,333.33333333333314
27.83594560623169,-0.12022526698279531,0.03245192306731477,5.82450940713856,333.7198067632848
27.87606143951416,-0.11707528046849613,0.03091294094562527,5.832940949418726,334.2028985507244
27.93597149848938,-0.11376315521839983,0.02932576171390495,5.839686183242859,334.5893719806761
27.975961446762085,-0.1108900933714086,0.02798160459665862,5.851490342435091,335.26570048309156
28.0359890460968,-0.10785049097509603,0.026599935799276813,5.86160819317129,335.84541062801907
28.075913667678833,-0.10479706488073381,0.025249091441255943,5.871726043907489,336.4251207729466
28.135957956314087,-0.10173012766764378,0.02392920980857368,5.881843894643688,337.00483091787413
28.175970315933228,-0.09864999329828075,0.022640426017552655,5.891961745379887,337.5845410628017
28.2360200881958,-0.09555697708609362,0.02138287200102854,5.902079596116086,338.16425120772925
28.27623462677002,-0.0927600968109596,0.020284010883705333,5.915570063764352,338.93719806763266
28.337475061416626,-0.08932827398448209,0.018975613515320598,5.922315297588485,339.32367149758437
28.3759982585907,-0.08619851714945924,0.01781250838380662,5.932433148324684,339.9033816425119
28.435874700546265,-0.08321512810773858,0.016735181804620167,5.940864690604849,340.3864734299515
28.475963830947876,-0.08037774247162786,0.015745597154077612,5.954355158253115,341.1594202898549
28.535898208618164,-0.07736975328491144,0.014738997042276807,5.9661593174453476,341.83574879227035
28.576395273208618,-0.07450670367311052,0.013826318594540116,5.9830224020056795,342.8019323671496
28.636191844940186,-0.0717892511651149,0.013007771009809235,5.998199178109978,343.6714975845409
28.675920009613037,-0.06826114844630243,0.011987083598583442,6.00494441193411,344.0579710144926
28.73602867126465,-0.06504455833766885,0.011091684544325455,6.018434879582376,344.830917874396
28.77595806121826,-0.0619782842365439,0.010279769604661424,6.030239038774608,345.50724637681145
28.835965156555176,-0.05874145357148825,0.009460551294878628,6.040356889510807,346.08695652173895
28.87594699859619,-0.05614443347596095,0.008835788047593851,6.053847357159073,346.85990338164237
28.93628692626953,-0.053213570119435595,0.008172406548023614,6.067337824807339,347.6328502415458
28.976065397262573,-0.05011127257397394,0.007511352335493861,6.0791419839995715,348.3091787439613
29.036268711090088,-0.04667520052928824,0.006815442919784278,6.087573526279737,348.79227053140085
29.075915575027466,-0.044050744612678175,0.006318377900393203,6.104436610840069,349.7584541062801
29.135932207107544,-0.04092606301571031,0.005772843620950615,6.1162407700323005,350.4347826086955
29.176026344299316,-0.037302307776242764,0.005174755374651011,6.122986003856433,350.8212560386472
29.23591637611389,-0.03334480921210762,0.004548975284474396,6.129731237680566,351.2077294685989
29.275936365127563,-0.03037135209589406,0.004114708308257491,6.146594322240898,352.1739130434782
29.33591914176941,-0.027060568543098826,0.003682384749022688,6.160084789889163,352.94685990338155
29.376216411590576,-0.02374491254928855,0.003289171417560876,6.170202640625362,353.52657004830905
29.43596386909485,-0.020424846106551563,0.002935123102863627,6.183693108273627,354.29951690821247
29.475953340530396,-0.017930862098525645,0.002709509658099531,6.202242501289993,355.36231884057963
29.535977363586426,-0.013936770751405035,0.0023922874690105326,6.205615118202059,355.55555555555543
29.575889587402344,-0.010440363465628093,0.002135349532706013,6.214046660482225,356.0386473429951
29.63609790802002,-0.0074412090422416605,0.0019479788485544844,6.227537128130491,356.8115942028985
29.675926685333252,-0.004439799885365622,0.0018010839826890388,6.241027595778756,357.58454106280186
29.735948085784912,-0.0021037759042066167,0.001726212478222329,6.261263297251154,358.7439613526569
29.77587366104126,0.0015683720661460007,0.0016580885487665162,6.268008531075287,359.13043478260863
29.835966110229492,0.0047401818475238085,0.001628670132133547,6.279812690267519,359.80676328502415
29.875978469848633,0.007244306289083673,0.001643449845521585,6.298362083283884,360.86956521739125
29.936004877090454,0.010415547844326113,0.0017103058907339068,6.310166242476116,361.5458937198067
29.976004123687744,0.014086635855418816,0.0018217706866992664,6.316911476300249,361.9323671497584
30.035916328430176,0.017589947954068014,0.0019547569664624736,6.325343018580415,362.415458937198
30.07595419883728,0.02109173522326243,0.0021231818234477267,6.337147177772647,363.0917874396135
30.136017560958862,0.02425799948626137,0.0023129536583881734,6.34895133696488,363.76811594202894
30.175910234451294,0.027421803116152478,0.0025400864917001116,6.360755496157112,364.44444444444446
30.236029148101807,0.031248692777950202,0.002853772057357989,6.3691870384372775,364.92753623188406
30.276007890701294,0.03440725278853399,0.0031448758052194208,6.38099119762951,365.6038647342995
30.33589220046997,0.03772791154512564,0.003493324963060835,6.394481665277775,366.3768115942029
30.375951766967773,0.04121038354945113,0.0038973914801507838,6.4029132075579405,366.8599033816425
30.43608260154724,0.04452331181964116,0.00431296057176651,6.413031058294139,367.43961352657
30.475999116897583,0.04733460829862434,0.00470177979574626,6.428207834398438,368.3091787439613
30.535979747772217,0.050305068561567974,0.005156093404247147,6.441698302046703,369.08212560386465
30.575953722000122,0.05392982720950497,0.0057480700339673785,6.448443535870835,369.4685990338163
30.63595747947693,0.05722040774420448,0.006313995062555977,6.458561386607034,370.04830917874386
30.675974369049072,0.06050509400321755,0.006913184158902342,6.468679237343233,370.62801932367137
30.73595094680786,0.06427714558260327,0.00763089580025126,6.473738162711332,370.9178743961352
30.776207208633423,0.06738807849453646,0.00825003968492603,6.485542321903565,371.59420289855063
30.83597445487976,0.07032867192401344,0.008868865436742153,6.495660172639764,372.17391304347814
30.87600326538086,0.073588873963343,0.009589472164494132,6.505778023375963,372.7536231884057
30.935964584350586,0.07602699481677377,0.01016080776010489,6.520954799480261,373.623188405797
30.9759042263031,0.07878005343334292,0.010850181777177292,6.53613157558456,374.4927536231883
31.035980463027954,0.08152233292029354,0.011581257352702455,6.551308351688858,375.3623188405796
31.07586359977722,0.0848989586264608,0.012524273710776104,6.559739893969024,375.8454106280192
31.135953426361084,0.08778558812367138,0.013359381592687916,6.569857744705223,376.42512077294674
31.175922870635986,0.09082274092672508,0.014274228893269424,6.581661903897455,377.1014492753622
31.235986948013306,0.09417094927687521,0.015313643081709495,6.586720829265555,377.39130434782595
31.2758891582489,0.09703245576128679,0.016231148214265696,6.60021129691382,378.1642512077293
31.335954904556274,0.10020143020191419,0.01728271484932798,6.606956530737952,378.550724637681
31.37586760520935,0.10304378574342453,0.018257932775866244,6.6204469983862175,379.3236714975844
31.43611741065979,0.10587272689801525,0.01927140550488215,6.6339374660344825,380.0966183574878
31.47593903541565,0.10931761201000043,0.02054501382424513,6.6406826998586155,380.4830917874395
31.53597402572632,0.11243945228959241,0.021729203277856816,6.6508005505948145,381.062801932367
31.575905323028564,0.1150800743517372,0.02276924337640794,6.665977326699113,381.9323671497583
31.635931491851807,0.11817096554325215,0.024032011381840586,6.676095177435312,382.51207729468587
31.67595624923706,0.12124892224725066,0.025325987394616695,6.686213028171511,383.09178743961337
31.735958099365234,0.1238510660555303,0.026458866859834528,6.701389804275809,383.9613526570047
31.775870323181152,0.12689531099553153,0.027830276404283358,6.711507655012008,384.5410628019322
31.835928440093994,0.12931568502279056,0.02896015784049657,6.72837073957234,385.50724637681145
31.87597894668579,0.13262243849857464,0.03055849855396125,6.738488590308539,386.08695652173895
31.93599009513855,0.13652081386442333,0.03246719260007508,6.738488590308539,386.08695652173895
31.97595238685608,0.13981397348322572,0.03409335720152695,6.745233824132672,386.47342995169066
32.03592014312744,0.142945574575305,0.03566941418375561,6.753665366412838,386.95652173913027
32.07593607902527,0.14576435555207973,0.037123964470768836,6.76546952560507,387.6328502415458
32.135887145996094,0.14856577080482725,0.03861168598844363,6.7772736847973025,388.30917874396124
32.176234006881714,0.15105411528337093,0.03997649734455823,6.792450460901601,389.17874396135255
32.23586964607239,0.15410783774885214,0.04169860654985288,6.800882003181767,389.66183574879216
32.27590346336365,0.15700080852464124,0.04336561329361858,6.810999853917966,390.2415458937197
32.335875272750854,0.1600250581197749,0.04513897039174561,6.816058779286066,390.53140096618347
32.37588024139404,0.16274765872196126,0.046766449636913524,6.827862938478298,391.2077294685989
32.43623185157776,0.1653072588807002,0.0483407691902382,6.841353406126563,391.98067632850234
32.47598576545715,0.16784267208478953,0.04995375242422583,6.858216490686894,392.9468599033815
32.53593444824219,0.17021514831421064,0.05151129048877229,6.870020649879127,393.62318840579695
32.575894832611084,0.1728460067208562,0.053283246124972865,6.881824809071359,394.29951690821247
32.63596820831299,0.17545576587945436,0.055086132662331935,6.893628968263592,394.9758454106279
32.675912857055664,0.17831651439469945,0.05711270586448076,6.905433127455824,395.6521739130434
32.73589491844177,0.18101971804467654,0.05907252254470368,6.915550978192023,396.23188405797094
32.775981187820435,0.1841112102751495,0.06134983651221058,6.9206099035601225,396.5217391304347
32.83594608306885,0.18651400536726553,0.06315444471730661,6.934100371208388,397.2946859903381
32.87596869468689,0.18889223754691334,0.06499130255837166,6.947590838856654,398.0676328502415
32.9359290599823,0.19151044247299015,0.06706330505798301,6.957708689592853,398.6473429951691
32.97601342201233,0.19397601250178037,0.06905885189171299,6.969512848785085,399.3236714975845
33.03591799736023,0.1962909538095879,0.07097485861664979,6.979630699521284,399.903381642512
33.07592153549194,0.19897087069583866,0.07323515206970682,6.988062241801449,400.3864734299516
33.13607406616211,0.20163163478978496,0.0755179607448944,6.996493784081616,400.86956521739125
33.17586922645569,0.20427305693641865,0.07782312235623894,7.004925326361782,401.3526570048309
33.2359344959259,0.20639236117727233,0.07971074462151878,7.0167294855540145,402.0289855072464
33.27593398094177,0.2091122162823971,0.082178881528794,7.023474719378147,402.415458937198
33.33594250679016,0.21156580580339568,0.08444341014547675,7.033592570114346,402.9951690821256
33.37589883804321,0.21387299586598135,0.08662013170497523,7.045396729306577,403.671497584541
33.43591928482056,0.21664359420612173,0.08927856506981378,7.050455654674677,403.96135265700474
33.476157426834106,0.218674787785421,0.09126069042535839,7.062259813866908,404.6376811594202
33.535985708236694,0.22080233051600015,0.09338285841073474,7.072377664603107,405.2173913043477
33.57590341567993,0.2230310070778328,0.09563990150186448,7.077436589971207,405.50724637681145
33.63595175743103,0.22535888627787812,0.09803346993065973,7.087554440707406,406.086956521739
33.675930976867676,0.2275491870652701,0.10032777269909034,7.095985982987571,406.5700483091786
33.73591923713684,0.22994857925851128,0.10288390221735791,7.1044175252677375,407.0531400966183
33.77600169181824,0.23186638388400682,0.1049759332161978,7.119594301372036,407.92270531400953
33.83620762825012,0.23409131727270524,0.1074654839405622,7.129712152108235,408.5024154589371
33.8759982585907,0.2363987051906568,0.11010496154176208,7.141516311300467,409.17874396135255
33.935956954956055,0.23867477626662692,0.11277149139688795,7.1533204704927,409.855072463768
33.97579765319824,0.24081017198537202,0.11533825521884225,7.166810938140966,410.6280193236714
34.035881757736206,0.24291512114962893,0.11793004618441476,7.176928788877165,411.207729468599
34.07588601112366,0.24509535653487563,0.12067548871269017,7.188732948069397,411.88405797101444
34.135926246643066,0.24703849250987087,0.12318257174186117,7.2005371072616295,412.5603864734299
34.17591905593872,0.24915331108264735,0.12597871612571965,7.212341266453861,413.23671497584536
34.236013650894165,0.251036723060333,0.12853097043412792,7.2241454256460935,413.9130434782608
34.27587080001831,0.25308974129407624,0.131372800327535,7.232576967926259,414.3961352657004
34.33600068092346,0.2551187258277907,0.1342318391123527,7.241008510206425,414.8792270531401
34.37588667869568,0.25683089040437035,0.1367013588007337,7.2544989778546904,415.65217391304344
34.43589973449707,0.2585095852176127,0.13919375097545034,7.2679894455029554,416.4251207729468
34.475924491882324,0.26053039725564414,0.1422606109808751,7.2747346793270875,416.81159420289845
34.535940647125244,0.2623391964378253,0.145067110029845,7.288225146975353,417.58454106280186
34.5757896900177,0.26429753891708246,0.14817423190062262,7.2949703807994855,417.9710144927535
34.63593792915344,0.26623487874138796,0.15129449246523705,7.3017156146236175,418.35748792270516
34.67585206031799,0.2679721175267813,0.15414584175914214,7.3118334653598165,418.9371980676327
34.73596239089966,0.2694180005924719,0.15658797001990765,7.327010241464115,419.806763285024
34.77595639228821,0.27116835767342584,0.15962558933448578,7.335441783744281,420.28985507246364
34.835994720458984,0.2728878915078865,0.16268076271799276,7.347245942936514,420.9661835748791
34.8759229183197,0.2744109234754318,0.16546313874547613,7.359050102128746,421.6425120772946
34.93600678443909,0.27581586644277245,0.1681194840331064,7.375913186689077,422.60869565217376
34.9759042263031,0.2774945763118882,0.17138617115636448,7.382658420513209,422.9951690821254
35.03592371940613,0.2790732731562882,0.17451644227635155,7.391089962793375,423.478260869565
35.075902700424194,0.2803169653495652,0.17706748089034013,7.40963935580974,424.5410628019322
35.13585448265076,0.2817369654256611,0.18008936625832092,7.419757206545939,425.12077294685974
35.17618227005005,0.2831984733768608,0.1832760378008123,7.428188748826106,425.6038647342994
35.23589110374451,0.2844866652573714,0.18617462442388671,7.443365524930404,426.4734299516907
35.27617835998535,0.2855997662176111,0.1887852899585719,7.4585423010347025,427.342995169082
35.336270332336426,0.28660789538473785,0.19125885379929194,7.4754053855950335,428.3091787439612
35.37591361999512,0.2876996783899631,0.19405850465218355,7.488895853243299,429.0821256038646
35.43593096733093,0.28869280241906237,0.19671712702937533,7.504072629347598,429.9516908212559
35.475950717926025,0.28941440961067166,0.19876392792948736,7.525994639276029,431.2077294685989
35.53603458404541,0.2904686478058314,0.2019320146109396,7.539485106924294,431.9806763285023
35.57590079307556,0.291378911937053,0.20479583273365748,7.55297557457256,432.7536231884057
35.635902643203735,0.2923014386674454,0.20783066175094822,7.564779733764793,433.42995169082116
35.6758348941803,0.29309474786074485,0.2105555890537411,7.576583892957025,434.1062801932366
35.73586630821228,0.293666172725497,0.21264929019946957,7.5985059028854565,435.36231884057963
35.775875091552734,0.2944935758481787,0.21588403832968067,7.608623753621655,435.9420289855072
35.83591318130493,0.2954168338118329,0.21961111196059088,7.613682678989755,436.23188405797094
35.87593936920166,0.29615353860546745,0.2226963200215675,7.6254868381819865,436.90821256038635
35.93589186668396,0.29681939103877336,0.22562662300345454,7.6356046889181854,437.4879227053139
35.97597527503967,0.2974506081236813,0.2285645814817718,7.649095156566451,438.2608695652173
36.03589844703674,0.2979068194071263,0.23085684783793287,7.665958241126783,439.22705314009653
36.07585573196411,0.2985143150690749,0.23414000796409823,7.676076091862982,439.8067632850241
36.13597869873047,0.29906248374279254,0.2372642284809045,7.684507634143149,440.28985507246375
36.17586803436279,0.2995493286378515,0.24022953067069092,7.6979981017914145,441.06280193236717
36.23598003387451,0.299973671165368,0.24303568492536404,7.709802260983647,441.7391304347826
36.276251792907715,0.30051575074617953,0.2468369521937554,7.7148611863517464,442.0289855072464
36.33592748641968,0.3010127928125427,0.2504759439181472,7.721606420175879,442.4154589371981
36.375906467437744,0.3013943457260475,0.25345662377395045,7.731724270912078,442.99516908212564
36.43592047691345,0.3017406884549816,0.25644159977765824,7.745214738560344,443.76811594202906
36.47590160369873,0.30198942280933283,0.2589333840539777,7.76376413157671,444.8309178743962
36.536046743392944,0.30229055917664505,0.26242626222239807,7.772195673856876,445.3140096618359
36.57594037055969,0.3025208978866609,0.26542242295027374,7.782313524593075,445.8937198067634
36.63595485687256,0.3027571953935274,0.2689202857976981,7.7907450668732405,446.376811594203
36.675952672958374,0.30290351251376124,0.2715873879314863,7.8076081514335725,447.3429951690822
36.735987186431885,0.3030512667300543,0.275090108260418,7.816039693713739,447.82608695652186
36.775963306427,0.303169482709763,0.2785939498654688,7.824471235993904,448.30917874396147
36.83595895767212,0.3032497073498946,0.281764881390998,7.832902778274071,448.79227053140113
36.87594532966614,0.3033031938591353,0.28510334369970497,7.84302062901027,449.37198067632863
36.93591594696045,0.3033268413585276,0.28860909922553946,7.851452171290436,449.8550724637683
36.97591495513916,0.30331417299674235,0.291614074190694,7.864942638938701,450.62801932367165
37.035884141922,0.30326096849977113,0.29461860482127467,7.878433106586966,451.400966183575
37.07593750953674,0.3031624508058312,0.2979560418105391,7.888550957323165,451.98067632850257
37.136281967163086,0.30305269318417105,0.3004578033745645,7.9071003503395305,453.04347826086973
37.17591333389282,0.30286559106547,0.3036242265190062,7.918904509531763,453.7198067632852
37.235994815826416,0.3026292935586036,0.30712208936643093,7.923963434899862,454.00966183574894
37.27592158317566,0.3024200572641215,0.3097849942961648,7.940826519460194,454.9758454106282
37.33592462539673,0.3020545501137039,0.31394257214571475,7.942512827916227,455.0724637681161
37.375954151153564,0.301786941242553,0.31676798428799774,7.954316987108459,455.74879227053157
37.43597149848938,0.30142106962681964,0.32025467598241875,7.962748529388625,456.2318840579712
37.47591209411621,0.3010747268978855,0.32323965198612636,7.976238997036891,457.0048309178746
37.53593826293945,0.30066932395023593,0.32638558446831917,7.988043156229123,457.68115942029004
37.57604122161865,0.30020631291267397,0.329692216013022,7.998161006965322,458.2608695652176
37.63589596748352,0.2996879712903082,0.3331595208703524,8.006592549245488,458.7439613526572
37.6758770942688,0.2991872795215304,0.3362917006999847,8.01839670843772,459.42028985507267
37.73585224151611,0.2986754501569394,0.33925279268270647,8.031887176085986,460.1932367149761
37.77583312988281,0.298095699683716,0.34237130709204866,8.043691335278218,460.86956521739154
37.835909843444824,0.2975440759275376,0.3451552394750813,8.05549549447045,461.545893719807
37.87587237358093,0.2968278987796708,0.34858714438402305,8.063927036750616,462.0289855072466
37.9358811378479,0.2961818269227495,0.35152187200073465,8.077417504398882,462.80193236715
37.975934982299805,0.29549622420801647,0.354447617024852,8.090907972047148,463.57487922705343
38.03585600852966,0.29481381614792435,0.3572024105781336,8.10271213123938,464.2512077294689
38.076629877090454,0.29397550818533685,0.360434349802994,8.11282998197558,464.83091787439645
38.135860204696655,0.29306955894542164,0.36382110887116564,8.117888907343678,465.12077294686014
38.17578434944153,0.2922661409561417,0.3667167184033878,8.131379374991944,465.89371980676356
38.2359344959259,0.29142859949749544,0.3696026427498747,8.141497225728143,466.4734299516911
38.27583169937134,0.29056190205483945,0.37247994540539914,8.151615076464342,467.0531400966186
38.33588981628418,0.28961382012989184,0.37550688831798706,8.163419235656574,467.72946859903413
38.37584137916565,0.28858633094819164,0.37868375113762837,8.170164469480707,468.1159420289858
38.43589806556702,0.2875873426448825,0.38169427685622476,8.178596011760872,468.5990338164254
38.47585368156433,0.2866145216087985,0.3845374536464274,8.188713862497071,469.1787439613529
38.535884857177734,0.2857200204591354,0.3870543386626689,8.202204330145337,469.9516908212563
38.576114892959595,0.284675601193517,0.38987200142215583,8.215694797793603,470.7246376811597
38.63599991798401,0.28354062529685137,0.39283393870144934,8.224126340073768,471.2077294685993
38.67588996887207,0.2826767923776568,0.3950056676141931,8.2409894246341,472.17391304347854
38.73587083816528,0.2817728261250092,0.3971610002559921,8.261225126106497,473.3333333333336
38.77587151527405,0.28049931439948594,0.40006606662656535,8.27302928529873,474.00966183574906
38.83592772483826,0.2790593343778145,0.40326252381356653,8.281460827578895,474.49275362318866
38.87590551376343,0.2777997082345031,0.40599077911827725,8.291578678315094,475.07246376811617
38.93594765663147,0.2762321049603995,0.40931221428412795,8.298323912139228,475.45893719806793
38.975996255874634,0.27478160310359656,0.41231957787317686,8.308441762875427,476.0386473429955
39.03591442108154,0.27344429366430334,0.41501060713577714,8.321932230523693,476.8115942028989
39.07585382461548,0.2718550486130688,0.41813553612349363,8.326991155891793,477.1014492753627
39.135961294174194,0.2702447614987068,0.4212496742740041,8.335422698171959,477.5845410628023
39.176239013671875,0.26853308626558803,0.4244992095457397,8.34216793199609,477.97101449275397
39.235880851745605,0.2671057964150525,0.4271436147172581,8.355658399644357,478.7439613526574
39.275920391082764,0.26548534678347346,0.4300629184672715,8.365776250380556,479.3236714975849
39.335904359817505,0.2641575997778393,0.43238066098549044,8.382639334940887,480.2898550724641
39.37583565711975,0.26229445708147425,0.435545785134542,8.389384568765019,480.67632850241574
39.436036586761475,0.26057649068838906,0.4384087875560496,8.399502419501218,481.2560386473433
39.47598695755005,0.2590896333324715,0.4408261877059692,8.41130657869345,481.93236714975876
39.5359411239624,0.25722280778651735,0.44379365184090264,8.419738120973616,482.41545893719837
39.575857639312744,0.25568331766359736,0.4461778788525592,8.434914897077915,483.2850241545897
39.636133909225464,0.25383682323682794,0.4489597217175026,8.445032747814114,483.86473429951724
39.67587423324585,0.252149732102706,0.45144643813353513,8.455150598550313,484.44444444444474
39.73592257499695,0.250340250051575,0.4540516286139249,8.466954757742545,485.12077294686026
39.775864362716675,0.24840558869647328,0.4567728924442812,8.477072608478744,485.70048309178776
39.83592510223389,0.24663970301565075,0.4592042876797093,8.487190459214943,486.2801932367153
39.8759183883667,0.24474769398970575,0.4617501754577194,8.498994618407176,486.9565217391308
39.935940742492676,0.24302426885082223,0.46400503112324304,8.514171394511475,487.82608695652215
39.975831508636475,0.24106426634722028,0.46649895031166017,8.525975553703708,488.5024154589376
40.035900354385376,0.23938380585565824,0.46857521980958905,8.54283863826404,489.4685990338169
40.07583165168762,0.23735723661257108,0.4710153550180261,8.551270180544206,489.9516908212565
40.13585448265076,0.23573147155830662,0.47292001920025906,8.56981957356057,491.01449275362364
40.17581605911255,0.2339616231422183,0.47492063887321045,8.586682658120901,491.9806763285028
40.23603177070618,0.23161005566056156,0.47752083336408224,8.591741583489,492.27053140096655
40.275803327560425,0.22968872595394302,0.47960962737981094,8.603545742681233,492.946859903382
40.33626317977905,0.22762656868704934,0.4817953863864709,8.617036210329498,493.7198067632854
40.37629175186157,0.22576749700908427,0.48371337882334786,8.630526677977764,494.49275362318883
40.43589806556702,0.22364712362447817,0.48584271011237967,8.64401714562603,495.26570048309225
40.47596263885498,0.22150176358083232,0.4879468644108384,8.65413499636223,495.84541062801975
40.536147356033325,0.21909840264524463,0.49026463221772015,8.660880230186361,496.23188405797146
40.576096296310425,0.216914383131935,0.4923286316833401,8.674370697834625,497.00483091787476
40.63655614852905,0.21482720983575118,0.49425172188231065,8.686174857026858,497.6811594202902
40.67618107795715,0.21234706101659065,0.4964871308444791,8.696292707763057,498.2608695652178
40.73619246482849,0.20947546455731025,0.4990361339619203,8.701351633131155,498.55072463768147
40.77608776092529,0.2073371704386064,0.5009022171711041,8.713155792323388,499.2270531400969
40.83615279197693,0.2044230002404754,0.5034024361963094,8.718214717691488,499.51690821256074
40.87616419792175,0.20174689871473456,0.5056672456000063,8.726646259971654,500.00000000000034
40.9362211227417,0.19905558151448485,0.5079139526878983,8.731705185339752,500.2898550724641
40.976221799850464,0.19647625919609418,0.5100341620575548,8.741823036075951,500.8695652173916
41.0361270904541,0.19413568149359753,0.5119187657419326,8.75194088681215,501.44927536231916
41.07615041732788,0.19151747656752063,0.5139907682415441,8.758686120636284,501.83574879227086
41.13640522956848,0.1890120327926223,0.5159360173832489,8.770490279828516,502.5120772946864
41.17614984512329,0.18622124670283738,0.5180579019258686,8.778921822108682,502.995169082126
41.23631811141968,0.1835447270724011,0.5200540066478755,8.789039672844881,503.5748792270535
41.276164054870605,0.18085147253755574,0.522027473496815,8.795784906669013,503.96135265700514
41.336416482925415,0.17774088915342515,0.5242786407780378,8.800843832037112,504.2512077294689
41.376177072525024,0.17475289152948958,0.5264143331213494,8.807589065861245,504.6376811594206
41.436156272888184,0.17188532444198718,0.5284312466073025,8.816020608141411,505.1207729468602
41.47595524787903,0.1688652592507311,0.5305213465634024,8.822765841965545,505.50724637681196
41.53615427017212,0.16610382252377193,0.5323982212519013,8.832883692701744,506.0869565217395
41.57608675956726,0.1637366127565157,0.533963751896599,8.848060468806041,506.9565217391308
41.636181592941284,0.1609285896086313,0.5357701841245752,8.85817831954224,507.5362318840583
41.676106452941895,0.15796270055016165,0.5376395110365932,8.866609861822406,508.0193236714979
41.73596477508545,0.15470060995988327,0.5396649117620036,8.871668787190504,508.3091787439616
41.776060819625854,0.15185072643955688,0.5414045540568156,8.881786637926703,508.88888888888914
41.835869550704956,0.14912538527769997,0.5430274398457627,8.893590797118936,509.5652173913046
41.875869274139404,0.1468110086570688,0.5443610452407752,8.910453881679267,510.5314009661838
41.935871839523315,0.14389581310867158,0.5459888739504167,8.920571732415466,511.1111111111113
41.97594332695007,0.14096429692770318,0.5475871243294399,8.930689583151665,511.6908212560389
42.03584122657776,0.13757920315151467,0.549399477287362,8.935748508519765,511.9806763285027
42.075827836990356,0.13477029750659375,0.5508730076774148,8.947552667711998,512.6570048309181
42.13634419441223,0.13165209616166557,0.55247541255248,8.952611593080098,512.946859903382
42.17587852478027,0.12837276451215537,0.55412928543709,8.962729443816297,513.5265700483095
42.23587656021118,0.12493135047400682,0.555832268859121,8.967788369184396,513.8164251207733
42.27583718299866,0.12162729699400715,0.557436183503742,8.977906219920595,514.3961352657008
42.33587288856506,0.11845936396576205,0.5589378763284232,8.98633776220076,514.8792270531403
42.37592625617981,0.11542679019473674,0.5603349045015887,8.999828229849026,515.6521739130437
42.43586444854736,0.1131358672104832,0.5613461065283694,9.01837762286539,516.7149758454109
42.47584676742554,0.10975493457658504,0.5627808908713883,9.02849547360159,517.2946859903384
42.535916566848755,0.10636202481724055,0.5641871180759586,9.035240707425721,517.6811594202901
42.5757999420166,0.10311102820482579,0.5654993307253458,9.047044866617954,518.3574879227056
42.63587474822998,0.10031045780573433,0.5665887528053177,9.060535334266218,519.1304347826089
42.6761908531189,0.09687424178222301,0.5678855685307354,9.067280568090352,519.5169082125607
42.73600935935974,0.09358287776912116,0.5690929640518476,9.079084727282584,520.1932367149761
42.77596592903137,0.09075053465468808,0.5700968901002794,9.089202578018783,520.7729468599036
42.83595037460327,0.08711968786248123,0.5713460637027864,9.097634120298949,521.2560386473432
42.875847816467285,0.08426761086591658,0.5722924736743421,9.111124587947213,522.0289855072465
42.93602776527405,0.08045433723932957,0.57352224595211,9.11449720485928,522.2222222222224
42.97586989402771,0.07742819478187066,0.5744728797194699,9.126301364051512,522.8985507246379
43.03588032722473,0.07439104197881685,0.5753877270200516,9.138105523243745,523.5748792270533
43.075881242752075,0.07134330201658048,0.5762666603821824,9.149909682435977,524.2512077294689
43.13596820831299,0.06796509089565428,0.5772039813696762,9.158341224716143,524.7342995169084
43.175941467285156,0.06490019029259167,0.5780210658364398,9.170145383908375,525.4106280193239
43.23598527908325,0.0623096242790068,0.5786720729185753,9.187008468468708,526.3768115942032
43.27590274810791,0.0587372781031395,0.5795250995217309,9.193753702292842,526.7632850241549
43.33590626716614,0.05548453380421475,0.5802786550400184,9.200498936116976,527.1497584541067
43.3758864402771,0.05173882836563157,0.581123151271535,9.205557861485076,527.4396135265705
43.43592548370361,0.0488014031449156,0.5817568452838927,9.21904832913334,528.2125603864738
43.47590374946594,0.04552951355975218,0.5824223750997731,9.229166179869539,528.7922705314014
43.535903453826904,0.04176114108294621,0.5831591600030721,9.23422510523764,529.0821256038652
43.575886726379395,0.0386431166010989,0.5837415396585186,9.246029264429872,529.7584541062806
43.63593769073486,0.035190542836479544,0.5843503215661073,9.254460806710037,530.2415458937203
43.675920486450195,0.03206050163614943,0.584864213399781,9.269637582814337,531.1111111111117
43.73615741729736,0.028759143689475408,0.5853634399027411,9.279755433550536,531.6908212560392
43.776031732559204,0.02512314891101386,0.5858819508061259,9.286500667374668,532.0772946859908
43.836087703704834,0.02214410407757153,0.5862760661559099,9.299991135022932,532.8502415458942
43.87603521347046,0.018498361998062623,0.586720899018486,9.306736368847064,533.2367149758458
43.936068534851074,0.015014547040499177,0.5871132182158298,9.318540528039296,533.9130434782612
43.9760046005249,0.011692731986085891,0.5874504661032974,9.328658378775495,534.4927536231888
44.036149740219116,0.008201691974387554,0.5877722123509337,9.33708992105566,534.9758454106284
44.075963258743286,0.00520612346404703,0.5880101289927504,9.353953005615992,535.9420289855076
44.136143922805786,0.0027066973476391754,0.5881641638828476,9.372502398632356,537.0048309178746
44.17596387863159,-0.0012951815281952717,0.5883600237040015,9.37924763245649,537.3913043478265
44.236093282699585,-0.005131356461472697,0.5885250842958203,9.384306557824589,537.6811594202902
44.2762885093689,-0.008301407557699175,0.5886347144914312,9.396110717016821,538.3574879227057
44.33613061904907,-0.01213998413261036,0.5887285920511697,9.404542259296987,538.8405797101452
44.37601065635681,-0.01564536955675261,0.5887847528858723,9.412973801577152,539.3236714975849
44.43610644340515,-0.018984217574131323,0.5888016440129045,9.426464269225418,540.0966183574883
44.47595453262329,-0.022156072454274423,0.5887775742852195,9.43826842841765,540.7729468599038
44.53607773780823,-0.025327422240450176,0.5887160660239805,9.450072587609883,541.4492753623192
44.575989961624146,-0.028998510251542875,0.5886046012280152,9.460190438346082,542.0289855072467
44.6360981464386,-0.03250159311333822,0.5884657074753177,9.468621980626247,542.5120772946863
44.676010608673096,-0.035836762668178646,0.5883081148555788,9.47536721445038,542.898550724638
44.73618674278259,-0.03900394645205163,0.5881343632753009,9.483798756730545,543.3816425120775
44.7760169506073,-0.042669960603307105,0.5879115363722521,9.487171373642612,543.5748792270534
44.83613133430481,-0.04583451227038457,0.5876950751081055,9.498975532834844,544.2512077294689
44.87606430053711,-0.04866308288997434,0.5874632205595757,9.514152308939144,545.1207729468603
44.93608546257019,-0.051654213676746025,0.5871748256133283,9.52764277658741,545.8937198067637
44.97612237930298,-0.054973067170308115,0.5868095820211916,9.541133244235676,546.6666666666671
45.036070346832275,-0.05795532907374362,0.586440598325192,9.554623711883941,547.4396135265705
45.07597732543945,-0.061263883177349154,0.5859915313626533,9.56474156262014,548.019323671498
45.136146783828735,-0.06440214474404612,0.5855304922412398,9.576545721812373,548.6956521739136
45.17598032951355,-0.06803081392284305,0.5849629787376309,9.583290955636505,549.0821256038652
45.2360200881958,-0.07165557257078009,0.5843710021079107,9.590036189460637,549.4685990338169
45.27593159675598,-0.07511118192420571,0.5837796942290011,9.598467731740802,549.9516908212564
45.335991859436035,-0.0782321127094111,0.583213095811747,9.610271890933035,550.6280193236719
45.37601327896118,-0.08118175890462723,0.5826389683418899,9.6237623585813,551.4009661835753
45.436068058013916,-0.0844513853088237,0.5819624075018254,9.6338802093175,551.9806763285028
45.47600221633911,-0.08722307250238476,0.5813522285258442,9.6490569854218,552.8502415458942
45.536017179489136,-0.09063644169718804,0.5805523586919891,9.660861144614032,553.5265700483096
45.57589268684387,-0.09387872450472168,0.57975499203273,9.67097899535023,554.1062801932372
45.63609457015991,-0.09695040536575075,0.578963778142265,9.682783154542463,554.7826086956527
45.675901889801025,-0.10017443064544371,0.5780955314093426,9.692901005278662,555.3623188405802
45.73606729507446,-0.10322802984071999,0.5772371756048608,9.704705164470894,556.0386473429957
45.77611970901489,-0.10675267011317133,0.5762045950822173,9.714823015207093,556.6183574879232
45.83603239059448,-0.10946734652409493,0.5753768872438735,9.726627174399326,557.2946859903387
45.87599515914917,-0.11233039613589599,0.5744642087961369,9.740117642047592,558.0676328502421
45.936049699783325,-0.11581821365566677,0.573313365394668,9.746862875871724,558.4541062801937
45.975940465927124,-0.11897820923083904,0.5722351171123977,9.76035334351999,559.2270531400972
46.03600525856018,-0.1218088553900139,0.5712264162894851,9.773843811168256,560.0000000000006
46.07596158981323,-0.12446831417881085,0.5702355342418284,9.789020587272555,560.8695652173919
46.13608360290527,-0.1274254403528362,0.5690880816182431,9.800824746464787,561.5458937198074
46.17594909667969,-0.13036681824025875,0.5679008416021305,9.816001522569087,562.4154589371988
46.23612713813782,-0.13344477494425727,0.5666068655893545,9.829491990217353,563.1884057971022
46.27595615386963,-0.1368159527828141,0.5651493088780224,9.836237224041485,563.5748792270539
46.3360960483551,-0.14048551030353812,0.563540662487888,9.839609840953552,563.7681159420297
46.37601327896118,-0.14353436316036028,0.5621795277955166,9.84972769168975,564.3478260869573
46.43598532676697,-0.14611104872592023,0.5609898808823892,9.86490446779405,565.2173913043486
46.47600030899048,-0.14927644493383296,0.5594828480831195,9.873336010074215,565.7004830917882
46.53600478172302,-0.1524290221667602,0.55794917999596,9.88176755235438,566.1835748792278
46.57605266571045,-0.15541780077574652,0.5564607600888795,9.89188540309058,566.7632850241553
46.63610219955444,-0.15809170189931948,0.5550895242193251,9.905375870738846,567.5362318840587
46.67598056793213,-0.1608956219251515,0.5536065288649099,9.917180029931078,568.2125603864743
46.73600769042969,-0.16382982907988972,0.5520132241964895,9.927297880667277,568.7922705314018
46.77624821662903,-0.1664535050734472,0.550548178357812,9.940788348315543,569.5652173913052
46.8360493183136,-0.16891133464672115,0.5491291497920601,9.955965124419842,570.4347826086965
46.875986099243164,-0.1714919395575032,0.5475895026496786,9.969455592068108,571.2077294686
46.93607425689697,-0.17419513990283658,0.5459299995235991,9.98125975126034,571.8840579710154
46.97599768638611,-0.1765935424685946,0.5444126882785858,9.99643652736464,572.7536231884068
47.036112785339355,-0.17910973956610493,0.5427698896923077,10.009926995012904,573.5265700483101
47.07605957984924,-0.18174655912657287,0.5410068169944267,10.01835853729307,574.0096618357496
47.13606834411621,-0.18381406943666284,0.5395939267734896,10.030162696485302,574.6859903381651
47.17591619491577,-0.186965873083418,0.5374008428968495,10.035221621853402,574.975845410629
47.236045598983765,-0.18914157839970816,0.5358512788070499,10.052084706413734,575.9420289855082
47.276002168655396,-0.19210415838803815,0.5336804652732163,10.062202557149933,576.5217391304357
47.33608436584473,-0.19477730816627437,0.53167984995376,10.072320407886131,577.1014492753632
47.375972032547,-0.19783388340746735,0.5293558811689861,10.077379333254232,577.391304347827
47.43610739707947,-0.20074439333662844,0.5271157375266762,10.084124567078366,577.7777777777787
47.47598719596863,-0.2033695714296991,0.5250525769965693,10.097615034726632,578.5507246376822
47.536088943481445,-0.20570696778269798,0.5231640290576534,10.111105502374897,579.3236714975856
47.57598567008972,-0.2082791247913724,0.5210351326966122,10.121223353111096,579.9033816425132
47.63610005378723,-0.21095904167762322,0.5187748392435549,10.129654895391262,580.3864734299527
47.675987243652344,-0.21374852424761973,0.516385676507864,10.136400129215394,580.7729468599044
47.736101150512695,-0.21652182802057512,0.5139777525537412,10.143145363039526,581.159420289856
47.776002407073975,-0.21927882681669503,0.5115511769369265,10.149890596863658,581.5458937198077
47.83615207672119,-0.22101493099010788,0.5099863906634087,10.16675368142399,582.5120772946868
47.87601161003113,-0.22346852051110647,0.5077218620467259,10.173498915248121,582.8985507246385
47.93610620498657,-0.22578303868611274,0.5055529341202969,10.181930457528287,583.3816425120781
47.976117849349976,-0.2279565886772576,0.5034779123217148,10.192048308264486,583.9613526570057
48.036113023757935,-0.2304739537506592,0.5010378807443856,10.197107233632586,584.2512077294695
48.07601070404053,-0.2328616262449255,0.49870395455586713,10.200479850544653,584.4444444444454
48.13615679740906,-0.235003434986756,0.4965961855120641,10.20385246745672,584.6376811594213
48.17589497566223,-0.23725483350921775,0.49436180697977883,10.20891139282482,584.927536231885
48.23612570762634,-0.23889841789173089,0.4927001078011398,10.222401860473084,585.7004830917883
48.27592945098877,-0.24110798510594497,0.4904243539791393,10.227460785841185,585.9903381642522
48.33604311943054,-0.24260661196047623,0.4888545678744238,10.239264945033415,586.6666666666675
48.375998735427856,-0.2446613857855142,0.48666186644547005,10.246010178857548,587.0531400966192
48.43610954284668,-0.2460163748549561,0.48518628062170677,10.259500646505813,587.8260869565227
48.476001501083374,-0.24780302847084987,0.48320065443620663,10.266245880329945,588.2125603864743
48.536017179489136,-0.2495728768869378,0.4812000347632552,10.276363731066144,588.7922705314019
48.57631993293762,-0.2516605135746084,0.4788119359812173,10.278050039522178,588.8888888888897
48.636109352111816,-0.25374412022477844,0.47642032019688957,10.279736347978211,588.9855072463777
48.6751811504364,-0.2554902302538948,0.47439894881637845,10.286481581802343,589.3719806763294
48.73606038093567,-0.2574430747361105,0.47211499753474495,10.28985419871441,589.5652173913053
48.776084899902344,-0.2592746646387004,0.46994708454977296,10.298285740994576,590.0483091787448
48.83614253997803,-0.26120041357117896,0.46764024123527304,10.301658357906643,590.2415458937207
48.876086473464966,-0.26322286511416787,0.46519669207703207,10.306717283274743,590.5314009661845
48.93611145019531,-0.2652329290970918,0.46274294279949135,10.311776208642843,590.8212560386484
48.97594404220581,-0.2676611520982517,0.45976851576654626,10.31008990018681,590.7246376811604
49.036041259765625,-0.2697704688266048,0.4571802780779213,10.313462517098877,590.9178743961363
49.075960874557495,-0.2720859129072872,0.4543293080157914,10.313462517098877,590.9178743961363
49.13605070114136,-0.2741864885217394,0.45173397114338043,10.316835134010944,591.1111111111121
49.17597031593323,-0.2763851928201805,0.4490032971571343,10.318521442466977,591.2077294686001
49.236133098602295,-0.2786861844884123,0.4461406499681402,10.318521442466977,591.2077294686001
49.275999784469604,-0.2807736036636553,0.44353471969659497,10.321894059379044,591.400966183576
49.33602547645569,-0.28285222217934375,0.44092176419380413,10.325266676291111,591.5942028985519
49.375998973846436,-0.2853518483479156,0.4377904282770134,10.318521442466979,591.2077294686002
49.436052560806274,-0.2878672836575678,0.4346717777981446,10.315148825554912,591.0144927536243
49.475964069366455,-0.2900705895863032,0.4319448153863126,10.316835134010946,591.1111111111122
49.536083698272705,-0.29216678567768,0.42934593998725534,10.316835134010946,591.1111111111122
49.57596802711487,-0.294903219591214,0.42597661173201123,10.310089900186814,590.7246376811606
49.636021852493286,-0.29723305682594775,0.42313739176068543,10.306717283274747,590.5314009661847
49.67618918418884,-0.2998941772772493,0.4199221954998421,10.301658357906646,590.2415458937209
49.736024379730225,-0.3022478704169461,0.4171027203376758,10.29828574099458,590.0483091787451
49.775895833969116,-0.3049360050200893,0.4139100754455118,10.293226815626479,589.7584541062812
49.83531928062439,-0.3072030699847976,0.4112358844544015,10.291540507170446,589.6618357487932
49.87607169151306,-0.3093643260934107,0.40869085725880794,10.291540507170446,589.6618357487932
49.936039209365845,-0.31207928374760535,0.4055209907019943,10.28310896489028,589.1787439613537
49.97595810890198,-0.31492777451757087,0.402245850431999,10.276363731066148,588.792270531402
50.03606295585632,-0.3175774828766905,0.39924044842594353,10.269618497242016,588.4057971014504
50.07596230506897,-0.3202423613688501,0.39624848949767977,10.266245880329949,588.2125603864745
50.1360239982605,-0.3231456734946772,0.39302184694624187,10.259500646505817,587.8260869565229
50.17600393295288,-0.3260706838664834,0.3898148611683576,10.252755412681685,587.4396135265712
50.2360303401947,-0.32867489177566844,0.3869932332192092,10.247696487313586,587.1497584541074
50.27597141265869,-0.3312886011261276,0.38418040429639905,10.246010178857553,587.0531400966195
50.33605647087097,-0.33437353394600905,0.3808939520586265,10.237578636577387,586.5700483091799
50.37597966194153,-0.3371377851771535,0.3779935536829705,10.230833402753255,586.1835748792282
50.43607473373413,-0.34003499493575584,0.37498935251348553,10.225774477385155,585.8937198067645
50.47601675987244,-0.3427097341950677,0.3722344926236955,10.224088168929121,585.7971014492765
50.53610825538635,-0.34539374931186356,0.369488669255289,10.219029243561021,585.5072463768126
50.57593297958374,-0.3482113225390291,0.3666400420919077,10.212284009736887,585.1207729468609
50.63599705696106,-0.3506829960282128,0.36415373736922996,10.21397031819292,585.2173913043489
50.67603039741516,-0.35387162501766806,0.36096779575301263,10.205538775912755,584.7342995169092
50.735973834991455,-0.35672262681698974,0.3581526253591187,10.202166159000688,584.5410628019334
50.77596950531006,-0.3597096761983119,0.3552377351303763,10.193734616720523,584.0579710144938
50.83605360984802,-0.3625937093210176,0.35245641376211817,10.190361999808456,583.864734299518
50.87623190879822,-0.36573328153044865,0.3494591600530551,10.183616765984324,583.4782608695663
50.93601751327515,-0.36852619581673574,0.34682418132313564,10.178557840616225,583.1884057971025
50.97610950469971,-0.3717009285358719,0.34386419557709347,10.171812606792091,582.8019323671508
51.036115884780884,-0.3745247512307088,0.34126236766083917,10.166753681423991,582.512077294687
51.07598853111267,-0.37761312977447903,0.33845506165285677,10.158322139143824,582.0289855072473
51.13617420196533,-0.3804674674161356,0.33588674708000954,10.15663583068779,581.9323671497593
51.17601442337036,-0.38370632095771384,0.3329970635002848,10.149890596863658,581.5458937198077
51.23624920845032,-0.3869694235740561,0.3301347908420734,10.13977274612746,580.9661835748801
51.276041746139526,-0.3905196741176879,0.3270940382693758,10.126282278479193,580.1932367149767
51.336087226867676,-0.3935846132141651,0.32451342905035835,10.122909661567126,580.0000000000009
51.376002073287964,-0.39691906438859775,0.3217346021719706,10.116164427742994,579.6135265700492
51.436046838760376,-0.39975238204694535,0.3193975906972826,10.112791810830927,579.4202898550733
51.47599720954895,-0.40311477782331806,0.3166526429568407,10.106046577006795,579.0338164251217
51.53607177734375,-0.40623554809331364,0.31413983804433676,10.099301343182663,578.64734299517
51.57601761817932,-0.40897546702050575,0.31195266514683645,10.09761503472663,578.550724637682
51.63606095314026,-0.4125124008879005,0.3091584429595331,10.089183492446464,578.0676328502425
51.67601656913757,-0.41607276835749246,0.30639414154763683,10.080751950166299,577.5845410628029
51.73609733581543,-0.41912148837355734,0.30405987734208495,10.075693024798198,577.2946859903391
51.7760956287384,-0.42244810774492203,0.3015394304352575,10.070634099430098,577.0048309178752
51.83609986305237,-0.4259232024566293,0.29893863051996467,10.063888865605966,576.6183574879236
51.87603998184204,-0.4292793411337531,0.2964576262410508,10.058829940237867,576.3285024154599
51.936145305633545,-0.43251124657556705,0.2940894660223231,10.0554573233258,576.135265700484
51.97597312927246,-0.43534439618609677,0.29202448556345645,10.053771014869767,576.0386473429961
52.036109924316406,-0.43859220177856234,0.2896781790106071,10.047025781045635,575.6521739130444
52.07599973678589,-0.44198969868726073,0.28725411964510844,10.041966855677536,575.3623188405807
52.13607692718506,-0.44512289944205263,0.2850345394713261,10.040280547221503,575.2657004830928
52.176058292388916,-0.4485366697843168,0.28263345198804846,10.035221621853402,574.975845410629
52.23611855506897,-0.4519625433133984,0.2802496651656136,10.030162696485302,574.6859903381651
52.27601933479309,-0.4556754634751331,0.277693925999164,10.025103771117202,574.3961352657013
52.33606266975403,-0.4589891875474843,0.2754416763729652,10.018358537293068,574.0096618357495
52.37601685523987,-0.4628728348250048,0.2728401885381429,10.011613303468936,573.6231884057979
52.436113357543945,-0.46621664034422355,0.27063284618679895,10.004868069644804,573.2367149758462
52.47598886489868,-0.4695678713523594,0.268436793742866,10.004868069644804,573.2367149758462
52.535972595214844,-0.47292280081570576,0.2662463956278282,10.001495452732737,573.0434782608703
52.57598519325256,-0.47628509855839474,0.26406732484056583,9.99812283582067,572.8502415458945
52.63595128059387,-0.47993948352104515,0.26172512203135434,9.991377601996538,572.4637681159428
52.67599439620972,-0.48375276945336315,0.25932170171590246,9.982946059716372,571.9806763285033
52.73600769042969,-0.48729852009497027,0.25712017918828256,9.977887134348272,571.6908212560394
52.77595400810242,-0.4908590397458955,0.2549426234789032,9.969455592068105,571.2077294685997
52.8360869884491,-0.49428941702820534,0.2528723801822336,9.966082975156038,571.0144927536238
52.87604904174805,-0.4977267569253616,0.2508137179860947,9.96271035824397,570.8212560386479
52.93614482879639,-0.501461776618297,0.24860236741503852,9.955965124419839,570.4347826086963
52.9759247303009,-0.5046284705587463,0.2467418940684282,9.955965124419839,570.4347826086963
53.03607749938965,-0.5077982973271838,0.24488676338731064,9.952592507507772,570.2415458937204
53.07593011856079,-0.5115554995763418,0.2427133157312475,9.94584727368364,569.8550724637688
53.13607215881348,-0.5147408550999643,0.24088497720295016,9.94584727368364,569.8550724637688
53.175984382629395,-0.5180758237807971,0.23898196195983204,9.94078834831554,569.5652173913049
53.23606538772583,-0.5217112076682743,0.2369318319535287,9.935729422947439,569.2753623188411
53.275978088378906,-0.5249148986901283,0.2351358154106147,9.935729422947439,569.2753623188411
53.33607316017151,-0.5284164223983734,0.2331883228363052,9.928984189123307,568.8888888888895
53.375977754592896,-0.532075752513879,0.23118124731260722,9.923925263755208,568.5990338164257
53.43612837791443,-0.5353033803840915,0.2294286121773449,9.920552646843142,568.4057971014499
53.476030588150024,-0.5389795029694522,0.2274524614266488,9.915493721475041,568.1159420289861
53.53612732887268,-0.542519715982729,0.2255762185247256,9.908748487650907,567.7294685990344
53.57594013214111,-0.5465183581658064,0.2234957283166123,9.900316945370742,567.2463768115947
53.63614296913147,-0.5500835596639033,0.22166741382387306,9.896944328458675,567.0531400966188
53.67602825164795,-0.5536549070784366,0.21985113376531937,9.893571711546608,566.859903381643
53.735570430755615,-0.5569314451268258,0.2181917332701454,9.893571711546608,566.859903381643
53.7760066986084,-0.5605119352272696,0.2163935435562898,9.886826477722476,566.4734299516913
53.8360869884491,-0.5642526026600394,0.2145424746192997,9.881767552354376,566.1835748792275
53.87604856491089,-0.5678540689386121,0.21278667387585032,9.875022318530242,565.7971014492757
53.93649339675903,-0.5714672964841717,0.21105520562306465,9.86827708470611,565.4106280193241
53.975550413131714,-0.5752416546271836,0.20927383826612891,9.863218159338011,565.1207729468604
54.0361328125,-0.579027942555543,0.2075179701686808,9.854786617057844,564.6376811594207
54.07599449157715,-0.582522144365083,0.20592610433517544,9.849727691689743,564.3478260869568
54.13619136810303,-0.586328894574495,0.2042150514735666,9.844668766321643,564.057971014493
54.17607092857361,-0.5901470995482511,0.20252971476226547,9.836237224041477,563.5748792270534
54.23611497879028,-0.5941312188120004,0.20080714773978195,9.829491990217345,563.1884057971017
54.276039600372314,-0.5981297201838608,0.19911823381836555,9.819374139481146,562.6086956521742
54.33605980873108,-0.6021423194084349,0.19746309306372462,9.812628905657014,562.2222222222226
54.37603259086609,-0.6060099136892112,0.1958944109635581,9.807569980288914,561.9323671497588
54.43605136871338,-0.60973162762607,0.19441041602469117,9.80082474646478,561.545893719807
54.475342750549316,-0.6133066016913984,0.19300932946422997,9.79576582109668,561.2560386473432
54.53611445426941,-0.6170431397153786,0.1915630655872902,9.792393204184613,561.0628019323673
54.57613158226013,-0.6206297998879922,0.19019217101663036,9.787334278816513,560.7729468599035
54.636067628860474,-0.6245383058814443,0.18872839850998085,9.778902736536345,560.2898550724638
54.675994873046875,-0.6282986999644772,0.1873453468310175,9.775530119624278,560.096618357488
54.73609256744385,-0.6315900639775793,0.1861379513099053,9.777216428080312,560.1932367149759
54.77612233161926,-0.6353551011688873,0.18476758984136415,9.77047119425618,559.8067632850242
54.836161375045776,-0.6388106021867566,0.18352307214304284,9.77047119425618,559.8067632850242
54.87604856491089,-0.6427432350246338,0.18212541409669408,9.762039651976014,559.3236714975847
54.93612313270569,-0.6463677159062345,0.18085788837443567,9.76035334351998,559.2270531400967
54.97612977027893,-0.6496770245372612,0.17970058228019958,9.762039651976014,559.3236714975847
55.036104917526245,-0.6529863331682879,0.17854327618596358,9.76035334351998,559.2270531400967
55.075989723205566,-0.6564542489457563,0.1773337838353004,9.76035334351998,559.2270531400967
55.1360285282135,-0.6602396494071406,0.17602071911742048,9.756980726607914,559.0338164251208
55.17601656913757,-0.6640316440973477,0.17472682117869648,9.750235492783782,558.6473429951691
55.23607563972473,-0.6678301359691037,0.1734521231334329,9.746862875871715,558.4541062801933
55.27597784996033,-0.671952102128833,0.1720920354771514,9.740117642047583,558.0676328502416
55.336060523986816,-0.6759231806533842,0.17080767400002644,9.735058716679482,557.7777777777778
55.37597942352295,-0.6791026323027298,0.1697882238527414,9.735058716679482,557.7777777777778
55.43601155281067,-0.6837214813167455,0.16833725652361292,9.723254557487252,557.1014492753624
55.475167751312256,-0.6875529790494963,0.1671654968510191,9.719881940575185,556.9082125603866
55.536043643951416,-0.691390355572564,0.16601313535105527,9.713136706751053,556.5217391304349
55.576388120651245,-0.6960399003530146,0.1646637630010141,9.70133254755882,555.8454106280194
55.636064291000366,-0.6995731214844528,0.16366093698306078,9.70133254755882,555.8454106280194
55.676034450531006,-0.7032678262338173,0.16261564279829832,9.699646239102787,555.7487922705315
55.73600935935974,-0.7072895061396819,0.16149978447985355,9.691214696822621,555.2657004830919
55.77596664428711,-0.7108326926939915,0.16053275778565806,9.691214696822621,555.2657004830919
55.8361873626709,-0.7146997605715144,0.15948433914931956,9.687842079910554,555.072463768116
55.875975131988525,-0.7185720828137508,0.15845549705323753,9.681096846086422,554.6859903381643
55.936020851135254,-0.7226120068448262,0.1574076121000031,9.676037920718322,554.3961352657005
55.976064682006836,-0.7263335664501176,0.156462372859419,9.670978995350222,554.1062801932367
56.036062479019165,-0.7303838858602718,0.15545541619311962,9.665920069982121,553.8164251207729
56.076048851013184,-0.7337889875162145,0.15462105192983705,9.664233761526088,553.719806763285
56.136040925979614,-0.7373584364487009,0.15375598204578325,9.660861144614021,553.526570048309
56.17596673965454,-0.7412555413678296,0.15282540756961346,9.657488527701954,553.3333333333331
56.23605704307556,-0.7443413694878434,0.1520913043437568,9.659174836157987,553.4299516908211
56.27599883079529,-0.7484049042435621,0.15113907835107265,9.650743293877822,552.9468599033816
56.3361120223999,-0.7519843156841728,0.1503162020998954,9.650743293877822,552.9468599033816
56.37597942352295,-0.7563831136502607,0.14933225328624516,9.63893913468559,552.2705314009661
56.43638586997986,-0.7606291241316512,0.14843123250588225,9.62882128394939,551.6908212560385
56.476216077804565,-0.7642269630412708,0.14769308159559666,9.625448667037324,551.4975845410627
56.53604507446289,-0.767663035085957,0.1469971721798873,9.62376235858129,551.4009661835747
56.57598924636841,-0.7720867766891638,0.14613225077166675,9.611958199389058,550.7246376811593
56.6354877948761,-0.7763542174598426,0.1453389080188343,9.605212965564926,550.3381642512076
56.67610812187195,-0.780463196343291,0.14460723760980262,9.59678142328476,549.855072463768
56.73604989051819,-0.7840817800289146,0.14397861713919544,9.59678142328476,549.855072463768
56.77600312232971,-0.7878664950350477,0.1433309942241992,9.59172249791666,549.5652173913041
56.83607029914856,-0.7916544378727158,0.14270252610548986,9.58666357254856,549.2753623188404
56.87609601020813,-0.7951149099739803,0.14214037501591142,9.584977264092526,549.1787439613524
56.93616199493408,-0.7985763251147704,0.14158406014620994,9.583290955636492,549.0821256038645
56.97617769241333,-0.8022040321318942,0.14101042839688135,9.579918338724426,548.8888888888886
57.03611207008362,-0.8061646458158185,0.14040467691887978,9.573173104900293,548.502415458937
57.076003074645996,-0.8094668409180379,0.13991101823091198,9.573173104900293,548.502415458937
57.13616585731506,-0.813431450406323,0.1393319955959558,9.566427871076161,548.1159420289853
57.17599058151245,-0.8175657099342395,0.1387602026195151,9.557996328795996,547.6328502415457
57.23609685897827,-0.8210408733212066,0.13829747111526453,9.556310020339962,547.5362318840578
57.276002168655396,-0.8240192493192584,0.13789833273972793,9.55968263725203,547.7294685990336
57.336081743240356,-0.8279904173166609,0.13736614823901258,9.556310020339962,547.5362318840578
57.37596249580383,-0.8319642267678521,0.13685406030513955,9.54956478651583,547.1497584541061
57.43600535392761,-0.8361066878143847,0.13634507550179567,9.54450586114773,546.8599033816423
57.47604990005493,-0.8395877772539764,0.13592926626102808,9.542819552691697,546.7632850241544
57.53601813316345,-0.8434011615618683,0.1354802860409761,9.541133244235663,546.6666666666664
57.57597637176514,-0.8472160384174386,0.13504416943442235,9.536074318867563,546.3768115942025
57.636003255844116,-0.8511986626097136,0.13460587712385833,9.532701701955496,546.1835748792267
57.6760094165802,-0.8550170809566012,0.1342019409335673,9.527642776587395,545.8937198067629
57.73602557182312,-0.8593361737022218,0.13377080138602498,9.520897542763262,545.5072463768112
57.77603197097778,-0.8631578620872185,0.13339907432801623,9.522583851219295,545.603864734299
57.8360276222229,-0.866813688604384,0.13304659161593602,9.519211234307228,545.4106280193232
57.87597584724426,-0.8708031371633729,0.1326755177667161,9.515838617395161,545.2173913043473
57.93605422973633,-0.8749604053562303,0.1323065052672926,9.51077969202706,544.9275362318834
57.97614049911499,-0.87861961105648,0.13199102907296542,9.51077969202706,544.9275362318834
58.036203384399414,-0.8827786928502701,0.1316430525153645,9.50572076665896,544.6376811594197
58.0761079788208,-0.8867727841973908,0.1313258303262757,9.502348149746894,544.4444444444438
58.136406660079956,-0.8909346520999067,0.13101293319608198,9.497289224378793,544.1545893719799
58.17606973648071,-0.8947649778572547,0.13074444165008448,9.492230299010693,543.8647342995162
58.236124753952026,-0.8985961873479293,0.13048886982800836,9.49054399055466,543.7681159420282
58.27602458000183,-0.9020946367104677,0.1302614207811903,9.488857682098626,543.6714975845402
58.336092472076416,-0.9059266863562467,0.1300187715900461,9.487171373642592,543.5748792270523
58.37603306770325,-0.9100928235444026,0.12976907180722935,9.482112448274492,543.2850241545885
58.43621826171875,-0.913926782861723,0.12955874094689313,9.477053522906392,542.9951690821247
58.47606372833252,-0.9185960202384991,0.12933811127925848,9.466935672170193,542.4154589371972
58.536083459854126,-0.9224324680603742,0.1291795198932884,9.46524936371416,542.3188405797092
58.57602572441101,-0.9264363800390162,0.12903091143564888,9.458504129890027,541.9323671497575
58.6361289024353,-0.9306079626801351,0.12890072956138043,9.453445204521927,541.6425120772938
58.67594242095947,-0.9346131732910204,0.12879263900284021,9.45007258760986,541.4492753623178
58.73610711097717,-0.9382849296389297,0.12870593890183812,9.446699970697793,541.2560386473419
58.77603459358215,-0.9422909092429502,0.1286316218878864,9.439954736873661,540.8695652173903
58.836347579956055,-0.9464641888818807,0.1285788382979477,9.434895811505562,540.5797101449266
58.87597441673279,-0.9496359445450213,0.12854407127602221,9.436582119961596,540.6763285024145
58.936041831970215,-0.9531414994417228,0.12849973306047358,9.43826842841763,540.7729468599025
58.976091146469116,-0.9568140233827168,0.1284563799896387,9.434895811505562,540.5797101449266
59.036585092544556,-0.9604866152086668,0.1284192199856859,9.434895811505562,540.5797101449266
59.076199531555176,-0.9644931929524769,0.1283921942720943,9.428150577681429,540.1932367149749
59.13622260093689,-0.9683329159420172,0.12838895679265394,9.423091652313328,539.903381642511
59.175957441329956,-0.9715048610203332,0.1283916312321916,9.424777960769362,539.999999999999
59.2360634803772,-0.975344573091101,0.12840134366130618,9.419719035401261,539.7101449275351
59.27602219581604,-0.9788503473092858,0.1284220352600493,9.418032726945228,539.6135265700473
59.33618521690369,-0.9830237812321506,0.12846074370298716,9.41297380157713,539.3236714975835
59.37608337402344,-0.98669622684487,0.12851028971742334,9.409601184665064,539.1304347826077
59.43604612350464,-0.9900347330642769,0.1285609613693749,9.409601184665064,539.1304347826077
59.4760582447052,-0.9940407126682979,0.12863527838332672,9.40285595084093,538.743961352656
59.53605031967163,-0.9980462650478353,0.1287298603116922,9.399483333928865,538.5507246376802
59.576035261154175,-1.0022180612844156,0.1288530074291167,9.3910517916487,538.0676328502406
59.63608503341675,-1.0067223196969644,0.12902398978881258,9.382620249368534,537.584541062801
59.676058530807495,-1.0105582108329605,0.12919551911710825,9.377561324000434,537.2946859903371
59.736021995544434,-1.014726305264093,0.12941008347863836,9.369129781720268,536.8115942028976
59.77600336074829,-1.0185595334125905,0.12963334359428752,9.364070856352168,536.5217391304337
59.83619737625122,-1.0227248047666984,0.1298970927150967,9.35901193098407,536.2318840579701
59.876091957092285,-1.0265555778373707,0.13015912477169495,9.353953005615969,535.9420289855062
59.93606376647949,-1.030551222871292,0.13045613717765042,9.347207771791837,535.5555555555546
59.97619676589966,-1.0340462855915677,0.13073075981415833,9.345521463335803,535.4589371980667
60.036187410354614,-1.0380392843563326,0.13106145071360847,9.33877622951167,535.0724637681149
60.076533794403076,-1.0413658349929233,0.13134824725390581,9.33877622951167,535.0724637681149
60.136224031448364,-1.0450245035005277,0.13166989354627345,9.335403612599602,534.8792270531391
60.17604303359985,-1.048516081111764,0.1319857523689431,9.333717304143569,534.7826086956511
60.23602366447449,-1.0520076587230005,0.1323016111916127,9.335403612599602,534.8792270531391
60.2759485244751,-1.0563288772935513,0.13271089534749064,9.325285761863404,534.2995169082114
60.336100578308105,-1.0594854019020863,0.13302329753729303,9.326972070319437,534.3961352656994
60.37602663040161,-1.0634715799673822,0.13342799500225405,9.320226836495305,534.0096618357478
60.43608069419861,-1.067124304599633,0.1338112890758799,9.320226836495305,534.0096618357478
60.47603893280029,-1.0711076622250215,0.13424286483360243,9.313481602671171,533.623188405796
60.5360369682312,-1.075253462230171,0.13472389640156635,9.305050060391006,533.1400966183564
60.57604646682739,-1.0793959232767034,0.1352328812049099,9.299991135022907,532.8502415458927
60.63613986968994,-1.0828741288156927,0.13567216157060935,9.298304826566874,532.7536231884047
60.67601680755615,-1.087013062429888,0.1362090764515389,9.293245901198773,532.463768115941
60.7360680103302,-1.0909833273542142,0.13674795680658536,9.28650066737464,532.0772946859892
60.775719165802,-1.0951156349344857,0.13733368977825633,9.281441742006539,531.7874396135254
60.836058616638184,-1.0994095646622684,0.13796820608820276,9.274696508182407,531.4009661835737
60.87602519989014,-1.1033691512315669,0.1385806355181169,9.267951274358273,531.014492753622
60.936137199401855,-1.1071612470295764,0.13918353897340024,9.26626496590224,530.917874396134
60.97609996795654,-1.1107869987784906,0.13976940230317547,9.262892348990174,530.7246376811582
61.03609013557434,-1.1150684205823689,0.1404834546766064,9.25614711516604,530.3381642512064
61.07606887817383,-1.1186880591705384,0.1411059722080536,9.252774498253974,530.1449275362306
61.136189222335815,-1.1227970380539862,0.1418376426170852,9.244342955973808,529.661835748791
61.17615270614624,-1.126737443459938,0.14256331530028238,9.240970339061743,529.4685990338152
61.23614478111267,-1.1305106999587906,0.14327466508171594,9.235911413693643,529.1787439613514
61.275675773620605,-1.134606756998797,0.14407551823747572,9.227479871413477,528.6956521739119
61.33601379394531,-1.1386973189567564,0.1449039818276061,9.222420946045379,528.4057971014481
61.37602400779724,-1.1427821997202527,0.14576001815866496,9.213989403765213,527.9227053140085
61.436070680618286,-1.1462110549020783,0.14649065702514513,9.215675712221246,528.0193236714964
61.476107120513916,-1.149802542248775,0.14725911666913521,9.212303095309181,527.8260869565206
61.53634262084961,-1.1542046336738427,0.1482282244545171,9.203871553029016,527.3429951690811
61.57605242729187,-1.1582729336508892,0.1491598812308234,9.19544001074885,526.8599033816415
61.636104345321655,-1.1629809856745987,0.15028829540412747,9.183635851556618,526.183574879226
61.67608833312988,-1.1671906554466742,0.15134618191259774,9.173518000820419,525.6038647342984
61.73608946800232,-1.1707465648354336,0.1522653228184762,9.170145383908352,525.4106280193225
61.7763876914978,-1.1743009192139908,0.15319045877473314,9.170145383908352,525.4106280193225
61.836355447769165,-1.1784978085348623,0.15429796204022628,9.163400150084218,525.0241545893708
61.875998973846436,-1.1817232933616921,0.1551607708401449,9.163400150084218,525.0241545893708
61.9360728263855,-1.1855903612392154,0.15620918947648355,9.156654916260086,524.6376811594192
61.97609186172485,-1.1894520757834277,0.15727715782124513,9.153282299348021,524.4444444444434
62.03618407249451,-1.1931485379671831,0.1583162201108808,9.14822337397992,524.1545893719796
62.0760555267334,-1.1970011107322553,0.15941671031811494,9.144850757067854,523.9613526570037
62.13616871833801,-1.2006886807305441,0.16048690218194056,9.139791831699755,523.67149758454
62.17595076560974,-1.204372620416301,0.16156952469666286,9.138105523243722,523.5748792270521
62.236090660095215,-1.2078937581512499,0.16261398658560172,9.134732906331656,523.3816425120763
62.27628421783447,-1.2118900118394786,0.1638177330337352,9.129673980963556,523.0917874396124
62.336118936538696,-1.2158780551272317,0.16504840755897932,9.12124243868339,522.6086956521729
62.37603306770325,-1.2198577065664877,0.1663059541680958,9.116183513315292,522.3188405797091
62.436150312423706,-1.2233551033807684,0.1674273493301089,9.112810896403225,522.1256038647333
62.47606325149536,-1.226690809341392,0.16850621297089385,9.111124587947192,522.0289855072454
62.536216497421265,-1.2306553395895456,0.16981064731709433,9.102693045667026,521.5458937198057
62.57597899436951,-1.234451676527464,0.17109174897589718,9.095947811842894,521.1594202898541
62.63607335090637,-1.2382414839161444,0.1723920395446148,9.092575194930827,520.9661835748782
62.675976037979126,-1.2423375135994772,0.17382834880378578,9.082457344194628,520.3864734299507
62.73611903190613,-1.2459533623352084,0.17512029347674546,9.080771035738595,520.2898550724627
62.77618908882141,-1.2497207050243562,0.1764843039858383,9.074025801914463,519.903381642511
62.83611512184143,-1.2534810991073893,0.17786735566480155,9.070653185002396,519.7101449275352
62.87599492073059,-1.2575446603424463,0.17939310582248164,9.060535334266197,519.1304347826076
62.93636703491211,-1.2611290036654716,0.18077004665649088,9.055476408898098,518.840579710144
62.97612285614014,-1.2647063353108334,0.18216510271872266,9.050417483529998,518.5507246376801
63.03617310523987,-1.2685844226550191,0.18370766150299833,9.041985941249832,518.0676328502406
63.075968742370605,-1.272452016935795,0.18527634360316453,9.036927015881734,517.7777777777768
63.13608741760254,-1.2760028571954818,0.18673751319217974,9.031868090513633,517.4879227053129
63.176013469696045,-1.2792381381092648,0.18808800881233317,9.026809165145535,517.1980676328493
63.2359881401062,-1.282774012975576,0.18958502987012182,9.021750239777434,516.9082125603854
63.27591133117676,-1.2855402305851291,0.19075894433259177,9.0251228566895,517.1014492753612
63.33589506149292,-1.28892357789978,0.19218802534302076,9.0251228566895,517.1014492753612
63.37589144706726,-1.2921519853864127,0.19355487065665405,9.023436548233466,517.0048309178733
63.43583631515503,-1.2955304937254168,0.1949953542522586,9.020063931321399,516.8115942028974
63.475987672805786,-1.2993599797428013,0.19665489813379056,9.011632389041234,516.3285024154578
63.535943269729614,-1.3030268193733583,0.19826973023966726,9.008259772129168,516.135265700482
63.57598376274109,-1.30623171971432,0.19969081954567447,9.006573463673135,516.0386473429941
63.63593029975891,-1.3098875835903865,0.20133034841887787,8.999828229849003,515.6521739130425
63.67594003677368,-1.313535106465962,0.2029883509757362,8.996455612936938,515.4589371980667
63.73595929145813,-1.3174774523682946,0.20480448760085113,8.989710379112806,515.072463768115
63.77598714828491,-1.3211051502556115,0.20650542958832413,8.982965145288672,514.6859903381633
63.83595013618469,-1.3245747911913082,0.20815014077726057,8.981278836832638,514.5893719806753
63.87600564956665,-1.3281880187368675,0.2098816090300462,8.974533603008505,514.2028985507236
63.93605947494507,-1.3313457505053685,0.21140463597968961,8.976219911464538,514.2995169082114
63.97629737854004,-1.3349531179334961,0.2131482803943785,8.972847294552473,514.1062801932358
64.03598046302795,-1.3385516182712027,0.21491015182156076,8.966102060728339,513.7198067632839
64.07585954666138,-1.3422891589137034,0.21676752604280153,8.961043135360239,513.4299516908202
64.13587260246277,-1.3461647326813067,0.21872210308824958,8.954297901536107,513.0434782608685
64.1761519908905,-1.3495828602221422,0.22047135642389137,8.949238976168008,512.7536231884047
64.23599576950073,-1.3528452906655344,0.22215832387703238,8.945866359255941,512.5603864734289
64.27594447135925,-1.3561048717242117,0.2238507903930495,8.945866359255941,512.5603864734289
64.33591413497925,-1.3595081290381705,0.2256288012964648,8.94080743388784,512.2705314009651
64.37591433525085,-1.3629053704586216,0.22741827994927116,8.939121125431807,512.1739130434771
64.43589687347412,-1.3667337242547652,0.22946379960605207,8.929003274695608,511.5942028985496
64.47598767280579,-1.3706894504709484,0.23162477367275042,8.920571732415443,511.11111111111
64.53591394424438,-1.374479204683865,0.2337409509952843,8.910453881679244,510.5314009661825
64.57596588134766,-1.3782473541171858,0.23589536351448542,8.900336030943045,509.95169082125494
64.6359269618988,-1.3817121527070417,0.23790746846655075,8.896963414030978,509.7584541062791
64.67592239379883,-1.3853088846946005,0.24002467607605638,8.888531871750812,509.2753623188395
64.73596382141113,-1.389032669583186,0.24225489345520657,8.88178663792668,508.88888888888783
64.77599501609802,-1.3928819911299573,0.24460016581548782,8.873355095646515,508.40579710144823
64.83596801757812,-1.3964277417715643,0.24680168834310762,8.86492355336635,507.9227053140086
64.87596583366394,-1.3998191293543456,0.2489352032527698,8.861550936454282,507.72946859903277
64.93599605560303,-1.4032033021345742,0.25108014385799643,8.858178319542215,507.53623188405686
64.97602486610413,-1.4068576870972254,0.25342234666720787,8.851433085718082,507.1497584541051
65.03599190711975,-1.4104921940158508,0.2557952779584988,8.841315234981883,506.5700483091776
65.07591080665588,-1.4141065645115953,0.25819876903903494,8.83457000115775,506.18357487922594
65.13588690757751,-1.417564283726973,0.26053612371466356,8.826138458877585,505.70048309178634
65.17590117454529,-1.4205948838870495,0.26261091870590214,8.822765841965518,505.50724637681043
65.2360200881958,-1.4240247723431338,0.2649889250622632,8.814334299685353,505.0241545893708
65.27608633041382,-1.4274344888594315,0.26739576579869867,8.805902757405187,504.5410628019313
65.33619618415833,-1.4309614975172096,0.2699257170596295,8.799157523581055,504.1545893719796
65.37591862678528,-1.4339350215321842,0.2720815154078747,8.79578490666899,503.96135265700383
65.43597459793091,-1.4371669269739986,0.27444967562660194,8.789039672844858,503.5748792270522
65.4758996963501,-1.4399860834627825,0.2765337192208893,8.787353364388824,503.4782608695642
65.53591656684875,-1.442933953521531,0.2787244665140887,8.783980747476758,503.28502415458837
65.57619380950928,-1.4462732810227665,0.28122805212108737,8.778921822108657,502.9951690821245
65.63592743873596,-1.4492025751391895,0.2834435763401864,8.77554920519659,502.80193236714865
65.67593097686768,-1.4519933612289744,0.2855654608828062,8.773862896740557,502.7053140096607
65.73590040206909,-1.4553071873333931,0.2881027045844929,8.768803971372456,502.4154589371969
65.77597284317017,-1.458344059518979,0.2904523621012589,8.763745046004358,502.1256038647332
65.83591771125793,-1.4611096046982381,0.2926070409340832,8.762058737548324,502.02898550724524
65.87593674659729,-1.4640011235305774,0.294871644746708,8.75868612063626,501.83574879226944
65.93606853485107,-1.4675286134593455,0.2976777797428878,8.746881961444027,501.159420289854
65.9760012626648,-1.470640891268409,0.3002010955070373,8.740136727619895,500.77294685990233
66.03594088554382,-1.473736078050478,0.3027453467506249,8.73339149379576,500.38647342995057
66.07589817047119,-1.476687856445725,0.3052010518271816,8.728332568427662,500.0966183574869
66.13603782653809,-1.4796271738933078,0.3076716582426213,8.723273643059562,499.80676328502307
66.17594957351685,-1.4826833921688625,0.31026258963086,8.719901026147497,499.61352657004727
66.23595404624939,-1.485601774362061,0.3127578909136913,8.714842100779396,499.32367149758346
66.27595019340515,-1.488755561905464,0.31549150997697656,8.70641055849923,498.84057971014386
66.33593893051147,-1.4911454200381324,0.3175771323872405,8.708096866955264,498.9371980676318
66.37603235244751,-1.4939105870489133,0.31999439592033224,8.7047242500432,498.743961352656
66.43593525886536,-1.4969137538741442,0.3226466373547096,8.697979016219065,498.35748792270425
66.47619485855103,-1.4996543222554797,0.3250917542298614,8.694606399306998,498.1642512077284
66.53589701652527,-1.502878515720389,0.3279977858806806,8.687861165482865,497.77777777777663
66.57594132423401,-1.505957408749955,0.33081549182072545,8.679429623202699,497.29468599033703
66.6358904838562,-1.5091371284018271,0.3337701197821143,8.672684389378567,496.9082125603854
66.6758725643158,-1.5121729047999655,0.33663422709724394,8.664252847098401,496.4251207729458
66.73596668243408,-1.5151892932101754,0.33951874612315214,8.659193921730303,496.1352657004821
66.7759211063385,-1.5180686320687922,0.3423049269040155,8.652448687906169,495.7487922705303
66.83593726158142,-1.5212840098008205,0.34546387053357264,8.644017145626004,495.2657004830907
66.87592005729675,-1.5240093869595894,0.3481686445463389,8.64233083716997,495.16908212560276
66.93596363067627,-1.5267256264691251,0.35088259481200523,8.637271911801871,494.87922705313906
66.97599363327026,-1.5287332817587822,0.3528885580518456,8.642330837169972,495.16908212560287
67.03588104248047,-1.5317960433143243,0.35596425880266935,8.632212986433773,494.58937198067537
67.07592988014221,-1.5344893037591836,0.35870101441723035,8.63052667797774,494.4927536231874
67.13590979576111,-1.5371733188759795,0.3614468377856364,8.62546775260964,494.20289855072366
67.1759603023529,-1.5400705286345815,0.36445103895512126,8.617036210329475,493.7198067632841
67.23600888252258,-1.542717258201726,0.36723281998821533,8.611977284961377,493.42995169082036
67.27597641944885,-1.5449036869745838,0.3695308130155539,8.617036210329475,493.7198067632841
67.3359124660492,-1.5474375839364667,0.37218951152657154,8.61366359341741,493.5265700483083
67.37596821784973,-1.5499624997328372,0.3748567407644073,8.610290976505343,493.33333333333246
67.4359073638916,-1.5528189190105048,0.3778997520956782,8.605232051137243,493.0434782608686
67.47605419158936,-1.555209676728462,0.38046395929190346,8.60354574268121,492.9468599033807
67.53588843345642,-1.5581562522641046,0.38365114238477327,8.596800508857077,492.56038647342905
67.57600831985474,-1.5608612499665482,0.3866068796931567,8.59342789194501,492.36714975845314
67.63594126701355,-1.5636607350637584,0.3897023493251467,8.584996349664845,491.88405797101353
67.6758918762207,-1.5664392769673399,0.39281663157666385,8.579937424296745,491.5942028985497
67.73595571517944,-1.569196749259174,0.395949584754073,8.571505882016579,491.1111111111101
67.775949716568,-1.5721404328330744,0.3993631321510033,8.559701722824347,490.43478260869466
67.83595037460327,-1.5748393196958226,0.4025466928547056,8.554642797456246,490.14492753623085
67.87586665153503,-1.577412168018435,0.405618149693931,8.547897563632114,489.7584541062792
67.93596577644348,-1.5799642402738534,0.408706890992505,8.541152329807982,489.37198067632755
67.97596740722656,-1.5826036131012016,0.41193996385440185,8.536093404439882,489.0821256038637
68.03591656684875,-1.5849142462770998,0.41479483441405396,8.532720787527815,488.88888888888783
68.07589840888977,-1.587215237945331,0.41765748160304783,8.52934817061575,488.69565217391204
68.13590288162231,-1.5896081819815424,0.4206603638780028,8.52428924524765,488.40579710144823
68.17595028877258,-1.5919859041043185,0.42367531340072107,8.51923031987955,488.11594202898453
68.23600172996521,-1.5946478239824409,0.42710381540847653,8.509112469143352,487.536231884057
68.27598857879639,-1.5967814549498573,0.42988563134523905,8.507426160687318,487.4396135265691
68.3358883857727,-1.5992118408351588,0.4330710073128326,8.504053543775251,487.24637681159317
68.37593841552734,-1.6011295114916306,0.435597622041236,8.502367235319218,487.1497584541052
68.4361743927002,-1.6034405738412845,0.43866396741214364,8.49730830995112,486.8599033816415
68.47595262527466,-1.6057360942715924,0.44174196498714524,8.492249384583019,486.5700483091777
68.53589487075806,-1.607526489639875,0.4441553691086769,8.492249384583019,486.5700483091777
68.57604646682739,-1.6096129094768115,0.44697276742541936,8.490563076126985,486.47342995168975
68.63595771789551,-1.6117862201505662,0.4499335160302942,8.483817842302852,486.086956521738
68.67597222328186,-1.6135562034010233,0.4523619299821767,8.483817842302852,486.086956521738
68.73591637611389,-1.6154223571114203,0.4549268301871847,8.482131533846818,485.9903381642501
68.77601742744446,-1.6174801646256547,0.4577651940196606,8.480445225390785,485.89371980676214
68.83594846725464,-1.6200071411753931,0.4612943345625967,8.470327374654586,485.3140096618346
68.87596130371094,-1.6222187889426014,0.4644331396332376,8.465268449286487,485.0241545893709
68.93597531318665,-1.6245072242921392,0.46772197822115563,8.458523215462353,484.6376811594191
68.97607207298279,-1.6264003644154352,0.47047228945207015,8.455150598550286,484.44444444444326
69.03598856925964,-1.628196643903833,0.4730866005911736,8.45683690700632,484.54106280193116
69.07594895362854,-1.630273993420612,0.47611545030204794,8.453464290094253,484.3478260869553
69.13600707054138,-1.6319736430252496,0.4785936000654907,8.45683690700632,484.54106280193116
69.17594504356384,-1.634234267378749,0.481901616561634,8.450091673182186,484.1545893719794
69.23594379425049,-1.636108813083329,0.4846646348016699,8.450091673182186,484.1545893719794
69.27592015266418,-1.6383470728343195,0.4879878243679587,8.443346439358052,483.7681159420277
69.33595132827759,-1.6406463877836364,0.49147095511714445,8.43154228016582,483.0917874396122
69.37599396705627,-1.6427292273617045,0.49469667401526807,8.423110737885654,482.60869565217257
69.43598103523254,-1.6446160265269096,0.4976514785640202,8.42142442942962,482.5120772946847
69.47591161727905,-1.6464058542119493,0.5004701144488397,8.418051812517554,482.31884057970876
69.53629302978516,-1.648450472667042,0.5037201942156715,8.412992887149453,482.02898550724495
69.57595920562744,-1.6499576593423277,0.506124972086395,8.414679195605487,482.1256038647329
69.63588356971741,-1.6518194781765043,0.5090955800443475,8.412992887149453,482.02898550724495
69.67593383789062,-1.654023989535874,0.512639473202794,8.407933961781353,481.73913043478115
69.73582243919373,-1.6561259590440958,0.5160505023426434,8.404561344869288,481.54589371980535
69.77594327926636,-1.6580422080683495,0.5191837596354577,8.401188727957223,481.3526570048296
69.83595705032349,-1.6600372672154489,0.522464494631956,8.39950241950119,481.25603864734165
69.87595796585083,-1.661685359554358,0.5251746670203679,8.401188727957223,481.3526570048296
69.93595957756042,-1.6635910304238892,0.5283143692551264,8.397816111045156,481.1594202898537
69.97600984573364,-1.6654861014625797,0.5314604807191791,8.394443494133089,480.96618357487785
70.03594994544983,-1.6672874308842012,0.5344681531291906,8.392757185677056,480.8695652173899
70.07597064971924,-1.6690887603058224,0.5374758255392021,8.394443494133089,480.96618357487785
70.13588738441467,-1.670639272973842,0.5400499167370636,8.397816111045156,481.1594202898537
70.17596888542175,-1.672450735858428,0.5430514968590844,8.396129802589122,481.06280193236574
70.23604083061218,-1.674173527711783,0.5459115981900414,8.396129802589122,481.06280193236574
70.27595925331116,-1.6758124703216466,0.5486273135385364,8.397816111045156,481.1594202898537
70.33594703674316,-1.6777128439777427,0.5517702248565892,8.397816111045156,481.1594202898537
70.37593626976013,-1.6797801942017685,0.5552023464537379,8.394443494133089,480.96618357487785
70.43619918823242,-1.6817475211059225,0.5584997860619593,8.389384568764989,480.67632850241404
70.47595024108887,-1.6834558219363929,0.5613685662323349,8.392757185677056,480.8695652173899
70.53593516349792,-1.6853402715886927,0.5645210511401301,8.392757185677056,480.8695652173899
70.57597517967224,-1.6873075984928467,0.5678184907483514,8.391070877221022,480.77294685990194
70.635981798172,-1.6893517513995797,0.5712644789230679,8.387698260308955,480.5797101449261
70.67602753639221,-1.6912967917164907,0.5745751134971742,8.382639334940855,480.2898550724623
70.73599863052368,-1.6932306554904506,0.5778922891062492,8.380953026484821,480.1932367149743
70.77596545219421,-1.695314413920158,0.5815085025759851,8.372521484204656,479.7101449275347
70.83598566055298,-1.6971346893700967,0.5846984726185209,8.372521484204656,479.7101449275347
70.87592124938965,-1.6987943731271398,0.5875956507662946,8.375894101116723,479.9033816425106
70.93599057197571,-1.700463818498613,0.5904872149701463,8.379266718028788,480.09661835748636
70.97596096992493,-1.7024612988157757,0.5939604653194506,8.372521484204654,479.7101449275346
71.03598070144653,-1.7039550141971138,0.5965679256524468,8.375894101116721,479.9033816425105
71.07593202590942,-1.7059466347055652,0.6000445394297751,8.372521484204654,479.7101449275346
71.13587927818298,-1.7079265186229446,0.603527850394948,8.369148867292587,479.51690821255875
71.17587637901306,-1.7096563465878456,0.6065772070849713,8.37083517574862,479.6135265700467
71.23596787452698,-1.7116303537562398,0.6100638517909205,8.367462558836555,479.4202898550709
71.27589726448059,-1.713270457761282,0.6129721589009023,8.367462558836555,479.4202898550709
71.33594250679016,-1.7153052436483345,0.616616153336399,8.35903101655639,478.9371980676313
71.37595963478088,-1.717154591022736,0.6199811789539047,8.353972091188291,478.6473429951676
71.43604254722595,-1.7190695247318741,0.623500614206328,8.350599474276224,478.4541062801917
71.47594976425171,-1.7207372968802666,0.6265843484802551,8.348913165820191,478.3574879227038
71.53589987754822,-1.722476309540879,0.6298193363553725,8.345540548908126,478.164251207728
71.57594776153564,-1.7245121389861182,0.6336528519643952,8.338795315083992,477.77777777777624
71.63585925102234,-1.7265892569830483,0.6376532469000444,8.32699115589176,477.1014492753608
71.6759614944458,-1.728408547592313,0.641223061641097,8.323618538979694,476.908212560385
71.73593473434448,-1.7299925207922513,0.6443506661418323,8.321932230523661,476.811594202897
71.77593445777893,-1.731787690961923,0.6479326711206551,8.315186996699527,476.4251207729453
71.83591437339783,-1.7334935754210739,0.6513726480580351,8.313500688243494,476.32850241545736
71.875967502594,-1.7350405203842691,0.6545187317015493,8.308441762875393,476.03864734299356
71.93594431877136,-1.7365821578830534,0.6576674194970421,8.310128071331427,476.13526570048145
71.97604036331177,-1.738118483533572,0.660818702490793,8.305069145963328,475.84541062801776
72.03589129447937,-1.7397894760976482,0.6642757629427487,8.303382837507295,475.7487922705298
72.07589983940125,-1.7413794473972761,0.6675865487788135,8.30001022059523,475.55555555555406
72.13602375984192,-1.7428197983386151,0.6705987872420022,8.30001022059523,475.55555555555406
72.17591309547424,-1.7444674343850102,0.6740670401993712,8.294951295227131,475.2657004830903
72.23603367805481,-1.7461714344763248,0.6776933026409482,8.291578678315064,475.07246376811446
72.27597451210022,-1.7477897695821305,0.6811753242668139,8.286519752946965,474.7826086956507
72.33588099479675,-1.7493963519812703,0.6846627841034927,8.284833444490932,474.6859903381628
72.37593936920166,-1.75112984265339,0.6884593692983426,8.279774519122833,474.39613526569906
72.43597030639648,-1.7526524969289168,0.6918016492900769,8.2831471360349,474.58937198067497
72.47595191001892,-1.7542473083472663,0.6952945076693386,8.281460827578867,474.492753623187
72.53589630126953,-1.7560987112322723,0.6994042383383402,8.273029285298701,474.0096618357474
72.5760281085968,-1.7577166344751214,0.7030697151131461,8.26628405147457,473.62318840579576
72.63598132133484,-1.75905459432159,0.7061288089074857,8.26628405147457,473.62318840579576
72.6759684085846,-1.7605902814174124,0.7096480628428254,8.264597743018536,473.5265700483078
72.73593783378601,-1.7622530535559957,0.7134761482477274,8.262911434562502,473.4299516908199
72.7760214805603,-1.7637768628451156,0.7170005614425824,8.261225126106469,473.33333333333195
72.83591938018799,-1.765288776994913,0.720530093808395,8.25616620073837,473.04347826086826
72.87602496147156,-1.7669127326885825,0.7243748066659532,8.25110727537027,472.7536231884044
72.9358823299408,-1.7683948340482563,0.7279169611907201,8.249420966914236,472.6570048309165
72.97596383094788,-1.7696810203531648,0.730998181108609,8.249420966914236,472.6570048309165
73.03591752052307,-1.7710901078037549,0.7343899039956556,8.24604835000217,472.4637681159406
73.07587003707886,-1.7725482829677672,0.7379419749843511,8.24098942463407,472.1739130434768
73.13594484329224,-1.7741137035322547,0.7418108905311619,8.235930499265969,471.88405797101296
73.1758782863617,-1.775358206963855,0.7449091808019507,8.235930499265969,471.88405797101296
73.23603510856628,-1.7767271607386153,0.7483173000998181,8.235930499265969,471.88405797101296
73.27588701248169,-1.778149322555029,0.7518839426226412,8.230871573897868,471.59420289854916
73.33592939376831,-1.7796176144588667,0.7556118796515514,8.227498956985801,471.40096618357325
73.3759138584137,-1.7811878127858787,0.7596584733633757,8.22075372316167,471.0144927536216
73.43597078323364,-1.7824422598295617,0.7629321935141737,8.219067414705636,470.91787439613364
73.47587752342224,-1.7837535502884536,0.7663629119401518,8.219067414705636,470.91787439613364
73.53593301773071,-1.7851777357587002,0.770107920798984,8.215694797793569,470.7246376811578
73.5759687423706,-1.786582957365084,0.7738600865526983,8.208949563969437,470.33816425120614
73.63590121269226,-1.7878042177531732,0.7771463312294725,8.21063587242547,470.4347826086941
73.67586994171143,-1.7890807301889302,0.7805901412688456,8.207263255513404,470.2415458937182
73.73588013648987,-1.790568726967695,0.7846676783981815,8.20051802168927,469.8550724637664
73.77587914466858,-1.791869813652304,0.7882802476441353,8.198831713233236,469.7584541062785
73.8359010219574,-1.7929985443213987,0.7914225650167083,8.198831713233236,469.7584541062785
73.87584114074707,-1.794293537252919,0.7950373231586854,8.197145404777203,469.66183574879057
73.93591117858887,-1.795523476333706,0.7984980400560177,8.193772787865136,469.46859903381466
73.97593450546265,-1.7968461118699757,0.8022801070629055,8.187027554041004,469.082125603863
74.0359137058258,-1.7979950434981211,0.8055923324666172,8.188713862497037,469.17874396135096
74.07589077949524,-1.7992533971860891,0.8092200079087778,8.187027554041004,469.082125603863
74.13590598106384,-1.800614521666463,0.8131654342736973,8.18534124558497,468.9855072463751
74.1759397983551,-1.8018035251550106,0.8166404281283896,8.181968628672903,468.7922705313992
74.23593425750732,-1.8030312475780303,0.8202785843605616,8.176909703304805,468.5024154589355
74.2758994102478,-1.8043457058718577,0.824239802411346,8.171850777936704,468.2125603864717
74.3358838558197,-1.8055365557602225,0.8278901941247189,8.166791852568604,467.9227053140078
74.37616848945618,-1.8069525221865672,0.8323450223156131,8.156674001832405,467.3429951690803
74.43602705001831,-1.8080414322887421,0.8358526691586271,8.153301384920338,467.1497584541044
74.47592401504517,-1.8093073383944447,0.8400045271988629,8.146556151096206,466.76328502415276
74.53596830368042,-1.810315654706913,0.8433622316565474,8.144869842640173,466.66666666666487
74.57600402832031,-1.8112732593656589,0.8465608539710564,8.144869842640173,466.66666666666487
74.63598084449768,-1.812275912121749,0.8499202539862154,8.14318353418414,466.5700483091769
74.67595553398132,-1.8134927219788364,0.8540867653838262,8.13306568344794,465.99033816424935
74.73597455024719,-1.8145899634822662,0.8579402646623452,8.129693066535873,465.7971014492735
74.77599143981934,-1.8156259087152131,0.8616376016218354,8.124634141167773,465.5072463768097
74.83600568771362,-1.81656038101688,0.8650166018480212,8.12294783271174,465.41062801932173
74.8759298324585,-1.8176592749875564,0.8690429502051911,8.11788890734364,465.12077294685804
74.93589925765991,-1.818737785987455,0.8730748062387287,8.112829981975542,464.8309178743943
74.97605657577515,-1.8197890768468377,0.8771138453052708,8.104398439695377,464.3478260869547
75.0359354019165,-1.8206932187291354,0.8806735979712018,8.10102582278331,464.15458937197883
75.07590579986572,-1.821547665524438,0.8840737158640313,8.099339514327276,464.0579710144909
75.13606286048889,-1.8224709234880918,0.8878007894949415,8.094280588959176,463.76811594202707
75.1759512424469,-1.8234113525582283,0.8916955280959818,8.087535355135044,463.3816425120754
75.23595857620239,-1.8241840927959725,0.894943768222312,8.087535355135044,463.3816425120754
75.2759222984314,-1.8248844878000925,0.8978660074094422,8.09090797204711,463.5748792270513
75.33597755432129,-1.8257825849680644,0.9015992237967626,8.089221663591077,463.47826086956337
75.37597870826721,-1.8266680863434623,0.9053354478842396,8.084162738222979,463.1884057970996
75.43608546257019,-1.8275409818541213,0.9090746371740656,8.082476429766945,463.0917874396117
75.47598886489868,-1.8284012615712606,0.9128167491347041,8.077417504398847,462.80193236714797
75.53594636917114,-1.829242599295594,0.9165631652823432,8.072358579030748,462.5120772946843
75.57639765739441,-1.8301364842949928,0.9206399309930414,8.067299653662648,462.22222222222047
75.635977268219,-1.8309079718432133,0.924230769133207,8.06392703675058,462.02898550724456
75.67594909667969,-1.8318287710333276,0.9286432183018463,8.055495494470415,461.545893719805
75.73595261573792,-1.8325941303215898,0.9324058913247842,8.053809186014382,461.44927536231705
75.77601480484009,-1.8333467952264353,0.9361711242071823,8.048750260646283,461.1594202898533
75.83601546287537,-1.83396856188696,0.9392815339795979,8.053809186014384,461.44927536231717
75.87597799301147,-1.8347866759139655,0.9433741784169869,8.048750260646283,461.1594202898533
75.93591451644897,-1.8355840751776562,0.9474709092436755,8.043691335278183,460.8695652173895
75.9759726524353,-1.8363882097131894,0.9517363296336824,8.036946101454049,460.48309178743773
76.03616976737976,-1.837056454941333,0.9553478057724645,8.036946101454049,460.48309178743773
76.07619500160217,-1.8378318001438911,0.9596185531627458,8.030200867629915,460.09661835748597
76.13611364364624,-1.8385783207368125,0.9638944332428074,8.023455633805783,459.7101449275343
76.17616415023804,-1.8392541011698524,0.9678437010752943,8.023455633805783,459.7101449275343
76.2362859249115,-1.8399717631879386,0.9721245193011154,8.016710399981651,459.32367149758267
76.2761561870575,-1.8405842566690673,0.9759150779477073,8.01165147461355,459.03381642511886
76.33616971969604,-1.8411839625888202,0.9797076807383367,8.009965166157517,458.9371980676309
76.37613010406494,-1.8417708741258212,0.9835022845339143,8.004906240789417,458.6473429951671
76.43619728088379,-1.8423879474857805,0.9876300284116886,7.999847315421317,458.35748792270334
76.47620439529419,-1.842915653833707,0.991264700005696,7.9964746985092505,458.1642512077275
76.53617739677429,-1.8434979024249818,0.9953974999802936,7.991415773141151,457.8743961352637
76.57618570327759,-1.8440522612798935,0.9995341333109207,7.982984230860985,457.3913043478241
76.63613653182983,-1.844524746375111,1.003176394891412,7.982984230860985,457.3913043478241
76.67610359191895,-1.845009074759731,1.0069854510912504,7.977925305492885,457.10144927536027
76.73641610145569,-1.8454631279579585,1.0106300563207786,7.977925305492885,457.10144927536027
76.77615404129028,-1.8458936089366245,1.0141093618747865,7.976238997036852,457.00483091787237
76.83616471290588,-1.8463415155635667,1.0177547275957353,7.976238997036852,457.00483091787237
76.87614464759827,-1.846789422190509,1.021400093316684,7.976238997036852,457.00483091787237
76.93655943870544,-1.8472646327513857,1.0253784812476459,7.969493763212719,456.61835748792066
76.97618103027344,-1.8477197109495294,1.0293592223143277,7.966121146300653,456.4251207729448
77.03614616394043,-1.8481908896540002,1.033674130665982,7.959375912476521,456.03864734299316
77.07587671279907,-1.848646174302081,1.0381585809894398,7.950944370196355,455.55555555555355
77.13640975952148,-1.8490082333630502,1.0419811974172346,7.945885444828256,455.2657004830898
77.17611789703369,-1.849392006362451,1.0463047563378063,7.939140211004123,454.8792270531381
77.23616456985474,-1.8496872522344023,1.0497981373485525,7.937453902548089,454.78260869565014
77.27616238594055,-1.8499977110307437,1.0536252901353447,7.93239497717999,454.4927536231864
77.33642888069153,-1.8502888046566137,1.0574539645297865,7.92733605181189,454.20289855072264
77.37614274024963,-1.8505689697480896,1.061450826189628,7.920590817987758,453.81642512077093
77.436105966568,-1.850821311179224,1.0652822498049193,7.918904509531726,453.7198067632831
77.47618317604065,-1.8510458104131717,1.0687808896985207,7.917218201075692,453.62318840579513
77.53622388839722,-1.851278765811814,1.0726135408566517,7.912159275707593,453.3333333333314
77.57613682746887,-1.851465867930515,1.0757799640010932,7.913845584163625,453.4299516908192
77.63592791557312,-1.8516858959646676,1.0796133790297409,7.908786658795526,453.14009661835547
77.67626285552979,-1.8518986250008393,1.0836143966457432,7.905414041883459,452.9468599033796
77.7358603477478,-1.8520759069497978,1.087115746688472,7.903727733427425,452.85024154589166
77.77588319778442,-1.8522585380726742,1.0907839829756927,7.903727733427425,452.85024154589166
77.83587098121643,-1.8524189360264933,1.0939518711095901,7.905414041883459,452.9468599033796
77.87593150138855,-1.852613101970591,1.0977866830611505,7.903727733427425,452.85024154589166
77.93589329719543,-1.852794333483291,1.1016221280492164,7.898668808059326,452.5603864734279
77.97622537612915,-1.8529387033433193,1.1047907870835707,7.9003551165153585,452.6570048309158
78.0359480381012,-1.8531146012198587,1.108960692237061,7.891923574235193,452.1739130434762
78.07590079307556,-1.8532553345290355,1.113131932243074,7.883492031955027,451.69082125603654
78.13621139526367,-1.8533693379650127,1.117637992831984,7.875060489674861,451.20772946859694
78.17608714103699,-1.8534397127494466,1.1209761418375024,7.875060489674861,451.20772946859694
78.23612236976624,-1.85351571954293,1.1254830034707997,7.866628947394695,450.7246376811573
78.27607893943787,-1.8535596357811515,1.129489431676872,7.863256330482628,450.5314009661814
78.33609962463379,-1.8535891950293077,1.1329951423412015,7.861570022026595,450.4347826086935
78.37610149383545,-1.8536060861783543,1.137001775628074,7.854824788202462,450.0483091787418
78.43612027168274,-1.8535849722695645,1.1411753356497978,7.843020629010231,449.3719806763264
78.47604894638062,-1.853533174163563,1.1450147106085495,7.837961703642131,449.08212560386266
78.53618741035461,-1.8534740577686315,1.1485200474344472,7.836275395186098,448.9855072463747
78.57598447799683,-1.8533896075370007,1.1526928063791329,7.831216469817998,448.69565217391096
78.6363275051117,-1.8532998116102948,1.1563644883203519,7.827843852905932,448.5024154589351
78.67603969573975,-1.853181590377567,1.160369412707469,7.8210986190818,448.11594202898345
78.7362380027771,-1.8530242551801726,1.1647071182173425,7.814353385257668,447.7294685990318
78.77604579925537,-1.8528787474392516,1.1683770145487473,7.814353385257668,447.7294685990318
78.83611679077148,-1.8527369000971485,1.1718799790565155,7.812667076801635,447.63285024154385
78.8759515285492,-1.8525950527550459,1.1753829435642835,7.814353385257668,447.7294685990318
78.93602633476257,-1.85243322670863,1.1792192563054948,7.809294459889569,447.43961352656805
78.97604775428772,-1.852258463193859,1.1830550014523444,7.807608151433536,447.34299516908015
79.03634119033813,-1.8520929909431334,1.1865569294849267,7.805921842977503,447.2463768115922
79.0759584903717,-1.8518937569909042,1.1905586417982583,7.8025492260654365,447.05314009661635
79.13604021072388,-1.8517333590370844,1.1937265299321558,7.804235534521469,447.14975845410424
79.17603278160095,-1.8515273772500151,1.1977279005860426,7.800862917609402,446.9565217391284
79.23635458946228,-1.851295243115017,1.2018950534264654,7.795803992241303,446.66666666666464
79.27599787712097,-1.8510943479533988,1.2053951280178397,7.797490300697335,446.7632850241525
79.33607459068298,-1.850867855914971,1.209228166561111,7.792431375329236,446.47342995168873
79.3759446144104,-1.8505862523331968,1.2135595800575874,7.785686141505103,446.086956521737
79.4360580444336,-1.8503209904376108,1.2173901308331845,7.783999833049069,445.99033816424907
79.47598028182983,-1.8500787947938149,1.2208875902369907,7.785686141505103,446.086956521737
79.53622078895569,-1.8498135328982286,1.2247181410125876,7.783999833049069,445.99033816424907
79.57599592208862,-1.8494954192628046,1.229047026223549,7.777254599224937,445.6038647342974
79.63629174232483,-1.8491481137426216,1.233373667222104,7.770509365400804,445.2173913043457
79.67617535591125,-1.84878961806725,1.2375318555178425,7.765450440032705,444.92753623188196
79.73605847358704,-1.8484219080699515,1.2415216155312119,7.758705206208573,444.5410628019303
79.77592945098877,-1.8480340189659428,1.245509464280774,7.755332589296506,444.34782608695446
79.83653402328491,-1.8476526262892707,1.2493302001711304,7.753646280840473,444.25120772946656
79.87596225738525,-1.8471960027698116,1.2536466730850038,7.743528430104274,443.671497584539
79.93604469299316,-1.8467911568257454,1.257297071877944,7.743528430104274,443.671497584539
79.9760274887085,-1.84635825690338,1.261112315091016,7.738469504736175,443.38164251207525
80.03605914115906,-1.8459124921136423,1.2649260766029498,7.736783196280142,443.28502415458735
80.07592940330505,-1.8454996181156074,1.2684075153964505,7.73509688782411,443.18840579709945
80.13605856895447,-1.8450578593336338,1.2720536312427282,7.731724270912044,442.99516908212365
80.17513465881348,-1.8446332461466295,1.2755336577731682,7.733410579368076,443.09178743961155
80.23612427711487,-1.8442316472539262,1.2788483085425113,7.733410579368076,443.09178743961155
80.27600121498108,-1.8437665947157784,1.2826597661710883,7.731724270912044,442.99516908212365
80.33610582351685,-1.8433594068731038,1.2859737350083147,7.731724270912044,442.99516908212365
80.37612676620483,-1.8428815024177458,1.2897836025190328,7.726665345543944,442.70531400965984
80.43610334396362,-1.8423907514811177,1.2935918365764243,7.724979037087911,442.60869565217195
80.47605323791504,-1.84186191547626,1.2975634518758152,7.718233803263779,442.2222222222203
80.53607678413391,-1.8413326591723727,1.3013665257486808,7.713174877895679,441.9323671497565
80.57615900039673,-1.8408172141573025,1.3050029564193204,7.713174877895679,441.9323671497565
80.63609051704407,-1.8401863185174736,1.3092974196158529,7.70305702715948,441.352657004829
80.67606258392334,-1.8396843086383847,1.3125983554641578,7.70305702715948,441.352657004829
80.73605823516846,-1.8390752179679235,1.3165584569984055,7.699684410247413,441.1594202898531
80.77596545219421,-1.8384164130090057,1.320679746247922,7.691252867967248,440.6763285024135
80.83610653877258,-1.8377911389333286,1.3244682176346376,7.689566559511214,440.57971014492557
80.87600016593933,-1.8371220191417108,1.3284186194257037,7.682821325687081,440.19323671497386
80.93610429763794,-1.8364584465366844,1.3322005705776272,7.677762400318982,439.9033816425101
80.97610449790955,-1.8358786542437426,1.3354887360677408,7.681135017231048,440.0966183574859
81.03605508804321,-1.8353357547464002,1.3386138765235065,7.682821325687081,440.19323671497386
81.07598328590393,-1.8346785606180387,1.3423969412857495,7.681135017231048,440.0966183574859
81.13611888885498,-1.834040789095803,1.3460139233248745,7.677762400318982,439.9033816425101
81.17607975006104,-1.833265443893245,1.3502846707151557,7.671017166494849,439.5169082125584
81.23608422279358,-1.8326579482312964,1.353567830841321,7.671017166494849,439.5169082125584
81.27600193023682,-1.83188820030544,1.3576698470751647,7.6659582411267495,439.2270531400946
81.3361885547638,-1.831062497708507,1.3619311448441713,7.659213007302617,438.8405797101429
81.37600445747375,-1.830208070663601,1.3661867761580493,7.6524677734784845,438.45410628019124
81.43602752685547,-1.82936236961352,1.370273809163295,7.647408848110385,438.1642512077275
81.47598600387573,-1.8285653127693533,1.3740298953583712,7.6423499227422855,437.87439613526374
81.53596258163452,-1.8277170854502742,1.3779457485248678,7.638977305830219,437.6811594202878
81.57597470283508,-1.8269334917912279,1.3815339643159579,7.638977305830219,437.6811594202878
81.63605618476868,-1.825945834462663,1.3859319310979688,7.627173146637987,437.0048309178724
81.67609167098999,-1.825079245616632,1.3896725870417321,7.6254868381819545,436.9082125603845
81.73601460456848,-1.82428801232243,1.3930879685556028,7.627173146637988,437.0048309178725
81.77609610557556,-1.8234621183682158,1.3966666849123877,7.627173146637988,437.0048309178725
81.83607172966003,-1.822670885074014,1.4000820664262585,7.6254868381819545,436.9082125603845
81.87600326538086,-1.8216734449851066,1.4043064665876737,7.618741604357822,436.5217391304329
81.93599510192871,-1.8207690537426873,1.4080381631989098,7.613682678989723,436.2318840579691
81.97597169876099,-1.819808933598729,1.4119280944213812,7.610310062077656,436.0386473429932
82.03604912757874,-1.8188356996922739,1.4158147654094788,7.60693744516559,435.8454106280174
82.0759437084198,-1.8178873229393353,1.4195355267095575,7.6018785197974905,435.5555555555536
82.13597679138184,-1.8167904390804501,1.4237352039894018,7.595133285973358,435.1690821256019
82.1760642528534,-1.8156183059910047,1.428087638116987,7.586701743693192,434.68599033816236
82.2360475063324,-1.8145535940464168,1.4319502517504539,7.583329126781125,434.49275362318645
82.27591061592102,-1.813427566619301,1.435969096271639,7.578270201413026,434.2028985507227
82.3360538482666,-1.8123303251158718,1.4398225955501578,7.57489758450096,434.00966183574684
82.37593221664429,-1.811070363455926,1.4441504212663583,7.566466042220794,433.52657004830724
82.43599271774292,-1.809921237865431,1.4479887680437695,7.559720808396662,433.1400966183556
82.47598528862,-1.808648332249613,1.452138485473661,7.55297557457253,432.75362318840394
82.53600692749023,-1.807453979312516,1.4559630006936648,7.549602957660463,432.5603864734281
82.57592415809631,-1.8061930776908608,1.4599415904127213,7.544544032292364,432.27053140096433
82.63609004020691,-1.8049053684390175,1.4639115846110535,7.536112490012197,431.78743961352467
82.6760356426239,-1.8036466952461414,1.4677154165473945,7.53273987310013,431.59420289854876
82.73597478866577,-1.8023687949398732,1.4715128323020403,7.525994639275998,431.2077294685971
82.7759485244751,-1.8011288094152624,1.4751468272134889,7.524308330819965,431.1111111111092
82.83607625961304,-1.7997097807922164,1.4792488756312552,7.517563096995833,430.7246376811575
82.87597298622131,-1.7984330911455233,1.4828701387622225,7.512504171627733,430.43478260869375
82.93599677085876,-1.7969588547740052,1.486952671135103,7.502386320891534,429.85507246376625
82.97595763206482,-1.7954502491681108,1.4910226284543622,7.495641087067401,429.46859903381454
83.03598308563232,-1.7942179125022923,1.494304735605755,7.493954778611369,429.37198067632664
83.07595109939575,-1.7927937270320458,1.4980497444645873,7.487209544787236,428.98550724637494
83.13598680496216,-1.7913506141466469,1.5017875005837564,7.483836927875169,428.792270531399
83.17607760429382,-1.7900796217200134,1.5050548327160298,7.482150619419136,428.6956521739112
83.23602318763733,-1.7886815499117164,1.508630986842535,7.480464310963104,428.5990338164233
83.27598476409912,-1.7872069736467666,1.5123564425791178,7.473719077138972,428.21256038647164
83.33605456352234,-1.7855163194371204,1.516534871369674,7.465287534858806,427.72946859903203
83.37589883804321,-1.783985374754738,1.5202375196092284,7.458542301034673,427.3429951690803
83.43597507476807,-1.7823679047387675,1.5240849654892261,7.453483375666574,427.0531400966166
83.47539520263672,-1.780586064534647,1.5282253307268978,7.441679216474342,426.3768115942011
83.53604364395142,-1.7789039477576924,1.5320449553420614,7.436620291106243,426.08695652173736
83.57598853111267,-1.7772025293922282,1.535856021413089,7.431561365738143,425.7971014492736
83.63616394996643,-1.775409692303389,1.539809017571398,7.424816131914011,425.41062801932196
83.67607545852661,-1.7735902323186064,1.5437498307893138,7.418070898089878,425.02415458937026
83.73600244522095,-1.7717442322196821,1.547678281767689,7.411325664265746,424.63768115941855
83.77597951889038,-1.769946968909601,1.5514450965555848,7.406266738897647,424.3478260869548
83.836101770401,-1.7682759763455247,1.5549021570075405,7.401207813529547,424.05797101449105
83.87598371505737,-1.7665875162278089,1.558350719831176,7.396148888161448,423.7681159420273
83.93593621253967,-1.7648816317686582,1.5617906967685555,7.391089962793348,423.4782608695635
83.97535419464111,-1.7630864615989859,1.5653727017473784,7.387717345881282,423.2850241545877
84.03594255447388,-1.7612731933823527,1.5689455792964893,7.38097211205715,422.89855072463604
84.07592964172363,-1.7593561849128743,1.5726528866185259,7.372540569776984,422.4154589371964
84.13604807853699,-1.7575753051710077,1.5760546435855485,7.370854261320951,422.3188405797085
84.17599582672119,-1.7556208854815043,1.5797423654743787,7.362422719040785,421.8357487922688
84.23602366447449,-1.753559244586286,1.5835620618332384,7.355677485216653,421.44927536231717
84.27598857879639,-1.7512203073171773,1.5878009820796748,7.34387332602442,420.7729468599017
84.33602333068848,-1.7491671128506705,1.5914346360993608,7.335441783744255,420.2898550724621
84.37595272064209,-1.7472612863913772,1.594767999059606,7.333755475288221,420.1932367149742
84.43600463867188,-1.745171432875932,1.59838069352995,7.325323933008056,419.7101449275346
84.47597908973694,-1.7427933707045098,1.6024050289334393,7.315206082271857,419.13043478260704
84.53599119186401,-1.7404643469957566,1.6062642033760377,7.306774539991691,418.64734299516743
84.575918674469,-1.7385533843318228,1.609400687599333,7.306774539991691,418.64734299516743
84.63596606254578,-1.7364571698567755,1.612815256456596,7.300029306167558,418.2608695652157
84.67618155479431,-1.7340762975886561,1.6166426610677187,7.294970380799459,417.971014492752
84.736074924469,-1.7320316791335635,1.6198927408345507,7.289911455431359,417.6811594202882
84.77601623535156,-1.729698727437806,1.6235530386147852,7.283166221607226,417.2946859903365
84.83604288101196,-1.7277090483374073,1.6266401875686523,7.2797936046951595,417.1014492753606
84.87596440315247,-1.7257141661830506,1.6297239769220544,7.2797936046951595,417.1014492753606
84.93599224090576,-1.723344300184741,1.6333604832955921,7.273048370871027,416.71497584540896
84.97601962089539,-1.7212289304313693,1.6365649635848434,7.267989445502928,416.4251207729452
85.03599786758423,-1.7188163046342688,1.6401732429833782,7.261244211678795,416.0386473429935
85.07591819763184,-1.7164760353992339,1.643628990219451,7.2561852863106955,415.74879227052975
85.13602256774902,-1.714112509756605,1.6470688732972185,7.247753744030529,415.2657004830901
85.17590928077698,-1.712019864163008,1.6500871751385726,7.247753744030529,415.2657004830901
85.23601603507996,-1.7094360237719881,1.6537805946446775,7.239322201750363,414.7826086956504
85.27593040466309,-1.7071144301458658,1.6570461112411052,7.232576967926231,414.3961352656988
85.33595824241638,-1.7049762192191642,1.6600323070851284,7.232576967926231,414.3961352656988
85.37595081329346,-1.7024314214229999,1.6635486187367543,7.222459117190032,413.81642512077127
85.43594717979431,-1.7000605370516308,1.6667785263057084,7.219086500277966,413.6231884057954
85.47601294517517,-1.697978871181557,1.6695994389623707,7.217400191821932,413.52657004830746
85.53593063354492,-1.6951811661580765,1.673344208879537,7.207282341085733,412.94685990337996
85.57590532302856,-1.6923457159585582,1.677060480841729,7.197164490349534,412.3671497584524
85.63599514961243,-1.6900982174642607,1.6799653151062022,7.193791873437467,412.17391304347655
85.67594027519226,-1.6875303485978697,1.6832554668560606,7.188732948069368,411.8840579710128
85.73611545562744,-1.684945868029635,1.6865325859024938,7.183674022701268,411.594202898549
85.77598762512207,-1.6826642377848942,1.689410688578253,7.183674022701268,411.594202898549
85.83598756790161,-1.6808014229933592,1.6917686444898494,7.187046639613335,411.7874396135249
85.87597942352295,-1.6782114198688447,1.6950414006474452,7.181987714245236,411.49758454106114
85.93597030639648,-1.6757065168585528,1.6981685169732994,7.175242480421103,411.11111111110944
85.97591781616211,-1.6729700829450194,1.7015378452285441,7.168497246596971,410.72463768115773
86.03597855567932,-1.6706402457102854,1.70437706519987,7.165124629684905,410.53140096618193
86.07596468925476,-1.6678698620824355,1.7077185346384953,7.158379395860772,410.1449275362302
86.13607025146484,-1.6651817274792928,1.7109111795306593,7.149947853580606,409.6618357487906
86.175950050354,-1.662688887729421,1.7138316646100833,7.144888928212507,409.37198067632687
86.23593878746033,-1.6600748393907758,1.7168681340878846,7.141516311300441,409.178743961351
86.27592515945435,-1.6576692546150853,1.719643467126079,7.138143694388374,408.98550724637516
86.33597207069397,-1.6548097342727233,1.7229089819195447,7.131398460564242,408.5990338164235
86.375967502594,-1.65192825248779,1.7261551344387311,7.12465322674011,408.21256038647186
86.43595600128174,-1.649253298439353,1.7291380887536927,7.121280609828043,408.01932367149595
86.47510766983032,-1.6465682992609967,1.7321120045256362,7.117907992915976,407.8260869565201
86.53595781326294,-1.643983182990904,1.7349511341436314,7.112849067547876,407.5362318840563
86.57593417167664,-1.6415036017636642,1.7376605600096495,7.112849067547876,407.5362318840563
86.63601803779602,-1.638562404988768,1.7408527074038131,7.106103833723743,407.1497584541046
86.67598271369934,-1.6357111212257163,1.7439005312101756,7.097672291443578,406.66666666666504
86.7360565662384,-1.6334239340337913,1.7463330126885066,7.101044908355644,406.85990338164083
86.77603101730347,-1.6306743910112664,1.7492473580307197,7.094299674531512,406.4734299516892
86.8360071182251,-1.6280229742686336,1.7520246719082935,7.089240749163412,406.18357487922543
86.87599396705627,-1.6252440855734414,1.75491104908845,7.0858681322513455,405.9903381642495
86.93596696853638,-1.6228104293762156,1.7574345780708176,7.087554440707379,406.0869565217375
86.97603797912598,-1.6197841864161564,1.7605462170282515,7.07743658997118,405.50724637681
87.03597974777222,-1.6169714208568644,1.7633995914367107,7.074063973059113,405.31400966183406
87.07594537734985,-1.6142643498925207,1.7661226870853577,7.069005047691014,405.0241545893703
87.13609409332275,-1.6113069453244204,1.7690676501195328,7.063946122322914,404.73429951690656
87.17594408988953,-1.608451200335313,1.7718780088446033,7.057200888498782,404.34782608695485
87.23595786094666,-1.6052145880980835,1.7750151923011699,7.048769346218616,403.86473429951525
87.27593493461609,-1.6024395107606904,1.7776689498050056,7.043710420850516,403.5748792270515
87.33594965934753,-1.599284815908132,1.7806502823664563,7.036965187026383,403.1884057970998
87.37591099739075,-1.5964786072570314,1.7832710982936368,7.031906261658284,402.898550724636
87.43605589866638,-1.5931636849630921,1.7863254180214132,7.023474719378118,402.4154589371964
87.47603249549866,-1.5904479957632702,1.7887981379319369,7.020102102466051,402.2222222222205
87.53604626655579,-1.5874763449165594,1.7914856436252582,7.016729485553985,402.02898550724467
87.57601165771484,-1.5848741686161092,1.793835017906321,7.018415794010018,402.12560386473257
87.63530254364014,-1.5820241660013301,1.7964081421189135,7.016729485553985,402.02898550724467
87.67594718933105,-1.5794180316328608,1.7987531249897741,7.015043177097953,401.93236714975683
87.73617219924927,-1.5763060932274056,1.801534291725647,7.009984251729853,401.642512077293
87.77606439590454,-1.5730526625000731,1.8044075532795558,7.00323901790572,401.2560386473413
87.83608150482178,-1.57003611667013,1.807044568042929,6.999866400993653,401.06280193236546
87.87600207328796,-1.566882329126728,1.8097781871062142,6.994807475625554,400.7729468599017
87.93606472015381,-1.5635856679076414,1.8126017430665762,6.988062241801421,400.38647342995
87.97600746154785,-1.560140060482462,1.8155078346490785,6.979630699521255,399.9033816425104
88.03602457046509,-1.557192427358379,1.8179685138405794,6.977944391065222,399.80676328502244
88.07593560218811,-1.5541101513056164,1.8205283907792156,6.974571774153155,399.6135265700466
88.1360650062561,-1.5508837649745648,1.8231759330914132,6.9661402318729895,399.130434782607
88.17596459388733,-1.5479032053641562,1.8255966246303084,6.964453923416956,399.033816425119
88.23607730865479,-1.5443851994975692,1.8284146405168862,6.952649764224724,398.35748792270357
88.2763020992279,-1.5413722558327518,1.8307949038616265,6.95096345576869,398.2608695652156
88.33602380752563,-1.5380886099299307,1.8333710868203776,6.945904530400591,397.97101449275186
88.3760073184967,-1.5350557043076853,1.8357258620971781,6.940845605032491,397.6811594202881
88.43595576286316,-1.531746161488405,1.8382686903217003,6.935786679664392,397.3913043478243
88.47601819038391,-1.5285587374631753,1.840696389580213,6.932414062752325,397.19806763284845
88.53600478172302,-1.5253590727283146,1.8431079329015911,6.925668828928192,396.81159420289674
88.57627272605896,-1.5221432144824067,1.8454978390396268,6.918923595104059,396.42512077294504
88.63633990287781,-1.519051722251934,1.8477751530071336,6.917237286648026,396.32850241545714
88.67602062225342,-1.5154091013241102,1.8504301278828192,6.90880574436786,395.8454106280175
88.73607897758484,-1.5120156969559022,1.8528599130267986,6.900374202087694,395.3623188405779
88.77605700492859,-1.5084674825282212,1.8553600365897296,6.893628968263561,394.9758454106262
88.83602499961853,-1.5050416089991396,1.8577438234121648,6.888570042895462,394.6859903381624
88.87596702575684,-1.5020180235503064,1.8598288276374677,6.885197425983396,394.4927536231866
88.93599939346313,-1.4984322753940025,1.8622748148848358,6.878452192159264,394.10628019323497
88.97600412368774,-1.4953877493058303,1.864329120724862,6.875079575247198,393.9130434782591
89.03596353530884,-1.4917733788100858,1.8667326118053982,6.864961724510999,393.3333333333316
89.07596564292908,-1.488983776290715,1.868567362245444,6.864961724510999,393.3333333333316
89.135977268219,-1.4856325452825794,1.870763414689377,6.861589107598932,393.1400966183557
89.17596387863159,-1.4824121051631893,1.8728544069311368,6.856530182230832,392.85024154589195
89.23592281341553,-1.479465281161771,1.874753646072427,6.854843873774799,392.753623188404
89.275958776474,-1.476088361677483,1.8769099879755182,6.848098639950667,392.36714975845234
89.33595490455627,-1.4728400069943972,1.8789573460220141,6.843039714582567,392.0772946859886
89.37594771385193,-1.4692979738384966,1.8811648446459266,6.837980789214468,391.7874396135248
89.43596053123474,-1.4658887181953815,1.883269689430294,6.834608172302402,391.594202898549
89.47599053382874,-1.4626130401165303,1.8852730406829226,6.829549246934302,391.30434782608523
89.5359616279602,-1.4591861587787152,1.8873490657075611,6.8261766300222355,391.1111111111093
89.57595825195312,-1.4556037895653118,1.8894904857669927,6.81774508774207,390.6280193236697
89.63602447509766,-1.4522980854838747,1.891443893979232,6.8160587792860365,390.5314009661818
89.67620968818665,-1.4489890920553212,1.8933917249799774,6.814372470830003,390.43478260869387
89.73617959022522,-1.4461102793821854,1.8950830643859868,6.814372470830003,390.43478260869387
89.77618646621704,-1.443086029787052,1.896856421484114,6.81268616237397,390.3381642512059
89.8362786769867,-1.439478633074884,1.8989554064800387,6.80762723700587,390.04830917874216
89.87597227096558,-1.4364424906608395,1.9007083241200855,6.805940928549838,389.95169082125426
89.93599963188171,-1.432821017976123,1.9027829288163889,6.800882003181738,389.6618357487905
89.97608780860901,-1.4294796501329217,1.9046746856860999,6.795823077813639,389.37198067632676
90.03637146949768,-1.425981415474845,1.9066280801376698,6.7890778439895065,388.98550724637505
90.0760760307312,-1.4227686795736014,1.9084078665335027,6.7890778439895065,388.98550724637505
90.1364336013794,-1.4192606076455165,1.9103435387562127,6.78570522707744,388.7922705313992
90.17607498168945,-1.4157427882283542,1.9122614392110409,6.778959993253308,388.40579710144755
90.23657655715942,-1.4119144344322105,1.9143069588678217,6.768842142517109,387.82608695652
90.2756450176239,-1.4080689700347069,1.9163201272716708,6.762096908692976,387.4396135265683
90.33631300926208,-1.4046567614838743,1.9180808986717395,6.757037983324876,387.14975845410453
90.37602639198303,-1.4010884819541158,1.9199031985383646,6.753665366412809,386.9565217391287
90.43627619743347,-1.3973603854159258,1.9217794568505413,6.745233824132644,386.47342995168907
90.4760947227478,-1.3937708442638777,1.9235595101992204,6.741861207220578,386.2801932367132
90.5363621711731,-1.3904776846450753,1.9251856748006724,6.741861207220578,386.2801932367132
90.57603669166565,-1.3865793092792267,1.9270943688467863,6.735115973396445,385.8937198067615
90.63615918159485,-1.3831208411518205,1.9287624459821104,6.730057048028345,385.60386473429776
90.67594337463379,-1.3793525123328763,1.9305565326479077,6.724998122660246,385.314009661834
90.7361490726471,-1.3755721677973614,1.932325160433758,6.71656658038008,384.8309178743944
90.77559924125671,-1.3717799795434187,1.9340682488706227,6.711507655011981,384.54106280193065
90.83611941337585,-1.3682830983264525,1.9356542201415188,6.706448729643881,384.25120772946684
90.87598156929016,-1.3650878564007458,1.9370968947574154,6.708135038099915,384.3478260869548
90.93607807159424,-1.361281106191334,1.9388079476190243,6.703076112731815,384.05797101449105
90.97603797912598,-1.35746574864257,1.9404997206023662,6.698017187363716,383.7681159420273
91.03636431694031,-1.3539503904246983,1.9420443045974007,6.696330878907683,383.6714975845394
91.07599592208862,-1.3499691816035997,1.9437735876215276,6.68958564508355,383.2850241545877
91.1363456249237,-1.34551090459825,1.9456611359117832,6.677781485891318,382.6086956521722
91.1759901046753,-1.341498305373676,1.9473162766664243,6.671036252067185,382.22222222222047
91.23640084266663,-1.337942557352641,1.9487654623441693,6.669349943611152,382.1256038647326
91.27629709243774,-1.334072323290242,1.9503276202601063,6.664291018243053,381.8357487922688
91.33637380599976,-1.3303506093533835,1.9518116151989733,6.660918401330987,381.642512077293
91.37591409683228,-1.3266214356532053,1.9532767633554045,6.654173167506854,381.2560386473413
91.43608975410461,-1.322413728274002,1.9548931721605454,6.645741625226687,380.77294685990165
91.47606897354126,-1.3185076962085192,1.9563635335295606,6.640682699858588,380.4830917874379
91.53602385520935,-1.3145918351453403,1.9578075145495042,6.632251157578422,379.9999999999983
91.57629251480103,-1.3106639384296246,1.9592184278858726,6.623819615298256,379.51690821255863
91.63604688644409,-1.3065679087462918,1.9606547371450436,6.617074381474124,379.130434782607
91.6759192943573,-1.303093918640001,1.9618466701663684,6.610329147649991,378.7439613526553
91.73605704307556,-1.2994526685718708,1.9630651860911796,6.601897605369825,378.26086956521567
91.77601385116577,-1.2958012740860472,1.9642529577134091,6.593466063089659,377.77777777777607
91.83620238304138,-1.2923001151332776,1.965362551140466,6.586720829265526,377.39130434782436
91.8760039806366,-1.2884725910802746,1.9665472262985044,6.579975595441393,377.00483091787265
91.93601584434509,-1.2849567822351942,1.9676094879191892,6.57323036161726,376.61835748792095
91.97604465484619,-1.281113625130525,1.968742421754514,6.566485127793127,376.23188405796924
92.036062002182,-1.2775855224117127,1.9697631091657404,6.56311251088106,376.03864734299333
92.07597279548645,-1.27356953898849,1.9708992984970037,6.554680968600895,375.5555555555537
92.13602137565613,-1.2690600288284601,1.9721300597441618,6.544563117864696,374.9758454106262
92.17595648765564,-1.2650236618813264,1.9731915638280753,6.5361315755845295,374.49275362318656
92.23603010177612,-1.2614662075940748,1.9741047070698743,6.5327589586724635,374.29951690821076
92.27586555480957,-1.2583931968703745,1.9748907400364215,6.534445267128497,374.39613526569866
92.33602905273438,-1.2545106633398573,1.9758803505612268,6.53107265021643,374.2028985507228
92.37599062919617,-1.2511098262252718,1.9767319302293753,6.5260137248483305,373.91304347825906
92.43629813194275,-1.2468931165812396,1.9777613976803678,6.519268491024198,373.52657004830735
92.4761049747467,-1.2433207704053721,1.9786144242835235,6.515895874112131,373.33333333333144
92.53604316711426,-1.2395823184301111,1.979490472196793,6.510836948744031,373.0434782608677
92.57597136497498,-1.2360029069895007,1.9803133484479705,6.507464331831965,372.85024154589183
92.63606834411621,-1.2324221130156374,1.9811301875402485,6.507464331831965,372.85024154589183
92.67598795890808,-1.2290034262034357,1.9819070153791056,6.505778023375932,372.75362318840394
92.73600244522095,-1.224602975251219,1.9828835450670694,6.497346481095766,372.27053140096433
92.77632188796997,-1.2205210047966646,1.9837533532414509,6.4889149388156,371.78743961352467
92.83627009391785,-1.2164318456992347,1.9845887135996074,6.480483396535433,371.304347826085
92.87630891799927,-1.2128303185943325,1.9853086539433726,6.480483396535433,371.304347826085
92.93599247932434,-1.2088987534665883,1.9860807881627283,6.4737381627113,370.9178743961333
92.9761004447937,-1.2046340126020971,1.9868885188192382,6.4669929288871675,370.5314009661816
93.0363438129425,-1.200527524726827,1.9876340430524673,6.458561386607002,370.04830917874204
93.0760669708252,-1.1964161015729213,1.9883518513148921,6.4535024612389025,369.75845410627824
93.13647651672363,-1.1924651370149295,1.9890176400710908,6.4467572274147695,369.37198067632653
93.17601609230042,-1.1890065805109713,1.989591458788173,6.448443535870803,369.4685990338145
93.23633527755737,-1.1853838389846127,1.9901956569503068,6.448443535870803,369.4685990338145
93.27616739273071,-1.181594841742108,1.9908177365384383,6.4433846105027035,369.17874396135073
93.33651638031006,-1.1781343696408437,1.9913798876280167,6.445070918958736,369.27536231883863
93.37597489356995,-1.1743432959152158,1.9919891848662608,6.440011993590637,368.9855072463748
93.43620800971985,-1.1702192659262125,1.992630609609995,6.434953068222537,368.69565217391107
93.47629690170288,-1.1664222215734217,1.9932015187977108,6.429894142854438,368.4057971014473
93.53610706329346,-1.1621261762899828,1.993821549746429,6.423148909030305,368.0193236714956
93.57595920562744,-1.1576601409918659,1.994431555918784,6.414717366750139,367.536231884056
93.63634467124939,-1.1538531604522118,1.9949319380611246,6.413031058294106,367.43961352656805
93.67599201202393,-1.1495472708350027,1.9954794397133033,6.406285824469973,367.05314009661635
93.736323595047,-1.145403957373324,1.9959814383291827,6.401226899101873,366.7632850241526
93.77611875534058,-1.1414236014226753,1.9964398727438295,6.39448166527774,366.3768115942009
93.83603882789612,-1.137274651084546,1.9968929291904365,6.389422739909641,366.08695652173714
93.8761579990387,-1.1327913667315435,1.9973595556196775,6.384363814541541,365.7971014492733
93.93620324134827,-1.1289703106264748,1.9977377266915433,6.379304889173442,365.5072463768096
93.97602415084839,-1.1253144841093092,1.9980902094036237,6.379304889173442,365.5072463768096
94.03604340553284,-1.1214921743118722,1.9984554913907182,6.377618580717408,365.4106280193216
94.07606315612793,-1.117835179799466,1.9987956424191697,6.374245963805342,365.2173913043458
94.13606929779053,-1.1138439050638975,1.999146529283571,6.367500729981209,364.8309178743941
94.17597508430481,-1.1090167572245422,1.9995176305385964,6.352323953876911,363.9613526570028
94.23633146286011,-1.1053527521348405,1.999771359308288,6.352323953876911,363.9613526570028
94.27608704566956,-1.1011883939928024,2.0000491547670665,6.3472650285088115,363.67149758453905
94.33605813980103,-1.096688965829594,2.0003188305325086,6.338833486228646,363.18840579709945
94.37598252296448,-1.0923543373093079,2.0005456323090485,6.332088252404513,362.80193236714774
94.43605136871338,-1.0885187408784693,2.000723629886054,6.3270293270364135,362.512077294684
94.47599649429321,-1.08434868889817,2.000896011827326,6.321970401668314,362.22222222222024
94.53630566596985,-1.079843879445637,2.0010518021052994,6.3135388593881485,361.73913043478063
94.5759596824646,-1.0760058269079833,2.0011650974533306,6.311852550932115,361.6425120772927
94.63648462295532,-1.0716664784968173,2.00126756120906,6.301734700195916,361.0628019323651
94.67596292495728,-1.0674934006109331,2.001334419345611,6.296675774827817,360.77294685990137
94.73609495162964,-1.063653906913447,2.0013765057405735,6.291616849459717,360.4830917874376
94.77615261077881,-1.0593134044908543,2.001398464205715,6.284871615635585,360.09661835748597
94.83601975440979,-1.0553067412960722,2.0013917077292853,6.278126381811452,359.71014492753426
94.87602424621582,-1.0516340450309123,2.001366934158493,6.274753764899386,359.5169082125584
94.93624114990234,-1.0476277407261276,2.0013128839609267,6.264635914163187,358.9371980676309
94.97615599632263,-1.0434553748838336,2.0012108431351243,6.252831754970955,358.2608695652154
95.03615474700928,-1.039784683678542,2.0010869978230486,6.246086521146822,357.8743961352637
95.07608270645142,-1.0357810279923134,2.000931637749276,6.242713904234756,357.6811594202879
95.1364438533783,-1.0321115114572414,2.0007768476179217,6.23934128732269,357.48792270531203
95.17604088783264,-1.0282759150264034,2.000598850040916,6.234282361954591,357.19806763284834
95.23603630065918,-1.0242747194692159,2.0003894945548795,6.227537128130458,356.81159420289663
95.27606964111328,-1.021107535685342,2.0002157429746017,6.229223436586492,356.9082125603846
95.33616805076599,-1.0176069641347454,2.000023701754295,6.227537128130458,356.81159420289663
95.37594199180603,-1.0144397803508718,1.999849950174017,6.229223436586492,356.9082125603846
95.43604445457458,-1.0107726858512995,1.9996456721352183,6.2258508196744256,356.71497584540873
95.47599577903748,-1.007772058228456,1.9994835953089114,6.2325960534985585,357.10144927536044
95.53606677055359,-1.0042705599542905,1.999309265600711,6.234282361954592,357.1980676328484
95.57602167129517,-1.0006024789571464,1.9991235416541833,6.230909745042525,357.0048309178725
95.63624238967896,-0.9962686400031064,1.9988821221537845,6.224164511218392,356.6183574879208
95.67595362663269,-0.9921033686489984,1.9986183730329756,6.215732968938227,356.1352657004812
95.73607230186462,-0.9886053078096867,1.998385024847602,6.21741927739426,356.2318840579691
95.77604532241821,-0.9849408800647657,1.998137475078504,6.214046660482194,356.03864734299333
95.83609318733215,-0.9807779805517519,1.9978386160873045,6.2089877351140945,355.7487922705296
95.87595677375793,-0.9764504748990905,1.9975022557434658,6.202242501289962,355.36231884057787
95.93638062477112,-0.9726241196488034,1.9971821173104731,6.197183575921862,355.07246376811406
95.97619986534119,-0.9691309888175712,1.9968839260848479,6.1988698843778955,355.169082125602
96.03632092475891,-0.9656373601107877,1.996591625776463,6.200556192833929,355.26570048309
96.07600331306458,-0.9616449246699356,1.9962542019228044,6.197183575921862,355.07246376811406
96.13636994361877,-0.9574876564770781,1.995885189423381,6.192124650553763,354.7826086956503
96.17602920532227,-0.9531671342295187,1.995468618945468,6.182006799817564,354.20289855072275
96.23607039451599,-0.9496795282317223,1.9951115679473177,6.180320491361531,354.1062801932349
96.27607703208923,-0.9455290735068439,1.9946725068709146,6.175261565993432,353.8164251207711
