time_s,x_m,y_m,yaw_rad,yaw_deg
0.040709495544433594,0.0,0.0,0.0,0.0
0.08066964149475098,0.0,0.0,0.0,0.0
0.14025163650512695,0.00033388859956493867,5.630397023590502e-07,0.0033726169120660288,0.19323671497582773
0.18070006370544434,0.002504148296620747,9.712412103163814e-06,0.005058925368099487,0.28985507246376707
0.24065399169921875,0.004340459222681341,2.674412699597145e-05,0.013490467648265003,0.7729468599033619
0.2806997299194336,0.007345187451269588,6.728177517117224e-05,0.013490467648265003,0.7729468599033619
0.34072351455688477,0.009849034182800191,0.0001073966571016995,0.01854939301636449,1.062801932367129
0.38062405586242676,0.011851727777871595,0.00015806485086888433,0.03203986066463016,1.835748792270529
0.4407217502593994,0.013853683767192065,0.00023236907968866415,0.042157711400829134,2.415458937198063
0.48070359230041504,0.017022697842508108,0.0003687234816258161,0.04384401985686237,2.5120772946859895
0.5406961441040039,0.019523974463361113,0.0004890269509011435,0.05227556213702789,2.9951690821255843
0.5806353092193604,0.022357770480510505,0.000644488891149814,0.05733448750512782,3.285024154589377
0.6409509181976318,0.025190155001303467,0.0008238382933000053,0.06913864669735958,3.961352657004812
0.6807520389556885,0.028353958631194453,0.0010509711266121196,0.0741975720654593,4.251207729468592
0.7407863140106201,0.031349527141534377,0.0012888877684287987,0.08431542280165805,4.830917874396113
0.780689001083374,0.034508573551700956,0.0015746647984632711,0.0961195819938907,5.507246376811599
0.8407142162322998,0.037331873645155146,0.0018637060826806953,0.10792374118612291,6.18357487922706
0.8808059692382812,0.04048329365627819,0.0022239763228772517,0.11972790037835512,6.85990338164252
0.9407508373260498,0.043962235011736704,0.0026573907393677484,0.12815944265852086,7.342995169082128
0.9810216426849365,0.047271541676238676,0.0031008778232972517,0.13827729339471984,7.922705314009662
1.041043996810913,0.05057619189426814,0.0035778247069262574,0.1483951441309188,8.502415458937197
1.0808348655700684,0.05387498205681035,0.004093746073843555,0.16188561177918426,9.275362318840584
1.1407129764556885,0.05700238347473762,0.00462346590887449,0.17368977097141625,9.951690821256031
1.18068265914917,0.06061664468128088,0.005276480086976423,0.18380762170761522,10.531400966183567
1.2406752109527588,0.06389510041117495,0.005908871912075286,0.19729808935588067,11.304347826086953
1.2806825637817383,0.06765841741249791,0.006671058414995351,0.20235701472398016,11.59420289855072
1.340705156326294,0.07141650771491433,0.007458611839569616,0.21078855700414612,12.07729468599034
1.3806712627410889,0.07516782422378128,0.008277823392208884,0.21922009928431163,12.560386473429935
1.4406731128692627,0.07842183462433623,0.009025892711460825,0.23271056693257708,13.333333333333323
1.4809463024139404,0.08199128355682282,0.009890962595514467,0.24282841766877605,13.913043478260857
1.540928840637207,0.08555179728838393,0.010792102736275452,0.252946268404975,14.49275362318839
1.5806801319122314,0.0897542356569182,0.011878360170495449,0.252946268404975,14.49275362318839
1.6406967639923096,0.093143275452898,0.012775739840650426,0.264750427597207,15.169082125603838
1.6808257102966309,0.09603820655066882,0.013581598989482566,0.27824089524547246,15.942028985507227
1.7406702041625977,0.0992440033774841,0.014514903922776386,0.28835874598167155,16.521739130434767
1.7806403636932373,0.10211910455175979,0.015388876614727216,0.301849213629937,17.294685990338152
1.8406496047973633,0.105462011760735,0.016445215766385222,0.31028075591010285,17.777777777777768
1.8806638717651367,0.10863451470325358,0.017486088704376117,0.3237712235583683,18.550724637681157
1.9406487941741943,0.11179268752715436,0.018569664178307528,0.33726169120663385,19.32367149758455
1.9806933403015137,0.11477969300449728,0.019636922821187217,0.3490658503988656,19.999999999999982
2.0408363342285156,0.11759470493328833,0.020688465910821963,0.36592893495919765,20.96618357487923
2.080740451812744,0.12039343424968366,0.02178260906514152,0.3794194026074631,21.739130434782616
2.140752077102661,0.12333280590307344,0.02297480746126792,0.3912235617996951,22.415458937198064
2.180755615234375,0.1264129402724365,0.024263591252288802,0.40134141253589406,22.9951690821256
2.240679979324341,0.1293233496456485,0.025524844602253502,0.4165181886401925,23.8647342995169
2.2807209491729736,0.132369902875704,0.026891118663256074,0.4266360393763915,24.444444444444436
2.340686798095703,0.13524748170125686,0.028225578417316703,0.44181281548068996,25.314009661835737
2.380664825439453,0.13841033208760478,0.029737946905722408,0.45024435776085603,25.797101449275363
2.4407248497009277,0.1408053572649155,0.030920612070414626,0.4671074423211874,26.763285024154573
2.4807040691375732,0.1442264297250903,0.03266409890429317,0.47553898460135335,27.246376811594192
2.540693998336792,0.14688867430797747,0.034057830876188744,0.4890294522496187,28.019323671497574
2.5807039737701416,0.14967999087791373,0.03556441460730981,0.5008336114418511,28.695652173913047
2.6406891345977783,0.15230613365909731,0.03702503403804223,0.5143240790901167,29.46859903381644
2.6806604862213135,0.15520191140784467,0.03868715997285828,0.5278145467383821,30.241545893719827
2.7407994270324707,0.15807786786924288,0.040383351537944534,0.537932397474581,30.821256038647356
2.7807135581970215,0.16079220037119785,0.04202458333184525,0.5497365566668135,31.497584541062835
2.8406829833984375,0.16377374512857032,0.04386883707548501,0.5581680989469795,31.980676328502454
2.8806674480438232,0.1661670167541081,0.045394228568864506,0.5767174919633444,33.04347826086961
2.940701723098755,0.16881566857697478,0.0471394753289825,0.5885216511555769,33.719806763285085
2.9803361892700195,0.1717201527178917,0.04910285325651087,0.6003258103478094,34.396135265700565
3.0409390926361084,0.1741882279098402,0.05081709941021396,0.6138162779960746,35.169082125603936
3.0806870460510254,0.17717982271973945,0.05294775003368879,0.6239341287322737,35.748792270531474
3.140770435333252,0.1798797176723791,0.0549121223604224,0.6340519794684727,36.32850241545901
3.180699110031128,0.18269182946052026,0.057005662019024815,0.6458561386607047,37.00483091787446
3.240675687789917,0.1853480161482118,0.05902874473445211,0.6559739893969037,37.584541062801996
3.2806851863861084,0.18811719084678308,0.06117875694370496,0.6644055316770696,38.067632850241615
3.3407387733459473,0.1910010556076441,0.06345309984375139,0.6711507655012021,38.454106280193294
3.38067364692688,0.19386564186972116,0.06575167704129038,0.6812686162374011,39.033816425120825
3.4406204223632812,0.19671074598819002,0.06807432512935661,0.688013850061534,39.42028985507253
3.47991943359375,0.19940962515015626,0.0703119426749276,0.6964453923417,39.90338164251216
3.5406246185302734,0.20170506242836161,0.07225127316002297,0.706563243077899,40.48309178743969
3.58066987991333,0.2037220106268745,0.07400249058120334,0.7234263276382304,41.44927536231891
3.6407229900360107,0.2062134364280886,0.07622532410406853,0.7335441783744294,42.02898550724644
3.6806890964508057,0.20830708368819376,0.07814136414329903,0.7487209544787279,42.89855072463774
3.7407658100128174,0.21061794109260815,0.08031419197562792,0.7605251136709599,43.57487922705319
3.780700445175171,0.21314761783795416,0.08274145722178446,0.7689566559511258,44.05797101449281
3.8407046794891357,0.2152929778816,0.0848456115202432,0.7824471235993913,44.83091787439619
3.8807990550994873,0.21752925389562322,0.08709512531695193,0.7942512827916233,45.50724637681164
3.94069766998291,0.2195027986154014,0.08913465700847206,0.8094280588959218,46.37681159420295
3.9809465408325195,0.22168146471800027,0.09144001093918755,0.8178596011760878,46.85990338164257
4.0406599044799805,0.22406789499450686,0.0940082460426227,0.8262911434562537,47.34299516908219
4.080748081207275,0.22620737780191136,0.09635000949124409,0.8347226857364196,47.826086956521806
4.14081072807312,0.2282135933382387,0.09858722522746523,0.8448405364726186,48.40579710144934
4.180747747421265,0.23042590385834893,0.10108799981865474,0.8482131533846851,48.59903381642519
4.240629196166992,0.23250951050851865,0.10347961560298283,0.860017312576917,49.27536231884064
4.28100848197937,0.23479007493804221,0.10614230351070626,0.8650762379450165,49.56521739130441
4.340720891952515,0.2368330572364306,0.10856871362875106,0.8768803971372485,50.24154589371985
4.380675554275513,0.23852748431623674,0.1106336008806243,0.890370864785514,51.014492753623244
4.4406819343566895,0.24050844448701136,0.11311090577390717,0.902175023977746,51.69082125603869
4.480834722518921,0.24215010455011599,0.11521798781524725,0.9156654916260114,52.46376811594208
4.540975570678711,0.2440677752065877,0.11774460254365068,0.9274696508182434,53.140096618357525
4.580647230148315,0.24595978423253256,0.12029049032166067,0.9359011930984094,53.623188405797144
4.639786958694458,0.24812809908319336,0.12325489958732044,0.9426464269225417,54.00966183574882
4.680654287338257,0.25017632219841046,0.12610018746053042,0.9510779692027078,54.49275362318845
4.740689754486084,0.2522993988863761,0.12909716209554883,0.9578232030268403,54.87922705314013
4.781139850616455,0.25410888093750705,0.13170235257593843,0.9696273622190724,55.555555555555586
4.840648412704468,0.25588748555613455,0.13432872047535338,0.9814315214113043,56.23188405797102
4.880637168884277,0.2579186294255814,0.13738874762679132,0.9881767552354368,56.61835748792271
4.9406046867370605,0.25974160327043505,0.14018606022182023,0.9982946059716358,57.19806763285024
4.980720520019531,0.26171563932069064,0.1432832352666343,1.0084124567078347,57.77777777777777
5.04067325592041,0.2636582381097332,0.1464002244438272,1.0185303074440337,58.35748792270531
5.080905437469482,0.26539547689512705,0.149251573737732,1.0286481581802327,58.93719806763284
5.140671730041504,0.2669285915751768,0.1518360648687696,1.0421386258284981,59.71014492753623
5.180666446685791,0.26877034254632826,0.15501368425223722,1.0488838596526306,60.09661835748791
5.2407450675964355,0.2702508479226239,0.15762866778169882,1.062374327300896,60.8695652173913
5.28004002571106,0.2720279248542857,0.16084290317520744,1.0691195611250286,61.256038647342976
5.340697288513184,0.2737008947561268,0.16392382068768263,1.0775511034051946,61.739130434782595
5.3809802532196045,0.2752669174063112,0.1668726788484694,1.0876689541413935,62.318840579710134
5.440676927566528,0.2766494136123816,0.16954077541133936,1.0977868048775925,62.898550724637666
5.481051683425903,0.27807775837636256,0.17237292547228017,1.1095909640698245,63.57487922705312
5.5406413078308105,0.2796247033395582,0.1755190091157945,1.1180225063499905,64.05797101449274
5.580637454986572,0.28107013179376483,0.17852881442130786,1.1281403570861894,64.63768115942027
5.640882968902588,0.2824850340224455,0.1815530900497191,1.1382582078223884,65.2173913043478
5.680628776550293,0.2838692651820154,0.18459152640584126,1.1483760585585874,65.79710144927533
5.740660667419434,0.2855057110157221,0.18824877135795146,1.1517486754706538,65.99033816425118
5.780898332595825,0.286714515881401,0.19099992126759063,1.1618665262068528,66.57004830917873
5.840625524520874,0.2880949592355641,0.19422253777550658,1.1702980684870188,67.05314009661835
5.880953311920166,0.2892478489678651,0.19699758377399929,1.1837885361352842,67.82608695652173
5.940637826919556,0.29055732005960583,0.20024968562834494,1.1922200784154502,68.30917874396135
5.980749607086182,0.29164910306483094,0.2030493364812368,1.2057105460637156,69.08212560386474
6.04067325592041,0.2926422270939306,0.2057079588584283,1.220887322168014,69.95169082125604
6.08066725730896,0.29365331422929075,0.2085377535211744,1.2343777898162795,70.72463768115942
6.140740156173706,0.2946261352653753,0.21138093031137722,1.247868257464545,71.49758454106282
6.180720806121826,0.29545241117649135,0.21392103082325475,1.2647313420248765,72.46376811594203
6.240665912628174,0.29629155608010205,0.21663219369413234,1.2765355012171085,73.14009661835748
6.280756235122681,0.297395902517567,0.22030967952873942,1.281594426585208,73.42995169082124
6.340670347213745,0.298233443976213,0.22319560387522602,1.2950848942334734,74.20289855072463
6.380676746368408,0.2990319779346543,0.22609256410032624,1.3085753618817388,74.97584541062803
6.4404449462890625,0.2997069833862762,0.22867698088792288,1.3220658295300043,75.74879227053141
6.480731964111328,0.3003847450466461,0.23143292127432666,1.3372426056343028,76.61835748792271
6.541047811508179,0.3011410428618624,0.23468502905360247,1.3473604563705017,77.19806763285024
6.580688238143921,0.30190345143904723,0.23810696040483942,1.3557919986506677,77.68115942028986
6.640700101852417,0.3026369810992196,0.24153519832668674,1.3642235409308336,78.16425120772948
6.680654525756836,0.3032334748841138,0.24448040293641732,1.377714008579099,78.93719806763286
6.740771293640137,0.3038575719635479,0.24776044778805711,1.387831859315298,79.51690821256041
6.780912637710571,0.3044484506605738,0.2510466391639098,1.397949710051497,80.09661835748794
6.840688705444336,0.3049808071887296,0.2541735928347224,1.406381252331663,80.57971014492756
6.880795955657959,0.30548149895750737,0.25730577266435517,1.418185411523895,81.256038647343
6.940237760543823,0.305977941729434,0.2606075503624339,1.4249306453480275,81.64251207729468
6.980742931365967,0.3064995181525187,0.2642431066638558,1.43167587917216,82.02898550724636
7.04072117805481,0.30695137457648525,0.2675512809587576,1.4384211129962925,82.41545893719805
7.080629110336304,0.3074549664123202,0.27135783824593435,1.4401074214523255,82.51207729468597
7.140890598297119,0.30784975704935547,0.2745051201026142,1.4519115806445575,83.18840579710141
7.180665016174316,0.30827306482916417,0.27815342410714583,1.45865681446869,83.57487922705309
7.240679502487183,0.3085692466133292,0.28097598405024854,1.4738335905729885,84.44444444444439
7.280664443969727,0.3089313056742982,0.28479860047804345,1.478892515941088,84.73429951690817
7.340648889541626,0.3092037623875809,0.28795882358280434,1.49069667513332,85.41062801932361
7.380685329437256,0.3094239949044133,0.29095574411346986,1.5041871427815854,86.183574879227
7.440640687942505,0.3096698750177853,0.2947875878064622,1.5092460681496849,86.47342995169076
7.480776786804199,0.30988342817188463,0.29845415386154694,1.5159913019738174,86.85990338164244
7.541043043136597,0.3100660592947616,0.30212239014876774,1.5261091527100163,87.43961352656997
7.580645561218262,0.31021775540308005,0.30579203589143117,1.5328543865341488,87.82608695652166
7.64068603515625,0.31031148635255307,0.3087955753930372,1.5463448541824143,88.59903381642505
7.680691480636597,0.31038186113698685,0.31213372439855563,1.5530900880065468,88.98550724637673
7.74092173576355,0.31042831069613314,0.3158062104808143,1.5632079387427458,89.56521739130426
7.780724763870239,0.3104477354922205,0.31964588570080005,1.568266864110845,89.85507246376801
7.840855598449707,0.31043703775308285,0.32281781386689334,1.580071023303077,90.53140096618347
7.880900621414185,0.31038889968372907,0.3259893947753296,1.591875182495309,91.20772946859891
7.94070029258728,0.31030023034463644,0.32949410856670364,1.600306724775475,91.69082125603853
7.980653762817383,0.31018483013872966,0.33283100445746894,1.610424575511674,92.27053140096606
8.040645360946655,0.310035674201081,0.33616656196703065,1.620542426247873,92.8502415458936
8.080683708190918,0.3098527778007883,0.33950043963426574,1.630660276984072,93.42995169082113
8.14071774482727,0.30964432183593815,0.34266552870776695,1.6424644361763039,94.10628019323659
8.180722713470459,0.3093985200462093,0.3458279366847118,1.6542685953685359,94.78260869565203
8.240906000137329,0.30907995868962757,0.34948687508922494,1.6610138291926684,95.16908212560371
8.280722618103027,0.3087493830252649,0.3529770900885158,1.6694453714728343,95.65217391304333
8.340664386749268,0.30840373381842,0.35629804146110994,1.6795632222090333,96.23188405797086
8.38101577758789,0.3079927327545364,0.35994775236903326,1.6863084560331658,96.61835748792255
8.440683603286743,0.30759113386183334,0.3632624031383764,1.6964263067693648,97.19806763285008
8.480793714523315,0.3071313326204181,0.3667379554440593,1.7082304659615968,97.87439613526553
8.540820598602295,0.3066363903944597,0.37020867773259064,1.7166620082417627,98.35748792270515
8.580662727355957,0.30611220256635163,0.37367510357659867,1.7250935505219287,98.84057971014477
8.640699625015259,0.305576820576277,0.3769707912920886,1.7385840181701941,99.61352657004815
8.68064570426941,0.30502865190255984,0.38009501180889493,1.7503881773624261,100.28985507246361
8.740716218948364,0.3044719433779595,0.383047995155823,1.7638786450106916,101.062801932367
8.780741930007935,0.3037847275952743,0.3864858164832301,1.7723101872908575,101.54589371980661
8.840842485427856,0.3031315226350241,0.38958977621434526,1.78411434648309,102.22222222222209
8.880700588226318,0.3025440469957085,0.3921954843455333,1.800977431043422,103.18840579710132
8.94071626663208,0.301912716688681,0.39479091581932696,1.8178405156037538,104.15458937198056
8.98067331314087,0.30108531356599955,0.3980256639495381,1.8245857494278868,104.54106280193227
9.04074478149414,0.3003112335448549,0.4009292539945446,1.8380762170761522,105.31400966183566
9.080700635910034,0.29954092761746415,0.40366077317988924,1.8532529931804507,106.18357487922695
9.140714168548584,0.2985496105115547,0.40702353564647487,1.8616845354606166,106.66666666666659
9.18093752861023,0.29766836816214215,0.40989641694409196,1.875175003108882,107.43961352656997
9.24068284034729,0.29675327604672186,0.4127586960096082,1.885292853845081,108.0193236714975
9.280704259872437,0.2957043817193249,0.4159285559565593,1.89541070458128,108.59903381642503
9.340729475021362,0.29473156068324047,0.4187717327467623,1.905528555317479,109.17874396135257
9.38070273399353,0.2937788987949338,0.421445120785983,1.9207053314217775,110.04830917874386
9.440962076187134,0.2926739489199952,0.4244183897792551,1.9325094906140095,110.72463768115932
9.480692386627197,0.2917700339969084,0.4267537260442428,1.9476862667183081,111.59420289855063
9.54067587852478,0.2904660488112545,0.43000803144582045,1.956117808998474,112.07729468599025
9.580621242523193,0.2890138656050069,0.4335625563160624,1.9611767343665736,112.36714975845402
9.640619277954102,0.28766609830535095,0.43679897475580753,1.9696082766467395,112.85024154589364
9.68066668510437,0.2863591578686914,0.4398714490174333,1.9763535104708725,113.23671497584535
9.740742444992065,0.2851503530030125,0.44262259892707195,1.9932165950312042,114.20289855072457
9.780507326126099,0.28363897959588275,0.4459699952301932,1.9965892119432707,114.39613526570042
9.840686321258545,0.2824428188655049,0.44854366338844204,2.0151386049596356,115.45893719806759
9.880753993988037,0.28106243370387585,0.4513994959357098,2.026942764151868,116.13526570048306
9.940678119659424,0.2794334930393242,0.4546912832765476,2.033687997976001,116.52173913043477
9.980653524398804,0.2778547961949234,0.4578215543965346,2.042119540256167,117.00483091787439
10.040698528289795,0.27624976276510427,0.4609384035587987,2.050551082536333,117.487922705314
10.080585718154907,0.274844819797764,0.46359474884642904,2.064041550184598,118.26086956521736
10.140677213668823,0.27332648193769177,0.46637968921834894,2.07584570937683,118.9371980676328
10.180624008178711,0.2716121025103649,0.46943775792102727,2.0876498685690623,119.61352657004828
10.240752935409546,0.2697062760510718,0.4727711208812726,2.0927087939371622,119.90338164251207
10.2799813747406,0.26778361081686186,0.4760947997939894,2.0977677193052617,120.19323671497584
10.340658903121948,0.2660026096735214,0.47911455407845766,2.109571878497494,120.86956521739131
10.38063383102417,0.2641075386348309,0.48226066554251046,2.116317112321627,121.25603864734302
10.440614938735962,0.26228091422527805,0.48525304323885327,2.1213760376897266,121.54589371980678
10.480727434158325,0.26034357440097267,0.4883733038034676,2.1314938884259256,122.12560386473433
10.541188955307007,0.25846675137139946,0.4913344549861679,2.139925430706091,122.60869565217392
10.580719232559204,0.25656502827838057,0.4942796765888026,2.1483569729862566,123.09178743961351
10.640695333480835,0.25491163661090005,0.4967889256841504,2.1584748237224556,123.67149758454104
10.680686712265015,0.25350398059452584,0.4988600032293702,2.1770242167388205,124.73429951690821
10.740655660629272,0.2515877186726846,0.5015942547979406,2.187142067475019,125.31400966183571
10.780707359313965,0.2496438905575012,0.5043089782925068,2.197259918211218,125.89371980676324
10.840610027313232,0.24748057769583148,0.5072770397892519,2.204005152035351,126.28019323671495
10.880629301071167,0.2456861151313153,0.5096874213219443,2.217495619683616,127.0531400966183
10.940624713897705,0.24375993409373925,0.5122075541245884,2.2292997788758484,127.7294685990338
10.980664014816284,0.24150265150697098,0.5151047919314312,2.2360450126999813,128.1159420289855
11.040667295455933,0.2394284421935705,0.5177212489093939,2.2461628634361803,128.69565217391303
11.08066463470459,0.23733224610219347,0.5203201243084512,2.2529080972603133,129.08212560386474
11.140678882598877,0.23542210105814226,0.5226399046729003,2.2663985649085783,129.8550724637681
11.18069863319397,0.2331640679915019,0.5253217263823181,2.274830107188744,130.3381642512077
11.240889549255371,0.2308835035619788,0.5279844142900414,2.2832616494689093,130.82125603864728
11.280762672424316,0.2285850306966799,0.5306316588005896,2.288320574837009,131.11111111111106
11.340659141540527,0.22626875397153867,0.5332633394696135,2.2967521171171743,131.59420289855063
11.380656957626343,0.22436865635369585,0.5353714659659002,2.3119288932214728,132.46376811594195
11.439987659454346,0.22210205978781689,0.5378231452681081,2.3220467439576717,133.04347826086948
11.480689525604248,0.22014925140910113,0.5398825402563748,2.33722352006197,133.9130434782608
11.540621995925903,0.21793584971539398,0.5421545648325566,2.3490276792542026,134.58937198067625
11.580610275268555,0.2155798792880539,0.5445204884870366,2.3591455299904016,135.16908212560378
11.640632152557373,0.21284994492314654,0.5472206628297366,2.364204455358501,135.45893719806756
11.680606603622437,0.2105760549157909,0.5494321480697794,2.3760086145507335,136.13526570048302
11.740664958953857,0.20791949381550337,0.5519682858236017,2.3827538483748665,136.52173913043472
11.780663013458252,0.2058453395951244,0.5539054106393437,2.397930624479165,137.39130434782604
11.840611934661865,0.20349817190185868,0.5560389632054102,2.4097347836713974,138.06763285024152
11.880686521530151,0.20088020783962837,0.5583707318860499,2.418166325951563,138.5507246376811
11.940560102462769,0.19811912101041537,0.5607926549045362,2.424911559775696,138.9371980676328
11.980693340301514,0.19546607107349448,0.5630844243177519,2.433343102055862,139.42028985507244
12.040735960006714,0.19291922251053212,0.5652435338079507,2.4434609527920603,139.99999999999994
12.080024480819702,0.19047737945922916,0.5672680449206103,2.4552651119842928,140.67632850241543
12.140685796737671,0.18788381461834314,0.5693708080574015,2.4653829627204917,141.25603864734296
12.180996417999268,0.1852691074485569,0.5714472227100168,2.4755008134566907,141.8357487922705
12.240797996520996,0.1826335256175226,0.5734970763158258,2.4856186641928897,142.41545893719803
12.2808096408844,0.1802368304313579,0.5753097779496346,2.5024817487532216,143.38164251207726
12.340726375579834,0.17781290134999733,0.57708589811368,2.5159722164014875,144.15458937198068
12.380645751953125,0.17536817602132299,0.5788332827582078,2.5260900671376865,144.7342995169082
12.440698385238647,0.17236227763955247,0.580943706058022,2.5328353009618194,145.12077294685992
12.480659484863281,0.17002180286296753,0.5825489306846241,2.5480120770661174,145.9903381642512
12.540676593780518,0.16724463953115534,0.5844024557645098,2.558129927802317,146.57004830917876
12.579911947250366,0.16417267777369735,0.586415503838115,2.56487516162645,146.95652173913047
12.64087724685669,0.16178198183031028,0.5879449289549331,2.5800519377307483,147.82608695652175
12.680674076080322,0.1592277057953861,0.5895278720891005,2.593542405379014,148.59903381642516
12.740764141082764,0.1560863979023881,0.5914308950283522,2.600287639203147,148.98550724637687
12.780760526657104,0.15307417872349383,0.5932246109003463,2.6087191814833126,149.46859903381647
12.840671062469482,0.15047812824682597,0.5947380695060541,2.6188370322195116,150.048309178744
12.880787372589111,0.14786189735265234,0.5962163695219395,2.6357001167798435,151.01449275362324
12.94068431854248,0.1450782381634863,0.5977370549762827,2.647504275972076,151.6908212560387
12.98064136505127,0.14227682291073876,0.5992247764939577,2.6593084351643084,152.3671497584542
13.04068112373352,0.13916404358739057,0.6008376887343732,2.667739977444474,152.8502415458938
13.080673456192017,0.13648095405597327,0.6021908574581446,2.68123044509274,153.6231884057972
13.140658855438232,0.1337798543470438,0.6035077080157318,2.6947209127410057,154.39613526570062
13.180613994598389,0.1303129918336154,0.6051582677482651,2.6997798381091056,154.6859903381644
13.240447759628296,0.12698497754613408,0.6067118547230578,2.7098976888453046,155.26570048309193
13.281005382537842,0.12439835313008572,0.6078797341740219,2.7250744649496026,156.13526570048322
13.340697765350342,0.12133813231674692,0.6092151142573451,2.7351923156858016,156.71497584541075
13.380779266357422,0.11856993905930531,0.610384362356787,2.7486827833340675,157.48792270531416
13.440742492675781,0.11563258199845013,0.61158151574275,2.7604869425263,158.16425120772962
13.480783700942993,0.11237280822893968,0.6128717699745809,2.7689184848064654,158.64734299516923
13.541173458099365,0.10987693708241035,0.6138233316970428,2.785781569366797,159.61352657004844
13.580701351165771,0.10627434490428568,0.6151517942353909,2.790840494734897,159.90338164251224
13.640682935714722,0.10313489266332924,0.6162884696596351,2.7975857285590298,160.28985507246395
13.680707693099976,0.10029917980563698,0.617282837608292,2.8110761962072948,161.0628019323673
13.740221500396729,0.09745192710219795,0.6182436638523942,2.8211940469434937,161.64251207729484
13.780720472335815,0.0945950988047757,0.6191756333302447,2.8313118976796927,162.22222222222237
13.840693473815918,0.09156895634731668,0.6201262670976048,2.843116056871925,162.89855072463786
13.880753517150879,0.08853180354426284,0.6210411143981862,2.8549202160641576,163.57487922705332
13.940697193145752,0.08548555006741622,0.6219251859378684,2.863351758344323,164.05797101449292
13.980701684951782,0.08243050776183652,0.6227783912142206,2.8751559175365555,164.73429951690838
14.040656089782715,0.07920648248214347,0.6236466379471431,2.8819011513606885,165.1207729468601
14.080725193023682,0.07613614021852637,0.624443030511601,2.8937053105529214,165.7971014492756
14.140652894973755,0.07370392474999604,0.6250390049853746,2.9088820866572194,166.66666666666686
14.180691957473755,0.07061442235968374,0.6257574879098299,2.917313628937385,167.14975845410646
14.240744352340698,0.06800529230483729,0.6263295743094452,2.934176713497717,168.1159420289857
14.280677795410156,0.06506160592423957,0.6269335159633153,2.944294564233916,168.69565217391323
14.340736865997314,0.062110995767334365,0.6275026686059042,2.957785031882181,169.4685990338166
14.38063359260559,0.059152976198718205,0.6280319655549581,2.9712754995304467,170.24154589372
14.440692901611328,0.05569637463153573,0.628617445372624,2.976334424898546,170.53140096618378
14.480684280395508,0.05207161598359927,0.6292094220023442,2.983079658722679,170.9178743961355
14.540700912475586,0.04877196050918359,0.6297197798606061,2.993197509458878,171.49758454106302
14.580710887908936,0.045962667003539015,0.6301228161875355,3.0050016686511105,172.17391304347848
14.640670776367188,0.042322429672586814,0.6306106519798579,3.0117469024752435,172.56038647343019
14.68067717552185,0.0393401677691515,0.6309796356758575,3.0252373701235085,173.33333333333357
14.740716934204102,0.035690804695778566,0.6313937138624677,3.0319826039476414,173.71980676328528
14.780616998672485,0.03270168723084635,0.6317022779715785,3.0454730715959064,174.49275362318863
14.840614795684814,0.02937663003801899,0.6320058995415525,3.0555909223321054,175.07246376811617
14.880623817443848,0.025716381170318242,0.6323090328660487,3.0623361561562383,175.45893719806787
14.94066333770752,0.022220412132204825,0.6325718664554115,3.070767698436404,175.94202898550748
14.980628252029419,0.01855598438728362,0.6328194162245094,3.077512932260537,176.32850241545918
15.040653228759766,0.014889970236027783,0.6330422431275582,3.08425816608467,176.7149758454109
15.080695629119873,0.01138907982202561,0.6332283810342086,3.0926897083648353,177.19806763285047
15.140649318695068,0.007886744436985976,0.6333849947687392,3.1011212506450008,177.68115942029007
15.18063235282898,0.004383213063626906,0.6335120731974039,3.1095527929251663,178.16425120772965
15.240740776062012,0.0008787347696888603,0.6336096072861359,3.117984335205332,178.64734299516925
15.280685663223267,-0.002459472386059758,0.6336771674714409,3.1247295690294647,179.03381642512096
15.34074068069458,-0.0056312280492007705,0.6337119344933665,3.136533728221697,179.71014492753645
15.38071346282959,-0.008636225445287471,0.6337068671360442,3.150024195869963,180.48309178743986
15.440708875656128,-0.011306958265019124,0.6336618260732394,3.166887280430295,181.4492753623191
15.480652570724487,-0.01464431100237601,0.6335604944405434,3.177005131166494,182.02898550724663
15.540671825408936,-0.018147393864171857,0.6334216006878461,3.1854366734466595,182.5120772946862
15.580682754516602,-0.021649181133366446,0.6332531758308607,3.193868215726825,182.9951690821258
15.640706777572632,-0.02498258550610344,0.6330618471055103,3.203986066463024,183.57487922705334
15.680617332458496,-0.028313883456031363,0.6328368018608757,3.214103917199223,184.15458937198088
15.740829944610596,-0.03130945196637128,0.632598885219059,3.227594384847488,184.92753623188423
15.780703067779541,-0.03480102957760714,0.6322830263963893,3.2360259271276535,185.41062801932384
15.840627193450928,-0.03828981993440861,0.6319377397655553,3.244457469407819,185.89371980676344
15.880741596221924,-0.040944406223762136,0.6316410680208473,3.2613205539681496,186.8599033816426
15.940640449523926,-0.04458939299462755,0.631190087947959,3.2680657877922816,187.24637681159425
15.980653524398804,-0.047734289962167525,0.6307767287868947,3.276497330072447,187.72946859903385
16.040626287460327,-0.050378010136591295,0.6303951712799915,3.293360414632778,188.69565217391303
16.08069086074829,-0.05351061101320795,0.6298971205995396,3.3051645738250106,189.37198067632852
16.140613794326782,-0.05663711471392685,0.6293621277567167,3.316968733017243,190.04830917874398
16.180638313293457,-0.060086564529154146,0.6287358874008045,3.3254002752974086,190.53140096618358
16.240666389465332,-0.06320160290906834,0.6281377414118168,3.337204434489641,191.20772946859904
16.28066611289978,-0.06647461013022576,0.6274777299546581,3.343949668313773,191.59420289855072
16.340676307678223,-0.06957801800556535,0.6268219081101317,3.3557538275060055,192.27053140096618
16.380674362182617,-0.07283700024483902,0.6260958047032892,3.3658716782422045,192.8502415458937
16.440640449523926,-0.07592528665918472,0.6253721129488489,3.377675837434437,193.5265700483092
16.480704069137573,-0.07933038831512698,0.6245377486855661,3.3861073797146024,194.00966183574877
16.540863037109375,-0.08272833404169741,0.6236747041615548,3.3945389219947675,194.49275362318835
16.580509662628174,-0.0862811233027635,0.6227435757856692,3.4012841558189,194.87922705314003
16.640639543533325,-0.08950367986736599,0.6218698935887201,3.411402006555099,195.45893719806756
16.68062400817871,-0.09304026304600876,0.620878989452858,3.418147240379231,195.8454106280192
16.740689992904663,-0.09608651652285585,0.6199949179131761,3.4299513995714634,196.5217391304347
16.780627489089966,-0.09992583082589415,0.6188490290490732,3.4333240164835304,196.71497584541058
16.84061908721924,-0.10311874560318701,0.6178725626552453,3.4434418672197293,197.2946859903381
16.88064980506897,-0.10614166473272219,0.6169117282945109,3.4552460264119618,197.97101449275357
16.940619945526123,-0.10947001767702033,0.6158103892507445,3.467050185604194,198.64734299516905
16.980612993240356,-0.11262819050092115,0.6147268137768132,3.477168036340393,199.2270531400966
17.040618419647217,-0.11593357716832,0.6135583532553885,3.4855995786205587,199.7101449275362
17.0797119140625,-0.11907110816107677,0.6124163853649376,3.4957174293567577,200.28985507246372
17.140621423721313,-0.12172552014160132,0.6114120620507956,3.510894205461056,201.159420289855
17.180660486221313,-0.12498962689690163,0.6101328091042877,3.5193257477412225,201.64251207729467
17.240699529647827,-0.1282428316812294,0.6088260805011075,3.527757290021388,202.12560386473427
17.280622005462646,-0.13148714833525593,0.6074974381641518,3.5328162153894875,202.41545893719803
17.340622663497925,-0.13487768193879876,0.6060854914692746,3.5395614492136205,202.80193236714973
17.38072419166565,-0.1381037799135059,0.6047132040107821,3.547992991493786,203.28502415458934
17.44065809249878,-0.14054833966721017,0.603636649273531,3.564856076054117,204.25120772946852
17.48066806793213,-0.14373869784113824,0.602183206555983,3.5732876183342825,204.73429951690812
17.540663242340088,-0.14645947125662637,0.6009075000653782,3.5867780859825484,205.50724637681154
17.5806405544281,-0.14916278774026218,0.5995952062652333,3.6002685536308143,206.28019323671495
17.640658617019653,-0.15259843870636805,0.5978806259793406,3.60870009591098,206.76328502415453
17.680633783340454,-0.1558721738363567,0.5962157025923329,3.615445329735112,207.14975845410618
17.740692615509033,-0.15898495315970446,0.5946027903519178,3.6238768720152774,207.63285024154578
17.78064751625061,-0.16134086318810067,0.5933440090246678,3.6407399565756084,208.59903381642496
17.840641975402832,-0.16426425646150541,0.5917309488390757,3.6508578073118074,209.1787439613525
17.880666971206665,-0.1668779907672396,0.590248239154875,3.6643482749600733,209.9516908212559
17.940658807754517,-0.17019679574243365,0.5883171729586242,3.672779817240239,210.4347826086955
17.980652570724487,-0.17277740065321556,0.5867775258162427,3.6862702848885047,211.20772946859893
18.040668964385986,-0.17590904113902384,0.5848586356543073,3.6963881356247037,211.78743961352646
18.080634117126465,-0.17830999894826136,0.583345371011245,3.711564911729002,212.65700483091777
18.140621185302734,-0.18125040079639987,0.5814362041818119,3.7233690709212337,213.33333333333317
18.180628776550293,-0.18445309636386392,0.5793181333095738,3.728427996289333,213.62318840579695
18.23998785018921,-0.1875010823149422,0.5772689643980499,3.738545847025532,214.20289855072448
18.280633687973022,-0.19025298877715605,0.5753781438839469,3.748663697761731,214.78260869565202
18.34059429168701,-0.19312395292415493,0.5733660688660135,3.7570952400418975,215.26570048309168
18.38064956665039,-0.19611554773405415,0.5712354182425388,3.7638404738660296,215.65217391304333
18.440659761428833,-0.19854545319143022,0.5694674831484785,3.7773309415142955,216.42512077294674
18.48076295852661,-0.20068397301401913,0.5678669908929134,3.7908214091625614,217.19806763285015
18.54061245918274,-0.20253370915374583,0.5664383236831962,3.8076844937228924,218.16425120772934
18.580628395080566,-0.20514841632353212,0.5643619090305809,3.8178023444590914,218.74396135265687
18.64060664176941,-0.20747943004649047,0.5624654887048155,3.8312928121073573,219.51690821256028
18.680622100830078,-0.2097878962441745,0.5605416854813164,3.8414106628435563,220.0966183574878
18.74022150039673,-0.212202206326764,0.5584844179834964,3.8532148220357887,220.7729468599033
18.78071427345276,-0.21433419471255902,0.5566111337539901,3.871764215052153,221.8357487922704
18.840648412704468,-0.21693637101300972,0.5542617594729278,3.8801957573323187,222.31884057971
18.880382299423218,-0.21964370524680213,0.5517798946634626,3.8869409911564508,222.70531400966166
18.940705060958862,-0.22233423725992477,0.5492798248499796,3.893686224980583,223.0917874396133
18.9807391166687,-0.22427249136652888,0.547441887552365,3.9071766926288487,223.86473429951673
19.040682554244995,-0.22642139661136854,0.5453413539826985,3.9240397771891797,224.83091787439594
19.080652713775635,-0.22865767262539177,0.5430918401859897,3.935843936381412,225.5072463768114
19.14060950279236,-0.23133705362303708,0.5403414946464012,3.9442754786615777,225.990338164251
19.180659532546997,-0.2334065708757081,0.5381627029240255,3.9611385632219087,226.95652173913018
19.24085521697998,-0.23601553321499955,0.535345470482455,3.9695701055020742,227.4396135265698
19.2806396484375,-0.23802928259876743,0.5331150336534972,3.9864331900624053,228.40579710144897
19.340596437454224,-0.24000895052809507,0.5308542926426363,3.999923657710671,229.17874396135238
19.380240201950073,-0.2423957604508037,0.528062796631751,4.01004150844687,229.75845410627988
19.44068741798401,-0.24432150938328223,0.5257559533172512,4.023531976095136,230.5314009661833
19.4807345867157,-0.24589201245359715,0.5238054718985038,4.045453986023567,231.78743961352632
19.540820598602295,-0.24836514809399823,0.5206531718317953,4.048826602935634,231.9806763285022
19.580708026885986,-0.2503040535929003,0.5181428156421668,4.060630762127866,232.65700483091766
19.64060640335083,-0.25220891780939036,0.5156065319338221,4.075807538232165,233.52657004830897
19.680619716644287,-0.2542810580007766,0.5127786146722344,4.084239080512331,234.0096618357486
19.740634441375732,-0.25612986853761055,0.5102011852684738,4.096043239704564,234.6859903381641
19.780620336532593,-0.25804613045945235,0.5074669336999038,4.106161090440763,235.26570048309162
19.840577363967896,-0.26002661658745335,0.5045740880925578,4.117965249632995,235.94202898550708
19.88085651397705,-0.26197773246357026,0.5016613526344172,4.1263967919131606,236.42512077294668
19.940629243850708,-0.26361840892393834,0.4991437712988911,4.143259876473492,237.39130434782587
19.980633020401,-0.2653987202687177,0.49631911505272974,4.1567503441217575,238.16425120772928
20.040687322616577,-0.26696656037947075,0.4937555409040633,4.170240811770023,238.9371980676327
20.08068871498108,-0.2687577358488448,0.49074181041693316,4.182044970962256,239.61352657004818
20.140559911727905,-0.27034602452058315,0.4879961626194712,4.193849130154488,240.28985507246364
20.18086552619934,-0.27189712971673613,0.48522933855514294,4.209025906258787,241.15942028985495
20.24100089073181,-0.2733333299985897,0.4825897621158256,4.219143756994986,241.73913043478248
20.280645608901978,-0.2747382729659303,0.47993341682819535,4.232634224643251,242.51207729468584
20.340633869171143,-0.2764224890877347,0.4766695651708768,4.239379458467383,242.8985507246375
20.380706787109375,-0.2779285229775088,0.4736896233398704,4.249497309203582,243.47826086956505
20.44084405899048,-0.27948077100616764,0.4705461527946499,4.257928851483747,243.96135265700462
20.480618953704834,-0.2807862226772905,0.4678395255645057,4.268046702219946,244.54106280193216
20.539934635162354,-0.28220622275338664,0.4648176401965251,4.278164552956145,245.1207729468597
20.580689668655396,-0.2834520307969993,0.4620830474760153,4.291655020604411,245.8937198067631
20.64065432548523,-0.28459587020532884,0.4594857027377042,4.3034591797966435,246.5700483091786
20.68066954612732,-0.2858399242197148,0.45656790008129144,4.315263338988876,247.24637681159405
20.740660429000854,-0.28705439316911674,0.4536376598345853,4.3236948812690414,247.72946859903365
20.78073263168335,-0.28804581476234625,0.4511573522495852,4.3405579658293725,248.69565217391283
20.840689420700073,-0.28924840883351227,0.4480425554836108,4.3473031996535045,249.08212560386448
20.880746841430664,-0.29042469792872444,0.44491772983122424,4.3574210503897035,249.66183574879204
20.94064497947693,-0.29151459218257586,0.4419389090497905,4.365852592669869,250.14492753623162
20.98063898086548,-0.29223274681216127,0.43989089420812383,4.3844019856862335,251.20772946859876
21.040679931640625,-0.29313111946708204,0.43719877703857685,4.396206144878466,251.88405797101422
21.080604791641235,-0.294099597107003,0.4341782979716984,4.408010304070698,252.5603864734297
21.14063572883606,-0.29493416896279456,0.4314657238991243,4.419814463262931,253.23671497584516
21.18106436729431,-0.2957814387569248,0.42858264066679286,4.433304930911197,254.00966183574857
21.240784883499146,-0.29664236891106693,0.42552976628317196,4.441736473191362,254.49275362318818
21.2806875705719,-0.29761238271389867,0.42198739634085336,4.448481707015494,254.87922705313983
21.34068989753723,-0.2983815652883174,0.41908250508715605,4.458599557751693,255.45893719806736
21.380658388137817,-0.29920351245404236,0.4158463662999461,4.468717408487892,256.0386473429949
21.440714597702026,-0.29991375904944895,0.4129265058919286,4.478835259224091,256.6183574879224
21.480722904205322,-0.3006700568646653,0.4096743981126527,4.48895310996029,257.19806763285
21.540767431259155,-0.30143823478688225,0.4062537572821995,4.49401203532839,257.48792270531374
21.58067512512207,-0.30214509088611474,0.40299054631011916,4.504129886064589,258.0676328502413
21.640670776367188,-0.30274655034398784,0.4000463517599694,4.517620353712854,258.84057971014465
21.680684566497803,-0.3033473225778314,0.39693181881656986,4.526051895993019,259.32367149758426
21.740739822387695,-0.3038890851199585,0.3939760569221434,4.536169746729218,259.90338164251176
21.78067708015442,-0.3044267138971176,0.39085000541417836,4.547973905921451,260.5797101449272
21.840730667114258,-0.3050156340862,0.3872247489271395,4.554719139745583,260.96618357487887
21.88079524040222,-0.30552320964491847,0.3839246643152665,4.564836990481782,261.54589371980643
21.94076895713806,-0.30599737002954136,0.3806196131321557,4.574954841217981,262.125603864734
21.980628490447998,-0.3064882749295935,0.37697978841590485,4.581700075042113,262.51207729468564
22.041032314300537,-0.30688306556662887,0.37383250655922495,4.593504234234345,263.1884057971011
22.080707550048828,-0.30730637334643757,0.3701842025546934,4.600249468058477,263.57487922705275
22.140699863433838,-0.30764271924539993,0.36703013943409335,4.6120536272507096,264.2512077294682
22.180649518966675,-0.30797918001602187,0.36354048684952606,4.620485169530875,264.7342995169078
22.24074411392212,-0.3083039110155149,0.35988209083981154,4.627230403355007,265.12077294685946
22.2806715965271,-0.3085393018468071,0.3568863227938608,4.640720871003273,265.8937198067629
22.34074330329895,-0.30878149749060363,0.35338886339005504,4.6457797963713725,266.1835748792266
22.380836963653564,-0.30900009662211375,0.3498898498961045,4.654211338651539,266.6666666666663
22.44058394432068,-0.30919509823860447,0.3462222504147689,4.664329189387738,267.24637681159385
22.48073720932007,-0.30934875890892816,0.3427197842251334,4.672760731667903,267.72946859903345
22.54096746444702,-0.3094911753474997,0.33888270191226866,4.677819657036003,268.0193236714972
22.580612659454346,-0.30958209384838886,0.33571205898713896,4.689623816228234,268.6956521739126
22.640549182891846,-0.30964712123559657,0.3322068268336206,4.6980553585084,269.1787439613522
22.680549144744873,-0.30967386531726193,0.3290349933754179,4.709859517700632,269.85507246376767
22.74056601524353,-0.30966795340038583,0.3255291630799837,4.718291059980798,270.3381642512073
22.78053307533264,-0.30962994966142177,0.3230252834154288,4.736840452997163,271.40096618357444
22.840526342391968,-0.3095277710922742,0.3193539252027326,4.743585686821296,271.78743961352615
22.88057041168213,-0.30941378285247706,0.3163510862610337,4.757076154469562,272.56038647342956
22.940539121627808,-0.30923733776420714,0.31268254721711575,4.763821388293694,272.9468599033812
22.98054075241089,-0.3090488196805228,0.30934898270964745,4.773939239029893,273.52657004830877
23.04050850868225,-0.30883869586191637,0.30635133646476614,4.790802323590224,274.492753623188
23.08054280281067,-0.30861939157166607,0.3038567897550361,4.8093517166065896,275.55555555555515
23.140512704849243,-0.3082514999095989,0.30020248170686736,4.8160969504307225,275.94202898550685
23.180548667907715,-0.30790983576806863,0.297048990253435,4.824528492710888,276.42512077294646
23.24060297012329,-0.3075708523778662,0.29423125028267016,4.8397052688151865,277.2946859903377
23.280552864074707,-0.30716920291418737,0.2912532118784649,4.8531957364634515,278.0676328502411
23.340797662734985,-0.30661430622235447,0.28745379445219155,4.861627278743617,278.5507246376807
23.38062047958374,-0.30617577306047505,0.28464982281403056,4.873431437935849,279.2270531400962
23.440661191940308,-0.30566893773569576,0.2816878719396655,4.8902945224961805,280.19323671497534
23.480571269989014,-0.30506144207374736,0.2784047118135001,4.900412373232379,280.7729468599029
23.540639400482178,-0.30445016915009115,0.275292222754036,4.912216532424612,281.44927536231836
23.580519437789917,-0.30380219934964003,0.27218716593165987,4.924020691616844,282.1256038647338
23.64057421684265,-0.3030898414777802,0.2689251515761233,4.930765925440976,282.51207729468547
23.68052339553833,-0.30228206247372125,0.2653423028957397,4.937511159265108,282.8985507246372
23.74060082435608,-0.30159152702755426,0.26241771816860576,4.951001626913374,283.6714975845406
23.780522346496582,-0.3008236448001082,0.2593401217660132,4.962805786105607,284.34782608695605
23.8405282497406,-0.2999798879855808,0.2561096007815177,4.972923636841806,284.92753623188355
23.88051199913025,-0.2990218267336047,0.2525639795068484,4.979668870665938,285.3140096618352
23.940579414367676,-0.2982086475504115,0.24967109605869214,4.993159338314204,286.0869565217386
23.98057508468628,-0.29744688000168645,0.24711090999251678,5.010022422874535,287.0531400966178
24.04051923751831,-0.29649879807673896,0.24408396707992885,5.021826582066767,287.7294685990333
24.080517292022705,-0.29551505251678567,0.24106842609931667,5.033630741259,288.4057971014488
24.14058256149292,-0.294495780393545,0.2380647072257761,5.045434900451232,289.08212560386426
24.180502891540527,-0.29333568445344516,0.2347563755584685,5.0538664427313975,289.56521739130386
24.2405788898468,-0.2921532996029268,0.23145594421144625,5.058925368099497,289.8550724637676
24.280609369277954,-0.2908942254055106,0.228005720486624,5.06567060192363,290.2415458937193
24.340557098388672,-0.28983082424935974,0.22519516662489228,5.082533686483961,291.20772946859853
24.380560159683228,-0.28860724766282914,0.22208855243413406,5.09265153722016,291.78743961352603
24.44059681892395,-0.2874125713471315,0.2191501870325562,5.104455696412392,292.4637681159415
24.48079013824463,-0.2861882267456616,0.21622405938166137,5.112887238692558,292.9468599033811
24.540621280670166,-0.28506632735788173,0.21361716275053472,5.12469139788479,293.62318840579655
24.58054256439209,-0.283518779923083,0.21010310810458416,5.12975032325289,293.91304347826036
24.640597581863403,-0.2821499376337958,0.20705770793705464,5.139868173989089,294.49275362318787
24.68049454689026,-0.28102618205142915,0.2046344836629047,5.153358641637354,295.2657004830912
24.740699768066406,-0.27958583111009055,0.20162224519971628,5.163476492373553,295.8454106280188
24.780569553375244,-0.2780441936113065,0.19847355740422326,5.171908034653718,296.3285024154584
24.840702056884766,-0.27647606293068167,0.19533797975734124,5.180339576933884,296.811594202898
24.880626678466797,-0.2750286472905966,0.1925155285713479,5.192143736126116,297.48792270531345
24.940581798553467,-0.2735480166000631,0.18971035914852674,5.203947895318349,298.1642512077289
24.980547666549683,-0.271957186486865,0.18677480963535692,5.214065746054548,298.74396135265647
25.040487051010132,-0.2704154215322031,0.18400277003299595,5.22586990524678,299.4202898550719
25.080538988113403,-0.2688410431527872,0.18124912237018492,5.2376740644390125,300.0966183574874
25.140552520751953,-0.2675652639771778,0.17909430331656834,5.256223457455378,301.15942028985455
25.180657863616943,-0.26599310312089186,0.1765333766736209,5.269713925103643,301.9323671497579
25.24066662788391,-0.2640400029894422,0.17342295685268683,5.276459158927775,302.3188405797096
25.280609846115112,-0.2622406793225977,0.17061037338987856,5.286577009663974,302.8985507246371
25.340675354003906,-0.26023540809325896,0.1675333295353469,5.293322243488106,303.28502415458877
25.38056182861328,-0.25829905243272294,0.1646107608420473,5.3017537857682715,303.7681159420284
25.44064211845398,-0.2567037089474992,0.16226353962413168,5.31693056187257,304.6376811594197
25.480671167373657,-0.2546989023553061,0.1593874951983546,5.325362104152736,305.12077294685935
25.540987968444824,-0.25276424100020467,0.15666623136799862,5.335479954888935,305.70048309178685
25.580750942230225,-0.25061095055729615,0.15369089073969988,5.342225188713067,306.0869565217385
25.640672206878662,-0.24853404457358455,0.15086647176476625,5.350656730993233,306.5700483091781
25.680583000183105,-0.2466291803570946,0.1483301880564216,5.362460890185465,307.24637681159356
25.74066400527954,-0.2443964058996104,0.1454140210845333,5.369206124009597,307.6328502415452
25.78053641319275,-0.24244482556115352,0.14291350575464093,5.38101028320183,308.30917874396073
25.840631246566772,-0.24036180375401064,0.14030405915731536,5.391128133938029,308.88888888888823
25.880675792694092,-0.23835588040522615,0.13784692378227373,5.402932293130261,309.5652173913037
25.94062614440918,-0.23621615936913823,0.13528376454394042,5.41305014386646,310.14492753623125
25.98059320449829,-0.23384350189859912,0.13248022961221206,5.416422760778527,310.3381642512071
26.040600538253784,-0.23188296564461514,0.13020287750386098,5.429913228426793,311.1111111111105
26.080628156661987,-0.2296791018451962,0.1276946558735147,5.436658462250925,311.4975845410622
26.140562295913696,-0.22723629656071628,0.12495202685593951,5.443403696075058,311.88405797101393
26.180617809295654,-0.22532909985964034,0.12285032063834297,5.45520785526729,312.56038647342933
26.240602016448975,-0.22316994865708684,0.1205266793542826,5.467012014459522,313.2367149758448
26.280632495880127,-0.2207576559539675,0.11798272083936531,5.4754435567396875,313.7198067632844
26.340546131134033,-0.21878067476230248,0.1159465200512598,5.490620332843986,314.5893719806757
26.380595684051514,-0.21665671368482406,0.11382076739162295,5.504110800492251,315.36231884057906
26.44090437889099,-0.21426510886779077,0.1114908708719315,5.517601268140517,316.1352657004825
26.480681657791138,-0.21208108935448108,0.10942687140631138,5.534464352700849,317.1014492753617
26.54059910774231,-0.20925288319226806,0.10682980902321389,5.54626851189308,317.77777777777715
26.5806725025177,-0.20689137769292354,0.10471213706820166,5.558072671085313,318.4541062801926
26.640660762786865,-0.2047530835742202,0.10284605385901811,5.573249447189611,319.3236714975839
26.680649518966675,-0.20183470138102216,0.10035075257618672,5.578308372557711,319.61352657004767
26.74056887626648,-0.19890373304330622,0.09787024703880462,5.58336729792581,319.9033816425114
26.78057289123535,-0.19608624340942202,0.09551417748361692,5.590112531749943,320.2898550724631
26.84059166908264,-0.1935033494330632,0.09339832065948657,5.603602999398209,321.06280193236654
26.880905389785767,-0.1910243751656041,0.09141944994270074,5.6154071585904415,321.73913043478206
26.940783739089966,-0.188132856333265,0.08915484613007595,5.622152392414574,322.12560386473376
26.980616569519043,-0.18522612811369513,0.0869097976576633,5.628897626238707,322.51207729468547
27.040528774261475,-0.18243176784174883,0.08479262225592828,5.64070178543094,323.1884057971009
27.08094048500061,-0.1797485313496129,0.08280555574456039,5.650819636167139,323.76811594202843
27.140583515167236,-0.17691190357494657,0.08074535578360068,5.659251178447304,324.25120772946804
27.18059277534485,-0.17432980592433606,0.07890307066582161,5.66768272072747,324.73429951690764
27.24058222770691,-0.1710545310680155,0.0765952643000393,5.671055337639536,324.9275362318835
27.28060007095337,-0.16804153214577305,0.07449499072726562,5.677800571463669,325.3140096618352
27.340525150299072,-0.1651503574217564,0.07251206618852156,5.686232113743834,325.79710144927475
27.38056254386902,-0.16224256655125352,0.07055358890640508,5.694663656024,326.28019323671435
27.44063091278076,-0.1594560619519049,0.06871413694695203,5.704781506760199,326.8599033816419
27.480589389801025,-0.15637395568777274,0.06671665539196171,5.711526740584331,327.24637681159356
27.540645837783813,-0.15342074305182427,0.06482736554177469,5.71658566595243,327.5362318840573
27.580581665039062,-0.15073447138829027,0.06314059724643166,5.728389825144663,328.2125603864728
27.640722274780273,-0.14746556846260192,0.06112620980105293,5.733448750512762,328.5024154589366
27.680635452270508,-0.1446098340144223,0.05939618894718778,5.743566601248961,329.0821256038641
27.74066185951233,-0.14173387755302394,0.05769999738210166,5.757057068897227,329.8550724637675
27.78060269355774,-0.13883809980427644,0.0560378714472857,5.767174919633426,330.43478260869506
27.840615034103394,-0.13578147767469337,0.05432091420609189,5.775606461913592,330.91787439613466
27.8807053565979,-0.13314554249076152,0.05287804181578569,5.789096929561857,331.690821256038
27.94061517715454,-0.12976044871457373,0.051065688857863466,5.794155854929956,331.9806763285018
27.980594396591187,-0.12680501478483489,0.04951211179821085,5.804273705666155,332.56038647342933
28.040602445602417,-0.1241288051375165,0.04814538689824238,5.81776417331442,333.3333333333327
28.08057713508606,-0.12113752084414278,0.04666200910767661,5.827882024050619,333.9130434782602
28.140780448913574,-0.11798236185736732,0.04513365941624026,5.836313566330785,334.3961352656998
28.180600881576538,-0.11481442882912209,0.04363196659155894,5.844745108610951,334.87922705313946
28.24070429801941,-0.11178421518916898,0.04222982655234292,5.85486295934715,335.45893719806696
28.280674695968628,-0.10889108503001603,0.040929426377520034,5.866667118539382,336.1352657004824
28.340588569641113,-0.10598280665605712,0.03966326697521749,5.878471277731615,336.81159420289794
28.380563259124756,-0.10290703637001063,0.038364102420282,5.888589128467814,337.39130434782544
28.44062876701355,-0.09981827898853621,0.03709612401679258,5.898706979204013,337.971014492753
28.480649948120117,-0.09656287528322358,0.03579488317567946,5.907138521484178,338.4541062801926
28.54094433784485,-0.09391529803214498,0.03477267821518874,5.922315297588477,339.32367149758386
28.58056330680847,-0.09078554119712189,0.03360957308367458,5.932433148324676,339.9033816425114
28.640632390975952,-0.08764417663542313,0.03247819335792769,5.942550999060875,340.483091787439
28.680609703063965,-0.08449152592863347,0.03137865485732504,5.952668849797074,341.0628019323665
28.74056601524353,-0.08117067743408508,0.030254890519308145,5.961100392077239,341.5458937198061
28.78067684173584,-0.07768285991431363,0.029104047117839163,5.967845625901372,341.9323671497578
28.84062933921814,-0.07402946767172673,0.02792243455888455,5.972904551269472,342.22222222222155
28.88088583946228,-0.07068656046275128,0.026866095407226613,5.981336093549637,342.70531400966115
28.94056987762451,-0.06749529684795853,0.025884246165119362,5.98808132737377,343.09178743961286
28.9805748462677,-0.06429426254345945,0.024934735356993292,6.001571795022036,343.8647342995163
29.040542125701904,-0.06108071056070104,0.024028493089474825,6.015062262670301,344.6376811594196
29.0805242061615,-0.05737392468263716,0.023026883598772113,6.0234938049504665,345.12077294685923
29.1406033039093,-0.05398038849653371,0.02214666023805542,6.035297964142699,345.7971014492747
29.180505514144897,-0.050092898303785265,0.021176703740228627,6.042043197966832,346.1835748792264
29.24069094657898,-0.047168896844020196,0.020483702663829838,6.058906282527163,347.1497584541056
29.280547618865967,-0.04455976678917374,0.01991161626421456,6.075769367087495,348.1159420289848
29.340560913085938,-0.041289004144065354,0.01924056998213672,6.085887217823694,348.6956521739124
29.380595922470093,-0.037847186715252105,0.018573656346152524,6.097691377015926,349.37198067632784
29.44060754776001,-0.03439879783842073,0.01794160004700461,6.106122919296092,349.85507246376744
29.480539083480835,-0.031437275357191326,0.017432267521274802,6.119613386944357,350.6280193236708
29.540571928024292,-0.028469151434090133,0.016962932453642325,6.133103854592623,351.4009661835742
29.580586433410645,-0.025330116875629277,0.016507186062251503,6.144908013784855,352.07729468598967
29.640572547912598,-0.02218592143027807,0.016088524225072696,6.1567121729770875,352.7536231884052
29.6808762550354,-0.0190363643182665,0.015712315864378306,6.171888949081386,353.62318840579644
29.740583896636963,-0.015716297875529337,0.015358267549680768,6.182006799817585,354.202898550724
29.780534744262695,-0.012890661102027114,0.015093041031564003,6.197183575921883,355.0724637681153
29.84053683280945,-0.009396066449348102,0.014812525034493002,6.208987735114116,355.74879227053077
29.880670070648193,-0.006397898294412869,0.014609984314322194,6.222478202762382,356.5217391304342
29.940557956695557,-0.0028976555615707715,0.014412040326453646,6.230909745042547,357.0048309178738
29.98070788383484,0.00010445831525961614,0.01428033118046176,6.247772829602879,357.971014492753
30.04055118560791,0.0031082252969609897,0.014194197863830017,6.261263297251144,358.74396135265636
30.08052897453308,0.006112880894426816,0.014148593377073623,6.27475376489941,359.51690821255977
30.140565156936646,0.009117882563078153,0.014148593377073344,6.291616849459742,360.48309178743904
30.180572748184204,0.012289502931973888,0.014194057297780706,6.303421008651974,361.1594202898545
30.240654468536377,0.015627325590426042,0.014278504287393055,6.313538859388173,361.73913043478206
30.28060269355774,0.018630259574407733,0.014389960630622863,6.327029327036438,362.5120772946854
30.34066104888916,0.021798281822461713,0.014547687509470782,6.338833486228671,363.18840579710087
30.380573987960815,0.024964221569911262,0.014742798370260702,6.350637645420903,363.86473429951633
30.440568685531616,0.027961326725264017,0.014960503942893007,6.360755496157102,364.4444444444439
30.480623722076416,0.031288825695901176,0.015236079692434793,6.370873346893301,365.0241545893714
30.54062795639038,0.034280912115143086,0.015514385079349553,6.3809911976295,365.60386473429895
30.580892086029053,0.03760215374284585,0.015857234089473125,6.391109048365699,366.1835748792265
30.64062213897705,0.04058799625742372,0.01619602533306346,6.401226899101898,366.763285024154
30.680869102478027,0.043403686455653,0.016551633248153737,6.416403675206197,367.6328502415453
30.74072527885437,0.04621432326865067,0.016945192630081568,6.428207834398428,368.30917874396073
30.780604124069214,0.04918478353159399,0.017399506238582545,6.441698302046694,369.08212560386414
30.840686082839966,0.05181950464167316,0.0178389230837706,6.455188769694959,369.8550724637675
30.88069772720337,0.054283397366835615,0.018286237623707707,6.4703655457992575,370.7246376811588
30.94063949584961,0.05706871615403969,0.018830817769624295,6.48216970499149,371.40096618357427
30.980619192123413,0.05951964461213766,0.01934443956825966,6.497346481095788,372.2705314009656
31.040661811828613,0.0626150950327178,0.020036847992680316,6.509150640288021,372.94685990338104
31.080641508102417,0.06537720283056653,0.02068902035850418,6.520954799480253,373.62318840579655
31.14063811302185,0.06813142002947112,0.021373750891587818,6.532758958672486,374.299516908212
31.180658102035522,0.07087736286629272,0.022090944183936173,6.544563117864718,374.97584541062747
31.24100112915039,0.0742602725751912,0.023011163132114373,6.5529946601448845,375.45893719806713
31.280678272247314,0.07731387177046735,0.02386951893659619,6.56142620242505,375.94202898550674
31.340697765350342,0.08019908891460092,0.02470949337656069,6.571544053161249,376.52173913043424
31.380545616149902,0.08339690268382452,0.025669794626530462,6.578289286985382,376.90821256038595
31.44060206413269,0.0861059342979941,0.02651579462364089,6.59346606308968,377.77777777777726
31.480632543563843,0.08912064475758869,0.027502082399743822,6.605270222281913,378.4541062801927
31.541118383407593,0.09212522196694264,0.028518821562711315,6.613701764562078,378.9371980676323
31.580961227416992,0.09496093482463504,0.029513189511368117,6.627192232210344,379.71014492753574
31.64067268371582,0.09762701679381611,0.03048611048209902,6.638996391402577,380.38647342995125
31.680622100830078,0.10028142877434064,0.03149043379624099,6.650800550594809,381.0628019323667
31.7411527633667,0.10276589391261938,0.03247139020118851,6.667663635155141,382.0289855072459
31.780586004257202,0.105388603082304,0.033555809351209345,6.6828404112594395,382.89855072463723
31.840590238571167,0.10861470105701108,0.03492809680970176,6.687899336627539,383.188405797101
31.880549430847168,0.11198587889556776,0.03638565352103411,6.694644570451672,383.5748792270527
31.940663814544678,0.11488771467562289,0.03766650942162281,6.703076112731838,384.05797101449235
31.980610132217407,0.11762335683230449,0.03891001133926652,6.716566580380103,384.8309178743957
32.04065728187561,0.12019195939508809,0.04011701140394776,6.728370739572336,385.50724637681117
32.080716609954834,0.12304895480468485,0.04149498816791089,6.736802281852502,385.99033816425083
32.140629053115845,0.12559048244158527,0.04275800263835463,6.751979057956801,386.85990338164214
32.18059158325195,0.1279652246604532,0.043980885251550195,6.7654695256050665,387.63285024154555
32.240729570388794,0.13091540217151745,0.04554442100315258,6.7755873763412655,388.2125603864731
32.28064703941345,0.13414598093467955,0.047291610872896454,6.7823326101653985,388.5990338164248
32.34054493904114,0.1364825161355835,0.048586000978956836,6.7958230778136635,389.3719806763282
32.380913972854614,0.13967708028703685,0.05039820170409108,6.8025683116377955,389.7584541062798
32.44058632850647,0.14227567922942835,0.05190728041814016,6.8160587792860605,390.5314009661832
32.48052620887756,0.1450010203912859,0.05353016620708704,6.824490321566227,391.01449275362285
32.540640115737915,0.14799800888810086,0.0553492156734575,6.832921863846392,391.4975845410624
32.58058547973633,0.15083905525736388,0.05710325299376374,6.8396670976705245,391.88405797101404
32.64060139656067,0.15352532692089754,0.05879002128910681,6.84809863995069,392.36714975845365
32.68062663078308,0.1566208364481615,0.06076666803360726,6.854843873774822,392.7536231884053
32.740888833999634,0.15857572120290714,0.06204769862590164,6.871706958335154,393.71980676328457
32.78060746192932,0.16078739943399376,0.06354547093632434,6.88519742598342,394.492753623188
32.840622901916504,0.16311699343376904,0.06516644597558027,6.897001585175651,395.1690821256034
32.88053894042969,0.16542729133168382,0.06681480634411935,6.908805744367884,395.84541062801884
32.94060397148132,0.1674434819167747,0.06830001110553716,6.927355137384249,396.90821256038606
32.98065209388733,0.16996847885515115,0.07021981140600284,6.939159296576481,397.58454106280146
33.04060697555542,0.17220725352407495,0.07196407522305107,6.950963455768713,398.2608695652169
33.08058023452759,0.1749508568020054,0.07414662466452415,6.95939499804888,398.7439613526566
33.140546560287476,0.17702286900019046,0.07583233162076013,6.972885465697145,399.51690821255994
33.18062233924866,0.1790690599600427,0.07754928970049012,6.9897485502574765,400.4830917874392
33.240642786026,0.18134475822466267,0.07951174541642379,6.9998664009936755,401.0628019323667
33.280617237091064,0.1836004845123974,0.08149712546654478,7.0099842517298745,401.64251207729427
33.340646743774414,0.1858326184496421,0.08350899353249641,7.0234747193781395,402.4154589371976
33.380605697631836,0.1875447751852661,0.08509994705016743,7.0403378039384705,403.38164251207684
33.44063591957092,0.1897183251764109,0.08717496884874948,7.0504556546746695,403.96135265700434
33.48056435585022,0.19174951875571053,0.08915709420429414,7.062259813866902,404.6376811594198
33.540897369384766,0.1939971462274667,0.09139526611026703,7.0706913561470675,405.1207729468594
33.5805344581604,0.19646462352769012,0.09388573529980276,7.075750281515167,405.41062801932316
33.64058232307434,0.1984450355694278,0.09591859939428138,7.0875544407073985,406.0869565217386
33.68065285682678,0.2008658943344406,0.09845440771728309,7.095985982987564,406.5700483091782
33.740678787231445,0.20338180024555874,0.10113013734344664,7.102731216811696,406.95652173912987
33.780778884887695,0.20530664956973943,0.10321568843629539,7.1145353760039285,407.6328502415453
33.84059119224548,0.2073166348876199,0.10544951789498316,7.128025843652194,408.40579710144874
33.88071370124817,0.20930011230709747,0.10770691736229485,7.138143694388393,408.9855072463763
33.94057273864746,0.21114991573879768,0.10985931034354826,7.149947853580626,409.66183574879176
33.98059678077698,0.2134079488054375,0.11254113205296609,7.158379395860791,410.14492753623136
34.04071402549744,0.21553467568495227,0.11511508313511112,7.16849724659699,410.72463768115887
34.08088970184326,0.21763525129940495,0.11771042000752187,7.178615097333189,411.3043478260864
34.14055371284485,0.21960784521938997,0.12019439181881882,7.187046639613355,411.78743961352603
34.1806275844574,0.2213464405654383,0.12243757137123502,7.202223415717653,412.6570048309173
34.240607261657715,0.22325984784556943,0.12496741628996427,7.210654957997819,413.1400966183569
34.28053689002991,0.2254530798688673,0.12791343816325537,7.217400191821952,413.5265700483086
34.3405864238739,0.22732355613678823,0.13047518781215228,7.229204351014183,414.20289855072406
34.38060736656189,0.22916366349342515,0.13305883787524703,7.241008510206415,414.87922705313946
34.4406099319458,0.2308799900055784,0.13552546681618582,7.251126360942614,415.45893719806696
34.480703592300415,0.23285070842850217,0.13842497537949305,7.262930520134846,416.1352657004825
34.54114270210266,0.2346071057565866,0.1410662461263831,7.271362062415013,416.6183574879221
34.58061456680298,0.23633668965623378,0.14372515234258582,7.283166221607244,417.29468599033754
34.640591621398926,0.23794325450389478,0.14626463741221218,7.296656689255509,418.0676328502409
34.68055963516235,0.23978499369021633,0.14924773609993808,7.3050882315356755,418.55072463768056
34.740549087524414,0.24142393630008022,0.1519634514484331,7.316892390727908,419.227053140096
34.78086304664612,0.24311770238768454,0.15484083703847984,7.327010241464107,419.8067632850235
34.84065055847168,0.244954092296305,0.15802155766271664,7.333755475288239,420.19323671497517
34.88057780265808,0.24659909826996623,0.16092709491767407,7.343873326024438,420.77294685990273
34.940553188323975,0.24805307030496263,0.1635569238759992,7.353991176760637,421.3526570048303
34.98056650161743,0.24988537067364625,0.16693126210394826,7.3590501021287364,421.64251207729404
35.04054570198059,0.2513754536873388,0.16973142198238073,7.370854261320969,422.3188405797095
35.08055591583252,0.25307066793098676,0.1729895748722957,7.377599495145101,422.70531400966115
35.140543937683105,0.2542020773595143,0.17522357808710648,7.392776271249399,423.57487922705246
35.18051862716675,0.25567283143562436,0.17822108936163641,7.402894121985598,424.15458937198
35.240596294403076,0.2570387515512861,0.18108386860043746,7.41469828117783,424.8309178743954
35.28057098388672,0.25858953194486467,0.18441319161823222,7.421443515001963,425.21739130434713
35.340556383132935,0.25975959190375486,0.18699883041247262,7.436620291106261,426.08695652173844
35.38052248954773,0.26116715749512287,0.19020969324310594,7.445051833386428,426.57004830917805
35.44054698944092,0.26241121150950886,0.1931274958995187,7.456855992578659,427.2463768115935
35.48050665855408,0.26342767731056266,0.19559764564538806,7.470346460226924,428.01932367149686
35.54051423072815,0.26485585156151736,0.1991618848947354,7.475405385595024,428.3091787439606
35.58053231239319,0.26620178580670123,0.20257916050456995,7.482150619419157,428.6956521739123
35.6404767036438,0.2675246392849836,0.20600543694714174,7.488895853243289,429.082125603864
35.6808021068573,0.2687061961251511,0.20912827457128788,7.495641087067421,429.4685990338156
35.74047088623047,0.26986138094110634,0.21226096342183065,7.50575893780362,430.0483091787432
35.78050971031189,0.2709848110915063,0.2154051797137705,7.515876788539819,430.6280193236707
35.84078240394592,0.2720192656965904,0.21840370375110932,7.527680947732051,431.3043478260862
35.880619049072266,0.273078844761644,0.2215700081581788,7.534426181556183,431.69082125603785
35.94060802459717,0.27405750379304544,0.224587203748911,7.546230340748416,432.3671497584533
35.980571269989014,0.2750055857179927,0.22761414666149904,7.554661883028581,432.8502415458929
36.0406174659729,0.2759739726378473,0.2308095211570445,7.56477973376478,433.4299516908204
36.08059525489807,0.2768115140964932,0.23369544550353108,7.578270201413046,434.20289855072383
36.14057636260986,0.2778053997648409,0.23723119194016673,7.581642818325112,434.3961352656997
36.180665016174316,0.27868723049468724,0.2404515282513656,7.591760669061311,434.97584541062724
36.240708351135254,0.2795817523629705,0.24384132347206952,7.6001922113414775,435.45893719806685
36.28065347671509,0.28031659234727657,0.246755091689698,7.6136826789897425,436.2318840579702
36.34064722061157,0.2810584987034271,0.2498390530531365,7.622114221269909,436.71497584540987
36.38095545768738,0.2817292915823681,0.25276822903661006,7.635604688918174,437.4879227053132
36.44067645072937,0.28224911126334634,0.25521785046818163,7.654154081934539,438.5507246376804
36.480629682540894,0.2828257255354936,0.2581670115369862,7.667644549582805,439.3236714975838
36.54112958908081,0.2835211618568908,0.2619432333843569,7.676076091862971,439.8067632850234
36.580779790878296,0.2840329912214815,0.2649043253670783,7.689566559511237,440.5797101449268
36.640870332717896,0.2845628149069116,0.26820091121545014,7.6996844102474356,441.1594202898544
36.681119203567505,0.2850046017346678,0.2711732603583702,7.713174877895701,441.9323671497578
36.74080801010132,0.28546203611582033,0.2744806679807035,7.7199201117198335,442.31884057970944
36.780784130096436,0.2858385621435627,0.2774619870141228,7.7367831962801645,443.2850241545886
36.84088754653931,0.2861490191968789,0.280283012483651,7.751959972384463,444.1545893719799
36.880897521972656,0.286398644155106,0.28294243532929997,7.768823056944795,445.1207729468592
36.94078874588013,0.28666580224755467,0.28627062071280357,7.778940907680994,445.7004830917867
36.98078465461731,0.2869287981598107,0.28993397228425605,7.785686141505126,446.08695652173833
37.04073762893677,0.2871397974564578,0.29326618936754184,7.795803992241325,446.6666666666659
37.08071565628052,0.28729428379676003,0.29626721735795725,7.809294459889591,447.4396135265693
37.14072799682617,0.28742093739653446,0.29960370507095613,7.822784927537856,448.21256038647266
37.18065595626831,0.2874944067911119,0.3026078084774083,7.836275395186122,448.9855072463761
37.2407443523407,0.28754170071398305,0.3061133247440948,7.844706937466287,449.4685990338157
37.28091287612915,0.2875442343935451,0.3091183253446043,7.861570022026618,450.43478260869483
37.34081172943115,0.2875020075215938,0.3124569490557484,7.871687872762817,451.0144927536224
37.38070249557495,0.28743219851475493,0.315127149271892,7.888550957323149,451.98067632850166
37.44069027900696,0.2872903511726516,0.31863011377966033,7.900355116515381,452.65700483091706
37.48014259338379,0.28714853181520394,0.3212974588569952,7.913845584163646,453.4299516908204
37.54120683670044,0.2869400758503538,0.3244625479304964,7.925649743355878,454.1062801932359
37.580713510513306,0.2866841439503366,0.3277916154059139,7.935767594092077,454.68599033816344
37.640779972076416,0.28641168723705435,0.3309518385106747,7.944199136372243,455.16908212560304
37.680739641189575,0.28609405072653743,0.3342755861606195,7.954316987108442,455.74879227053054
37.74068236351013,0.28569977436489524,0.33809501403247794,7.959375912476541,456.0386473429943
37.78089380264282,0.2853162685931517,0.34157981020071854,7.9678074547567075,456.52173913043396
37.84078764915466,0.285012973459577,0.34406554343674745,7.982984230861006,457.39130434782527
37.880807399749756,0.28460630267800757,0.347042900302159,7.996474698509272,458.1642512077287
37.9408233165741,0.28415950418327335,0.3500145002304301,8.009965166157537,458.93719806763204
37.980791330337524,0.2836352403091135,0.3533119748373951,8.013337783069604,459.13043478260795
38.04079842567444,0.2830887462928444,0.35660583817449804,8.023455633805803,459.71014492753545
38.08079218864441,0.28253531000154397,0.35972912986820044,8.035259792998035,460.3864734299509
38.140979290008545,0.28195030157789347,0.3628466622059213,8.0436913352782,460.8695652173905
38.180712938308716,0.28118811456534043,0.3667801678388508,8.047063952190268,461.0628019323664
38.240825176239014,0.2805308629923359,0.3700537303879877,8.057181802926467,461.64251207729393
38.28072452545166,0.2797775510210038,0.3736484254598644,8.063927036750599,462.0289855072456
38.34091067314148,0.27903824133992006,0.3770754215506995,8.068985962118699,462.3188405797094
38.38074231147766,0.2783773312456901,0.3800068431982862,8.082476429766965,463.0917874396128
38.44071102142334,0.27778751087019915,0.38244055837952684,8.10102582278333,464.15458937197997
38.480934858322144,0.2771125054185768,0.38502497516712353,8.117888907343662,465.12077294685923
38.540756702423096,0.2763090874292963,0.3879205846993459,8.131379374991928,465.89371980676265
38.58075428009033,0.27542244774266755,0.39096609168482016,8.14318353418416,466.5700483091781
38.6404504776001,0.27449992101227527,0.39400092070211107,8.154987693376393,467.2463768115936
38.68112087249756,0.2734938837249822,0.39718464185351604,8.165105544112592,467.8260869565211
38.74111080169678,0.27265904574341376,0.39972194121233484,8.178596011760858,468.59903381642454
38.78073763847351,0.27158346220772617,0.4028828447937629,8.18534124558499,468.9855072463762
38.840824604034424,0.27042894678209345,0.4061931280358918,8.193772787865155,469.4685990338158
38.88083076477051,0.26930551663169344,0.40933734432783214,8.200518021689287,469.85507246376744
38.94075584411621,0.2684331877830579,0.4116846619540995,8.219067414705652,470.9178743961346
38.98076820373535,0.26734140477783314,0.4144843128069915,8.232557882353918,471.690821256038
39.04075360298157,0.2661566452186387,0.41742669067520916,8.240989424634083,472.17391304347757
39.080666065216064,0.26488085798331995,0.42051223087483813,8.251107275370282,472.75362318840513
39.14025044441223,0.2637677570230799,0.4231228964095233,8.262911434562515,473.4299516908206
39.180649757385254,0.2624893482725944,0.42602581111704757,8.274715593754747,474.10628019323605
39.241077184677124,0.26117676291508174,0.4289134333935444,8.28651975294698,474.78260869565156
39.28053832054138,0.2600407628542053,0.4313309416879292,8.300010220595246,475.555555555555
39.34093976020813,0.25858519171950406,0.4343358550086681,8.310128071331444,476.1352657004825
39.38073015213013,0.2571711928077771,0.43717519468720517,8.321932230523677,476.811594202898
39.441073417663574,0.25557668042448006,0.44029743927574383,8.330363772803842,477.29468599033754
39.48080801963806,0.2541807042654824,0.44295850778145845,8.343854240452108,478.06763285024095
39.54071068763733,0.2526717675597947,0.4457485530769165,8.35565839964434,478.74396135265647
39.58076620101929,0.25105624307646524,0.44867058525283326,8.362403633468473,479.1304347826081
39.64068841934204,0.2496517454478033,0.4511367471884654,8.380953026484837,480.1932367149752
39.680681228637695,0.24795797936019837,0.45401413277851227,8.391070877221036,480.7729468599028
39.74083614349365,0.24665685382948066,0.4561537425588376,8.4096202702374,481.8357487922699
39.78016114234924,0.24496782119266491,0.4588385910618726,8.421424429429633,482.51207729468535
39.84077048301697,0.24315902201048378,0.46164509011084265,8.431542280165832,483.0917874396129
39.88077974319458,0.24150140132786257,0.4641515475114669,8.445032747814096,483.8647342995162
39.94082260131836,0.23999803945735793,0.4663594301120691,8.45852321546236,484.6376811594195
39.98075199127197,0.2379932328651648,0.4692354745378462,8.466954757742526,485.1207729468591
40.04065990447998,0.2361531255085279,0.47181912460094066,8.478758916934758,485.7971014492746
40.080673694610596,0.23437904972162305,0.47424455036375346,8.492249384583022,486.5700483091779
40.14072632789612,0.23287183514576143,0.4762443408230412,8.507426160687322,487.43961352656925
40.18071699142456,0.23103297274133586,0.4786210234030648,8.51754401142352,488.0193236714968
40.240968465805054,0.2288620090640189,0.48137380340206853,8.525975553703686,488.5024154589364
40.280895948410034,0.2269754325817799,0.48371279126122,8.539466021351952,489.2753623188398
40.34077334403992,0.22464559534704645,0.4865520112325456,8.54283863826402,489.4685990338157
40.38067960739136,0.2226149141666864,0.48898872555232303,8.554642797456252,490.14492753623114
40.44064736366272,0.22087905240471672,0.4910189044693304,8.568133265104517,490.91787439613455
40.48081135749817,0.2192214015082312,0.49289588373509946,8.586682658120882,491.9806763285017
40.54064631462097,0.21730712741739577,0.4949911457680768,8.601859434225181,492.850241545893
40.58100485801697,0.2153647623085818,0.4970603934733409,8.613663593417414,493.52657004830854
40.64078330993652,0.21316673618836546,0.49934729616198514,8.625467752609646,494.202898550724
40.68070912361145,0.21152315180585252,0.5010089953406245,8.642330837169979,495.16908212560327
40.74071025848389,0.20926047858701768,0.5032319556725351,8.654134996362211,495.8454106280187
40.7807457447052,0.2068571176514296,0.5055497234794171,8.660880230186343,496.23188405797043
40.84096693992615,0.2044343000181752,0.5078471451014357,8.670998080922542,496.81159420289794
40.880648136138916,0.20259554054151918,0.5095470925258452,8.68617485702684,497.6811594202892
40.940035581588745,0.19999336424106828,0.5118964668069079,8.694606399307006,498.1642512077288
40.980719804763794,0.1977409891221456,0.513885647882691,8.708096866955271,498.9371980676322
41.04067373275757,0.1953371174522195,0.5159551028174515,8.719901026147504,499.61352657004767
41.08071041107178,0.19265720056596902,0.5182153962705086,8.72833256842767,500.0966183574873
41.140745401382446,0.19008145724019848,0.5203399521565888,8.741823036075935,500.8695652173907
41.18069505691528,0.1876091710315218,0.5223271722336982,8.753627195268168,501.54589371980614
41.24070382118225,0.18459622736670386,0.5247074355784381,8.758686120636268,501.83574879226995
41.28070783615112,0.18157128073326967,0.5270724262724059,8.763745046004367,502.1256038647337
41.340763568878174,0.17879487062994218,0.5292130869062496,8.772176588284532,502.6086956521733
41.38065719604492,0.17600051035799585,0.5313302623079846,8.780608130564698,503.09178743961286
41.439873695373535,0.1731883985698547,0.5334238019665868,8.789039672844863,503.57487922705246
41.480751752853394,0.17102848260774242,0.534995299827974,8.802530140493129,504.3478260869559
41.54070544242859,0.1684401863320448,0.5368288660584896,8.814334299685362,505.02415458937134
41.58067750930786,0.16569467252181158,0.5387289569276713,8.82445215042156,505.6038647342989
41.64073371887207,0.16293007473295368,0.5406011723156998,8.83457000115776,506.18357487922646
41.68075156211853,0.16014978973622704,0.5424500116084202,8.841315234981892,506.5700483091781
41.74064922332764,0.15707782797876987,0.5444630596820252,8.848060468806024,506.95652173912976
41.78069043159485,0.15399235772839137,0.5464553410175683,8.854805702630156,507.3429951690814
41.840646266937256,0.15159139991915452,0.5479686056606307,8.869982478734455,508.2125603864728
41.880630016326904,0.14874445402296468,0.54971305126239,8.880100329470654,508.7922705314003
41.94080877304077,0.1461664491000978,0.5512570479094939,8.890218180206853,509.37198067632784
41.980719327926636,0.14299975515964802,0.5531175212561045,8.896963414030985,509.7584541062795
42.04078245162964,0.1402527691659893,0.5547034943590033,8.90539495631115,510.2415458937191
42.08064341545105,0.13748987741150664,0.5562615931637936,8.917199115503383,510.91787439613455
42.14081406593323,0.1345637681788926,0.5578697213154474,8.927316966239582,511.49758454106205
42.18069410324097,0.13133024770936977,0.5596114609513015,8.934062200063714,511.8840579710137
42.240671157836914,0.1286703571726047,0.5610096803049889,8.94755266771198,512.6570048309171
42.28079915046692,0.12554945811358076,0.5626068246549227,8.955984209992145,513.1400966183568
42.34074378013611,0.12241520375711065,0.564177598553386,8.964415752272311,513.6231884057963
42.38062143325806,0.1198631174256933,0.5654191393858483,8.97959252837661,514.4927536231877
42.4406259059906,0.11684243041078113,0.5668416868723212,8.98971037911281,515.0724637681152
42.480687856674194,0.1138075051322178,0.5682335992067972,8.999828229849008,515.6521739130427
42.54068398475647,0.11136476425672825,0.5693142746932137,9.01669131440934,516.6183574879219
42.58064937591553,0.10798868981986406,0.5707604534451942,9.023436548233473,517.0048309178737
42.64070725440979,0.10491073311586575,0.5720544294579704,9.030181782057605,517.3913043478253
42.680644512176514,0.10197539900031773,0.5732565344295022,9.041985941249838,518.0676328502408
42.740744829177856,0.09933477693817337,0.5742965745280533,9.057162717354137,518.9371980676322
42.78076672554016,0.09652332746439159,0.5753576055761221,9.070653185002403,519.7101449275356
42.84067249298096,0.09448082117221922,0.5760912805110336,9.089202578018767,520.7729468599027
42.88082766532898,0.09100884597108977,0.5772890700537628,9.0959478118429,521.1594202898543
42.94067645072937,0.08815836896803983,0.5782402881589734,9.109438279491165,521.9323671497577
42.98092031478882,0.0849789173186941,0.5792597383062583,9.119556130227364,522.5120772946854
43.04074239730835,0.08226564053761114,0.58009202274737,9.134732906331662,523.3816425120766
43.08070659637451,0.07874274652499752,0.5811305454297513,9.141478140155796,523.7681159420283
43.140636920928955,0.07601187779720615,0.5819031541750102,9.156654916260095,524.6376811594197
43.18068051338196,0.0732695983102555,0.5826342297505355,9.171831692364394,525.507246376811
43.24061822891235,0.07003276764519993,0.5834534480603181,9.181949543100593,526.0869565217386
43.28079009056091,0.06662766598925723,0.5842878123236007,9.187008468468694,526.3768115942024
43.34080147743225,0.0633774816388254,0.5850523337958531,9.200498936116958,527.1497584541057
43.38098955154419,0.05979395314977938,0.5858570916191284,9.207244169941092,527.5362318840574
43.44072723388672,0.05669277475600015,0.5865233763198641,9.219048329133324,528.2125603864729
43.48079037666321,0.05391024658923349,0.5870820401569181,9.234225105237623,529.0821256038643
43.540685415267944,0.05013819500984765,0.5877997517982667,9.239284030605724,529.3719806763281
43.58085036277771,0.04701726422464217,0.5883663502155209,9.251088189797956,530.0483091787436
43.64082407951355,0.04421826769237483,0.5888355907658076,9.266264965902256,530.917874396135
43.680792808532715,0.04157718133503491,0.5892349719681756,9.283128050462587,531.8840579710142
43.740830421447754,0.03843441575487838,0.5896642355709437,9.294932209654819,532.5603864734296
43.78071403503418,0.03528614535951388,0.5900510640214848,9.310108985759118,533.429951690821
43.840728998184204,0.032961684229900035,0.590294978431974,9.330344687231516,534.589371980676
43.880677223205566,0.029801691971457156,0.5905700996035671,9.345521463335816,535.4589371980674
43.9407262802124,0.026139481681121846,0.590848536984834,9.352266697159948,535.8454106280191
43.98072361946106,0.022808183731193726,0.5910735822294685,9.362384547896147,536.4251207729466
44.04074001312256,0.019474779358456235,0.591264910954819,9.372502398632346,537.0048309178741
44.08083748817444,0.016139609803615895,0.5914225035745581,9.382620249368545,537.5845410628016
44.14071989059448,0.012469592091239712,0.591564916975516,9.389365483192678,537.9710144927534
44.18065524101257,0.009465825109538223,0.5916510502921474,9.402855950840943,538.7439613526567
44.240880250930786,0.005793677139185743,0.5917191742216031,9.409601184665075,539.1304347826083
44.280155658721924,0.0027888292815906046,0.5917495778612009,9.419719035401274,539.7101449275359
44.34066891670227,-0.0005500614613554999,0.5917495778612009,9.429836886137473,540.2898550724634
44.38063645362854,-0.0037218171244965126,0.5917148108392757,9.441641045329705,540.9661835748789
44.440739154815674,-0.007059905606664918,0.5916416215057424,9.451758896065904,541.5458937198064
44.48074793815613,-0.010563845640550823,0.5915263598465678,9.463563055258136,542.222222222222
44.540645360946655,-0.013565733146781223,0.5913895884002249,9.4770535229064,542.9951690821252
44.58073806762695,-0.016899137519518243,0.5911982596748745,9.4871713736426,543.5748792270527
44.64068865776062,-0.020063689186595485,0.590981798410728,9.498975532834832,544.2512077294682
44.68068313598633,-0.023225465300923565,0.5907279982229019,9.510779692027064,544.9275362318837
44.740686655044556,-0.02655052249375084,0.5904243766529278,9.520897542763263,545.5072463768112
44.7799973487854,-0.029207049499024085,0.5901456173266545,9.537760627323594,546.4734299516904
44.840688705444336,-0.032190538879834,0.589786693737028,9.55125109497186,547.2463768115938
44.8811092376709,-0.03500313070602762,0.5894073581324424,9.56642787107616,548.1159420289852
44.94069027900696,-0.03797510629802492,0.5889630653132716,9.579918338724426,548.8888888888886
44.980712890625,-0.04127124425158324,0.5884304622862032,9.590036189460625,549.4685990338161
45.04077196121216,-0.04472685360500872,0.5878391544072936,9.59846773174079,549.9516908212557
45.08066129684448,-0.047353790542309704,0.5873553726184951,9.615330816301121,550.917874396135
45.14081859588623,-0.050793339156644884,0.5866768548657643,9.623762358581287,551.4009661835745
45.18070125579834,-0.05373497193573798,0.5860629887390214,9.637252826229552,552.1739130434779
45.2407443523407,-0.05683273997560023,0.58538102400116,9.645684368509718,552.6570048309175
45.280723333358765,-0.060086750376155185,0.5846329546819081,9.655802219245917,553.2367149758451
45.3409481048584,-0.06316882525128464,0.5838832499423126,9.670978995350216,554.1062801932364
45.38091254234314,-0.06624050611231422,0.5830920360518479,9.682783154542449,554.7826086956519
45.44052314758301,-0.06914080702045611,0.582305722074594,9.696273622190715,555.5555555555553
45.480650663375854,-0.072515837709972,0.5813570130275355,9.701332547558813,555.845410628019
45.54073429107666,-0.07588602578366885,0.5803912421649311,9.706391472926914,556.1352657004828
45.5811288356781,-0.07844813052011496,0.579635952941381,9.716509323663113,556.7149758454103
45.64077305793762,-0.08148373629088318,0.5787159853675189,9.721568249031211,557.0048309178741
45.680723905563354,-0.08483369265259597,0.5776822187663141,9.726627174399312,557.2946859903378
45.7407660484314,-0.08817659986157114,0.5766258796146561,9.735058716679477,557.7777777777775
45.780773639678955,-0.09119296921942527,0.5756446769702058,9.743490258959643,558.260869565217
45.840728998184204,-0.09436016588948079,0.5745877679644161,9.750235492783775,558.6473429951687
45.88081359863281,-0.09720087287222318,0.5736077583385473,9.76372596043204,559.4202898550722
45.939929723739624,-0.10002810097775186,0.572589516585375,9.777216428080306,560.1932367149756
45.98068404197693,-0.10315589200974246,0.57142113537467,9.787334278816505,560.7729468599031
46.04081201553345,-0.10611494893741785,0.5702786710070626,9.799138438008738,561.4492753623185
46.08073902130127,-0.10921637721813396,0.5690420085580072,9.809256288744937,562.028985507246
46.140827894210815,-0.11245844875958749,0.5677078971941236,9.82106044793717,562.7053140096616
46.18072175979614,-0.11491377562276117,0.5666561308290469,9.8379235324975,563.6714975845407
46.24075698852539,-0.11796491943652404,0.5653001393758781,9.8480413832337,564.2512077294683
46.280739068984985,-0.12115772402592756,0.5638520786502774,9.8531003086018,564.5410628019321
46.34068274497986,-0.12434068854809041,0.5623825148164143,9.861531850881967,565.0241545893718
46.38070797920227,-0.12720691366888323,0.5610238403559885,9.8733360100742,565.7004830917873
46.440831422805786,-0.13035949090181098,0.5594901722688294,9.881767552354365,566.1835748792269
46.48072814941406,-0.13334826951079748,0.5580017523617488,9.891885403090564,566.7632850241544
46.54066777229309,-0.1364691685698221,0.5564046080118149,9.903689562282796,567.4396135265699
46.5796434879303,-0.1389779391192504,0.5550777174315485,9.918866338387096,568.3091787439612
46.640647411346436,-0.14146628359779465,0.553712906075434,9.934043114491395,569.1787439613526
46.68069911003113,-0.14408001790352887,0.5522301963912333,9.94753358213966,569.951690821256
46.74069094657898,-0.14623805709606355,0.5509598718255296,9.966082975156025,571.0144927536231
46.780760765075684,-0.14837436888661862,0.549653338399902,9.981259751260325,571.8840579710145
46.84070444107056,-0.1510549364601135,0.5479575199495933,9.996436527364624,572.7536231884059
46.880749225616455,-0.1544172342028031,0.5457784491623311,10.003181761188756,573.1400966183575
46.94073843955994,-0.15720373880215197,0.5439389972028777,10.013299611924955,573.719806763285
46.98067593574524,-0.15996833659100937,0.5420667818148492,10.026790079573221,574.4927536231884
47.04078698158264,-0.16229519381590607,0.5404418806681253,10.04196685567752,575.3623188405797
47.08070182800293,-0.16541712583465729,0.5382064783356644,10.050398397957686,575.8454106280194
47.140657901763916,-0.168113704412443,0.5362375559483791,10.060516248693885,576.4251207729469
47.18071269989014,-0.17079022404287902,0.5342414512263723,10.070634099430084,577.0048309178744
47.24067234992981,-0.1733119800172241,0.5323173957338425,10.082438258622316,577.6811594202899
47.28072786331177,-0.17581084897527804,0.5303637077692606,10.094242417814549,578.3574879227054
47.340670347213745,-0.17841853833662843,0.528278486536866,10.104360268550748,578.937198067633
47.3806529045105,-0.18087398153571757,0.5262704921572612,10.11616442774298,579.6135265700484
47.44080710411072,-0.18356529873596733,0.5240237850693692,10.124595970023146,580.096618357488
47.48068118095398,-0.1861048509789445,0.5218560983303506,10.138086437671411,580.8695652173914
47.540796995162964,-0.18785930475829343,0.5203119138469231,10.154949522231743,581.8357487922706
47.58087158203125,-0.1903356804638855,0.5180723257691551,10.165067372967941,582.4154589371981
47.640732526779175,-0.19291795565547123,0.5157010948976317,10.17012629833604,582.7053140096618
47.68069887161255,-0.19536005774711426,0.5134241827852916,10.180244149072239,583.2850241545893
47.740126848220825,-0.197778997775892,0.5111226788138618,10.190361999808438,583.864734299517
47.78077983856201,-0.19981353094036844,0.5091439814938234,10.202166159000669,584.5410628019323
47.84072947502136,-0.20230191878098358,0.5066744052212975,10.210597701280834,585.0241545893718
47.88070726394653,-0.2041770958205118,0.5047721556156577,10.2240881689291,585.7971014492753
47.94087266921997,-0.2062612623419058,0.5026073727305406,10.234206019665299,586.3768115942029
47.980743646621704,-0.20879067231739287,0.4999444050698594,10.237578636577366,586.5700483091787
48.040770053863525,-0.2105014425752242,0.4981157107860418,10.249382795769598,587.2463768115941
48.08072638511658,-0.21253392617938746,0.4959023320503969,10.25612802959373,587.6328502415458
48.140822649002075,-0.21465756469344785,0.4935461906721941,10.267932188785963,588.3091787439613
48.180705308914185,-0.2169827038792103,0.4909223368694875,10.272991114154063,588.5990338164252
48.240341663360596,-0.2191780958900149,0.48840669672983605,10.283108964890262,589.1787439613527
48.280776023864746,-0.2210206296181807,0.48624807732330544,10.294913124082495,589.8550724637681
48.340731382369995,-0.22294637855065924,0.48394123400880557,10.305030974818694,590.4347826086956
48.3806791305542,-0.22463383193334177,0.48187064385790557,10.31852144246696,591.207729468599
48.44103932380676,-0.22640252969923702,0.47965112217641714,10.326952984747125,591.6908212560387
48.480700731277466,-0.22825339198147224,0.4772837726372079,10.337070835483324,592.2705314009662
48.54074692726135,-0.22998061705033274,0.4750318264026856,10.34550237776349,592.7536231884058
48.58074641227722,-0.23168496924403467,0.4727625199267982,10.357306536955722,593.4299516908213
48.64074754714966,-0.23366977266716554,0.4700776089850993,10.360679153867789,593.6231884057971
48.68069052696228,-0.23524309111201647,0.46791901880564823,10.370797004603988,594.2028985507247
48.74071979522705,-0.2370919016488504,0.4653415894018877,10.375855929972086,594.4927536231884
48.78065347671509,-0.2385342806274643,0.46329454261668707,10.387660089164317,595.1690821256037
48.84068560600281,-0.24034376267859525,0.46068935213629747,10.38934639762035,595.2657004830917
48.88077449798584,-0.24195490230723787,0.45835294519856223,10.394405322988451,595.5555555555555
48.94075131416321,-0.2440373564428632,0.4553276028445562,10.391032706076384,595.3623188405796
48.98065638542175,-0.2456406071179116,0.4529857754481331,10.39946424835655,595.8454106280193
49.041008710861206,-0.24751049085841476,0.45021960007583084,10.402836865268617,596.0386473429951
49.08067607879639,-0.24928022764563978,0.44758724857262644,10.40452317372465,596.135265700483
49.140761852264404,-0.25104107647153157,0.4449489434074049,10.409582099092749,596.4251207729468
49.180662393569946,-0.252793017307255,0.4423047145896577,10.411268407548782,596.5217391304348
49.240758657455444,-0.2544464089747349,0.4397954654943101,10.414641024460849,596.7149758454105
49.280696392059326,-0.2564620464700301,0.43672520213858845,10.414641024460849,596.7149758454105
49.34067749977112,-0.25838359235847147,0.43379287500647007,10.416327332916882,596.8115942028985
49.3806676864624,-0.26020656620332505,0.43099556241144116,10.41969994982895,597.0048309178744
49.44077682495117,-0.2622066457389217,0.4279151414276769,10.41969994982895,597.0048309178744
49.481131076812744,-0.26393174344550435,0.4252533223813813,10.421386258284983,597.1014492753624
49.54074048995972,-0.2659266255998614,0.42216953302797927,10.421386258284983,597.1014492753624
49.5806770324707,-0.26764723220783015,0.41950480872083373,10.423072566741016,597.1980676328503
49.64073657989502,-0.2695489553008483,0.4165595871181992,10.421386258284983,597.1014492753624
49.6806857585907,-0.2715438374552054,0.41347579776479715,10.421386258284983,597.1014492753624
49.74074673652649,-0.2732644440631742,0.4108110734576516,10.423072566741016,597.1980676328503
49.78065872192383,-0.275161197902549,0.4078626491523726,10.42475887519705,597.2946859903383
49.840681076049805,-0.2773317569211665,0.40449485029360854,10.421386258284983,597.1014492753624
49.88070750236511,-0.2791405561033473,0.40168835124463853,10.42475887519705,597.2946859903383
49.94102144241333,-0.2815920107390171,0.3979057662841132,10.416327332916884,596.8115942028986
49.98064708709717,-0.2839802431475993,0.39428129536861084,10.409582099092752,596.425120772947
50.040905714035034,-0.28629714949745616,0.3908098412038451,10.404523173724652,596.1352657004832
50.080737352371216,-0.288631587952031,0.38735015246728555,10.399464248356551,595.8454106280194
50.1408007144928,-0.2906023063749547,0.38445064390397843,10.397777939900518,595.7487922705315
50.18066883087158,-0.2928629307284546,0.3811426274078352,10.394405322988451,595.5555555555555
50.240819215774536,-0.29523225371175293,0.37770673485234246,10.38934639762035,595.2657004830917
50.28072500228882,-0.29761892822626906,0.37428287244070313,10.38428747225225,594.9758454106279
50.34077191352844,-0.3001220425921619,0.37073676726375393,10.377542238428118,594.5893719806762
50.38098478317261,-0.3023548118601697,0.36761295156600265,10.37248331306002,594.2995169082126
50.44073152542114,-0.3047988811860546,0.36422982074051824,10.36742438769192,594.0096618357487
50.4807505607605,-0.30736733925503773,0.360730754207484,10.35730653695572,593.4299516908212
50.5407178401947,-0.3098681084043575,0.3573893169846881,10.348874994675555,592.9468599033816
50.580674171447754,-0.31208610168236517,0.3544618919378868,10.345502377763488,592.7536231884058
50.64073443412781,-0.31430902834606195,0.351538211272398,10.345502377763488,592.7536231884058
50.68066120147705,-0.316640721181022,0.34848752419551293,10.340443452395387,592.4637681159419
50.74073076248169,-0.31887841001860134,0.34557512651454625,10.340443452395387,592.4637681159419
50.78065061569214,-0.32143516788043797,0.34227633305511107,10.33201191011522,591.9806763285022
50.84067749977112,-0.32380780249006097,0.3392573782480801,10.32695298474712,591.6908212560384
50.880698442459106,-0.3260894327348017,0.33637927557232106,10.323580367835053,591.4975845410625
50.940816164016724,-0.3279562211168626,0.33402446429215465,10.32695298474712,591.6908212560384
50.98067569732666,-0.3303390239914156,0.33101352862716626,10.325266676291086,591.5942028985504
51.040642976760864,-0.33305266891923113,0.32762581927415735,10.315148825554887,591.0144927536229
51.080294132232666,-0.33536811299991365,0.3247748492120279,10.31177620864282,590.821256038647
51.14065933227539,-0.3377963360010737,0.3218004221790827,10.310089900186787,590.724637681159
51.18076515197754,-0.3400134091760457,0.31908464097508954,10.31177620864282,590.821256038647
51.24077653884888,-0.3425498231292302,0.3159830285130817,10.308403591730753,590.6280193236711
51.28070139884949,-0.3455333131899914,0.31238452296379304,10.298285740994555,590.0483091787436
51.340667724609375,-0.34800639702488273,0.30944728966300217,10.293226815626454,589.7584541062798
51.38068342208862,-0.3508216051797942,0.30614349691840664,10.28648158180232,589.371980676328
51.44063901901245,-0.35299570867997315,0.3036094358765535,10.28648158180232,589.371980676328
51.48062491416931,-0.35538722253016986,0.3008219687305149,10.28648158180232,589.371980676328
51.54076933860779,-0.35788989776129354,0.2979099076382307,10.284795273346287,589.27536231884
51.580039739608765,-0.3609515511121731,0.29437766558962,10.278050039522155,588.8888888888885
51.64073991775513,-0.3639296211873545,0.290994076158018,10.26961849724199,588.4057971014488
51.68067407608032,-0.3668220345926623,0.2877576602163439,10.262873263417857,588.0193236714972
51.741212129592896,-0.369741632840964,0.28454574653082254,10.252755412681658,587.4396135265697
51.7807674407959,-0.37245658371009877,0.28159914893620974,10.249382795769591,587.2463768115938
51.840755224227905,-0.3749543841017473,0.278906509935265,10.246010178857524,587.0531400966179
51.8808331489563,-0.3776891485475005,0.2759782922123769,10.242637561945457,586.859903381642
51.94074892997742,-0.3803217714835946,0.2731831572256494,10.237578636577357,586.5700483091782
51.98067665100098,-0.3828466872799653,0.270515927987814,10.237578636577357,586.5700483091782
52.04067873954773,-0.38560604361686,0.2676108723579794,10.23420601966529,586.3768115942023
52.08063888549805,-0.38849310489779343,0.2645969171140828,10.22914709429719,586.0869565217386
52.14067578315735,-0.39139537654452583,0.2615976058030237,10.22408816892909,585.7971014492747
52.18078136444092,-0.3941936711641181,0.2587300383969542,10.220715552017023,585.6038647342988
52.24067735671997,-0.3973607378572488,0.25552266137271723,10.212284009736857,585.1207729468592
52.28080129623413,-0.40056009365232537,0.25234749187946975,10.200479850544625,584.4444444444438
52.341004371643066,-0.403425300645445,0.24954678045324746,10.197107233632558,584.2512077294679
52.3806791305542,-0.40617790433856,0.24686971937319568,10.195420925176524,584.1545893719799
52.44120931625366,-0.4093022735548242,0.24385662122424906,10.188675691352392,583.7681159420283
52.48076939582825,-0.4124468955922349,0.24086466606139068,10.18193045752826,583.3816425120766
52.54079055786133,-0.415363558187081,0.23811758125850993,10.178557840616193,583.1884057971007
52.58080863952637,-0.41853829090621675,0.2351575955124679,10.171812606792061,582.8019323671491
52.640804052352905,-0.42111255417353505,0.232777669118295,10.170126298336028,582.7053140096612
52.68078064918518,-0.42456357399255634,0.22962474708633054,10.160008447599829,582.1256038647336
52.7398202419281,-0.4274179116342127,0.22705643251348356,10.154949522231728,581.8357487922698
52.78069734573364,-0.4306616334662778,0.22417221474588853,10.148204288407594,581.4492753623181
52.84086775779724,-0.433796910504211,0.2214173849966145,10.143145363039494,581.1594202898542
52.88064217567444,-0.43720300105108506,0.21846507640826646,10.134713820759327,580.6763285024145
52.940688133239746,-0.44050441896695536,0.21564708364754182,10.127968586935195,580.2898550724628
52.98075318336487,-0.4433099534180957,0.21327679083242548,10.124595970023128,580.0966183574869
53.040655851364136,-0.446770218389845,0.21038816743370684,10.116164427742962,579.6135265700474
53.0807580947876,-0.449996604720897,0.20774062512150937,10.107732885462797,579.1304347826078
53.140671491622925,-0.4532407758114106,0.2051149056034436,10.102673960094698,578.8405797101441
53.180668115615845,-0.45650258405806754,0.20251112834451473,10.094242417814531,578.3574879227044
53.24087595939636,-0.4596527977697516,0.20003533570838616,10.087497183990399,577.9710144927527
53.28068685531616,-0.4630835429675647,0.19737630753207647,10.080751950166267,577.584541062801
53.3407506942749,-0.46666709093110725,0.19464212341111264,10.072320407886101,577.1014492753615
53.38000464439392,-0.4698708177205948,0.1922359791376511,10.06557517406197,576.7149758454099
53.44071292877197,-0.47349544749188893,0.18955649451642423,10.057143631781804,576.2318840579702
53.48067116737366,-0.47741748741100976,0.18671806620531725,10.045339472589571,575.5555555555547
53.54067039489746,-0.4801338488873148,0.18477652771139705,10.045339472589571,575.5555555555547
53.58064413070679,-0.4835354286752596,0.18235820101751993,10.040280547221471,575.2657004830909
53.640913009643555,-0.486949199017524,0.1799571135342424,10.03522162185337,574.9758454106271
53.680588722229004,-0.4896818339100424,0.17803854689804768,10.038594238765437,575.169082125603
53.74069380760193,-0.4924112296236432,0.1761153749265624,10.038594238765437,575.169082125603
53.780909299850464,-0.4958330784837859,0.17372581441667434,10.030162696485272,574.6859903381634
53.84074282646179,-0.4991353662384429,0.171456829799751,10.02341746266114,574.2995169082118
53.880653381347656,-0.502452883585072,0.16921017133411645,10.016672228837008,573.9130434782601
53.94068932533264,-0.5056448230530066,0.16707592543668162,10.01161330346891,573.6231884057963
53.980711460113525,-0.509408696696028,0.16459583793546112,10.003181761188742,573.1400966183567
54.040998458862305,-0.5126291368154178,0.1625048456937013,9.998122835820642,572.8502415458928
54.080756425857544,-0.5164261244902086,0.16007575874346122,9.989691293540474,572.3671497584531
54.14092803001404,-0.5195315940720001,0.15811479717767396,9.986318676628407,572.1739130434772
54.18068885803223,-0.5232133715327034,0.15581589348578467,9.979573442804275,571.7874396135256
54.24084806442261,-0.5267665268867131,0.1536263419147206,9.974514517436177,571.4975845410619
54.2807137966156,-0.530186387111105,0.1515387711609459,9.97114190052411,571.304347826086
54.340813636779785,-0.5339064058725044,0.14930227750578823,9.96102404978791,570.7246376811585
54.38074851036072,-0.5373575536261822,0.14726684762768466,9.954278815963779,570.3381642512069
54.44068932533264,-0.5408189542617388,0.1452489028200742,9.950906199051712,570.144927536231
54.480661153793335,-0.5445798162702641,0.14308179405317845,9.94416096522758,569.7584541062793
54.540422201156616,-0.5489443496752742,0.14062531714680668,9.930670497579314,568.9855072463758
54.58069324493408,-0.5524491524766301,0.13868373198771652,9.930670497579314,568.9855072463758
54.640774726867676,-0.5558126176131496,0.13683154803543346,9.925611572211213,568.6956521739121
54.68070411682129,-0.5593304370303115,0.13491364758060553,9.922238955299147,568.5024154589362
54.740835189819336,-0.5625580649005241,0.13316101244534315,9.922238955299147,568.5024154589362
54.78110098838806,-0.566230849860966,0.13117866543071016,9.917180029931046,568.2125603864723
54.84067916870117,-0.5699136163260439,0.12921492404860951,9.912121104562946,567.9227053140086
54.880815744400024,-0.5734538293393213,0.12733868114668637,9.912121104562946,567.9227053140086
54.940653800964355,-0.5769972012418323,0.12546841080075,9.908748487650879,567.7294685990327
54.98068380355835,-0.5808460549930802,0.12346172989531681,9.902003253826747,567.3429951690811
55.03998827934265,-0.5842582635439127,0.12170095849524812,9.900316945370713,567.2463768115931
55.08070635795593,-0.5872241094015422,0.12016735171966539,9.90368956228278,567.4396135265689
55.14068150520325,-0.5907831244306971,0.11832702358896624,9.900316945370713,567.2463768115931
55.1806435585022,-0.5945016814526265,0.11643192920431572,9.891885403090548,566.7632850241534
55.24077391624451,-0.5980821715530701,0.11463373949046017,9.888512786178481,566.5700483091777
55.28081750869751,-0.6018197121955707,0.1127763652692191,9.88345386081038,566.2801932367138
55.34111762046814,-0.6049618728390975,0.11122146736214722,9.885140169266414,566.3768115942017
55.381054162979126,-0.6090085130597127,0.10923594935939897,9.876708626986249,565.8937198067622
55.44072103500366,-0.6129196742314186,0.1073535939881504,9.869963393162116,565.5072463768105
55.48081374168396,-0.6165387207956295,0.10563432159191256,9.86659077625005,565.3140096618346
55.54064702987671,-0.620621492893985,0.1037242035831939,9.858159233969884,564.830917874395
55.580812215805054,-0.6244136811479286,0.10198111514632933,9.853100308601785,564.5410628019313
55.640676736831665,-0.62867562406393,0.10006114178410079,9.842982457865586,563.9613526570038
55.681007623672485,-0.6326480336636995,0.09831174033606775,9.836237224041454,563.5748792270521
55.74082136154175,-0.6369417457620254,0.09646390605031284,9.826119373305255,562.9951690821246
55.780789613723755,-0.6407878264979099,0.09484319261940298,9.821060447937157,562.7053140096608
55.840734004974365,-0.6447976289407715,0.09318128774127445,9.814315214113023,562.3188405797091
55.88067674636841,-0.6478863863222456,0.09191330933778491,9.814315214113023,562.3188405797091
55.94078326225281,-0.6519073073980887,0.09027848911630351,9.807569980288891,561.9323671497574
55.98068594932556,-0.655629021334948,0.08879449417743666,9.800824746464759,561.5458937198058
56.04080820083618,-0.6593606604234754,0.0873356366383439,9.794079512640627,561.1594202898541
56.08077812194824,-0.663413837753035,0.08578251172711768,9.787334278816495,560.7729468599025
56.14082193374634,-0.6670073872532797,0.08442977926762366,9.782275353448394,560.4830917874386
56.180795669555664,-0.6707630954553073,0.08303405310980688,9.778902736536327,560.2898550724627
56.240867137908936,-0.6743679227077519,0.08171166753906475,9.773843811168227,559.999999999999
56.28093194961548,-0.677663340076822,0.08051537937362371,9.772157502712194,559.903381642511
56.34078550338745,-0.681593610441747,0.07911109168562402,9.763725960432028,559.4202898550715
56.38073801994324,-0.6853745609186697,0.0777852677540816,9.760353343519961,559.2270531400956
56.440974712371826,-0.6891621702289921,0.07647858825292245,9.75360810969583,558.8405797101439
56.48073887825012,-0.692797209347635,0.07524166718688141,9.751921801239796,558.7439613526559
56.54074239730835,-0.696595701219391,0.07396696914161768,9.745176567415664,558.3574879227043
56.580780029296875,-0.700400593059141,0.07271150361274267,9.741803950503597,558.1642512077284
56.64072895050049,-0.7038922720893238,0.07157242980648129,9.73843133359153,557.9710144927525
56.6807599067688,-0.7078676596803185,0.07030146853506433,9.729999791311364,557.4879227053129
56.74078297615051,-0.7113725409475256,0.06920368946407235,9.726627174399297,557.294685990337
56.78068447113037,-0.714881104662779,0.06811773723587095,9.72325455748723,557.1014492753612
56.840731382369995,-0.7185539021599102,0.06699789721928773,9.71819563211913,556.8115942028974
56.88079619407654,-0.7222323178215961,0.0658966518617301,9.71313670675103,556.5217391304335
56.940996408462524,-0.725916257507353,0.06481402934700792,9.70807778138293,556.2318840579698
56.9806923866272,-0.729765096836967,0.06370055217112516,9.704705164470862,556.0386473429938
57.04075503349304,-0.7332966218716159,0.06269176948116059,9.701332547558795,555.8454106280179
57.080727338790894,-0.7365086410820146,0.06178010946483958,9.701332547558795,555.8454106280179
57.14065098762512,-0.7403649034613252,0.06069261874381773,9.697959930646729,555.6521739130421
57.180635929107666,-0.7445484275508885,0.059535653036992764,9.691214696822597,555.2657004830904
57.24085450172424,-0.747931337259787,0.05861543408881456,9.689528388366563,555.1690821256025
57.28079628944397,-0.751800167595418,0.057573538009307645,9.686155771454496,554.9758454106267
57.340790033340454,-0.7558347387811086,0.056505228878170916,9.681096846086398,554.6859903381629
57.38113713264465,-0.759225287016701,0.055613565447683644,9.682783154542431,554.7826086956509
57.44066667556763,-0.7634258876459051,0.05452022295392547,9.676037920718299,554.3961352656992
57.48071789741516,-0.7669848767155457,0.05361307997285361,9.672665303806232,554.2028985507233
57.54075384140015,-0.770708024993627,0.05267411777068523,9.670978995350199,554.1062801932354
57.58091759681702,-0.7749212386633515,0.05163043485525032,9.664233761526067,553.7198067632837
57.64075183868408,-0.7786536964893487,0.05072919032970288,9.659174836157966,553.4299516908198
57.6806423664093,-0.7822260426652161,0.04987616372654699,9.659174836157966,553.4299516908198
57.7408401966095,-0.7862879658973458,0.04891708671798206,9.654115910789866,553.1400966183561
57.78067088127136,-0.7900278898435135,0.04804734423048351,9.652429602333832,553.0434782608681
57.84077191352844,-0.7940961898205599,0.0471156874541771,9.647370676965732,552.7536231884043
57.88051915168762,-0.7983328667316154,0.046171753025281925,9.640625443141598,552.3671497584526
57.940794467926025,-0.8022480033198388,0.045320224339946646,9.637252826229531,552.1739130434767
57.98070454597473,-0.8055118091206341,0.04461611988177133,9.637252826229531,552.1739130434767
58.04075050354004,-0.8100860655664881,0.04365350204561336,9.627134975493332,551.5942028985492
58.08095049858093,-0.813849382567811,0.042891315542693265,9.622076050125234,551.3043478260854
58.14074110984802,-0.81777964004974,0.042112552592794145,9.618703433213167,551.1111111111096
58.18073081970215,-0.8218783747601532,0.04132551839675744,9.610271890933001,550.62801932367
58.24079251289368,-0.8263120176017931,0.04051287458356742,9.601840348652836,550.1449275362304
58.280803203582764,-0.830422224464435,0.03978813421739061,9.596781423284735,549.8550724637665
58.34077978134155,-0.8338768317776104,0.03919099995870173,9.595095114828702,549.7584541062786
58.37997651100159,-0.837991833643304,0.03849400017576632,9.590036189460601,549.4685990338148
58.44068908691406,-0.8422768129829293,0.03780161624057726,9.579918338724402,548.8888888888872
58.48084855079651,-0.8460709205728127,0.03721150547634203,9.57823203026837,548.7922705313994
58.54069399833679,-0.8501981426954109,0.03659095201143325,9.569800487988205,548.3091787439598
58.580774784088135,-0.8541637229570471,0.03601861575107834,9.566427871076138,548.1159420289839
58.64072823524475,-0.8576348613244755,0.035526600054874596,9.564741562620105,548.019323671496
58.68063950538635,-0.8616042118857403,0.03498102537787631,9.557996328795973,547.6328502415444
58.74080204963684,-0.8659082305043744,0.03441900475087112,9.55125109497184,547.2463768115927
58.780824422836304,-0.8700498273561114,0.03390303520743024,9.546192169603742,546.956521739129
58.84074902534485,-0.8740286145486833,0.03343117920967592,9.539446935779608,546.5700483091772
58.88077116012573,-0.8780097379014544,0.032979457551555486,9.536074318867541,546.3768115942014
58.94073224067688,-0.8826578309212866,0.03248378991097947,9.525956468131342,545.7971014492738
58.98077416419983,-0.886645351203051,0.03209253857371197,9.519211234307209,545.4106280193221
59.04077959060669,-0.8909679255537266,0.031697830532745636,9.512466000483077,545.0241545893704
59.0807421207428,-0.8947937355117429,0.031371240142775314,9.507407075114976,544.7342995169066
59.140684604644775,-0.8989539672411226,0.031037292527214932,9.502348149746876,544.4444444444428
59.1807336807251,-0.9031163568670476,0.030731414031614723,9.49391660746671,543.9613526570032
59.24077320098877,-0.9072811775367364,0.030460641356831714,9.485485065186545,543.4782608695635
59.28068971633911,-0.9109475622303005,0.030243996798335532,9.482112448274478,543.2850241545877
59.34072256088257,-0.9152818021299627,0.030009885827003008,9.475367214450344,542.8985507246359
59.3808057308197,-0.9189501910994773,0.02983034765761189,9.471994597538277,542.70531400966
59.44069290161133,-0.9229530096019176,0.02965473546295616,9.465249363714143,542.3188405797083
59.480788469314575,-0.9271236192431664,0.029496418463237972,9.460190438346043,542.0289855072444
59.539878129959106,-0.9311282317822959,0.0293680673127234,9.45344520452191,541.6425120772928
59.58079218864441,-0.9358013762250897,0.029257721729630093,9.443327353785712,541.0628019323653
59.64079833030701,-0.939306761649232,0.029201560894927314,9.438268428417611,540.7729468599015
59.68109369277954,-0.9434801955720974,0.029162852451989685,9.429836886137446,540.2898550724619
59.74071907997131,-0.9474868587668792,0.029156095975559404,9.423091652313314,539.9033816425102
59.780768394470215,-0.951827361189472,0.029178054440701262,9.41634641848918,539.5169082125585
59.84078669548035,-0.9558337509432842,0.029225348699793652,9.409601184665046,539.1304347826067
59.88073444366455,-0.9598397305473051,0.02929966571374537,9.402855950840912,538.743961352655
59.940834760665894,-0.9635116278776906,0.029380173980631974,9.402855950840912,538.743961352655
59.9808828830719,-0.967517015067833,0.02948151036816693,9.396110717016779,538.3574879227032
60.041253089904785,-0.9715218383526611,0.029603108327401817,9.392738100104713,538.1642512077274
60.080790519714355,-0.9750259677712017,0.02971246110178727,9.394424408560747,538.2608695652153
60.14060068130493,-0.9790305803103312,0.029840812252301396,9.391051791648682,538.0676328502395
60.18018317222595,-0.9832011899515799,0.02999912925201975,9.382620249368516,537.5845410628
60.240816593170166,-0.987037364884857,0.030164189843838396,9.380933940912483,537.487922705312
60.28083157539368,-0.9907066151787607,0.030325167688939225,9.380933940912483,537.487922705312
60.34069013595581,-0.9950423356000525,0.03053003809460003,9.37418870708835,537.1014492753604
60.38091731071472,-0.9990435311572399,0.030739393580636654,9.370816090176284,536.9082125603845
60.44076061248779,-1.0032104867915754,0.030975041185242136,9.365757164808183,536.6183574879207
60.48081016540527,-1.0075425987364666,0.031245687729016203,9.359011930984051,536.2318840579691
60.54075860977173,-1.0113738082271413,0.031501259551092176,9.357325622528018,536.1352657004811
60.580692529678345,-1.015204581297814,0.03176329160769076,9.355639314071984,536.0386473429932
60.64097809791565,-1.0190344488497873,0.03203824187959481,9.350580388703884,535.7487922705293
60.67998671531677,-1.023029587348335,0.032341991750067633,9.347207771791819,535.5555555555536
60.74071288108826,-1.026857513184828,0.0326427689233858,9.345521463335785,535.4589371980657
60.780781269073486,-1.0308505119495932,0.03297345982283606,9.338776229511653,535.072463768114
60.84081697463989,-1.0351737457535475,0.033360878112374426,9.33203099568752,534.6859903381622
60.88085198402405,-1.0391625628955945,0.03373867887164633,9.328658378775454,534.4927536231864
60.940781354904175,-1.0434816556412148,0.03416981841918859,9.32191314495132,534.1062801932347
60.98073172569275,-1.047796959735386,0.034637358823387976,9.311795294215122,533.5265700483071
61.04082155227661,-1.0517773156860337,0.035095793238034856,9.308422677303057,533.3333333333313
61.080705404281616,-1.0559214697807853,0.03559080423894839,9.303363751934956,533.0434782608676
61.14072370529175,-1.0600630666325213,0.03610677378238919,9.298304826566856,532.7536231884037
61.180705547332764,-1.0642020002467159,0.03664368866331835,9.293245901198755,532.46376811594
61.24067831039429,-1.0683372181153425,0.037208509193276285,9.28481435891859,531.9806763285003
61.280725955963135,-1.0726332633987807,0.037828540141993994,9.278069125094458,531.5942028985487
61.340571641922,-1.0764303077515722,0.038399449329710234,9.273010199726357,531.3043478260848
61.38092589378357,-1.0803898943208712,0.03901187875962453,9.269637582814292,531.111111111109
61.44070339202881,-1.0843463320004079,0.03964433152018659,9.262892348990158,530.7246376811573
61.48076272010803,-1.088134274838077,0.04027279963889613,9.25783342362206,530.4347826086936
61.54072451591492,-1.0924120295331858,0.04100850217606122,9.251088189797926,530.0483091787419
61.580732583999634,-1.0965197687530026,0.04174710054734432,9.24265664751776,529.5652173913022
61.64071035385132,-1.1006224325449068,0.04251338956766876,9.23759772214966,529.2753623188385
61.68067383766174,-1.1042299017681816,0.04320293825271665,9.234225105237595,529.0821256038627
61.7408652305603,-1.108652178558041,0.04407531822051375,9.22579356295743,528.599033816423
61.78059005737305,-1.112741337655471,0.04491067857866998,9.22073463758933,528.3091787439594
61.84090209007263,-1.1160109640596678,0.04558723941873477,9.22073463758933,528.3091787439594
61.880685806274414,-1.1199331410984585,0.046405727587725154,9.217362020677266,528.1159420289836
61.940844774246216,-1.1241760886394931,0.04732106338335307,9.207244169941067,527.5362318840561
61.98084092140198,-1.1279232128328271,0.048159242002388414,9.202185244572966,527.2463768115922
62.04078817367554,-1.1318295335315864,0.0490503391939639,9.1988126276609,527.0531400966163
62.08076047897339,-1.1349214415141426,0.04975839834395679,9.200498936116933,527.1497584541042
62.14073348045349,-1.1393100590503193,0.05078680241605632,9.1886947769247,526.4734299516888
62.180734395980835,-1.1423946448589561,0.05152610825373827,9.190381085380734,526.5700483091767
62.2408344745636,-1.1464516642350406,0.052505721868463695,9.185322160012635,526.280193236713
62.28070616722107,-1.150179514989909,0.053425837006423504,9.180263234644535,525.9903381642492
62.340922594070435,-1.1539042413535028,0.05435851950010995,9.178576926188502,525.8937198067613
62.38076162338257,-1.157303637607403,0.055215832815133425,9.176890617732468,525.7971014492733
62.44081377983093,-1.161989949483451,0.056431379360885436,9.165086458540236,525.1207729468579
62.48072910308838,-1.1658605312756476,0.05746674992078832,9.16171384162817,524.9275362318821
62.540783166885376,-1.1695673171537115,0.05846835941149109,9.160027533172137,524.8309178743941
62.580737352371216,-1.1737508412432747,0.05962532511831625,9.149909682435938,524.2512077294666
62.640799045562744,-1.1771242673187814,0.060579724156577364,9.148223373979905,524.1545893719787
62.680769205093384,-1.1809768400838538,0.06168021436381166,9.14485075706784,523.9613526570029
62.740737199783325,-1.1846644100821417,0.06275040622763728,9.139791831699739,523.6714975845391
62.78079915046692,-1.1893024124381797,0.06413893298281859,9.127987672507507,522.9951690821235
62.84075427055359,-1.1929714122629131,0.0652711535460434,9.122928747139406,522.7053140096598
62.880722999572754,-1.1969531786543062,0.06652198745046412,9.117869821771308,522.415458937196
62.94070053100586,-1.200770578136708,0.06773889204744643,9.114497204859243,522.2222222222202
62.98069763183594,-1.2042679749509888,0.06886028720945991,9.114497204859243,522.2222222222202
63.040786266326904,-1.2074491411863224,0.06987437437361149,9.117869821771308,522.415458937196
63.08064842224121,-1.2109484240451902,0.0709898702541783,9.114497204859243,522.2222222222202
63.14072561264038,-1.2136531411610902,0.07184956415588767,9.119556130227341,522.512077294684
63.18066692352295,-1.2174705406434925,0.07306646875287004,9.112810896403209,522.1256038647324
63.24072599411011,-1.2214372649324332,0.07436421582668984,9.104379354123044,521.6425120772927
63.28075861930847,-1.2252379009364995,0.07563250663363758,9.101006737210978,521.4492753623169
63.34066033363342,-1.2288770910347016,0.0768571610938118,9.099320428754945,521.352657004829
63.38068461418152,-1.2323570665611276,0.07803150428104816,9.099320428754945,521.352657004829
63.44069981575012,-1.2359921056797694,0.07926842534708917,9.094261503386846,521.0628019323653
63.480743408203125,-1.240249434179668,0.08074921326515583,9.08582996110668,520.5797101449257
63.540764808654785,-1.244023629058568,0.08209414769570605,9.079084727282549,520.1932367149741
63.580718755722046,-1.2477909717477167,0.08345815820479924,9.075712110370482,519.9999999999982
63.6406946182251,-1.2512401326525353,0.08472014102504871,9.072339493458417,519.8067632850224
63.680752754211426,-1.2549981891383366,0.08610953191889908,9.068966876546352,519.6135265700466
63.74077749252319,-1.2584387592735264,0.08739475125067508,9.065594259634285,519.4202898550708
63.78067326545715,-1.2624971516369967,0.08893419754037052,9.05884902581015,519.033816425119
63.84075331687927,-1.2662336896609772,0.09038046141730988,9.052103791986019,518.6473429951674
63.88082480430603,-1.2696543588254605,0.09171774749481154,9.052103791986019,518.6473429951674
63.94075655937195,-1.2732269651448322,0.09312486056932173,9.047044866617918,518.3574879227035
63.98078680038452,-1.2769486790816915,0.09460885550818848,9.043672249705853,518.1642512077277
64.04064273834229,-1.2809696001575341,0.09624367572966946,9.033554398969654,517.5845410628002
64.08072686195374,-1.2848238307109963,0.0978449114689765,9.028495473601556,517.2946859903365
64.1406524181366,-1.2888223320828573,0.09953382539039313,9.021750239777422,516.9082125603848
64.18068528175354,-1.2929611934828933,0.10131915592719276,9.013318697497256,516.4251207729451
64.24074840545654,-1.2966280331134508,0.10293398803306969,9.006573463673124,516.0386473429935
64.2807252407074,-1.3004376632718986,0.10463861910984729,9.001514538305026,515.7487922705297
64.34069681167603,-1.3039345444888653,0.10622459038074367,8.996455612936927,515.4589371980661
64.38073134422302,-1.3077267327428084,0.10796767881760805,8.991396687568827,515.1690821256022
64.44069361686707,-1.3113572937836977,0.10966250097192781,8.984651453744693,514.7826086956505
64.48085594177246,-1.3152779275615933,0.11152504606785213,8.977906219920559,514.3961352656987
64.54071640968323,-1.3191859089420652,0.11341399418376508,8.971160986096427,514.0096618357471
64.58073806762695,-1.3232291952148842,0.11540633324385646,8.962729443816261,513.5265700483075
64.64067459106445,-1.3265140860830464,0.11704913681403523,8.959356826904195,513.3333333333316
64.6806423664093,-1.3303863583220519,0.11901024649014957,8.95261159308006,512.9468599033798
64.74065709114075,-1.3342453144277122,0.1209974307365928,8.945866359255927,512.5603864734281
64.78065037727356,-1.3379445071602756,0.1229300512837832,8.940807433887827,512.2705314009643
64.84064292907715,-1.3414847201735531,0.12480629418570671,8.934062200063693,511.8840579710125
64.88065814971924,-1.3450121970493967,0.12670637378845662,8.927316966239559,511.49758454106075
64.94061994552612,-1.3482368648484617,0.12846444920538236,8.923944349327494,511.30434782608495
64.98059701919556,-1.3517449367765464,0.13040012142809243,8.91719911550336,510.91787439613324
65.04069423675537,-1.3549546668424368,0.13218532295454277,8.91719911550336,510.91787439613324
65.08066964149475,-1.3583055621443711,0.13406015195825394,8.912140190135261,510.6280193236695
65.1406683921814,-1.3617905412186835,0.13603709820385518,8.905394956311127,510.2415458937177
65.17988300323486,-1.3652621061496297,0.13803750629637418,8.898649722486994,509.85507246376596
65.2407751083374,-1.3688624032866936,0.1401486456989059,8.890218180206828,509.3719806763264
65.2807047367096,-1.3724483784996644,0.14228402173699417,8.88515925483873,509.08212560386266
65.34080862998962,-1.3753099313930486,0.14400440147173088,8.881786637926663,508.8888888888868
65.38075947761536,-1.3791592529398196,0.14634967383201197,8.873355095646497,508.4057971014472
65.44070720672607,-1.382281145871394,0.14828438210710582,8.866609861822365,508.01932367149556
65.48070788383484,-1.3855329484114618,0.15032625951725787,8.861550936454265,507.72946859903175
65.5407567024231,-1.3884988374699303,0.15219558642927566,8.863237244910298,507.82608695651965
65.58074617385864,-1.3916043070517212,0.15415654799506273,8.859864627998231,507.6328502415438
65.64070844650269,-1.3953971931399636,0.15659203438097258,8.848060468805999,506.95652173912833
65.68066167831421,-1.3984691548974209,0.15860508245457755,8.841315234981867,506.5700483091767
65.74066543579102,-1.4023571835619582,0.16120001756641766,8.831197384245668,505.9903381642491
65.78069043159485,-1.4055346545379999,0.16335574512668438,8.826138458877567,505.7004830917853
65.84070110321045,-1.4089725435766427,0.16572217028080416,8.817706916597402,505.2173913043457
65.88065481185913,-1.4121206445279735,0.16792056594990096,8.812647991229301,504.9275362318819
65.9407148361206,-1.4149882116154764,0.1699374794358542,8.810961682773268,504.83091787439395
65.9806604385376,-1.4178557787029789,0.17195439292180736,8.812647991229301,504.9275362318819
66.04074239730835,-1.4209927178979724,0.1741686863993276,8.807589065861201,504.6376811594181
66.08066248893738,-1.4241221713028829,0.1763935469576946,8.805902757405168,504.54106280193014
66.14064240455627,-1.4268418029482455,0.17833050206994433,8.805902757405168,504.54106280193014
66.1807062625885,-1.4303688116060234,0.18086045333087503,8.799157523581034,504.1545893719784
66.24066424369812,-1.4334755944068476,0.18311686281192596,8.794098598212933,503.86473429951457
66.28066110610962,-1.4368400814578426,0.18558653403210218,8.789039672844833,503.57487922705076
66.3399715423584,-1.4396592379466262,0.18767057762638967,8.7873533643888,503.4782608695628
66.38092541694641,-1.4430069900753657,0.19016288674377335,8.7822944390207,503.188405797099
66.44065642356873,-1.4458155675132411,0.19226116551138428,8.783980747476733,503.28502415458695
66.48090267181396,-1.4488916285166287,0.19455928035210068,8.7822944390207,503.188405797099
66.5407497882843,-1.4514327223889922,0.1964577230466058,8.783980747476733,503.28502415458695
66.5806782245636,-1.4543768939824724,0.1986534382408131,8.783980747476733,503.28502415458695
66.64074850082397,-1.457317358738532,0.2008541150922144,8.780608130564666,503.09178743961104
66.68063998222351,-1.4605170234733926,0.20326565841359262,8.777235513652599,502.8985507246352
66.7407853603363,-1.4637044474986218,0.2056933576721054,8.770490279828467,502.51207729468354
66.78065395355225,-1.4663537960098245,0.20772538716488304,8.770490279828467,502.51207729468354
66.84014058113098,-1.4696547440376342,0.2102793627265851,8.762058737548301,502.02898550724393
66.88078331947327,-1.4726796906710675,0.2126443534205526,8.760372429092268,501.932367149756
66.94062447547913,-1.4760833570749663,0.21533795667004735,8.750254578356069,501.3526570048285
66.98038148880005,-1.479591838863693,0.21816782139340557,8.741823036075903,500.86956521738887
67.04062747955322,-1.4825642174731175,0.22059855143187457,8.736764110707803,500.57971014492506
67.08064007759094,-1.4859080215843956,0.22336611670122808,8.730018876883669,500.1932367149733
67.14061522483826,-1.488977308024174,0.2259415538208235,8.723273643059537,499.80676328502165
67.18068099021912,-1.4917828424753143,0.22831184663594054,8.723273643059537,499.80676328502165
67.24063849449158,-1.4950842603911845,0.23112983939666495,8.713155792323338,499.2270531400941
67.28063941001892,-1.4981141080243736,0.23375156000078176,8.709783175411273,499.0338164251183
67.34081888198853,-1.5010070941849736,0.23627626081320702,8.704724250043173,498.7439613526545
67.38062524795532,-1.5038915490598723,0.23881070418253894,8.703037941587139,498.6473429951665
67.44063639640808,-1.5070128495590898,0.24158135974497505,8.694606399306974,498.164251207727
67.48024487495422,-1.509989028142083,0.24426385049957758,8.687861165482841,497.7777777777753
67.54073405265808,-1.5128259770994426,0.24685135967463684,8.682802240114743,497.4879227053116
67.58063411712646,-1.515770284524641,0.249568794014656,8.676057006290609,497.1014492753598
67.6406512260437,-1.5188205113193152,0.25241750697898246,8.670998080922509,496.811594202896
67.68064856529236,-1.5217325373370616,0.2551695062664757,8.664252847098375,496.42512077294424
67.7406005859375,-1.5249849788667922,0.25829027586867725,8.65582130481821,495.94202898550463
67.78061819076538,-1.5277375825599067,0.26096733694872887,8.650762379450109,495.6521739130408
67.84069347381592,-1.5304766080353385,0.26365828892946275,8.64570345408201,495.36231884057713
67.88073372840881,-1.5335497253128412,0.26672364268611737,8.635585603345811,494.78260869564957
67.94071435928345,-1.536362490872134,0.2695770170945767,8.62884036952168,494.3961352656979
67.98068308830261,-1.5391559459121873,0.2724492992091311,8.622095135697545,494.00966183574616
68.04065918922424,-1.541361672363705,0.27472877580553606,8.623781444153579,494.1062801932341
68.08122849464417,-1.5442487336446373,0.27774273104943237,8.611977284961347,493.42995169081865
68.14068293571472,-1.5467646395557546,0.28041846067559595,8.605232051137214,493.043478260867
68.18101191520691,-1.5491553972737115,0.28298266787182125,8.603545742681181,492.94685990337905
68.24075412750244,-1.5517643596130035,0.2857999003133918,8.59848681731308,492.65700483091524
68.28069734573364,-1.5542485062403144,0.28850514099029123,8.595114200401015,492.46376811593944
68.3406879901886,-1.5568336225104067,0.29134427060828627,8.590055275032917,492.17391304347575
68.38065028190613,-1.559185189992063,0.29394446509915806,8.588368966576883,492.0772946859878
68.44064712524414,-1.5616418387139166,0.2966747011042208,8.584996349664817,491.88405797101194
68.48065066337585,-1.5638709670876132,0.2991604963666884,8.584996349664817,491.88405797101194
68.54071521759033,-1.565990629403,0.3015202155027743,8.58668265812085,491.98067632849984
68.58113312721252,-1.568438056130568,0.3042587212995753,8.579937424296716,491.5942028985481
68.63980150222778,-1.5705377472661175,0.3066362283695495,8.574878498928616,491.30434782608427
68.68067693710327,-1.5728451351840684,0.3092757059707494,8.569819573560517,491.0144927536206
68.74065899848938,-1.5751436080493675,0.3119229504812977,8.568133265104484,490.9178743961326
68.78096222877502,-1.5771118137749327,0.3141936775125477,8.568133265104484,490.9178743961326
68.84068965911865,-1.5794058193035345,0.3168447941915881,8.56644695664845,490.82125603864466
68.88100528717041,-1.5818067205935702,0.31962417983979086,8.56644695664845,490.82125603864466
68.94100165367126,-1.5844156447937847,0.3226650530900149,8.559701722824318,490.434782608693
68.98072552680969,-1.5864790126109718,0.3250741516731932,8.564760648192419,490.7246376811569
69.04069018363953,-1.5885504936444579,0.3274762776191812,8.566446956648452,490.8212560386448
69.08061599731445,-1.5910580759481512,0.3303841142906405,8.564760648192419,490.7246376811569
69.14065504074097,-1.5935607511792753,0.3332961753829248,8.563074339736385,490.6280193236689
69.18061256408691,-1.5960535909291473,0.33621666046234866,8.558015414368285,490.3381642512051
69.24062037467957,-1.5984262483996865,0.339020195394077,8.55464279745622,490.1449275362293
69.28064489364624,-1.6011089953992645,0.3422173687688457,8.549583872088121,489.8550724637656
69.34063243865967,-1.6031437827423805,0.3446506552708363,8.551270180544154,489.9516908212535
69.38061428070068,-1.6055022270381085,0.3474661573734598,8.551270180544154,489.9516908212535
69.44095396995544,-1.6076462673069516,0.3500257047394807,8.551270180544154,489.9516908212535
69.48081636428833,-1.6100047116026797,0.3528412068421042,8.551270180544154,489.9516908212535
69.54093337059021,-1.6122536870871778,0.3555306287653572,8.549583872088121,489.8550724637656
69.5806028842926,-1.6146026223777976,0.3583540689695072,8.546211255176054,489.6618357487897
69.64074993133545,-1.6167336867069135,0.3609244300761423,8.546211255176054,489.6618357487897
69.68069195747375,-1.6187602559499998,0.36336456528457906,8.547897563632088,489.75845410627767
69.74073314666748,-1.620795043293116,0.36579785178656976,8.552956489000188,490.0483091787415
69.78068017959595,-1.6231582320383195,0.3686093728233883,8.552956489000188,490.0483091787415
69.84071588516235,-1.6254117395179648,0.3712949984581939,8.551270180544154,489.9516908212535
69.88077664375305,-1.6275557797868077,0.37385454582421485,8.551270180544154,489.9516908212535
69.94069576263428,-1.6301234450301125,0.3769303369102141,8.547897563632088,489.75845410627767
69.98075771331787,-1.6323633373514195,0.3796273284563814,8.546211255176054,489.6618357487897
70.04064202308655,-1.6344944016805354,0.3821976895630166,8.546211255176054,489.6618357487897
70.08067679405212,-1.636520970923622,0.38463782477145336,8.547897563632088,489.75845410627767
70.14078640937805,-1.6389741863231482,0.38759167265535055,8.546211255176054,489.6618357487897
70.18062329292297,-1.6413183570851748,0.39041906987264907,8.546211255176054,489.6618357487897
70.24075508117676,-1.6441806397342107,0.3939011550024767,8.537779712895889,489.1787439613501
70.28067898750305,-1.646500888135399,0.3967482164599647,8.537779712895889,489.1787439613501
70.34071636199951,-1.6490268271325068,0.39985836561865173,8.534407095983823,488.98550724637437
70.38069319725037,-1.651332642833022,0.40271712855761493,8.531034479071758,488.7922705313986
70.4407377243042,-1.6536336345012543,0.4055797757466094,8.531034479071758,488.7922705313986
70.48092555999756,-1.6561332606698267,0.40871111166340046,8.524289245247624,488.4057971014468
70.54100918769836,-1.6587177412380607,0.41198823070983326,8.519230319879526,488.1159420289831
70.58063960075378,-1.6609847822417625,0.4148778391043161,8.519230319879526,488.1159420289831
70.64084792137146,-1.6636524798443066,0.41830184742149407,8.512485086055392,487.72946859903135
70.68066167831421,-1.6658001564482485,0.42107283392741945,8.514171394511425,487.8260869565193
70.74073600769043,-1.668152373681138,0.4241077239101,8.512485086055392,487.72946859903135
70.78069376945496,-1.6702953744957143,0.4268823281196899,8.510798777599359,487.6328502415434
70.84068822860718,-1.6726373428490389,0.4299251339547222,8.509112469143325,487.53623188405544
70.88061594963074,-1.6750677287343394,0.43311050992231565,8.502367235319193,487.1497584541038
70.94069838523865,-1.6771825473071154,0.4359066543061739,8.50068092686316,487.0531400966159
70.98080825805664,-1.6793906549062987,0.4388415431313861,8.497308309951094,486.8599033816401
71.04082131385803,-1.6816913625236727,0.441915665376358,8.495622001495061,486.76328502415214
71.08065938949585,-1.6840839792763604,0.44512950741994795,8.492249384582996,486.5700483091764
71.14071750640869,-1.6860778265702665,0.44780770912293955,8.495622001495061,486.76328502415214
71.1806468963623,-1.6885616597094757,0.4511617547381089,8.487190459214895,486.28019323671253
71.24064230918884,-1.6906337999008623,0.45398967199969664,8.485504150758862,486.18357487922464
71.28068590164185,-1.6927059400922488,0.45681758926128446,8.487190459214895,486.28019323671253
71.34067869186401,-1.6949702008376273,0.45991865462573855,8.482131533846797,485.99033816424884
71.38063549995422,-1.6972239900198836,0.4630273388232122,8.480445225390763,485.8937198067609
71.44068741798401,-1.6995675573380342,0.4662771215592857,8.477072608478696,485.70048309178503
71.48058915138245,-1.7018003266060424,0.4694009372570369,8.472013683110596,485.4106280193212
71.54071307182312,-1.7042042915703992,0.4728126818990381,8.46358214083043,484.9275362318816
71.58065605163574,-1.7062139452078586,0.4756853415148967,8.465268449286464,485.0241545893696
71.64079070091248,-1.708502380557397,0.47897418010281506,8.45852321546233,484.6376811594178
71.68073058128357,-1.7104001558598805,0.4817212950066029,8.45852321546233,484.6376811594178
71.74072909355164,-1.7125799330045142,0.48488231615765587,8.456836907006297,484.54106280192985
71.780686378479,-1.7149434586471428,0.4883221992354235,8.455150598550263,484.4444444444419
71.84067749977112,-1.717289552007766,0.49177399514412284,8.446719056270098,483.9613526570023
71.88073468208313,-1.7193412901128398,0.4948202522465539,8.446719056270098,483.9613526570023
71.94061470031738,-1.7214782265485857,0.4980103910816602,8.441660130901997,483.6714975845385
71.9796621799469,-1.7235093704180315,0.5010704182330981,8.438287513989932,483.47826086956275
72.04062700271606,-1.7258028084680888,0.5045574213823112,8.433228588621834,483.188405797099
72.08066129684448,-1.7280785767570979,0.5080559821931039,8.428169663253733,482.8985507246352
72.14074206352234,-1.730423859943529,0.511708391018819,8.421424429429601,482.51207729468354
72.18070006370544,-1.7324794280235385,0.5149515565998719,8.4163655040615,482.2222222222197
72.2407009601593,-1.7346958790166054,0.5184879946450532,8.411306578693402,481.932367149756
72.2806944847107,-1.736803597580765,0.5218954743677642,8.404561344869268,481.54589371980427
72.340660572052,-1.7388940510617699,0.5253135732326526,8.401188727957202,481.35265700482836
72.38060355186462,-1.741056577129101,0.5288832412928772,8.396129802589101,481.06280193236455
72.4406213760376,-1.7429516481677914,0.53202935275693,8.396129802589101,481.06280193236455
72.48074173927307,-1.7448414112001847,0.5351786554205881,8.392757185677034,480.8695652173887
72.54067540168762,-1.7468913721967496,0.5386211916250394,8.389384568764967,480.6763285024128
72.58068752288818,-1.7486774630426019,0.5416379383001022,8.387698260308934,480.57971014492483
72.64075922966003,-1.750628083342451,0.5449452882307102,8.3860119518529,480.48309178743693
72.68074417114258,-1.752491226038816,0.548110412379762,8.3860119518529,480.48309178743693
72.74078917503357,-1.7545179198652472,0.5515666976313436,8.382639334940833,480.289855072461
72.7807228565216,-1.7562887264244964,0.5545924413648523,8.384325643396867,480.386473429949
72.84071612358093,-1.7583907522657574,0.5581980670268906,8.379266718028767,480.09661835748517
72.88082671165466,-1.7602271421743778,0.5613787876511276,8.3758941011167,479.90338164250926
72.94067287445068,-1.7618154308461154,0.5641244354485889,8.3809530264848,480.19323671497307
72.98075604438782,-1.7638246137237354,0.567590929321463,8.377580409572733,479.9999999999972
73.04069566726685,-1.7658279481695025,0.5710608063660847,8.377580409572733,479.9999999999972
73.08094358444214,-1.7677450059248327,0.5743877227582417,8.3758941011167,479.90338164250926
73.1402690410614,-1.76957065805758,0.5775746187207927,8.372521484204633,479.7101449275334
73.18065595626831,-1.7716299770634147,0.5812048052565351,8.367462558836532,479.4202898550696
73.24074482917786,-1.7735922139104945,0.5846980876903444,8.364089941924465,479.2270531400937
73.28072166442871,-1.775614698451213,0.5883489239417569,8.3556583996443,478.7439613526541
73.34074068069458,-1.7774583687277148,0.5917170633434469,8.353972091188266,478.6473429951662
73.38064217567444,-1.7793733024368528,0.5952364985958701,8.3505994742762,478.4541062801903
73.44068813323975,-1.7812763555709,0.5987623721578944,8.347226857364133,478.2608695652144
73.48083519935608,-1.7833186466082847,0.6025924492815752,8.34048162354,477.87439613526277
73.54071140289307,-1.7852543854581404,0.6062900112022522,8.332050081259835,477.39130434782317
73.58063697814941,-1.78701803325006,0.6097007339385253,8.330363772803802,477.2946859903352
73.6402153968811,-1.7886967431191756,0.612967421061783,8.326991155891735,477.10144927535936
73.68070244789124,-1.7905160337284394,0.6165372358028354,8.323618538979668,476.90821256038345
73.74071431159973,-1.7923232743961681,0.620113166000043,8.3202459220676,476.7149758454076
73.7804970741272,-1.7941837992800185,0.6238491392612759,8.311814379787435,476.231884057968
73.84072589874268,-1.795801628763739,0.6271464016632592,8.308441762875368,476.03864734299214
73.88070797920227,-1.7976242590417169,0.6309010078905309,8.303382837507268,475.74879227052827
73.94069719314575,-1.7990747608985198,0.6339083714795798,8.303382837507268,475.74879227052827
73.98082089424133,-1.8008092750435678,0.6375201378461958,8.300010220595201,475.5555555555524
74.04063725471497,-1.8025254954146324,0.6411406327356186,8.293264986771067,475.16908212560065
74.08072781562805,-1.8041496999791884,0.6446199203998039,8.288206061402967,474.87922705313684
74.1408109664917,-1.8055595003369864,0.6476465776887084,8.291578678315034,475.0724637681127
74.18070864677429,-1.8069795004130826,0.6506684630566896,8.2949512952271,475.2657004830886
74.24078488349915,-1.808818873310367,0.6546000213736245,8.288206061402967,474.87922705313684
74.27991485595703,-1.8102911203515433,0.6577817456955748,8.286519752946933,474.7826086956489
74.34078526496887,-1.812031010769638,0.6615754022937788,8.281460827578833,474.4927536231851
74.3807384967804,-1.8135536650451642,0.6649176822855131,8.281460827578833,474.4927536231851
74.44075036048889,-1.8150706810434132,0.6682625251886978,8.278088210666766,474.2995169082092
74.48080468177795,-1.8167720994088776,0.6720735912597252,8.2696566683866,473.8164251207696
74.54079031944275,-1.8179901759568846,0.6748206486948357,8.273029285298668,474.0096618357455
74.5807237625122,-1.8194139669827112,0.6780243496992862,8.271342976842634,473.9130434782575
74.64082956314087,-1.82096151441751,0.6815384043452366,8.266284051474534,473.6231884057937
74.68068432807922,-1.822491264785007,0.6850602429177465,8.261225126106435,473.33333333333
74.74068760871887,-1.8240720191003101,0.6887419017016433,8.257852509194368,473.1400966183541
74.78068161010742,-1.8254524624544732,0.6919645182095593,8.259538817650402,473.23671497584206
74.84070777893066,-1.8268383381687892,0.695184802283304,8.261225126106435,473.33333333333
74.88065695762634,-1.8284190924840924,0.6988664610672009,8.257852509194368,473.1400966183541
74.94081020355225,-1.8299250526067696,0.7023985379670687,8.256166200738335,473.0434782608662
74.98074555397034,-1.831425054419925,0.7059331493570524,8.254479892282301,472.94685990337825
75.04070734977722,-1.832794621292807,0.7091604032348642,8.256166200738335,473.0434782608662
75.08067226409912,-1.8343505061864807,0.7128526407413135,8.249420966914201,472.65700483091445
75.14077568054199,-1.835703729167052,0.7160867818291441,8.251107275370234,472.7536231884024
75.18064880371094,-1.837056952147623,0.7193209229169747,8.249420966914201,472.65700483091445
75.24077010154724,-1.8386549376073624,0.7231765021889568,8.2443620415461,472.36714975845064
75.28070878982544,-1.8402268801280168,0.7270427724541904,8.235930499265935,471.88405797101103
75.3407027721405,-1.8418379402170144,0.7310732722798158,8.232557882353868,471.6908212560351
75.38064217567444,-1.8433125164819646,0.734798728016399,8.229185265441801,471.49758454105927
75.43974280357361,-1.8450034992956696,0.7391565981675944,8.219067414705602,470.9178743961317
75.48072648048401,-1.8464213675038696,0.7429040033165697,8.21232218088147,470.53140096618006
75.5406641960144,-1.8478202598064433,0.7466585333713421,8.208949563969403,470.3381642512042
75.5806393623352,-1.849206481585589,0.7504177599919939,8.205576947057336,470.1449275362283
75.64072799682617,-1.8505800170736788,0.7541816404190725,8.20220433014527,469.95169082125244
75.68068647384644,-1.852047366943502,0.7582666530034176,8.195459096321137,469.5652173913008
75.74084448814392,-1.8532773060242889,0.7617273699007497,8.195459096321137,469.5652173913008
75.78071856498718,-1.854507245105076,0.765188086798082,8.195459096321137,469.5652173913008
75.84080243110657,-1.8559470074380406,0.7692829039953817,8.188713862497004,469.178743961349
75.88093948364258,-1.8572568800131608,0.7730694102271666,8.185341245584937,468.9855072463732
75.94103622436523,-1.8586046903659983,0.7770194046961322,8.180282320216836,468.6956521739093
75.98082232475281,-1.8599325008298138,0.7809761670625441,8.175223394848736,468.4057971014455
76.0408546924591,-1.861184757802166,0.7847821161007719,8.168478161024604,468.01932367149385
76.08065938949585,-1.862513527520676,0.7889142843560458,8.161732927200472,467.6328502415422
76.14074277877808,-1.8637677182232515,0.7928949946863316,8.156674001832371,467.3429951690784
76.18067288398743,-1.8649092157526497,0.7965611188669963,8.154987693376338,467.24637681159044
76.24071216583252,-1.8660383423810738,0.8002310720240084,8.149928768008238,466.95652173912663
76.28068804740906,-1.867245457859125,0.8042263093479638,8.144869842640137,466.6666666666628
76.34073042869568,-1.8684255972709225,0.8082295979986611,8.136438300359972,466.1835748792232
76.38067889213562,-1.8696636487540608,0.8125637423593672,8.128006758079806,465.7004830917836
76.44078707695007,-1.8707761157798537,0.8165863616762545,8.11957521579964,465.217391304344
76.48080062866211,-1.871861424196006,0.8206163932758703,8.114516290431542,464.9275362318803
76.54074430465698,-1.8730426837363452,0.8251391226541644,8.104398439695343,464.34782608695275
76.580721616745,-1.8739143204671531,0.8285348744738137,8.106084748151376,464.4444444444407
76.64079022407532,-1.8749006570660238,0.832418241018466,8.099339514327244,464.05797101448906
76.68070197105408,-1.875830198709774,0.8361437524531832,8.097653205871211,463.9613526570011
76.74069690704346,-1.8767903188537325,0.8400336836756546,8.094280588959144,463.76811594202525
76.7807948589325,-1.8777665114276156,0.8440915275749159,8.085849046678979,463.28502415458564
76.84086990356445,-1.8785635029808252,0.8475055699699742,8.08079012131088,462.99516908212195
76.88072204589844,-1.8795585752301809,0.8519018650047627,8.072358579030714,462.51207729468234
76.94076704978943,-1.88035426608704,0.8554874176324949,8.072358579030714,462.51207729468234
76.98109340667725,-1.8812156952296026,0.8594003877881106,8.068985962118647,462.31884057970643
77.04080057144165,-1.8819932369387578,0.8629899198573989,8.06561334520658,462.1256038647306
77.08071279525757,-1.8828282527861633,0.8669086114937709,8.062240728294514,461.9323671497547
77.14081454277039,-1.8836189745801502,0.8706660364314363,8.06055441983848,461.83574879226677
77.18072938919067,-1.8845248870609554,0.8750815660023329,8.052122877558315,461.35265700482717
77.24078392982483,-1.88518213863396,0.8783551285514698,8.052122877558315,461.35265700482717
77.28074193000793,-1.885875150663977,0.8817917861336854,8.053809186014348,461.4492753623151
77.34069776535034,-1.8866863620701226,0.885885804344028,8.045377643734183,460.9661835748755
77.38078117370605,-1.8874699401213133,0.8899852011886586,8.040318718366084,460.6763285024118
77.44076538085938,-1.8881717433257417,0.8937602449473361,8.035259792997984,460.38647342994796
77.48081111907959,-1.8888008918769053,0.8972091655192994,8.03357348454195,460.28985507246006
77.54105305671692,-1.8895360265283696,0.9013175260312668,8.02851455917385,459.99999999999625
77.58071994781494,-1.8901676977993036,0.9049355784067039,8.025141942261783,459.80676328502034
77.64102983474731,-1.8907677446121554,0.9083896810157079,8.026828250717816,459.9033816425083
77.68066620826721,-1.8914682137281495,0.9125040937404615,8.01839670843765,459.4202898550687
77.74075317382812,-1.8921173402548954,0.9164578299935098,8.015024091525584,459.22705314009283
77.7810287475586,-1.8927234408171003,0.9202494161030647,8.009965166157485,458.9371980676291
77.8407769203186,-1.8933167503890553,0.9240430247899885,8.008278857701452,458.8405797101411
77.88077116012573,-1.893925841059517,0.9280031263242361,8.004906240789385,458.6473429951653
77.94078779220581,-1.8945282529144225,0.931964249342202,8.004906240789385,458.6473429951653
77.9809455871582,-1.89513836475091,0.9360930279266085,7.9964746985092185,458.1642512077256
78.0407555103302,-1.8957006684037145,0.9400600432036694,7.9931020815971525,457.9710144927498
78.08084726333618,-1.8962689753589221,0.9441947833716535,7.988043156229053,457.681159420286
78.14077472686768,-1.8967978113637793,0.9481663986710447,7.984670539316986,457.48792270531015
78.18062162399292,-1.8972949834568997,0.9519737997567592,7.9829842308609535,457.39130434782226
78.2407808303833,-1.897803720674906,0.9559480395644975,7.979611613948887,457.1980676328464
78.28094387054443,-1.8982990514366098,0.9599239725421651,7.97623899703682,457.0048309178705
78.3408260345459,-1.898780970107854,0.9639015534653768,7.972866380124753,456.81159420289464
78.38086175918579,-1.8992654970532215,0.9680469464131305,7.967807454756653,456.5217391304309
78.440833568573,-1.8997138618501863,0.9720284492217739,7.964434837844587,456.32850241545503
78.48108434677124,-1.90012745528467,0.9758458336127708,7.959375912476488,456.0386473429913
78.54074788093567,-1.900513829031905,0.9794982337706637,7.959375912476488,456.0386473429913
78.58067870140076,-1.90090020277914,0.9831506339285565,7.959375912476488,456.0386473429913
78.64095306396484,-1.9013217626384749,0.9873029027465734,7.950944370196321,455.5555555555516
78.68073606491089,-1.9017029264510956,0.9912913999265073,7.9475717532842545,455.36231884057577
78.74082326889038,-1.9020520912565657,0.995115215698259,7.942512827916155,455.07246376811196
78.77997493743896,-1.9023706526131468,0.9987741541027718,7.939140211004088,454.8792270531361
78.84086203575134,-1.9027081078265609,1.0029341027840677,7.9307086687239225,454.3961352656965
78.88091444969177,-1.903017495749431,1.007096233027736,7.925649743355823,454.10628019323275
78.94081521034241,-1.903321306829688,1.0115934852601396,7.9172182010756575,453.62318840579314
78.98088073730469,-1.9035399059611986,1.0150924987540904,7.915531892619624,453.5265700483052
79.04079461097717,-1.9037658238000084,1.0187583237248212,7.915531892619624,453.5265700483052
79.0808002948761,-1.9040055355915129,1.0227578154254515,7.912159275707558,453.3333333333294
79.14064836502075,-1.904199674822512,1.0260910572937103,7.912159275707558,453.3333333333294
79.18069744110107,-1.9044197028566652,1.0299244723223582,7.9104729672515255,453.2367149758415
79.24077320098877,-1.9046332662608645,1.033758252935547,7.908786658795492,453.14009661835354
79.2807400226593,-1.9048161626611568,1.0370921306027823,7.908786658795492,453.14009661835354
79.34083008766174,-1.9050288916973286,1.0410931482187848,7.905414041883425,452.9468599033777
79.38089346885681,-1.9052115228202056,1.044761384506006,7.902041424971359,452.75362318840183
79.4407525062561,-1.9053879679084762,1.0484299235499244,7.902041424971359,452.75362318840183
79.48081350326538,-1.9055737045105685,1.0524322850429721,7.898668808059293,452.56038647342604
79.54078435897827,-1.9057496023871079,1.0566021901964624,7.893609882691194,452.2705314009622
79.58073449134827,-1.9059091908583923,1.0611068666925247,7.885178340411027,451.7874396135226
79.64113521575928,-1.9060257222359915,1.064944822340485,7.883492031954994,451.69082125603467
79.68073868751526,-1.9061304357462499,1.0689501226647007,7.876746798130862,451.304347826083
79.7407591342926,-1.9062146034798124,1.0727889244191942,7.875060489674828,451.20772946859506
79.7807400226593,-1.9062920157426897,1.0764608883252642,7.875060489674828,451.20772946859506
79.84092283248901,-1.9063629539372604,1.0799660058388005,7.873374181218795,451.1111111111071
79.88071942329407,-1.9064313606673946,1.0844729892349994,7.864942638938629,450.62801932366756
79.9404866695404,-1.90646542409718,1.0881456110871206,7.861570022026562,450.43478260869165
79.98080492019653,-1.9064848488932675,1.0919852863071067,7.856511096658463,450.1449275362279
80.04101037979126,-1.9064811891339002,1.0963258427300653,7.84976586283433,449.7584541062762
80.08099007606506,-1.9064671131763613,1.0996647038024594,7.84976586283433,449.7584541062762
80.14077496528625,-1.9064412135341695,1.1035043408069443,7.84470693746623,449.46859903381244
80.18098068237305,-1.9064023644391275,1.1073438686249826,7.843020629010198,449.37198067632454
80.24082231521606,-1.9063505663331262,1.1111832435837345,7.837961703642098,449.08212560386073
80.28078484535217,-1.9062858198053447,1.1150224220120988,7.836275395186066,448.9855072463729
80.34068083763123,-1.9061943331384277,1.119195032614809,7.8278438529059,448.5024154589333
80.38068771362305,-1.9060907463531596,1.1230333594502406,7.826157544449867,448.40579710144533
80.43998289108276,-1.9059570472380405,1.1272048308451674,7.817726002169701,447.9227053140057
80.48075890541077,-1.905844744239729,1.130374788379433,7.819412310625735,448.0193236714937
80.54082560539246,-1.905689943763022,1.1345455300238514,7.814353385257635,447.72946859902993
80.58049178123474,-1.905557663998548,1.1378817994160375,7.814353385257635,447.72946859902993
80.64077591896057,-1.9053817661220085,1.1420517045695275,7.809294459889536,447.4396135265661
80.68096876144409,-1.9051777454749739,1.1462203283985222,7.80086291760937,446.9565217391266
80.74070525169373,-1.904964182070775,1.1500541090117113,7.795803992241271,446.66666666666276
80.78070616722107,-1.9047244702792714,1.1540536007123414,7.792431375329204,446.4734299516869
80.84077191352844,-1.9045117718718148,1.1575529778567215,7.794117683785236,446.5700483091748
80.880850315094,-1.90423016829004,1.1618843913531975,7.783999833049037,445.99033816424725
80.94090127944946,-1.9039120546546149,1.1662132765641589,7.777254599224905,445.6038647342956
80.9807801246643,-1.9036145051196804,1.1700414546415134,7.775568290768873,445.5072463768077
81.04076766967773,-1.903259904045459,1.1743675038244155,7.76882305694474,445.120772946856
81.08000826835632,-1.9028943968950418,1.1785250816739656,7.76376413157664,444.83091787439224
81.1408019065857,-1.902526686897743,1.1825148416873348,7.760391514664574,444.6376811594164
81.18097496032715,-1.9021064737017328,1.1868350111660264,7.753646280840442,444.25120772946474
81.24075675010681,-1.9017186386311442,1.1906550984786017,7.751959972384409,444.15458937197684
81.28072786331177,-1.9012830771838418,1.194805921924341,7.746901047016309,443.86473429951303
81.34083819389343,-1.9008630470528842,1.1986226034419374,7.74184212164821,443.5748792270493
81.38073968887329,-1.9004520459890004,1.2022723143498608,7.74184212164821,443.5748792270493
81.44102001190186,-1.899974510140409,1.2064185184651188,7.73678319628011,443.2850241545855
81.4807403087616,-1.8994925914691645,1.2103960993883305,7.730037962455977,442.8985507246338
81.54078388214111,-1.8989661475728377,1.2145363778664158,7.724979037087878,442.60869565217007
81.5809679031372,-1.898468975479718,1.2183437789521303,7.7232927286318445,442.5120772946821
81.64099454879761,-1.898009174238303,1.221819331257813,7.721606420175812,442.4154589371942
81.68076515197754,-1.897492747231383,1.2256241684769593,7.716547494807712,442.12560386473046
81.74085092544556,-1.8969634909274953,1.2294272423498245,7.71486118635168,442.02898550724257
81.78074479103088,-1.8964214113466833,1.233228509618216,7.70980226098358,441.7391304347788
81.84077835083008,-1.895754972117927,1.2376864730062123,7.701370718703415,441.2560386473392
81.88133597373962,-1.8950734290815188,1.2419731899952666,7.691252867967216,440.67632850241165
81.94085431098938,-1.8944176362619958,1.2459258259997896,7.68788025105515,440.48309178743585
81.98101234436035,-1.89368554079287,1.250204199484984,7.681135017231017,440.09661835748415
82.04069495201111,-1.8929504061414049,1.2543125599969511,7.672703474950851,439.61352657004454
82.08081483840942,-1.8923539867548225,1.2575977502971676,7.676076091862917,439.80676328502034
82.14084887504578,-1.8916649192940238,1.2613751394950325,7.671017166494818,439.5169082125566
82.18075728416443,-1.890929281834512,1.2653136967352605,7.667644549582752,439.3236714975808
82.2399628162384,-1.8902147508691378,1.2690863521153875,7.665958241126718,439.22705314009283
82.2810571193695,-1.8895221607766257,1.2726932386605512,7.6625856242146515,439.0338164251169
82.34068608283997,-1.8886097382097367,1.2772777713728736,7.6524677734784525,438.4541062801894
82.3807213306427,-1.8878380349853472,1.2810391484147485,7.650781465022419,438.35748792270147
82.441091299057,-1.886985443142648,1.2851247494968219,7.64572253965432,438.0676328502377
82.48082780838013,-1.8860736851311142,1.2893684672988355,7.638977305830187,437.681159420286
82.54080367088318,-1.885205658741813,1.2932799792563614,7.632232072006055,437.29468599033436
82.58086252212524,-1.884277432500589,1.2973490633175695,7.627173146637955,437.0048309178706
82.64077591896057,-1.8833286330324819,1.301413399502163,7.622114221269856,436.7149758454068
82.68080449104309,-1.8823592846198043,1.3054728837929217,7.617055295901756,436.42512077294305
82.74071550369263,-1.8813262621985978,1.309688723938374,7.610310062077623,436.03864734299134
82.780770778656,-1.8803090636327615,1.3137364833346,7.605251136709524,435.7487922705276
82.84069776535034,-1.879219263281398,1.3179380043269182,7.595133285973325,435.1690821256
82.88068127632141,-1.8780471301919528,1.3222904384545036,7.586701743693158,434.6859903381604
82.9409589767456,-1.876975906206245,1.3261512511641333,7.579956509869025,434.2995169082087
82.98076796531677,-1.8758786647028158,1.3300047504426522,7.573211276044893,433.913043478257
83.04096913337708,-1.8746618548457286,1.3341712618402628,7.566466042220761,433.52657004830536
83.08074855804443,-1.8734682206122883,1.338170547572595,7.561407116852662,433.2367149758416
83.14073991775513,-1.8724089237379302,1.341687250818236,7.561407116852662,433.2367149758416
83.18082594871521,-1.8710381023055112,1.346156177281196,7.551289266116463,432.6570048309141
83.24101686477661,-1.8698842468591406,1.3498184307850594,7.546230340748363,432.3671497584503
83.28094124794006,-1.8687180466203666,1.3534767719556942,7.544544032292331,432.2705314009624
83.34071803092957,-1.8674850596023262,1.3572890073392632,7.537798798468198,431.8840579710107
83.38076615333557,-1.8663371573776704,1.3607777939576389,7.534426181556132,431.6908212560349
83.4407467842102,-1.8652386250399053,1.3641070743174206,7.536112490012164,431.7874396135228
83.48075556755066,-1.8639174887826673,1.3680660701549894,7.527680947731998,431.30434782608313
83.5409586429596,-1.8626267885398424,1.3718591544527032,7.524308330819932,431.1111111111073
83.58081555366516,-1.8612008446187414,1.3759588041192725,7.514190480083733,430.5314009661798
83.64076375961304,-1.8599180502235222,1.3795779092099365,7.5125041716277,430.4347826086919
83.68074417114258,-1.858741232596791,1.3828803297289738,7.510817863171667,430.3381642512039
83.74087023735046,-1.857505459431351,1.3863389676501077,7.510817863171667,430.3381642512039
83.78084826469421,-1.8560912347741676,1.3902656733522312,7.505758937803567,430.04830917874017
83.84077548980713,-1.8547176992860763,1.3940295537793097,7.502386320891501,429.8550724637644
83.88074064254761,-1.8533861996794687,1.397631024578203,7.497327395523402,429.56521739130056
83.9412202835083,-1.8521038817354425,1.4010726771284117,7.497327395523402,429.56521739130056
83.98082375526428,-1.8505747059116662,1.4051349504765138,7.490582161699269,429.17874396134886
84.04099988937378,-1.8491442072292383,1.4088775523957628,7.487209544787202,428.985507246373
84.08076524734497,-1.8475740089022272,1.4129241461075872,7.48046431096307,428.59903381642135
84.14074730873108,-1.8460412645194968,1.4168061228861477,7.4754053855949705,428.30917874395755
84.18070149421692,-1.844364712137942,1.420990229831034,7.470346460226871,428.0193236714938
84.240797996521,-1.8427197263874253,1.4250070028312574,7.460228609490672,427.4396135265663
84.2809579372406,-1.8411087466486502,1.4288571707929612,7.4551696841225725,427.1497584541025
84.34078860282898,-1.8394783098952199,1.4326991396951176,7.450110758754473,426.85990338163873
84.38066482543945,-1.8376894902949492,1.4368364943151652,7.441679216474307,426.37681159419907
84.44076204299927,-1.8360073735179947,1.4406561189303289,7.436620291106207,426.0869565217353
84.48082327842712,-1.834234557198145,1.4446181342951148,7.429875057282075,425.70048309178367
84.54077458381653,-1.832435056690705,1.4485681015580736,7.423129823457943,425.314009661832
84.58083939552307,-1.8304613361897872,1.4528054217625401,7.413011972721744,424.73429951690446
84.64073848724365,-1.8285954860573583,1.4567244837342423,7.406266738897612,424.3478260869528
84.6807644367218,-1.826854883829195,1.460333320041101,7.402894121985545,424.15458937197695
84.74087595939636,-1.8249494773928177,1.464233303344519,7.396148888161413,423.7681159420253
84.78092288970947,-1.8229401105182594,1.4682681544666507,7.3877173458812475,423.2850241545857
84.84085130691528,-1.8212052827278502,1.471693626062694,7.382658420513148,422.99516908212195
84.88083600997925,-1.8191416683180819,1.4757010035570333,7.374226878232982,422.5120772946823
84.9408073425293,-1.8171252583106419,1.479544769176399,7.367481644408849,422.1256038647306
84.98074507713318,-1.8152460311304215,1.4830833989693433,7.364109027496783,421.9323671497547
85.04077935218811,-1.8132667815442245,1.4867578540483466,7.355677485216617,421.4492753623152
85.08075857162476,-1.811095808539493,1.4907081015123755,7.347245942936451,420.9661835748755
85.14076280593872,-1.8088982397814768,1.4946436155027114,7.342187017568351,420.67632850241176
85.18073058128357,-1.8069301149754255,1.49813358403469,7.338814400656285,420.4830917874359
85.24080157279968,-1.8046928404362552,1.5020466622923694,7.330382858376119,419.99999999999625
85.28084754943848,-1.8026778148401674,1.5055097631360503,7.323637624551987,419.6135265700446
85.3408477306366,-1.8004696142524184,1.5092466460107188,7.316892390727854,419.2270531400929
85.38083815574646,-1.7985022873482646,1.51254408561894,7.315206082271821,419.130434782605
85.44078159332275,-1.796440727676563,1.5159796885247494,7.311833465359755,418.9371980676292
85.48085975646973,-1.7940922105785664,1.51982703127719,7.300029306167523,418.26086956521374
85.54077649116516,-1.791881726259442,1.5233672019124813,7.291597763887356,417.7777777777741
85.58017468452454,-1.7898316300770274,1.5266138292025362,7.289911455431323,417.6811594202861
85.64082956314087,-1.7875854405946408,1.5301314536653363,7.281479913151157,417.1980676328465
85.68076777458191,-1.7853096723056316,1.5336300144761292,7.273048370870992,416.71497584540697
85.74079751968384,-1.782724580108154,1.5375245944870501,7.262930520134793,416.1352657004794
85.78065967559814,-1.7806728420030797,1.5405708515894811,7.259557903222726,415.94202898550355
85.84073209762573,-1.77870701584565,1.5434736792677821,7.2578715947666925,415.8454106280156
85.88099312782288,-1.776355105030874,1.5469215140334591,7.252812669398593,415.55555555555185
85.94078707695007,-1.7742726508952475,1.5499468563874648,7.249440052486527,415.362318840576
85.98130750656128,-1.7719842155457095,1.553235694975383,7.242694818662394,414.9758454106243
86.04082584381104,-1.7692821179428444,1.5570500263290428,7.232576967926195,414.3961352656967
86.08078336715698,-1.7669385506246926,1.5602998090651168,7.225831734102063,414.0096618357451
86.14079427719116,-1.764679522448949,1.5634046882606527,7.22414542564603,413.9130434782572
86.18076181411743,-1.7627128743928862,1.566102925984967,7.22414542564603,413.9130434782572
86.24082064628601,-1.760144416323902,1.5696019925180007,7.2174001918218975,413.52657004830553
86.28080248832703,-1.757751799571213,1.572815834561591,7.210654957997765,413.1400966183538
86.34076809883118,-1.7552397752781106,1.5761488186604038,7.205596032629665,412.85024154589
86.3808126449585,-1.7527109218838264,1.5794690520200174,7.200537107261566,412.56038647342626
86.44075798988342,-1.7501653041084744,1.5827764496667915,7.195478181893466,412.2705314009625
86.48083090782166,-1.7481221236591127,1.5854172080890399,7.195478181893466,412.2705314009625
86.54067659378052,-1.7456596335644559,1.5885778311510501,7.188732948069334,411.88405797101086
86.58088541030884,-1.7429689010877938,1.5919837674678008,7.181987714245201,411.49758454105915
86.64075994491577,-1.7403623745473005,1.5952433791694889,7.176928788877102,411.20772946859535
86.68072557449341,-1.7377393912988066,1.5984897629930988,7.171869863509002,410.9178743961316
86.74049186706543,-1.735531490005175,1.6012130060760286,7.173556171965036,411.01449275361955
86.78068804740906,-1.7327893782583157,1.6045777150712413,7.1668109381409035,410.6280193236679
86.8410325050354,-1.7300246333149465,1.6079238514780299,7.1600657043167715,410.24154589371625
86.8807258605957,-1.7271272665554016,1.6113767987227798,7.151634162036605,409.7584541062766
86.94074630737305,-1.7244230150671869,1.6145558037464576,7.146575236668506,409.46859903381284
86.98077297210693,-1.7219203398360625,1.6174678648387415,7.141516311300406,409.178743961349
87.04081535339355,-1.718959425122664,1.6208664767427865,7.13308476902024,408.6956521739094
87.08081459999084,-1.7163097167635435,1.623871878748842,7.129712152108173,408.5024154589335
87.14080309867859,-1.7136498874236048,1.6268683272280913,7.126339535196106,408.30917874395766
87.18072533607483,-1.7109749333751685,1.6298512815430528,7.119594301371974,407.922705314006
87.24000930786133,-1.7077094069849201,1.6334255520698964,7.107790142179741,407.2463768115905
87.28075814247131,-1.7048684185605079,1.6364829748120817,7.102731216811642,406.95652173912674
87.34077191352844,-1.701777948157267,1.6397642202312834,7.094299674531476,406.47342995168714
87.38059139251709,-1.6986599219738596,1.643019291894692,7.08586813225131,405.99033816424753
87.44084811210632,-1.6958713144569115,1.6458962805500077,7.082495515339243,405.7971014492716
87.48075890541077,-1.6929488779312736,1.6488759472772938,7.0740639730590775,405.314009661832
87.54085421562195,-1.690126505048387,1.6517198190951397,7.070691356147011,405.12077294685616
87.58077311515808,-1.6874148459559608,1.6544383459175458,7.069005047690977,405.0241545893682
87.64079570770264,-1.6844524794790385,1.657378317670553,7.060573505410812,404.5410628019286
87.68077516555786,-1.6812264661472107,1.6605263991175947,7.052141963130646,404.05797101448906
87.74083113670349,-1.6782149462122748,1.6634160006011145,7.043710420850481,403.57487922704945
87.78070425987244,-1.6753075650523686,1.6661729065475364,7.040337803938414,403.38164251207354
87.84073519706726,-1.6725146507660813,1.668807885277456,7.03865149548238,403.28502415458564
87.8799557685852,-1.6694692321147566,1.6716617378122307,7.033592570114281,402.99516908212183
87.94071173667908,-1.6667829198139499,1.674166341135805,7.033592570114281,402.99516908212183
87.9810242652893,-1.663843199005355,1.676888736620283,7.026847336290148,402.6086956521701
88.04083943367004,-1.6611400538085288,1.6793751632994365,7.026847336290148,402.6086956521701
88.08059239387512,-1.6575630312101188,1.6826376748679888,7.018415794009982,402.1256038647305
88.14058113098145,-1.6544604902952749,1.6854293211428226,7.013356868641883,401.83574879226677
88.1805522441864,-1.6512167684632106,1.688313538910418,7.00661163481775,401.44927536231506
88.24061012268066,-1.6479536658468672,1.691175811568629,6.999866400993617,401.06280193236336
88.28059363365173,-1.6447998783034656,1.6939094306319142,6.994807475625517,400.7729468598996
88.34058904647827,-1.6420184693133746,1.6963079876180556,6.994807475625517,400.7729468598996
88.38057684898376,-1.6388463147555505,1.6990202716211336,6.986375933345352,400.28985507246
88.44055843353271,-1.6351349710748202,1.7021291300109564,6.9745717741531195,399.61352657004454
88.48070001602173,-1.632039784292751,1.7046733812545443,6.9678265403289865,399.22705314009283
88.54052591323853,-1.6289317659954738,1.707201941688898,6.9644539234169205,399.033816425117
88.5809633731842,-1.6258152375248083,1.7097200056074526,6.961081306504854,398.8405797101411
88.64060425758362,-1.6228224700090417,1.7121255878060584,6.95939499804882,398.7439613526532
88.68066596984863,-1.6194279074373532,1.714830654977427,6.952649764224688,398.3574879227015
88.74061918258667,-1.6160151759163612,1.7175127636665661,6.945904530400555,397.9710144927498
88.78060984611511,-1.6125844307185488,1.7201717918428763,6.939159296576422,397.5845410627981
88.8405692577362,-1.6096701473562254,1.722407024284931,6.935786679664355,397.39130434782226
88.88058996200562,-1.6064827233309966,1.724834723543444,6.932414062752288,397.19806763284635
88.9405722618103,-1.6031518584405606,1.7273495571629378,6.927355137384189,396.9082125603826
88.98058581352234,-1.5994000238203347,1.730137780990646,6.91723728664799,396.32850241545503
89.04048371315002,-1.5961681183785212,1.7325059412093735,6.913864669735924,396.13526570047924
89.08058881759644,-1.5929242739985494,1.7348577212256409,6.907119435911791,395.74879227052753
89.14055037498474,-1.589802341979798,1.7370931235581022,6.902060510543691,395.4589371980638
89.18053197860718,-1.586396688985459,1.739505710703518,6.897001585175592,395.16908212559997
89.2405252456665,-1.5829748401253154,1.7418952712134057,6.8885700428954255,394.68599033816037
89.28056383132935,-1.5795329654538672,1.7442558956642913,6.88013850061526,394.20289855072076
89.34058403968811,-1.5762154481072372,1.7465025541299255,6.876765883703193,394.00966183574485
89.38058018684387,-1.573027112172857,1.7486421795848166,6.871706958335094,393.7198067632811
89.44054841995239,-1.5692674260719208,1.751128610608748,6.863275416054928,393.2367149758415
89.48057842254639,-1.5656289228286955,1.7534954096293172,6.856530182230795,392.8502415458898
89.54054999351501,-1.562113193500186,1.7557445642128728,6.848098639950629,392.3671497584501
89.58056950569153,-1.558868295911219,1.757797397073773,6.846412331494596,392.2705314009623
89.64062809944153,-1.5556164933711516,1.7598392744839246,6.841353406126497,391.9806763284985
89.68056154251099,-1.5520707427295437,1.7620407970115446,6.836294480758397,391.6908212560347
89.7405412197113,-1.5485139001698944,1.764224353756386,6.831235555390298,391.400966183571
89.7805986404419,-1.5447976581140581,1.7664671173277777,6.821117704654099,390.8212560386434
89.84050226211548,-1.5412080870987288,1.7685964432722918,6.816058779285999,390.53140096617966
89.88061714172363,-1.5374619281905757,1.7707888704408852,6.809313545461866,390.14492753622795
89.940514087677,-1.5344287460518111,1.7725469054588028,6.807627237005834,390.04830917874006
89.98054552078247,-1.5306642349784396,1.774707669174063,6.800882003181702,389.6618357487884
90.04055047035217,-1.5271759271195409,1.77667873586191,6.794136769357569,389.2753623188367
90.08065152168274,-1.5232348670570237,1.7788663428645421,6.785705227077402,388.79227053139704
90.14059710502625,-1.5195721575975951,1.7808672447781517,6.780646301709303,388.5024154589333
90.1805522441864,-1.5157507243154322,1.7829256643477973,6.77390106788517,388.1159420289816
90.2406370639801,-1.5119154935510484,1.7849582608248804,6.767155834061037,387.7294685990299
90.28060460090637,-1.507916851367972,1.787038751032994,6.7587242917808705,387.2463768115902
90.34060573577881,-1.504201495345323,1.7889401133543437,6.753665366412771,386.95652173912646
90.38059186935425,-1.500476568056565,1.790822655716561,6.7486064410446716,386.6666666666627
90.4406566619873,-1.497040917090459,1.7925372360024536,6.743547515676572,386.37681159419895
90.48053908348083,-1.4935995030523115,1.7942402194244846,6.741861207220539,386.280193236711
90.54059934616089,-1.4898526139591493,1.7960786620196219,6.736802281852439,385.99033816424725
90.58057165145874,-1.4857926731139326,1.798036839526306,6.728370739572274,385.50724637680764
90.64062738418579,-1.4823258106005044,1.7996873992588398,6.72668443111624,385.4106280193197
90.68051791191101,-1.4793099384636625,1.8011201262557046,6.72668443111624,385.4106280193197
90.74065494537354,-1.4753830453442773,1.8029694379881196,6.719939197292107,385.024154589368
90.78063011169434,-1.4715938018655124,1.8047189187427186,6.711507655011941,384.5410628019283
90.8406572341919,-1.4676392954743216,1.8065084222092567,6.704762421187809,384.15458937197667
90.88069772720337,-1.4639779228978067,1.8081356119530596,6.698017187363676,383.76811594202496
90.94063591957092,-1.460462564679934,1.8096801959480944,6.696330878907643,383.67149758453706
90.98060154914856,-1.4569420171746152,1.8112129152245657,6.691271953539544,383.3816425120733
91.04064393043518,-1.4535708393360587,1.8126704719358977,6.691271953539544,383.3816425120733
91.08084678649902,-1.4495780567535994,1.8143728616397943,6.681154102803345,382.8019323671458
91.14077830314636,-1.446037153127787,1.8158579490548585,6.679467794347312,382.7053140096579
91.18059515953064,-1.4424937502222148,1.817337063305503,6.677781485891279,382.60869565216996
91.24060988426208,-1.4386368249726778,1.8189317973496513,6.672722560523179,382.3188405797062
91.28059911727905,-1.43430363956025,1.8206850683818778,6.66260470978698,381.73913043477864
91.34056544303894,-1.4305769418528322,1.8221565029892994,6.655859475962847,381.35265700482694
91.38052463531494,-1.4274672426123929,1.8233722176052103,6.655859475962847,381.35265700482694
91.44053816795349,-1.4237331487469382,1.8248247803785067,6.65248685905078,381.1594202898511
91.48062252998352,-1.4204626121426656,1.8260875041532312,6.650800550594747,381.06280193236313
91.5405535697937,-1.4165615612480482,1.8275710306847377,6.642369008314581,380.5797101449235
91.58059215545654,-1.4124903333884296,1.8290762041530764,6.6322511575783825,379.999999999996
91.64061069488525,-1.408722990699281,1.8304402146621688,6.628878540666316,379.80676328502017
91.68053913116455,-1.4049487958203821,1.831785149092719,6.6221333068421835,379.42028985506846
91.74055743217468,-1.4010091426882068,1.8331628944429996,6.617074381474084,379.1304347826047
91.78060722351074,-1.3972193352995266,1.8344631850117175,6.610329147649951,378.743961352653
91.84055018424988,-1.3939003865390265,1.8355925477241897,6.6120154561059845,378.84057971014096
91.8805935382843,-1.3901040496011077,1.836873649382992,6.6052702222818525,378.4541062801893
91.94057703018188,-1.3861417246674188,1.8381847672922376,6.600211296913753,378.1642512077255
91.98062133789062,-1.3821728176176111,1.8394758234033564,6.5951523715456535,377.87439613526175
92.0405843257904,-1.3785154610338959,1.8406451077730601,6.590093446177554,377.584541062798
92.0806074142456,-1.3748541817097795,1.8418020506534472,6.5884071377215205,377.48792270531004
92.14065670967102,-1.3707076973190258,1.8430854487413222,6.578289286985322,376.9082125603825
92.18058323860168,-1.3671918884739447,1.8441477103620065,6.5749166700732555,376.7149758454067
92.24058675765991,-1.3631915977455449,1.8453379721568894,6.569857744705156,376.42512077294293
92.28062009811401,-1.359346535630143,1.846464423636137,6.56648512779309,376.2318840579671
92.34063053131104,-1.35581843291133,1.8474851110473631,6.563112510881023,376.0386473429912
92.38048601150513,-1.3518043711628729,1.8486280709467686,6.558053585512924,375.7487922705274
92.4406635761261,-1.3479444630325133,1.8497025498118784,6.551308351688791,375.3623188405757
92.4805474281311,-1.3440773951549903,1.8507509684482173,6.544563117864658,374.975845410624
92.540607213974,-1.339878644210093,1.851851392892446,6.534445267128459,374.3961352656965
92.58057880401611,-1.336318130478532,1.8527525330332073,6.527700033304326,374.0096618357448
92.640625,-1.3329158621740027,1.8535983766328985,6.526013724848292,373.91304347825684
92.68056297302246,-1.3288605004962009,1.854584830237629,6.517582182568127,373.42995169081723
92.74062728881836,-1.3252852977107255,1.8554258038571063,6.510836948743994,373.0434782608655
92.78059506416321,-1.3212169977336792,1.8563574606334128,6.505778023375894,372.7536231884018
92.84055805206299,-1.3176334692446332,1.857162218456688,6.502405406463828,372.560386473426
92.8805639743805,-1.3143744870053595,1.8578883218635305,6.502405406463828,372.560386473426
92.94057416915894,-1.3106259547127306,1.8587201804866105,6.500719098007795,372.463768115938
92.98057270050049,-1.306710818124508,1.859571709171946,6.493973864183662,372.0772946859863
93.0405662059784,-1.3027900268852055,1.8603968101743678,6.487228630359529,371.6908212560346
93.08052468299866,-1.2986994649272456,1.8612252737644983,6.4787970880793635,371.207729468595
93.14058423042297,-1.2947678997995016,1.8619974079838535,6.4754244711672975,371.01449275361915
93.18062329292297,-1.2903398392497867,1.8628399390410886,6.466992928887132,370.5314009661796
93.24062514305115,-1.2863994338438354,1.8635656117242858,6.463620311975066,370.33816425120375
93.28057980537415,-1.2824566034366969,1.8642779908276694,6.460247695063,370.14492753622795
93.34059524536133,-1.278675213123067,1.8649447519645526,6.4551887696949,369.85507246376415
93.3805603981018,-1.275221617673786,1.865547710904989,6.456875078150934,369.9516908212521
93.44055724143982,-1.2712740718349236,1.8662334786911061,6.453502461238868,369.75845410627625
93.48060154914856,-1.2676533886371402,1.866849891513181,6.450129844326802,369.56521739130045
93.54052376747131,-1.2633707688086795,1.8675567230769892,6.443384610502669,369.17874396134874
93.58058309555054,-1.2597450170597662,1.8681425864067651,6.443384610502669,369.17874396134874
93.64059519767761,-1.2557885793802306,1.8687750391673266,6.440011993590603,368.9855072463729
93.6806092262268,-1.2516645493912262,1.8694164639110604,6.434953068222503,368.69565217390914
93.74069547653198,-1.2480330556498844,1.869965613064317,6.431580451310437,368.50241545893334
93.7805871963501,-1.2444006410374429,1.870508637621081,6.431580451310437,368.50241545893334
93.84065651893616,-1.2402713495023154,1.8711152680439938,6.426521525942338,368.21256038646953
93.88069915771484,-1.2361390419220433,1.8717010010156647,6.421462600574238,367.9227053140058
93.9405951499939,-1.232003824053416,1.8722658215456227,6.416403675206139,367.63285024154203
93.98063731193542,-1.2278658017277047,1.8728097151786014,6.411344749838039,367.3429951690782
94.0406231880188,-1.2233928771278293,1.8733669622855174,6.402913207557874,366.8599033816387
94.08060336112976,-1.2197456555346378,1.8737994969501255,6.399540590645808,366.6666666666628
94.14058566093445,-1.2155990502568448,1.874273536739858,6.394481665277708,366.37681159419907
94.1806571483612,-1.211782015945766,1.8746903486707367,6.389422739909609,366.0869565217353
94.24057817459106,-1.207464401829753,1.8751360523838976,6.382677506085477,365.7004830917836
94.28062224388123,-1.2033103927156252,1.8755401035339065,6.377618580717377,365.41062801931986
94.34058618545532,-1.1989878183649496,1.8759348115748733,6.370873346893244,365.02415458936815
94.38058423995972,-1.1956617560853093,1.8762272172952077,6.370873346893244,365.02415458936815
94.44055485725403,-1.1921696508033093,1.8765371877947237,6.372559655349278,365.1207729468561
94.48066997528076,-1.187845134975742,1.87691002329711,6.365814421525145,364.7342995169044
94.54063367843628,-1.1836843460230324,1.8772369550072383,6.357382879244979,364.2512077294648
94.5808801651001,-1.179688205815895,1.8775272291040819,6.354010262332913,364.057971014489
94.64066743850708,-1.1758574327452214,1.8777892611606806,6.348951336964814,363.7681159420252
94.68060088157654,-1.1721921909519248,1.8780244508343407,6.345578720052748,363.5748792270494
94.74057507514954,-1.1686929943889548,1.8782400996804771,6.343892411596714,363.47826086956144
94.78061103820801,-1.1648601481758507,1.878469823480668,6.342206103140681,363.3816425120735
94.84061288833618,-1.161527071181702,1.8786667730793014,6.342206103140681,363.3816425120735
94.88059616088867,-1.157192831282039,1.8789008840506334,6.332088252404482,362.801932367146
94.9405083656311,-1.1535244423125235,1.8790804222200248,6.332088252404482,362.801932367146
94.98091673851013,-1.1495219256375504,1.8792627841484817,6.325343018580349,362.4154589371943
95.04060530662537,-1.145518537628672,1.8794248953965988,6.321970401668282,362.22222222221836
95.08057594299316,-1.1415143807432835,1.8795667518155175,6.315225167844149,361.83574879226666
95.14082384109497,-1.137843485915748,1.8796844070368222,6.315225167844149,361.83574879226666
95.18056273460388,-1.134005247784293,1.8797912300863855,6.306793625563984,361.35265700482705
95.24061918258667,-1.130166518360691,1.8798786344915777,6.30510731710795,361.25603864733915
95.28061437606812,-1.1268284298785227,1.8799518238251105,6.30510731710795,361.25603864733915
95.34061932563782,-1.1224886186408343,1.880032333923558,6.298362083283817,360.86956521738745
95.38055443763733,-1.1183152559261758,1.8800780800050387,6.289930541003652,360.38647342994784
95.44073748588562,-1.1143086383053207,1.8800983493574777,6.286557924091586,360.193236714972
95.48059821128845,-1.1099680865109733,1.880091029841345,6.276440073355387,359.6135265700445
95.54058146476746,-1.1057946525881084,1.880052321398407,6.271381147987287,359.32367149758073
95.58053183555603,-1.101621467892193,1.8799925004501081,6.266322222619188,359.0338164251169
95.64060401916504,-1.097615761713591,1.879904673249868,6.256204371882989,358.4541062801894
95.68052053451538,-1.0936109384287631,1.8797830752906333,6.249459138058857,358.06763285023777
95.74059057235718,-1.0897737374007987,1.8796438941544769,6.244400212690757,357.77777777777396
95.78061485290527,-1.0854370360411685,1.8794609603628758,6.237654978866624,357.39130434782226
95.84051537513733,-1.0812685857147804,1.8792534249959703,6.229223436586459,356.9082125603827
95.88052606582642,-1.0769351600302228,1.879004697653015,6.222478202762326,356.521739130431
95.94062066078186,-1.0732695268460832,1.8787756890390521,6.21910558585026,356.32850241545515
95.98055601119995,-1.0696046868662403,1.878534318974489,6.215732968938193,356.1352657004793
96.04091835021973,-1.065441289303905,1.8782424803375353,6.210674043570094,355.84541062801554
96.08050870895386,-1.0612799549596337,1.8779225654625131,6.202242501289929,355.36231884057594
96.1406135559082,-1.0569548165653768,1.8775570229543832,6.195497267465796,354.97584541062423
96.18060779571533,-1.0529641392078797,1.8771994060717319,6.19212465055373,354.78260869564843
96.2406849861145,-1.0484770798804535,1.8767705967825337,6.183693108273564,354.29951690820883
96.28059267997742,-1.0446573209304861,1.8763795409274167,6.178634182905465,354.0096618357451
