time_s,x_m,y_m,yaw_rad,yaw_deg
0.04947328567504883,0.0,0.0,0.0,0.0
0.08258223533630371,0.0,0.0,1.4374943567055376e-05,0.000823623597131006
0.14925432205200195,0.0002879452596284008,4.732326779159228e-09,0.0004661754615966768,0.02670988646205257
0.1825573444366455,0.0020689001659535064,2.216797623310425e-07,0.0004723729926721376,0.027064978836077648
0.24933624267578125,0.0038990764345835935,1.113813283466086e-06,-0.0010742987937777254,-0.06155278681945885
0.2825489044189453,0.00633351821550789,2.273608816766434e-07,0.0012691956364188212,0.07271955334321897
0.3492910861968994,0.009058955369724748,2.9824004297009056e-06,0.0061799491052126065,0.3540850013343319
0.3828392028808594,0.010641157404159154,1.2756578825619106e-05,0.008609031145199633,0.49326115031661677
0.44949984550476074,0.013043534862131617,3.3945540231452524e-05,0.011512544593942582,0.659620216689062
0.4825930595397949,0.015584836365455183,5.787058124539146e-05,0.013527691085614371,0.7750796057624503
0.5493388175964355,0.018547988594495666,9.80125606103899e-05,0.01621346105709256,0.9289628898711219
0.5826060771942139,0.020802992968291863,0.0001333126744673108,0.01828401285511251,1.0475967691608892
0.6493809223175049,0.024122845399458276,0.00019366643864598683,0.022432410211124867,1.285282429403627
0.6826226711273193,0.026647610766317126,0.00024812681559533063,0.02610088689509117,1.4954706606370436
0.7492935657501221,0.030204119704537232,0.0003413166069321325,0.032585011828752744,1.8669836531713966
0.7825617790222168,0.03271842017414081,0.00042213358974404406,0.03749559512808177,2.1483393511703768
0.849276065826416,0.03618708143470784,0.000556201296127505,0.044974636872527465,2.576856877929276
0.8825852870941162,0.038708541162877495,0.000668987937244014,0.050535808478065394,2.895488540074591
0.9493489265441895,0.0427581740533019,0.0008698696328088445,0.058512989858416034,3.352547365579027
0.9825992584228516,0.04541281348486528,0.0010258077638188134,0.06354513827365872,3.6408682316558787
1.0494294166564941,0.04938661056883442,0.0012804609570488215,0.07111469973439367,4.074572156120874
1.0825855731964111,0.05203732655540597,0.0014714540228694152,0.07666108701310305,4.392356738735971
1.1493451595306396,0.05588282077287775,0.0017722674933075594,0.08501774334753877,4.871157877540402
1.1828322410583496,0.05879492293939381,0.002016635677640424,0.09064310656248155,5.1934674479847684
1.2497320175170898,0.0628226012471449,0.0023873282861406383,0.09951071216827635,5.70154382358336
1.2825992107391357,0.06586474043728047,0.002685669353402346,0.10532464101201235,6.034657408718807
1.3493332862854004,0.07036351175938524,0.0031592398691286418,0.11410324331409916,6.53763427065221
1.38262939453125,0.07339305598795971,0.0035059413871791198,0.1200300813861439,6.877217078037828
1.4493587017059326,0.07750946526123954,0.004014177429773483,0.12880006061619165,7.379699874336954
1.4825663566589355,0.08041804329997322,0.00439324769365086,0.13498119238174588,7.73385263711746
1.549349308013916,0.084773926763356,0.004987596182656236,0.1442784614566981,8.26654691610972
1.5828607082366943,0.0882042276951335,0.005473962180138732,0.15003190773131836,8.596195105300728
1.6493816375732422,0.0924968918138195,0.0061356474994657545,0.15908721846365736,9.115026192443272
1.6826324462890625,0.09483122356054668,0.006531467630017307,0.16527378445821883,9.469490313610798
1.7493321895599365,0.09886487877350307,0.007213100753850532,0.17368264005204725,9.95128224967214
1.7826037406921387,0.10120344966862223,0.007638683138909508,0.1800826371689701,10.317975073367714
1.8493378162384033,0.10530502164586542,0.008384944723441805,0.1904497271959964,10.911965577748488
1.8825812339782715,0.10790972422227627,0.008891923189276228,0.19745689352578122,11.313446634791333
1.949342966079712,0.11186709889382182,0.009688132308381352,0.20772639349021693,11.901845640463248
1.982614278793335,0.11433050491119269,0.010215890141969008,0.21403088955767877,12.263066657085636
2.0493133068084717,0.11797112484862789,0.011018937992215762,0.22304331067786753,12.779440350467018
2.0826327800750732,0.12029606574569092,0.011555036037118617,0.22924952210794425,13.135030072176265
2.149582862854004,0.12400954360741269,0.012423766796265383,0.23843514344655195,13.661327407083796
2.1826460361480713,0.12659779766514806,0.013050875679615392,0.2445395602264684,14.011084724961849
2.249359130859375,0.13031604212933895,0.01398283395890474,0.2547393331813992,14.595488667271063
2.2825915813446045,0.13289355361090302,0.014652283699531572,0.2615379691534976,14.985021814918124
2.3495826721191406,0.136603763167188,0.01565059959135162,0.27123441160054007,15.540587043425163
2.3826210498809814,0.13930282391626064,0.016395074601580822,0.27818259746806495,15.938688768906783
2.449604034423828,0.142598654616771,0.017357992707907492,0.28812449754884595,16.508317683876307
2.482560396194458,0.1455529818334497,0.018213435003235117,0.2947212236540122,16.886282248306106
2.549614667892456,0.1491136144692591,0.019306940854723773,0.30501553597907455,17.476102897521685
2.582582950592041,0.1515244015662474,0.020069861618889746,0.31187529590261276,17.86913818961341
2.649569034576416,0.15502832862549534,0.021208481794919083,0.3217392667510844,18.434302088470908
2.6826531887054443,0.1575591734177229,0.02204802265281136,0.32844850679435167,18.818713226690296
2.749314785003662,0.16131932110961356,0.02332719622590066,0.3383296946039498,19.384863584756385
2.782602548599243,0.1637024065804922,0.024169986136728737,0.3440070081362752,19.710149689131143
2.8495466709136963,0.16758280664261002,0.0255537478492694,0.3519013105249434,20.162459898201874
2.8826167583465576,0.16969353586804758,0.026345977886754274,0.3577885840773361,20.499775825592966
2.949376106262207,0.17326731461466752,0.027684284584302714,0.3669653923932682,21.02556821149643
2.9826292991638184,0.1758818437657925,0.028680216654248462,0.3731827859705819,21.38179862304825
3.0495216846466064,0.1793455027094371,0.030047026930960525,0.38227533062519703,21.902763056791937
3.082597255706787,0.18206594934167467,0.03112640300783323,0.38813405973913545,22.238443508331027
3.1493024826049805,0.1857816355081466,0.032647967786622586,0.3964382688550426,22.71423964286657
3.1826412677764893,0.1883645022708928,0.03372552856015784,0.4026327156011043,23.069155297834453
3.2492852210998535,0.1920694550108679,0.03530699551277915,0.4116571028939676,23.58621460240701
3.2826406955718994,0.19463739450983597,0.03642541228598765,0.4170910841530615,23.897558794506278
3.3493447303771973,0.19859536926293134,0.03817277840913164,0.42448010041239487,24.32091824091962
3.382638692855835,0.20126868821214575,0.039377225745826354,0.4290851816025737,24.58476995743195
3.4494261741638184,0.20524498876531383,0.041195261933459876,0.43596933902345963,24.97920312315238
3.48262882232666,0.20773775418193946,0.04236156886578886,0.44141528573860717,25.29123288538347
3.549340009689331,0.21120813285916398,0.04402144690676041,0.45086464802829523,25.83264146367267
3.582587957382202,0.21310434274495693,0.04496475331590065,0.4580599479634753,26.244901782289244
3.6493332386016846,0.2166601902113485,0.04671362024781299,0.4689939907514394,26.871376287055043
3.682584524154663,0.21866765077871964,0.04774595103826433,0.4758514209137226,27.26427809365958
3.7492995262145996,0.22204160006700235,0.049483858030871325,0.48625348291344445,27.860272344477057
3.7825841903686523,0.22452762070867907,0.0507846886141991,0.49325898462339435,28.261658025828865
3.849264144897461,0.2277733026100373,0.052539305618031135,0.5028065448616021,28.80869293212509
3.8825807571411133,0.22999893791830017,0.05376434593787052,0.5090273047064371,29.16511621659859
3.949321985244751,0.23306324727539504,0.05548733462105855,0.5185409822442129,29.710209787161556
3.9826066493988037,0.23528062993788582,0.05674884598557099,0.5239721696760782,30.021393904751935
4.049437522888184,0.23880065577744347,0.05876823263400752,0.5307896217967998,30.412005138301794
4.083852529525757,0.2409842059675612,0.06005292061816272,0.5348420288244387,30.644190957854658
4.149269104003906,0.24414550702130672,0.06193381553690228,0.5416082644510443,31.031867702450214
4.182562351226807,0.24643981985051489,0.06330824967481359,0.54645594480463,31.309619327139163
4.249249696731567,0.24969823415774195,0.06529205385951328,0.5537979005425799,31.730282404295554
4.2828192710876465,0.25209168109428665,0.06676216738040769,0.558807221874726,32.017295374852374
4.349277019500732,0.25535394348036866,0.06880677973960317,0.5661712973243005,32.4392258181289
4.382595777511597,0.2571370542023854,0.06996043868857338,0.5710465027293915,32.71855451209998
4.449343919754028,0.26031619039474363,0.0720000666878535,0.5783010602293941,33.134210039085104
4.482609987258911,0.26209884903361164,0.07317900777563593,0.5831326308022242,33.41103864132788
4.549259901046753,0.2652176355177565,0.07522989699402746,0.5906623676551043,33.84246078384202
4.582574367523193,0.26732867854722614,0.07664113928922459,0.5957513576441187,34.134038432196874
4.649292707443237,0.2707905021045559,0.07896790375425611,0.6034310072871243,34.574049944880244
4.682552337646484,0.2731348654155298,0.08057603820757604,0.6085494255271997,34.86731370781935
4.7493016719818115,0.27666408628569067,0.08302433190493988,0.616300990951911,35.31144569127484
4.782562494277954,0.2787223647484307,0.08449300755302296,0.6214421308225382,35.60601130774821
4.849266767501831,0.28186796990373,0.08675298460064015,0.6291408761622912,36.04711692326207
4.882572889328003,0.2842533536664696,0.08847656993638758,0.6336128479605088,36.303342033401464
4.949328184127808,0.2875021857824832,0.09086733886487092,0.6399727096316687,36.66773526544595
4.9825708866119385,0.28986779382764916,0.09262048057501569,0.6450635694215551,36.95942004549929
5.049248456954956,0.2933400255802909,0.09522809288144271,0.6541983725942839,37.48280571397937
5.082581996917725,0.2954579891858517,0.09686037177010545,0.660695561774503,37.85506723270398
5.149305105209351,0.2984142802621567,0.09917682146473579,0.6693479711613559,38.35081377319003
5.182559013366699,0.3007306111153823,0.10099694880201354,0.6744782084909922,38.64475472007866
5.249268531799316,0.303655739115573,0.10335328023333777,0.6815999845111999,39.052802428674035
5.282677888870239,0.30593051063941207,0.10518571668557697,0.6867657058893228,39.348776461780986
5.3493077754974365,0.30917873295401477,0.10784633062280674,0.6946865298428757,39.80260624458569
5.382569074630737,0.31122327626251367,0.10955468236927136,0.6997320105879932,40.091690996895444
5.449264049530029,0.3140819856398971,0.11197718316964383,0.7070793619827991,40.51266322241738
5.4825780391693115,0.3160084292849572,0.11362817871995136,0.7118912683877796,40.788365150834736
5.549246549606323,0.3191302187091258,0.11631295094385,0.7195818594233222,41.229003559132465
5.5825817584991455,0.32113835829422305,0.11807317075249671,0.725193572327258,41.550531024367096
5.649240016937256,0.32414901739099206,0.120741807435975,0.7338376436136449,42.04579982688728
5.6826863288879395,0.32611896188298534,0.12251841758470572,0.7390539666911836,42.34467312380694
5.749258279800415,0.32952092346179124,0.12559343487049088,0.7463197632041427,42.76097259880037
5.782599687576294,0.331277921683589,0.12724036876128314,0.7513839887996618,43.05113135192574
5.8493852615356445,0.3343121396541534,0.1300711310832679,0.7588331252150485,43.47793542954461
5.882570505142212,0.3360402582859882,0.13172712102531892,0.7640881577192942,43.779026613241946
5.949331045150757,0.33903273028568065,0.13458736804025515,0.7724132877775616,44.256021429478174
5.982588291168213,0.3407448444457818,0.13627063016734894,0.7782998735005551,44.59329794714767
6.0492377281188965,0.34326225355026596,0.13876985467244796,0.7869645016890828,45.08974457340039
6.082575082778931,0.34495696165187323,0.14047489103060382,0.7926319541863478,45.414465682084554
6.149598836898804,0.3475067348816475,0.1430650175546419,0.8011581221595923,45.90297912237107
6.182587146759033,0.3489831267890143,0.14460493288163004,0.8066473165345786,46.21748679298474
6.2494378089904785,0.35135962306178403,0.14708802089865106,0.8142899029326265,46.65537473815697
6.282666444778442,0.3535036989626914,0.14931917545706694,0.8189190424265343,46.92060489393522
6.349395275115967,0.3560032433943193,0.1519997982265376,0.8261847443917385,47.336898951741325
6.382840633392334,0.35762896294514185,0.15376882395237615,0.8313247957597145,47.6314022016068
6.44934868812561,0.3598806445912581,0.15625478146233873,0.8391156771115758,48.07778682175562
6.48264217376709,0.36139264162670026,0.15794320078355273,0.844426953047992,48.382100516741666
6.549332618713379,0.3639667012749439,0.16082202373176363,0.8527472086065896,48.858816044719575
6.58261775970459,0.3658281197554767,0.16293222464112866,0.8586040309736487,49.194387247709884
6.64931321144104,0.36851238998010316,0.16602699668405155,0.8673978814230883,49.69823776413199
6.682616710662842,0.3700576010915626,0.16786196497476127,0.8730541154288094,50.02231610059819
6.749308109283447,0.372607973163618,0.17089733023809092,0.8810335313214465,50.47950295422591
6.782700300216675,0.37431920873168106,0.1729674103194636,0.885882317640371,50.75731794606105
6.849316596984863,0.3767346549936741,0.1759295512385721,0.8928114812952974,51.154329779043785
6.882563591003418,0.3783272195688512,0.1779102025193617,0.8972921296472448,51.411052019092615
6.94931435585022,0.380776548906605,0.18097451398921227,0.9034657185137935,51.764772605594814
6.982589960098267,0.38263250981299646,0.18331190919482238,0.9075902902358103,52.00109315756538
7.049522399902344,0.38510841453290606,0.18648331718523237,0.9133994933524976,52.333935978485805
7.082648515701294,0.38699688694234646,0.18890973688614726,0.9167315582467186,52.52484923398838
7.149496078491211,0.3893830747736946,0.19203818224806493,0.9216557593092557,52.806985172345584
7.18263840675354,0.3911579142629279,0.19436695800231363,0.9258162150972442,53.0453617298481
7.249281406402588,0.39332523949000087,0.19727548347217472,0.9323558967180889,53.42005788608178
7.282622337341309,0.39517212938102453,0.19974156252742656,0.9370343293269757,53.68811232930737
7.349301815032959,0.39747543729669027,0.20288818859121896,0.9446986290972094,54.127244359064846
7.382615089416504,0.3988733671981032,0.2048385232531044,0.9498903305803775,54.42470694254219
7.449317693710327,0.401450321733213,0.2084146795523186,0.9584347974107055,54.914268830109506
7.482585191726685,0.40314946025994297,0.21082312809270812,0.9638064898582654,55.22204413619699
7.549295902252197,0.40563276525653813,0.21439229335810556,0.9717787766853206,55.67882252445499
7.582583665847778,0.40729097296258615,0.21681736188318093,0.9773588124820366,55.99853502513874
7.649540424346924,0.4094069566168295,0.21998493588127943,0.9861481556580389,56.50212729381578
7.68263840675354,0.4108787458211885,0.22221258721574164,0.9912982465088063,56.797205763673695
7.7494871616363525,0.4132457074670001,0.22581508157693825,0.9979978211762925,57.18106311665342
7.782579183578491,0.4149223915850261,0.22839779820532347,1.0024541632326094,57.436392708547025
7.849361419677734,0.41703536576404154,0.23172895056911863,1.0098830977845004,57.86203930464929
7.882863998413086,0.4183759558667469,0.2338781394039382,1.0149669044015828,58.15331996766879
7.949383497238159,0.42057708596258375,0.23741512689076466,1.022123041061643,58.56333639590909
7.982599973678589,0.42196416000685516,0.23968924109695774,1.0268132597205128,58.832066130055836
8.049580335617065,0.42404714398058313,0.2431359708879732,1.0341961746822699,59.2550759978685
8.082612991333008,0.42541206342695487,0.24543350989440216,1.0390126663878572,59.531040644658425
8.14951467514038,0.4273712916565677,0.2487744235455197,1.0468262892308393,59.97872825626831
8.182590246200562,0.428635811952561,0.2509697502134053,1.051886860947924,60.26867765758053
8.249369144439697,0.43076341910310695,0.25467267486865497,1.059068626641938,60.68016252129939
8.282640218734741,0.4321399369097819,0.25711780446640614,1.064017858287693,60.96373260643372
8.349419355392456,0.43409730932357193,0.26064850685234553,1.0712967115916463,61.38078018044511
8.382821321487427,0.4355123298024986,0.2632271144650184,1.0757631494239517,61.63668821769377
8.449270248413086,0.4374354721157171,0.26679834707930045,1.0831178828284367,62.058083401214645
8.482659101486206,0.43875228046617354,0.26927769856493056,1.0883183860201457,62.356050285443885
8.549491167068481,0.44069599508751134,0.27298746892025905,1.0966394649053663,62.83281298656245
8.582598686218262,0.44197722825356356,0.2754825388751245,1.102856491020515,63.18902234408308
8.649272203445435,0.44380355969443597,0.2791051324571241,1.1115413947397172,63.686630672670844
8.68259048461914,0.4449186160581079,0.2813785879913004,1.1166838225060518,63.9812700801327
8.749333381652832,0.4465452386275599,0.2847335457541069,1.1248036479737609,64.44650180981527
8.782606840133667,0.44776395914990424,0.287264927319276,1.1296675804591798,64.72518461306635
8.849302053451538,0.44940616312226384,0.2907544339243823,1.1374094723516681,65.16876234395248
8.88262152671814,0.4502844444870461,0.29269312747633525,1.1438090844093978,65.53543310538141
8.949355125427246,0.45166054119907556,0.29574553365247624,1.1533089323021184,66.07973429565057
8.98265290260315,0.45275889489399324,0.29819182455774734,1.1591620422067246,66.41509279021072
9.049375772476196,0.4542089160292853,0.3015167538433877,1.1677058570864105,66.90461732375779
9.082587003707886,0.455094626589536,0.3036083850134997,1.173550703199969,67.23950233796813
9.149370908737183,0.45666719509938136,0.3073148111709338,1.1823791052399484,67.74533251470365
9.182633399963379,0.4575796374332893,0.3095543387449448,1.18816746645855,68.07698118282671
9.249336957931519,0.45892943842942496,0.3129145985748993,1.1961728761290997,68.53565737022244
9.282563209533691,0.45991815753047804,0.3154057789289819,1.2012749854257114,68.82798669953274
9.349456071853638,0.4612343125906229,0.31881461388789256,1.2085817589269432,69.24663398301135
9.382610082626343,0.4620320026868288,0.32093978575409304,1.2132183962802674,69.51229373448953
9.449959516525269,0.4633500663259504,0.32445434462368183,1.2199210268518925,69.89632617787902
9.482620239257812,0.46402122640060867,0.326332580085696,1.2247966987032957,70.17568159725515
9.549378871917725,0.4653936164540653,0.33008780631944573,1.232139389771274,70.59638680571872
9.582582712173462,0.4664393408259461,0.3329931050701439,1.2371078334120866,70.88105765708589
9.649353981018066,0.467799850218294,0.33690147660996383,1.2447613963065036,71.31957450917392
9.682630777359009,0.4686538600400729,0.3394312424504428,1.2499098647590257,71.61456002245968
9.749382972717285,0.46982105777672534,0.3429752186279445,1.25790057904769,72.07239422649504
9.782686948776245,0.4707380278206632,0.34577133030139096,1.2633764391947464,72.38613790212524
9.849374532699585,0.47180893681173736,0.34919562055504505,1.271988389146733,72.87956628775197
9.882747888565063,0.4725576042500688,0.35162917226918583,1.2776875221071624,73.20610255326848
9.949336767196655,0.4737953860544482,0.3556819985152422,1.285861656529132,73.67444595681995
9.98263931274414,0.47458854183072935,0.35837496287456094,1.291342625696008,73.98848235772327
10.04933476448059,0.4757409559083401,0.3623798572027055,1.3001532261611386,74.49329257935125
10.082625389099121,0.4763687639353923,0.36469057514645425,1.3056845817781495,74.81021591119196
10.149373292922974,0.47737453762142895,0.36841039160194833,1.3136422670459433,75.26615769172997
10.182631492614746,0.4780954355555905,0.37112494682617136,1.3192544880441064,75.58771426861942
10.249371528625488,0.4792140882939713,0.37541818250457626,1.328118512849601,76.09558547947353
10.282654285430908,0.47995293195113364,0.3783615567092007,1.3333370243856963,76.39458416583213
10.349349975585938,0.4809568065465675,0.38252298521480776,1.34108384266192,76.83844415771456
10.38263988494873,0.4816274692723641,0.38538098973049506,1.345854981346091,77.11181026778915
10.449310541152954,0.4825700719160667,0.38951549366781624,1.3530813738734289,77.52585206071049
10.48276662826538,0.4832078171471869,0.39238960564978387,1.3579345324198713,77.80391756272948
10.549320220947266,0.48409960761470117,0.3965302726102433,1.3655785300575636,78.24188636597722
10.582648992538452,0.48466829313527177,0.3992753369290203,1.37006579684381,78.49898781437837
10.649322748184204,0.4854086393870781,0.4029954350312007,1.3773467924705367,78.91615813444302
10.68263053894043,0.4857671396956148,0.4049529780660307,1.3827146480637733,79.22371360497118
10.74933648109436,0.4865087979018947,0.4088147542570491,1.3901744176915836,79.65112692078458
10.78261947631836,0.4869938431094842,0.4114471142696377,1.3950201960359072,79.92876956837021
10.849380731582642,0.48775039625996974,0.41563564635345013,1.4025811711630833,80.3619815321608
10.882965803146362,0.4881413118546964,0.4180001959720217,1.4076731672885459,80.65373141944677
10.949318885803223,0.4887618973982455,0.42178694493253843,1.41590187185482,81.1252014619543
10.98264479637146,0.4892288936438826,0.4246950436354738,1.4217545896585913,81.46053749079148
11.0492844581604,0.48982427376821014,0.4286656416220877,1.4303720176824628,81.95427974681708
11.082646131515503,0.4901980265869965,0.4313126520178592,1.436023737890902,82.27809946174943
11.149351596832275,0.4906880904086537,0.43500301706970357,1.4442002535408331,82.74657929961316
11.182657241821289,0.4910508605536791,0.4377920075891883,1.4499756589229165,83.07748565298368
11.249314546585083,0.49155618965402775,0.4419085410989234,1.458958040790235,83.59213822395587
11.282606363296509,0.4918733263639987,0.4446966677751034,1.4645649338305933,83.91338953134968
11.349376201629639,0.49231820681554095,0.448843560540667,1.4720956926599829,84.34487022880458
11.38258409500122,0.4925226023361267,0.45109293574520554,1.476813034079183,84.615153982647
11.449446439743042,0.4928962634246843,0.4550326288848132,1.4841011862973736,85.03273434519824
11.482590675354004,0.49308177781803764,0.4573145051698253,1.4888349676925765,85.30396004028091
11.549305200576782,0.49339363151175997,0.46109943617430765,1.4956698072713792,85.69556750179528
11.582547903060913,0.49359981247977264,0.46376707164529457,1.499977314122906,85.94236946461145
11.649287939071655,0.49392805973419324,0.46814923528959174,1.5063200148096607,86.30577944467721
11.682616949081421,0.49408497945459184,0.4706767136097658,1.5103778008332833,86.53827345799797
11.749287128448486,0.4943528925748321,0.47496099551083304,1.5159673125684492,86.85852888996182
11.782619714736938,0.49446084492561176,0.4772226285108271,1.5201487194788184,87.09810585835281
11.849333047866821,0.494652475743483,0.48105191660843266,1.5273457191059965,87.51046356214734
11.882544994354248,0.4947819168596733,0.48386008988588175,1.5324201839248508,87.80120897955531
11.949349880218506,0.4949554298649132,0.48813292390934265,1.539732394847145,88.22016780431224
11.982644081115723,0.4950445147496759,0.4909439950158888,1.5448127307106638,88.5112496078008
12.049538612365723,0.4951461537428189,0.4949927658802758,1.553113032515285,88.98682186989043
12.08292531967163,0.4951835488321725,0.49750066674340476,1.5591328264874489,89.3317306580337
12.14936113357544,0.49523064773002556,0.501531669438659,1.5679582558112592,89.83739051067904
12.182619571685791,0.4952376270037807,0.5042026652092892,1.5736302029545,90.16236914360802
12.249485492706299,0.4952261196166528,0.5082107268068656,1.5831594090090084,90.70835243264186
12.282678365707397,0.49518623838996734,0.5106100001522199,1.589658408374152,91.0807176673228
12.349342584609985,0.49511005230954586,0.5142937671882668,1.599452965924239,91.64190447714077
12.382596969604492,0.4950366198742147,0.5166951853662625,1.6054271465576964,91.98419981348667
12.449272155761719,0.4949080354421096,0.5209111093143882,1.6141011766908875,92.48118513148782
12.482732772827148,0.494796413828719,0.5231720710861136,1.6195928267238537,92.79583350093966
12.549564123153687,0.4946099949914693,0.5271114569016403,1.6272416330732453,93.23407782307267
12.582643270492554,0.4944598355084497,0.5300149071316691,1.6321162455413676,93.51337254425793
12.649374008178711,0.49422308945980253,0.5336279127872956,1.639676039240543,93.94651681721027
12.683016538619995,0.49405279116901823,0.5360232071095993,1.6445854935715376,94.22780783008848
12.749304056167603,0.4937570075644864,0.5402378577440462,1.6519003540676982,94.64691846424546
12.782580852508545,0.4935348681624222,0.5430375960611399,1.657270890400417,94.95462752983191
12.849284172058105,0.4932034158303721,0.5467447013548181,1.6661246108353156,95.46190834374033
12.882568836212158,0.49296701697063644,0.549139629730772,1.6719253313036306,95.79426514470994
12.949426412582397,0.4925832311282319,0.5529244032232261,1.6810987414039609,96.31986282720153
12.982641458511353,0.4923040243729717,0.5554468999009111,1.6868859665560345,96.65144640350731
13.049317121505737,0.4918400591487263,0.5595138558881936,1.6955611275293325,97.1484965138739
13.08258056640625,0.4915334139497849,0.5618915087461386,1.7015134363439817,97.4895386873118
13.149413347244263,0.4910490883397487,0.5655319010117666,1.7110555680877422,98.03626256378709
13.18262791633606,0.4906400652149176,0.5685887580354408,1.717538521565422,98.40770843683781
13.249356985092163,0.49002141062765825,0.5728441279143286,1.7267755605793136,98.93695178753148
13.282619953155518,0.489649754635906,0.5750818039309271,1.7327172420660437,99.27738505993213
13.349560737609863,0.489011728336156,0.5790018773786879,1.7414966995308312,99.78041091907907
13.382572412490845,0.4885949052323487,0.581366452643525,1.7474663554018628,100.12244700563468
13.44927167892456,0.48792375818268036,0.5851216632007109,1.7566549977184465,100.64891742983023
13.482578754425049,0.4874141366515104,0.5878883553571361,1.7620824123987464,100.95988538467877
13.549307346343994,0.4867469229098982,0.5912338377606586,1.7692367926237675,101.36980117660434
13.582598209381104,0.4861606008169411,0.5942651241300213,1.7741853597967019,101.65333319025046
13.649268865585327,0.48535398169845767,0.5981808580136876,1.781599726361165,102.07814510215711
13.68279218673706,0.48484275119601816,0.6005248454056691,1.786086051160514,102.33519257868468
13.749322175979614,0.484058578902799,0.6040815095664056,1.792865867958568,102.72364746708509
13.78259563446045,0.4835170039542616,0.6064611184567184,1.7975060741044455,102.98951169531452
13.849364042282104,0.4826681764877329,0.6101495490251775,1.8046034783996472,103.39616300692761
13.882609367370605,0.48208075863460703,0.6126230560034643,1.8093307512788224,103.667015791511
13.949340581893921,0.4811854253820674,0.616309256075985,1.8161239372690945,104.05623667820099
13.98258924484253,0.4805695121608051,0.6187724783186618,1.8209965923801787,104.33541925108896
14.049355506896973,0.4795985601694254,0.6225921833779983,1.8286709812933974,104.7751293461584
14.082578897476196,0.4789491352855843,0.6250504009201637,1.8343141758773605,105.09846057879055
14.149323463439941,0.4780875221654375,0.6281684591778598,1.8428906511296368,105.58985641384439
14.18265438079834,0.4774094537793349,0.6306214918201212,1.848827852743856,105.9300330084574
14.249427556991577,0.47648553852825687,0.6338213024977156,1.857589386948533,106.4320319404449
14.282610416412354,0.47580758035276804,0.636131546343462,1.8633841357614331,106.76404659076253
14.349339962005615,0.4747763287345531,0.6395639563493836,1.8718300841234115,107.24796378588933
14.382615327835083,0.47406471841305303,0.6418619499837639,1.8774148436407998,107.56794693583119
14.449341773986816,0.47286520329533605,0.6457052398694508,1.8861329420456965,108.0674571798115
14.482569694519043,0.47196689838183187,0.6485125332376318,1.891619032786341,108.38178702527622
14.549278259277344,0.47070955545204224,0.6523002183267554,1.899033949200325,108.80663044123979
14.582557916641235,0.4699657802386834,0.6544404085358455,1.9036996167661684,109.0739535013737
14.649336814880371,0.468596262679091,0.6584455424076311,1.9107270270445629,109.47659445123256
14.682561874389648,0.46778755270215616,0.6607040364567217,1.9155010331719382,109.75012485370075
14.749316215515137,0.466359859796965,0.6647172398780113,1.9224813396585283,110.15006695509017
14.782567501068115,0.46552582276596316,0.666959280320977,1.9270391352423255,110.4112094059251
14.849298477172852,0.46413915495926295,0.6706912841104469,1.93412888755324,110.81742229113364
14.882542610168457,0.4631025160437693,0.6734475527221445,1.9388094500084276,111.08559876556328
14.949304580688477,0.4616032851331805,0.6773416828029457,1.945970169913075,111.49587779437489
14.982551097869873,0.4605319523064137,0.6800791737624655,1.9512209778417358,111.79672692772098
15.049306869506836,0.45891876076577653,0.6841241038609153,1.9585739905298913,112.21802352145843
15.082545280456543,0.45785739257764907,0.6867166265835275,1.963328637544896,112.49044472849268
15.149308919906616,0.45624212692568106,0.6906146824336377,1.970166165442328,112.88220621931849
15.182812929153442,0.45515057091821143,0.6931971258058104,1.9739344329231026,113.09811204204327
15.249247789382935,0.45349456792696785,0.6970768208995811,1.979883278626109,113.43895579380008
15.282621383666992,0.4524305871700905,0.6995176749660328,1.9838821676524079,113.66807525774819
15.349287033081055,0.4508533506948453,0.7030957631049649,1.989921940790331,114.01412876776766
15.38254690170288,0.44986911951335584,0.7052815111139469,1.9939083667026853,114.24253414788716
15.44936490058899,0.448456120239242,0.7083821612506795,1.9995791194343004,114.56744434607099
15.482652187347412,0.44734985006264444,0.7108173223469612,2.0041460913563593,114.82911256235971
15.54928207397461,0.44564050223244056,0.7145327604261945,2.0123116039926128,115.29696197397777
15.582687616348267,0.4444458719257307,0.717075860396273,2.0179637134552673,115.62080399153383
15.649482727050781,0.4427141926741089,0.7206869334867065,2.0257644681157174,116.06775431059464
15.682663917541504,0.44154061547172385,0.7230855924945816,2.0308492840553933,116.35909280353891
15.749472618103027,0.43987882495140074,0.7264188788895793,2.0385589039073286,116.80082148270508
15.78261685371399,0.438619920154135,0.7289277649933702,2.0434553925076218,117.08136961393579
15.849469661712646,0.4367405075346237,0.7326143538011094,2.050982366361284,117.51263344825595
15.882608652114868,0.4357391320292875,0.7344948003257565,2.056322913454645,117.8186242569964
15.949510335922241,0.4337782229653025,0.738241424239937,2.064210153882265,118.27052984550397
15.982593536376953,0.4325737708814667,0.7404717989319585,2.0694583554469177,118.57122964519255
16.049455165863037,0.4309276316575729,0.7434594431617675,2.077550900171922,119.03489830345615
16.082677125930786,0.42969444155264325,0.7456864535773307,2.083059054987135,119.3504923272725
16.14931583404541,0.42784281290943027,0.7489830614208616,2.0915853269744624,119.839011727127
16.182593822479248,0.4264529859569751,0.7514283088006898,2.097581286015466,120.1825548743098
16.249236345291138,0.4245244435824039,0.7547404833968013,2.1065435381649515,120.69605409740738
16.282614707946777,0.4231641332849762,0.7570396704583692,2.1121438113803683,121.01692611677092
16.349456071853638,0.421187971954925,0.7603220195673885,2.1196462305037245,121.44678306867746
16.38258981704712,0.41979375653987683,0.7626079301234501,2.124582705707795,121.7296222635417
16.449498653411865,0.41777500812036733,0.7658679203920532,2.132401810931299,122.17762399241718
16.482773780822754,0.4162833277034066,0.7682533993611489,2.1377880811823275,122.48623454511797
16.549387454986572,0.4140653153031547,0.7717467329524361,2.145969532162623,122.95499715658207
16.58252477645874,0.4124719839860015,0.7742196766293173,2.1515921517094934,123.2771495264255
16.64938735961914,0.41024737662641725,0.7776028553514053,2.1598362213577924,123.74949992328494
16.68264365196228,0.4086189320943464,0.7800523088876399,2.1644837479114174,124.01578357998264
16.74943232536316,0.40641694224425756,0.7832979488389915,2.171344328099409,124.40886586976562
16.782574892044067,0.4046160479578851,0.7859564567280914,2.175642418924538,124.65512833400942
16.84934973716736,0.4022851204665737,0.7893153604637085,2.18280110133863,125.06529062321141
16.88259220123291,0.4008234165384079,0.7913814348512658,2.187876805260021,125.35610703596511
16.949506282806396,0.3984106080414664,0.7947863520562292,2.195157100635685,125.77323723459928
16.982601404190063,0.3968478958079308,0.7969497902678625,2.200071055110588,126.05478608673064
17.049359798431396,0.39439244082931935,0.800326499284509,2.207877774281991,126.50207814709589
17.082570791244507,0.39282734783143225,0.8024366046226314,2.2129838214976343,126.79463310254678
17.149377822875977,0.3906334689346418,0.8053431237253045,2.2202868226662766,127.2130642472891
17.18264102935791,0.3889399172459078,0.8075858504365475,2.225057055051185,127.48637843024098
17.24936556816101,0.38642083930040144,0.8108787046615518,2.232614719964831,127.919400732767
17.282562732696533,0.3847015931275298,0.8130915468635495,2.237977460483003,128.22666313108206
17.34963846206665,0.38203442505717217,0.816488806323391,2.2459121529687587,128.68128752225002
17.382614612579346,0.38027933329667485,0.8186807475178195,2.251489386805185,129.0008394824348
17.449350118637085,0.3780691462396064,0.8213724140988465,2.260134655932515,129.49617691618556
17.48255467414856,0.3762869985333437,0.8235468112448163,2.26602155686859,129.8334714942343
17.54951572418213,0.3739014012345719,0.8263927322608043,2.2748807202010792,130.34106416320296
17.582571268081665,0.37234321802944803,0.828218076072915,2.2804803318266154,130.66189827625857
17.649339199066162,0.36950693501021703,0.8315511971686512,2.28866643553155,131.13092746920773
17.682610511779785,0.36757887868171807,0.8337728573258939,2.293938982995335,131.43302218616503
17.749154567718506,0.3648042365625009,0.8369175396575783,2.3014983497229875,131.86614199545113
17.78253984451294,0.36337210974658407,0.8384808686755985,2.3068212115519384,132.1711195131813
17.849313735961914,0.36070757505611695,0.8414270780513571,2.3140319340488316,132.5842634794933
17.882538080215454,0.3590771598354172,0.8431902173562728,2.3187710086741213,132.85579245431995
17.949352741241455,0.356107803772134,0.8464173308474011,2.326101951123088,133.27582451649903
17.98282265663147,0.35445566269802936,0.8481561343764604,2.3313595670648524,133.57706372026283
18.049302101135254,0.3515183943525751,0.8512588924868821,2.339256044282753,134.02949853786976
18.082553386688232,0.34993793579204296,0.8528712683160927,2.3444580479455666,134.32755139276057
18.149242162704468,0.34706769426143685,0.8558204455931268,2.351597957863446,134.73663809715865
18.182525396347046,0.3449096747759081,0.8580192447825392,2.3567844349221514,135.0338013431639
18.24925470352173,0.34185981200895377,0.8610729093072076,2.3642280912747737,135.46029143631492
18.28252077102661,0.3399375708089402,0.8629562800838702,2.3691866449954024,135.74439563699582
18.349243640899658,0.3369319354856055,0.8658848794423459,2.37672345902986,136.17622327214522
18.38243579864502,0.3348117457844228,0.8679266435028651,2.382300750212711,136.4957785180381
18.449259996414185,0.3320547701774587,0.870522333160075,2.3900231608339166,136.93824005430017
18.48256778717041,0.33048747717389504,0.8719596900663267,2.394480467379435,137.1936249073544
18.549232959747314,0.3282100026729908,0.8740383525380093,2.401041543435563,137.56954687443488
18.582544326782227,0.32623742888420526,0.8758583101734746,2.4056020470810213,137.83084448577367
18.649234533309937,0.32355921941775223,0.8782838374572332,2.412990980509829,138.25419918634748
18.68251895904541,0.321762840790607,0.8798872486756738,2.418098367642251,138.5468309133747
18.74932885169983,0.31897767727474763,0.8823534884380103,2.4257429827980386,138.98483509780306
18.782543659210205,0.31723709286384205,0.883859848759537,2.4315771302610156,139.3191071244886
18.84931230545044,0.31419039393189974,0.8864986768113875,2.4399533878582154,139.79903133292254
18.88286328315735,0.31194554770197497,0.8884158399391624,2.444916588021457,140.08340175515494
18.949591636657715,0.3086694836757512,0.8911696078188667,2.452349808771537,140.5092939323236
18.98254919052124,0.307015818447346,0.892504921344024,2.4579276365981255,140.82887992563772
19.04928994178772,0.3041680735840001,0.8948182346847499,2.465975025946737,141.2899613714117
19.08255672454834,0.3021855581642253,0.8964085147306114,2.471604154192296,141.6124866622201
19.14927363395691,0.2987740238665577,0.8991367907477364,2.480436513584786,142.1185435785525
19.182575464248657,0.29687355239927615,0.900601231004114,2.486805417483041,142.48345489204695
19.249558687210083,0.2933750352351771,0.9033091296597218,2.4974014850896666,143.0905648453419
19.282568216323853,0.29146216332364616,0.904728725552856,2.5041102865440474,143.47495085426914
19.34943914413452,0.28847613646193415,0.9069282491934695,2.513827771836804,144.03172174902454
19.382700204849243,0.28613003911800605,0.9086489303358573,2.5202853999801857,144.4017165873052
19.44955277442932,0.283063284606821,0.9108310108289686,2.5299588227010816,144.9559628826585
19.48261857032776,0.2814178920820687,0.9119557003624236,2.536349202604866,145.3221046806306
19.549503087997437,0.27776082639625577,0.9145246487212255,2.5467281758181,145.91677604142822
19.582619428634644,0.2756562692354336,0.9159422518397872,2.553507452258169,146.30519996959663
19.649396896362305,0.2724579383997895,0.9180706428083587,2.5635681626746947,146.88163621536685
19.682687282562256,0.2701102714096084,0.9196123037632717,2.570104197811579,147.25612344345953
19.749500513076782,0.266861167901121,0.9216958013994541,2.5799723234788545,147.82152539589916
19.782671213150024,0.26460170949702144,0.9231198016289929,2.5863447503710266,148.18663856207627
19.849486112594604,0.2610910388317942,0.9253059813785847,2.595853433893492,148.73144599663914
19.88293170928955,0.25868029877417004,0.9267753039411082,2.601712621424888,149.06715271356381
19.949440479278564,0.25547595148102475,0.9286796137551379,2.610800315905316,149.58783925279667
19.982685089111328,0.25317454809550194,0.9300326928735245,2.6177352488701,149.98518164288492
20.049346923828125,0.24996224205976425,0.9318777904398957,2.627766744235356,150.55994398951913
20.08272361755371,0.24751863037617233,0.9332683883297372,2.6339068522321676,150.91174626349098
20.14936327934265,0.24415479229160997,0.9351355848267396,2.6432142390742777,151.44502024783947
20.182634353637695,0.24192590236062822,0.9363451675488113,2.6488913447095555,151.77029444059085
20.249682188034058,0.2386759628566266,0.9380817988769521,2.6579841736501355,152.29127516272047
20.282716512680054,0.23654671317487772,0.9391948009771035,2.663925480041376,152.63168694373266
20.349408864974976,0.23281223828488729,0.9411486229843663,2.672644813886642,153.13126797323199
20.382603645324707,0.23042448959920364,0.9423601970654666,2.6785673870436137,153.47060641898392
20.44957208633423,0.22672668828088943,0.9442138063019739,2.6870733963290676,153.95796485153951
20.482606410980225,0.22457086419446698,0.9452541786623762,2.691984581284283,154.23935502188152
20.549299478530884,0.2210195520576005,0.9469701740349757,2.69970733034391,154.68183594923678
20.58266019821167,0.2188122313390617,0.9480049785669277,2.705814522019486,155.0317522569247
20.64935302734375,0.21561016488951928,0.9494839755151505,2.714324340677781,155.5193289504667
20.682670831680298,0.213297121060202,0.9505404502040052,2.71956896102636,155.8198235615887
20.74958324432373,0.20984625833199255,0.9520921269822009,2.7277433948729874,156.28818412090934
20.78261685371399,0.20788932479408176,0.9529365068081368,2.733647024676903,156.62643719248135
20.849373817443848,0.20432632830090403,0.9544890782595178,2.7421857840008843,157.11567206402344
20.882880687713623,0.20186090412405794,0.9555381264000131,2.747306149030591,157.40904736979203
20.949398279190063,0.19835173129175068,0.9569987056589465,2.7549821631542026,157.8488505825578
20.982581853866577,0.19674575915807807,0.957619978219911,2.75960281659705,158.11359452342555
21.049235105514526,0.19357470468944257,0.9588934048693635,2.766461582609814,158.50657286862466
21.082513570785522,0.19121065048353525,0.9598350825833898,2.771419565424751,158.79064435881895
21.149317502975464,0.18799994626530242,0.961078261901304,2.778548109732379,159.19907986171805
21.182617902755737,0.18573682280083165,0.9619415148786299,2.783257156878379,159.46888838871197
21.24940061569214,0.1822615164534054,0.9632506049761748,2.7904725898240774,159.88230224386015
21.282630681991577,0.17949829060756958,0.964283246712422,2.79596046443976,160.19673429783575
21.3493812084198,0.17604044256298257,0.9655223124116689,2.804569956856169,160.69002187704587
21.382615089416504,0.17351716393409555,0.9664127892530191,2.8101478523381487,161.00961174672838
21.449355840682983,0.17004430902345652,0.9676019778073581,2.818253201562863,161.47401404878417
21.482621908187866,0.16750867130881783,0.9684583910234099,2.823034652905702,161.747971030676
21.549336910247803,0.1636163326618821,0.9697513286963749,2.829650722116116,162.12704387339915
21.582664251327515,0.161073607346007,0.9705723833753125,2.834467003038698,162.40299644321246
21.64973521232605,0.15753766822815984,0.9716846814348625,2.8415956652125858,162.81143869935082
21.68275022506714,0.15510967072424925,0.9724345392317649,2.845976512992927,163.06244278785363
21.74939799308777,0.15159322740491948,0.9735001832572387,2.8518122840444566,163.3968078393109
21.782849073410034,0.14916510338635952,0.9742247623762178,2.855125048049102,163.58661523529992
21.849357843399048,0.14511117137341717,0.9754328723681132,2.86160969260434,163.95815799995756
21.882680654525757,0.14254082837318593,0.9761727825863562,2.866604451406469,164.24433659900535
21.949392557144165,0.13869491208005696,0.9772579414399473,2.873367959420172,164.63185706289346
21.982598781585693,0.1358598844379764,0.9780465743549666,2.8780155987061575,164.8981471786796
22.04943346977234,0.13209401179686792,0.9790551210711855,2.884775105192548,165.2854383719411
22.08264183998108,0.12925250265297267,0.9798098547829465,2.8894402960118293,165.5527341165091
22.149394035339355,0.12547222968906352,0.9807754709934253,2.8968725038006036,165.97856825527012
22.18259358406067,0.1227516997695211,0.9814588229917308,2.9019746220412057,166.27089809703332
22.249393701553345,0.11855742390795494,0.9824901772880366,2.909432182812545,166.69818485469338
22.282582998275757,0.11622956538324783,0.9830267345276557,2.9147527261738593,167.00302953401305
22.34943723678589,0.11218135132410889,0.9839655674854648,2.9215053117560275,167.38992418867218
22.382617473602295,0.1094463349459323,0.9845798562862987,2.925713094826938,167.63101239974193
22.44937014579773,0.1052218109438953,0.9855122882578999,2.9327537814041844,168.0344140254926
22.483256340026855,0.10247822098484649,0.9860932761100998,2.937712945429697,168.31855319406756
22.54949188232422,0.09807860174942981,0.9870113001424061,2.9450062881957098,168.73643095310237
22.58262038230896,0.09559651836200131,0.9874925898215435,2.9502114747785098,169.03466617587492
22.64939856529236,0.09147259134053527,0.9882917222425137,2.9582267862310663,169.49390969358927
22.682631969451904,0.08898526555752856,0.9887438503337459,2.963154812033411,169.7762647733952
22.749383687973022,0.08487867519399664,0.989486960587214,2.9699329205051863,170.1646217819098
22.78261399269104,0.08291877348558918,0.9898009294326853,2.9747256631563155,170.43922570811185
22.849352836608887,0.0787464193250733,0.9905176278863828,2.9819067928852045,170.8506741337131
22.882607221603394,0.07637578625759972,0.9908908294605973,2.987373463221085,171.16389127194842
22.949387550354004,0.07217502772750232,0.9915561987678436,2.9954753080027126,171.6280927842058
22.982602834701538,0.0695334115796098,0.9919439375714917,3.001231794204798,171.95791514841056
23.04950523376465,0.06584274898252725,0.9924549713821192,3.010390271975656,172.4826572714451
23.082619428634644,0.0638644948088138,0.9926942850135356,3.0169737899323787,172.85986506471392
23.149547338485718,0.05971299241155699,0.9932342146565861,3.0266187035035226,173.4124779061089
23.182648181915283,0.057192512724328,0.9935237337529753,3.03275962624295,173.764326861394
23.249424695968628,0.053678609954103784,0.9938963332172799,3.0421063222005658,174.29985309215738
23.28261423110962,0.05128614718110616,0.9941328847240706,3.04863046110312,174.67365871623085
23.34946036338806,0.04696217644652388,0.9945605187362145,3.0581259326793275,175.217709162034
23.38262939453125,0.04470545512588457,0.9947344711728099,3.0643076495524775,175.5718954490103
23.449394941329956,0.0410553463131486,0.995012303370054,3.0735666314973273,176.102396037038
23.482621669769287,0.038388751907854415,0.9952013352418186,3.079736646068961,176.45591183152683
23.549352645874023,0.03458521762487861,0.9954369423855874,3.088903185305958,176.98111584254784
23.582602739334106,0.032051857612659745,0.9955706386474787,3.0946760125284674,177.31187447825585
23.64946961402893,0.028103696480810958,0.995761235463135,3.103182607887972,177.79926649038103
23.68263006210327,0.02516102612663379,0.9958884571751018,3.1087485936948487,178.1181739859448
23.74939775466919,0.021434799633506307,0.9960000353364454,3.1164799689383407,178.5611491572288
23.782638549804688,0.018901315089619578,0.9960613341985949,3.121361118886498,178.8408184484287
23.849493265151978,0.014933804129979245,0.9961447551796272,3.1290843692201276,179.2833280966687
23.882643699645996,0.011990438593233232,0.9961936361512362,3.134876844381225,179.61521247633397
23.949745178222656,0.008253127896566653,0.9962074407906925,3.143637369049975,180.11715356617358
23.982630491256714,0.006126554949828153,0.9961851129130725,3.149213589656114,180.43664747253922
24.049753665924072,0.002350483118509966,0.9961593342217987,3.157502487724941,180.91156634869714
24.082640886306763,-0.00019204372891912236,0.9961210841902246,3.162547530337769,181.20062599787582
24.149471759796143,-0.003980195852097995,0.9960431923378635,3.1696945115775876,181.61011785917663
24.182640314102173,-0.006791917374608464,0.9959750268639622,3.1744470437379975,181.8824178939683
24.24987506866455,-0.010910685408196605,0.9958469746944009,3.181515226239313,182.2873949201219
24.28264093399048,-0.013851580767064449,0.9957391087690445,3.1863363172420525,182.56362308722737
24.349388599395752,-0.017597932371489308,0.9955584384527139,3.1940725194555335,183.00687482351958
24.382632970809937,-0.020267335154441908,0.995419299915885,3.2001264270581573,183.3537381787121
24.449381828308105,-0.024112573007927116,0.995190072814751,3.2087953177638684,183.85042902920952
24.482677936553955,-0.026642485817393473,0.995017027551139,3.2138962395907424,184.14269032151557
24.549413204193115,-0.030175053950362192,0.9947497536269478,3.220951779608244,184.54694298670407
24.58261752128601,-0.03325315107590759,0.9945259651076281,3.225294573819087,184.79576676627923
24.649391412734985,-0.037242630024285066,0.9941914820289863,3.2323682097458315,185.2010562506938
24.682628870010376,-0.039354397262742535,0.9939806463163771,3.2368008537802466,185.45502804594963
24.749393701553345,-0.04328194160447971,0.9936111378412147,3.243451335468008,185.8360725783874
24.782654285430908,-0.04607340885596775,0.9933342673537986,3.2485457330755865,186.12796006046318
24.849401712417603,-0.05018729513022572,0.9928984475199422,3.256435070320351,186.57998578774357
24.88262391090393,-0.0527022243075935,0.99260312772546,3.261541897156897,186.8725854121818
24.951003074645996,-0.05652267749910528,0.9921387386303063,3.268818150840755,187.28948403893338
24.982625484466553,-0.05917242475694274,0.9918021170216768,3.2737130849693217,187.5699431054948
25.051079511642456,-0.0629847072316913,0.9912922047363502,3.2806617459560683,187.9680720533026
25.082664251327515,-0.06549764576938444,0.9909382341591594,3.285462454026637,188.24313236442057
25.14944314956665,-0.06871000855502161,0.9904528621935792,3.2928758014950663,188.66788588642555
25.18260622024536,-0.07109205928652582,0.9900903690338456,3.29791722937585,188.95673842671403
25.2492094039917,-0.07521984314845899,0.9894590172937662,3.3054716841515286,189.38957680188287
25.282647371292114,-0.07785766520212566,0.9890263360172499,3.3108968276500144,189.70041462759895
25.349326848983765,-0.08206423268963504,0.9883192193167232,3.3197044464313583,190.2050540113301
25.382647037506104,-0.08482213681001155,0.9878262960040651,3.325596912709382,190.54266745998402
25.449420928955078,-0.0883640700535365,0.9871499691434165,3.3338070430360403,191.01307327695392
25.482602834701538,-0.09112613414641346,0.9866207238317656,3.338362757698007,191.27409649975047
25.54932475090027,-0.09504447610437834,0.9858401047259758,3.3444534882004486,191.62306965169196
25.582646369934082,-0.09793346066030473,0.9852551832030038,3.348811317283232,191.87275486597483
25.649437189102173,-0.10202223666279829,0.9843971780093267,3.3562860709969677,192.30102670667162
25.682626247406006,-0.10449576281376996,0.9838497206017113,3.361419324855029,192.59514048790777
25.749455213546753,-0.10869701831591125,0.9829191715139459,3.3687178813540846,193.01331697184145
25.78261661529541,-0.11116024027848878,0.9823410965130251,3.3737363419115343,193.30085358143617
25.84946084022522,-0.11507434969096705,0.9814140515737847,3.381689079172501,193.75651186206602
25.882651567459106,-0.11753249166436869,0.9808064956148748,3.3874631499451153,194.08734174794665
25.949400186538696,-0.12140909626518587,0.9798344720354986,3.395848591186031,194.56779214040608
25.982617616653442,-0.12426113373627443,0.9791037648868046,3.4012265963410657,194.87592913798915
26.049396753311157,-0.12788216839586924,0.9781295112016157,3.4088197329256182,195.31098381755038
26.08297371864319,-0.1304602075638462,0.9774250904589535,3.413211281037923,195.5626009899141
26.149489879608154,-0.1345888759895172,0.9762857813649638,3.419547547327531,195.92564230617964
26.182639837265015,-0.1367552162855181,0.9756502857366398,3.424199797385829,196.19219659975963
26.24945068359375,-0.140435077237892,0.9745793721552444,3.432658536349734,196.67684664239422
26.282636165618896,-0.14313157354665607,0.9737802866632597,3.4383688469716067,197.00402334073627
26.349442720413208,-0.1465343049848309,0.9727257903938,3.4460261101375926,197.44275220276825
26.38300347328186,-0.14882626292068918,0.9720010652119906,3.4514949488903732,197.75609358214015
26.449509620666504,-0.1525696251662766,0.9708089410548654,3.4607007262379903,198.28354577129576
26.482620239257812,-0.154851594015398,0.9700497906897293,3.467704948986606,198.68485817356097
26.549443006515503,-0.15899377017170196,0.968672210206489,3.4774985459064736,199.2459899433217
26.582671880722046,-0.16138577982668945,0.9678313512192352,3.482784383592837,199.54884613394154
26.64942955970764,-0.1647370351913255,0.9666264695708405,3.4901697351645935,199.97199560922348
26.682666540145874,-0.16764412025078285,0.9655919876815028,3.495257116351537,200.2634810800096
26.749455213546753,-0.1718166529994056,0.9640666061589038,3.5022440412524274,200.66380238860546
26.782620906829834,-0.17456570355108225,0.9630342672536437,3.506413611809006,200.90270118387943
26.84935760498047,-0.17837793019958664,0.9615705003032339,3.513395589966236,201.30273906494125
26.88263964653015,-0.18073119152600126,0.9606426460364457,3.5194429426702065,201.64922685210578
26.94941473007202,-0.18474565890649172,0.9590572655645412,3.529170605872118,202.20658089810001
26.982633352279663,-0.18746903350007632,0.9579516991780211,3.535119274757666,202.5474145189627
27.04942512512207,-0.19136347979029916,0.9563329582892186,3.5428370412715697,202.9896099674768
27.08280086517334,-0.1938155701171016,0.9552860441933211,3.548022159009905,203.28669533016182
27.149452209472656,-0.1976709794900493,0.953627402054769,3.555427043166908,203.7109639401414
27.182645082473755,-0.1999851191076677,0.9526011206327887,3.559726697889741,203.95731600912322
27.249415159225464,-0.20419692102530837,0.9507482569545429,3.5653900841557054,204.28180413991532
27.282614946365356,-0.20687576265481905,0.9495417147471561,3.56916123869889,204.4978753791314
27.349428415298462,-0.210734020809427,0.94777944321353,3.575177153067757,204.84256188237958
27.382636308670044,-0.21327769476441422,0.9465992458605232,3.579710784730911,205.10231984254517
27.44934391975403,-0.216974361330597,0.9448604535988218,3.586363036015568,205.4834657654165
27.48261594772339,-0.21962869421302933,0.9436007274319096,3.590543808277827,205.72300637114932
27.549409866333008,-0.22343135539813086,0.9417671223923729,3.595868592109989,206.02809401155167
27.582602977752686,-0.22570130723269227,0.9406477478211631,3.5997449709449056,206.25019415858625
27.6493923664093,-0.2297142079020092,0.9386799823612277,3.6063277887675027,206.62736183712457
27.682605504989624,-0.23209375430566806,0.9374801489103394,3.6110698661293887,206.89906285608515
27.749390840530396,-0.23571273129659237,0.9356389386923212,3.619213844481499,207.365678444107
27.78261971473694,-0.23807961605043257,0.9344105088378696,3.625588526856818,207.7309208399492
27.84941029548645,-0.24177745159591352,0.9324691529042299,3.6352427203943827,208.28406538425412
27.88264536857605,-0.2438848312527748,0.9313207767007482,3.6418084662183574,208.66025490932353
27.949437379837036,-0.24777485256891163,0.929212368136009,3.651296845540022,209.2038989988741
27.982596397399902,-0.2501016383400112,0.9279065308968707,3.6575338157339568,209.56125106793544
28.049434423446655,-0.253360557104528,0.9260430911480916,3.667289497962849,210.12021048592175
28.08267641067505,-0.25567096821042934,0.9247044694080792,3.6735543604598377,210.479160666229
28.149436235427856,-0.2592434634154852,0.9226091468875813,3.6822437519199327,210.97702612342945
28.182597160339355,-0.2616532056419208,0.9211673840757979,3.6876257590739416,211.2853924186634
28.249509572982788,-0.26509916246176624,0.9190710173610036,3.6954468349843728,211.73350705958254
28.282629251480103,-0.2672506538281961,0.9177328877995856,3.7002499367981687,212.00870452208468
28.34942317008972,-0.2705184508964506,0.915684601450913,3.707894934312532,212.4467306140457
28.38261651992798,-0.2727768110205924,0.9142515040191838,3.713709473959922,212.77987919565263
28.44937300682068,-0.27613369071874067,0.9120920580324668,3.721438933319132,213.22274459485325
28.482616186141968,-0.2784862252663032,0.910558404649553,3.725723828107024,213.46825098185707
28.549468994140625,-0.2814658799438565,0.9085703987122444,3.7323242541267936,213.8464275357782
28.58287262916565,-0.2836899636344195,0.9070838332269247,3.737490834063379,214.14245076066152
28.649463653564453,-0.28698042171242555,0.9048563088219007,3.745233573850201,214.58607707231442
28.682617902755737,-0.28918297179642505,0.9033402913447145,3.7500202022119855,214.86033067554231
28.749473810195923,-0.29257823055841936,0.9009834447341218,3.756504140216264,215.23183295781195
28.782626152038574,-0.29498783078705726,0.8992920339183245,3.7597818033513897,215.41962922212025
28.84941840171814,-0.298640762631915,0.8967059820505316,3.765424242470638,215.7429171698127
28.88262701034546,-0.3009120929212016,0.8950685411141381,3.7700608605196093,216.00857581523294
28.94931387901306,-0.3042117834922806,0.8926631266589214,3.777321906271155,216.42460309164792
28.982689142227173,-0.3063524328035589,0.8910776894066245,3.7826012813828087,216.72708900401207
29.04934811592102,-0.3095906961788513,0.8886575155687214,3.791973328683299,217.26406775972714
29.08258056640625,-0.31204996561602644,0.8868015663374711,3.7987828828262997,217.6542264724869
29.149329662322998,-0.31539149555254314,0.8842215012175748,3.8090241876376667,218.24101001488526
29.182573080062866,-0.3179202519722161,0.8822467461744823,3.815897726204592,218.6348347650905
29.24973726272583,-0.3209045349163653,0.8798347397478653,3.8260146517801923,219.21449190222035
29.282596349716187,-0.32253180616142163,0.8784740625459913,3.8324426628505037,219.58278980721255
29.349321126937866,-0.32559361503327594,0.8759480834324849,3.8419727779966544,220.12882518336068
29.382733583450317,-0.3277463587416811,0.8741440159505804,3.847480885107538,220.4444164739203
29.449482679367065,-0.3309086708695763,0.8714553524391753,3.8557988159945737,220.92099880802897
29.48262643814087,-0.33271097400077276,0.8698775773314938,3.8615985444263776,221.25329876949337
29.54950451850891,-0.3354869750008627,0.8674317237070895,3.8703907270418028,221.75705372606552
29.582695245742798,-0.33738007448804375,0.8657415042481463,3.877069496606653,222.13971903447185
29.649492025375366,-0.34020278153691375,0.8631881491343316,3.886713683149331,222.6922902202042
29.682620525360107,-0.34207292153633984,0.8614629931223132,3.892581645173963,223.02849967855863
29.749454259872437,-0.344963719331825,0.858771804365654,3.902178591430972,223.57836419529912
29.78264331817627,-0.3465949653591575,0.8572029998731104,3.909245106875143,223.98324570611413
29.849538326263428,-0.3495337012168095,0.8543852197584657,3.9198897375850468,224.59313812026696
29.882649183273315,-0.351238083124222,0.8526946058163555,3.927204898549152,225.01226596996906
29.949456453323364,-0.3541375207827387,0.8498111485175549,3.9380488900028037,225.63358091333922
29.982635021209717,-0.3558102802047016,0.8480879605752922,3.944881839246744,226.0250800666441
30.049404859542847,-0.35835369102494635,0.8454431613795521,3.955881529255978,226.65531588012544
30.082691431045532,-0.36000117768832307,0.8436923934392673,3.96325553867912,227.0778154981612
30.149463653564453,-0.362473804369172,0.8410303021786548,3.9733926869479266,227.65863131026214
30.18247628211975,-0.3641909809410055,0.8391524637688542,3.9798580202928187,228.02906762406965
30.249359607696533,-0.3668207145629687,0.8362420916557213,3.98966268695292,228.5908336432261
30.28266191482544,-0.368404501201819,0.83443835054329,3.9963774979548905,228.975563973867
30.34933090209961,-0.3708929633073418,0.8315818514581553,4.006118623198645,229.5336893380425
30.38285517692566,-0.3725420026445838,0.8296514504683115,4.0122805070736085,229.8867392779276
30.449445724487305,-0.3748927754978275,0.826854713457829,4.0212479473456435,230.40053575855086
30.48262119293213,-0.37660604894008354,0.8247968966953663,4.026964722837112,230.72808286663584
30.54934024810791,-0.3789185172605935,0.8219608696846326,4.035592276471185,231.22240527739098
30.58283829689026,-0.3806007814398372,0.8198792630360412,4.04107877332805,231.53675839160115
30.649302005767822,-0.3828768789052186,0.817005535549594,4.048918462547876,231.98593949659139
30.68262505531311,-0.38427235777046587,0.815206125758549,4.053797539371713,232.26549000651733
30.7494158744812,-0.38639002830712105,0.81245984202395,4.061171343586284,232.687977866968
30.782631397247314,-0.3878480681445582,0.810549628348229,4.0664187954259265,232.9886347105777
30.849313974380493,-0.38983510764028945,0.8078993197176468,4.073667084468279,233.40393108139543
30.882636547088623,-0.39102091148639967,0.8062849029799701,4.0781165167157525,233.65886477040505
30.94931960105896,-0.3930237548970822,0.8035676053605036,4.084360876402107,234.0166402261948
30.98261857032776,-0.39419447779471484,0.8019426743296798,4.088941389072355,234.2790842702062
31.04931354522705,-0.3963339434759833,0.7989927234875789,4.0961887428186765,234.69432705250875
31.082654237747192,-0.39764951764154993,0.7971360157898311,4.100917553715672,234.9652679590221
31.149269580841064,-0.3996047095861952,0.7943486019662954,4.107994092785547,235.37072378128534
31.182599782943726,-0.40089802116050444,0.7924770346649328,4.112777023528919,235.6447655265839
31.249390363693237,-0.4031567367631721,0.7892074556726826,4.120361437547335,236.07932043991903
31.282603979110718,-0.4045789648725269,0.7871002535339557,4.125531078607851,236.37551905428415
31.349583387374878,-0.4065878569098669,0.7840759184743233,4.13242653703932,236.77059972021522
31.38253951072693,-0.408060634940284,0.7818423400020601,4.137236417580475,237.04618557518546
31.4492826461792,-0.40996166141744955,0.7788938043234547,4.145394294755632,237.51359750710807
31.48268151283264,-0.4113302609347317,0.7767518758017494,4.151167603856761,237.84438375242723
31.54931950569153,-0.413342369400653,0.7735565110840831,4.15941880691185,238.31714286338928
31.582589626312256,-0.41460089355733565,0.7715120167886196,4.164579446057957,238.6128257060512
31.649263381958008,-0.416412608413939,0.7685294428813306,4.171698412215649,239.02071242138345
31.682610034942627,-0.4175752141795027,0.7665843536005077,4.176072174937776,239.27131056595294
31.749471426010132,-0.41925648698774853,0.763740285149288,4.182905590708655,239.66283644928248
31.782631635665894,-0.420402832537179,0.7617814787714391,4.188150250728591,239.9633333334058
31.849358558654785,-0.42241521821817946,0.7583388605231203,4.195497629696442,240.38430713874686
31.882641792297363,-0.423886136038926,0.7557865736818697,4.200551523278863,240.6738739111278
31.949384450912476,-0.4257606285688862,0.7524457722145218,4.208217549636113,241.11310486703428
31.98250412940979,-0.42691360361724495,0.7503424559994252,4.213304914504965,241.40458940286265
32.04941749572754,-0.4285874031677766,0.7472529443404345,4.2216048461353495,241.8801404555308
32.08259844779968,-0.42978683998025125,0.7450158887261439,4.227047924533691,242.1920058753146
32.149436712265015,-0.43140965482716254,0.7419230975633394,4.235284141737926,242.66390636027032
32.182639598846436,-0.4323796243892306,0.7400256303219106,4.241074289338847,242.9956573805609
32.24939489364624,-0.43414463070483583,0.7365910754283994,4.249508435079749,243.47889833531278
32.282591819763184,-0.4354788298085716,0.7339596138232557,4.255111974894266,243.79995751701816
32.34930872917175,-0.43696164216653194,0.7309086587787722,4.263560497108484,244.28402218301537
32.382659673690796,-0.4382593654505631,0.7282572635829577,4.268651647277615,244.57572360057387
32.44933557510376,-0.43983433002542316,0.7249283758675339,4.275531058420178,244.969884824578
32.48264122009277,-0.4409075171713408,0.7226291559329986,4.279746748767741,245.21142608922744
32.54932951927185,-0.44263248500590013,0.7189165059475866,4.287111894553733,245.6334178582633
32.58280372619629,-0.44373537049377776,0.7164853475132296,4.2917566541397765,245.89954297939653
32.64932823181152,-0.4453035559328206,0.7129702912342724,4.298516669095175,246.2868633057862
32.68260383605957,-0.4464977300107864,0.7102799198698809,4.302914804895188,246.53885792485235
32.74928021430969,-0.447733662741955,0.7073594671592967,4.3090448968865225,246.89008632398276
32.782641887664795,-0.4485573901748273,0.7054026573425716,4.313408799146816,247.14011950570517
32.849369525909424,-0.4498912064951692,0.7022338747943053,4.3201644996697235,247.52719263332207
32.88258695602417,-0.450758016333277,0.7001341404326913,4.323949257991338,247.74404331162762
32.94938087463379,-0.45193534186004125,0.697231173917572,4.330557869919059,248.12268888352585
32.98262095451355,-0.4528966124549126,0.6948684302271119,4.335480986086502,248.40476266197294
33.0493266582489,-0.4541537604671789,0.6916902426163707,4.341935212816062,248.77456261359725
33.08263444900513,-0.45519064152447797,0.6890682856618652,4.346331238201756,249.0264363148299
33.14929938316345,-0.4563745104540008,0.685952596359352,4.352441513613426,249.37652930758117
33.18263268470764,-0.45712017221517864,0.6839522552312204,4.356545715149931,249.61168273389399
33.24967885017395,-0.45836258139011066,0.6806209857992672,4.363541552853706,250.01251470847876
33.282626152038574,-0.4591886066564749,0.6783591891848028,4.368636053397164,250.30440808834607
33.3494086265564,-0.460396746204887,0.6749908131095574,4.375959934087604,250.7240355415656
33.382662773132324,-0.4609960080187462,0.6732293238674993,4.380577488329818,250.9886019113172
33.449421882629395,-0.4621510844522552,0.6698982826398892,4.386595892689447,251.33343108052705
33.482643842697144,-0.4628777090783345,0.6677476523786693,4.390505449842248,251.55743220514776
33.54934787750244,-0.46405420220024474,0.6642480287138819,4.396970511874289,251.927852973874
33.58290982246399,-0.46494211138810343,0.6615743861865822,4.400896249841753,252.15278119088393
33.649312257766724,-0.4660075257094302,0.6582427477666929,4.406376109922585,252.4667540458378
33.68262195587158,-0.46686645645754354,0.6555626430319136,4.410438368050972,252.6995042918871
33.7495903968811,-0.46813783907185796,0.6515209976462524,4.417297792095771,253.09252033954465
33.78269052505493,-0.46878312711948916,0.6493547523760097,4.422229104585013,253.37506373263838
33.84933423995972,-0.46982675618934366,0.6458423068203294,4.42976480758076,253.80682770995878
33.88297247886658,-0.4704940784758945,0.6435336529699942,4.43479432487209,254.09499782374007
33.949341773986816,-0.4714436097964588,0.640176377552717,4.441656909808999,254.48819497717497
33.98263907432556,-0.47220844466556333,0.6374687694720673,4.4466564795472525,254.77464922255822
34.0493643283844,-0.4732487400043553,0.6336637150649497,4.454160848405141,255.20461788602464
34.08287858963013,-0.47393416790190723,0.6310805056873038,4.459035921607133,255.48393900531613
34.14934301376343,-0.47489309102166366,0.6273674885680237,4.466036833498384,255.88506170942776
34.18261170387268,-0.4754344687757989,0.6251720130424867,4.470178103140847,256.1223389817665
34.24938106536865,-0.4763439791683815,0.6214947761652619,4.476317776970308,256.4741163797816
34.28264880180359,-0.47704655241802785,0.6186325782381558,4.4811936042152425,256.7534807025512
34.349321603775024,-0.47792507830999204,0.6148857008862004,4.488242739512648,257.15736640430924
34.382957220077515,-0.4784856444718608,0.6124141883686577,4.4930847718346305,257.43479442062477
34.44943976402283,-0.47928098101616146,0.6088185261998957,4.500919029582239,257.88366432518046
34.48264789581299,-0.47988051957410544,0.6060684319249915,4.505755876206693,258.1607952229137
34.54932737350464,-0.48066439779651293,0.6023151810340761,4.513026699002515,258.57738268270185
34.58265566825867,-0.4811641805338474,0.5998301856376659,4.518304341073433,258.8797692991461
34.64934515953064,-0.4818680510194478,0.5962183292700091,4.526992509376184,259.3775646745931
34.68260836601257,-0.48239559196113335,0.5934587237813257,4.532742771984386,259.70703045313496
34.749552726745605,-0.48307834440545383,0.5896843952468065,4.540897809608746,260.17427969078113
34.78263568878174,-0.4835394513294112,0.5870402924351995,4.54593422242744,260.4628448891779
34.84945225715637,-0.4842557419970501,0.5828429347291181,4.5525504873407066,260.8419289448486
34.88260316848755,-0.48467838597932067,0.5802074139966672,4.557161981072611,261.1061480729378
34.94930648803711,-0.4852454425979257,0.5765174855868455,4.564427570512522,261.52243568351946
34.98262166976929,-0.4857143418771388,0.5734740726321185,4.5689189011503855,261.77976997346684
35.049405574798584,-0.48626398745848803,0.5696180107431014,4.575592939431454,262.1621641992808
35.08261585235596,-0.4866732422496203,0.5667031487415789,4.579709533761497,262.39802768035975
35.14940357208252,-0.4870888265114762,0.5634019956084604,4.585837420423992,262.74912972345527
35.18256878852844,-0.48743051380683255,0.5607509516225803,4.590086922276232,262.99260824462164
35.249422550201416,-0.4878957459433,0.5569569431843371,4.597173613879983,263.39864576422735
35.28263020515442,-0.4882465176844631,0.5540322548245855,4.601804606236098,263.6639820811901
35.34945225715637,-0.48862809627403186,0.5504775543404457,4.608283008490806,264.0351671883729
35.38263487815857,-0.4889280247808676,0.5476832411530903,4.612782886529116,264.29299120829165
35.44944429397583,-0.4893071658826372,0.5438596842744673,4.620157583817671,264.7155302381125
35.48272633552551,-0.4894882461089099,0.5417401789797639,4.625119245780141,264.99981252793253
35.549434423446655,-0.4898870302977796,0.5374108329150085,4.632369979397413,265.41524896257584
35.58264994621277,-0.49013110626232526,0.5344777804386971,4.63741134816239,265.70409811577815
35.64944386482239,-0.4904611182203551,0.5301686980170826,4.645397624571578,266.1616780480495
35.68267107009888,-0.49063460521559776,0.5275068879873832,4.650411437349727,266.44894835950623
35.7511031627655,-0.49088175200172457,0.5234683109275962,4.658060618961214,266.8872141825735
35.78261971473694,-0.49102417380692387,0.5208052481996905,4.662600666875194,267.1473397668317
35.84944009780884,-0.49121155115651743,0.516919322548813,4.668772705800951,267.500971548268
35.882620096206665,-0.4913276861481917,0.5142545063652291,4.6728553311492425,267.7348887500583
35.94934606552124,-0.49147613565691084,0.510398413650068,4.679266143296113,268.10220122932515
35.98259925842285,-0.49155714788889504,0.507864663013872,4.683104538212052,268.32212505811293
36.04933404922485,-0.49167535581294286,0.5038888498039515,4.689290795948214,268.6765715173752
36.08260798454285,-0.4917241032787453,0.5014902703082956,4.694010275552317,268.9469777801884
36.1493718624115,-0.4918138262286261,0.49724642819888903,4.700780223883915,269.33486724711054
36.183844327926636,-0.4918442514676713,0.49457131558550205,4.70581749180746,269.6234814394063
36.249351978302,-0.4918754423246102,0.4904207678434784,4.713858155973041,270.08417756057617
36.28263831138611,-0.49186111774772073,0.48802631471040514,4.719334300676749,270.39793754010157
36.34973859786987,-0.49183155282570334,0.48418280558623755,4.728026702209834,270.8959754617804
36.38264322280884,-0.49178734688655057,0.4817823630074681,4.733589201777525,271.2146832105524
36.449342489242554,-0.49170068918558846,0.4785537987549674,4.741864832806048,271.6888419412943
36.48275661468506,-0.4916309538039378,0.47614547239460864,4.747720725904064,272.0243599010904
36.5494282245636,-0.491503684930078,0.4718327158630515,4.756919301473864,272.5513994587721
36.582651138305664,-0.49138979242987674,0.46943479585840076,4.762091274580866,272.8477316895585
36.64951252937317,-0.49119831614047843,0.4654884768495108,4.7700863468617065,273.30581558815265
36.68298077583313,-0.49105371534721637,0.4630921106345219,4.775292465951319,273.6041042396299
36.749451637268066,-0.49081078152147556,0.4591529661521162,4.782900239416405,274.039997550671
36.78265690803528,-0.49063575437715434,0.45676219680938995,4.788216499740551,274.34459683003746
36.849422454833984,-0.4903614170958324,0.4532606202221029,4.796562927520338,274.82281191582996
36.88262176513672,-0.49017104934478006,0.45113203479756714,4.801714184575272,275.11795720426466
36.94938278198242,-0.489837925536228,0.44728202071833884,4.8100359041714285,275.59475661541575
36.98246216773987,-0.4895675991280962,0.4443434034734786,4.8160212832343605,275.9376935745077
37.04931044578552,-0.48915959131043873,0.44039152362906414,4.825215521304014,276.46448461173736
37.08264470100403,-0.4888811987736555,0.4380076179136763,4.830927646034059,276.79176525082124
37.14932179450989,-0.48841774446992736,0.43407865289358305,4.839780199317457,277.29897919187465
37.18261766433716,-0.4881054970332013,0.4316993493840458,4.845697846539627,277.63803540235233
37.24934124946594,-0.48757157647345273,0.4276426959314573,4.855514958382238,278.2005144779418
37.282641887664795,-0.4872209187089302,0.4252687950784611,4.862050733829884,278.57498682693716
37.34932279586792,-0.486634636240921,0.42135161138970934,4.872040853812556,279.1473785387735
37.382643938064575,-0.48627883371016234,0.4192552274757481,4.878793827834875,279.53429544941395
37.44934010505676,-0.48562048007885794,0.4152502000732897,4.88867270106592,280.10031319189756
37.482582092285156,-0.48523301912612365,0.41317283391271936,4.894748020058,280.4484033293394
37.54933047294617,-0.4845524207399403,0.40945819419101614,4.903670852374178,280.9596439623594
37.582608699798584,-0.4840515562876825,0.4068280019302449,4.909360371425792,281.2856293914761
37.649412631988525,-0.4833075539385998,0.4030976872213343,4.917765875822747,281.7672293181003
37.68266940116882,-0.4827672079868675,0.4004768102743365,4.923456415579738,282.0932732293273
37.74941897392273,-0.48186618312530594,0.39617967872704996,4.9317206690115745,282.566780071798
37.78264093399048,-0.48125780037490135,0.3934398621892379,4.936890268041488,282.86297627798695
37.84944128990173,-0.4804897031136129,0.3902040861321675,4.9448438311828165,283.3186818780759
37.88262367248535,-0.47993220637098744,0.3878676448625631,4.9499812954792155,283.6130368996587
37.949432134628296,-0.4790727167445593,0.3843306856644972,4.957923185979283,284.06807370666763
37.98263096809387,-0.4784301682467282,0.38173324580046014,4.963457010702738,284.3851385078868
38.04944968223572,-0.47745602568914536,0.37791256276733315,4.971818141573585,284.8641960187428
38.08259296417236,-0.4768038073157468,0.3754596887765562,4.977460544905908,285.1874819159955
38.14946746826172,-0.475803476690779,0.37177735584839144,4.985847438417126,285.66801551741395
38.182626485824585,-0.47495877676449527,0.3686736261505296,4.990886776931833,285.9567483458444
38.24934959411621,-0.47384454819569083,0.3647900089827751,4.9979744206863685,286.3628404196715
38.28259515762329,-0.4730232617716903,0.3619659054232319,5.003241943597399,286.66464725096205
38.349374294281006,-0.4718144213752075,0.3579279513219964,5.0108157791395005,287.09859606225064
38.382630348205566,-0.47110090778226865,0.35565908011274366,5.01613734634398,287.40349940346255
38.44929051399231,-0.4700926238954324,0.3525255385018195,5.02470935941624,287.89463957443405
38.482665061950684,-0.469425742589472,0.35049904134739107,5.030680145769807,288.2367404328677
38.54927611351013,-0.4683039272902708,0.34708857049799346,5.039482835435537,288.7410973990775
38.5826153755188,-0.46749237980001423,0.3446767994183686,5.045541926125656,289.0882577233083
38.64940643310547,-0.46626828849919744,0.3411249175430505,5.054884073899365,289.62352336232937
38.68257546424866,-0.46537661164843364,0.3385980155621294,5.060712632982231,289.9574751984202
38.749335050582886,-0.4642139283458821,0.33543769591389677,5.068428433164912,290.3995579844541
38.78268074989319,-0.46329086983278756,0.3329251962463587,5.072767306067666,290.6481570896256
38.849332332611084,-0.4618672316909433,0.3291122425080168,5.079302670174339,291.02260587051927
38.88262104988098,-0.4609105443863948,0.32661444904629816,5.083341087472698,291.25399013762785
38.94936537742615,-0.4597094629620181,0.3235854744732879,5.089932057804509,291.6316249205365
38.98262405395508,-0.4588224274039534,0.32134925139035864,5.094747785317164,291.9075457822967
39.04930567741394,-0.45742734497075593,0.3178670264231891,5.10172271884246,292.30718003568046
39.08261156082153,-0.45641757079606776,0.315385228524267,5.105763256503341,292.5386857906126
39.149434089660645,-0.45507979023079964,0.31218338056765116,5.111854742827197,292.88770224793126
39.182575702667236,-0.45408000723560626,0.30980677928558376,5.1165971184823995,293.1594203578399
39.24933433532715,-0.4525972232155567,0.30633412953347017,5.124381966854614,293.60545931371706
39.282573223114014,-0.4517324132268806,0.30438480581640115,5.129669900427679,293.90843558979924
39.34924006462097,-0.45016779133406243,0.3008300800870257,5.137478001099626,294.3558068043151
39.3825945854187,-0.44912286438178284,0.2985151992661408,5.142346988680334,294.63477924319125
39.44937992095947,-0.4474348878027918,0.2948083947311985,5.149027573133755,295.01754853705296
39.48267960548401,-0.44641361830929444,0.2926355434101569,5.153953143200065,295.29976291354853
39.54946041107178,-0.44478776690386324,0.2891957815107887,5.161522640030217,295.73346313495387
39.58381009101868,-0.44363076592780365,0.2867843057837499,5.166451377076194,296.01585896601813
39.649434089660645,-0.44207174197191906,0.2836142001712838,5.173559790737786,296.4231410678605
39.682624101638794,-0.4408860709331229,0.28121310704527375,5.178251709273639,296.6919681977841
39.749438762664795,-0.4394179431650359,0.27833402056762213,5.185548367681147,297.1100359290829
39.782604932785034,-0.4382806991643754,0.2760988044497272,5.190701708630794,297.40530061588964
39.84942364692688,-0.4364789799278221,0.2726045171741115,5.198274568936975,297.839193550276
39.882636070251465,-0.4353517300466521,0.270476539014775,5.203428156118138,298.1344723451093
39.94946098327637,-0.4337669625936683,0.26753694555863816,5.210963906184566,298.5662390193811
39.98265266418457,-0.43243315471520316,0.2650547045758873,5.2163425614874575,298.87441326769243
40.049383878707886,-0.4306068231409499,0.26173943478563033,5.224779492646044,299.35781381512186
40.08262920379639,-0.4294263835632411,0.2596484170547535,5.230362920000035,299.67772063772344
40.14939856529236,-0.4278240878300897,0.25686995060169576,5.238552847879826,300.146968939752
40.18262457847595,-0.42661667831210714,0.2547846377430053,5.24342514545384,300.42613102727483
40.24948072433472,-0.4246001221910959,0.2513190337472989,5.251079321040093,300.86468298401917
40.28255891799927,-0.4233565603719376,0.24924433764259696,5.256981249695664,301.2028385869707
40.3497838973999,-0.4211989859614942,0.24564848707432885,5.265483550472933,301.68998453765903
40.38288688659668,-0.4198658025749371,0.2434951035548346,5.27044347435597,301.9741672428632
40.44932246208191,-0.418052292846255,0.24062153299461594,5.278597061398145,302.44133336827235
40.482579946517944,-0.416965975729378,0.2389417557179579,5.284243612042557,302.7648568890041
40.54939031600952,-0.41511510263968443,0.2360683338980264,5.292076557488246,303.2136516041982
40.58285593986511,-0.41386921632374246,0.23416618944257786,5.297466542463522,303.5224749949205
40.64933681488037,-0.4118319853560182,0.23107352676255177,5.304874484173876,303.94691878980274
40.682591915130615,-0.41077849400133704,0.2295400612305743,5.309642585979577,304.2201108995581
40.74923276901245,-0.408724531525715,0.2264988767305762,5.317305490648977,304.6591629959258
40.78257942199707,-0.407211277313131,0.2242875576157929,5.322586628094789,304.96174988259935
40.84931421279907,-0.40498466998837523,0.22108744027743937,5.330796716781126,305.43215331375455
40.88258123397827,-0.4038134167783442,0.21947222828846683,5.3364299434801605,305.7549134286496
40.94937491416931,-0.4014938940781197,0.21622266139415663,5.345275573703676,306.2617307075904
40.982593059539795,-0.40005755622007894,0.21427020983575684,5.351478852314694,306.6171523911455
41.049307346343994,-0.3978077954901857,0.21123829733110863,5.3606642081674085,307.1434345148319
41.08256483078003,-0.3961198004393723,0.20898973325027523,5.3664236868047315,307.47342833294624
41.14928722381592,-0.3937069274639244,0.20583720606906722,5.3744236523386615,307.9317925942905
41.18257236480713,-0.3921464012205166,0.20383972052100913,5.379516185017273,308.2235732238075
41.24926733970642,-0.3894362698515287,0.20037071683283433,5.386779342093413,308.6397214702108
41.28253507614136,-0.38752415043850563,0.1979608306641231,5.391683548246329,308.920711784635
41.349305391311646,-0.38486777331390526,0.19467530044213288,5.399399668911283,309.36281293295053
41.38256788253784,-0.38309223438517576,0.19251318821871494,5.404743297432555,309.66898029450516
41.449652433395386,-0.3804260711026957,0.18930106488952247,5.411988843564856,310.0841195081534
41.4825701713562,-0.3790127322088304,0.18766037447041967,5.416957411607611,310.3687974872268
41.549333572387695,-0.37652212854412237,0.18473625443979555,5.424105201668679,310.77833569057157
41.582542181015015,-0.3747797845022606,0.18271241210526443,5.429592643148806,311.09274292770783
41.649327993392944,-0.3721616947507573,0.179707927742425,5.43773207116341,311.5590978005952
41.68259811401367,-0.370389569172805,0.17770721108158136,5.442780339049507,311.84834224432
41.749297857284546,-0.367540821272226,0.17451181514332434,5.450027413290744,312.2635690121609
41.782588958740234,-0.36556732737919095,0.17233054538043183,5.455362704177789,312.56925866246314
41.849305391311646,-0.3630993326812489,0.16967196540228935,5.463251777838215,313.0212692874734
41.882577896118164,-0.36127700498943466,0.1677178351081502,5.468198436285759,313.3046919392104
41.94940733909607,-0.3587269526863141,0.16502465746395895,5.47558517934839,313.7279211410467
41.98260712623596,-0.35669909680757117,0.16288560333981633,5.479635723192824,313.9600002080654
42.04931616783142,-0.3540099180153191,0.1601045408404657,5.484978446178725,314.2661156862651
42.08257579803467,-0.3522396948280287,0.1582936093154852,5.488851308849352,314.4880143719258
42.149269104003906,-0.3494500777036511,0.1554505537058153,5.494955471163117,314.8377571099673
42.182600259780884,-0.347382248517672,0.15335710094057203,5.498536594191618,315.04294034541755
42.249298095703125,-0.3447287568598269,0.15072222569118718,5.504026297771424,315.3574771913183
42.28258228302002,-0.3427317091800604,0.14874265826941366,5.5081297569345145,315.5925880827677
42.349318981170654,-0.33977116844663113,0.14583732506228206,5.514934001152501,315.98244255923464
42.38262701034546,-0.33813585372713717,0.14427752429769747,5.519435107947304,316.24033698171445
42.44979381561279,-0.33527123292627925,0.14153059189279552,5.526756927027353,316.65984631335965
42.48269844055176,-0.33332489349732014,0.139691507212623,5.531686862178741,316.94231079080737
42.549320459365845,-0.3308218906156213,0.1373746217102151,5.539142174150001,317.3694687017139
42.582592248916626,-0.328661863199532,0.13536542322011214,5.544076849547276,317.6522047752448
42.64935922622681,-0.3257187539415031,0.13268023339678486,5.551920694634423,318.10162399389276
42.682589054107666,-0.32383225550913347,0.130992015776018,5.5568943131533555,318.38659134393566
42.7493577003479,-0.3211696708925989,0.1286419465049998,5.5642851638273045,318.8100558945644
42.78261923789978,-0.3193594814934451,0.12706197643536615,5.5692895223230625,319.09678451554174
42.84928035736084,-0.3171421405038146,0.12517350365954125,5.577227056454764,319.5515717210293
42.88260316848755,-0.31490400874303326,0.12323304133280043,5.582984589809807,319.88145408267906
42.949331760406494,-0.3121379911783502,0.12090341709863203,5.591644099603121,320.3776074464881
42.982638120651245,-0.31007653313151284,0.11918520399465679,5.597077814373743,320.6889363699227
43.0493597984314,-0.3073643576295539,0.11697467874087147,5.605331907083669,321.16186104591117
43.082587242126465,-0.3050774919231328,0.11510944926931832,5.610649059977693,321.4665114657645
43.14932107925415,-0.3023070615325217,0.1129168906102519,5.61807246967747,321.8918415111582
43.182575702667236,-0.300516120614189,0.11152171895053699,5.6230308107366245,322.1759335272342
43.249308347702026,-0.2974440560407055,0.10912516944579362,5.6310246976959055,322.63394951190566
43.2826144695282,-0.29521310949305946,0.1074075821302529,5.63616049852093,322.9282092235993
43.34941601753235,-0.2920448507377176,0.10501066862042414,5.643690611757881,323.3596529313322
43.382657527923584,-0.2896889276196501,0.10324424660098563,5.6489719207559315,323.662249647225
43.4493510723114,-0.28655990543650317,0.10095060994071269,5.656430767610991,324.08961009205433
43.48261547088623,-0.2847176882973824,0.09963365413356773,5.661661375074493,324.38930182400264
43.54930853843689,-0.281168697847475,0.09706981047998883,5.6702182123097,324.87957248356037
43.58252739906311,-0.27909126702433795,0.09561615535100754,5.676439427056134,325.23602183197556
43.649319887161255,-0.27615079569435586,0.09359240084468412,5.684873712343754,325.71927078216555
43.682594776153564,-0.2743836678051621,0.09240579707826234,5.690571768041978,326.0457453251042
43.749289751052856,-0.27127056280297335,0.09030388278634548,5.699755091274519,326.57191098823324
43.78255867958069,-0.26915447983935054,0.08890340728170322,5.70604980020402,326.93257124315693
43.84926390647888,-0.2665746590062667,0.08725047728492481,5.716128634388075,327.5100459043155
43.88261556625366,-0.2644333091894128,0.08587410045380188,5.722359291757306,327.86703627516454
43.94939351081848,-0.2609202683758411,0.08364048526165602,5.73077365427854,328.34914373492427
43.98263072967529,-0.2586467363605331,0.08223324379229963,5.736287779173965,328.66507981914015
44.04946708679199,-0.25526118800372294,0.08016750159028707,5.744563989642616,329.1392717493559
44.082605838775635,-0.252969302768846,0.0787957016958974,5.749523149728898,329.42341069222954
44.14938807487488,-0.24929389018647963,0.07661123444770804,5.757811240781704,329.8982833297755
44.182621479034424,-0.24721471715709542,0.07541990776847987,5.763391195242722,330.217991170267
44.24935340881348,-0.24350620885442767,0.07328456542566439,5.770972924480187,330.6523922569847
44.28270983695984,-0.24142870967877117,0.07213071545550151,5.775700412566843,330.92325737204845
44.34938454627991,-0.23792689736916248,0.07018205589474551,5.783064350437824,331.34517993265223
44.38261795043945,-0.23570150334651047,0.06897081060243575,5.787891007139253,331.62172699080264
44.449323892593384,-0.232197048935774,0.06707554393515974,5.795518802088694,332.0587674483968
44.48261499404907,-0.2297200972969677,0.06575493787011595,5.800455614887378,332.34162598600756
44.54928112030029,-0.2264154417983527,0.06403459106025246,5.807708776516359,332.7572015354744
44.582595109939575,-0.22404116501326993,0.06280917586168083,5.812635446203982,333.03947891563024
44.64937496185303,-0.22061605100133902,0.061069939717337866,5.819452170139342,333.4300484272322
44.68256640434265,-0.21834641759039103,0.05993767135326898,5.823853810960859,333.6822438692376
44.749372243881226,-0.21479312170243353,0.058176520585715326,5.831559682541142,334.12375778825765
44.7826042175293,-0.21290683205114785,0.057279756076641236,5.836511138834746,334.40745533632463
44.849302530288696,-0.209596356698912,0.05569661047426672,5.844550538550982,334.8680790098836
44.882648944854736,-0.20753919016067365,0.054738510404900305,5.850822215601739,335.22741963536106
44.94935870170593,-0.20426910257300757,0.053228033145751724,5.860725249697214,335.79482169340594
44.98258590698242,-0.20183102720380866,0.052120473244946765,5.866669397232552,336.13539625998385
45.049431800842285,-0.1981168672740469,0.05046357745413476,5.876150481550949,336.6786223766357
45.082555055618286,-0.19615537826206197,0.04963615047041806,5.882018026359197,337.0148079302522
45.149332761764526,-0.1924276478950382,0.04803996156408593,5.890064390959023,337.4758306622457
45.18254232406616,-0.1902087301598827,0.047126051911788425,5.895517154127841,337.78825097850336
45.24929976463318,-0.18669356103727,0.0456896683816374,5.903669207597313,338.2553292366691
45.28257989883423,-0.18421245585664925,0.044693909789455456,5.909260613612562,338.5756932028869
45.349358797073364,-0.18065889508754365,0.04330033380523207,5.917316976532508,339.0372887964255
45.38260889053345,-0.17829060524420834,0.04239352565155725,5.92182238611618,339.29542975054767
45.449416399002075,-0.17485782726194288,0.04110169696899958,5.928003430506209,339.64957750707936
45.48262333869934,-0.17222349651989233,0.040113147282991264,5.931923326597052,339.87417100921454
45.549346923828125,-0.16835924443990685,0.03868900989292447,5.937023933000951,340.16641422911533
45.58260226249695,-0.16635148734923022,0.03798298926453873,5.939224308809164,340.2924864762686
45.64930748939514,-0.16278502306711598,0.036704765871751935,5.942353015360627,340.47174815700237
45.682612895965576,-0.16013681138441538,0.03575693380936514,5.945655425232928,340.66096230490757
45.749311208724976,-0.15624953471100644,0.03438661941882883,5.951497052197892,340.9956628754898
45.7825767993927,-0.153851948786233,0.03356528915015869,5.955800331045074,341.2422225915013
45.849289894104004,-0.1500788986594054,0.032282760907714245,5.962787061461482,341.6425327569571
45.88259220123291,-0.14779654132376893,0.03153367915419167,5.967786047377304,341.92895355177905
45.94935917854309,-0.14434033828673626,0.03041134778025727,5.975752130057401,342.3853764686009
45.98260283470154,-0.14175492365970793,0.02958515278642855,5.980791357119637,342.6741029112751
46.04941177368164,-0.13811031397772733,0.028449021928016745,5.9880836990980315,343.0919233294032
46.0825617313385,-0.13555155833610508,0.02766721619240855,5.992781556281889,343.36109071879343
46.14935231208801,-0.13161147813755894,0.02648249753268933,5.999911557829058,343.76960971536795
46.18264985084534,-0.12956735311287743,0.025905835773567507,6.004996349504456,344.06094681807156
46.24936556816101,-0.12578293272618077,0.024818686470595368,6.012619518604069,344.4977222339939
46.28263998031616,-0.12307734446785083,0.024059787220660024,6.0171026044809155,344.7545841339319
46.34961199760437,-0.11909248085018215,0.022968110339822656,6.024631841995277,345.18597766645644
46.38262224197388,-0.11664110653805819,0.02232502200076717,6.02989122848718,345.4873183152706
46.44935178756714,-0.11263631587904097,0.02128280564610412,6.037259085379771,345.9094654192724
46.48265504837036,-0.11004543995233672,0.020633934727677185,6.042288453622686,346.1976269932086
46.54934620857239,-0.10601331583934945,0.019639663252984225,6.050678774141694,346.67835694770974
46.582616329193115,-0.10385065386358894,0.019144494769016907,6.0565983592021855,347.0175241881446
46.64932036399841,-0.10035806062070406,0.01835083033311836,6.0665632675490535,347.58847137965483
46.682610750198364,-0.09800995325534184,0.01783696452399647,6.072926845064241,347.9530775138794
46.749322175979614,-0.09487836350711962,0.017185395229363725,6.081727077828827,348.4572937100229
46.782599449157715,-0.09291030735440611,0.016795129520060844,6.087290957411722,348.7760805278418
46.849488973617554,-0.0893150716419023,0.016068990642661263,6.096347292301017,349.2949702948555
46.882596254348755,-0.08614949443899292,0.015436346890608476,6.102724691744249,349.6603683672218
46.949357986450195,-0.08224384408499504,0.014720276907437749,6.112870537748494,350.24168252285466
46.98265314102173,-0.07961525370833976,0.01426564449955867,6.119169651706141,350.6025951672998
47.049347162246704,-0.07610356877151508,0.013699065811268205,6.1284810909517,351.13610133726286
47.0826632976532,-0.0730607921232938,0.013202489928770654,6.1356257254209625,351.54545873851526
47.14932894706726,-0.06909260712620796,0.01261301314318917,6.14612633737515,352.1470994857948
47.18260979652405,-0.06644591781410905,0.012248493761443602,6.152226848320575,352.49663301584104
47.24926948547363,-0.06261397995617718,0.011749592871737874,6.160921853607589,352.9948201216309
47.28261709213257,-0.06009400610192486,0.011444026061531925,6.16642056424933,353.30987303416634
47.34927439689636,-0.05614479470292719,0.010978536209936104,6.17481316232719,353.7907334831773
47.382601499557495,-0.05362535911972203,0.010707961083000143,6.1806126008530615,354.1230168342553
47.44948387145996,-0.04952201156424934,0.010277729556056615,6.188968123710548,354.6017530296143
47.48267412185669,-0.04686648301005649,0.01002693802864548,6.194433938275456,354.9149211357847
47.54949474334717,-0.04373522027622893,0.009778478994575878,6.202620419805138,355.38397197649726
47.58259391784668,-0.04106336831252767,0.009552685663958288,6.207346542179511,355.65475884201123
47.64933204650879,-0.037006370717283285,0.009232659316402827,6.214302931583172,356.05333059549054
47.682624101638794,-0.03433833937424136,0.009045878812438075,6.219245500804345,356.336518951815
47.749361991882324,-0.030378482631327794,0.008790289972985244,6.227061873037679,356.78436409188834
47.78263068199158,-0.02810174425003609,0.00867545998535909,6.231936440650309,357.06365624304317
47.8493492603302,-0.02402410539531035,0.008456204359404177,6.238788596831485,357.45625587278903
47.882577657699585,-0.021897889963694378,0.008378147767582736,6.242894521014058,357.6915079994512
47.949403524398804,-0.01826040400890782,0.008233748799780779,6.2479842076314736,357.98312556167326
47.98260164260864,-0.01532022117060107,0.00811374817708603,6.251629758241636,358.19200022563695
48.04948663711548,-0.012064193169649346,0.008030241359506115,6.257046781820165,358.5023728142095
48.08270883560181,-0.009658581074407757,0.007967687487185156,6.26139072166165,358.7512622335853
48.14934206008911,-0.005909636176847688,0.007881521123855147,6.269396505411876,359.20995985416766
48.182615995407104,-0.003096140385563966,0.007830429844242093,6.274893649619341,359.5249230166302
48.24944543838501,0.000821391945647865,0.007793781989519157,6.282693321607115,359.97181130311606
48.28260517120361,0.003125374043706767,0.007803370248341837,6.287444789181558,360.2440503416249
48.349438190460205,0.006768195977762991,0.007821561799879088,6.293316932781929,360.58049938662094
48.382648229599,0.008896690091906226,0.007854241757413744,6.297099228958204,360.79720899438996
48.449440479278564,0.012345031561192392,0.007904881794181886,6.303711739346475,361.1760779316243
48.48267912864685,0.01474993229241143,0.007951392776003626,6.307822314753376,361.41159655381
48.54932236671448,0.018191622309547593,0.008038511947469285,6.313622089285952,361.74389915665404
48.582629680633545,0.020462949991717067,0.008108849627816385,6.317480511284031,361.9649704527244
48.64928126335144,0.024312879209024692,0.00822865298769053,6.322428579899858,362.24847390115247
48.6825966835022,0.026441340341067654,0.008320597101990623,6.324802920487731,362.3845135959642
48.74927234649658,0.03016000624876775,0.008469360147161884,6.328596703759178,362.6018813658054
48.78257417678833,0.03215111370761501,0.00857014116330191,6.331111847598305,362.7459884926557
48.84927034378052,0.03584235259074385,0.008739573346621442,6.333665630225612,362.89230945899425
48.88259673118591,0.038116385754209156,0.00885643797287307,6.335110651485949,362.97510307851826
48.94928431510925,0.042258411249440846,0.009056591922073089,6.337346553789354,363.10321084390694
48.98259234428406,0.04451679332300667,0.009184640816691311,6.33886895222441,363.190437848973
49.049309968948364,0.0484214693713619,0.009396963586147122,6.340566940126314,363.2877253894163
49.08257842063904,0.0509563244167889,0.009541769957910578,6.340988868008805,363.31190007634194
49.14938545227051,0.054751890523667406,0.009761257575031821,6.340726392456914,363.29686133499325
49.182581186294556,0.05728344088325144,0.00990719378743967,6.3410043418606366,363.3127866627447
49.24929189682007,0.060940404701986486,0.01012141646284703,6.342285363832519,363.3861838151971
49.28258180618286,0.0638809702074636,0.010287780346342958,6.343537158248054,363.4579063520253
49.349284648895264,0.06800549767869689,0.010533349827845807,6.344396039115164,363.50711660081527
49.382813692092896,0.07066902400423385,0.010697006970207519,6.343637538327441,363.46365770692137
49.44928312301636,0.07496257830086771,0.010953214539148166,6.342666671008523,363.4080311070802
49.48266339302063,0.07748983045370483,0.011106764948182642,6.342043524676738,363.37232745224986
49.54930901527405,0.08178441529527311,0.01135680832164554,6.340785928682428,363.30027250944335
49.58257579803467,0.08430922240287693,0.011504764220864855,6.339327284026665,363.2166983268588
49.64930605888367,0.08846962612647268,0.011737839079325348,6.336411519759247,363.0496373402807
49.68252944946289,0.0914033755747559,0.011892351516225431,6.334322887447291,362.92996752385096
49.74929904937744,0.09531937923412592,0.012094510843481125,6.330014609207839,362.6831213637623
49.78256273269653,0.09811789156592342,0.012225171939097335,6.326436729369446,362.4781239494174
49.84931254386902,0.10272782793303732,0.012423492009485603,6.320770080041026,362.1534488589183
49.882566928863525,0.10538969614335868,0.012523238263772184,6.317082397218578,361.9421601970092
49.94934272766113,0.11047021048106095,0.012695853359625335,6.310975109920337,361.5922384105461
49.98257374763489,0.11394147929432494,0.012793165117518542,6.306474511698678,361.334373127161
50.049299240112305,0.11889338665417172,0.012909230020076585,6.299034562119704,360.90809541649566
50.08257484436035,0.12222729208785058,0.012961898304227174,6.294220767626641,360.63228530859976
50.149739027023315,0.1266355913416442,0.013006827066652762,6.285968133563934,360.15944420694075
50.18258810043335,0.12983482497111845,0.013016252607871861,6.280574760000961,359.850426664445
50.249295473098755,0.1347749251577259,0.01300443370466827,6.27242745592355,359.3836205263996
50.282607078552246,0.13810319372010146,0.012970031583658136,6.266645030254352,359.0523119402065
50.34940004348755,0.14322818712563032,0.012887560313114011,6.258658518867815,358.5947185447247
50.38265085220337,0.14629271121883525,0.012807787592552262,6.253497036202874,358.29898737199363
50.44934630393982,0.15125901243546588,0.01266022613110148,6.245314543898819,357.830165097073
50.48262333869934,0.1547226803223536,0.012531654069540087,6.2389899069705335,357.46779009412967
50.54936242103577,0.15973360528912803,0.01230908174704081,6.229806209061583,356.9416029636237
50.582584381103516,0.162649866651295,0.012144863368601256,6.223889796984325,356.6026175217366
50.649309396743774,0.16717475801500703,0.011870660792615421,6.2162644802742015,356.1657190567959
50.68265104293823,0.17023002363557735,0.011663620654852555,6.2118744163507795,355.9141869221912
50.74933171272278,0.1747112246977322,0.011339475866415124,6.204454506766099,355.48905741862035
50.7825870513916,0.17804024158734563,0.011081384968548626,6.198859718714173,355.1684996759748
50.84928750991821,0.18266621817271245,0.010688898804547698,6.189883153866407,354.65418039567226
50.882630348205566,0.1855837784435194,0.010411191133117541,6.1847887255757446,354.3622911555853
50.94942569732666,0.1894561323858649,0.01001444115129449,6.177166787373346,353.9255862648783
50.982571601867676,0.1925126078507848,0.00969364821167576,6.172172731244531,353.63944792604576
51.0493266582489,0.1974608044665791,0.009153779582930517,6.164357192357107,353.191650533176
51.082632303237915,0.20036710213665412,0.008802478865615741,6.1589328087172746,352.8808562441538
51.14936804771423,0.20493745896624457,0.008231720659538411,6.150252028059832,352.38348414960353
51.182668924331665,0.2077067713458851,0.007854548500562449,6.1442143598149315,352.03755124107056
51.249439001083374,0.21238262836901065,0.007206075992525329,6.135030360052647,351.5113468156425
51.28264236450195,0.21609488644266767,0.006669780633680136,6.129219989195877,351.1784370881438
51.34937357902527,0.22072771553274825,0.005945198058991678,6.119931296623129,350.64623420653083
51.38284754753113,0.2241547788287561,0.005387569958797411,6.113752437049444,350.29221163075465
51.44939208030701,0.22835742493461153,0.00465084526535175,6.104343116838683,349.7530972945909
51.48260974884033,0.23124192619084946,0.004124687411652615,6.098646240327326,349.4266903140829
51.549328565597534,0.23576516091585004,0.003280081861279151,6.090267879677331,348.9466456095997
51.58265566825867,0.23940684564077108,0.0025887359620127264,6.083735404586914,348.5723623571445
51.649352073669434,0.24461864567624136,0.0015454468651874206,6.074156325790588,348.02352157049177
51.682647466659546,0.24801268939288332,0.0008276857009338889,6.0688090698547486,347.71714637339187
51.749284744262695,0.25308726226688677,-0.00027582071692511603,6.060883984015648,347.26307240253254
51.78258442878723,0.25618727969064253,-0.0009844457179219064,6.056129133591529,346.99063954101456
51.84927725791931,0.26066083139248036,-0.002031699138834959,6.0489861922624755,346.5813791495502
51.88258719444275,0.2637810212323758,-0.0027780461851484584,6.043748230241253,346.2812660324843
51.94930624961853,0.26830981169912343,-0.003888787012225302,6.034920891724906,345.77549679116436
51.98256468772888,0.2711494859799239,-0.004616538920392998,6.0290590501726316,345.43963801004463
52.049333572387695,0.2757645406208361,-0.0058125101554698,6.020451014067302,344.94643387131305
52.082618713378906,0.2789938433672577,-0.006674688861570289,6.01489715510378,344.6282211926923
52.14934253692627,0.2837694485906296,-0.007983375329056294,6.007084419790344,344.1805844327796
52.18269920349121,0.2868474920508774,-0.00885713154591235,6.002333256967636,343.908362855259
52.249475717544556,0.29190183077591436,-0.010304327977997501,5.9952001763151745,343.4996674389465
52.282623291015625,0.29536441447181855,-0.01132258316863461,5.98989266459772,343.19556941782014
52.349365234375,0.30005683184560283,-0.012747929065630683,5.981895823644054,342.7373841817377
52.3826322555542,0.3029766698670146,-0.013665431437643052,5.9763252480222375,342.41821370914914
52.4493670463562,0.3078664868598045,-0.015209552573047572,5.967675010728706,341.9225916204431
52.48258376121521,0.31117124099719223,-0.01628420311056599,5.961356388851419,341.56056125453557
52.54939937591553,0.3157984321202547,-0.01783404389832047,5.952162195165441,341.0337727603032
52.58260130882263,0.3190896886934338,-0.01896046473955918,5.9458429113223925,340.6717044665513
52.649356842041016,0.32327814221339746,-0.020450550639135687,5.936733519827179,340.1497747799432
52.6826331615448,0.32680975436745746,-0.021706147405592364,5.930525209402088,339.7940647946784
52.74940896034241,0.3311983838025839,-0.02333242907008109,5.9204832581962705,339.21870337250874
52.78258800506592,0.3344958152053805,-0.024576851172505198,5.913557952929475,338.82191260888163
52.84961915016174,0.3391656400151743,-0.02638620064288193,5.9026200555657,338.1952172531901
52.88247227668762,0.34251880026736736,-0.027716813695008488,5.895936138503249,337.81225701489615
52.949408292770386,0.34732065609449386,-0.029673382462366605,5.886786502424243,337.28802148348854
52.98259401321411,0.35001165268919165,-0.03082074187558022,5.8815986627444605,336.99078016504643
53.049368143081665,0.35487161259248917,-0.032873365769797755,5.8738265959389135,336.5454735389949
53.08266043663025,0.3579395789193353,-0.03420721471397828,5.867368494775054,336.1754515986372
53.14941382408142,0.3625269455642916,-0.03623525849314356,5.85744356155749,335.6067948133216
53.182591915130615,0.3655643215886104,-0.037613856648138294,5.850816367619728,335.2270845706731
53.24955725669861,0.3699870865591731,-0.03966225041335439,5.8414964636041,334.69309340511063
53.282594442367554,0.37313319235611453,-0.041143376363137314,5.83489864998053,334.31506653046614
53.34940767288208,0.3779156098703547,-0.04343358048684039,5.825332893895035,333.7669890789157
53.38287091255188,0.3807493542492248,-0.0448408815019645,5.819143824029089,333.4123814964854
53.449429512023926,0.3855327766889694,-0.047225323528744284,5.8097750176938465,332.8755884344006
53.48261117935181,0.3889933519721426,-0.04898016195097431,5.803796549590802,332.5330474441426
53.54948544502258,0.3928708940124043,-0.051035880290339286,5.794851390543843,332.02052758367853
53.5826301574707,0.3958185845251565,-0.05260030428530983,5.788927397480049,331.68110778325837
53.64954733848572,0.4002173881495639,-0.05496900320044417,5.780201510692941,331.1811512978481
53.68260741233826,0.4025345377006783,-0.056272357928166844,5.775377276970639,330.9047430661755
53.74937987327576,0.4061966839293999,-0.058329564805610794,5.768221774870927,330.494762995565
53.782607316970825,0.409116930438229,-0.05996685174775223,5.762887923464401,330.18915582142114
53.84927201271057,0.41324832123613936,-0.06232862746966149,5.754287180904859,329.69636957208087
53.88261413574219,0.4160215199930552,-0.06394566458503077,5.7484634145753875,329.36269234053174
53.94957756996155,0.4200130454115141,-0.06631301899424537,5.739394582534346,328.84308653946704
53.98262405395508,0.4231159396260351,-0.06816724881981806,5.733048943361452,328.47950819654733
54.049314737319946,0.4271096475063342,-0.0706252574576645,5.7238210932352125,327.95079133033454
54.082602977752686,0.4301815462894499,-0.07252954283106021,5.7181745418611865,327.6272677677991
54.14934325218201,0.4340322121239106,-0.07498902763746476,5.710277958775337,327.1748268844055
54.18260431289673,0.436962842741341,-0.07686726264719176,5.704293616787691,326.83194934535044
54.24935865402222,0.4411406017422748,-0.07959597530823176,5.695212588664537,326.3116447602541
54.28260636329651,0.4437988203141097,-0.08137249663527472,5.688700703814243,325.9385412416571
54.34931945800781,0.4480521205343307,-0.08423876700669311,5.679364550264875,325.40361904639224
54.38253951072693,0.4506832101361352,-0.08606052851401286,5.673183442976951,325.04946768607664
54.449357748031616,0.45465176459440715,-0.08883873874566581,5.663587305165616,324.4996494898612
54.482593059539795,0.45748498618432354,-0.09085005011749432,5.65734048681295,324.1417331628686
54.54937267303467,0.46214755911567024,-0.09418685269035632,5.647989996743451,323.6059895455073
54.58259391784668,0.4647031528017941,-0.09608835147355957,5.642502020118733,323.29155164684454
54.649561166763306,0.4685178955996037,-0.09895124964786126,5.634732592155528,322.84639621532193
54.682570695877075,0.4710649714244165,-0.10088768006686297,5.630105282580075,322.58127090614806
54.74935865402222,0.47468584704774225,-0.10367493264882549,5.623118352726053,322.18094931375856
54.782618045806885,0.4773207573993109,-0.1057123709485368,5.6186509400585605,321.924985422568
54.84937047958374,0.48122905670006344,-0.1087699239553499,5.611822907023669,321.5337679472928
54.882570028305054,0.48374652966208537,-0.11077175085472818,5.606635544365125,321.2365539601545
54.94928288459778,0.4874971341696199,-0.11378582464371925,5.599900906755273,320.8506876485599
54.98257899284363,0.49020142505735187,-0.11597584523015744,5.595051041123978,320.5728108166811
55.049301624298096,0.4937935866341877,-0.11893967982908285,5.589048451120986,320.2288877433623
55.082581996917725,0.49586219316675534,-0.1206862475450959,5.585459337776861,320.02324669654985
55.14927959442139,0.4995021972572606,-0.12373218109513019,5.579752404288531,319.6962634937066
55.18256139755249,0.5020591049623963,-0.12589077689236972,5.574763316819818,319.4104098381278
55.24945664405823,0.5057052359986145,-0.12901289988604533,5.5671691850952945,318.9752981412462
55.28266215324402,0.5082303862833644,-0.1312027255944443,5.562513388659674,318.7085406552131
55.34944128990173,0.5115228980167952,-0.13411344433658134,5.55558696134659,318.31168560306924
55.38264298439026,0.514231239656675,-0.13650244788847185,5.550721892228589,318.03293767556835
55.449424505233765,0.518034288975101,-0.13991249076015067,5.542658335516896,317.57092990812396
55.48263955116272,0.5203972220227155,-0.14207846962748782,5.536943924675636,317.2435182845159
55.54935121536255,0.5242665846780302,-0.1456401698563697,5.527995384720853,316.7308047123027
55.58259892463684,0.5267007181675218,-0.14793497816657827,5.522483759628024,316.4150118562252
55.649354696273804,0.5306604407131801,-0.1516859675421085,5.513405749142594,315.89488016903454
55.68292450904846,0.5331530159988372,-0.1541037552612259,5.5072867691461855,315.54428844031537
55.749385833740234,0.5370886794651064,-0.15795239471661218,5.498239925151439,315.0259424615031
55.78262972831726,0.5394377895483795,-0.16031278336905144,5.492912266041247,314.7206900798047
55.84935116767883,0.5431059938822279,-0.1640198726657447,5.484741837093201,314.2525589842701
55.88262104988098,0.5449358852119759,-0.16594300820801447,5.47890439112779,313.9180979673164
55.949729204177856,0.5484902530843497,-0.1696228629905573,5.470001404602181,313.40799441433717
55.982654333114624,0.5506865080395099,-0.17195118913783797,5.4634822535325975,313.03447457204186
56.04940414428711,0.5539922052112698,-0.17549618859911956,5.453910943638665,312.4860789107077
56.082579135894775,0.5563460619242601,-0.17805325426602214,5.44818457428768,312.1579821149632
56.14932680130005,0.5595010210355188,-0.18155261858801253,5.440375717090079,311.71056755472034
56.18259072303772,0.5616337697917403,-0.18394806360974741,5.4347715560142,311.38947277736094
56.249772787094116,0.5647212557959645,-0.18746067439019382,5.425660532119325,310.86744956114177
56.282668113708496,0.5665465218084066,-0.18959161622394383,5.419539477671894,310.5167389751342
56.34941101074219,0.5697284177698101,-0.19329774752292636,5.411184776910862,310.03804988243235
56.38264799118042,0.5717959733188064,-0.19575542112571853,5.405639895777132,309.7203515955679
56.449472188949585,0.5748562219195552,-0.19943568957272823,5.396736596356682,309.2102301150348
56.482677698135376,0.5767959449869343,-0.20181979306197614,5.390974247558132,308.88007184879564
56.549450159072876,0.5798005700271261,-0.2055417993250552,5.381790836715979,308.3539011660055
56.582661867141724,0.5817915493228788,-0.20805595850447756,5.375301930836397,307.98211424544786
56.649665117263794,0.5845556324987625,-0.21161037488617884,5.3644788481564545,307.36199728656607
56.682600259780884,0.5865958759439355,-0.21426493013990844,5.358073400525539,306.9949921714225
56.74953007698059,0.5892991654124046,-0.21786828161130475,5.3494366937635265,306.5001453250671
56.78261089324951,0.5910411784224034,-0.22023287569054026,5.343342798416518,306.15099084088905
56.84937047958374,0.5937550259429103,-0.22394581242555558,5.333331439140578,305.57738220718863
56.882598876953125,0.5955460100539804,-0.22644653320114327,5.32625476494515,305.1719186428015
56.94940710067749,0.59819658259878,-0.2302060763053606,5.316638702717514,304.6209588616227
56.98265266418457,0.6000252428449829,-0.2328431470043078,5.310231490776866,304.2538526589778
57.04936504364014,0.6025405928739739,-0.23654770957890559,5.301156202145027,303.7338769225103
57.08268094062805,0.6040062244892294,-0.23876943903132128,5.295747284651113,303.42396877837456
57.14937901496887,0.6066011557420076,-0.24267982170493613,5.288166354065452,302.9896134510346
57.18265700340271,0.608513392779465,-0.2455922035263503,5.283324235312361,302.7121804825813
57.249401330947876,0.610857843435787,-0.2492670171874432,5.27553644603648,302.2659730253361
57.282641649246216,0.6125753104993131,-0.25197475106119904,5.270135305550068,301.9565104709074
57.3493230342865,0.615179117748026,-0.25612953372007974,5.262609812402198,301.5253314747799
57.382652759552,0.6166309601625232,-0.25852298193881473,5.258031334920303,301.2630040384716
57.44942378997803,0.6192542693894882,-0.26281340517484225,5.250660366956234,300.8406786832043
57.482630014419556,0.6207497448997055,-0.2653371403249782,5.245595664649658,300.55049261654733
57.549619913101196,0.6230986197976969,-0.2693189603076872,5.23692096068052,300.0534686905903
57.58266758918762,0.6248551931231364,-0.27232620821491305,5.2316337707237786,299.7505350205851
57.64930200576782,0.6271657240537434,-0.2763796668705707,5.223929147010199,299.30909259906053
57.68268871307373,0.6285953994946447,-0.27894297906230825,5.2187030471846105,299.0096591357403
57.74943566322327,0.6309848009261294,-0.28323370037814505,5.21129780416612,298.5853699645121
57.78259229660034,0.6324472820236546,-0.2859250264530138,5.206103317975817,298.28774782906873
57.84940767288208,0.634787855521957,-0.2902596422888152,5.19845327223503,297.8494324950396
57.882564306259155,0.6364265205887538,-0.2933407117264072,5.192575345563854,297.51265210449384
57.94939732551575,0.6386543216262259,-0.297625419802577,5.183220518201243,296.9766599785427
57.98263382911682,0.6398406501640497,-0.3000054554076868,5.176867583670451,296.61266364240544
58.049339294433594,0.6422509955458636,-0.30475934686606526,5.168049773954996,296.1074403611604
58.0826678276062,0.6435927259742995,-0.30751702669908887,5.1623375396399975,295.7801534433212
58.14932727813721,0.6456882043835221,-0.31185759466777796,5.154016099212081,295.303370027332
58.182629108428955,0.6471201363963691,-0.31487647772344096,5.148366966024197,294.97969853775896
58.24933838844299,0.649353699403659,-0.31963914020648343,5.139569549176446,294.4756436817656
58.28257942199707,0.6507340758176824,-0.3226761965026209,5.133673085340956,294.13780118994043
58.34931564331055,0.6525308747324031,-0.32673841013469235,5.124351775989056,293.60372950454075
58.38264012336731,0.6538544806292451,-0.32975374351757347,5.118422748744035,293.26402126678295
58.44952178001404,0.6559004525340948,-0.3344878887407341,5.108707818380175,292.7073967586703
58.48264837265015,0.6570765818423134,-0.33732304920134154,5.103319665982598,292.3986783669159
58.54948616027832,0.6589705845908291,-0.3419079174322043,5.095996558823623,291.97909523378456
58.5825879573822,0.6601665985483195,-0.3448793586312628,5.0911920681017335,291.7038181927105
58.64948606491089,0.6617758216594835,-0.34896975575715394,5.08279490055363,291.22269593233995
58.68257236480713,0.6629413013062468,-0.3519594377692912,5.076515488148074,290.8629121036795
58.74939680099487,0.6647586221437447,-0.3566917535632572,5.067817168164293,290.36453507975455
58.782580852508545,0.6659234241002087,-0.3598188484705597,5.061988170024165,290.0305580875356
58.849425077438354,0.66757654619597,-0.36436363910389413,5.052952241130674,289.5128374979583
58.882603883743286,0.6686456685051675,-0.3673861234949876,5.045699644896404,289.09729434322213
58.94937300682068,0.6704292902589439,-0.37247625721522704,5.035158190212224,288.4933134798902
58.98264288902283,0.6714366384266829,-0.37551424553336193,5.028514359989217,288.1126500483104
59.04933738708496,0.673043106690659,-0.38040836163173175,5.0190194194145565,287.5686300266549
59.08263373374939,0.6739555731025483,-0.3833342539037515,5.0133098431407,287.24149540335486
59.1493456363678,0.6754356918868674,-0.38809746976913073,5.005092398182479,286.7706704888678
59.18262267112732,0.6763999089024951,-0.39129444910012373,4.999570876005657,286.45431057164797
59.24940323829651,0.6778173084997003,-0.3960912660789407,4.990803636004123,285.95198472158177
59.28264141082764,0.6786064354945194,-0.3989108387028685,4.984665025919505,285.6002682716568
59.34970283508301,0.6799875106181378,-0.4038182681224988,4.974499515157209,285.01782740838235
59.3826744556427,0.6807340750114501,-0.4066575626899647,4.967870962375111,284.63803930968845
59.44945049285889,0.6819470718696159,-0.4112974022705428,4.958279731813894,284.0885022781938
59.48266839981079,0.6827670833697966,-0.4145391638711863,4.952361200987625,283.7493954409305
59.549365758895874,0.6839012440469627,-0.4191822952062884,4.943232454730565,283.2263568081552
59.582629680633545,0.6847898783228813,-0.42286988489189387,4.936200792951792,282.823472265268
59.64931917190552,0.6857534667896323,-0.4272136164825556,4.926031691463013,282.24082566852076
59.68275833129883,0.6864683289381024,-0.4304786693049349,4.919010909707876,281.838564505069
59.74929404258728,0.6874566074367947,-0.4352008739872398,4.909209823078253,281.2770036065495
59.782583713531494,0.6881471877972968,-0.43860928421923057,4.902962777368242,280.91907425294056
59.84934878349304,0.6890613206258807,-0.44336909531940816,4.894456427146618,280.4316962861813
59.88296842575073,0.6896386818955476,-0.4465207017260229,4.889190603024556,280.12998678832895
59.94937539100647,0.6904247645725621,-0.45099426737645876,4.881213298959595,279.67292093351415
59.98268103599548,0.6909662816389126,-0.4541572982752973,4.875600642176237,279.35133938797225
60.04950189590454,0.6917491675545531,-0.4588979978048727,4.86775937728953,278.9020680039198
60.08262300491333,0.6921652052669188,-0.4616498815397163,4.863233209577909,278.64273769667557
60.14942407608032,0.6928842288262951,-0.4663407332951891,4.85614435232222,278.2365760943539
60.18261361122131,0.6933702246250593,-0.46963959551044154,4.851375388278284,277.9633345819867
60.249322175979614,0.6940125987315778,-0.47425877438271596,4.843093133034945,277.4887963116933
60.28257894515991,0.6943877746898336,-0.4771736504415933,4.837266893034506,277.15497734923787
60.3492910861969,0.6950305591839767,-0.48216935640678343,4.828059931132457,276.62745729011266
60.38260078430176,0.6954022550793701,-0.48536673405817765,4.822491442177002,276.30840637469987
60.449355602264404,0.6959505113772241,-0.4902770484341863,4.81443282222766,275.84668146290267
60.48263216018677,0.696313176269512,-0.4937338456019474,4.80921493066428,275.5477182983641
60.54945516586304,0.6967596932877628,-0.49842729746733033,4.80144846366972,275.10273251784815
60.58259868621826,0.6970259579192121,-0.5014821447723365,4.7965025807463295,274.819354300372
60.649553537368774,0.6974118769647312,-0.5061196580192876,4.788296233389497,274.3491652316072
60.682549238204956,0.6976540016009548,-0.5092730623035604,4.781790589376544,273.9764192866504
60.74929928779602,0.6979762076620021,-0.5139605501252679,4.771938426925365,273.4119319591206
60.7826292514801,0.6981705059434264,-0.5171617652880663,4.7657138240937735,273.05528848772525
60.849364280700684,0.6984533653262579,-0.522227174161883,4.757174444436303,272.5660180736923
60.88263535499573,0.6985952750853857,-0.5254364408058969,4.751211442701929,272.2243632410835
60.94935345649719,0.6988022484791656,-0.5305289943851599,4.742761319788548,271.74020686178
60.98260474205017,0.6989133781234882,-0.5340024527424512,4.736939097806751,271.4066181148347
61.04931402206421,0.69902686345589,-0.5388777874656863,4.72766006292317,270.87496857805087
61.08260202407837,0.6990777810030138,-0.5422140394930721,4.72135652037503,270.5138021940613
61.14934420585632,0.6991238322980741,-0.5472140875488241,4.71106658219433,269.9242321648566
61.1825909614563,0.6991194215133218,-0.5505577255970819,4.705395203251185,269.59928608739506
61.24942326545715,0.6990844096515514,-0.5555609188578025,4.696645824110941,269.09798358929925
61.28261399269104,0.699034808448467,-0.5590324200958764,4.6906747649108045,268.7558670979087
61.3494348526001,0.6989191006027775,-0.5637671584793708,4.681115145088097,268.20814122831797
61.3826105594635,0.6988157326594118,-0.5669739385702448,4.674530478693828,267.83086763442475
61.44935941696167,0.6986304017063043,-0.5717970651495236,4.664812512571942,267.27406919018955
61.482606410980225,0.6984774617241197,-0.5748680166270131,4.6580636147702865,266.8873858297896
61.54939603805542,0.6982127847996066,-0.5799467830470824,4.648515303030946,266.3403078656501
61.5826301574707,0.6980020165336964,-0.5832776339860622,4.641599779626235,265.94407756143625
61.6493444442749,0.6976507415381091,-0.5882585210407774,4.631291116451883,265.35343466912394
61.6825807094574,0.6973971894332182,-0.5911796385184741,4.6250433601616,264.9954646022644
61.74936771392822,0.6969579302751026,-0.5963935050245073,4.615901914684449,264.4716983577747
61.782597064971924,0.6966364844883002,-0.5997160922737504,4.609817426677525,264.12308287448
61.84947180747986,0.696170076814089,-0.6039789604550712,4.600653224088102,263.5980127435032
61.88256883621216,0.6958159201025944,-0.6071675414150814,4.594778242749735,263.26140110809666
61.9494469165802,0.6952346444353762,-0.6122055141451915,4.586013594152925,262.7592237345842
61.98259711265564,0.6948404706443767,-0.6152498855615813,4.580615414345746,262.4499308145801
62.049455881118774,0.6942096653721914,-0.6200138782438444,4.572569972701155,261.9889609640262
62.08260107040405,0.6938318667345187,-0.6225091724648812,4.567355227343907,261.6901780638205
62.14946413040161,0.693111973628658,-0.627607504801092,4.559516242682014,261.2410373270263
62.18267107009888,0.6927021658204793,-0.6301003301439239,4.554428616174153,260.9495378003869
62.24941349029541,0.6919508131131757,-0.6349059125071801,4.5466820772914875,260.5056938165762
62.28262281417847,0.6914434500765209,-0.6379347308109143,4.541666411065515,260.2183173103817
62.349414348602295,0.6906555511383056,-0.642501901116314,4.5340389492086315,259.7812959375852
62.38266730308533,0.6901517350026063,-0.6452387604058512,4.52876176240156,259.4789354058379
62.449331760406494,0.6891916228034478,-0.6505895588310024,4.520390629433253,258.9993048170111
62.4826021194458,0.6885777764274521,-0.6537330357771388,4.514172185545302,258.6430142270926
62.549264907836914,0.6876474390894604,-0.6583271783303898,4.504569891152605,258.0928432847489
62.58260226249695,0.6869412204118746,-0.6617319457244498,4.498034834094596,257.71841209644776
62.6493353843689,0.6859842897899305,-0.6660379453979667,4.489172498665323,257.21063767972123
62.682666063308716,0.6852779154236792,-0.6691641521616587,4.483350073295436,256.8770372794968
62.74929094314575,0.6842203748411331,-0.6736860020147161,4.474316318792444,256.359441273318
62.7825767993927,0.6833329144065379,-0.6774718561669401,4.467966179265374,255.99560507909771
62.84933161735535,0.6821792553884761,-0.682051098515266,4.458869598669383,255.47440940294686
62.88255715370178,0.6813438007124765,-0.6852850384592871,4.452751749131199,255.12388244471282
62.94938063621521,0.6800978661270559,-0.6899633691196715,4.442665602288419,254.54598879907235
62.98261547088623,0.6793045844977739,-0.6927860101276873,4.437337521586663,254.24071226195662
63.04927468299866,0.678139648824005,-0.6968417126718202,4.431510602040749,253.90685436441348
63.0825457572937,0.6773229748177357,-0.6996623836733592,4.427439361440362,253.67358946062896
63.149266481399536,0.6762552660660145,-0.7032135065765226,4.419765221232496,253.23389361532662
63.1826605796814,0.6753430477711299,-0.7063022672757022,4.413721062040679,252.88758880293028
63.24965310096741,0.6739437608705486,-0.7109086263586541,4.40477637912803,252.37509622295275
63.282625675201416,0.6729767791204627,-0.7139766241878331,4.399374584385434,252.065596182406
63.34931516647339,0.671558808481967,-0.7183559376556299,4.390993627773986,251.58540274028775
63.382641077041626,0.6706257845227341,-0.7211421847739219,4.384394581086019,251.20730521625748
63.44946908950806,0.6691482036927598,-0.7254891269750342,4.374141376137801,250.61983984624192
63.48261046409607,0.6679685355133449,-0.7289128674185479,4.366873025350934,250.20339402213386
63.54937243461609,0.6663384217765002,-0.7334407382730719,4.3563638981757595,249.60126538863014
63.58262896537781,0.6652225794170622,-0.7364413683139592,4.349759157754641,249.2228416377206
63.64958119392395,0.663608324109675,-0.74066419303732,4.340562616172705,248.6959186189591
63.68254780769348,0.6624449194351919,-0.7436560342989279,4.334318107898523,248.3381346497139
63.74921989440918,0.6607754495533774,-0.7478363231040578,4.324169396575234,247.75665632339286
63.78255581855774,0.6594749847204672,-0.7510592012094153,4.317224322683693,247.35873290100102
63.84937500953674,0.6576260597347711,-0.7554939177726867,4.306291517515842,246.73232930664435
63.88255977630615,0.6564529983631762,-0.7581937181643255,4.30013254487138,246.37944616798015
63.949312686920166,0.6546010838614625,-0.7624231501611852,4.291583079871041,245.8895979063659
63.98251414299011,0.6532941911388781,-0.7653540563540383,4.285784552849165,245.55736678061987
64.04927015304565,0.6512110667342215,-0.7699701827553325,4.276956065160194,245.0515316965586
64.08255171775818,0.6498064251327272,-0.7729991575651958,4.270710179546631,244.69366881157998
64.14934468269348,0.6476237998440231,-0.7776331538392873,4.261576318967869,244.170337149756
64.1826856136322,0.6460605909299129,-0.7808870979925339,4.255003231099911,243.79372695655337
64.2493052482605,0.6438896038242155,-0.7852773056334407,4.245360044035175,243.24121303668886
64.28259754180908,0.6423838139344359,-0.7882614356568559,4.239588309381812,242.91051700058176
64.34936094284058,0.640222932324304,-0.7924612272495666,4.2316228533919205,242.45412999046377
64.3826036453247,0.6386802216427874,-0.7954241085773022,4.226965988674362,242.18731129638425
64.44947576522827,0.6364176486776126,-0.7997055623354494,4.219096823784502,241.73644135990278
64.48271751403809,0.6347731892868658,-0.8027809846812092,4.213628623967886,241.42313658887647
64.54966354370117,0.6323223869733987,-0.8072922326604562,4.205424228572632,240.95305935927183
64.58263039588928,0.6305755184653444,-0.8104548758452899,4.200219273877998,240.65483742271252
64.64942669868469,0.6282949561509058,-0.8144706004038132,4.192078075416132,240.1883811106692
64.68291687965393,0.6265732210358695,-0.817489562729475,4.186955461164196,239.8948769339597
64.74940466880798,0.6239924063581762,-0.8219500325605616,4.179301443389781,239.45633401916757
64.78264164924622,0.6222934853170977,-0.8248242661866556,4.173976392681679,239.1512310879002
64.84939408302307,0.619786251963577,-0.8290084924663212,4.165172529147899,238.64680686400547
64.88277411460876,0.6181150672475308,-0.8317420742110309,4.158882000966935,238.28638614832815
64.94935202598572,0.6157089479527685,-0.8356093135360235,4.14913451179679,237.72789615802935
64.98261857032776,0.6139991277619578,-0.838320094687074,4.1428027665989955,237.3651138812435
65.04939889907837,0.6115566279388523,-0.8421157306266139,4.134132681622617,236.86835460407724
65.0828161239624,0.6098763748744196,-0.8446879228215114,4.12805667113566,236.52022484689735
65.14932370185852,0.6072546123836857,-0.8486600679316695,4.118535376838842,235.97469486818773
65.1826741695404,0.6054869209277306,-0.8512842114178085,4.111722362162038,235.58433788144612
65.24934506416321,0.6026813926077644,-0.8553937627116898,4.101448853944004,234.99570921975985
65.28261828422546,0.6007689401185528,-0.8581341512389495,4.095222423893697,234.6389610564438
65.349369764328,0.5982874573049461,-0.861588617278332,4.085496456247288,234.08170415862378
65.38261938095093,0.5961834767700809,-0.8645325378470171,4.078193433245679,233.66327176294465
65.44930052757263,0.59349065839549,-0.8681737304625913,4.06757268333129,233.05474761758623
65.48257875442505,0.5916417017843738,-0.8706277569900812,4.061203132013383,232.68979920967817
65.54938650131226,0.5890022505107347,-0.8740694267637737,4.051115830300095,232.11183939483166
65.58265113830566,0.5871931301474955,-0.8763897881362297,4.044029332017908,231.70581295173565
65.6496319770813,0.5840267128327468,-0.8804443405160455,4.0338836065947365,231.12450570488934
65.68255996704102,0.582176539398281,-0.8827223374597905,4.027700298897606,230.77022827041299
65.74935293197632,0.5788194328898532,-0.886876713403745,4.018183619351104,230.22496269741998
65.78280210494995,0.5768506904712047,-0.8892260630525995,4.011603076070633,229.84792534054583
65.84930896759033,0.5736521852566724,-0.8930239244545288,4.002510539301982,229.32696135863458
65.88255500793457,0.5716471549770333,-0.8953441341223741,3.99660530348646,228.98861626937568
65.94933605194092,0.5687595078387486,-0.8986383494924723,3.98782934985049,228.4857911648321
65.98257565498352,0.5668936316514546,-0.9007292725691869,3.9817192367737833,228.13570747318911
66.04938578605652,0.5638422411923132,-0.9041395994271183,3.972650815492277,227.6161252069122
66.0828161239624,0.5617719262648366,-0.9064119224339277,3.9664375999644976,227.2601341799653
66.14938831329346,0.5589392839098597,-0.9094561312809493,3.9571612763771533,226.7286399890128
66.18281030654907,0.5565636162529535,-0.9120146671954994,3.951395999796127,226.39831397319438
66.24931001663208,0.5533863651477374,-0.9153510839549391,3.943259348601536,225.93211820037422
66.28255248069763,0.5510650992003583,-0.917764502301087,3.9380051884326925,225.63107699781375
66.34940600395203,0.548032575848004,-0.9208451625750463,3.9300210081204474,225.17361716305066
66.38282752037048,0.5456602432555763,-0.9232486783468162,3.92500370052474,224.88614661329768
66.44939088821411,0.5425744973411434,-0.9263043382555345,3.9171042184822915,224.433539631926
66.4827127456665,0.5403801880069086,-0.9284587868229148,3.911982992222558,224.1401149813117
66.5493893623352,0.5374825688263567,-0.9312442032835757,3.9046459931156914,223.719735898197
66.5826346874237,0.5353548511736952,-0.933282543090744,3.8995300964714827,223.42661661205872
66.64934635162354,0.5321702116330689,-0.936299988080689,3.891295565439703,222.95481273766822
66.68256115913391,0.5298255441189678,-0.9384996172268536,3.8857999505905814,222.63993720098412
66.74936819076538,0.5263584237867095,-0.9417039290877833,3.8779630622402474,222.19091657399477
66.7825186252594,0.5243773220150111,-0.9434792978744406,3.872470088195301,221.87619234424443
66.84929394721985,0.520819372491782,-0.9466902126017792,3.8634868768312995,221.36149224661318
66.88260984420776,0.5184711585516839,-0.9487585155880567,3.8579331016615894,221.04328436902424
66.94940543174744,0.514690563222017,-0.952070766306049,3.850178903035245,220.59900151422855
66.9825131893158,0.5119557954899963,-0.9544348392497034,3.844416121466632,220.26881845209127
67.04931139945984,0.5083548964878793,-0.9574716267468628,3.8347234377150334,219.71346858096962
67.08255672454834,0.5056874531839155,-0.9596993697689006,3.827942912797627,219.32497312031896
67.14935684204102,0.501930633787705,-0.9627709693677465,3.818708877277323,218.79590185713167
67.18260908126831,0.49963426339639994,-0.9645983835048246,3.8124910529158673,218.4396467634666
67.24935579299927,0.4956624849018401,-0.9677654677299092,3.80248248252694,217.86619792122147
67.28254699707031,0.49313249409719007,-0.9697290050474346,3.7955825706093287,217.47086208933032
67.34949254989624,0.4893961059729863,-0.9725830811960023,3.785691875032386,216.90416697632278
67.38251519203186,0.48695147322527776,-0.9744119409962797,3.7790479129417736,216.52349598928578
67.44941139221191,0.4829921774816626,-0.9773535626591089,3.7689475351020563,215.9447869675825
67.48253655433655,0.48043581722830403,-0.9792062463929325,3.7624488097731783,215.57243743402304
67.54935717582703,0.4765956873514544,-0.9819456419868334,3.7527421981098192,215.0162895523401
67.5825264453888,0.47397282396077667,-0.9837846302697026,3.746729272133182,214.67177427135422
67.64935398101807,0.46991091086833825,-0.9866025093120366,3.7371284476483426,214.12168754852706
67.68255114555359,0.4672577285607776,-0.9883983382736213,3.7308162395300015,213.76002466393788
67.74940395355225,0.4629083330826679,-0.9913250393776619,3.7209498137810484,213.19472010964367
67.78253245353699,0.4603365710597803,-0.9929930755213444,3.714925811838507,212.84957022255745
67.84946799278259,0.4563890945224415,-0.995531678604727,3.7056004162506424,212.31526441308287
67.88266444206238,0.4534559655781376,-0.9973998809541395,3.6988519752764226,211.92860722696693
67.94937300682068,0.4493454489746625,-0.9999571706172664,3.68836514634541,211.32775618874425
67.98258781433105,0.4466092111148537,-1.0016200392869972,3.6820382606765745,210.96525234245814
68.04932379722595,0.4430694505526833,-1.003708698784521,3.6733876515165,210.46960894736867
68.08266830444336,0.4401924492218971,-1.0054171708285629,3.667630581837895,210.13975315242186
68.14931893348694,0.43630158677818937,-1.007667912162292,3.658857242587517,209.63707784113873
68.18292927742004,0.4338720629242133,-1.0090386632767236,3.653242082415562,209.31535286199576
68.24934124946594,0.4298894479696046,-1.0112796198457237,3.645190835735573,208.8540504074137
68.28269410133362,0.42731286345829345,-1.0126969938855457,3.639971906407731,208.55502778335128
68.34935998916626,0.4233021891891729,-1.0148840072032363,3.633116685574477,208.16225256197566
68.38280439376831,0.4208270583421559,-1.016200700111814,3.6287847969497524,207.9140536264582
68.44934797286987,0.41693022971635285,-1.0182654960077424,3.6229746339159297,207.58115580633725
68.48257207870483,0.4145608914741514,-1.0194923801112423,3.6192173691973273,207.36588039544793
68.54943490028381,0.4110522038202311,-1.0212960225099805,3.6130445153970934,207.01220192514324
68.58270192146301,0.4084154091882215,-1.022647981362652,3.6081120447849,206.72959217649225
68.64962387084961,0.404965042018555,-1.0243754604345667,3.5999307698155274,206.26083964971116
68.68284010887146,0.40240646279304493,-1.0256424576657301,3.5938773226655623,205.91400267651267
68.7493326663971,0.39865098611548666,-1.027470738310957,3.5853168432018903,205.42352333263585
68.78278064727783,0.3964766799799089,-1.0284905347530795,3.579671439567509,205.100065530738
68.84968876838684,0.3927299960844489,-1.0302537532903924,3.5719757999986945,204.65913786279106
68.88285779953003,0.39005622268733814,-1.0314925098375836,3.5677364567336296,204.41624138579562
68.94932770729065,0.3858571302661378,-1.033417062100556,3.5615533163957545,204.06197354029828
68.98259353637695,0.38353656337871905,-1.0344399562913713,3.557362761137467,203.82187241018207
69.04939031600952,0.3799587716138069,-1.0360105737835763,3.552019011498901,203.51569810911766
69.0826153755188,0.3771367211175589,-1.0372529109431208,3.54865869100612,203.32316592707
69.14931893348694,0.37300841803970325,-1.039041917087693,3.5435549172743213,203.03074123264818
69.18263173103333,0.3701801003206621,-1.0402505331419216,3.538784177291038,202.75739796645175
69.2492606639862,0.3661153800236442,-1.041955401820033,3.531074633506447,202.31567364562338
69.28263735771179,0.3630190323665834,-1.0432416068795387,3.526253072531589,202.039418551099
69.34958076477051,0.3592816900071317,-1.0447354107644198,3.520438391339145,201.70626185955788
69.38257813453674,0.3565492803895652,-1.0458250378800344,3.5166961932271668,201.4918497016397
69.44940280914307,0.35272645803340535,-1.0473221690482546,3.511337862603527,201.18483997166945
69.48260688781738,0.3499794371468593,-1.0483907727563158,3.5075840891884553,200.96976459773742
69.54955506324768,0.3460329745269375,-1.0499013430094493,3.5016184322185846,200.62795763134102
69.58255910873413,0.34327937754765614,-1.0509412132542137,3.496887557082757,200.35689845265472
69.64936137199402,0.3394386334357374,-1.052360274179305,3.489765986211395,199.94886249822238
69.68263959884644,0.3370581068553167,-1.0532162339481337,3.4864774103456284,199.76044098050536
69.74932098388672,0.33339547222597615,-1.0545259520530472,3.4828363467878276,199.55182340570448
69.78258466720581,0.33062306288718385,-1.0555198832377992,3.4798024529384204,199.37799409264275
69.84934663772583,0.32668254646327827,-1.056907832838651,3.475184778048701,199.1134208102983
69.88257312774658,0.32414882832203284,-1.0577837906354148,3.4714858800751327,198.90148956756335
69.94946885108948,0.3198042098863471,-1.0592864067865517,3.4665823031424283,198.62053530480168
69.98266911506653,0.3171421934523081,-1.0601811897854538,3.46361307569301,198.45041110353563
70.04956007003784,0.3132688330464497,-1.0614681495393086,3.4589287773677704,198.1820205795192
70.08253526687622,0.3108598999324054,-1.0622521856200988,3.4557238140451525,197.99838970763895
70.14946794509888,0.3066201291659527,-1.0636402435775054,3.451076409739767,197.73211305524944
70.18263173103333,0.30382374225028796,-1.0645377003736862,3.447979288864567,197.55466110045862
70.24946331977844,0.29897363913968394,-1.0660926417636514,3.4428391241765586,197.26015135783356
70.28255844116211,0.29617084457513826,-1.0669589858328261,3.4386837276868443,197.02206467676945
70.34942436218262,0.29163512234423883,-1.0683523543137485,3.4332316149332818,196.70968162656087
70.38252902030945,0.2888258368027954,-1.0691906851433788,3.430372659875714,196.54587556794465
70.4494059085846,0.2845529540752838,-1.0704566723593243,3.4259760621138398,196.29396907197258
70.48256230354309,0.28147135529527,-1.0713621709311958,3.422880312275074,196.11659567178302
70.54944777488708,0.2767760125685568,-1.072725660303832,3.41759495625335,195.81376707851416
70.58259105682373,0.27395340070124113,-1.073519132383676,3.41416227418555,195.61708888361898
70.64944767951965,0.2690871507897483,-1.0748888801992085,3.409412437958746,195.34494331444478
70.68254828453064,0.2663975561584657,-1.0756151681455317,3.405199532867452,195.10356163322444
70.7494535446167,0.2619393170147378,-1.0768172942115342,3.398251242960169,194.70545394670378
70.78259444236755,0.2592296974294523,-1.0775208371873308,3.3940310977093624,194.4636574349004
70.8493983745575,0.2547980754870889,-1.0786656571285893,3.3892968743942635,194.1924064196728
70.88255023956299,0.2516860512027767,-1.0794575305420375,3.385904108149505,193.99801523297367
70.94953751564026,0.24748853422774333,-1.080495909451242,3.3805433919841805,193.69086882153303
70.982586145401,0.24463047891332446,-1.0811903336665611,3.376435674477478,193.45551394496698
71.04940056800842,0.2401934748459459,-1.082254809389761,3.370081600665785,193.09145233284238
71.0825297832489,0.23706733411875514,-1.0829873050833725,3.366287015037708,192.87403859135256
71.14936828613281,0.2329943823257922,-1.0839066948911873,3.3603134086452635,192.5317761565931
71.18251442909241,0.22973144186315286,-1.084643423539562,3.356135659700274,192.29240877418
71.24938130378723,0.2255149620447947,-1.0855547603361917,3.350196535858287,191.9521220440286
71.28256559371948,0.2227710555407935,-1.0861308301560475,3.3464022499594783,191.73472547576088
71.34939861297607,0.21832126422479836,-1.0870594836598975,3.3413708233432104,191.44644596571894
71.38251900672913,0.21530874821234125,-1.0876722640430183,3.3384267350036327,191.27776212934745
71.44939804077148,0.21067809016447614,-1.088600959717339,3.334062817639107,191.02772808221627
71.48259353637695,0.20766593862679106,-1.089187587551397,3.3306169702364654,190.8302955691988
71.54944109916687,0.2028603494703084,-1.0901136072246773,3.3245075205344645,190.48024988612667
71.58252501487732,0.20010905343141835,-1.0906127160901495,3.319975351010606,190.22057570037177
71.64950656890869,0.19543473775010073,-1.0914594248286562,3.312681789412998,189.80268540321015
71.68258333206177,0.1928169695391239,-1.0918998316679138,3.308137771275382,189.54233234189385
71.74943542480469,0.1883127597497246,-1.0926598276341957,3.3025146046691516,189.22014862785795
71.78253698348999,0.18501229524266594,-1.0932048232783644,3.298569393079786,188.9941046545012
71.84937715530396,0.1801657580749905,-1.0939775852531313,3.2916709685552124,188.5988540439536
71.88253092765808,0.17726389176097684,-1.0944088401116128,3.28567155699462,188.25511308196965
71.94937539100647,0.1726935266394354,-1.095070803526798,3.2762942826168566,187.71783483678763
71.982656955719,0.16983044612942744,-1.0954539112891422,3.270830760572992,187.4047980823975
72.04971718788147,0.16494121599737543,-1.0960985445100835,3.2633992910135774,186.9790062410631
72.08265590667725,0.1616234272306757,-1.0965111714846723,3.259088938790278,186.73204125045322
72.14942193031311,0.15656067237883992,-1.0971168484109721,3.2535441798659117,186.41434996566954
72.18262028694153,0.15351731992684142,-1.0974520187453618,3.250036659518563,186.2133838532102
72.24931168556213,0.14858660811422406,-1.0979910872736511,3.2444900678060966,185.89558755740362
72.28258776664734,0.14540150216186687,-1.0983181284609274,3.2400358535765577,185.64037988100392
72.34929466247559,0.14059774943797554,-1.0987906705832768,3.233646079274576,185.27427278145922
72.38257479667664,0.13727626485876326,-1.0991004355282186,3.229480240975209,185.03558782877153
72.44930911064148,0.1327432463057575,-1.0994900687758697,3.224393513440011,184.7441398094717
72.48257946968079,0.12982280012638425,-1.0997258079653034,3.221267676078007,184.56504252118458
72.54937291145325,0.12507347150417902,-1.100107354774159,3.2161608390562595,184.2724423131773
72.58261179924011,0.12228166209446789,-1.1003073857851087,3.2123639275743794,184.05489531008078
72.64947056770325,0.11769777044676927,-1.1006332640233065,3.2074892062717715,183.77559435313884
72.68265223503113,0.1147697198158385,-1.1008236578765391,3.2041190315768264,183.5824975668967
72.74943590164185,0.11005002295731103,-1.1011237712158672,3.1986981569412554,183.27190432900898
72.7825562953949,0.10725776701451548,-1.1012761219392688,3.1941394229288966,183.01070811017806
72.8492546081543,0.10240501904578596,-1.1015407281100937,3.1869365144981905,182.5980118568794
72.88257193565369,0.09946339102447863,-1.1016698607374587,3.1823199437571144,182.33350183759217
72.9492506980896,0.09545440426668075,-1.1018182780088652,3.17593208570061,181.96750453082583
72.98258566856384,0.09223763796298018,-1.1019384362489337,3.171436946338646,181.70995201706216
73.04932022094727,0.08752890930595386,-1.1020856186426526,3.1654621194308077,181.3676196519218
73.08265542984009,0.08445759145106482,-1.1021594764097378,3.1616064959399774,181.14670869850576
73.14932942390442,0.08000750150920985,-1.1022453551513405,3.155918581204601,180.82081518993843
73.18265175819397,0.07665425597442413,-1.1023020346964676,3.152127494372263,180.60360191467782
73.24931192398071,0.07188124850317656,-1.1023543674348761,3.1454975866968193,180.22373618631352
73.28257369995117,0.06854001874088722,-1.1023726433219536,3.1404132692394007,179.93242625429875
73.34961795806885,0.06387752213461392,-1.1023637017839163,3.133024479738815,179.5090798002046
73.38260912895203,0.06067443535370286,-1.102337689492619,3.129423849923311,179.30277890818724
73.44932508468628,0.055878973207659215,-1.1022799162147463,3.124712295306091,179.03282671367515
73.48265671730042,0.052394294159853375,-1.102228282885991,3.1210919060297306,178.8253936879453
73.54924893379211,0.04741919577993858,-1.1021271760186815,3.114231144951073,178.4323010338906
73.58265161514282,0.04436036162696665,-1.1020370578542789,3.1090879805395217,178.13761941976682
73.64932656288147,0.039877990352028554,-1.101882889838662,3.102301445490659,177.74877960394937
73.68264627456665,0.03668960912765006,-1.1017572538950975,3.0979458991244004,177.4992251796892
73.7493486404419,0.03184226778751031,-1.101548765145024,3.090885525648449,177.09469557773107
73.78258562088013,0.02849108847630759,-1.101382777974452,3.0855567538971633,176.7893794463939
73.84956526756287,0.02398267110419576,-1.1011213519907936,3.07666002418758,176.27963438256612
73.88267588615417,0.02064591812786959,-1.1009106056267872,3.0711586636553903,175.96442964249178
73.94938731193542,0.016426893303922635,-1.1005960378071855,3.062569238438843,175.4722918291404
73.98256874084473,0.013223711426177967,-1.1003484644552513,3.057188573810843,175.16400245498065
74.0492844581604,0.008490240530187959,-1.099952204599791,3.0496218894601284,174.73046337677704
74.08257222175598,0.0054308719168991715,-1.0996684442224915,3.0449026923538347,174.46007329989604
74.14928841590881,0.0012598090779769588,-1.0992499841257386,3.0381642722385958,174.0739902667068
74.18262386322021,-0.0013913648098136527,-1.098965518194125,3.034037432692379,173.83753977798088
74.24931478500366,-0.006320901332378823,-1.0984520330637504,3.0277391910067393,173.47667711104037
74.28257775306702,-0.009052386567264828,-1.098132115972503,3.0235530576892464,173.23682933946893
74.34944915771484,-0.013924259608984177,-1.0975658729198923,3.0184052292448373,172.9418804959469
74.38262629508972,-0.01683727887165072,-1.0972004726718592,3.0159589513780873,172.80171909866587
74.44934606552124,-0.021256852577265548,-1.096638716635482,3.0117981751927423,172.56332418374706
74.48257875442505,-0.024581805746359667,-1.0962131831892685,3.0077679991349178,172.33241210493904
74.54933571815491,-0.02844497002487477,-1.0956736119869481,3.0007873462553287,171.93245015669274
74.58271408081055,-0.03122213010308038,-1.0952780359519239,2.9960873544678805,171.6631604635258
74.64934825897217,-0.03569568213384709,-1.0946290966353305,2.9893053225797863,171.27457865981486
74.68264174461365,-0.038736539510653714,-1.09416715751431,2.984974486742153,171.02644004455448
74.74945759773254,-0.04338406152252275,-1.0934406417832048,2.9788385517607927,170.67487686675585
74.78264594078064,-0.0461451746025673,-1.0929802746887327,2.974966174949978,170.45300601881183
74.84931874275208,-0.0503635267313428,-1.092265992768606,2.9690582385705198,170.1145061986371
74.88262271881104,-0.05352887502044165,-1.091723086827699,2.9648893502698344,169.87564649374633
74.94942712783813,-0.05803732381082355,-1.0909202742888506,2.9587717081742704,169.52513142109896
74.98265075683594,-0.061062887121263135,-1.0903623186720734,2.954794967464126,169.2972809621898
75.04938697814941,-0.06528857885678815,-1.089556862367281,2.9486662456679045,168.9461310694565
75.08264875411987,-0.068443401181959,-1.0889476928905588,2.944375698070193,168.70030080030764
75.14930438995361,-0.07266834239942813,-1.0880967328156774,2.9377044195750215,168.3180646985779
75.18263912200928,-0.07540530314128395,-1.0875267500536163,2.9335866756406968,168.0821353500255
75.24936056137085,-0.08013274549299933,-1.0865417767924106,2.9283081417092363,167.77969763373622
75.28262281417847,-0.08340403623682661,-1.0858418213510603,2.9247664618289684,167.57677432421048
75.34929418563843,-0.08835377653905431,-1.0847605263311302,2.9192520610899684,167.26082243532196
75.38262462615967,-0.09147679791017192,-1.0840534075703077,2.9151537768123847,167.0260080429716
75.44934558868408,-0.09669167199632406,-1.0828658931147292,2.9095093711851443,166.7026074226708
75.48259282112122,-0.09985151983758442,-1.0821129517723849,2.9052971326686214,166.4612639333716
75.54942488670349,-0.10457780783460362,-1.080969818962022,2.8982843587809746,166.0594615869299
75.58257484436035,-0.10768435159665751,-1.0801954989575817,2.8926748240201134,165.73805892010063
75.64957690238953,-0.11237234436031987,-1.079001549918169,2.884545439206771,165.27227948025836
75.68260073661804,-0.11573523574166968,-1.0781245841312923,2.879729286558726,164.99633426003462
75.74935269355774,-0.1201549257161537,-1.0769275762218504,2.873309889559358,164.6285299049519
75.7826452255249,-0.12296845045993976,-1.0761453147896178,2.8693027857138893,164.3989397665359
75.84927010536194,-0.12784711952621336,-1.0747937159140815,2.8628421760243277,164.02877409824268
75.882648229599,-0.13093673219836133,-1.0739078904872963,2.8580778561526894,163.7557986773475
75.94942617416382,-0.1357096371742362,-1.0725202331830892,2.8499907449209343,163.2924413353151
75.98258638381958,-0.13888820616333075,-1.0715683084592313,2.8442760912529823,162.9650157987625
76.04935717582703,-0.1435183102461794,-1.0701464624401928,2.835581024585442,162.46682517612754
76.08264112472534,-0.14683380391623585,-1.0691059937338405,2.829720936070529,162.13106683664995
76.1492829322815,-0.1515994815250047,-1.067569686456695,2.821171019009953,161.64119267389202
76.18260502815247,-0.15450081566258478,-1.0665971634368148,2.815855400555852,161.3366301709702
76.24928951263428,-0.1589387639596799,-1.06509121568694,2.808028423131755,160.88817739822528
76.28262686729431,-0.16209611281833264,-1.0640019752245762,2.8026410038586635,160.5795010114097
76.34936761856079,-0.16678104694523385,-1.0623532189333464,2.7943058178675657,160.1019300326632
76.38262486457825,-0.17018572892407374,-1.0611324125971233,2.788130890011446,159.7481327277098
76.44939661026001,-0.1748986345779807,-1.0593911778575285,2.777962890799929,159.16554928679753
76.48262810707092,-0.17801813852961326,-1.0582035435131794,2.7711624745477637,158.77591413661628
76.54927802085876,-0.18309708862294027,-1.056245501740966,2.7627751214966945,158.29535420550383
76.58259177207947,-0.18567772697159257,-1.0551905087283209,2.7569733043882088,157.96293457168082
76.6492350101471,-0.1901643300393887,-1.0533714907253737,2.7479816997066346,157.44775357237654
76.68253469467163,-0.19299209126152447,-1.0521896061438163,2.7425972612183087,157.13924797194767
76.74929881095886,-0.19742124420633606,-1.0503219505258388,2.7345154841359345,156.67619625416205
76.78269338607788,-0.20049287315818373,-1.0490027013417835,2.7286359803271334,156.33932550028666
76.84929513931274,-0.20451237550563664,-1.0472240708129554,2.719572196442965,155.82000893730512
76.8826208114624,-0.20781888117415803,-1.0457602842014786,2.713798503677427,155.4892007096346
76.94933128356934,-0.21194559329767781,-1.0438665030986614,2.706469074180377,155.06925533321493
76.98283648490906,-0.21485442993819306,-1.0425159312471273,2.7022055344118496,154.82497249869212
77.04962182044983,-0.21892840429289412,-1.0405925386009083,2.695206602508278,154.423963239518
77.08262157440186,-0.22182488134450182,-1.0392101282314212,2.690681835349339,154.1647131780314
77.14950180053711,-0.22599290847103437,-1.0371905654424385,2.6833866625118987,153.7467305636276
77.18264675140381,-0.22924541656952913,-1.0356049783739252,2.679001928765729,153.4955038256835
77.24934244155884,-0.23304553168520736,-1.033687955589105,2.671833297446667,153.08477150621593
77.28273725509644,-0.23553660676793897,-1.0324130708811186,2.6667583510891713,152.79399849867613
77.34936332702637,-0.23986481565261153,-1.030201980781152,2.658649403565683,152.3293900292872
77.3826105594635,-0.24283255792640734,-1.0286555338740848,2.6539467980608094,152.05995058114294
77.44931626319885,-0.24693806698627935,-1.02647449450714,2.64744267431336,151.68729174098328
77.48263168334961,-0.24939592042919212,-1.0251375643614125,2.643182916298794,151.44322558500164
77.54934620857239,-0.25368560407199015,-1.0228142589465496,2.636283513983415,151.04791895116762
77.58264303207397,-0.2562533773126757,-1.0213866497834923,2.631459377110374,150.77151626854894
77.64932036399841,-0.2600186424015329,-1.0192698212121627,2.6243856046655654,150.36621896222547
77.6828145980835,-0.2629353215866693,-1.0176247667892784,2.6197540474689576,150.1008502822864
77.74929976463318,-0.2670617472931399,-1.0152559569955248,2.6130686453930907,149.71780495899122
77.7826738357544,-0.2697235705836452,-1.0136998598267248,2.607896379333519,149.42145594325902
77.84933376312256,-0.2736917796560575,-1.0113537123473355,2.6005913366625895,149.00290782905176
77.88263988494873,-0.27644652886963383,-1.0097032267210058,2.595826857498442,148.72992328136812
77.9493396282196,-0.2805313934240558,-1.0072253704276493,2.5889580937287824,148.33637210689423
77.98272752761841,-0.28337903905042205,-1.0054762201915968,2.5840807660881135,148.05692181778142
78.04925155639648,-0.28745848554494957,-1.0029323377214945,2.5764766912113504,147.6212404202414
78.08261013031006,-0.2902896070201082,-1.0011424746064994,2.57142079083421,147.33155866699266
78.14932084083557,-0.2943432786467134,-0.9985411481909527,2.564255668065632,146.92102737266006
78.18264150619507,-0.2969099655113157,-0.996862804517974,2.5594490744458365,146.64562984441127
78.24931335449219,-0.3009212523779332,-0.9942227956522935,2.5524448025746707,146.24431462763127
78.28244924545288,-0.30358791012498015,-0.9924412764845476,2.547581527329052,145.96566948144687
78.34929132461548,-0.3075673360571055,-0.989753819781684,2.5406917118199934,145.57091213115405
78.38260316848755,-0.3103390313356337,-0.9878594973317559,2.5360635243298337,145.30573652117263
78.44931697845459,-0.3142931451035907,-0.9851200294387248,2.529048482805226,144.9038042487036
78.48266053199768,-0.3167996132803613,-0.9833516780099093,2.5234861779214106,144.58510765449597
78.54932260513306,-0.32047245033686783,-0.9807303155239776,2.5146292807196757,144.07764482525533
78.58265447616577,-0.3228458193252753,-0.9790038884121689,2.5092267780558273,143.76810422380862
78.64952969551086,-0.3267938899501167,-0.9761235114193648,2.50135911241892,143.31732018819372
78.68261075019836,-0.32936562171862255,-0.9742099027029237,2.495836806681323,143.00091537624854
78.74934983253479,-0.33307778669592053,-0.971409120339973,2.4867731398793658,142.48160552158356
78.78259897232056,-0.3353744164276269,-0.969636165841145,2.4808092943404882,142.13990234253797
78.8493263721466,-0.3392690315658312,-0.9666214120006732,2.4708842864902674,141.5712412810861
78.88257932662964,-0.34190130882688946,-0.9645417827377759,2.4650125269213627,141.2348142394723
78.94935631752014,-0.3459910597404055,-0.9612765946923197,2.4566785196767884,140.75731079792675
78.9826283454895,-0.34813980782870824,-0.9594957057982396,2.451806370527484,140.47815721451335
79.04928016662598,-0.35161051783777303,-0.9566205573184566,2.4446872932597326,140.07026413304365
79.08261847496033,-0.35407361989329356,-0.9545644389960528,2.4396808842442055,139.78341802593772
79.14928889274597,-0.35727010586427843,-0.9518397324133421,2.4326848556777256,139.38257511572547
79.18257308006287,-0.3596087681689743,-0.9498389426373025,2.427450021378521,139.0826412039307
79.24936890602112,-0.3630717194588587,-0.9468408058028301,2.4205923242999083,138.68972410414702
79.28260254859924,-0.36506575822095666,-0.9450725529451152,2.416318328745493,138.44484219722133
79.3492922782898,-0.3685823666516208,-0.9419682454653926,2.409821343803434,138.07259238048132
79.38269281387329,-0.3707647435416392,-0.9400052798334478,2.404682045819596,137.77813229634728
79.44959616661072,-0.3740436766566443,-0.9370285749876843,2.396930901014437,137.33402441261694
79.48263692855835,-0.37641497271037405,-0.934854500598916,2.392339787742738,137.07097299888207
79.54936742782593,-0.3799923294014409,-0.9315411948671579,2.3857423209915605,136.69296599856173
79.58260321617126,-0.38263526023477923,-0.9290717480062958,2.3816785837306056,136.46013100445896
79.64939999580383,-0.3860343305985523,-0.9258316395881803,2.3753471270432427,136.09736525810317
79.68255615234375,-0.3883420046314845,-0.9236102929944142,2.370611604094743,135.8260397793668
79.74930381774902,-0.39168482290938395,-0.92035634866709,2.3638108256083226,135.43638387469153
79.78267788887024,-0.39376929872672506,-0.9182921096952806,2.359270451178815,135.17623958247165
79.84941267967224,-0.39683957159958716,-0.9152270645382803,2.3513094947576643,134.72011037865212
79.88264322280884,-0.3993975336542961,-0.9126726492060049,2.3455685903803523,134.39118078724397
79.94947814941406,-0.4025488271057416,-0.9094418837938754,2.33675519868664,133.8862106399986
79.9826545715332,-0.40467529993222623,-0.9072296710299191,2.331382175332966,133.57835907860786
80.04943251609802,-0.4081630603411238,-0.9035837182529246,2.323783821870102,133.14300549393712
80.08252692222595,-0.4099695606119773,-0.90162799440001,2.3188192799332543,132.85855819374007
80.14943289756775,-0.4130986113202958,-0.8982567773953254,2.3111258901359544,132.41775942820576
80.18266940116882,-0.4151713390417916,-0.8959891657621175,2.305639252910282,132.10339827145535
80.24940729141235,-0.4182565529594639,-0.8925759081145226,2.297391959043917,131.63086314050852
80.28260278701782,-0.4203018678632708,-0.8902753151727851,2.291913563370112,131.31697418989677
80.3493902683258,-0.423535769553193,-0.8866114132547243,2.283801744967865,130.85220123127147
80.38263583183289,-0.4255425159053352,-0.8842872520005488,2.2790494362880795,130.57991400097637
80.44944858551025,-0.42871701424190356,-0.8805919439063887,2.27294863879373,130.23036405288613
80.48258996009827,-0.4303600756955534,-0.8786149345176958,2.2684728722138634,129.9739215177741
80.54954886436462,-0.4334945258895217,-0.8748936186819438,2.2614583117151486,129.57201680605854
80.58261466026306,-0.43517887594866855,-0.8728332290273657,2.256468225655204,129.28610593541666
80.64937591552734,-0.43826322499447523,-0.8690831523894669,2.249720842924249,128.89950938217348
80.68293571472168,-0.4403686870387073,-0.8664871074304092,2.2456528191176752,128.66642878709806
80.74946308135986,-0.44326938459125503,-0.8628569221274216,2.2393638360513957,128.306096599971
80.78260517120361,-0.44525875670929554,-0.8603420881053004,2.234890484554844,128.04979243894005
80.84941101074219,-0.44793428945640085,-0.8569053590627127,2.22820001942102,127.66645702379252
80.88262629508972,-0.45007315913363655,-0.8541567928557414,2.2235333496604084,127.39907654212814
80.94948053359985,-0.4531752514719972,-0.8501143173861352,2.215378069966231,126.93181343490303
80.98262548446655,-0.45500543815662375,-0.8476690211595282,2.2096866847724796,126.60572108371784
81.04935932159424,-0.4580492749828561,-0.8435861503197082,2.202272346056327,126.18091076740184
81.08258652687073,-0.45999241819130593,-0.8409314265248801,2.1977194408910514,125.92004851690824
81.14948296546936,-0.46286333070373575,-0.8369610548904934,2.19053417862397,125.50836331430986
81.18266105651855,-0.4648888578867533,-0.8341330606763376,2.1851970714253333,125.20256959701909
81.2494330406189,-0.46760027912369995,-0.8302735637296718,2.1773537945202173,124.75318293280353
81.28262066841125,-0.4695079640705735,-0.8275283337522651,2.1721319024509884,124.45399055616387
81.34943437576294,-0.4721599172170679,-0.8236501388275154,2.16416492193285,123.99751619701159
81.38266468048096,-0.47379036246114864,-0.8212149911130706,2.159021548687814,123.70282261761052
81.44944858551025,-0.47653568466934115,-0.8171112724426157,2.150886433128156,123.2367148301909
81.48258781433105,-0.478282189638972,-0.814445694500702,2.1447896037883303,122.88739224060737
81.54943537712097,-0.4809743135663284,-0.8102917356213101,2.1352206477535325,122.33913144546722
81.58259725570679,-0.48262160117501723,-0.8076772024525709,2.1292260769470253,121.99566783826201
81.64937090873718,-0.48491600125396883,-0.8039776395155868,2.119900012299985,121.46132369452044
81.68262243270874,-0.4865185462547848,-0.8013590762269621,2.113689189559629,121.10546976419415
81.74948191642761,-0.48890148901663394,-0.7974109763658637,2.1048371186387604,120.59828346047792
81.7826554775238,-0.490465143470317,-0.7947678478743614,2.0998870024576335,120.31466269519993
81.84941339492798,-0.49309639691050927,-0.7903055914580072,2.092377086863617,119.8843762271633
81.88265085220337,-0.4948419808558239,-0.7872854993046704,2.08632978444647,119.53789132122152
81.94942784309387,-0.49722216088913684,-0.7830761527230862,2.0778749624063635,119.05346570178922
81.98281812667847,-0.49891879928313587,-0.7800374720233121,2.0723254633242223,118.73550282597081
82.04941463470459,-0.5013245557219159,-0.7756479562533608,2.064706484513069,118.29896749589211
82.0826895236969,-0.50256302381089,-0.7732952232863549,2.058716885777706,117.95578876737892
82.14944052696228,-0.5047348167439251,-0.7691978406472537,2.049414881918299,117.4228232052205
82.18284440040588,-0.5062144724758969,-0.7663539690353818,2.0435175656629845,117.08493187333708
82.24944734573364,-0.5083068197575993,-0.7622567297106597,2.035315762028026,116.61500314065893
82.28262948989868,-0.5096322302457781,-0.7595962483281851,2.029653946016403,116.29060497881332
82.34946513175964,-0.512012059465693,-0.7548363985160506,2.021094926981768,115.8002093113566
82.38266205787659,-0.5133403740670196,-0.752070064747059,2.015549412368661,115.48247472879744
82.44948840141296,-0.5154765850027858,-0.7475987065953975,2.0072667770888764,115.00791468401962
82.4826238155365,-0.5169548382596721,-0.7444485700616215,2.0022411902080712,114.71996976617318
82.54943585395813,-0.5189800484684712,-0.7400380095697808,1.9947318918511332,114.2897186632161
82.58263421058655,-0.5203557864294821,-0.7369933337493948,1.9893441262407148,113.9810224327334
82.64953994750977,-0.5223860355097306,-0.7324317596262142,1.981027817830852,113.50453305971911
82.68266367912292,-0.5237172677443688,-0.7293725269269291,1.9756523184184562,113.19653963061378
82.74946808815002,-0.5257484163232417,-0.7246456877183598,1.9678816081174304,112.75131072654617
82.78267192840576,-0.5270371478617126,-0.7215676201960617,1.9625257733899302,112.4444440008908
82.84936618804932,-0.529010460000178,-0.7167990616570783,1.9537253019312404,111.94021412858254
82.88266158103943,-0.5303658853046357,-0.7134547139373423,1.9478362219309375,111.60279469935028
82.94942593574524,-0.5321691563217297,-0.7088726778465896,1.939770222462102,111.14064697223125
82.98263049125671,-0.5333153770712344,-0.7058888839490063,1.9342148607371372,110.82234819172224
83.04949140548706,-0.535148599594807,-0.7010808131662847,1.925504170073524,110.3232623800532
83.08269190788269,-0.5363075242834143,-0.6979466895613042,1.918942191231606,109.94728868715715
83.14939284324646,-0.5378566943676372,-0.6936294992163146,1.909321993095359,109.39609193587059
83.18262052536011,-0.5391206320686223,-0.6900994358460716,1.903112587820612,109.0403192203413
83.2493827342987,-0.5406564890327147,-0.6856106784711318,1.8939858403376022,108.51739510888319
83.2826886177063,-0.5416202254277043,-0.6827051096988455,1.8876660419981217,108.15529733665718
83.34944558143616,-0.5431212959235797,-0.6781250781249687,1.877476105520822,107.5714569830015
83.38264298439026,-0.5439950603824445,-0.6753289728379027,1.870666052917981,107.18126971059664
83.44948506355286,-0.5452672747156287,-0.6711708254787133,1.8608422409554137,106.6184067464114
83.48260593414307,-0.5462375266322275,-0.6679666499941128,1.8546501739856585,106.26362744258205
83.54937839508057,-0.5475773569269158,-0.6633878400190689,1.8456330353315327,105.74698345441637
83.58260488510132,-0.5485356027381418,-0.6600392313875473,1.8398195357266875,105.41389446285777
83.64941000938416,-0.5497713445146722,-0.6555306856772178,1.831010884679429,104.90919593464638
83.6825897693634,-0.5504779136480038,-0.6528192761136791,1.8251787297666857,104.57503807267969
83.74934673309326,-0.5515964274311412,-0.6484973773396329,1.8172152938439616,104.11876680388472
83.78262186050415,-0.5524257050032958,-0.6452535418149802,1.8120353408221173,103.821977357657
83.8494279384613,-0.5535679763019801,-0.640624029504873,1.8048294579313584,103.409110680351
83.8826425075531,-0.5542780559061599,-0.6376348887691248,1.799588146500543,103.1088056562516
83.9494948387146,-0.555292005783612,-0.633253047014785,1.7923907805924708,102.69642696610772
83.98258304595947,-0.5560706538539529,-0.6298661072369532,1.7881305154376455,102.45233175312958
84.0494065284729,-0.5571051013387314,-0.6251853694643303,1.7813808646941192,102.06560525233819
84.08267068862915,-0.557842390000267,-0.6217833461860882,1.77676144881333,101.80093221855327
84.14945244789124,-0.5588624981689778,-0.616911184824919,1.7695490686877138,101.38769327711141
84.18265700340271,-0.5595862261349721,-0.6133716237552109,1.7646809254277398,101.10876921424985
84.24944543838501,-0.5605862417811946,-0.6082909716429573,1.7569837238332298,100.66775204882306
84.28264260292053,-0.5611989733579735,-0.605019690655357,1.7515548851136824,100.35670250253578
84.3494439125061,-0.5621015766675541,-0.6000678353780446,1.7431864777884787,99.87722808155524
84.3826653957367,-0.5627284360065773,-0.5965132655340314,1.7377644235777598,99.56656725898992
84.44938707351685,-0.5635642001925801,-0.5915271580564817,1.7294733085775613,99.09152136202094
84.48262429237366,-0.564114736802497,-0.5880965238675097,1.7239128602845373,98.77293114262994
84.54942345619202,-0.5649067079605109,-0.5829695522885888,1.7152524536693503,98.27672639471255
84.5825846195221,-0.5654567999363225,-0.5792619472243709,1.7093769039131743,97.94008219136454
84.64947128295898,-0.566176464242738,-0.5740772207865361,1.700695962648249,97.44270089468336
84.68263697624207,-0.5665775267896433,-0.5709090660063777,1.694431784051674,97.08378989898344
84.74943423271179,-0.5672204223814565,-0.5657467908116369,1.6848931299547443,96.53726527699419
84.78272867202759,-0.5676359742288478,-0.5621745210333275,1.678915109828112,96.1947499538939
84.84944939613342,-0.5681359834063308,-0.5574110757017826,1.6703318984420112,95.7029681668017
84.8826162815094,-0.5685047060338285,-0.5538127619688955,1.6647210548708937,95.38149051066854
84.94942474365234,-0.5689917113627979,-0.5486501993030937,1.6561648426669837,94.89125566276617
84.98262596130371,-0.5692544585703018,-0.5454628586559935,1.6498487105552506,94.52936794991682
85.04939603805542,-0.5696494051776635,-0.5404548453013839,1.640056444267426,93.96831241975622
85.0824830532074,-0.5699087448566718,-0.5368514370544549,1.6334296114158562,93.58862286582263
85.14942264556885,-0.570249104396283,-0.5315287747059434,1.6235844731429099,93.0245379940601
85.18262505531311,-0.5704058939176178,-0.5283321843957618,1.6174534612839302,92.6732568903959
85.24942922592163,-0.5706611477830593,-0.5230115751809866,1.607839052431741,92.12239184065224
85.28264427185059,-0.5707690126872064,-0.5198158185017369,1.600732594885911,91.71522181598729
85.34939384460449,-0.5709266878768515,-0.5146445249368703,1.5913064940565986,91.17514602120292
85.38267016410828,-0.5709753224349418,-0.5115829263375443,1.5851287319368215,90.82118632490389
85.44947242736816,-0.5710406333237155,-0.5067232397232734,1.576916784159206,90.35067637566469
85.48266410827637,-0.5710755593322318,-0.5031069512747451,1.5714296719891123,90.03628800660346
85.54943370819092,-0.5710768432747498,-0.4980871257673666,1.5623204245815563,89.51436657561001
85.58262395858765,-0.5710389516818377,-0.4950408298731105,1.5558317172043523,89.14259102840082
85.64939045906067,-0.570967339643974,-0.4900390553774637,1.5462469577946862,88.59342476657865
85.68259978294373,-0.5708863601470907,-0.48670327192325485,1.540349421994759,88.25552085571552
85.74937605857849,-0.5707384636145373,-0.4812725535725885,1.5299958540517926,87.6623051096816
85.78262162208557,-0.5705978629003272,-0.4783540203698679,1.523309378572499,87.27919828490035
85.8494918346405,-0.5703686108406236,-0.47394675593327895,1.5135746808921615,86.72144119298122
85.88298845291138,-0.5701858260621547,-0.4706061339362451,1.5075770472139574,86.3778020961546
85.9494309425354,-0.5698902063866614,-0.46609694274682906,1.4982345538319375,85.84251665523595
85.98266172409058,-0.5696609235651101,-0.4628812705932512,1.4924505316448302,85.51111659530469
86.04946899414062,-0.5692676973549188,-0.45755588998063446,1.484014240735858,85.027752731476
86.08262157440186,-0.5689857370570728,-0.45436687665891995,1.4784732187031837,84.71027555481476
86.14942240715027,-0.5685431518123701,-0.4496860526512797,1.4707441192197062,84.26743077497474
86.18261933326721,-0.5682560923530491,-0.4470412373673708,1.4648896307177435,83.93199329260442
86.24939846992493,-0.567740875962039,-0.4420332402223557,1.4562460983982293,83.43675537061132
86.28264617919922,-0.5673760295227043,-0.4388497857877192,1.4509382545914882,83.13263832217041
86.3494246006012,-0.5667906955824965,-0.43393608890484714,1.4439467942723294,82.73205715324943
86.38266253471375,-0.5663716893016384,-0.430622049556158,1.43949296631612,82.47687160868125
86.44937300682068,-0.5657223634408243,-0.42568735596966295,1.4316538700002228,82.02772447458379
86.48262071609497,-0.5653305273783428,-0.42305676142489257,1.425717086491007,81.68757183562285
86.54938244819641,-0.5646464074121094,-0.4183422987140667,1.4170199297962291,81.18926146324814
86.58262705802917,-0.5641237086348434,-0.4148850700000706,1.411514075747089,80.87379926361739
86.64945459365845,-0.5633421874550542,-0.4099945351970146,1.402558490203033,80.36068200887462
86.68258261680603,-0.5627862300138593,-0.4067049075227292,1.3963794728193906,80.00665039125393
86.74940657615662,-0.5620019575191464,-0.4023611233900135,1.3871544174311072,79.47809365173087
86.78257322311401,-0.5613800005257187,-0.3989373895957211,1.381542876095601,79.15657601664317
86.84943127632141,-0.5604284694668555,-0.3939205784542545,1.3728796547574647,78.66020999698027
86.88278412818909,-0.5597297682308847,-0.39037691383551654,1.3668545601410438,78.31499750429236
86.94937443733215,-0.5587078483950559,-0.3854480427627112,1.3580966924486564,77.8132086479846
86.9826238155365,-0.5580484429138578,-0.38245186720945,1.3529186954419725,77.51653127317023
87.04944586753845,-0.5569208709154655,-0.37730472785872265,1.3456044341558695,77.0974549712206
87.08295941352844,-0.5561979980091525,-0.37418252817231934,1.3396713835261194,76.75751621049848
87.14947748184204,-0.5550790932963463,-0.36945288009328064,1.330047801347277,76.2061255678535
87.18262124061584,-0.5543127286204133,-0.36634412755365897,1.3231592404225,75.81144009994505
87.24938082695007,-0.5529877958861051,-0.3610036133949812,1.3141829701843264,75.2971376995288
87.2826361656189,-0.552122552011315,-0.3577261308915711,1.3086767632900242,74.98165528335946
87.34944653511047,-0.5507477067580809,-0.35257621999402317,1.300766739966954,74.52844433109749
87.38289451599121,-0.5497890419330529,-0.34909878184143645,1.2946835628223978,74.17990395468397
87.44946479797363,-0.5484290082088279,-0.3443458708087349,1.2845491042011252,73.59924224803508
87.48262119293213,-0.5474842328148161,-0.34114924025198734,1.2781159229611765,73.23064811414328
87.54943299293518,-0.5460648168058622,-0.3364664387703921,1.2686110652685965,72.686059883486
87.5826153755188,-0.5451416216061461,-0.33354242118007593,1.2624776334593595,72.33464012688542
87.64936757087708,-0.5436344508860773,-0.3287993292118689,1.253049910973777,71.79447141804096
87.68264317512512,-0.5425187485110875,-0.3253638226598082,1.2467095777848964,71.43119708561139
87.74943161010742,-0.5409162400447453,-0.32059869801811647,1.2376935979505044,70.91461949292565
87.78262996673584,-0.5398650928790564,-0.31758150511256333,1.2320264918720572,70.5899182325777
87.8493926525116,-0.5382892512989647,-0.313138802303792,1.223629940926279,70.10883130091803
87.88265323638916,-0.5371712011239042,-0.3100364390276838,1.2184640220716678,69.81284595324175
87.94937086105347,-0.5355734926802348,-0.30572740789318803,1.211029857498061,69.3868996989684
87.98268365859985,-0.5344461790253884,-0.3027240572908139,1.2069410227600272,69.15262672535259
88.04940843582153,-0.5328330088378533,-0.2985123013221333,1.2012598171574167,68.82711762177694
88.08268880844116,-0.5314563900165364,-0.294879954055622,1.197282776348688,68.59924996848548
88.14929819107056,-0.5296308448378,-0.2902209457721479,1.1914632127590572,68.26581353619163
88.18261361122131,-0.528348761151319,-0.2869920906826367,1.1875966314626585,68.04427474676376
88.24932146072388,-0.5264185691663592,-0.282196663261138,1.181386281657886,67.6884479136504
88.28267812728882,-0.5251499956255515,-0.2791136717757938,1.176082582000964,67.38456830750378
88.3494062423706,-0.5233673659070971,-0.2748754644011096,1.1666794123750925,66.84580637389575
88.38263535499573,-0.522056583765504,-0.27180189425766427,1.159998090241879,66.46299481409527
88.44938778877258,-0.5198585311445655,-0.2666987944796954,1.1498640767027108,65.8823586087725
88.48295092582703,-0.5185408676983699,-0.26378038458532055,1.1436908153890046,65.52865678966575
88.54944157600403,-0.5165116945231762,-0.2593403561297475,1.1346860224801913,65.01272016060142
88.58265686035156,-0.5151533024186461,-0.25643723378379624,1.1281630321659752,64.63898034579212
88.64956283569336,-0.5131332497190563,-0.25219633920194556,1.1183686004467859,64.0778007455535
88.6826241016388,-0.5116216668435086,-0.24906194913374402,1.1118280788467594,63.70305646205783
88.74951076507568,-0.5093535446765445,-0.2444557531991894,1.1029094112485254,63.192054449798945
88.78264665603638,-0.507790447521887,-0.24135199556332929,1.097149283339868,62.862023431177356
88.84946775436401,-0.5056777334342951,-0.2372695245388194,1.0884849727111838,62.36559499976342
88.88262629508972,-0.5041888975142228,-0.23442984603662526,1.0825864823871818,62.02763639869935
88.94950413703918,-0.50186509242316,-0.23004369246905113,1.0735696080731074,61.51100755610297
88.98261785507202,-0.500093801226792,-0.22674047943409537,1.0684788061682635,61.21932609261825
89.04946255683899,-0.4977291178431323,-0.22245222066753306,1.060622079295186,60.76916880200389
89.08261632919312,-0.4961611853557844,-0.21966248550293987,1.0552030674925017,60.4586822965785
89.14943790435791,-0.49383267202688563,-0.215572913198633,1.045606210416314,59.90882288952269
89.18260312080383,-0.49216140375315237,-0.21267982299136062,1.0382304445409662,59.48622263418865
89.24934887886047,-0.48963839542349497,-0.20839186163570853,1.0275182034376567,58.872456429842444
89.28263354301453,-0.4879125389519762,-0.20552951970783412,1.0210017518025127,58.49909125374757
89.3493435382843,-0.4853764519396933,-0.20139946165860828,1.0109819956760715,57.92500151595214
89.38270592689514,-0.4837381505562059,-0.19879979544933665,1.0041402320675736,57.53299733675902
89.44943571090698,-0.48094003860548845,-0.19437089404901003,0.9949534648016716,57.00663434505389
89.48261523246765,-0.47905136155164474,-0.19145101149634683,0.9888655952298784,56.65782511236402
89.54932928085327,-0.47629010521500753,-0.18725789370083062,0.979899065113937,56.144080779843634
89.58269906044006,-0.47457149136876703,-0.18471780222389286,0.9735254309319927,55.77889844105791
89.649418592453,-0.4719240381209632,-0.18083977287358965,0.9644291965916486,55.25772260389422
89.68260073661804,-0.47002388424440694,-0.17809043668659086,0.958709809822814,54.93002588063703
89.74938893318176,-0.4671732578269456,-0.174023173605264,0.9501627820640195,54.44031726267695
89.7826521396637,-0.4651557919869672,-0.17118795311060953,0.94430104780227,54.104464628851474
89.8495466709137,-0.46222118015017155,-0.16713225699190826,0.9352398645307973,53.585297070001545
89.88264298439026,-0.46016063817276986,-0.1643297157234687,0.9300799789321518,53.28965740242882
89.94942784309387,-0.4574843114123392,-0.1607791187281311,0.9222503123235323,52.841050550760414
89.98256635665894,-0.45539147570872307,-0.15799980600657845,0.9165332650516573,52.5134878708052
90.04937887191772,-0.4524453121306631,-0.15416283611128967,0.9077391735579795,52.00962354356556
90.08259797096252,-0.450228901682416,-0.15130191697974707,0.9021988588293879,51.69218689244309
90.14936780929565,-0.4471201922789368,-0.14736909133844447,0.8939191578341847,51.21779496978768
90.1826241016388,-0.4449466093527792,-0.14465632706807682,0.8877766229655597,50.86585364630353
90.24946784973145,-0.44168389253788076,-0.14064201983917377,0.8788607394704543,50.35501115140364
90.28261947631836,-0.43938551363013384,-0.13785694823536443,0.872460846032328,49.988324268065526
90.349369764328,-0.436123830395192,-0.13398049819051702,0.8626899825496639,49.42849502831038
90.38264226913452,-0.43395235234092566,-0.13145070027753702,0.8562689797146597,49.0605986656231
90.44943308830261,-0.4308287069211275,-0.1278708123980285,0.8468016082033518,48.51815823494277
90.48263645172119,-0.4287907319084868,-0.12558019206691154,0.8404911481210764,48.15659550544261
90.54942202568054,-0.4254844102959938,-0.12188051703192956,0.8311870530971982,47.62351012838572
90.58263778686523,-0.4230596179686151,-0.11920159856181635,0.8255944794692082,47.303079262885724
90.64935779571533,-0.4198404289089028,-0.11573062583295601,0.8172614907556977,46.82563417887142
90.68261504173279,-0.41800450010336204,-0.11380893927385077,0.8116370692102137,46.503378562112744
90.74939775466919,-0.41453796559369444,-0.11013307070164549,0.803328313594506,46.02732193232707
90.78267121315002,-0.4122228046791458,-0.10772552336726235,0.7975725388520134,45.69754033175425
90.8494484424591,-0.4086562603129634,-0.10405862586465027,0.788910871195177,45.201263331472546
90.88268542289734,-0.40639382911524213,-0.10178635456917264,0.782790284175912,44.85057952712611
90.94934320449829,-0.40306050909128077,-0.09848263953052011,0.7738002101028316,44.335486225228614
90.98264503479004,-0.4008610114142763,-0.09634106482984979,0.7675563353730944,43.97773855540629
91.04944944381714,-0.3976106862977184,-0.09321682961900492,0.7590181213325269,43.48853492630243
91.08275485038757,-0.3950954360608073,-0.09080932293319269,0.7539862909724819,43.200232283446056
91.14938831329346,-0.39169178705894075,-0.08761997181246407,0.7467080084193629,42.78321741104864
91.18258810043335,-0.3894333311510117,-0.08553494700944056,0.7415063078831244,42.48518192403123
91.24939250946045,-0.38581171296759215,-0.08220691142322703,0.7327847935901027,41.98547596407807
91.28258681297302,-0.3830362765697886,-0.07968068211889695,0.7270622315667552,41.65759731213841
91.3493161201477,-0.37939479060248216,-0.07644913248360485,0.7185055867208661,41.16733767567659
91.38263273239136,-0.3773738815344434,-0.07471585546297625,0.7125985806661284,40.8288911591819
91.44946718215942,-0.37376743590362344,-0.07159479570980229,0.7028991398254782,40.273154135375826
91.48260736465454,-0.37162012867365446,-0.06979288823592109,0.6964264288695081,39.90229511559065
91.54935455322266,-0.3678844206832167,-0.06665248514409433,0.6870764874687857,39.366582934634614
91.58260178565979,-0.3652034697666495,-0.06443414819414828,0.6815020640021832,39.0471919967796
91.64959669113159,-0.36146009693391196,-0.061398741037078736,0.6740934049557712,38.62270710156878
91.682621717453,-0.35895480185996426,-0.059397791250329714,0.6696811547681447,38.369903787661976
91.74943900108337,-0.3550722768534639,-0.05631817839961835,0.6631882885437905,37.99788995606344
91.78262686729431,-0.3525449379017541,-0.05434639956870279,0.6582859669945922,37.71700762147834
91.84937071800232,-0.3490612395683336,-0.051672703166827094,0.6502787487120233,37.25822780824715
91.88244152069092,-0.3465063338698932,-0.049723725166980426,0.6447666698010898,36.942408950307595
91.9494218826294,-0.3425819523962891,-0.046762931233631,0.6369697965442659,36.495681019293166
91.98261499404907,-0.3398964714468874,-0.04476937103122291,0.6313611548993525,36.17432952423832
92.0493733882904,-0.33611851867225007,-0.042014639193707,0.6228191512885308,35.68490876875273
92.08262658119202,-0.3336200778419691,-0.04022570385358307,0.6168836717592159,35.344830842336684
92.14938926696777,-0.3294887640141952,-0.037280543469900854,0.6075108489561187,34.80780765359524
92.18259382247925,-0.3270762041338402,-0.035618315568717224,0.6010296428075277,34.43646189512673
92.2493531703949,-0.323014024591546,-0.032824066702638675,0.5912731497670952,33.87745602106119
92.28260660171509,-0.32035205482109164,-0.031037147036579855,0.5849353559097131,33.51432718160926
92.34935593605042,-0.31657254533956936,-0.028547135258960757,0.5755342875363367,32.97568564090087
92.38264417648315,-0.3137731454914113,-0.026720527734121955,0.5691442168306575,32.60956155867527
92.44969892501831,-0.3097300511238741,-0.024132495848030018,0.5591736460293268,32.03828993242265
92.48258090019226,-0.30701129585222087,-0.022430259502800347,0.5531484327973177,31.69307064356215
92.54942870140076,-0.3026860905718225,-0.019747045231303013,0.5437793128021197,31.156259610085673
92.58259057998657,-0.30017229949681384,-0.01824358854980914,0.536809877367403,30.756940374087485
92.64942121505737,-0.29641150846993103,-0.016023394630258387,0.5270535940520684,30.19794651638491
92.68258428573608,-0.29352574409693977,-0.014329808551176795,0.520754607848009,29.837041191681173
92.74938201904297,-0.2896219915491122,-0.012100496463370263,0.5114707488619579,29.30511525418584
92.78300857543945,-0.28671134587655095,-0.010453508376089524,0.50514789404457,28.942842358675552
92.84947943687439,-0.28277153667702465,-0.008284559165328517,0.4963782865544167,28.440380861503453
92.88262391090393,-0.28041948870343475,-0.00703010571821735,0.49041241326300977,28.098561500796016
92.94937133789062,-0.27639787674252314,-0.0048769115304499525,0.48071103884545885,27.542713691194162
92.98258543014526,-0.2735555211946538,-0.0033838287149603914,0.4744948776812659,27.18655389171278
93.04945278167725,-0.26933934852671115,-0.001210314895672169,0.46594806587835264,26.696857647113248
93.08260798454285,-0.26635589633157797,0.00030104161652503084,0.46091964398623914,26.40875029508396
93.14937090873718,-0.2620629508164621,0.0024346642072004786,0.4532324528148406,25.968306684652593
93.18262577056885,-0.25881941398511077,0.004033184690517656,0.4484775676282036,25.69587183138902
93.24973464012146,-0.254443905626983,0.006133986785167092,0.44175683897223467,25.31080244414937
93.2825870513916,-0.2515502830557211,0.007499101492195473,0.4372684927847819,25.053639150614693
93.34943652153015,-0.24730032873767524,0.00947798604666248,0.43009766114354614,24.642780761973015
93.38266444206238,-0.24475132334445412,0.01063167777675526,0.425341812157841,24.370290687090538
93.44948530197144,-0.2404227276339259,0.012597881006564456,0.41869175328983543,23.98927038044027
93.48258590698242,-0.23773705095229736,0.013785542372781873,0.4139619592720982,23.718273145257704
93.54939031600952,-0.23313500614074378,0.015823708494261006,0.4058434546770929,23.25311709600633
93.58269381523132,-0.23043568652161878,0.01697333107467169,0.40030998679607027,22.93607274035254
93.64943218231201,-0.22604664609211414,0.018835032366946742,0.3921554943113131,22.468854736904802
93.6826503276825,-0.2229564574816888,0.02012065073365472,0.38748782622147276,22.20141705518906
93.74936175346375,-0.21876774421548256,0.02181981655773708,0.37984657570695607,21.763605650505088
93.78258228302002,-0.216040391587325,0.02290173404388303,0.3748732484502298,21.478654988557295
93.84943151473999,-0.2114928071676365,0.02470237166157948,0.36760140321747414,21.06200894744807
93.88260221481323,-0.20837428516039505,0.025910826944149343,0.36315786147089485,20.807412759278886
93.94932079315186,-0.2037521562204791,0.027672252448220403,0.3566237878291934,20.433037916581718
93.98260140419006,-0.20061970366192902,0.028842006583001484,0.351821455402273,20.157884536700358
94.04942178726196,-0.1956778550511842,0.03066739964872267,0.34315484547448183,19.661324365151746
94.08258509635925,-0.1929173660502131,0.03163685161453671,0.3366871027331842,19.290750003099017
94.14930772781372,-0.18822665964883153,0.03328154944080154,0.3277637538932581,18.779479775448294
94.18244957923889,-0.18531800977253254,0.03426256774782828,0.3215915656231436,18.42583943721058
94.24939846992493,-0.18048411388743474,0.03588300721786832,0.31317608062170615,17.94366766407257
94.28259682655334,-0.1773082009502278,0.036912873364624954,0.30742007949769784,17.613873092794336
94.34937572479248,-0.17241332904700296,0.038473357532082586,0.2991150750019078,17.13803138634839
94.38261270523071,-0.16986466194641936,0.039231227052566195,0.2940580633612244,16.848285962388704
94.4493420124054,-0.16569291662137436,0.04048099526978108,0.28646066918175705,16.41298734060797
94.48259902000427,-0.16235138704471183,0.04148140649806353,0.28090833964765327,16.094862291837984
94.54950523376465,-0.15761021907250297,0.042856225815169215,0.2714026821679636,15.550228236754801
94.58265519142151,-0.1545236974248132,0.04371432260241557,0.26559185288352705,15.217292243285563
94.64947319030762,-0.15002008515310997,0.044933922281627105,0.2572398745163733,14.73875913226309
94.68262910842896,-0.14717656449011177,0.045672653766880386,0.2521952999749639,14.449726301601189
94.74942755699158,-0.14297765217493127,0.046743000762106995,0.24414797586466588,13.988648593707241
94.78265237808228,-0.1399941367930647,0.0474891043461031,0.238103683946699,13.642336176662706
94.84947156906128,-0.13595323245015892,0.04845669235667789,0.22897386724801946,13.119236212100304
94.88268518447876,-0.1325607668549486,0.04927053065719348,0.22331078811356964,12.79476567864773
94.94944334030151,-0.12820681122372124,0.05025377586664402,0.21509418768894184,12.323989152371158
94.98264193534851,-0.12507040230730926,0.05094620352264147,0.2089647174014364,11.972796374246258
95.04954743385315,-0.12042106838416719,0.0519370648465685,0.19977579478815333,11.446309890232813
95.0826187133789,-0.1172774173045814,0.05257751877978357,0.19375029559941526,11.10107421725862
95.1494574546814,-0.11286559192916958,0.05343491720429453,0.1854186064955301,10.623703595390866
95.18261814117432,-0.10984363064453863,0.05400150054556201,0.17948926144056676,10.283977148464702
95.24936747550964,-0.10530914754278484,0.05482428792464232,0.1702663251491252,9.75554182424706
95.28258967399597,-0.10268031118539246,0.05526069312232057,0.16434679881146952,9.416377948382857
95.34944367408752,-0.0977631303461948,0.05609759520038697,0.1563824950356456,8.960056955268042
95.38261818885803,-0.09446113486599714,0.05662668803442958,0.15132453244024013,8.670257045616273
95.44950890541077,-0.08971977262847815,0.05735040938074834,0.14280688202071845,8.182231625209845
95.48260974884033,-0.08627902935157221,0.05785596121628635,0.13685136538227294,7.841005657006977
95.54937028884888,-0.08134717644158054,0.058537876159461634,0.12824482549109018,7.347887245031222
95.58263039588928,-0.07803577888770062,0.058965576172702955,0.1228431464123072,7.038393831532844
95.64938735961914,-0.07321861139737519,0.05955565575072839,0.11326371560339334,6.489532876044486
95.6825942993164,-0.0700368311716778,0.0599144806216498,0.10651211013390062,6.102694377705111
95.74940466880798,-0.06537259096409216,0.06040568894467301,0.09662850022417713,5.536405243524278
95.78258895874023,-0.061914798272019414,0.06075204811735124,0.09043588967622274,5.181594794958296
95.84930515289307,-0.05694807564793323,0.06120481401972532,0.08168323089163332,4.680104387083217
95.88259387016296,-0.053487249407088475,0.061494810524211505,0.07646114866382758,4.380901115159674
95.94944930076599,-0.04891450272894174,0.06182837331420539,0.06873091730635084,3.9379914837165715
95.98294138908386,-0.04598970501462805,0.062018308252131116,0.06343109030818406,3.6343337645721268
96.04953861236572,-0.04107664373065195,0.062338240666358666,0.055158617798502174,3.1603560036293588
96.08263611793518,-0.03774007605012826,0.06252786356529749,0.049980327328677625,2.863661814615596
96.14933443069458,-0.03263624070476223,0.06279161234377287,0.042460695066812715,2.4328186225203234
96.182612657547,-0.029436113187374133,0.0629228180831122,0.037038168837332464,2.1221307552721176
96.2494330406189,-0.024165271652604153,0.06312978926595793,0.028207764883227966,1.6161858773062958
96.28257155418396,-0.021106160583540406,0.06320412503544437,0.022527764631138147,1.2907458352283057
