time_s,x_m,y_m,yaw_rad,yaw_deg
0.01474761962890625,0.0,0.0,0.0,0.0
0.08160758018493652,0.0,0.0,2.1575928648223663e-06,0.00012362096506186193
0.11460232734680176,0.000432444055349702,-1.3831580604145799e-08,0.0003244171874223767,0.018587735640806798
0.18142151832580566,0.0019378340312323843,8.921599344688847e-08,0.00104837885261988,0.06006768358588688
0.21462106704711914,0.003596087853544943,1.2818537728027306e-06,0.0018697079662013463,0.10712637538532592
0.28142786026000977,0.00535408425970216,3.6217586677564774e-06,0.003387093298069299,0.1940661507964174
0.31466007232666016,0.007818570132998545,1.055915410322247e-05,0.007048902717047056,0.40387237588509506
0.38138651847839355,0.01023873852741536,2.3176334834121824e-05,0.009696819035524662,0.5555868054376806
0.4147152900695801,0.012806922612369983,4.8443415805413494e-05,0.013528269298947126,0.7751127349460754
0.4815821647644043,0.014809337855149894,7.409438996777793e-05,0.016566577949061134,0.9491949974556984
0.5147237777709961,0.018009909568409237,0.00012428195604820985,0.020744084899653625,1.1885485146112145
0.5813512802124023,0.020004332512813392,0.00016624198306387815,0.02294083610548192,1.3144130873454503
0.6146461963653564,0.02357330330447757,0.00024491375003056536,0.026470735309929605,1.5166614138668895
0.6814010143280029,0.02596941147367676,0.0003078211649602386,0.030458411459290957,1.7451384272902746
0.7147502899169922,0.02994225966839531,0.0004248678718778016,0.03793514758030536,2.1735238515574142
0.781376838684082,0.03233179339817654,0.000518077730378213,0.04354114319764735,2.4947237403999467
0.8147192001342773,0.035949121062958514,0.0006784155449876224,0.05203006173349367,2.981102945134315
0.8813841342926025,0.039024977485916316,0.0008293611385361019,0.05725718571112681,3.2805950880443295
0.9146907329559326,0.04328972048429103,0.0010716519480190245,0.06467602804883521,3.70566344286799
0.9814093112945557,0.04651136487406579,0.0012741125562414776,0.0702195293671597,4.023282672133191
1.0146870613098145,0.0507175922958565,0.0015751808414740253,0.0781367232664758,4.476904468150727
1.081479787826538,0.05337147609238458,0.0017907965232190938,0.08343253296577124,4.780332013024801
1.1147310733795166,0.05770762604584414,0.0021548930827979063,0.09149042222757453,5.242015059509916
1.1815388202667236,0.06008696086693494,0.0023873857564258804,0.09749353716711662,5.585968209477611
1.2147071361541748,0.06438933786001072,0.002807212926828012,0.10635068168405493,6.093445208835614
1.2814078330993652,0.06730206704522987,0.0031183388489898862,0.1122168337457752,6.429550963954151
1.3147108554840088,0.07121521704695,0.003571307244995107,0.12079797271034254,6.9212140100391215
1.3813633918762207,0.07386921853856568,0.0038994816971403383,0.12710450064650436,7.282551444162543
1.4147281646728516,0.07815026732952518,0.004445309552513245,0.1367285884478493,7.833971056842948
1.4813930988311768,0.08064696153941853,0.004800157015682297,0.1434652059423609,8.219950807472458
1.5147216320037842,0.08421349119028328,0.0053321216811792905,0.15305100212934875,8.769176472259458
1.5812947750091553,0.08684804029029893,0.005739361386688218,0.1589295511505604,9.105992520835647
1.6146519184112549,0.0906429948333063,0.006353603406017216,0.16745612158066076,9.594529020201445
1.6813664436340332,0.09341547190779421,0.00681897747203962,0.17318146913864532,9.922567271519494
1.7146925926208496,0.09778649419156701,0.007574848638756679,0.1811968067560579,10.381812288369678
1.7815966606140137,0.10080880521792333,0.008123549217481688,0.18641058835889582,10.680539969515245
1.8146474361419678,0.10511844525960579,0.008938063984275013,0.19395580398250714,11.112848980264344
1.8813588619232178,0.10785934321824092,0.009482740867571065,0.1985538062657475,11.376295105285532
1.914773941040039,0.11173328390385098,0.010275731884634653,0.20571700386767947,11.786716095694466
1.98138427734375,0.11487401993662705,0.010921530287861563,0.21118612976945483,12.100073927491875
2.0149879455566406,0.119175718534448,0.0118463723784273,0.2196606690945542,12.585629264137713
2.0813562870025635,0.1216425308703996,0.012411961806349013,0.22574558429719985,12.934269223944302
2.114715337753296,0.12531669898854061,0.01327136264051277,0.2347396790693548,13.449592894929458
2.181641101837158,0.12792475709214032,0.013898041213296157,0.2406271876258317,13.786922287062746
2.2146124839782715,0.13194960200155142,0.014884848421328258,0.2492359366035766,14.280167270375088
2.2813479900360107,0.13505851241546504,0.015662287216250216,0.25512085700756826,14.617348372294234
2.314570903778076,0.13944666760634478,0.016803272588518537,0.26296169252555357,15.066595155331065
2.3815767765045166,0.1418796180313261,0.01747437197217646,0.2684101697426886,15.378769904646086
2.4146785736083984,0.14566270496799674,0.018527311617362704,0.27681543225972494,15.860355972571776
2.481372594833374,0.14837551053487627,0.019297842094883236,0.2828992791181735,16.208934720764802
2.5147035121917725,0.15210344916551113,0.020391857575303447,0.29176636696621205,16.71698143102915
2.5813682079315186,0.15479817615818614,0.021199320829983923,0.2983314859520516,17.093135040918966
2.614614963531494,0.15822821172016258,0.0222723232699782,0.30777839311343946,17.634402950718403
2.681333541870117,0.16065122400792708,0.023045968429847442,0.31353965754746366,17.964499087446814
2.71470046043396,0.16496834262525484,0.024425017872587527,0.3218635871400429,18.441425122065656
2.781357526779175,0.167368005340039,0.02523583915305832,0.3278416271358164,18.783941583583882
2.814598560333252,0.17172132842198704,0.02670065005493868,0.33680471108005333,19.29748846501013
2.881397247314453,0.17463610477616026,0.027715781530170562,0.34328026833130476,19.668510565502174
2.9145493507385254,0.1782236957997246,0.029020295883952916,0.35289963581190964,20.219659723726224
2.9812846183776855,0.18020916885762522,0.029778173300339255,0.35937886995872814,20.59089249481597
3.0145392417907715,0.1839221394642721,0.03117156953126011,0.3694691663626406,21.169023892796186
3.081296920776367,0.18616118308139373,0.032048692758871226,0.3769643457114729,21.598466036177893
3.1145477294921875,0.19024187060225925,0.03364389495754887,0.38803245907748396,22.23262221922266
3.181328296661377,0.19284424025812816,0.03470558401549341,0.39461434650763927,22.609736590200768
3.2146217823028564,0.19602648979874976,0.03605816124482033,0.4042527718885518,23.161977685678828
3.2813756465911865,0.19862632132610986,0.0371606614676998,0.41002862923446015,23.492909934669008
3.314613103866577,0.2024057995185328,0.03879756725184803,0.41802071414520636,23.950822669564957
3.381335496902466,0.20498242324652366,0.03993891546355548,0.4235602248714998,24.26821325474902
3.414620876312256,0.20850953423138713,0.04153864421900097,0.43277394215104176,24.796120368493533
3.4813382625579834,0.21030935978730603,0.04239939923246118,0.43996624775106424,25.208209124343128
3.514580011367798,0.21332553049480787,0.04383388775298875,0.4510583038640941,25.843737125742024
3.581615686416626,0.2155031140414933,0.04488723574370032,0.45789284927124907,26.235327732462526
3.614562511444092,0.21845268550893843,0.04635179795985394,0.46760717235078664,26.791917445746556
3.681457042694092,0.22085202314749866,0.0475468207353383,0.47388922901092867,27.151852779034744
3.7150611877441406,0.22432534633724374,0.04931699467332692,0.4836241121972833,27.709620499665732
3.781435251235962,0.22645376554503469,0.05043919768595896,0.4898365945620413,28.065569519465818
3.8146190643310547,0.2297841889637314,0.05221232955118006,0.4983001512940781,28.550495599881064
3.8817145824432373,0.23190186833317852,0.053369025704596104,0.5040850810863886,28.881947661759945
3.914716958999634,0.23558204067171562,0.05537837085622373,0.5125733533995489,29.36828984066178
3.9813461303710938,0.2374387173304415,0.05644545802063741,0.5179263827634051,29.67499583082034
4.014611482620239,0.24070943651789367,0.058306873081140256,0.5260158729554525,30.13848947723713
4.081348896026611,0.24255570190541886,0.05939458067312677,0.5311173520243564,30.43078269715965
4.114738702774048,0.24577436814112125,0.06127940666928543,0.5381155660509753,30.83175082501417
4.181416273117065,0.24843414496491334,0.06284021592424553,0.5436223206992219,31.147264625172745
4.214619159698486,0.2515974708168018,0.06476259108637702,0.5524099471933006,31.650758535220803
4.281638860702515,0.25339830112617473,0.06589164680536273,0.5586069228519599,32.00581908620728
4.314639568328857,0.2564640721365341,0.06780940714172425,0.5676541187071158,32.524185225135966
4.381301403045654,0.2587393421939189,0.06924927200625905,0.5739013896089552,32.882127481286254
4.414592027664185,0.26252917824556515,0.07166722489252866,0.5832313629449097,33.41669557640604
4.481366157531738,0.2648681593372109,0.07320750236174335,0.5891376480757936,33.75510078700656
4.514596939086914,0.26822532630083645,0.07545590030595614,0.5977194456863919,34.246801570729296
4.581388473510742,0.2700952262861376,0.07675180696337965,0.6035243163699303,34.57939616151527
4.614668846130371,0.2733538233447751,0.07899484819380037,0.6124199905710497,35.08908074916282
4.681378364562988,0.27566183674500333,0.08060803299561203,0.6179791262835312,35.407595763228464
4.71465802192688,0.2786811343868194,0.08276861842212177,0.6265457419026248,35.898426682913374
4.781387567520142,0.2806213547935256,0.08418277723448575,0.6332362823926352,36.281766415652356
4.814668893814087,0.2834505331644792,0.08627282649346314,0.6434345214965749,36.866082474773386
4.881556034088135,0.28560846174584686,0.08788030242410955,0.6501063268920085,37.24834876566434
4.914613485336304,0.28850385630075603,0.09008751546163277,0.6599054354502685,37.80979632904316
4.981316804885864,0.29051366414944246,0.09164441547688182,0.6656464954539311,38.13873483718439
5.014663934707642,0.2933766063166002,0.09389732997421503,0.6741826779947395,38.627822069925976
5.0813493728637695,0.2955813345484316,0.09564211428025458,0.67969381890161,38.94358718419155
5.114643335342407,0.2988961300334808,0.0983021760592795,0.6877296831660776,39.40400829128555
5.181573152542114,0.3008553305570748,0.09991997510888125,0.69208936725196,39.65379978941696
5.214613199234009,0.30369693184081537,0.1022876342078186,0.6984359483402841,40.01743210011547
5.281489133834839,0.3055434536955053,0.10384607185473171,0.7024240347836131,40.24593262165157
5.314784526824951,0.3086578819370213,0.10646959255037136,0.7081768791193942,40.575546322287565
5.381593227386475,0.3105876425512096,0.10812585459353434,0.7125112567638254,40.823887868129326
5.414640188217163,0.31336512283393486,0.11053408110637127,0.7187545291176374,41.18160102435346
5.481388092041016,0.3154987743493321,0.11238904003175869,0.7231089107379738,41.431088713588075
5.514648914337158,0.3184729144163194,0.11501167168684934,0.7301210025107742,41.83285197772794
5.581329584121704,0.3207833840150586,0.11705962873129286,0.7340863326410667,42.06004865856976
5.614593505859375,0.32366793445256237,0.11967311414351905,0.7385829974509103,42.3176885740588
5.681347608566284,0.3259581607391314,0.12174306466980452,0.7412431700297684,42.470105235603796
5.714617967605591,0.3285131385755069,0.12411141910886508,0.7461682199918122,42.75228981231997
5.781390428543091,0.3305801072106745,0.12601452033255686,0.750487058010175,42.99974100317281
5.814619541168213,0.3330745237546484,0.12836324357883738,0.7577225260591236,43.41430278517932
5.8813841342926025,0.335023840600843,0.13020009487878706,0.7628668733969848,43.70905217598813
5.914610385894775,0.33766993104483356,0.13273605056436794,0.770761283671778,44.16136856647849
5.981378078460693,0.33960090471935067,0.1346032456027069,0.7756783106597015,44.44309346063843
6.014618635177612,0.3425267043345834,0.13746091715278802,0.7825564778246896,44.83718340997771
6.08138108253479,0.3442287706605385,0.13916457620994294,0.7870487851499255,45.09457365998943
6.114604711532593,0.34702143054536794,0.1419617101590116,0.7939014150385703,45.48720043117398
6.181365728378296,0.34870019594454205,0.1436786989497428,0.7985156937994948,45.75157912967181
6.214612007141113,0.3515608623221627,0.14660344062540476,0.8056206654743879,46.15866402020318
6.281461715698242,0.3534158933750391,0.14853278792432817,0.8107155019351776,46.4505766467158
6.314629077911377,0.3560625323459774,0.15132226780739869,0.8177870226367734,46.85574493765663
6.3813700675964355,0.35779577667921186,0.15317542376836646,0.822620807245944,47.1327003948374
6.4148478507995605,0.36049501303993836,0.15607998044786597,0.8303423750035575,47.575113638572944
6.481346845626831,0.3620219783782185,0.15776816090097567,0.8359443252303648,47.89608174361136
6.5147504806518555,0.36456013373685303,0.16057542512418982,0.843952865883443,48.35493732309168
6.581585168838501,0.3662486326226099,0.16247343906917144,0.849409974262981,48.667606601584694
6.614583730697632,0.36866043413256,0.16522194528430165,0.8578966358759827,49.153856494165375
6.681419849395752,0.3703242700840414,0.16714360645814694,0.8636727660164967,49.484804373135134
6.714682102203369,0.3732693521794128,0.17055062340976207,0.8721138971603715,49.968445561995594
6.781428337097168,0.37526533612938373,0.17290821917812632,0.8771975144779396,50.25971537895187
6.814653635025024,0.3779576540769418,0.1761486641099379,0.8854463054439528,50.73233628739006
6.881425380706787,0.3796512711971943,0.17822912156950993,0.8901765761366107,51.003360834033785
6.914612293243408,0.38246465075555525,0.18168826290678391,0.8959787076277427,51.3357984806556
6.9814581871032715,0.38431174537354507,0.1839949387859959,0.9000704463418804,51.57023783984597
7.014619827270508,0.38675432361218637,0.18709368976493995,0.9069026183818095,51.961692462641196
7.081356525421143,0.3884855639914713,0.18930624467037985,0.9114227863968765,52.22067901259456
7.1146204471588135,0.3909645464427367,0.19251193888131754,0.9182105195789507,52.60958747638832
7.181381702423096,0.3922453543279972,0.19422249706868044,0.9231534319758657,52.892795495234445
7.214622259140015,0.3946313112728628,0.19737104625962912,0.9312297995122308,53.35553726886464
7.281371116638184,0.3962283042060907,0.19951420145942217,0.9366585519448459,53.66658187127486
7.3146092891693115,0.39885775540555807,0.20306344446822752,0.944748074614016,54.13007737849371
7.381350040435791,0.40041822607402194,0.20522800046610498,0.949966867923342,54.4290922092692
7.414613723754883,0.4025895498668244,0.20828404354538224,0.9578259697937765,54.87938557720847
7.481560468673706,0.4042945734531423,0.21069027071819518,0.9627167991493231,55.15960945759998
7.514657974243164,0.40650556101977997,0.21387862037583905,0.9707087656132343,55.61751540599218
7.581352710723877,0.40801772967020233,0.21608826996042366,0.9760523126184557,55.92367809702114
7.614669561386108,0.41034347883270145,0.21951865602073994,0.9839382458262795,56.37550878735151
7.681369304656982,0.4117426930761559,0.22163419364902487,0.9896661342697284,56.70369262068288
7.714645862579346,0.4135234434649951,0.22438725567931145,0.9978718032413338,57.17384282083733
7.781392812728882,0.41498255183622434,0.22663481840728966,1.0030167770036007,57.468628103120764
7.81462287902832,0.41678108381443835,0.2294791694958102,1.0117957226386256,57.97162463658249
7.881410598754883,0.4181422173379456,0.23164428209499824,1.0177120540772835,58.31060545821815
7.914754867553711,0.4203534748273013,0.2351908277690217,1.026340781943393,58.80499514751315
7.981386423110962,0.42189103238678327,0.23770548367759084,1.0323004833779912,59.14646088687368
8.014614343643188,0.4237158110575972,0.24079025473139506,1.0408538746463796,59.63653410707639
8.081370830535889,0.4251485478457045,0.2432182861682493,1.0460568847730825,59.934644628100294
8.114659070968628,0.42683923334646845,0.2461756847853558,1.0545561361140567,60.42161585895902
8.181397914886475,0.42809924561141427,0.24839043747090592,1.0605705285405111,60.76621516133031
8.214621782302856,0.42987234369784666,0.2515654793940502,1.0696294040286336,61.28525049393424
8.281398296356201,0.4312362423934066,0.2540273847781735,1.0760527015833796,61.65327833437789
8.314446449279785,0.4328297056173358,0.25701437326349263,1.0849011428702866,62.16025667538697
8.381491899490356,0.4340223075094065,0.25926380275742567,1.09073380224733,62.49444344102896
8.414658069610596,0.43590766660800795,0.26285527624349025,1.1003660788818068,63.046332239286954
8.481379747390747,0.43699245476654214,0.2650016488198569,1.1059503871818652,63.36628953638018
8.514741659164429,0.43869500151926577,0.26839424450079535,1.1131877061278521,63.780957366975294
8.581373453140259,0.4398173889611062,0.2706723147783004,1.1179386994102352,64.05316923055085
8.61487627029419,0.44174905840406664,0.27459630008888036,1.1254455993540926,64.48328291456087
8.681351661682129,0.4429027821349943,0.27701593593739277,1.1301220334790658,64.7512228530928
8.714836120605469,0.44441374550920604,0.28025512460483354,1.1366129638087337,65.12312576609622
8.781361818313599,0.4456047008896799,0.2828031265240987,1.1406110428498302,65.35219882131076
8.814735174179077,0.44720519723118873,0.286299853986078,1.1468761980207791,65.7111657706007
8.881635665893555,0.44830826678622254,0.28873805468593405,1.1513046586975433,65.96489787711894
8.914625883102417,0.44980644093699296,0.29211510862898343,1.1570913182909832,66.29644904930193
8.981336832046509,0.4506522930212837,0.29407530591950687,1.160497655432435,66.49161779110578
9.014603614807129,0.45215263365009667,0.2975156210214808,1.1657293002406721,66.79136895852929
9.081379413604736,0.45315933392309854,0.29985778595504026,1.1701139327238348,67.04258989453048
9.114633798599243,0.45487355444190963,0.30385633901151926,1.177296579665741,67.45412525003425
9.181654691696167,0.4559566602314913,0.30645474834709474,1.1818525727090572,67.71516442290724
9.21464991569519,0.45747725722004434,0.31016903401271695,1.1890297784381332,68.12638801988041
9.281405687332153,0.4584156432035262,0.3125213034585573,1.1937470629535785,68.39666851337783
9.314625263214111,0.4599453589090834,0.3163707982389017,1.2007645590335922,68.79874142151222
9.3814218044281,0.4608595978282505,0.31874301545509126,1.2051665240298295,69.05095543736094
9.414664506912231,0.4621752278368399,0.3222030310666508,1.211731527781707,69.42710244483106
9.48138165473938,0.4630688693466398,0.32458762320945833,1.2165562555897758,69.70353898553282
9.5146005153656,0.4644433247486879,0.32829301406362565,1.2237440241031319,70.11536778546514
9.581300258636475,0.46535734552327523,0.3308130448770475,1.2280863159368947,70.36416278095388
9.614628791809082,0.46669565359490406,0.33455883119170987,1.2344988517241777,70.73157401754179
9.681411743164062,0.4674309219496315,0.336699200743566,1.2388715667940602,70.98211213605931
9.714659214019775,0.4687713270288582,0.34056152317311683,1.2466108860666514,71.42554246668304
9.781387090682983,0.4698153984312945,0.3436069412886712,1.2523410152831396,71.75385468685242
9.8146333694458,0.4711311422203524,0.3475966719106974,1.2601381763460404,72.20059910794038
9.881358623504639,0.47189821953187755,0.3500174735578405,1.26497861476025,72.47793580006758
9.914668798446655,0.4732008687031103,0.3541192066085275,1.2728009154233026,72.92612061414289
9.98142957687378,0.47393540790008537,0.35654201918676603,1.2776259178303402,73.2025728882066
10.014628171920776,0.47518854446592346,0.3606690072715147,1.2853259287782441,73.64375101772603
10.081376552581787,0.47593591762100057,0.36323128594834475,1.2909052686011036,73.96342364204514
10.114749908447266,0.47713698798433973,0.36738828361000087,1.299445309676223,74.45273195251785
10.181612014770508,0.4778491538347645,0.36996839539676146,1.3051854058707315,74.7816152384623
10.214686155319214,0.4790324360000769,0.3742772080349463,1.3132032240820557,75.2410023828743
10.281420946121216,0.4797050502550852,0.3768604488222916,1.3176289677205713,75.49457881456811
10.314615964889526,0.4807578881798861,0.380933215570234,1.3246924063014456,75.8992840341021
10.38145899772644,0.4815155322340567,0.38391601155151234,1.3301483953120243,76.21188917747801
10.414501190185547,0.48256201007489274,0.38817476988486377,1.3390906257308848,76.72424123991222
10.48141598701477,0.4830575798604785,0.3903756726563343,1.3444043266047814,77.02869387358147
10.514636754989624,0.48384864986403964,0.39388230423095655,1.3521625177131043,77.4732054807443
10.581531047821045,0.4845351419942066,0.39689109259104266,1.3578641681870653,77.79988598916103
10.614588499069214,0.48534970309753767,0.40068908382448803,1.3662697170951017,78.28148846608231
10.681511163711548,0.48598974574183146,0.4037027382514472,1.3712184020641756,78.56502722895007
10.714874982833862,0.48678954439054734,0.40767814822714304,1.3784280068328185,78.9781071541507
10.781365394592285,0.48735776042421164,0.41056330839321004,1.3831206908846951,79.24697814491158
10.814858198165894,0.48811132438259625,0.4145589644011445,1.3907705349544806,79.68528192404347
10.881324529647827,0.48855673010839257,0.4170502746565817,1.3958478019692206,79.97618789544906
10.91470193862915,0.48925511286203327,0.4210078272155703,1.4029744309118053,80.38451365601495
10.981646299362183,0.48970154684226375,0.4236462596911437,1.4078166267955723,80.66195104373041
11.014614820480347,0.4903790989396739,0.427740936314524,1.4146371371821527,81.05273750300661
11.081586837768555,0.4908708775642383,0.43079160179802933,1.4193784731346921,81.32439604234077
11.114692211151123,0.4915041349097909,0.4349492514481358,1.4273698381019757,81.78226752751482
11.181371450424194,0.49190582661703186,0.43773401015497293,1.4324439363873094,82.072991944099
11.214665412902832,0.4925327788072394,0.4421777940896075,1.4393732282190825,82.47001112107408
11.281440258026123,0.4929191847669921,0.44509279169468463,1.444329686148972,82.75399524179089
11.315043687820435,0.49338205504349886,0.4488786556847796,1.4519522050239007,83.1907334025831
11.381584405899048,0.49369618016609906,0.4515324401899787,1.4580286474691109,83.53888790914782
11.41469931602478,0.494272989523067,0.45639437945938544,1.4663837928541532,84.01760247692894
11.481407642364502,0.4945016286921527,0.458774128326929,1.4715871960907316,84.3157355214896
11.514744520187378,0.4948798287339106,0.4626712995476609,1.4799106817568972,84.79263612099852
11.581405639648438,0.49510367098531854,0.46519693087804914,1.48577052400758,85.12838035057509
11.614622831344604,0.49549463211904743,0.4696119484035198,1.4943197744590793,85.6182163194463
11.681380271911621,0.49567894011349917,0.4721387100410995,1.5000928747279776,85.94899059956002
11.714652061462402,0.49597657364808617,0.47629632172739517,1.5083493921645772,86.42205420215336
11.781478643417358,0.49616771030523227,0.47923406269342017,1.5134985326678683,86.7170782211118
11.814570903778076,0.4964082332482067,0.4834314734557471,1.5204153464421681,87.11338245805715
11.881297588348389,0.4965608608527834,0.48636909265902856,1.5253119909952062,87.39393952472194
11.914711236953735,0.49678469308260104,0.49101732693693206,1.5328272101108873,87.82452986216651
11.981414079666138,0.49690503818175363,0.4940890799482462,1.5376785189213769,88.10248938212219
12.014639139175415,0.49704879119039275,0.49851723021305927,1.544770256992308,88.5088160429988
12.081386804580688,0.4971314133935135,0.5015882888449595,1.550109408694171,88.81472690169564
12.114577293395996,0.49722018389559264,0.5060218928260625,1.557973173030752,89.26528740926722
12.181493997573853,0.4972555433641125,0.5089566903433698,1.5629741243087156,89.55182081104509
12.214669466018677,0.49729400516648453,0.5135250195488783,1.5704655628685549,89.98104862300545
12.281390905380249,0.49730164004301713,0.516733224603252,1.5753662542732476,90.26183755719038
12.314650297164917,0.4972837825526911,0.5214824165941873,1.5823416134636332,90.66149619938726
12.381370306015015,0.497240017850902,0.5242764083059779,1.5873532068043958,90.94863934644883
12.41466236114502,0.49716724178865424,0.529006479045915,1.5952062442906927,91.39858525077166
12.481406211853027,0.49709243633127564,0.5322129154932497,1.6005963659795341,91.7074164746042
12.51468276977539,0.4969509546695018,0.5362619593865312,1.608621724384836,92.16723564030784
12.581440210342407,0.4968376368189626,0.5397461508908065,1.6133944953078032,92.44069527077663
12.61466097831726,0.4966410493769602,0.54421712085462,1.6201622783488363,92.82846067568804
12.681443929672241,0.49648467787004014,0.5475678108841702,1.6243365748761533,93.06763024913941
12.714682579040527,0.4962435657550667,0.5517556006497794,1.6311661390745034,93.45893545361852
12.781418561935425,0.49607179299597465,0.5544142034822972,1.6360872059016458,93.74089181351562
12.814670324325562,0.49578608609750124,0.5587941086488917,1.643714526762925,94.177905107859
12.881422996520996,0.4955728772677447,0.5617256644474925,1.6495259345173405,94.51087424521661
12.914660453796387,0.49524100249141534,0.5658225987403056,1.6577320940051719,94.98105254988059
12.98140549659729,0.49497436152968144,0.5690279932982845,1.6631057687569892,95.28894143363573
13.014667987823486,0.4945931282884861,0.5729871252205286,1.6714061351554301,95.7645173966786
13.081390142440796,0.4942749441534421,0.5763254451255054,1.6767622554367971,96.07140048336535
13.114630222320557,0.49379486205121925,0.5808654880955199,1.684739917032689,96.52848682319356
13.181384086608887,0.4934801387318239,0.5835084195571707,1.6905492872572145,96.86133921868783
13.214649438858032,0.4929684913022362,0.5877282337754254,1.6990605659459526,97.34899956581216
13.281418561935425,0.4926321105894233,0.5902387656042468,1.7049696135580357,97.68756305492639
13.314624071121216,0.4920438133234603,0.5946796183005874,1.7141103852491728,98.2112906943212
13.381372213363647,0.4916552772557925,0.5973198912296105,1.7202769862918936,98.56461090801008
13.414654016494751,0.49102855564287207,0.601479853370538,1.7299300674490166,99.11769171761048
13.481400966644287,0.4905994271046591,0.6041206864272183,1.736876102064529,99.51567018543112
13.514682531356812,0.4898719902507838,0.6085332747085848,1.747610173744788,100.13068718970086
13.581344842910767,0.48933881760369163,0.6115652279340023,1.7549770585779532,100.55277859880016
13.614609479904175,0.4886175016058137,0.615322296625779,1.7659703159511455,101.18264584938515
13.681317806243896,0.48809587591722836,0.6179415855056192,1.773091643438259,101.59066785892728
13.714606046676636,0.48730737464470947,0.621747780808043,1.7842042701261676,102.22737446744887
13.781336784362793,0.4867178937584474,0.6244977796106493,1.791406223793732,102.64001601684907
13.814670085906982,0.4857855970131899,0.6287019706276284,1.8020051044115002,103.24728714381021
13.881632328033447,0.4851944896559198,0.6311680120685831,1.8088829706147707,103.64135984931328
13.914650678634644,0.48430198389551965,0.6347932216068101,1.8189961534529377,104.22080254338438
13.981637954711914,0.4835638977204394,0.6377890433946676,1.8254882249160715,104.59277083851927
14.014903545379639,0.48257471756268355,0.6415544064674921,1.835345453159902,105.15754841458791
14.081407070159912,0.4819660762072031,0.643736084298421,1.8420850238010047,105.54369736805337
14.114614725112915,0.480944552828935,0.6474085938261077,1.8522321307100214,106.12508376820806
14.181386947631836,0.48023868467808967,0.6498510999272296,1.8591411252214283,106.52093999439073
14.214573621749878,0.4791217548359924,0.6536394446876771,1.8693886175995813,107.10807805825138
14.281468152999878,0.478302547008521,0.6563357065589535,1.8760066389319439,107.48726274932329
14.314683437347412,0.47710529018187625,0.6601412333867364,1.8861174574462938,108.06656997761827
14.381387710571289,0.4763136473155239,0.662553869234917,1.8926432583569177,108.44047082773966
14.414864540100098,0.475057202224452,0.6663299363765578,1.9023804835590836,108.99837273599219
14.481427907943726,0.4741486712677885,0.6689923049915293,1.909724789659589,109.41917047900333
14.514659404754639,0.47285900854863266,0.6726335007636908,1.9208675179438703,110.0576017819537
14.581345796585083,0.4720659745446381,0.6747583218299571,1.9281736712642115,110.47621353168473
14.614625453948975,0.4706500346921894,0.6785876540595059,1.9399300467486018,111.14980422931137
14.681293964385986,0.46955741219379404,0.6814720481608728,1.9476359042597302,111.59131734222821
14.714532613754272,0.46811443151356663,0.6850919505043058,1.9590052372155702,112.24273213647685
14.781333684921265,0.46710249997926157,0.6875668023815091,1.966536896745649,112.67426444027984
14.814563035964966,0.46560857132418715,0.6911270158604261,1.976744084711972,113.25909323144687
14.881395101547241,0.46469331074546055,0.6932146088731491,1.9835151545004661,113.64704695311613
14.91468334197998,0.46307230939482447,0.6969501483990858,1.993999233207509,114.24774041511264
14.981395483016968,0.4619762667420897,0.6993922422586015,2.0005671415405546,114.62405384282498
15.014628887176514,0.4603173099183158,0.7030176579269488,2.0093051825412704,115.12470671337826
15.081390857696533,0.4591824977461607,0.7054416744483816,2.0147387219626722,115.43602559004253
15.114484548568726,0.4576386519702767,0.7086507686234214,2.0225611810952966,115.88421948375549
15.181368589401245,0.45658354123839107,0.7108141922424194,2.0278742427051863,116.18863549029514
15.214647054672241,0.45491766332479977,0.7142074656496382,2.036114485024064,116.66076659733193
15.281380891799927,0.4538340572018838,0.7163584189989978,2.0413347190972004,116.95986397779303
15.314589023590088,0.45200360370280007,0.7199883994868123,2.0485255952273747,117.37187083105339
15.381316900253296,0.45089302934546105,0.722120155502946,2.052942775009054,117.62495658989414
15.414571523666382,0.44931962307673945,0.7250952938275604,2.0590821159626778,117.97671491552859
15.481286764144897,0.4481300047419028,0.7273469512222822,2.0636831043772723,118.24033213327345
15.514570236206055,0.446289010572318,0.7307945434757723,2.070936991987093,118.65594927837842
15.581417798995972,0.4448906449270157,0.7333878170705795,2.0753166869667723,118.90688731626867
15.61456561088562,0.44296279619580053,0.736881847052576,2.081544191357894,119.26369703477914
15.681342601776123,0.44178079007865045,0.7389737468958991,2.085864249323743,119.51121812347415
15.714564323425293,0.4400320208023275,0.7420421394286842,2.0920546017742483,119.86589919258657
15.781639099121094,0.43857728213612773,0.7446086038329534,2.0959837277129,120.0910215260467
15.814592599868774,0.4365813442374506,0.7480572472231053,2.1021446933966175,120.44401885744864
15.881261825561523,0.4356199534326537,0.7496414644340919,2.1064432889399427,120.69031023991492
15.914573907852173,0.43378208273712976,0.7527387441907838,2.1134748473684564,121.09318886126839
15.981311559677124,0.4321388628389713,0.7555181072840428,2.1187771816856404,121.39699023921042
16.014689683914185,0.430133187072933,0.7587980271840883,2.1267055920941385,121.85125469386495
16.081353664398193,0.42899277583445444,0.7606016808817208,2.13166309526971,122.1352987027479
16.11459517478943,0.42677203449024176,0.7641687061683515,2.1398295341346145,122.60320118335854
16.181318998336792,0.425402648007344,0.7663053262878853,2.1458073065312515,122.94570231257563
16.21458148956299,0.4229500964360282,0.7701313750496276,2.154072494753258,123.41926271457785
16.281445741653442,0.42161774003601254,0.7721240135185731,2.1599741649489363,123.75740350886836
16.31466054916382,0.41961911644030714,0.7750873301406315,2.168905196464771,124.26911392142402
16.381376028060913,0.4180428908413079,0.7774188572967933,2.1745384754904276,124.59187703441371
16.414640426635742,0.41570424922180976,0.7808217892492296,2.182946650242048,125.07362996109002
16.481386423110962,0.4142307780165582,0.782910946837539,2.1889784878250254,125.419228797303
16.514682054519653,0.4120913526261408,0.7859038860631915,2.1976442690628897,125.91574148841629
16.58131170272827,0.410369764769918,0.7883056935426833,2.203517959997832,126.25227918915274
16.61462378501892,0.40784257070637114,0.7917695240091184,2.212039567455429,126.74053133114026
16.681298971176147,0.40616462472242154,0.7940196334126192,2.2172446429623243,127.03876018973227
16.7145733833313,0.40372362248373156,0.7972472456082508,2.2254454247817446,127.50863037669266
16.781307697296143,0.40193664322019,0.79958740644054,2.23099068689696,127.8263504921883
16.814577102661133,0.3994426168790792,0.802790277040109,2.2394240670005034,128.30954757915094
16.881221294403076,0.3978651222230517,0.8047730580399297,2.245677729836225,128.66785606613558
16.914541482925415,0.39552553801497814,0.8076792679253642,2.2543217901261023,129.1631242386022
16.981532335281372,0.3938395543095737,0.8097531973164441,2.2594653874077633,129.45783065435634
17.014564037322998,0.3913967608539929,0.8127154058230214,2.267959727633354,129.9445204990309
17.081280946731567,0.3900995228699525,0.8142299808838153,2.2738789232335783,130.28366542503616
17.11460828781128,0.38767378018891757,0.8170999429476095,2.2816298847595338,130.72776280764168
17.181352138519287,0.3859331263312899,0.8191353398825298,2.28650820124005,131.00726975310437
17.214500188827515,0.3836249684962874,0.821777045778272,2.2927680979301748,131.36593541363644
17.281328439712524,0.3819449468271785,0.8236906321554887,2.296382989575253,131.57305344829652
17.31455969810486,0.37926030042172426,0.8267355330033239,2.30254765556276,131.92626279148854
17.381382703781128,0.3773014805746751,0.8289362746067952,2.3063503712025986,132.14414234833967
17.414599895477295,0.37470208676346506,0.8318005368848936,2.3114780871026435,132.43793882795435
17.481290578842163,0.37307818197484194,0.83356529569614,2.316064649695771,132.70072950701314
17.51458191871643,0.37048844160556094,0.8363702293567999,2.3233753985823054,133.11960456329152
17.581359148025513,0.36901866297642444,0.8379195363347033,2.328580508664798,133.41783540291934
17.6145179271698,0.36634479296558264,0.840757477679699,2.3364554916275893,133.8690386904247
17.681243419647217,0.36449305652761904,0.8426919664197596,2.342531932289182,134.21719309479565
17.71467876434326,0.3621259560247175,0.8451040257584914,2.352311738353597,134.7775347067431
17.781404495239258,0.36033903476768236,0.8469117735454579,2.358334459463908,135.12261120754826
17.814643383026123,0.3573755628275511,0.8498887836046232,2.366949845895201,135.6162364889356
17.881389379501343,0.355278887549437,0.8519583072274376,2.372428324838469,135.9301302105362
17.914634466171265,0.35229011082703593,0.854856824996633,2.380510392891571,136.3931985997164
17.98136067390442,0.35025357381430133,0.8567995320160546,2.3854518235276316,136.67632171991934
18.01463532447815,0.34741680020292726,0.8594631815790571,2.3932663903515516,137.1240634176529
18.08132576942444,0.34584449630563396,0.8608953126004804,2.3986713494465235,137.43374476223565
18.114701986312866,0.3431496211184579,0.8633645759625421,2.406631097793559,137.889804748507
18.181347608566284,0.3413620898729019,0.8649767339700849,2.4120765041875707,138.20180355261743
18.21462345123291,0.3388657110945136,0.8671932920640845,2.420017598006039,138.6567947131331
18.281437873840332,0.3369566977927618,0.8688822826384347,2.425536481643448,138.97300345318044
18.314624071121216,0.333817983029163,0.8716398442067853,2.4338619741234924,139.4500190346549
18.38133478164673,0.33168604720100103,0.8734751794947013,2.4388375300941423,139.73509739250426
18.41461753845215,0.3289616804093949,0.8757652404870724,2.4460515643175693,140.14843110676955
18.48140048980713,0.32690723739757815,0.8774868549920264,2.450564168689583,140.40698429189823
18.514623165130615,0.32375094114674063,0.8801078354666495,2.4579823150419564,140.8320127696996
18.581432819366455,0.32178155382894913,0.8817074047857083,2.4633616401840763,141.14022539697166
18.614622831344604,0.3184667506442308,0.8843927388029013,2.47137549043393,141.59938519393813
18.68140935897827,0.3161552399063937,0.8862348969002871,2.4770566127523956,141.9248895256838
18.714635372161865,0.31319291174731356,0.8885375773803208,2.4852996849324533,142.3971827718228
18.78144931793213,0.3114963819595863,0.8898197862559005,2.490920362873796,142.71922389586402
18.814640998840332,0.30802954649639014,0.8924848666490095,2.499298841432215,143.1992753560023
18.881371021270752,0.3059981422202508,0.8939979633067275,2.5047929950000123,143.5140671674338
18.91463017463684,0.30301525566946297,0.8961927135277437,2.5125372378884983,143.95777960046826
18.98133611679077,0.3006404248020244,0.8979381724465793,2.517906847499148,144.2654355687914
19.014620065689087,0.2971600633225559,0.9004541558482905,2.52460355999804,144.64912893159038
19.08134651184082,0.2949812846547106,0.9019952400939926,2.5284270966292235,144.86820144337088
19.11458969116211,0.2915659694904459,0.9044008386430874,2.534566505248323,145.21996364595154
19.181347370147705,0.289154012376059,0.9060829804945605,2.5387915455679373,145.46204062453802
19.214643001556396,0.2860322234254825,0.908214195291238,2.545302261509107,145.8350771695756
19.28137493133545,0.28404092852030055,0.9095545964054248,2.549838263848458,146.09497095948188
19.31466269493103,0.28027583414872936,0.9121092122941739,2.5558792199215414,146.44109224669347
19.38140368461609,0.27816144196633535,0.9135013005248724,2.559914033327116,146.67227002595573
19.414642333984375,0.27479546361563756,0.9157123906307765,2.5664641662300065,147.0475649965411
19.481388330459595,0.27266669510295016,0.9170858180382493,2.571126652523544,147.3147057831984
19.514622926712036,0.26918483105199414,0.9193248299044083,2.5785471991104894,147.7398717843106
19.58135986328125,0.26681165752822245,0.9208268461363895,2.584522707074008,148.082243171067
19.61463952064514,0.26326448304438593,0.9230387225075214,2.5931311666410517,148.57547157236763
19.68131971359253,0.26110193361774553,0.9243506517991628,2.5991149743047988,148.91831849691837
19.714625358581543,0.2575426221008007,0.9265006952851252,2.6081580493235776,149.4364485293146
19.7816162109375,0.2554726928012675,0.9277090505661172,2.6142024430426094,149.7827667791305
19.81464171409607,0.25190442647503436,0.9297944656529702,2.6233853683934694,150.30890964531847
19.881389617919922,0.24981461667029053,0.9309741022150724,2.6293787589448208,150.65230562888448
19.914637088775635,0.24647220363021033,0.9328505278274553,2.6377823492746266,151.13379588753932
19.981613159179688,0.24471632793685677,0.9337934894654246,2.644175296111502,151.5000847599438
20.014627933502197,0.241426624177275,0.9355862112649337,2.654234071073714,152.07641011235037
20.08138656616211,0.23882471912254066,0.9369875559436485,2.6601431623250322,152.4149761018086
20.11459994316101,0.23468065915679343,0.9391850622003067,2.668760122210891,152.90869153550184
20.18122696876526,0.23218550423071016,0.9404601733347903,2.674406866484599,153.23222615037497
20.21464991569519,0.22842342348072886,0.9423563063008887,2.6826492079937356,153.704477532154
20.28138566017151,0.2260286442052903,0.9435329579854327,2.688631082218338,154.0472136788018
20.314842462539673,0.2223858050423187,0.9453014942887882,2.6973276920105675,154.5454927159687
20.381330251693726,0.22033591486622878,0.9462565369781069,2.7029824672607052,154.86948747189663
20.414681673049927,0.21686393490106803,0.9478826005449202,2.71229446405256,155.40302558690925
20.481361865997314,0.21479890732303156,0.9488151094032526,2.718154053731525,155.7387553451924
20.514613151550293,0.21122381778004495,0.9504343679447474,2.726428111328725,156.2128239249601
20.581388473510742,0.20902013497753907,0.951400072700096,2.732251720897855,156.54649217480323
20.61479377746582,0.20554634016715745,0.9529092202011049,2.7408474534599065,157.03899137243198
20.68140721321106,0.20295768311368997,0.9540183107299394,2.746416057359548,157.35804887366152
20.714675903320312,0.199161697395744,0.955610280726332,2.755101759232195,157.85570293307308
20.781407117843628,0.19681335611323963,0.9565608989117588,2.76068451595692,158.1755713314481
20.814654111862183,0.19337550098171116,0.9579284928713543,2.768782034149445,158.63952494841016
20.881351232528687,0.19088241473772993,0.9589086099834532,2.7742744500729906,158.95421720015977
20.914624214172363,0.18757637139042724,0.960168038369965,2.782059963736682,159.40029427443073
20.981402158737183,0.1848207633979275,0.9612221646016273,2.787160829400017,159.69255234880305
21.014662981033325,0.18095145352158418,0.9626612897410711,2.79456412830839,160.1167301307266
21.081394910812378,0.17831483584448135,0.9636196062355956,2.7994363164348997,160.39588594736938
21.11468267440796,0.17438419463653673,0.965022536125014,2.8069219768427063,160.82478269560485
21.18136739730835,0.1721197388379716,0.9657966184091313,2.812238852352597,161.12941722251807
21.21465039253235,0.1684727675266302,0.967039178670555,2.8202786798209125,161.5900654044659
21.281373739242554,0.16581216632366946,0.9679320376917686,2.8255913311141665,161.89445790159408
21.31466817855835,0.1618681592772273,0.9692265597510274,2.8341096738810245,162.38252299058084
21.38137412071228,0.15945093521469336,0.9699874178520691,2.8397619576383573,162.70637499448634
21.414661645889282,0.15563136097667976,0.9711764841940594,2.8482029257653867,163.19000684316958
21.48137855529785,0.15320343013751547,0.9719050350567029,2.854646987338457,163.55922437422893
21.51461100578308,0.14951443647117854,0.9729901177791267,2.864174837165991,164.10512995718108
21.581367015838623,0.14746209784743727,0.9735560148709332,2.8704993857125656,164.4674998962254
21.614639282226562,0.14396711474425986,0.9745255803792884,2.8798570004943302,165.00365172952976
21.6813747882843,0.14150724055472452,0.9751887637928517,2.8863795439015334,165.37736593845338
21.71464252471924,0.1381332225063602,0.9760614428270605,2.896638219631523,165.96514476117508
21.781386852264404,0.1360598756872777,0.9765692640739609,2.9032480428393033,166.3438597343085
21.81469702720642,0.13244934063938663,0.977456586443555,2.9123086858737963,166.86299633985956
21.881388187408447,0.13023754575159913,0.977968723390229,2.9174488873993587,167.157508193121
21.914473056793213,0.12646982452958144,0.9788410645814098,2.9247767134978204,167.57736170156866
21.981393814086914,0.12398977631043251,0.979391419248123,2.9299532903852423,167.8739577095429
22.0146222114563,0.12001657894854414,0.9802581436608139,2.93719984411816,168.28915465445385
22.081366777420044,0.11700140650154817,0.9809019271709505,2.9421645713834064,168.573612573186
22.114678382873535,0.11333175102889485,0.9816310740207531,2.94993296918857,169.01870898100057
22.18137502670288,0.11084182221883451,0.9821112131715183,2.9550840787816224,169.31384582049182
22.214608192443848,0.10721757141992697,0.9827880177864322,2.961776583252486,169.69729808104475
22.283146142959595,0.10485300734343816,0.9832130339346632,2.96589343532289,169.9331763295586
22.314664363861084,0.10069934097890179,0.9839661024452168,2.972425826489218,170.30745477351772
22.381347179412842,0.09766614310800441,0.9844995323074355,2.97716182315904,170.57880739448655
22.414636373519897,0.09338941897587574,0.9852153043467791,2.9834450852848873,170.938811795872
22.481356143951416,0.09022320824975094,0.9857328573831956,2.986710895493342,171.12592893750718
22.514650344848633,0.0865739750490776,0.9862793517527392,2.9920458185779113,171.43159751427993
22.5814049243927,0.08380092806133663,0.9866991824272634,2.9960726512331064,171.66231803022805
22.614588737487793,0.08008483616538777,0.9872323111078801,3.002221995865834,172.01464952445477
22.681379556655884,0.07716662789354933,0.9876509937365925,3.006091573397663,172.23635998552723
22.714592933654785,0.07331641384237628,0.9881695426551835,3.011930754920254,172.57092044258246
22.781346321105957,0.0706645704055893,0.9885151181635907,3.015637187216319,172.78328337019795
22.814551830291748,0.06612093498921859,0.9891069518063023,3.021441944461806,173.11587146146235
22.881433486938477,0.06347373622632145,0.9894207604563986,3.025619030726327,173.3552008750815
22.91464328765869,0.05944624680247053,0.9898855576323403,3.032287724150506,173.7372888631536
22.981382131576538,0.056925509822004464,0.9901547780080887,3.037449415778708,174.03303200859756
23.014657974243164,0.05322001353266519,0.9905328820747649,3.045547148472801,174.49699791559422
23.081400394439697,0.05069062895347777,0.9907742269343928,3.0508103660000874,174.79855806656698
23.114667654037476,0.04702784022262493,0.991101225405508,3.0598861712757186,175.31856340454323
23.181398153305054,0.044089806265866706,0.9913568784191902,3.066826469742246,175.71621321523637
23.214573621749878,0.039964509350801966,0.9916717984262202,3.0763559196875967,176.26221047818612
23.28134059906006,0.03716247236968494,0.9918588548221462,3.0821149040853744,176.5921759784605
23.314608573913574,0.033568293821307583,0.9920558975854279,3.0902744939269793,177.05968603894226
23.381275177001953,0.03116904245490796,0.9921724589882981,3.0953321738913395,177.34946975502797
23.414522409439087,0.0270846585337631,0.992371599252842,3.103145726365688,177.79715333481215
23.481327772140503,0.024548138444213226,0.9924666894784852,3.1082188278495417,178.08782063887853
23.514518976211548,0.020578595793179076,0.9926019336900375,3.115208464520368,178.48829732044675
23.58133602142334,0.01776700746976758,0.9926827780788122,3.120219716865236,178.77542092988273
23.614555835723877,0.014051401792368808,0.992753101526016,3.1273571577793478,179.18436617078532
23.681617498397827,0.011511507816582535,0.9927875397482829,3.1315383744113188,179.42393223702715
23.714568376541138,0.007548421256738394,0.9928303799977872,3.138403218524111,179.8172588317054
23.78133749961853,0.004463407256225321,0.9928560516494426,3.1439487073735926,180.13499193811754
23.814558506011963,0.0002854187165040739,0.9928480451273032,3.1522980933188,180.61337651430375
23.88131856918335,-0.0022469131661516303,0.9928126912009827,3.1579441841497484,180.93687368966462
23.914541244506836,-0.006260670335194573,0.9927459855043393,3.16651336713735,181.4278517087295
23.98119807243347,-0.008386231941422299,0.9926727400426293,3.1724644026242377,181.76882092586075
24.01453185081482,-0.011321198244469595,0.9925538629631597,3.1819349432445407,182.31144293311132
24.081259727478027,-0.014007335597156476,0.9924613673918896,3.188014423523861,182.6597714947494
24.11462903022766,-0.017743229547024456,0.9922937926179677,3.1965507676836045,183.14886798757382
24.181310176849365,-0.020283777742940795,0.9921586514789409,3.202248003814626,183.47529557277082
24.21456480026245,-0.02419623926307776,0.9919295620017552,3.2096189722274806,183.8976209537516
24.2813560962677,-0.026589987496600555,0.9917618783073494,3.213990151181513,184.14807105931408
24.314869165420532,-0.030369172207470162,0.9914895075704618,3.2215160111439687,184.5792710723693
24.38129997253418,-0.03235457293266848,0.9913129259085991,3.22707704352571,184.89789475757865
24.414538383483887,-0.035925103978870214,0.9910092389890036,3.235451145125566,185.37769543646414
24.48124933242798,-0.03886504190658468,0.9907537959969654,3.241312861608767,185.71354705165385
24.514796018600464,-0.04308455596693346,0.9903464406011622,3.2501469060111647,186.2197005119424
24.58141040802002,-0.045467444118122056,0.9900771742711661,3.255861183550024,186.5471044978854
24.614571571350098,-0.04940896876902411,0.9896282331581517,3.2636306244310926,186.99226066954708
24.681421756744385,-0.052877003799259845,0.98923433958024,3.268701120077354,187.2827786701173
24.71468424797058,-0.05693860210591885,0.9887073774011588,3.27716669171039,187.76782019585593
24.781452178955078,-0.05917356762883839,0.988382202595608,3.2825785584124674,188.07789731717236
24.814687252044678,-0.0628481500757597,0.9878512780611082,3.2904235439583442,188.52738187929222
24.881389617919922,-0.06521911540750419,0.9874897169890207,3.295883825387465,188.8402329601345
24.91464924812317,-0.06911219290166401,0.9868900165796612,3.303619079838939,189.28343039366374
24.981385231018066,-0.07161612092908415,0.9864795261859503,3.3086436054337742,189.57131450430327
25.01465129852295,-0.07580633371310838,0.9857866799451513,3.316637924764798,190.02935526205079
25.08133840560913,-0.07775994565265079,0.9854160674461901,3.3223912708842356,190.35899771277252
25.11464500427246,-0.08148121140458658,0.9847384168124254,3.3312556101833137,190.86688694278166
25.181363105773926,-0.08357316775325824,0.9843238365391415,3.336656843522064,191.1763548172574
25.214652061462402,-0.08710020636546684,0.9836279472836311,3.3440423930336385,191.59951563365553
25.283133029937744,-0.0894595667328941,0.9831446995215266,3.349252008870622,191.8980046339992
25.314584016799927,-0.09326510522992412,0.982353608678311,3.356816479904346,192.33141689848054
25.38129687309265,-0.09561464867104177,0.9818373327404553,3.361994025842191,192.62806842895418
25.414633750915527,-0.09915061642438366,0.9810437174824275,3.369861448157943,193.0788385232938
25.481403589248657,-0.10216553430047345,0.9803670418358149,3.374765435514453,193.35981630160734
25.514643907546997,-0.10576280340617969,0.9795045507712411,3.382037733270004,193.77648827036285
25.581342220306396,-0.1078277836552019,0.9789829543550173,3.3867657141794276,194.04738162209128
25.614604949951172,-0.11175357501310557,0.97801417654432,3.3941810108919137,194.47224682755396
25.68137288093567,-0.11421417416314644,0.97737903365583,3.3994674100351117,194.77513518728077
25.71467351913452,-0.11803388398704029,0.976376317590285,3.4066471458173058,195.18650374561955
25.781407594680786,-0.12048612958320133,0.9757090095867924,3.411206839695429,195.44775496070767
25.814626216888428,-0.12416348674439666,0.974691566529,3.4178871749623023,195.83050997723188
25.88129997253418,-0.12647409963404563,0.9740310112377117,3.4222704932314536,196.08165561431684
25.914597511291504,-0.1305372374834789,0.972874466318348,3.428654832826303,196.44745132807998
25.981311559677124,-0.13270591447024369,0.972221081083433,3.4331686818252494,196.70607582507895
26.014660358428955,-0.13648921498857833,0.971090067466081,3.4399803978257397,197.0963584031488
26.081414699554443,-0.13904445546066035,0.9703073572567943,3.4450622890380713,197.38752932156
26.114641189575195,-0.14256727908019473,0.969197377041359,3.4523505746850427,197.80511732901726
26.18138599395752,-0.14511131323648757,0.9683845956748884,3.4568798243900245,198.0646242214736
26.214620351791382,-0.1486079563914352,0.9672377959213398,3.464508962897995,198.50174165930102
26.281368494033813,-0.15114953776555234,0.9663925747262752,3.4697697752531282,198.80316400406045
26.314613342285156,-0.15462403876331238,0.9652037379077542,3.4776387876363923,199.25402520255764
26.38135290145874,-0.1575464492858588,0.9642035417797755,3.4825801324804377,199.5371434072402
26.414626121520996,-0.1613237702799875,0.9628629991733886,3.4893074242918307,199.9225888355859
26.48136019706726,-0.16435155389801603,0.9617840326846786,3.493131812464119,200.1417101370778
26.514612436294556,-0.1683134914638298,0.9603293818523158,3.499338998260778,200.49735568587988
26.581398487091064,-0.17067793407907839,0.9594344666459246,3.503259598256657,200.7219895188028
26.6146137714386,-0.17418164524511368,0.958096744678802,3.5099719083941796,201.1065765604657
26.68131709098816,-0.17654472211164482,0.9571806459096547,3.5151133967086285,201.40116214129947
26.71458625793457,-0.18038980311706426,0.9556806529474126,3.523397609934371,201.87581259572096
26.781456232070923,-0.18273851183213802,0.9547325758430931,3.5285740068100813,202.17239828978387
26.814636945724487,-0.186166369225311,0.9533276379064549,3.535949067684595,202.59495815154554
26.881582498550415,-0.18888915481947605,0.9522082775566912,3.540284861669133,202.8433808476978
26.914585828781128,-0.19258411538788284,0.9506514592707154,3.5473977496162346,203.25091930721618
26.98132610321045,-0.1951639974900888,0.9495476954250973,3.5521633201768994,203.5239663873141
27.014673948287964,-0.19885527488610705,0.9479391383717269,3.559081636107303,203.92035669146435
27.081366539001465,-0.2015454265132276,0.9467540089567735,3.5637645203040025,204.18866619188373
27.114621877670288,-0.20524054141952944,0.9450897893971969,3.571690462647175,204.64278923681152
27.18137264251709,-0.20791366135069425,0.9438703826379181,3.577708388485814,204.98759098878827
27.21464514732361,-0.21172611223121027,0.9420933681652868,3.586880643840676,205.51312250923814
27.281376838684082,-0.21463279964720253,0.940721448387973,3.5928706625165505,205.85632529857028
27.31464171409607,-0.21885441635251296,0.938686264839221,3.601755053877757,206.3653634271099
27.381360292434692,-0.22123211196067355,0.9374926995184488,3.6068948388677264,206.65985141463986
27.414633989334106,-0.22516160307299926,0.9355206675881559,3.613843625971166,207.0579875884019
27.481317043304443,-0.22765327840256547,0.9342420398938908,3.617544382468786,207.2700253167211
27.51470637321472,-0.23142182377262865,0.9322953014978178,3.6239381376576856,207.63636050428494
27.581363916397095,-0.23402912336140802,0.9309324334700868,3.6283989528354157,207.89194638715676
27.614606142044067,-0.23751769044830895,0.9290720126678554,3.635068051974904,208.27405762100378
27.68157172203064,-0.23974708911961895,0.927863804457724,3.6397442560889335,208.54198438087937
27.714660167694092,-0.24289438527211557,0.9261354578635624,3.6463871880655288,208.92259634673078
27.78150177001953,-0.24499616812183853,0.9249678969657951,3.651204745081958,209.19862203133582
27.814677476882935,-0.2488235784330909,0.9228497209784109,3.659170290546478,209.65501416797238
27.88154172897339,-0.25065982357534383,0.9217826113749829,3.6650413955608943,209.99140370637653
27.91464114189148,-0.25394813913413156,0.9198854973098705,3.6741139241845686,210.5112213060247
27.98132848739624,-0.2564996210944412,0.918399331003033,3.6801793282295456,210.85874335884347
28.014636993408203,-0.2599264304906515,0.9163524957496115,3.689100570595578,211.36989289443042
28.08135986328125,-0.26208995554193304,0.915028668909777,3.6952205115156853,211.72053968002197
28.114598512649536,-0.26523425167913833,0.9130760858509969,3.703718570692011,212.20744260487785
28.181371927261353,-0.26761581272472634,0.9115872545649852,3.709196047336389,212.52127889898222
28.21466588973999,-0.27073337429569483,0.9095902116309726,3.7173114108982657,212.986254980292
28.281445026397705,-0.2732148353849996,0.9079968042424998,3.7222185862569646,213.26741541767603
28.31496500968933,-0.2760714419000678,0.9060996836900684,3.7292693295178974,213.6713932489578
28.381356716156006,-0.27830327111021974,0.9046204721607937,3.734396153655052,213.96513863432256
28.41457176208496,-0.2814654121882241,0.9024900139338381,3.742185592316675,214.41144059440958
28.48136568069458,-0.28355845772146726,0.9010561253011783,3.7476872886667163,214.72666457542948
28.51454997062683,-0.2865678072832644,0.8989649025770479,3.7559544796275346,215.20033972591307
28.581312656402588,-0.2888734623794502,0.8973524746516428,3.7609686387690076,215.48762988252642
28.614548921585083,-0.2922297458337134,0.8949696238071172,3.7677668009306378,215.87713588283336
28.681360721588135,-0.29439307497079675,0.8934053230919359,3.771702674872489,216.10264484839695
28.71445608139038,-0.2981025408299383,0.8907227543222579,3.7781264532623218,216.47070023866172
28.781374216079712,-0.30069232241955457,0.8888232808850852,3.7825421561345087,216.72370137682182
28.814627647399902,-0.30422909333222464,0.8861837410822128,3.789382628142461,217.11563155275488
28.881377935409546,-0.3066768203072056,0.8843358388039092,3.793872789043916,217.3728988217429
28.91455388069153,-0.309728392526926,0.8819803264664908,3.8006450439130677,217.7609204435322
28.981305599212646,-0.3120545433924069,0.8801836541330466,3.804794724460757,217.99867962524235
29.01455330848694,-0.3154977532879544,0.8774969083881682,3.8110692838302347,218.35818539541768
29.081613302230835,-0.31780370807420494,0.8756743460759269,3.8150194063889207,218.5845107465898
29.11456036567688,-0.3214658851300995,0.8727646325959935,3.8201325644033925,218.87747312080253
29.181389093399048,-0.32331236440729416,0.8712515052990469,3.823402181650188,219.0648083896671
29.214921951293945,-0.32635543080535034,0.8687700595770392,3.828936824522897,219.3819200673855
29.28136372566223,-0.3283098563226395,0.8671581237506987,3.8328141209425706,219.60407278815396
29.31464695930481,-0.33128559531548646,0.8646902579022082,3.838913788373278,219.95355798836692
29.38132882118225,-0.33344287699947867,0.8628898577918863,3.843853219278851,220.2365665324527
29.414558172225952,-0.33684411702411565,0.8600277350733676,3.85136151338936,220.66676009632783
29.481319665908813,-0.33896854457137143,0.8582021337004262,3.856177766471485,220.94271107100047
29.514577627182007,-0.3424813095964077,0.8551710578268408,3.86379711718102,221.3792677092868
29.581342935562134,-0.34457646281439924,0.853319055799945,3.869096802125491,221.68291728935404
29.614680290222168,-0.3481887283523923,0.8501215247448717,3.877092776226517,222.14105285843874
29.681342124938965,-0.3497346263221,0.8486812325178579,3.882089893586649,222.42736659290586
29.714621782302856,-0.3527204898092309,0.8459469714323448,3.8895132120979836,222.85269141358668
29.78156089782715,-0.3543673049148606,0.8443978449685784,3.8949582352537946,223.16466825976565
29.814568519592285,-0.35726966630511015,0.8416793331193865,3.9027791467640496,223.61277348124855
29.881256103515625,-0.3592073553378331,0.8398355694353885,3.9082933698260613,223.92871518999553
29.914619207382202,-0.36229477673024674,0.8368754883376173,3.917597045088869,224.46177651651465
29.981274604797363,-0.36409866460055784,0.8350956428650295,3.924640871351586,224.86535803299176
30.01453161239624,-0.366622850803138,0.832563124363523,3.9348420167632088,225.44984061127698
30.08124589920044,-0.36810631449101555,0.831034293884209,3.941450933705182,225.82850365920456
30.114773273468018,-0.37103942999461337,0.8280443490630806,3.951837727832523,226.42362312537247
30.18138027191162,-0.37278792811666694,0.8262047950591804,3.9585637199493013,226.80899408670214
30.2147433757782,-0.3753996080379989,0.8234216540219971,3.9683600816110607,227.3702842645047
30.28140115737915,-0.37731208155564927,0.8213586932999174,3.97513393500349,227.7583974749313
30.31471085548401,-0.3798954538725145,0.8185089327222979,3.9858462694225123,228.37216902587397
30.38150715827942,-0.3817671065922017,0.816415878794479,3.9926410147077394,228.7614792535839
30.41464924812317,-0.3845049287280192,0.8133020083412404,4.002707239382353,229.33823144306973
30.4813494682312,-0.38614896678463495,0.8113775158389379,4.008991622767753,229.69830008789526
30.514710426330566,-0.38892947044680204,0.808116619412983,4.018382826120646,230.23637640456514
30.58313226699829,-0.3902725317728368,0.8064636834170146,4.024966445967009,230.61359003568032
30.614716053009033,-0.3927860273047282,0.8034101168123375,4.034516552308379,231.1607708229419
30.681413412094116,-0.39455820816284076,0.8012224560955417,4.040554118664036,231.50669789365128
30.714713096618652,-0.3971394947153748,0.7979861636064075,4.050329575219636,232.06679029710065
30.781478881835938,-0.3987830176861697,0.7958751655114291,4.056865487641625,232.44127049414774
30.814495086669922,-0.401415797962259,0.7924679485778651,4.06648982099898,232.99270417615114
30.88145685195923,-0.4031037961468379,0.790229763355129,4.072713360218073,233.34928670703937
30.914600610733032,-0.4055190131334045,0.7869759669835966,4.082788376164649,233.92654259930512
30.98141646385193,-0.4070873092173444,0.7848173602481806,4.089308445109785,234.30011503199577
31.01469397544861,-0.4091723112738336,0.7818833186920158,4.099463331658591,234.88194717267652
31.081379413604736,-0.41079503722529287,0.7795922974427538,4.106723471369346,235.2979225367781
31.114755630493164,-0.41298661421408717,0.7764200462334016,4.1178506845264184,235.9354648884208
31.181421518325806,-0.4148120272126107,0.7737664544497009,4.1248899012681095,236.33878229879753
31.214757204055786,-0.4167999050709974,0.7707412753765992,4.135417734149288,236.94198269030812
31.2813823223114,-0.4183389480689484,0.7683914986324859,4.141614063053608,237.29700618500055
31.314642190933228,-0.42050542034847344,0.7650166520745986,4.150583756321325,237.81093175276763
31.381292581558228,-0.4220066424198467,0.762641767422575,4.156737264873088,238.1635018219813
31.41461753845215,-0.4239679960387965,0.7594582186620076,4.166270779553815,238.709731977113
31.48129940032959,-0.42505612630228484,0.7576297580266046,4.172377769643436,239.0596367347765
31.514593362808228,-0.4270793033227741,0.7542718285128822,4.180944916090436,239.5504980686601
31.58128261566162,-0.42821962710409467,0.7523107940240898,4.186972631603035,239.89586072763754
31.61455464363098,-0.43026712811334183,0.7488090563893868,4.196726703260998,240.454727866707
31.681284189224243,-0.43187982405337394,0.7460193644603609,4.202966262506555,240.81222827749926
31.71482539176941,-0.43354550176942125,0.742984353842633,4.211855784016016,241.3215603418821
31.783205032348633,-0.4347648898053313,0.7407542109783481,4.218035822758823,241.67565047907232
31.814587831497192,-0.43679113608160053,0.7370293799370328,4.22658785568575,242.16564587204215
31.881404876708984,-0.4377653123296001,0.7351371212271737,4.232014965265291,242.47659634590488
31.914539098739624,-0.43952142980981723,0.7317698668661874,4.240499158999679,242.96270483945662
31.981322526931763,-0.4407425906437771,0.7293911843700132,4.246336231278175,243.29714444572724
32.014543294906616,-0.4423877312685324,0.7261074500862239,4.254953241287932,243.79086275130834
32.08132743835449,-0.44364075484781074,0.723589157134719,4.260381590088677,244.10188422731594
32.11454367637634,-0.44544844566290637,0.7198855726794867,4.268542814184729,244.56948792368013
32.18129920959473,-0.44653136433052615,0.7175958424974311,4.273816194825413,244.87163037815733
32.21451377868652,-0.44822537136203017,0.7139891980199089,4.282072309088111,245.3446708805877
32.28161025047302,-0.44940418338927407,0.7114370242555501,4.286766573718077,245.61363243180227
32.31450009346008,-0.45105893426089233,0.7077842921195915,4.293527137143705,246.0009841832213
32.38131523132324,-0.45208640185807686,0.7054629901005239,4.298470484905256,246.28421714662363
32.41449737548828,-0.4536928062231725,0.7018098787462462,4.305376916645578,246.67992653683925
32.481274366378784,-0.45486898531727826,0.6991076871335438,4.309534420628812,246.9181339683874
32.51452660560608,-0.4566294482418457,0.6950071036945374,4.316081704330159,247.29326569174935
32.58128356933594,-0.45736720126458486,0.693165511589445,4.3204163695199505,247.54162371272668
32.61457180976868,-0.4590654201565183,0.6891007087312739,4.327476365111181,247.94613166348518
32.68129086494446,-0.46006601065910546,0.6866240668369896,4.332509252347789,248.23449486090806
32.714765787124634,-0.4614990826213237,0.6830160446236053,4.3397445466173465,248.6490466860889
32.781442403793335,-0.4622573125026928,0.6810253543077781,4.344842770898261,248.9411534203964
32.814682722091675,-0.46356557776680163,0.6776186271066112,4.351901441773828,249.3455854705383
32.88145899772644,-0.4645612194492778,0.6750116263058896,4.35641231096122,249.6040392369115
32.914721727371216,-0.4659001465599036,0.6714074830318741,4.363490895487713,250.00961225520615
32.98138070106506,-0.46691982719054304,0.6686441838810986,4.368306442435397,250.28552277135555
33.01471948623657,-0.46832350311825416,0.6647400588720381,4.375449537648342,250.69479197971742
33.08141756057739,-0.46900681034559977,0.6627284587566686,4.380376972256556,250.97711318659478
33.114736795425415,-0.47014616674512283,0.6593947227653486,4.38757347066624,251.38944217274226
33.18140983581543,-0.471151538108418,0.656478913678375,4.392514864964683,251.67256321095306
33.21471691131592,-0.4722096053693836,0.6532283435202708,4.399437895202862,252.06922362504216
33.28144431114197,-0.4730867597671863,0.6505548090329591,4.404791449890098,252.37595971401325
33.31470036506653,-0.47433955179042564,0.6466386417296439,4.413120444285083,252.853175940434
33.38137626647949,-0.47508262468771134,0.6442161561136819,4.418617441144237,253.1681306604602
33.41485381126404,-0.47619107111741926,0.6405431311175562,4.427254125201103,253.66297620590657
33.48145246505737,-0.4769893127313641,0.6378491639540441,4.432569939079274,253.96754990580283
33.51465082168579,-0.4780049853874958,0.6342809807855513,4.440093059458886,254.39859295232344
33.58139777183533,-0.47893487908620663,0.6310531888831907,4.445734843241231,254.72184335197718
33.61475372314453,-0.4801288632733297,0.626718787644886,4.454614183362612,255.23059206579347
33.68143820762634,-0.48087740971650617,0.6238835557123554,4.460150801528683,255.54781691948483
33.71478748321533,-0.4819340093452466,0.6197651380700662,4.469190552411867,256.0657564929409
33.78138279914856,-0.4824167174482696,0.6177010623767627,4.4756802096997035,256.43758646602026
33.81460928916931,-0.4834347899923449,0.6135263110201208,4.485394672502365,256.9941841848496
33.881340980529785,-0.4840315591504071,0.6109290596840476,4.491636909169596,257.3518380006038
33.91462850570679,-0.48480118690228824,0.6074178172177772,4.500683460926663,257.8701672354303
33.981510400772095,-0.4853663196722061,0.6048052524324279,4.506846916200281,258.2233072098263
34.01476526260376,-0.48614671255632186,0.6010486995532995,4.516545413913149,258.7789901963909
34.081441164016724,-0.4866388090232864,0.5985601607091628,4.523071540019509,259.1529096788555
34.11469006538391,-0.4873243886724032,0.5949480525611652,4.5324829231645385,259.69214221244624
34.18139934539795,-0.4877799270697129,0.5924502771076913,4.538745092414786,260.050938081082
34.214783906936646,-0.48840713245484146,0.5888500114646947,4.547836115290323,260.5718153233072
34.2814519405365,-0.48868785216740485,0.5870110465640099,4.553702375638717,260.90792728279513
34.314635038375854,-0.4892277018882354,0.5836370952736393,4.562411952630524,261.4069492857699
34.38145875930786,-0.4896705529316775,0.5808502746041525,4.567917154547928,261.72237412100446
34.414764165878296,-0.49021651339187977,0.5771267831988838,4.576197461395097,262.19680075642054
34.48145818710327,-0.49056436516776264,0.574612156651205,4.581982934013128,262.5282839199222
34.514854192733765,-0.49098799641262697,0.5712808568166209,4.590329528605343,263.00650856336284
34.58310866355896,-0.49132611840223867,0.5686243013576822,4.595681064951332,263.3131290098989
34.61468815803528,-0.4918340021722548,0.5644536149800113,4.603129551354823,263.7398958445795
34.681413650512695,-0.492127817937456,0.5617972246734003,4.607509695209393,263.9908596011065
34.71462082862854,-0.49250728768751273,0.5581160189105632,4.613431667831838,264.33016363876465
34.78142547607422,-0.4927756169720283,0.5554541539718565,4.616799456741629,264.52312372958664
34.81467247009277,-0.493138983743138,0.5516400977193141,4.6224783744768,264.8485017480139
34.881404638290405,-0.4933817459566473,0.5489812378896619,4.62749009735451,265.13565231699585
34.91462683677673,-0.4936550632130099,0.5455844854199258,4.635496810403813,265.59440318249324
34.981465101242065,-0.4938378524294633,0.5431901030330257,4.640814593378107,265.89908970328685
35.01472496986389,-0.494110446204199,0.5394375350604178,4.649497897455628,266.3966063791575
35.081432580947876,-0.4942597919401516,0.53703574663936,4.655705246439964,266.7522612779248
35.11465620994568,-0.49447749418323256,0.5332686223215861,4.664228586153643,267.24061267087484
35.181418657302856,-0.49456764698987343,0.5311406789503853,4.669236062778046,267.52751994746353
35.21460199356079,-0.4947241755033006,0.5275569018350641,4.676551032170825,267.94663682093716
35.28141450881958,-0.4948116522538121,0.5251493730954098,4.681258214762771,268.2163385168531
35.314762592315674,-0.4949431707921272,0.5212662785451283,4.6886372654205655,268.63912697635794
35.38139247894287,-0.49502198486585386,0.5184557005248775,4.693599819557697,268.9234603840208
35.41461443901062,-0.4950998597563643,0.5144916527939764,4.701039534398451,269.3497246451768
35.48141026496887,-0.49512003342713373,0.5120929550604397,4.706071720353062,269.6380476621011
35.514511823654175,-0.4951610910326728,0.5078529483883869,4.712972550078302,270.03343608049573
35.581384897232056,-0.49515461276045686,0.5053185522212735,4.717067381531073,270.2680526405569
35.614760398864746,-0.4951446046201564,0.5010427986874619,4.724000420849137,270.6652865326803
35.681434869766235,-0.49510544638349546,0.4986469715534386,4.729247229255248,270.9659065102642
35.714680910110474,-0.49503501300182107,0.49494585012184145,4.736892102476291,271.4039254807425
35.78144598007202,-0.4949663780255376,0.4929515319188398,4.742280184838483,271.71263985976503
35.81470012664795,-0.4948607208906551,0.4889221792417016,4.75098253571792,272.2112478369987
35.88141179084778,-0.4947627081179435,0.48611331076263437,4.756478840540016,272.5261629062222
35.91466474533081,-0.4945926746668968,0.4824261695340082,4.764317321210333,272.97527476642625
35.981462240219116,-0.4944676498988408,0.48030041243074145,4.769368756864691,273.26470070990285
36.01463174819946,-0.49425829790480147,0.4765500658861128,4.776553352588724,273.67634772239774
36.08141756057739,-0.4940980885977193,0.47401050702993963,4.781305243547777,273.9486110190578
36.114601612091064,-0.49383489883925635,0.4700960489216236,4.788602179263605,274.366694638953
36.18136501312256,-0.49364739260788026,0.4677027372733143,4.793222747517165,274.63143369883414
36.214598655700684,-0.49335696878796004,0.4642113564071789,4.800054794569412,275.0228811603627
36.28162121772766,-0.49311637551775855,0.461273385262544,4.8044738658330255,275.2760752931353
36.31459379196167,-0.4927633331316735,0.4574624238098214,4.811383834824861,275.67198735293374
36.38137674331665,-0.49252971800309087,0.4552142331210825,4.815631499282331,275.9153605991345
36.41461706161499,-0.49214200207389475,0.451450799175399,4.822661868010402,276.31817105567376
36.48131799697876,-0.49186402162382686,0.44892753533002966,4.8273576437582655,276.5872191875662
36.51456427574158,-0.4913935549415647,0.4447275637849025,4.834668131608554,277.0060792875694
36.5812509059906,-0.4910321296941894,0.44166888435702506,4.839406476910999,277.27756647527514
36.61457967758179,-0.49051542359011385,0.4376547132890116,4.846404412534817,277.6785186518241
36.68138408660889,-0.4901840786303664,0.43528416098625605,4.8512386259467615,277.9554986775941
36.714571952819824,-0.48966270333221495,0.43161421123501165,4.858425522371721,278.36727751054195
36.7813503742218,-0.4892613849590182,0.4288322914318643,4.863811950884104,278.67589713095043
36.81463289260864,-0.4886935215912207,0.42516387322302285,4.8721327798957965,279.1526455153704
36.881335973739624,-0.4882715876105248,0.42252324224445886,4.877571395939811,279.4642552610846
36.91460132598877,-0.4876215043392427,0.4186072351270199,4.886019573690405,279.9483001907699
36.981322288513184,-0.487237042078027,0.4165154508538161,4.891192633199608,280.24469466781727
37.01457214355469,-0.48665050188414566,0.41336236349614425,4.8986687416966115,280.6730441318775
37.08126401901245,-0.4862282511489505,0.41112930950297244,4.903391680392126,280.94364858602944
37.114640951156616,-0.4854648007406681,0.40706335602498067,4.910264154038456,281.3374123207791
37.18134117126465,-0.48496695545473756,0.40457357694929347,4.914902045604438,281.60314393334914
37.21457886695862,-0.48420474702468874,0.4008569758427319,4.921665124008669,281.99063978242765
37.28140711784363,-0.48367734544824326,0.3983717740839691,4.926409092666319,282.26244916465333
37.31459951400757,-0.48287076793892214,0.3946595247239047,4.934231137850679,282.7106193408778
37.3813738822937,-0.48233764354301134,0.3923150496357918,4.939814180435091,283.03050411780646
37.41457653045654,-0.48145706231644575,0.3884834139772483,4.9484248494041605,283.52385910851837
37.4813506603241,-0.48089088823522896,0.3861521180479769,4.954963765110719,283.898511381096
37.51458787918091,-0.47992236849504927,0.3821916458020281,4.965010831472379,284.47416588010697
37.581347942352295,-0.47922649029970416,0.3794661589989891,4.971444806657309,284.84280550369533
37.6145920753479,-0.4781704603926649,0.3754606466784295,4.981467665404588,285.4170730085702
37.68127131462097,-0.47745869949479347,0.3728866014294042,4.9878906699228525,285.7850840592602
37.71458601951599,-0.4763302570248114,0.36888126637474844,4.9976966067668815,286.34692285459494
37.78133535385132,-0.4754769260436984,0.3659256272756752,5.004324320673333,286.7266628892547
37.81456685066223,-0.4744056124807563,0.3624393757587604,5.013840949134233,287.2719255352584
37.881250858306885,-0.47357783578176954,0.3597588096050687,5.019517953982046,287.5971939533134
37.914679288864136,-0.4725140301176879,0.35647915026867877,5.028333725763273,288.10230046952825
37.98129224777222,-0.47172591164043726,0.3540656706363616,5.033963854431162,288.4248830803139
38.014612674713135,-0.47048425275437045,0.35032086349060976,5.04178120268682,288.87278414234703
38.081262826919556,-0.4696623887089363,0.3479212810619115,5.047100759060573,289.177572271445
38.11459922790527,-0.46836591202184824,0.34418026713462757,5.055063528811723,289.63380537142035
38.18156290054321,-0.46763439218642294,0.34218181823600213,5.059985988412189,289.9158415313507
38.2145938873291,-0.4663963631982241,0.33876955647858864,5.067786333120842,290.3627683619037
38.28136134147644,-0.46551553426322767,0.3363855440603921,5.072796925480306,290.6498541569615
38.31463098526001,-0.46414040498960335,0.332715084121324,5.08044355742836,291.0879738950749
38.38129997253418,-0.463182418536709,0.3302167890080239,5.085537774809156,291.3798510509167
38.4146044254303,-0.461692313813268,0.326387318487381,5.093234611414622,291.8208473040117
38.4813494682312,-0.4606544824520767,0.3237806405639217,5.098157944854012,292.1029335312244
38.514628410339355,-0.45924044078507525,0.32032721754940996,5.105842693874326,292.5432372167057
38.58129668235779,-0.4582189103976574,0.3178598337382487,5.1108860033978925,292.83219756718415
38.61454725265503,-0.45667238539747024,0.314182694916994,5.118171191288024,293.2496080862485
38.68125534057617,-0.4556692621936494,0.31185749569687093,5.123129871335187,293.53371952490664
38.71478486061096,-0.45418712270690853,0.30847259456909715,5.13066674893476,293.9655508020689
38.78136205673218,-0.4531559580525996,0.3061529935923871,5.13549498809027,294.24218852815943
38.81458306312561,-0.4515388353797383,0.30255010429251605,5.142168889900253,294.6245749347562
38.88155126571655,-0.45032290675223674,0.29986769876895586,5.146105703900005,294.85013776167
38.914576292037964,-0.4488040504343547,0.2966231859531609,5.15223121848735,295.2011038948707
38.981274127960205,-0.4477222572188866,0.2943257791966395,5.156946505701002,295.47126995140496
39.01454281806946,-0.4461972984690982,0.29114626354986356,5.1639645876147275,295.8733764253385
39.08135175704956,-0.4450914263091087,0.28885955471025254,5.168625335760076,296.14041762344044
39.11454439163208,-0.44324919748181174,0.2850712551677552,5.175455543845075,296.531759719907
39.18309187889099,-0.4420561737191107,0.282678295997117,5.180182913633583,296.80261805698615
39.21454858779907,-0.4402571374370152,0.27911552378981247,5.187011316224897,297.19385670628463
39.28133153915405,-0.43903502846443065,0.2767357227377282,5.191778863842618,297.4670170634077
39.314566135406494,-0.43719179391076657,0.2731898317652445,5.199077056106099,297.8851726781802
39.38129186630249,-0.4359421240386613,0.2708276923093237,5.204306380813402,298.1847909136121
39.414604902267456,-0.43430584309412096,0.2678121402024724,5.211797833842713,298.6140195546121
39.481302976608276,-0.43327627371749045,0.2659508173848129,5.216707339275035,298.8953134953808
39.51455569267273,-0.43140644124462557,0.2625424305000376,5.224546000138735,299.34443567990513
39.58131217956543,-0.43022619921082506,0.2604476695340781,5.229772974968253,299.6439192772576
39.614505767822266,-0.4282295209594665,0.2569144450973695,5.237550079184466,300.08951452568
39.68134379386902,-0.42695633423483914,0.25471869897142474,5.2428926239596825,300.3956197931596
39.71454048156738,-0.42495736559676506,0.2513027874764592,5.2505048110671195,300.83176598727965
39.78138494491577,-0.42352280380529495,0.24888514863526912,5.255545049480244,301.1205503760914
39.81458234786987,-0.42131115990468426,0.2452031470690697,5.263357291786147,301.5681588887532
39.88129711151123,-0.4200505672748408,0.24317509883111812,5.2683803211448605,301.85595727137775
39.914530992507935,-0.41787191343966656,0.23965902493751737,5.27601676197579,302.29349310149144
39.98130798339844,-0.4165834246685645,0.23763988757399798,5.281322571659975,302.5974936032948
40.01456308364868,-0.41458828735286685,0.23453249532562992,5.288795396527016,303.0256549292167
40.081398725509644,-0.41306339986236085,0.23217016188662548,5.293000241165687,303.2665747805207
40.1145498752594,-0.41095286030826467,0.2289584538603822,5.299570354471195,303.6430145438491
40.1813690662384,-0.4094025854898649,0.2266164713899427,5.303974198832702,303.89533623939593
40.21452879905701,-0.40701893942397227,0.2230523649924671,5.3108347933395095,304.28841934958666
40.281386852264404,-0.4055854249260075,0.22096325077953521,5.315656465281888,304.5646808020816
40.31459832191467,-0.40315398227471444,0.21741937218003737,5.323094216832808,304.9908325750162
40.38129210472107,-0.4017690427227022,0.21546309284390805,5.3279073711828016,305.26660600541584
40.41456079483032,-0.39961614223922565,0.2124336074204688,5.335575960736892,305.7059838216834
40.48126482963562,-0.39783243000326507,0.20992314195226908,5.34050462646021,305.9883755662603
40.51455497741699,-0.395543457875227,0.20678299503345896,5.3480807409457825,306.4224549513915
40.58128809928894,-0.3937263471631645,0.20429745863315435,5.353589720923557,306.73809625354005
40.61452865600586,-0.39113178152020844,0.20081377335980177,5.362110182994624,307.2262827697135
40.68127965927124,-0.3895129054960512,0.1986929465176356,5.367658891036774,307.544200322279
40.71457386016846,-0.38670244535309384,0.1950130337996956,5.375227227697312,307.97783407086195
40.781577825546265,-0.38529750166726023,0.19325210219671737,5.380658618960201,308.2890298671097
40.814563274383545,-0.3827097974789074,0.1899709544196123,5.3895466072815505,308.7982740862846
40.881277322769165,-0.38079126011716147,0.18756637645369384,5.3957934199321995,309.15619008657575
40.9145348072052,-0.3781212677124265,0.18429100106757632,5.404542586226235,309.65748038948203
40.981276988983154,-0.37649715870655565,0.18234997645086662,5.410335499745416,309.9893898852154
41.014538049697876,-0.3738110748788227,0.17914501917428657,5.419069970672306,310.4898382056059
41.081268072128296,-0.37232964885769215,0.17743880899869713,5.424918030592339,310.82490735736343
41.11460494995117,-0.36954361640777006,0.17419578357928572,5.433420139693216,311.3120423258035
41.18130612373352,-0.3679539265834057,0.17240495021522434,5.438728569042718,311.6161929233733
41.214571714401245,-0.3653976610110389,0.16953232536726154,5.446343623150176,312.0525033844944
41.281471252441406,-0.3637857787485915,0.16775616331837537,5.451754621135,312.3625307319786
41.31460785865784,-0.36131055946092033,0.16504864038507377,5.4603145942990015,312.8529810670211
41.38128304481506,-0.3595865217384203,0.1631873262962736,5.465693088525826,313.16114608635365
41.41457724571228,-0.356994881317844,0.16042129228300442,5.473186829848341,313.59050583689657
41.48128533363342,-0.3551511523356775,0.1584760296508308,5.477798593419677,313.8547404256463
41.51463532447815,-0.35222100635503684,0.15540646974877376,5.484613004112403,314.24517739820834
41.581364154815674,-0.3503560402733373,0.15349227458199277,5.488747236760136,314.4820514804486
41.614609241485596,-0.3473534754228931,0.15042229227042186,5.494995215220189,314.84003427669825
41.681800842285156,-0.34528208114892533,0.14833173791577128,5.49945399119434,315.09550332181146
41.714600801467896,-0.3424960322476947,0.14556831389335456,5.506948720993619,315.5249197079011
41.78134202957153,-0.34049558846147854,0.14360065683686649,5.511612693552351,315.79214565128126
41.81459426879883,-0.3379953687988686,0.14119825458743393,5.518657302989395,316.1957720403419
41.88130044937134,-0.3360679934346559,0.13934402411978813,5.523878400688986,316.49491890295394
41.91459512710571,-0.33349480673667903,0.1369167371474245,5.531538164998832,316.93379106997304
41.981266260147095,-0.33163885992876674,0.13517939149893815,5.53700231976242,317.246864076533
42.01465082168579,-0.3287557976751017,0.132505575863962,5.5452760867365765,317.72091600482685
42.081568002700806,-0.3269742146570649,0.13089245619681938,5.550621053804078,318.02716005943114
42.11458349227905,-0.32425885599772125,0.12845487319132864,5.558780172584785,318.49464313011157
42.18156623840332,-0.3223568117808769,0.12676836253762855,5.565035528767115,318.85304863871016
42.21459937095642,-0.319400168596988,0.12417536414160366,5.574238532376461,319.38034190436935
42.28141164779663,-0.3169735672573241,0.12206172380284734,5.579885377575518,319.70388230183903
42.31507229804993,-0.31357356185347707,0.1191630427315556,5.588679511401879,320.2077490545627
42.38130784034729,-0.31131828762585484,0.1172806281792377,5.5942196006940454,320.52517278912944
42.41459584236145,-0.3083694152294581,0.11487553724156489,5.602418070642923,320.99491051566497
42.48161220550537,-0.306189395687953,0.1131065347354494,5.608104670877399,321.32072870887856
42.514570474624634,-0.30292413487710496,0.11049006020876583,5.616272922028698,321.7887350258509
42.58134961128235,-0.30051328421382484,0.10857868933732738,5.62144656006214,322.0851626498955
42.6146023273468,-0.29673209558727626,0.10561215327356736,5.6298657912377665,322.5675490630038
42.6813862323761,-0.2942953267314833,0.10374538523296611,5.6355084015037615,322.89084681668254
42.71463751792908,-0.2908592142447238,0.10115726826367735,5.643977273557738,323.37607744261163
42.78147006034851,-0.2886088281706931,0.09949217652361296,5.648752464220755,323.64967571397284
42.814597606658936,-0.2855098589586172,0.09723573623869775,5.654950920973308,324.00482112538845
42.88132905960083,-0.2834578942738709,0.09575516277932342,5.6594479520396765,324.2624820258306
42.914615869522095,-0.28019933929480184,0.09341152440078963,5.666572225691262,324.6706728381627
42.981592416763306,-0.27802112391591566,0.09186851327176404,5.671720495110215,324.965646947665
43.014599561691284,-0.27439074929613116,0.08930669821554829,5.6799015570387,325.43438726810234
43.08155417442322,-0.27219379807143307,0.08779927304967401,5.685358422938232,325.74704265351437
43.114564657211304,-0.26872843378990097,0.0854379549159006,5.693771225781572,326.2290607503134
43.181395530700684,-0.2660615170308947,0.08363615580252994,5.69914531279664,326.53697325501287
43.214627504348755,-0.2626332531056863,0.08138090574439535,5.707025804104479,326.98849214744155
43.28141188621521,-0.26028622685349284,0.07985820187616144,5.71258528386127,327.30702687379414
43.31453514099121,-0.2567349885721426,0.07757997515059471,5.7216908976662015,327.8287401146928
43.381264209747314,-0.25458659334166533,0.07624166266200855,5.7276104542418365,328.16790572306553
43.414565324783325,-0.25079689203859445,0.07387456269649247,5.737230450323517,328.7190908974783
43.481303215026855,-0.24840422726281708,0.07242283524181478,5.74366357073678,329.08768154625767
43.51459360122681,-0.24514578972942924,0.07049133198505486,5.753145549223373,329.63095889497333
43.581422328948975,-0.24284208598103146,0.06914282725220193,5.759752320896236,330.0094990280349
43.61459946632385,-0.23948574102406678,0.06721238067144766,5.769928715683403,330.59256349999856
43.681379556655884,-0.2373913736830663,0.06604263358536891,5.776310899165399,330.958235677595
43.714625120162964,-0.23405113447100614,0.06418902740612846,5.78582541352485,331.5033771945082
43.781333446502686,-0.23181545811944362,0.06297603954452427,5.792544278467435,331.8883397988367
43.814656257629395,-0.2288291610066112,0.061399167052432466,5.803103420187154,332.49333405465705
43.88135123252869,-0.22621819222934325,0.06001446786140256,5.8103666395528455,332.9094858699889
43.91460347175598,-0.2233187399309662,0.05855718118923735,5.821256132579832,333.53340786147237
43.98141050338745,-0.22068574501365498,0.05721883671847454,5.827710047263974,333.9031899342112
44.014604330062866,-0.21726463159635992,0.055543156238937394,5.836483984619275,334.40589951438216
44.081329584121704,-0.21509366062090118,0.05450913344483029,5.841905262712375,334.71651586868353
44.114577293395996,-0.21217724300036464,0.05315336080485245,5.849534708334362,335.1536509028479
44.181466579437256,-0.20962681294060823,0.05195147518824991,5.8548818382851024,335.46001888153336
44.21457052230835,-0.20606089698080352,0.05031438474300435,5.862913464482887,335.9201971652931
44.28140139579773,-0.2037445188990648,0.04927874353475291,5.867831638636287,336.2019877871932
44.314563512802124,-0.20039128327764277,0.04780519268936896,5.875169784454756,336.62243257204307
44.38159227371216,-0.19867686063309017,0.04708878920107194,5.880033274857939,336.90109004584787
44.41469931602478,-0.19500881559378985,0.04550312366135349,5.886323129712786,337.2614721827805
44.48135709762573,-0.19242009870170657,0.0444045850146514,5.890327445632592,337.49090258482244
44.51462984085083,-0.18862831695817964,0.042823354143799626,5.896542303768648,337.84698772629093
44.581345081329346,-0.18615324870358343,0.04181469633619149,5.900085294462953,338.04998613992876
44.61464166641235,-0.18244761419779199,0.04032050374229979,5.906095016434267,338.39431784493206
44.68137192726135,-0.17983934960368064,0.039282452723464374,5.910405574326864,338.64129461952473
44.71462297439575,-0.17596378342406443,0.037763618796543275,5.917678736439596,339.0580161122987
44.78136134147644,-0.17397307926479225,0.0370234216747119,5.9229614750681,339.3606947399827
44.81458282470703,-0.17040472697799164,0.035680102976861305,5.930698343548506,339.80398465055777
44.88134980201721,-0.1678949592822808,0.03475219411229144,5.936303917544893,340.12516038229904
44.914613485336304,-0.16429560481098068,0.03345290468820632,5.944924602785049,340.6190892630707
44.981398820877075,-0.16228240787581155,0.03276117710595056,5.950987292267033,340.9664557828867
45.01462149620056,-0.15845797849726548,0.03142704369992858,5.959785245843282,341.4705413911578
45.08131694793701,-0.15591976881869463,0.030571117823409513,5.965023528332948,341.77067286971294
45.11460995674133,-0.1522861164611863,0.029376460399477746,5.9722090152212814,342.18237094216107
45.18131399154663,-0.1501249560312151,0.02869296649065603,5.977163078367752,342.4662178518951
45.21467208862305,-0.14625097738390258,0.027456342755441496,5.983771976409615,342.84487981692615
45.28141903877258,-0.14421460653550627,0.02684445716485098,5.98831205461797,343.1050071369242
45.31462788581848,-0.1399282489772627,0.02551479481696184,5.996123180946264,343.552551708779
45.3813271522522,-0.1376281299957522,0.024846254011797117,6.00136469339842,343.8528682505528
45.414570808410645,-0.133942944631918,0.023782033181881136,6.009501354228689,344.3190645754566
45.48126554489136,-0.13150035881249644,0.02309741129499918,6.015128965121861,344.64150292837724
45.514649868011475,-0.12795321203984175,0.0221291954203972,6.022401453513584,345.0581858197808
45.58130192756653,-0.12589363941595774,0.02159375101282278,6.0276743869944,345.3603026538848
45.61454367637634,-0.12144281193029224,0.02039628744524902,6.036537370833365,345.86811422175015
45.68133282661438,-0.11964193959819756,0.01997377095628516,6.0421002669328825,346.18684469012226
45.71457505226135,-0.11611806535125552,0.019108959764230257,6.0493780327994005,346.60382995855815
45.7813355922699,-0.11364830084750747,0.018516525824961674,6.054681044830164,346.907670166628
45.81460523605347,-0.1096880138733584,0.017582704458777302,6.06268644936927,347.36634606001365
45.88132047653198,-0.10734476186563124,0.017063775924078317,6.06839025969625,347.6931503188927
45.91452383995056,-0.10322057891521279,0.01614842143604388,6.077414247626012,348.2101867416451
45.98127770423889,-0.10087167163004794,0.015667322402832536,6.083143512609724,348.53844944492386
46.014546632766724,-0.0968456286838992,0.014842371612835605,6.09069278638687,348.9709909707431
46.081279039382935,-0.0935575039347304,0.014175760635318065,6.095548666551983,349.2492124100254
46.11449909210205,-0.0896825839406686,0.0134522549985827,6.102616611453934,349.6541758227382
46.181334495544434,-0.08679365008346342,0.012919160001231179,6.107527789049631,349.93556557141085
46.214829206466675,-0.08278682234294674,0.01221367577847419,6.115985672683002,350.4201666072158
46.281418800354004,-0.08015445529780407,0.011773402631654245,6.121698264118861,350.7474739865731
46.31467342376709,-0.07617183311084108,0.011127565868126736,6.130206762625027,351.23497504096974
46.38140821456909,-0.0732668615368635,0.010671907545026393,6.135958000105634,351.564496675586
46.41467881202698,-0.06938959749300282,0.010106364334480917,6.1445658862384125,352.0576922215234
46.481412410736084,-0.06661556467172346,0.009715788220794535,6.149621653235539,352.3473663326603
46.51464557647705,-0.06289771733795675,0.009229237381619671,6.157075145991612,352.77442001021456
46.581368923187256,-0.060651928564986496,0.008957751519107398,6.162484967576788,353.0843799549639
46.6146674156189,-0.05645096262452231,0.00843290747021871,6.170249572762107,353.5292590616681
46.68138599395752,-0.05366517288735976,0.008111421742454036,6.175249703275267,353.8157454370868
46.71464276313782,-0.050237578531539324,0.007760528365825664,6.182524360349354,354.2325525848369
46.781349897384644,-0.04784697994544116,0.007523083993974574,6.187430916499093,354.5136775441609
46.81468081474304,-0.043651366551931824,0.00710371469715644,6.194677903614834,354.9288993200786
46.881369829177856,-0.04125932036367531,0.006899386096133107,6.199433760601027,355.2013898533552
46.91466975212097,-0.03745742589290021,0.006580881300306277,6.20661181720365,355.6126622017915
46.98128604888916,-0.035062213264383434,0.0064019354474302,6.2111324805913615,355.87167713450674
47.014559507369995,-0.031281374087093854,0.00612742434233381,6.21699046297426,356.2073148015088
47.081289291381836,-0.029016059674041167,0.005985454333638326,6.220397196895869,356.402506277141
47.11457347869873,-0.02539950813235468,0.005759111682880915,6.226153281362135,356.7323056235789
47.18129801750183,-0.022590241222388164,0.005586671708823938,6.230736723526833,356.9949175152584
47.21459674835205,-0.018359130808869327,0.00535177072071933,6.238659376358628,357.44885208506764
47.28149628639221,-0.015953155733017865,0.005253090516533062,6.24409632691109,357.760366405145
47.31466245651245,-0.01257085758407302,0.005135925763347336,6.251459504703334,358.182245416445
47.381380796432495,-0.009757130505178235,0.005034128908555384,6.256371257349724,358.4636681130954
47.41477036476135,-0.00537455082036199,0.0048986522169717755,6.263760630422787,358.8870480034295
47.481391191482544,-0.002978625220087517,0.00486301620940363,6.268385975217202,359.15206073894234
47.51460647583008,0.0008652064867112391,0.00480924078300574,6.275618779146068,359.566469878112
47.58138155937195,0.0033997016708614014,0.004791942033421603,6.28066562642363,359.8556329269634
47.61464548110962,0.007222722096606897,0.004783811252752207,6.288124714638526,360.2830072006927
47.681562185287476,0.009897091474102256,0.0047931423195107705,6.293198096294748,360.5736905574533
47.71461367607117,0.013871519703169242,0.004830211133933802,6.30010949672856,360.9696846328356
47.78139543533325,0.016545408867194154,0.004873579345165074,6.304114071343912,361.19912985704053
47.81458330154419,0.020246961836937055,0.0049590297342797796,6.309842933676522,361.5273694901105
47.881304025650024,0.022785974871165474,0.0050274508946473746,6.314116912589889,361.77225044357436
47.91460847854614,0.02630778550183883,0.005145470313628625,6.320505356353343,362.13828130887697
47.98127460479736,0.028304850831162753,0.005234649068276356,6.325019659914009,362.396931850344
48.014617681503296,0.031295416724032195,0.0053734344049415255,6.331715794490872,362.78059210064987
48.08133101463318,0.03329853232675346,0.005475363200281318,6.335126984146113,362.9760388710138
48.11474251747131,0.03692281752932999,0.00564975051713213,6.339439116854058,363.2231058758794
48.18132042884827,0.03946852633621897,0.005783896696392387,6.341851220475376,363.3613092331292
48.21458339691162,0.042893094199554234,0.005986169363120494,6.344999405811786,363.5416869660304
48.28154158592224,0.04529877989817565,0.006132050103500229,6.346527039939397,363.62921395418266
48.31462597846985,0.04915815691565021,0.00636744345215784,6.348018429601976,363.71466428745794
48.381314277648926,0.0514192736198193,0.006517847300723691,6.347837740982424,363.70431159215156
48.41468667984009,0.05529749079051204,0.006762616154993115,6.347062098379686,363.65987054460413
48.481412410736084,0.05796723531185142,0.006930068742304493,6.347001331807299,363.6563888764708
48.514647006988525,0.06147873857080124,0.007159003895656826,6.347558268627119,363.688299005702
48.581360816955566,0.06333104365218599,0.00728774119739831,6.347138365650091,363.6642403373133
48.61462736129761,0.06716321303896024,0.0075262756202846325,6.345540145694716,363.5726690791367
48.68320894241333,0.06970199553441574,0.007682672064652042,6.3438446059251055,363.4755218063415
48.71466326713562,0.07345785313921198,0.007909619228695139,6.341073192139468,363.31673149314
48.78138184547424,0.0762665856977202,0.00806894536049136,6.339386565543981,363.2200949076041
48.81468629837036,0.08109434893446109,0.008331730534944005,6.336326651161511,363.04477472781724
48.8813738822937,0.08388558372901898,0.008480568228089944,6.333887054312053,362.90499612462986
48.914629220962524,0.08824559061997955,0.008701459508574939,6.330042586521711,362.68472434576927
48.981316328048706,0.09104416220276443,0.008832942112197512,6.32760298044263,362.54494521376347
49.014623165130615,0.0957023142082039,0.009038015054228823,6.323154980656992,362.2900935987713
49.08136177062988,0.09822322723955497,0.009139944274838928,6.319495430612532,362.0804168263069
49.11462879180908,0.10258729675073713,0.009297991316026462,6.314361960802572,361.78629067193833
49.18134880065918,0.10606814572633905,0.009407274726135891,6.310199616039752,361.54780588415036
49.21468210220337,0.1103825216859888,0.009523061785618119,6.303608177401531,361.17014426926085
49.28143811225891,0.1134491700606551,0.009585825536120078,6.298500344905948,360.87748702480417
49.31466555595398,0.11803491699317806,0.009656192881708244,6.290410060574182,360.41394787753313
49.381391763687134,0.1213759095657655,0.009682703262995293,6.2848576196281165,360.09581644532796
49.41468620300293,0.12528621469841023,0.009682625887694384,6.276527098754409,359.61851275811887
49.48135542869568,0.12835935976927548,0.009663917938566826,6.2714200746758255,359.3259018325444
49.51466083526611,0.1327748208231714,0.009612010808990075,6.264067418538584,358.90462566766945
49.58160710334778,0.13570963460726138,0.009555163811701682,6.259851900845822,358.6630942954115
49.614474296569824,0.1402649950366547,0.009449952001771598,6.252885136241963,358.2639280867492
49.6813588142395,0.1436056126312506,0.009352580950390477,6.247419119687617,357.95074840743655
49.71461200714111,0.14793626005702212,0.009193515750562037,6.23807272616837,357.41523950511527
49.7813675403595,0.15086498599929218,0.009060007329351527,6.232747870068513,357.110147724079
49.814563035964966,0.15514626629965386,0.00884067259779052,6.2255511560736885,356.6978063858128
49.88136410713196,0.1583486872092944,0.00866024231334391,6.220925527242505,356.43277737619195
49.91465091705322,0.1633570514676566,0.008355018829260926,6.2132141987388785,355.99095079849525
49.98146986961365,0.1665513367732331,0.00813124347852022,6.207399694120244,355.65780422388815
50.01467728614807,0.17162378631997668,0.007751393761788956,6.198683574263205,355.1584073423496
50.08132457733154,0.17508198486857116,0.007461953357676911,6.193611238686061,354.86778392150524
50.11462330818176,0.1802161162172869,0.007002675975931997,6.1860529543910925,354.43472613104353
50.18132305145264,0.1838035741758106,0.006656675465530053,6.180709021712281,354.1285413425456
50.2145893573761,0.18912087104366945,0.006111996110866166,6.172071436675044,353.6336441747266
50.28162097930908,0.19256218514610693,0.005726454571112702,6.166512969228212,353.31516744946225
50.31466889381409,0.19791630956194017,0.005099769353251763,6.158386900320865,352.84957799703875
50.38135123252869,0.20081342823260628,0.004720374393013732,6.152183158027903,352.4941297464652
50.41461944580078,0.20576766722072237,0.004066101959367529,6.142382257217581,351.9325794946074
50.481382846832275,0.2089536845180765,0.0036094958707542455,6.1358518692917166,351.5584158278722
50.514657974243164,0.2138822190999864,0.002878097425708631,6.126459882824399,351.02029464205094
50.581363916397095,0.21717677418528736,0.0023566769572608334,6.120445070571897,350.67567128541896
50.615055322647095,0.22197799612138075,0.0015641544574870854,6.111007548379574,350.1349410947378
50.68137574195862,0.22514988988845844,0.0010090960698635482,6.104999125096549,349.7906837990924
50.71465992927551,0.2303108798009162,8.874199193063814e-05,6.096182043567436,349.2855022398514
50.7814667224884,0.23347138373698836,-0.0005154185798467263,6.090510907316931,348.96057006765386
50.81465172767639,0.2386481232718413,-0.001518620597285695,6.081589803054561,348.44942844482387
50.8813591003418,0.24206671031780178,-0.0022160554818235634,6.075219012095497,348.0844090107094
50.91466999053955,0.2471275266675066,-0.0032849499914115055,6.0659643734175654,347.5541572735454
50.981409311294556,0.25026962287687127,-0.003986535948973767,6.058786209639361,347.14287878440064
51.01462960243225,0.2552871791279635,-0.005129788530858815,6.049413151718653,346.6058421244124
51.08146262168884,0.2591678649920755,-0.006034630531803562,6.043277215575061,346.25427888002275
51.11461853981018,0.26416978711017675,-0.007268289586837982,6.034023956644816,345.724106196578
51.18160271644592,0.2675544709320855,-0.00813238249678931,6.02701141691495,345.32231726638884
51.21461582183838,0.27272235661524413,-0.009483667091238088,6.016163483473382,344.7007764637482
51.281691789627075,0.2759530346927054,-0.010375858987946886,6.009017364618039,344.2913340134382
51.31467938423157,0.2809516264072144,-0.011782569628878298,5.99905741453531,343.7206709095368
51.381468772888184,0.28430735526015527,-0.012763824615834696,5.993332439083067,343.3926539783073
51.41460680961609,0.28927511465384564,-0.014247041268604295,5.984886341198791,342.90872821618393
51.48132538795471,0.2923465713532055,-0.015202189980966343,5.9790756853741565,342.57580216122926
51.5146746635437,0.29699327778261325,-0.016668197038244834,5.9709209995563235,342.10857308061225
51.581403732299805,0.30032622809572135,-0.01774028314175813,5.9653183503187925,341.7875649252095
51.61460280418396,0.30466074036819807,-0.019183139587818553,5.956187773841045,341.2644214285132
51.681427001953125,0.3079774253594431,-0.020299748515734278,5.9496077199878235,340.88741211375475
51.71476101875305,0.312816253317087,-0.021970646396539676,5.9404705162339635,340.3638889021075
51.78145790100098,0.31584802828243336,-0.02305892378517403,5.934894721845953,340.04441941624174
51.814677238464355,0.32012551762785374,-0.024626320814811996,5.926691531821798,339.57441124931387
51.88136100769043,0.32275911929088247,-0.025622042990683984,5.921452489243913,339.27423622091175
51.914803981781006,0.3271819564214076,-0.027291007296330307,5.913390786564524,338.8123346816934
51.98137831687927,0.33032416126675396,-0.02850105059579603,5.907348396008778,338.4661312046794
52.014615058898926,0.3346366505627648,-0.030206816382397254,5.897854123101336,337.92214943753766
52.081390142440796,0.33800528002396624,-0.03155521414300627,5.891709476884464,337.57008714270984
52.114644050598145,0.3424654033803002,-0.03339953862110663,5.882750732619799,337.0567889066075
52.181445360183716,0.34543537805021884,-0.034658794749126746,5.877087606187768,336.73231566320317
52.21498465538025,0.34993401956951803,-0.03658973061451555,5.869333719005955,336.2880506528647
52.281400203704834,0.35305950612199793,-0.037960184589884226,5.863922508362924,335.9780111209627
52.314605474472046,0.35759475072887237,-0.039981027160064714,5.8553682968881,335.4878909063929
52.381409883499146,0.360908446839298,-0.04148045263961879,5.848294520912553,335.08259339777305
52.414676666259766,0.36545502263488244,-0.04359573613570791,5.837938585772174,334.48924202131815
52.481388568878174,0.36837931967846915,-0.044998687118520134,5.831053844695356,334.0947754145761
52.5146279335022,0.37284302836833616,-0.04716630586665525,5.822084101775337,333.58084700194166
52.58135771751404,0.37571879438492417,-0.04860118872003377,5.81636762376528,333.25331693828605
52.614704847335815,0.3800298810091982,-0.050777731589672116,5.807605454174756,332.75128160137115
52.68140625953674,0.3828920038452681,-0.05225501479945174,5.801736294104257,332.41500350004486
52.71481990814209,0.38689416267011256,-0.05435914417979934,5.792390774547051,331.87954467206
52.78144884109497,0.3899751403055064,-0.05599173914646926,5.7861300431754605,331.5208311878027
52.814634561538696,0.3940858342002888,-0.05822939847572113,5.776379317615132,330.96215576600554
52.88144278526306,0.3971288759888472,-0.05990623297483128,5.769843992921965,330.5877092433394
52.91465520858765,0.40133865100361127,-0.06228226805072924,5.760266397934473,330.03895347267047
52.981351137161255,0.40377178774180966,-0.06370539480510745,5.754690565406288,329.71948180153373
53.014670610427856,0.40812847396169605,-0.06623339055304991,5.746483005071683,329.2492232342619
53.08139753341675,0.4112591144082436,-0.06807907193155179,5.740609392009026,328.91268999527875
53.11462998390198,0.4155362046955184,-0.07065896973582149,5.731610554335313,328.39709457605164
53.18139410018921,0.41838858625188075,-0.07241447118675699,5.724791334591277,328.0063820651461
53.21460676193237,0.4225000478088266,-0.07498977781063354,5.714499146628665,327.4166831329331
53.28143262863159,0.4253369611220596,-0.07680107721415151,5.7074792456925,327.01447243669094
53.31466865539551,0.4292599720944256,-0.07935891321355949,5.697537277815422,326.4448396372797
53.381436586380005,0.43217962233589585,-0.08128342391305668,5.691432697263218,326.0950729359407
53.41460585594177,0.43655366064019224,-0.0842084737928268,5.683254428583866,325.62649265688987
53.481385231018066,0.4390847751618234,-0.0859568144490961,5.6779971717780935,325.32527403010266
53.514678716659546,0.44305921109000296,-0.08871122008541749,5.669368238678218,324.83087258177903
53.58134937286377,0.44580544428400026,-0.09064325663027713,5.663515168127531,324.4955163420324
53.61460208892822,0.4497352303468492,-0.0934508448056861,5.6550338790535255,324.0095742732614
53.68134331703186,0.45223086544355434,-0.0952722164700188,5.650168911107827,323.73083214250653
53.714641094207764,0.4563322496234268,-0.0982692092642801,5.643794088751564,323.365581726347
53.781461238861084,0.4592458291581935,-0.10042142409514201,5.639339092276863,323.11032923060094
53.81462240219116,0.463256986089018,-0.10343520373676279,5.6323234176093155,322.70836068171366
53.88166904449463,0.46603403660888937,-0.10554497278386675,5.627313473890258,322.42131205101356
53.91467809677124,0.46988998844164914,-0.1085219396478305,5.6210360495024485,322.06164212737957
53.98141646385193,0.47253626174740465,-0.11058538428585271,5.616198400585899,321.7844652616953
54.014617681503296,0.476342838306166,-0.11358923980886582,5.608535564594753,321.34541710030163
54.08138561248779,0.47918758548587315,-0.11585118716658595,5.6026685873852795,321.00926406769935
54.11467385292053,0.4828538138531388,-0.11883361650919401,5.593813526991243,320.50190647978764
54.1816611289978,0.4849032003206291,-0.12055296432719813,5.5884294153746845,320.19341960773147
54.21481156349182,0.4883245277091906,-0.12341160826633002,5.580161012731317,319.71967503295167
54.28141665458679,0.4908991184715907,-0.12557905879702824,5.574594427378765,319.4007331859511
54.31460523605347,0.4947389074652848,-0.12885357102967526,5.565858957362335,318.9002276219466
54.381545066833496,0.49727488782980056,-0.13106136735316667,5.559243697423299,318.52120114705787
54.41458344459534,0.5008843802854703,-0.1342555114286912,5.548769507931677,317.92107429536765
54.481353521347046,0.50337839000553,-0.13650212088666638,5.542220187076997,317.5458258517175
54.51463031768799,0.5069295045408504,-0.13975508964077765,5.532879202143882,317.01062683855474
54.58132982254028,0.509293787055871,-0.1419615250076427,5.526290304500911,316.6331108119688
54.61460614204407,0.5128889839135722,-0.14535224957437937,5.516520253828057,316.0733281427853
54.681562423706055,0.5155141576317326,-0.14786148494285706,5.509686170199393,315.68176399402336
54.71461248397827,0.5189860156659729,-0.1512616021032108,5.5000292408966205,315.1284627019183
54.781458139419556,0.5211646194233664,-0.15344515647825752,5.493482087142066,314.7533384239591
54.81467390060425,0.5245553902705697,-0.15686708114357145,5.483999174099351,314.210007529122
54.88139295578003,0.5264978310684425,-0.1588890385440811,5.478291221278535,313.8829659228294
54.914623737335205,0.5299958588745516,-0.16250366226044524,5.470271209084223,313.4234530724519
54.98141384124756,0.532301236367211,-0.16493277086969868,5.465312183812048,313.13932185385755
55.014650106430054,0.5358012527225982,-0.16865538009977835,5.4575463029975415,312.6943696589847
55.081395626068115,0.538160070565713,-0.1712049186633479,5.451913676834621,312.3716439522744
55.11463928222656,0.5416435826130551,-0.17501772308252203,5.442365621207772,311.8245806622998
55.18142509460449,0.543869321470127,-0.17750938568076877,5.436372075599894,311.48117579464923
55.21463131904602,0.5467988907012679,-0.1808575945899418,5.427219150518296,310.9567518172742
55.28142309188843,0.5489949320069349,-0.183378987696155,5.421331079678928,310.6193902087044
55.31464457511902,0.552036103676789,-0.18693535695907934,5.4126210972929165,310.12034497835265
55.38135361671448,0.554379308004224,-0.18968925546787874,5.406870117915136,309.79083813193904
55.414620876312256,0.5576774447625011,-0.1936401485576625,5.398833261181013,309.3303601605225
55.481332778930664,0.5598813568733736,-0.1963231295174565,5.393008996025948,308.9966543483722
55.51463294029236,0.563137650945968,-0.2003414251433472,5.384412970538855,308.5041383673749
55.58138847351074,0.5650368640583753,-0.20275036974320634,5.378406166515867,308.15997384849544
55.614643812179565,0.5681236083613903,-0.2066780449408651,5.370242553025103,307.6922332498986
55.68137979507446,0.5699894539950077,-0.20910896472627574,5.364398460320508,307.35739140284215
55.714630365371704,0.5731007680819284,-0.2131704110082791,5.355902921353321,306.8706328753334
55.781673192977905,0.5749019577855012,-0.21558852294654568,5.3501562909665195,306.541375207748
55.81456756591797,0.5778039463843272,-0.21950657349272854,5.341191995654407,306.0277589200551
55.881598472595215,0.5795216480057761,-0.22188823031077448,5.335533887077621,305.70357317857844
55.914626359939575,0.5822266246408074,-0.22565628562298476,5.326812319985795,305.2038641934766
55.98138999938965,0.5838303676710958,-0.227951555125198,5.3204929452143555,304.8417906899117
56.01460647583008,0.5864519494899905,-0.2317125107129165,5.3099708353670705,304.2389182040892
56.08142948150635,0.5881044207060081,-0.23414669400200344,5.303698957817684,303.8795660908865
56.11455750465393,0.5908268821930054,-0.23817568997692717,5.2943471328114455,303.34374598728414
56.181316614151,0.5928335930781976,-0.24118761926863796,5.288106902289627,302.9862071151952
56.21454906463623,0.5955456379617546,-0.2453596930026613,5.278806790931695,302.453349985384
56.28145360946655,0.5972693311072893,-0.248076002557777,5.272789425917013,302.1085803662531
56.31456732749939,0.5999880837176158,-0.2523921468454868,5.264211176844713,301.6170828987983
56.3812894821167,0.6017483848096846,-0.2552513209024461,5.258554958105706,301.2930054370504
56.41448760032654,0.6042584015667355,-0.2593904006905144,5.250000863292737,300.8028919067125
56.48136782646179,0.6058334980584978,-0.2620493517746949,5.244730316156025,300.50091180005415
56.51453900337219,0.6082685482271416,-0.26618499971139215,5.237168841980856,300.0676712429198
56.58134341239929,0.6097346580710941,-0.26873929618552295,5.231701497953141,299.7544155049857
56.61452841758728,0.6121783287573465,-0.27299827260085685,5.223119756432233,299.26271793496545
56.6812310218811,0.6137512871988934,-0.27580480618968894,5.2169216894694115,298.90759485685635
56.714515209198,0.6160703524074542,-0.2800032599983695,5.207845774621575,298.3875832408552
56.781564474105835,0.6175933516340489,-0.282821489547833,5.2019863400381725,298.05186236889324
56.81452393531799,0.6198518063081964,-0.28705873917644964,5.192852261217253,297.52851820271474
56.881338357925415,0.6213326018105844,-0.28990008817694457,5.186920883638451,297.18867530075084
56.91452622413635,0.6234451760465253,-0.2940235716225059,5.177616817764552,296.6555915938647
56.98133993148804,0.6250316839641673,-0.2971551156430515,5.171766828201909,296.3204118817297
57.01454472541809,0.6272404312023567,-0.3016118409822886,5.163823377055115,295.86528565625
57.0815544128418,0.628698209215462,-0.3046141856954751,5.158871355566442,295.58155572489096
57.114583253860474,0.6308542870958608,-0.309115357823235,5.150757169646886,295.116647117516
57.18161177635193,0.6323967829093812,-0.31237971802764614,5.144808108438551,294.77579101821334
57.214507818222046,0.6344395262674609,-0.3168253407876168,5.135331802521418,294.2328386837868
57.281352519989014,0.6357508686090592,-0.3197515285736054,5.128756898074126,293.85612440825514
57.3148250579834,0.6377057543641952,-0.3241822286727147,5.1194912996702024,293.3252447250472
57.38121461868286,0.6389715154133079,-0.32712471447084024,5.113088954733394,292.9584173811811
57.41481947898865,0.6406782036985865,-0.3311997632866668,5.1034257255818405,292.4047551343293
57.48140001296997,0.6420686087843057,-0.33451731322912054,5.097329970130935,292.05549407404857
57.514559507369995,0.6440579121743206,-0.33938867417584556,5.088817161985061,291.56774609548535
57.581332206726074,0.6451725700085985,-0.34224300789704176,5.083376654038197,291.25602795172273
57.61454105377197,0.6469803007015574,-0.3468853816594603,5.07408167200677,290.723464710672
57.68138074874878,0.6480631789390139,-0.34977345269028065,5.067128801936875,290.3250946001642
57.71460199356079,0.6498406957594196,-0.35454312539612604,5.0572787375642125,289.76072748367847
57.781564474105835,0.6508242856850522,-0.35732733683747936,5.050922053945338,289.396516340617
57.81456732749939,0.6523643012452242,-0.3617154008787408,5.041511193218016,288.857313739356
57.881255865097046,0.6531422862630795,-0.3640718808310691,5.036018594948931,288.5426110399766
57.91450762748718,0.6547619935057675,-0.36883348921916015,5.028137255277333,288.091043539885
57.98152184486389,0.6557173273793023,-0.3717648187555562,5.023176187018775,287.8067952667933
58.01452422142029,0.6572727254882725,-0.3765606861867649,5.015131193908939,287.34585111538786
58.08148717880249,0.6582780461100477,-0.37976397691349845,5.009296761344546,287.01156275359443
58.114535331726074,0.6596844160568888,-0.3843687907815211,5.000405326457225,286.5021210607356
58.18136239051819,0.6606856725629052,-0.38771548962309127,4.994161363260521,286.1443683221295
58.21450924873352,0.6619376375909132,-0.3920953232082957,4.985088033228003,285.62450480513684
58.281346559524536,0.6627218413611181,-0.394936005528281,4.978780382437656,285.2631030362076
58.314584493637085,0.6639331221068475,-0.39938038439805773,4.970066536643957,284.76383644890086
58.38127875328064,0.6648391388113213,-0.40275835008769384,4.964301955404102,284.4335502731969
58.41461205482483,0.6660356549851485,-0.40740831020918516,4.955628434450952,283.93659412906305
58.48150062561035,0.6667683779962242,-0.41038334142307836,4.949730053284439,283.5986417822624
58.51458191871643,0.6677425736048701,-0.4144946700409799,4.9408513968538035,283.08993224104034
58.58129262924194,0.6684429533199586,-0.41749400809234083,4.934555801248528,282.72922118333696
58.614516496658325,0.6695642862336548,-0.4223741355889421,4.925029315154361,282.18339373655107
58.68127703666687,0.6703138800644892,-0.42578692540583174,4.918566273530217,281.81308872867027
58.71450853347778,0.671228093052843,-0.4302207224261602,4.908715649289627,281.2486895341152
58.78158402442932,0.6718900750760921,-0.433509545583421,4.902518496337972,280.8936188249883
58.81462788581848,0.6727967411597172,-0.4382218043157532,4.893219701198309,280.3608371089289
58.881335735321045,0.6734656046441294,-0.44178677420925994,4.887193974723939,280.01558841344723
58.91458058357239,0.6743642312299937,-0.4468462144859782,4.8783043836436555,279.50625236294985
58.981332302093506,0.6748868596117057,-0.4500109062798033,4.871486558922286,279.11561978095546
59.01452612876892,0.675643758254532,-0.45476080117629597,4.861676521600949,278.553546045577
59.08155870437622,0.6761251332080089,-0.45798421494670205,4.8552931275194755,278.18780450573973
59.114561319351196,0.6768335360117435,-0.4628875971109403,4.846333249968955,277.67444133714093
59.18152689933777,0.677260130275983,-0.4660795000059485,4.84019520235116,277.32275711419095
59.21452617645264,0.6778718996959282,-0.4708588154109816,4.831427122584051,276.82038314910153
59.28133034706116,0.6782093088883943,-0.473789586022814,4.8255122168936415,276.4814840168232
59.31452655792236,0.678835739893895,-0.4790942256708212,4.8158220055866865,275.9262758063447
59.381558895111084,0.679180785719996,-0.4824228170554572,4.808493640110324,275.50639139381974
59.414509773254395,0.6796995078724797,-0.48768572602344523,4.797445979462495,274.8734070652064
59.4817430973053,0.6799975309195603,-0.49116078236479177,4.7908252884496445,274.49406941270985
59.51449942588806,0.6804208767797175,-0.4964663994105531,4.781093156563513,273.9364593299698
59.581310987472534,0.6806125908493957,-0.4995294230048718,4.774257578130326,273.54480953521755
59.61451768875122,0.680935108198561,-0.5046808630283697,4.763532954288159,272.93033385219604
59.681302070617676,0.6811028395604053,-0.5080087424047776,4.75597232557707,272.4971417365852
59.71450972557068,0.6813194441740043,-0.5130359763932717,4.7457385077931775,271.9107871692622
59.78153991699219,0.6814078710731652,-0.5160955384702023,4.738756894932883,271.5107702181731
59.81458926200867,0.681551236780324,-0.5212183485460912,4.728428956364664,270.91902292714377
59.88131046295166,0.681588372539685,-0.5242917090077724,4.721664457339818,270.53144568249974
59.91450333595276,0.6816309330339945,-0.529123628687075,4.712150754862694,269.98635068301735
59.981210470199585,0.6816398323834587,-0.5325970156656026,4.705965662095297,269.6319709715486
60.01450061798096,0.6816042642373797,-0.5374472249495559,4.696257941545397,269.07575955534696
60.08153223991394,0.6815526422949625,-0.5407867042420645,4.6900791002795525,268.72173802853274
60.11454677581787,0.6814430640659964,-0.5457756848915835,4.680206831870212,268.1560987144572
60.18133068084717,0.681338571177057,-0.5492485203221815,4.67396412599588,267.79841801511645
60.21450233459473,0.6811442423158123,-0.554116811539312,4.665055871701369,267.28801264121165
60.281349658966064,0.6809852082098911,-0.5578621429003032,4.658752389100816,266.92684969196586
60.31485104560852,0.680707699880093,-0.5630537164440204,4.649813679329057,266.4146993477517
60.381248235702515,0.6805021290618942,-0.5659776819587512,4.644220810518875,266.0942515695579
60.414538860321045,0.6801720462753672,-0.5706669841188484,4.635370374884017,265.5871589608284
60.48123502731323,0.6799203099979574,-0.5739913175317565,4.628942297137839,265.2188572355904
60.51453232765198,0.6795278285077271,-0.5785236258346942,4.619357634853845,264.66969653865937
60.58142566680908,0.6792167344756118,-0.5820073189331191,4.613211002404512,264.3175204410944
60.61458897590637,0.678756224634417,-0.5865079633387583,4.604912673475873,263.8420612164721
60.68146371841431,0.6784143841506103,-0.589698424591499,4.599931208946548,263.5566443231476
60.71458721160889,0.6778675159375309,-0.5946026922069573,4.591870610494632,263.09480605150316
60.78148579597473,0.6774593040113924,-0.5980559999738813,4.585637766674371,262.737690406238
60.81463003158569,0.6768293078926102,-0.6030155415896501,4.575748925662943,262.17110155200726
60.88137745857239,0.676363851198038,-0.6064510446911092,4.569730967131281,261.8262979268583
60.914637327194214,0.6756954087632181,-0.6109799458180171,4.56078827723703,261.3139195384235
60.981340169906616,0.6752251077295301,-0.6140157177197993,4.554393098908903,260.9475028109883
61.01453685760498,0.6744892938439386,-0.6186089671038272,4.544748197636306,260.3948906742481
61.08159017562866,0.6739399210307803,-0.6219069139054224,4.538836660504803,260.0561845461781
61.11464834213257,0.6730901129280633,-0.6267865910424117,4.529918147539659,259.54519139374264
61.18143558502197,0.6724871900044816,-0.6300755286699805,4.523365594321121,259.16975774928557
61.214879512786865,0.6715550218452686,-0.6349618977855289,4.513194445328129,258.5869938391884
61.281412839889526,0.6709386068628022,-0.637968730056128,4.506358477391691,258.1953217275437
61.31454825401306,0.6699985993932697,-0.6424042374436356,4.496289471326934,257.6184101761415
61.3812997341156,0.6692431987170943,-0.6459416608300945,4.4887046626833556,257.1838326524501
61.414572954177856,0.668167497097289,-0.6506588822999086,4.47761227854769,256.54828585673863
61.481547355651855,0.6673943906310273,-0.6539069727424791,4.470968489478866,256.16762478311983
61.51454448699951,0.6661772636935461,-0.6588867994512907,4.460793923879023,255.58466511586983
61.58149194717407,0.665345842203984,-0.6621200784880301,4.454319115616186,255.21368592925285
61.61460900306702,0.6640368177426345,-0.6671030701124099,4.444848724713613,254.67107250019632
61.681336641311646,0.6632428038590923,-0.6699242526543513,4.43919236429211,254.34698692063932
61.714545488357544,0.661939042956366,-0.6745696067857336,4.430389293016561,253.84260808979755
61.78134107589722,0.6611102452500809,-0.6773848795014997,4.424297591730315,253.49357931604123
61.814650774002075,0.6598266177117298,-0.6816872836620651,4.415265178959749,252.97606018546773
61.881354093551636,0.6589608615267041,-0.6844971186064421,4.409759957078013,252.66063420636118
61.91463041305542,0.6575561740176709,-0.6890215793609532,4.40213668814979,252.2238530706808
61.98130965232849,0.6565460651802308,-0.6922080228618012,4.397176325287606,251.9396452138242
62.01464319229126,0.6550626241010501,-0.6967610577400107,4.3896177098628035,251.50656845102057
62.08139991760254,0.6540473032283717,-0.6998021585947264,4.3834252532546305,251.15176682255435
62.114681005477905,0.6524152703738458,-0.7046189332352606,4.374685747919013,250.65103005179142
62.18133997917175,0.6512695312617242,-0.7079056562638373,4.368678741154362,250.30685391667038
62.21456837654114,0.6495409883387752,-0.7127503843913933,4.359516361342528,249.7818882231564
62.28166174888611,0.6482997252463336,-0.7161459896841303,4.352839777943993,249.39934817285325
62.314841508865356,0.6464258811457352,-0.7211489609127545,4.342566350943143,248.81072416456877
62.381352186203,0.6452587566864043,-0.7241234413729807,4.336209056995852,248.44647805226495
62.41461396217346,0.6434036188904694,-0.728810093812679,4.326641953362417,247.89832339190485
62.48133969306946,0.6421909762897938,-0.7317740720808926,4.320090622960154,247.52295980965945
62.51500105857849,0.6403269332209266,-0.7362647331647394,4.310294852163367,246.96170348592605
62.581339597702026,0.6391184605314033,-0.7390818151330042,4.304120365381776,246.60793145268156
62.61457943916321,0.6371520812422136,-0.743639535171155,4.294995947079148,246.08514079342905
62.68154454231262,0.6358512774207248,-0.7465663829199355,4.288782295166547,245.7291247634736
62.71458697319031,0.6338119364028314,-0.751098510026516,4.279000944041884,245.1686946260949
62.781376361846924,0.6326192025634088,-0.7536289131918061,4.272507059098855,244.79662242621578
62.81466031074524,0.6307560600562566,-0.7575551863162264,4.263055686897461,244.25509868846865
62.88167190551758,0.6292609285904773,-0.7607009478537626,4.2564864138668,243.87870706934265
62.914578914642334,0.6271551696501616,-0.7650005422884442,4.247014476826099,243.3360050530968
62.98139548301697,0.6256610146612241,-0.767992360475596,4.2408016535330155,242.9800364995426
63.014644384384155,0.6235936047645193,-0.7720208363129253,4.231726013875097,242.4600406507623
63.08142447471619,0.6219978486851788,-0.7751127256192313,4.226034102096081,242.1339181284639
63.11462211608887,0.6196815167287748,-0.7795032143559097,4.217248548490746,241.63054298619224
63.18175554275513,0.6179159653555906,-0.782813599692903,4.211057364259885,241.27581425957595
63.214468002319336,0.6156246194936225,-0.7869658342824212,4.201691062288192,240.73916468695288
63.28140592575073,0.614114229117917,-0.789640817014124,4.195878516060548,240.40613031988417
63.314637660980225,0.6117981764226974,-0.7937052831969957,4.18647356297604,239.86726620162338
63.38138484954834,0.6100629446244755,-0.7967196177352929,4.180302925880676,239.51371473915214
63.4147675037384,0.607811145156553,-0.8005071306954339,4.171640897688233,239.0174170817018
63.48133635520935,0.606097634748995,-0.8033789381642318,4.1664471928251325,238.71983971300958
63.51457977294922,0.6033962946570058,-0.8078578877565891,4.158393438868028,238.25839360203074
63.58135628700256,0.6017755430107331,-0.8104585671768444,4.152443395940702,237.91748125437329
63.61458468437195,0.5992828693386688,-0.8144214334949303,4.143165200144103,237.3858797937321
63.68143892288208,0.5974867299521142,-0.8172402992948886,4.136743686783996,237.0179541801111
63.71494722366333,0.5949353821255263,-0.8211596048403078,4.127422527467681,236.48389109111724
63.781445264816284,0.5932364073649756,-0.8237164494580422,4.121027899007295,236.11750586878287
63.81474781036377,0.5906431909964482,-0.8275731306952047,4.111084273254818,235.54777808010832
63.88143825531006,0.5886899665877454,-0.8304468482872793,4.1047297472584265,235.18369055970894
63.91456174850464,0.5859405121740991,-0.8343993411493311,4.095416635583235,234.65008856658645
63.98135018348694,0.5840843541754454,-0.8370149636459558,4.089537816818117,234.31325706282288
64.01454997062683,0.5812777544850687,-0.8409219311592359,4.080505768022208,233.79575878646108
64.08145713806152,0.5796863155927923,-0.8430570327579335,4.073899569678673,233.41725150275022
64.11489009857178,0.5769463743863564,-0.8467510199326465,4.062933377626269,232.78893498081754
64.18137168884277,0.5750122838436047,-0.8493103122062098,4.0559292539824625,232.38762825683963
64.21460103988647,0.5718599480197454,-0.853438143273439,4.046113317054533,231.82521649890268
64.28140449523926,0.5698779479148386,-0.8559554172000026,4.039279487744518,231.43366692152603
64.31497430801392,0.566614515204076,-0.86007317442654,4.0289580397174385,230.84229151111072
64.38154983520508,0.564751375134767,-0.8623316365590701,4.021854985365472,230.435316475091
64.41464805603027,0.5616805002190973,-0.8660461939996523,4.011543312508904,229.84450114069006
64.4813506603241,0.5596150775471193,-0.8684933906374598,4.0047775047011775,229.45684890831066
64.51459860801697,0.5566618417467972,-0.8719274638649415,3.9955842334240135,228.93011326421032
64.58157062530518,0.5544725750895213,-0.8744534536178529,3.9896775652219048,228.59168610524537
64.61489868164062,0.5512051229131495,-0.8781683162056922,3.9801143381243587,228.04375355403084
64.68133759498596,0.548974058843344,-0.8806561042972124,3.9736157511362005,227.67141194681074
64.71458768844604,0.5456265811789718,-0.8843365210525581,3.963929516321943,227.1164315725811
64.78142428398132,0.5436197935498582,-0.8864745835520368,3.9584688252312206,226.803557019858
64.81487607955933,0.5403343297843727,-0.8899749880992153,3.9501918478025053,226.3293211460676
64.88148760795593,0.5381209450294933,-0.8922943122357562,3.944540982776397,226.00555042947352
64.91486549377441,0.5344985315675653,-0.8960707753278007,3.935957491496485,225.5137526056472
64.98148536682129,0.5321604761567837,-0.8984517480895984,3.930529888376889,225.2027738540223
65.01477313041687,0.5288292489827549,-0.9017909421428923,3.922328720787099,224.73288156404786
65.0813946723938,0.5264572338607432,-0.9041464934727323,3.9166881040383528,224.4096980304939
65.1147952079773,0.5227031043383594,-0.9078425151711241,3.909042925599967,223.97166157234997
65.18137288093567,0.5201118401107742,-0.9103542232631378,3.904043493289164,223.68521520097963
65.2147867679596,0.5166537072907332,-0.9136354065968904,3.896117092954787,223.23106591508872
65.28161668777466,0.514029204262093,-0.9161170419456169,3.8901887779950814,222.89139848827335
65.31451296806335,0.5104352883532371,-0.9194436148407694,3.881197761109748,222.37625116721287
65.3815107345581,0.508163454086359,-0.9215008841329375,3.874905311016975,222.01572033410028
65.41475915908813,0.504363188944269,-0.9249354136210353,3.865340052621816,221.46767139810558
65.48147487640381,0.5018621057907854,-0.9271457925630701,3.8588776657997497,221.09740390762022
65.51477479934692,0.4981928885124358,-0.9303391544455119,3.8493761017520187,220.553004388912
65.58136081695557,0.49605708811285293,-0.9321398218718284,3.8433684882134957,220.20879348820898
65.61476731300354,0.49219227568417434,-0.9354253416318176,3.834992854833175,219.7289050447677
65.68141603469849,0.48992970455050633,-0.9372885019178467,3.8298341159200002,219.4333310774329
65.71478128433228,0.4861262708008268,-0.9404264170346552,3.8213439592063776,218.94688093033767
65.78160738945007,0.4837341798567005,-0.9423517970111817,3.8154728621861316,218.61049184996574
65.81478595733643,0.4799922090825222,-0.9453428335466139,3.8058200199506573,218.05742472956743
65.88129615783691,0.47757186752437497,-0.9472324554360283,3.8003967866607207,217.7466963507392
65.91473436355591,0.47367985737622037,-0.9502553578026401,3.792350516201014,217.28567901257722
65.98139023780823,0.47123424360364397,-0.9521110791988945,3.786757746197526,216.96523689559
66.01461148262024,0.4677426698615343,-0.9547212282620573,3.7788319013625067,216.51111943746784
66.08131623268127,0.46527497491798253,-0.9565499027948774,3.7738170074642836,216.22378718239375
66.11461806297302,0.46145069526008453,-0.9593587364351313,3.766698165222331,215.8159075669104
66.18138480186462,0.45885176089065804,-0.9612392009822754,3.7613156424475918,215.5075117287848
66.21461367607117,0.45518955631596286,-0.9638430619507149,3.7524477171777835,214.99941703778737
66.28148984909058,0.4524554545323596,-0.9657710329122486,3.746206417135626,214.64181688669692
66.31465530395508,0.4488652117860037,-0.9682351195053087,3.7371260619214146,214.121550856443
66.38139176368713,0.44632354613967073,-0.969959794235365,3.7307180187045494,213.7543970251792
66.41466236114502,0.4423872348166595,-0.9725984831334504,3.721654802090066,213.23511296435646
66.48140597343445,0.44004002405902715,-0.9741231432601782,3.7157897673200013,212.89907122533427
66.51466012001038,0.43654845792405617,-0.9763665104379164,3.7076080648493908,212.43029420453652
66.58135175704956,0.4337298200084033,-0.9781788140670286,3.7021161285266047,212.11562943188628
66.61456274986267,0.43008173379180376,-0.9804589418633373,3.6937554377210886,211.63659713491637
66.68129277229309,0.42769063843038235,-0.9819260851664519,3.6886124538495126,211.34192586497122
66.71454811096191,0.42417649211973785,-0.9840559284964818,3.681227144265047,210.91877879538382
66.78135204315186,0.4221097993451102,-0.9852757576942257,3.675725650654463,210.6035664304792
66.81457948684692,0.4186493204199645,-0.9873225105241439,3.6674814249213044,210.13120709061604
66.88125443458557,0.4159924325311068,-0.9888831842937165,3.661946644209343,209.81408751529025
66.91456890106201,0.4123448720300788,-0.9909751636566988,3.6545460972209525,209.3900674067672
66.98129725456238,0.41001562398506086,-0.9922825023522791,3.6503030389729716,209.14695807692974
67.0145652294159,0.4064829174843533,-0.994250086795553,3.6438414314915173,208.77673523937224
67.08146357536316,0.4037896421440845,-0.9957443912572764,3.639516699017695,208.52894632109903
67.11467099189758,0.400206611162286,-0.9976865369051882,3.632737966475498,208.14055355598316
67.18144226074219,0.3977312985417089,-0.9990125908694296,3.628039000407652,207.87132263222043
67.21475028991699,0.39352235859721474,-1.0012614219404932,3.6212418212417607,207.4818729534206
67.28150677680969,0.3910346382930402,-1.0025502083391657,3.617034858125409,207.24083172228643
67.3146390914917,0.38725727414296746,-1.004491200029527,3.611267957185565,206.91041263756333
67.38133120536804,0.3846327731390201,-1.0058258609704374,3.6069800250914152,206.66473222572986
67.4145655632019,0.38096299962472874,-1.0076609862745765,3.600074114383658,206.26905268848117
67.48130798339844,0.3783282608878587,-1.0089664109877705,3.5956600778159147,206.01614702253306
67.51456093788147,0.374275261510168,-1.0109533718498578,3.5892701111706002,205.6500289025272
67.58126497268677,0.37150441125877,-1.012289921746476,3.5853278116497855,205.42415177840806
67.61461615562439,0.36738537823796674,-1.0142520252547973,3.579714391582808,205.1025264999362
67.68127703666687,0.3644805008526084,-1.0156203471392966,3.5760001805152335,204.8897178815434
67.71456551551819,0.36043201448800755,-1.017494041007979,3.5700889449306317,204.55102903083818
67.78130793571472,0.3576373363879064,-1.0187729489172863,3.5660181504673902,204.3177896888292
67.81461238861084,0.3534553058662429,-1.0206642714223042,3.5611449904577333,204.03857818738393
67.88131356239319,0.3511404661372653,-1.0216798145210757,3.5584500089445616,203.88416712081343
67.91462802886963,0.3469996506944616,-1.023518613963999,3.5539926637875645,203.6287800554844
67.98136925697327,0.3441824213459007,-1.0247549712610238,3.5496372740322943,203.37923460437293
68.0145742893219,0.33999006093463874,-1.0265697790776682,3.54254778401101,202.9730367472532
68.0813398361206,0.3372830056555818,-1.0277151149968313,3.5372812721377587,202.67128784416036
68.11456894874573,0.33345876406836933,-1.02930154365228,3.5295978961275267,202.231062826362
68.18139171600342,0.3306109978011553,-1.0304727570933787,3.5245659606478505,201.94275416059443
68.2146680355072,0.3263899868305147,-1.0321778021416856,3.518038339979085,201.56874904601182
68.28140616416931,0.3237836356457344,-1.033202631732707,3.513961658311363,201.33517239203297
68.31460189819336,0.31968396793570786,-1.0348041654684685,3.5089552160047224,201.04832437748672
68.38157296180725,0.316688594384458,-1.0359660637913979,3.5051955186645505,200.83290958764832
68.41453552246094,0.31227525126511785,-1.0376514444671228,3.4994304949341637,200.5025980591044
68.48131322860718,0.30952184437512986,-1.0386766727337033,3.4952669345099063,200.26404361904673
68.51457500457764,0.3053491914485282,-1.0402139742894185,3.4890779254773845,199.9094395221149
68.5815327167511,0.30246204606056104,-1.0412622462171708,3.4850771097533286,199.68020966651693
68.61459970474243,0.29800773562267135,-1.042861115465575,3.479850283473177,199.38073458041615
68.68129682540894,0.2947305991513605,-1.0440260005733328,3.476359466546388,199.18072550345835
68.71461725234985,0.2904571084544541,-1.0455038109560808,3.4708509814761217,198.86511255742124
68.78139066696167,0.28780644627331653,-1.046400373342387,3.4670274250105484,198.64603890921393
68.81457734107971,0.28359504404256475,-1.0478186792953996,3.4623089512821963,198.375690278836
68.88129091262817,0.28093709348093104,-1.0486959505517226,3.459021050171498,198.18730742173662
68.9145758152008,0.276209127978501,-1.050264729242846,3.4539408855852143,197.89623543171075
68.98129487037659,0.27367115903509454,-1.05107159305801,3.4502610067912935,197.6853939076994
69.01452350616455,0.2687799740398818,-1.0526493617068922,3.44478660270742,197.37173365834425
69.08129286766052,0.26572287195755695,-1.0536061784177855,3.440965289037089,197.15278851283864
69.11452746391296,0.26113183040367377,-1.0550232077753479,3.4347632669285892,196.7974388215748
69.1813702583313,0.25832821548923346,-1.05586181070888,3.4303647611324446,196.54542300329186
69.21457099914551,0.25361601997849303,-1.0572678679103549,3.4238139422949536,196.17008873154882
69.28138589859009,0.2508003627226239,-1.0580767044857875,3.4194096364190107,195.91774059317262
69.31457328796387,0.2466206704402484,-1.059258752910618,3.413049119734437,195.553309831624
69.3812940120697,0.24392546288104364,-1.0600026392867121,3.408386228294163,195.28614583176864
69.41452646255493,0.23952732712143524,-1.0612084784117024,3.4018310962915326,194.91056443386677
69.4812502861023,0.2362984268855527,-1.062079383300785,3.3977527006032737,194.6768895737452
69.51453638076782,0.23210492113776776,-1.063168956506046,3.392328788866163,194.36612232275726
69.58126759529114,0.22913082252215927,-1.0639323970558425,3.38860760830596,194.15291438185153
69.61454916000366,0.22467982191662794,-1.0650562566187805,3.3822159211582354,193.78669768431888
69.68154191970825,0.22143671734901177,-1.0658609741766603,3.3780125763624334,193.54586376768114
69.71470856666565,0.21679167505314478,-1.0669823394550206,3.37182919971399,193.1915823825856
69.78150177001953,0.21380320187303753,-1.0676806095063196,3.368305882278299,192.98971116363566
69.81464004516602,0.20914052696623694,-1.0687576456479948,3.3633858939567096,192.7078165975549
69.8814070224762,0.20615428580375794,-1.0694283838527463,3.35910308634892,192.46242979716206
69.91470122337341,0.20121510293061656,-1.0705292320339952,3.3521455328467686,192.06379134575232
69.9814760684967,0.1984786133900154,-1.0711013463197139,3.347331041871597,191.78794133237116
70.0145411491394,0.19408767182830006,-1.0720125835820355,3.341106573491999,191.43130556450757
70.08132767677307,0.1910817485348872,-1.0726210725707144,3.3374559376471216,191.2221395380569
70.114572763443,0.1867044607811533,-1.0734858703234869,3.332406473264865,190.93282654015195
70.18137383460999,0.18368714489417723,-1.0740697229757414,3.328529423843506,190.71068797134447
70.21462655067444,0.1791787582931902,-1.0749238198944002,3.3221136691030337,190.34309230232435
70.28140306472778,0.17615489028684012,-1.0754762773382476,3.318290456077078,190.12403833175765
70.31464195251465,0.17176680676417166,-1.0762562452945243,3.3120783301677608,189.7681097353499
70.38130021095276,0.16900451691487872,-1.0767253976826057,3.3072215144500214,189.48983469285062
70.41467928886414,0.1645072625108692,-1.0774811036373482,3.299536095828458,189.0494926420438
70.48130440711975,0.16134126722952416,-1.0779920817768116,3.2950023980746312,188.78973089516157
70.51460194587708,0.15679601981630178,-1.0786956366407427,3.2884862143057254,188.41638106667162
70.5815634727478,0.15402746816511803,-1.079097251169029,3.284238057579456,188.17297961554627
70.61462306976318,0.14921835893053775,-1.0797988495127229,3.277409895716433,187.78175475896288
70.68135213851929,0.1460427007340944,-1.0802358811339456,3.272997805200149,187.5289605935501
70.71461176872253,0.14116489360102574,-1.0808875283203578,3.2666319666602703,187.16422491215334
70.78143334388733,0.13825541059292717,-1.0812445878838517,3.2631937646245914,186.96723044639563
70.81463122367859,0.13337738271200145,-1.0818467629807837,3.256578318204526,186.58819328693096
70.88134384155273,0.13019567447608327,-1.0822141783102097,3.251683702898549,186.30775248755836
70.91460418701172,0.1254177283822173,-1.0827429165946671,3.2442534964471217,185.8820330169807
70.98132920265198,0.12223198549768699,-1.0830709670549648,3.2401987460289585,185.64971293104102
71.01461887359619,0.11759110553961186,-1.0835256182608104,3.233784127685955,185.28218237279975
71.08130860328674,0.1146678643345628,-1.0837890043655536,3.229114564511454,185.01463611073112
71.11462998390198,0.11021088001910725,-1.0841752205044963,3.2221157338995736,184.6136326551434
71.18134474754333,0.10687694865763328,-1.0844535796031791,3.217642019514884,184.35730770215372
71.21458768844604,0.10225794157482807,-1.0848033515444568,3.2115262313052813,184.0068988493476
71.28146839141846,0.0994655313600636,-1.0849898011722334,3.2072901582576923,183.76418974201164
71.31460571289062,0.09488854308045871,-1.0852922590167537,3.201132086721436,183.41135823304452
71.38132834434509,0.09209435975205527,-1.085452151532007,3.196740280288937,183.15972626002392
71.41457986831665,0.08710838090305321,-1.0857424501385875,3.1904363291019795,182.79853646275478
71.48127818107605,0.08390657862294995,-1.0859008398696446,3.1858869587182115,182.53787674032304
71.51459527015686,0.07926844160914434,-1.086103961820984,3.1782889662279703,182.10254383786014
71.58128309249878,0.07592973394904118,-1.08623304597817,3.173309290889404,181.8172294576149
71.61458849906921,0.0711296096562038,-1.0863852019326612,3.165698051748369,181.38113757796881
71.68130779266357,0.06792436201171505,-1.086462895418276,3.1602897342895533,181.07126381331176
71.71469688415527,0.06355372629386072,-1.0865318009652243,3.1527947274881933,180.64183155617198
71.78139400482178,0.060618661784440656,-1.086560660257797,3.1480102151366163,180.3676991913984
71.81470489501953,0.0561707689730038,-1.086586053231338,3.1414689901109245,179.99291460458093
71.88134837150574,0.052817283529790524,-1.0865964287441303,3.1368480573008997,179.72815465715297
71.91471672058105,0.04805525617446362,-1.086576451250175,3.129714622112628,179.3194389274349
71.98137283325195,0.044441136547578024,-1.0865481103524324,3.1239665090206223,178.99009630709907
72.01463508605957,0.03946147906070362,-1.0864621176727813,3.1152494242897477,178.49064414236202
72.08131909370422,0.03598712733508069,-1.0863763422859163,3.1100494382815924,178.19270689056765
72.11452174186707,0.031117955038733717,-1.0862172266425203,3.102892845028669,177.78266430148335
72.18135261535645,0.02805636580634243,-1.086090377112572,3.0979577440508033,177.49990384398075
72.2147171497345,0.023813121568279857,-1.0858866133700185,3.090622140171063,177.07960470149183
72.28155136108398,0.020740192341523533,-1.085729908139713,3.0859075914773983,176.80948095903594
72.31459522247314,0.01599939334443984,-1.0854704465199845,3.0781979782604463,176.3677526600263
72.38134384155273,0.012937892099575448,-1.085274955828784,3.0733237243550624,176.08847848297265
72.41460132598877,0.008471594777470146,-1.0849642796307135,3.0659680529601685,175.66702955656012
72.4812958240509,0.005408639862782956,-1.0847327152733184,3.0604462898578495,175.35065583532617
72.51501393318176,0.0006782494095587052,-1.0843534087761126,3.0514731832481123,174.8365346974673
72.58155369758606,-0.0022423884514118503,-1.0840840561921206,3.0460760248348597,174.5273002990244
72.61467671394348,-0.006392052708321189,-1.0836742329901299,3.038897808683939,174.11601880914398
72.68141627311707,-0.009178983914873796,-1.0833830934737572,3.0352874599441186,173.9091610637819
72.71468138694763,-0.013538888204308402,-1.082920102580664,3.030179863216925,173.6165173278589
72.78140091896057,-0.016732056292667635,-1.0825723613330347,3.0270125978780724,173.43504639134457
72.81462526321411,-0.020997297486239762,-1.0820760842759027,3.021709477798484,173.13119999253306
72.88135361671448,-0.02377769109364928,-1.0817374820133216,3.0180847983037724,172.92352115539848
72.91459393501282,-0.02755604715180489,-1.081254574802915,3.012311500801636,172.59273557465264
72.98129510879517,-0.03034511314417057,-1.0808945304949504,3.0085126432664113,172.3750770709128
73.01459646224976,-0.034064221152606614,-1.0803873601024205,3.0029540702999222,172.05659429981745
73.0813660621643,-0.03712198074328841,-1.079973697850968,2.9994932386683244,171.85830325372152
73.11458206176758,-0.041700353681818354,-1.0793319928186358,2.993751617247761,171.52933257876134
73.18138027191162,-0.04501497992953383,-1.0788509193536477,2.9898625292806225,171.30650425208918
73.21467161178589,-0.04954987626364529,-1.0781590840757231,2.9837080111533654,170.9538763384606
73.28138399124146,-0.05244813087413187,-1.0776941801564701,2.979890534422056,170.73515103336717
73.31466770172119,-0.05683226676282443,-1.0769770668582597,2.9734699391581323,170.36727802278267
73.3813316822052,-0.06013391896073546,-1.0764270228151047,2.9693603001750146,170.13181305372757
73.4148154258728,-0.06468041192345472,-1.0756356885297114,2.9632333297294613,169.780763505996
73.48134541511536,-0.06783756480502715,-1.0750698039236342,2.9595032452658314,169.56704540900267
73.5146713256836,-0.07224819183655486,-1.0742519420999554,2.9534581748712316,169.2206883885326
73.58131504058838,-0.0755342228697538,-1.0736343773668224,2.9491806339947093,168.9756033496132
73.61463952064514,-0.08008928393236885,-1.07274453610579,2.942895234627998,168.61547649334645
73.68131709098816,-0.08323277325342748,-1.072113878430276,2.938780837752378,168.37973891713162
73.7146692276001,-0.0877768805434942,-1.0711765267014248,2.932372400482321,168.012562508283
73.78135704994202,-0.09077873092579826,-1.0705370347813405,2.9271681284394093,167.71437968478622
73.81462359428406,-0.09558073161935024,-1.0694982044640955,2.9187247402105774,167.23060917448373
73.88147020339966,-0.09857296605180588,-1.068816204051684,2.913196836994577,166.9138836506501
73.9147253036499,-0.10337315816159766,-1.067706513595599,2.905098690641858,166.44989404276006
73.98135662078857,-0.1062170048932748,-1.0670117069503118,2.9001181071906172,166.16452763149124
74.0145971775055,-0.11029665750511139,-1.0659913313506533,2.892667622537288,165.73764630552847
74.08156108856201,-0.11367483903054129,-1.0651493448103544,2.8876357031782662,165.44933856340637
74.11462306976318,-0.11788034047033706,-1.0640469110190012,2.8807088371260905,165.05245837336426
74.18138074874878,-0.12018300029658263,-1.0634110872190707,2.876139853594183,164.7906749003212
74.2146270275116,-0.12481832064044368,-1.062167128064673,2.868157215048254,164.333303402261
74.28134870529175,-0.12791319819490582,-1.0613067265842782,2.8621597076471756,163.98967154058073
74.31466817855835,-0.13233625537983565,-1.060037717420204,2.853688630743079,163.50431458604527
74.38137769699097,-0.13568165048386532,-1.0590618422329687,2.8477101656074604,163.1617737658082
74.4146499633789,-0.1404144435693528,-1.0576346513377064,2.839220778673302,162.6753677238274
74.48130750656128,-0.1432072989219966,-1.0567522055719771,2.8335306600479253,162.34934794166455
74.51464891433716,-0.1476292907315976,-1.055341557460338,2.824482991805591,161.83095473694425
74.58131837844849,-0.15080702641027768,-1.0543068089698844,2.8176416305904572,161.4389736131926
74.61463952064514,-0.1556345047625386,-1.0526970697834894,2.8083584855222368,160.90708858017587
74.68134713172913,-0.15865819075502494,-1.0516467560495244,2.8031238559130136,160.60716639625318
74.71462774276733,-0.16307807008699998,-1.0500837962806675,2.7951992196591524,160.15311818473057
74.78134775161743,-0.1663523564662696,-1.0489115961803128,2.7904317154253064,159.87996031332042
74.81467270851135,-0.17075900279797596,-1.0472890698522428,2.78267283472156,159.4354091952503
74.88139796257019,-0.17388475992262376,-1.0461205356489764,2.7778070037335345,159.15661761581245
74.91590881347656,-0.17785082186780282,-1.0445886299940759,2.7704435842348376,158.73472475575278
74.98135089874268,-0.18084238011109058,-1.0434295409599712,2.7657775630665986,158.46738143569397
75.01467108726501,-0.18514555284903597,-1.0417301435166866,2.7592253624099783,158.0919679915468
75.08131670951843,-0.18812276173123316,-1.0405364552121046,2.754717029662033,157.83365955244892
75.11460494995117,-0.19281692997626992,-1.0386361347323545,2.747682659480285,157.43061982950206
75.18138194084167,-0.19551823791238443,-1.0375021820365344,2.7430045592195746,157.1625844284243
75.21476554870605,-0.19992746383670476,-1.0356469770704055,2.7355981875019824,156.73823058750122
75.28142499923706,-0.20313042779419122,-1.034280673770517,2.730144052328737,156.4257316611804
75.31455540657043,-0.20795517058471133,-1.0321876522276126,2.7214335282721747,155.9266553953922
75.3813841342926,-0.21049429141784393,-1.0310308886409905,2.715459773063486,155.58438443409005
75.41460704803467,-0.21460806817426106,-1.0291527866626955,2.7059801647676567,155.04124288730182
75.48131513595581,-0.21776678449320094,-1.0276972051007651,2.6996829606917734,154.68043967102113
75.51468181610107,-0.22145856527762986,-1.025922439352375,2.690997244657427,154.182784800204
75.58143711090088,-0.22397763308697743,-1.02469559831624,2.685254446727579,153.85374671622722
75.6146731376648,-0.22793803481915403,-1.022751339402801,2.676510228585925,153.3527399215687
75.6814272403717,-0.23068915228294234,-1.0213765949827585,2.670269053572704,152.99514693410865
75.71466946601868,-0.23450094329142346,-1.0194272637366404,2.660915269821393,152.45921460268048
75.7815170288086,-0.2368644875005276,-1.0181845803673968,2.6551121977875987,152.12672306693366
75.81463694572449,-0.2412513266387617,-1.015891895015025,2.646782451165234,151.64946374105884
75.88137555122375,-0.2438294771572149,-1.014496374637215,2.6412053881164637,151.32992156628592
75.91470766067505,-0.24771999182275514,-1.0123662905318451,2.6325926947672773,150.83645058713716
75.98135662078857,-0.25077064663086673,-1.0106850286790243,2.6268938757298903,150.50993230808606
76.0146496295929,-0.254675280144249,-1.0084687312199432,2.618463946350044,150.02693293302752
76.08140015602112,-0.2570925300645881,-1.0070631582636917,2.613178850044508,149.72411922040015
76.11466646194458,-0.2609195211311493,-1.0048273632105955,2.6053614997338297,149.276218040623
76.18138837814331,-0.263443232478405,-1.0033260111054494,2.6004162043464687,148.9928734864817
76.21464490890503,-0.26710474891761465,-1.0011189741633897,2.592428320070108,148.53520143020734
76.28140497207642,-0.26925950527918135,-0.9997852329004701,2.5872159984441483,148.23655739957505
76.31463932991028,-0.2730860644750951,-0.9974288257006486,2.5803584821935877,147.84365066047556
76.38152480125427,-0.27569129708386586,-0.9957995591620513,2.576521450451323,147.62380493578607
76.41479802131653,-0.2796618167378979,-0.9932932692557482,2.5709358056372364,147.30377106207976
76.48133444786072,-0.28189729036412065,-0.9918445951163284,2.5670134300992613,147.07903549808844
76.51466035842896,-0.28583665392690816,-0.9893054459019153,2.560784692833578,146.72215514106892
76.58139562606812,-0.28840647196492564,-0.9876215596323479,2.55632197899112,146.46646047272145
76.6146559715271,-0.29223255389407293,-0.9850880135828829,2.549894464521329,146.0981910208432
76.68140363693237,-0.29466765324754174,-0.9834470484095365,2.5454692730789032,145.84464622765478
76.71478247642517,-0.2988232790129146,-0.9806458804079929,2.537828636104938,145.40686997625494
76.7814130783081,-0.30146280167430695,-0.9788275049484586,2.5330241237295104,145.1315916945246
76.81446957588196,-0.3052756888629576,-0.9761667294284773,2.526494617268342,144.7574785319962
76.88145351409912,-0.30823578433493315,-0.9740933623290182,2.5222642667880875,144.5150973036165
76.91468358039856,-0.3125356142419261,-0.9710405157677856,2.515146661270534,144.10728854722166
76.98139333724976,-0.31534861059365676,-0.9690070180119738,2.5102056642768593,143.82419027289728
77.01468133926392,-0.3194124498003016,-0.9660311180069988,2.5018980133919184,143.34819693952204
77.08139419555664,-0.32197493527688004,-0.964116096924049,2.496415023032263,143.03404473280287
77.11468625068665,-0.32562423665375617,-0.961351015105275,2.4886184185797875,142.58733220314312
77.1814239025116,-0.32838915077549696,-0.9592472661209509,2.4829638476230684,142.26334915236586
77.21460342407227,-0.3321018758981089,-0.9563633954059955,2.474784421031482,141.7947025298309
77.28136610984802,-0.3342906829165461,-0.9546219468033198,2.4694885881496296,141.49127365669415
77.31468367576599,-0.338481733614048,-0.9513155912390008,2.4623389287564814,141.0816283485107
77.38131785392761,-0.3411871898581353,-0.9491382845970109,2.457276827684584,140.79159132162232
77.41466069221497,-0.3449582916494587,-0.9460540068370008,2.449578567235826,140.35051348831598
77.48142099380493,-0.3474216790690383,-0.944007300997149,2.444066808674026,140.03471298502973
77.51462244987488,-0.3512436998566838,-0.9408071494912972,2.4363296017934637,139.59140368555396
77.58142256736755,-0.35324842534667367,-0.9390711998635705,2.4322885581220515,139.35986893835397
77.6146912574768,-0.35664673639388367,-0.9361466353882507,2.4266164794745686,139.03488277078694
77.6813747882843,-0.35928501423013937,-0.9338742492494511,2.4229530471954,138.8249835626586
77.71467518806458,-0.36256266641197477,-0.9309911331837166,2.4173783776041944,138.5055785229026
77.78145480155945,-0.3648649930361752,-0.9289551775266648,2.4135098938785253,138.28393073230671
77.814626455307,-0.3683024124369691,-0.9258910934334916,2.4075927509833557,137.94490341763765
77.88132500648499,-0.3704802880382255,-0.9239205190461419,2.4029430646822334,137.67849601652355
77.91465759277344,-0.37377448245158756,-0.9209176031258542,2.395113636038495,137.22990279923852
77.98143744468689,-0.3758181906642105,-0.9190185824188795,2.390088255816136,136.9419697220488
78.01467299461365,-0.3793623828964467,-0.9157255201262611,2.382231110535729,136.49178845846038
78.08136343955994,-0.3817959168043494,-0.9134280146104603,2.377158197927508,136.2011319761706
78.11464548110962,-0.385248801580231,-0.9101197619596335,2.3690716595871164,135.73780745839545
78.18133044242859,-0.3874447449086504,-0.9079755486010578,2.364077041918419,135.4516369456976
78.2146430015564,-0.3905346703635174,-0.9049181929720885,2.357245166118153,135.0601992961848
78.2813892364502,-0.39311152657352,-0.902374102252979,2.3527095768557276,134.80032917384298
78.3146722316742,-0.39639318719543504,-0.8990628486854759,2.34564994673916,134.3958421632402
78.38135361671448,-0.3986373172975321,-0.8967726000027854,2.3405424625757414,134.10320487674642
78.4146466255188,-0.4020776995535138,-0.8932303243899335,2.332548216212621,133.64516829975182
78.48137855529785,-0.40419233631378515,-0.8910058578762661,2.3274638596729647,133.35385612848975
78.51466798782349,-0.4075892596284939,-0.8874151029081173,2.320472718587694,132.95329325032324
78.5813856124878,-0.4096730362531313,-0.8851687163414101,2.315491792439837,132.66790720398467
78.61467432975769,-0.41313092913546057,-0.8814306134655521,2.3077868653284623,132.22644739904698
78.6814067363739,-0.4148033566243468,-0.8795504820661156,2.302223147408907,131.90766984385516
78.71468782424927,-0.41787856509274224,-0.8761249259448393,2.294288037404036,131.45302153060402
78.78151655197144,-0.42019261313938383,-0.8735267899698476,2.288886372185818,131.1435289112575
78.81467866897583,-0.4231591937619151,-0.8701180154954709,2.2805901504834605,130.6681904218076
78.88158845901489,-0.4255253319542659,-0.8673904970443497,2.27438977978826,130.312935349556
78.9145348072052,-0.42856235114680535,-0.8638011579370091,2.2645552465001275,129.7494580986651
78.98135828971863,-0.4304187996689476,-0.861554159572301,2.2590623926122246,129.43474075340623
79.01461911201477,-0.4333604552884709,-0.8579752047934794,2.251798113189916,129.01852820130424
79.08129644393921,-0.4352028299264509,-0.8556917314483174,2.2474416911899615,128.7689236069289
79.11468887329102,-0.4383652933514559,-0.85177781547834,2.240571933779818,128.37531550104893
79.1814341545105,-0.44044231247706944,-0.8491630965021897,2.236221893089464,128.12607652878148
79.21467208862305,-0.4433245946105409,-0.8454811586136708,2.229321890972563,127.73073552885171
79.28163051605225,-0.44546344020268613,-0.842732452086446,2.2242397987447413,127.4395530931013
79.31465554237366,-0.4480365411723372,-0.8393392481492046,2.216878401195779,127.01777608222781
79.38137149810791,-0.4500583687224989,-0.8366720247246061,2.2126622958162283,126.77621103799716
79.41455459594727,-0.45274484870946224,-0.8330653225855039,2.205521893159312,126.36709610173185
79.48142838478088,-0.4544819915254241,-0.8306974254792504,2.200206587673094,126.06255153054882
79.51475715637207,-0.4575418052096043,-0.8265289404174648,2.191986868015089,125.59159628536443
79.58229851722717,-0.4594890190714419,-0.8238142611962425,2.186978059711606,125.30461270918478
79.61458253860474,-0.46245214996206596,-0.8196420790351969,2.1784495444503014,124.81596477919909
79.681636095047,-0.46452099809252484,-0.8166841487342809,2.1726800339235757,124.48539617616142
79.714595079422,-0.46745678937039287,-0.8124130693181398,2.1644541441744005,124.01408741079375
79.78161787986755,-0.46931787930947777,-0.8096485762227353,2.1592342484492955,123.71500941624684
79.81462621688843,-0.47202769502071024,-0.8055732213686785,2.1515164719935385,123.27281339810654
79.88142657279968,-0.4737794421527722,-0.8028938385928222,2.1459088789421132,122.95152198303299
79.91467523574829,-0.4764966661527205,-0.7987028611239272,2.1371945704814417,122.45222888686136
79.98151397705078,-0.47851922921236184,-0.7955500839441833,2.130798618014267,122.08576780452596
80.01466608047485,-0.4812810231959095,-0.7911462812831406,2.1213239538229587,121.54290953406027
80.08142852783203,-0.483019703455109,-0.7883041365058773,2.115516063648977,121.21014193921562
80.11465668678284,-0.48571050071338284,-0.7838655699596464,2.1069048464498303,120.71675553723405
80.18140721321106,-0.4874838962661872,-0.7808814828138338,2.1011660167553385,120.38794481639532
80.21463942527771,-0.48988412050000296,-0.7767599262217029,2.0923082564858673,119.88043253701595
80.28144240379333,-0.4914022435733349,-0.7740968049519077,2.0868313739963504,119.56663028547753
80.31468677520752,-0.49355774566984817,-0.7702623824157269,2.0780273888121483,119.06219909152705
80.38150572776794,-0.49511981896102575,-0.7674594033854244,2.071836582120043,118.70749199628807
80.41463875770569,-0.49741766132348547,-0.7632688531338274,2.0627719316792,118.18812578326636
80.48136591911316,-0.49907288215085904,-0.7602063225771309,2.0566267187768323,117.83603101975135
80.51457691192627,-0.501325809377735,-0.7559356181305679,2.047646338602667,117.32149313734872
80.58131766319275,-0.5029971383843562,-0.7527313834006825,2.041581446575587,116.9740004209945
80.6146457195282,-0.5054097651937777,-0.7480115358377064,2.032243058698403,116.43895020817571
80.68130373954773,-0.5069550389708587,-0.744905736844507,2.025336641146745,116.04324163091063
80.7146224975586,-0.5093063432098055,-0.7401087314002048,2.01485958005577,115.44295024869704
80.78144717216492,-0.5108574115319299,-0.7368559690694706,2.008484858665118,115.0777056174409
80.81468892097473,-0.5129427072276149,-0.732367184495814,1.9980288214679223,114.47861881560979
80.881356716156,-0.5143806443559865,-0.7292103234861821,1.9908572537670817,114.0677182538593
80.91463160514832,-0.5166931655348362,-0.724075825679421,1.979330182376804,113.40726571305038
80.98141598701477,-0.5181238887141555,-0.720771565233961,1.972339994570674,113.00675745375533
81.01460647583008,-0.5201128828730598,-0.7160577337410752,1.962253052404938,112.4288182394661
81.08131337165833,-0.5213194975851349,-0.7130983621159442,1.9560076995180395,112.07098587747697
81.11464071273804,-0.5233297645014873,-0.708158691163413,1.9467988623425267,111.54335837309692
81.18137168884277,-0.5244928641773368,-0.7051800550417373,1.9403335518932512,111.1729233711116
81.21462440490723,-0.5261944665247015,-0.700747459411553,1.9309687838483933,110.63636168602227
81.28138852119446,-0.5274796620885442,-0.6973722874679377,1.9247054565286574,110.27749946489241
81.31470274925232,-0.5290570842298052,-0.6930488110619015,1.9161693456831934,109.78841633999147
81.38173961639404,-0.5301916491006691,-0.6899074593193725,1.9109874281564272,109.4915143359229
81.41468119621277,-0.5318023777425673,-0.6853462403767764,1.903039264717534,109.03611811599413
81.48163962364197,-0.532796803357919,-0.6824443198417149,1.896913570607354,108.68514169689267
81.51473665237427,-0.5343886036682861,-0.6777561018347636,1.88891068303649,108.22661001516445
81.58139944076538,-0.5353893761216039,-0.6747124655426792,1.8836628869493854,107.9259334476281
81.6146388053894,-0.5369697508377894,-0.6698579445117947,1.8754927991899353,107.45782190076011
81.68142628669739,-0.5380181639703904,-0.6665436804079322,1.8694751229106361,107.11303444748029
81.71462345123291,-0.5395887231550206,-0.6614768612434249,1.8596754546612564,106.55155481616247
81.78142714500427,-0.5404898350984438,-0.6584106779257012,1.853829818339695,106.21662452636862
81.81463575363159,-0.541757954233369,-0.653989139238771,1.8448734779063198,105.70346401965385
81.88141584396362,-0.5426644543667758,-0.6507815237008722,1.8391953887666237,105.3781334762502
81.91461443901062,-0.5439439788997303,-0.6461193813444047,1.8304684115477605,104.87811451370251
81.98172855377197,-0.5447654320419578,-0.6430222330935857,1.8240988269197227,104.51316419726454
82.01457643508911,-0.5460957141130761,-0.6379437431436942,1.8148343887515577,103.98235099066878
82.08150124549866,-0.5467871312311499,-0.6350970900231461,1.8086940234229019,103.63053397266835
82.11457943916321,-0.5478434292553965,-0.6306916159708549,1.7992252406954503,103.08801268525899
82.18145990371704,-0.5486452992573555,-0.6273050425998484,1.7925681268462812,102.70658815796351
82.21459364891052,-0.5497418897732425,-0.6224632547556911,1.782718136811745,102.14222530073867
82.28145503997803,-0.5504819914426073,-0.6190657993619774,1.7768562429247832,101.80636352106222
82.31465435028076,-0.5514367399634236,-0.6144460088503896,1.7685233163389846,101.3289219967036
82.38141465187073,-0.5520643139217382,-0.6113044098682967,1.7627123753025078,100.9959796003141
82.41465449333191,-0.5530160678821359,-0.6064306307773384,1.753881967674352,100.49003451184065
82.48135304450989,-0.553596716928798,-0.6032807491302468,1.7484210215553937,100.17714534707599
82.51464319229126,-0.5545087694303522,-0.5982494589409436,1.7397927536658158,99.68278201249493
82.58135914802551,-0.5549866569819004,-0.5953576726118412,1.7335424085414384,99.32466361636793
82.6146388053894,-0.5557945431708563,-0.5904715656640405,1.7241062401531422,98.78401099294379
82.68140649795532,-0.5562825440825077,-0.5873043129653337,1.7179291282445421,98.430088551001
82.71465802192688,-0.5570672232521244,-0.5821123903899057,1.7089313774994817,97.91455540819835
82.78131890296936,-0.5575017211933929,-0.5789427300450886,1.7027080061315207,97.55798249447163
82.81463956832886,-0.5582081447415524,-0.5737068407809929,1.6930823085769382,97.00647064972466
82.88144135475159,-0.5585465630438873,-0.570798362585786,1.6865036332907952,96.62954032104165
82.91467308998108,-0.5591464603324765,-0.5657127543894862,1.6778879434977916,96.1358976583086
82.98136711120605,-0.5595235655359581,-0.5622596552337109,1.6724613917840863,95.8249791478038
83.01462531089783,-0.5600517796051302,-0.5571182783391474,1.6644867439801407,95.36806548553444
83.08148241043091,-0.5603249608163267,-0.5540686051968959,1.659253348041178,95.06821398571098
83.11464858055115,-0.560767842314679,-0.5490927663013917,1.65213186731572,94.66018319625847
83.18138647079468,-0.5610559414161973,-0.5456295945714879,1.6478622261741285,94.41555077880986
83.21464705467224,-0.5614568900880095,-0.5404823791851141,1.6409108448543626,94.01726596740119
83.28158402442932,-0.5616734401095742,-0.5372887549605603,1.6353643350770988,93.69947436613593
83.3147542476654,-0.5619963261777408,-0.5322903867538062,1.6263322414219266,93.18197351952767
83.38132762908936,-0.5621685182982065,-0.5290932930526634,1.620026294713669,92.8206693873101
83.4146409034729,-0.5624159945690204,-0.5241082482414291,1.61047219141409,92.27325959121221
83.48160004615784,-0.562560063779022,-0.5206356965795377,1.6046575979980437,91.94010792888821
83.51484107971191,-0.5627492917195124,-0.5153333636354992,1.5957950540893089,91.43232156716832
83.58134937286377,-0.5628460350021306,-0.5117272131857726,1.5901999252597812,91.1117442994044
83.61450099945068,-0.5629300637245509,-0.5067977931420942,1.5822612701943117,90.65689286914287
83.68158197402954,-0.5629591539726183,-0.5035966917991793,1.5772732667218512,90.37110132197427
83.71462535858154,-0.5629721546191843,-0.49901695161341814,1.5695068933897303,89.92612090792079
83.78151822090149,-0.5629730800102575,-0.4956745441742896,1.5629683517740578,89.5514900691721
83.81484818458557,-0.5629216897012811,-0.49127929739649434,1.5539514727122754,89.03486095455209
83.8812997341156,-0.5628720088773213,-0.4880696796180996,1.5483495602788733,88.71389501491629
83.91470336914062,-0.5627662249803799,-0.4834356532970333,1.540533084255766,88.26604392812705
83.98150253295898,-0.5626748025132569,-0.4799538526497783,1.5355966771709622,87.9832086362093
84.01465010643005,-0.562505171885419,-0.47528873296974344,1.5275972405071647,87.5248746768915
84.08143305778503,-0.5623661104788913,-0.47180975444365986,1.521993763917138,87.2038191176826
84.11466360092163,-0.5621327165328065,-0.46727190963350684,1.513111105905952,86.69488030278359
84.18138456344604,-0.5619574676832492,-0.46448005691360833,1.5073070979173535,86.36233514077668
84.21467089653015,-0.5616666484324714,-0.459888258326458,1.4971332258486776,85.77941520993551
84.2813332080841,-0.5614421551781359,-0.4568228896950508,1.4903092314602155,85.38842913205568
84.31484723091125,-0.5610548963874477,-0.4518044317056281,1.4812768699650987,84.87091293934901
84.38132238388062,-0.5607829460789766,-0.44888185453167384,1.4757972869394387,84.55695595848717
84.41456460952759,-0.5603343924580415,-0.44413568583284774,1.467833565479027,84.10066832958782
84.48138117790222,-0.5600164798417921,-0.44108112148114725,1.4618446771400508,83.75753030378937
84.51473760604858,-0.5594803947299822,-0.4360497160087446,1.4530297846991387,83.25247417006332
84.58133220672607,-0.5591038589888669,-0.43287113096437957,1.4474009055573709,82.92996315185081
84.61461400985718,-0.5584852762841515,-0.4278049792805719,1.4395614580561058,82.48079589631395
84.68134951591492,-0.5580363495816628,-0.42435533974521433,1.433797697538357,82.1505567445228
84.71472573280334,-0.5573364309484384,-0.41924801626179414,1.4245813855329026,81.62250096393451
84.78135895729065,-0.5568774351977269,-0.4162184603153052,1.4182662404735062,81.26066980501821
84.81465148925781,-0.556169820161358,-0.4117073286830578,1.4094858193649416,80.75758873314987
84.88133573532104,-0.5556729805037961,-0.4086828818723636,1.4039041137942894,80.43778056146684
84.91463088989258,-0.5548621371618866,-0.4038228268657932,1.3949604824980084,79.92534823466882
84.98134136199951,-0.5543011866160548,-0.4006665018370387,1.3890017053114525,79.58393545082033
85.01454997062683,-0.5534317202087959,-0.39593488234954277,1.3799950158709795,79.06789015849618
85.08131241798401,-0.5527824300290993,-0.39251948089987426,1.3739749869464248,78.72296790857251
85.11481595039368,-0.5517642477004565,-0.3873479208889833,1.3639881145154285,78.15076226774087
85.18141412734985,-0.5511222381209308,-0.38435086618821085,1.357806489461628,77.79658124162577
85.21460151672363,-0.5500693344891225,-0.3794742820343721,1.349111498668352,77.29839496626595
85.28144407272339,-0.5493609055993937,-0.376350854703856,1.3433247917761542,76.96684108406374
85.31467938423157,-0.5482936342163027,-0.37177762400004893,1.334507969980222,76.46167440643788
85.38137698173523,-0.5475700461323161,-0.36879456952788003,1.3287679325111692,76.1327944852142
85.41464400291443,-0.5463933923117208,-0.36399964833398923,1.3209489142960982,75.68479774155472
85.48132181167603,-0.5456293417543091,-0.36102842352682757,1.3158056787947212,75.39011205428396
85.51469397544861,-0.5443889727691866,-0.3562469802684707,1.307941570750515,74.93953185371608
85.58131170272827,-0.543494416098412,-0.3528855523915251,1.3017823178933299,74.58663266004547
85.61467862129211,-0.5423020432947856,-0.34863368335176337,1.2927278711626766,74.06785107655301
85.6814124584198,-0.5412946932245962,-0.3450179515651578,1.2866178602598304,73.71777323904101
85.71445989608765,-0.5399284474623959,-0.34035668679639763,1.277855588130474,73.21573202708377
85.78140807151794,-0.5389654465534242,-0.33715823393727506,1.271958271747969,72.87784068791288
85.81461334228516,-0.5373480504883456,-0.3318305993154814,1.262642009874086,72.34405820170075
85.88154149055481,-0.5363311116973396,-0.3286577303473139,1.2567764535004724,72.00798657699663
85.91467308998108,-0.5347670510588973,-0.32385506562868327,1.247649789879275,71.48506727046643
85.98155546188354,-0.5337035954797887,-0.3206894067827651,1.242385445005167,71.18344252727871
86.01465773582458,-0.5322025375285011,-0.31634243755427277,1.2342713093414768,70.71853679935268
86.0813090801239,-0.5311025933634065,-0.3131872717030887,1.227984079117584,70.35830504269653
86.11463022232056,-0.5294298277688994,-0.30849555847378607,1.2180003327651443,69.7862785129726
86.18138003349304,-0.5283196142684385,-0.3054904656565519,1.2101856681301275,69.338531211076
86.21459889411926,-0.5266117320659692,-0.3009674658664655,1.1993287538370985,68.71647584355019
86.28139781951904,-0.5254027499893976,-0.297854077874478,1.192648053892735,68.33369993254487
86.31457924842834,-0.5235654959258005,-0.2932221688458006,1.1819173459653713,67.71887565711936
86.38153862953186,-0.5223478485561576,-0.2902612790116331,1.1746238453439457,67.30098885363563
86.4146819114685,-0.5204792607938558,-0.28580017921463463,1.163762151431617,66.67865963409625
86.48129558563232,-0.519112167743737,-0.28260338808344593,1.1572707217954854,66.30672811293977
86.514577627182,-0.517156448339321,-0.27815802822217117,1.148125416972807,65.78274074423966
86.58141040802002,-0.5157897689165982,-0.27511307425543224,1.14272431280756,65.47328027086047
86.61466383934021,-0.5137731248585299,-0.27070371383491865,1.13464299873343,65.01025508149316
86.68163466453552,-0.5122607239809374,-0.2674252885164801,1.129001198287667,64.68700372709591
86.71466422080994,-0.5101115732912322,-0.2628858182368776,1.1208052797534136,64.21741218585014
86.78144454956055,-0.508657689294698,-0.2598784773935994,1.114739023668281,63.869841314726486
86.81466722488403,-0.506448791546319,-0.25537760176431046,1.1056267930422188,63.34774895790327
86.88142347335815,-0.5049528626954862,-0.2523961126030877,1.1003587815385132,63.04591413231457
86.9146420955658,-0.5024976188808962,-0.24753666452163214,1.0934739924826717,62.651444776576994
86.98138403892517,-0.5009620793294682,-0.2445781805253508,1.0874522424357798,62.30642391360738
87.01460242271423,-0.498363778144777,-0.23959099048811497,1.0802023443284805,61.89103535015925
87.0813775062561,-0.4968455150408409,-0.23678118276720447,1.0755043884706998,61.62186230716966
87.11473679542542,-0.49449655142318794,-0.2324553086848054,1.0672510843661016,61.14898281493818
87.18145561218262,-0.4930698092649326,-0.2299011778500435,1.061305787999973,60.80834242520454
87.21462869644165,-0.49051681299795175,-0.22530317554881357,1.0526743513708479,60.31379753522105
87.28138637542725,-0.48886192209450896,-0.22240316760045745,1.0468411141840577,59.9795776635192
87.3146162033081,-0.48641887226263836,-0.21818650765433145,1.0377035017106035,59.45603103396419
87.3814377784729,-0.484917064743774,-0.21567097849382622,1.0319615831313294,59.12704333306402
87.41459941864014,-0.4825214442560966,-0.21167272120035918,1.0229938395005926,58.61322947126748
87.48132848739624,-0.48105024771111127,-0.20928815394978784,1.0170713696014455,58.27389694175308
87.51468062400818,-0.47835077857928177,-0.20487786863239352,1.0079949637303645,57.75385719219238
87.5813775062561,-0.4767760859484526,-0.20240279420283336,1.0026602618274683,57.44820128819601
87.61463522911072,-0.47406222045441193,-0.19812590539444722,0.9948534483502719,57.000903824506814
87.681396484375,-0.47238522923027365,-0.19555555126420426,0.9897163612772231,56.7065704162299
87.71460318565369,-0.4697496664859969,-0.19154193613539935,0.9813841511893273,56.229169944177144
87.78138637542725,-0.4679680301168193,-0.18887667410077982,0.9746907491558807,55.845666257076374
87.81464886665344,-0.4651902014468302,-0.18477212794177045,0.9642651523451183,55.248323560914635
87.88129758834839,-0.4633670563557186,-0.18214581495710536,0.9574439875764232,54.857499608305076
87.91456818580627,-0.46051469644533083,-0.178085096953373,0.9483367318669925,54.335692293208275
87.98128986358643,-0.45871940370466685,-0.1755970597521402,0.9427494263001476,54.015563265378105
88.01473593711853,-0.45597407450259325,-0.17182536639047838,0.9341387980789153,53.52221060934526
88.0813148021698,-0.4542991624566878,-0.16958418417960702,0.9281122653681967,53.17691571992355
88.11473059654236,-0.4514608082078428,-0.16578193227855573,0.9189152545075826,52.64996581347438
88.1814455986023,-0.44951703699553924,-0.1632276302501152,0.9129107019995114,52.30593029689721
88.21464323997498,-0.44685034927860273,-0.15979748683744277,0.9034492895206374,51.763831293625316
88.28137445449829,-0.4447087027809499,-0.15704810634479216,0.8975667911959316,51.4267889666269
88.31460309028625,-0.4418960117574739,-0.15353513887879308,0.8898599886814806,50.985221709008044
88.38128924369812,-0.43987942329120944,-0.15103774310754783,0.8848655331513781,50.6990604861674
88.41455864906311,-0.4370330795264533,-0.14757161320182574,0.8774945483059924,50.276734163671904
88.4812912940979,-0.4350706026195542,-0.14520830222676248,0.8720393551620401,49.96417462009474
88.514573097229,-0.43202027804199755,-0.14156873094866362,0.8640399559735674,49.50584280795488
88.58140468597412,-0.4302780537770915,-0.13955336233535143,0.8586666837747389,49.19797698878702
88.61485004425049,-0.4271183924111333,-0.1358713588079965,0.8507460644812509,48.744158932140266
88.68138003349304,-0.42491839630385,-0.1333482303541424,0.8450747976600039,48.419219278790244
88.71467518806458,-0.4215592078411997,-0.12954441755492596,0.8364687447034166,47.9261287661117
88.78136396408081,-0.41941048889546495,-0.12716687788134243,0.8306693134696025,47.59384583283781
88.81462121009827,-0.41615705312994555,-0.12360670211000581,0.8228657953386848,47.146737178582406
88.88131737709045,-0.4138869625019806,-0.12115433221526374,0.817664078994225,46.84870078582064
88.91459250450134,-0.4104852447929518,-0.117521567024677,0.8092675618594043,46.367615791386136
88.98146343231201,-0.40809307683796525,-0.11500235206749553,0.8038790862581647,46.05887888142589
89.01480770111084,-0.40451961555331023,-0.11128731688055925,0.7960822079518635,45.61215066109772
89.08130168914795,-0.4019093978081103,-0.10860275616725241,0.7909902740514018,45.32040433904168
89.11465287208557,-0.39804084632117265,-0.10467806157135319,0.7827386776060148,44.84762268847585
89.1812469959259,-0.3954897346663512,-0.10214034334604016,0.7775012958324713,44.547542817153065
89.21461844444275,-0.3915418046545333,-0.09824713083377196,0.7691903380822221,44.07136001435225
89.28145813941956,-0.38942728197151527,-0.09623854498714057,0.7638332825406721,43.76442334120426
89.31463289260864,-0.3857774591554317,-0.09274855897479763,0.7552489704502253,43.27257848839854
89.38134503364563,-0.38334693117315083,-0.0904647524629531,0.7490264468474596,42.91605414803952
89.4147720336914,-0.37956035637741575,-0.08694023393665186,0.7388937487935582,42.33549331447055
89.4813323020935,-0.37699496826995693,-0.08459973327759024,0.7322252740551284,41.95341785616891
89.51461625099182,-0.373445299164479,-0.081428817402601,0.7230946053984127,41.430269078006724
89.58134007453918,-0.3709422757659973,-0.07921867645467336,0.7171910257112665,41.09201887791408
89.6145932674408,-0.3673809473154938,-0.0761262309095583,0.7087730905887792,40.60970672318062
89.68153619766235,-0.36494669241518896,-0.07404140243302411,0.7032316389786455,40.29220493354398
89.71460676193237,-0.3612685236559624,-0.07092388966378366,0.6947406266339978,39.80570576240219
89.78157186508179,-0.3586016237252994,-0.06868877581817395,0.6893799759091829,39.498563100426544
89.81470847129822,-0.35442833194213164,-0.0652268494343391,0.6809722019960701,39.01683314010499
89.88132905960083,-0.3519395488846746,-0.06322249705888272,0.6750727135671538,38.67881735184182
89.91457629203796,-0.34823586222020625,-0.06027237447854211,0.6660693230806584,38.16296107565739
89.98132944107056,-0.34530006299805777,-0.05794154228419229,0.6605731407450212,37.84805302439103
90.01468324661255,-0.341538771789942,-0.055036226456049095,0.6529333767932226,37.410326793476784
90.08160853385925,-0.33888512223150574,-0.05300525019191234,0.6476970060313717,37.11030484885703
90.11462497711182,-0.3347879974836493,-0.04989839011573612,0.6395214710330887,36.641881198193914
90.18155717849731,-0.3323223116236601,-0.04807832697017069,0.6339504059101774,36.32268267925856
90.21459650993347,-0.32842030102297737,-0.045213323434635404,0.6258262451336382,35.857202554677144
90.28135299682617,-0.3259301711664422,-0.043421896655250175,0.6202106113179899,35.53545043774955
90.31463599205017,-0.3224746697039881,-0.04097860872217704,0.6118848301831233,35.058418317572055
90.38143754005432,-0.3200670167437839,-0.03929246378252741,0.6060299031991603,34.72295571203371
90.41476798057556,-0.31607747720713103,-0.036511719814186654,0.5972659773831611,34.22081975081121
90.48142170906067,-0.3137552290503981,-0.03494634911240935,0.5901319625276149,33.81207080860478
90.51461935043335,-0.30983348383840814,-0.03230951363851607,0.5788627088286938,33.166390133394415
90.58156538009644,-0.3071482557097265,-0.030547330521784044,0.5718071294719488,32.7621352142333
90.61466598510742,-0.30337659297412645,-0.028128086610346235,0.5613077534955003,32.160565283261754
90.68140721321106,-0.30043935307291997,-0.02625955806356566,0.5543806831803758,31.76367338981476
90.71461701393127,-0.29636334033749007,-0.023733826493965438,0.5441701878577095,31.178655101087912
90.7813572883606,-0.2938456351207057,-0.022222308902510115,0.5381088954013292,30.831368624942836
90.81465077400208,-0.28962745561411624,-0.019693441486350223,0.5291461486387771,30.317841062604057
90.88147640228271,-0.28675185476283027,-0.018004141127707332,0.5225518104033674,29.940013313033337
90.91464686393738,-0.2822130565615434,-0.015371460888294835,0.5127612002744012,29.379052673785537
90.98129367828369,-0.27988305314921014,-0.01409227204049204,0.5070690251326486,29.052915061913833
91.01461505889893,-0.27558051356705177,-0.01169309321073681,0.49908927370928585,28.595708983791635
91.0815691947937,-0.2730003202593954,-0.010298266613062188,0.49373277487181283,28.2888042074377
91.11461162567139,-0.2691683895890098,-0.008250450748290806,0.4864686548600948,27.872600788889734
91.18139123916626,-0.266452540570216,-0.0068117295355899846,0.48091647583670555,27.554484363748465
91.21473598480225,-0.26200784875947153,-0.0044727705985477895,0.4722496019229257,27.05790906691685
91.28141188621521,-0.2592706284339316,-0.003078840119209095,0.46679918871944126,26.745623393754812
91.31454014778137,-0.2546247884850302,-0.0007171025367864407,0.45870624637744256,26.281931953715567
91.38133454322815,-0.2519920685720379,0.0005674730121825473,0.4532077348304483,25.966890448468845
91.41471862792969,-0.24780465869818755,0.0026020763940344614,0.44445055318270155,25.465140899623538
91.48138999938965,-0.24479018702242938,0.0040464164186748384,0.43878094974977816,25.140296551404145
91.51464414596558,-0.24030863772230318,0.006155599769846726,0.4309735522237331,24.692965624180882
91.58147740364075,-0.237397530054664,0.007491715512593354,0.4256582725919674,24.38842253434886
91.61464166641235,-0.23365067893539224,0.009161460104618793,0.41689301522458627,23.886210280851966
91.68139934539795,-0.23083912786861754,0.010409798919264442,0.41174889889864585,23.59147412605124
91.71462798118591,-0.22676544574515062,0.012185444612981149,0.4045538665082454,23.179229136621366
91.7813777923584,-0.22369226436221612,0.01351541188384089,0.3993787915699095,22.882719183990798
91.8146002292633,-0.2194356935548626,0.015311360103861896,0.39115890147996507,22.41175417377557
91.88133597373962,-0.21671948685497697,0.016425537161227282,0.3859184829184914,22.11150030732111
91.91464734077454,-0.21220039968693896,0.018274085082629926,0.3779042126926602,21.652316447503626
91.98130583763123,-0.2090940876043246,0.019515373022073918,0.3724748293275287,21.341235695323054
92.01465106010437,-0.20448781736475474,0.021321217366094377,0.3640506684927479,20.85856683355071
92.08153367042542,-0.20124147463202952,0.022567702574860793,0.35911764617159425,20.575925474304775
92.11461138725281,-0.19643236226637653,0.024379168785263347,0.3520960543821173,20.173617899304034
92.18127608299255,-0.1933001236828728,0.025528571137083896,0.3473680512967288,19.902723276986446
92.21462631225586,-0.1889828486618651,0.027074583551510017,0.3398286233575581,19.470745876128944
92.28136491775513,-0.1860883946389542,0.028091706807196776,0.33401456697568965,19.137624983596783
92.31475710868835,-0.18129007371939895,0.029768107587892664,0.3249427194253498,18.617846406576213
92.38142490386963,-0.17889253742486666,0.03054680597699338,0.3191972706036953,18.288656437687
92.41468334197998,-0.17398668408449178,0.03219086798567577,0.31190891729244696,17.871064553352273
92.48140168190002,-0.17055288578724892,0.033312668213279995,0.3073999692809448,17.612720862249294
92.51459407806396,-0.16604648903692518,0.034732430090538446,0.3001199429419164,17.19560607827889
92.58136558532715,-0.1631138429817846,0.035632991649816384,0.29501278878395565,16.902987699705047
92.6146309375763,-0.15865048082359587,0.03698424385895499,0.287485454622696,16.471703221280222
92.68155670166016,-0.15544610687716895,0.03793819792445342,0.2819465914640891,16.15434973899155
92.71476316452026,-0.15123476839062533,0.03914257975739781,0.27302722719963485,15.643307810698511
92.7813868522644,-0.14827706722496264,0.039970175150194076,0.26672356088184285,15.282134335230257
92.81479263305664,-0.14368949396220843,0.04122921761469567,0.25673711654663195,14.709953222480344
92.88137745857239,-0.14058852871378316,0.04204709488243824,0.2506359625338928,14.360382847391085
92.9146294593811,-0.13568248179581976,0.04331713287893515,0.24202932334656144,13.867258746165092
92.98159170150757,-0.13217558788308062,0.0441971107285587,0.23714606713064185,13.587468774711875
93.01461243629456,-0.12730120007170048,0.045373997835926966,0.22941637789141853,13.14459020435669
93.08140897750854,-0.1240523718672039,0.046132056410155095,0.2241115248165644,12.84064451223055
93.11462688446045,-0.11958226324260805,0.047134852247824155,0.21648429840834446,12.403636629648823
93.1813714504242,-0.11658508545656214,0.047788253607376575,0.2113024577039629,12.10673902717866
93.21461701393127,-0.11161598029471892,0.04886486248967044,0.20300207559390754,11.631162163926597
93.28140139579773,-0.1082122682586629,0.04957326168758876,0.19682973120633013,11.27751288081715
93.31461596488953,-0.10344578614905775,0.050518508681344346,0.18786375200756372,10.763800113525747
93.38138937950134,-0.10029718005041144,0.05111369719889938,0.1818507951494593,10.41928306316212
93.41461873054504,-0.09568337585377854,0.051954303138034154,0.17319464798867237,9.923322364004878
93.48136305809021,-0.09265852714926606,0.05247811328213617,0.16723950273468693,9.58211767456415
93.5146496295929,-0.08849916042392586,0.053160548465081385,0.1575979391547409,9.029696773526199
93.58140921592712,-0.08586124475307463,0.053567046126571184,0.15053511434525765,8.625026720502518
93.61462044715881,-0.08180157790489857,0.05417478044542264,0.14121842796976733,8.091219912139886
93.68139052391052,-0.07915362096307868,0.05454569922734043,0.13612119971720676,7.799170246053323
93.71461486816406,-0.07513875939787207,0.05509251478729723,0.12852221044413997,7.36378023214141
93.78133010864258,-0.07167942449185721,0.0555690390817449,0.12345353614068239,7.073366586826878
93.81469321250916,-0.06715447190758059,0.056135602542172806,0.11575798461298956,6.632443963264626
93.88143253326416,-0.06410242047549616,0.056494037388415366,0.11075323153204038,6.345692734221142
93.91495537757874,-0.05969162814035228,0.05698220819754767,0.10332959897113654,5.920349919825457
93.98135137557983,-0.056902638465541874,0.05726477456730334,0.09823586931788138,5.6285007087133
94.01462388038635,-0.05237727965282463,0.057716563903916884,0.09017169534994879,5.1664575750914965
94.0816171169281,-0.04917916091415463,0.05801446169635339,0.08475861217441444,4.856310754980105
94.11463594436646,-0.04460136171159957,0.05840494927999149,0.0762585180150846,4.369291234186703
94.18148994445801,-0.04126423542508048,0.058671315141293735,0.07116703913538186,4.07757098289974
94.21478700637817,-0.03621482853006388,0.059043658870141624,0.0641270700624646,3.6742104671189537
94.28156733512878,-0.033154267105748314,0.05923406053629335,0.05953478399997608,3.411091857421611
94.31466722488403,-0.02835773034685589,0.05952006202058505,0.05308478550986423,3.041534166072448
94.38137698173523,-0.025158088523715844,0.05969006966721574,0.04828431702099395,2.766487581974637
94.41464686393738,-0.020358099665409243,0.05992156002398253,0.0403666649395687,2.312839534055999
94.48154473304749,-0.016750092987445873,0.0600815620209555,0.03433337976535428,1.9671577569746608
94.51461911201477,-0.01217829608397301,0.06022422120829082,0.02537176993649376,1.4536953361379972
