time_s,x_m,y_m,yaw_rad,yaw_deg
0.012625694274902344,0.0,0.0,0.0,0.0
0.05305910110473633,0.0,0.0,0.0,0.0
0.1126096248626709,0.000500833433418761,-4.2227992731261603e-07,-0.0016863084560332364,-0.09661835748792659
0.15314745903015137,0.0023372226892858063,1.126079804583788e-06,0.003372616912066251,0.19323671497584047
0.2125871181488037,0.004006646697974866,9.571643321061563e-06,0.0067452338241322796,0.38647342995166817
0.25292134284973145,0.0061767953095983475,3.335960569131953e-05,0.01517677610429824,0.8695652173912884
0.31272077560424805,0.008513686526863308,7.277053564520072e-05,0.01854939301636449,1.062801932367129
0.35270190238952637,0.011518072967036443,0.00013357470241967583,0.02192200992843074,1.2560386473429694
0.4124937057495117,0.013687610642653924,0.00019029452047618052,0.030353552208596257,1.7391304347825642
0.45276975631713867,0.016190282560727187,0.00027684467490617006,0.038785094488761995,2.2222222222221717
0.5125243663787842,0.019025917907331387,0.0003940643949703758,0.043844019856861705,2.5120772946859513
0.5527374744415283,0.021527194528185075,0.0005143678642453337,0.05227556213702744,2.995169082125559
0.6125321388244629,0.024694378312058275,0.0006881194445233904,0.05733448750512715,3.2850241545893386
0.6526963710784912,0.027693532735444348,0.000875490128675013,0.0674523382413259,3.86473429951686
0.7125828266143799,0.031190786687805394,0.00112063458371592,0.07251126360942539,4.154589371980627
0.7527742385864258,0.03418635519814553,0.0013585512255322807,0.08600173125769084,4.927536231884014
0.8127219676971436,0.03717844161738779,0.001636856612446969,0.09949219890595606,5.7004830917873885
0.8529536724090576,0.040998200567354745,0.0020279124675646387,0.10455112427405577,5.990338164251169
0.9125134944915771,0.044649611723961,0.0024235235788104183,0.1112963580981885,6.376811594202862
0.95310378074646,0.0486299676746086,0.002881957993457307,0.11804159192232122,6.763285024154556
1.0125691890716553,0.052109634953695486,0.0033095052282662955,0.12647313420248718,7.2463768115941765
1.0529260635375977,0.05541968476863077,0.0037474111724712204,0.13659098493868593,7.8260869565216975
1.1125538349151611,0.0590556795470918,0.004265922075856082,0.14670883567488469,8.405797101449219
1.152808666229248,0.062025369474065936,0.004725244148291834,0.16019930332315035,9.17874396135262
1.2127752304077148,0.06564811100042413,0.005329442310425767,0.17031715405934933,9.758454106280153
1.252866506576538,0.06926455401418542,0.005970263279299724,0.18043500479554808,10.338164251207674
1.3125951290130615,0.07238159199149852,0.006557900055266035,0.19223916398778074,11.014492753623161
1.3529627323150635,0.07565459921265554,0.007217911512424541,0.20572963163604596,11.787439613526535
1.4126489162445068,0.07924608655935288,0.007986371156414833,0.21584748237224494,12.367149758454069
1.4527208805084229,0.08233918415134411,0.008689215391571267,0.23102425847654362,13.236714975845382
1.5126080513000488,0.08509683009225018,0.009360003842788248,0.24620103458084186,14.106280193236671
1.5527710914611816,0.08832947499112227,0.010195586484495789,0.2596915022291071,14.879227053140045
1.612537145614624,0.09139020282298281,0.011028165532847852,0.2714956614213393,15.555555555555507
1.6529126167297363,0.09476362889848935,0.01198256457110872,0.27992720370150503,16.038647342995116
1.7125930786132812,0.0984511988967784,0.013052756434934285,0.2849861290696043,16.328502415458868
1.7528417110443115,0.10213330771000856,0.014141589666063874,0.290045054437704,16.618357487922648
1.812591552734375,0.10564732025634516,0.015209778511781829,0.300162905173903,17.198067632850183
1.8527894020080566,0.10899200402511514,0.016260478991495023,0.3085944474540685,17.681159420289777
1.912679672241211,0.11200671448470886,0.01724676676759792,0.32377122355836674,18.550724637681064
1.9527180194854736,0.11580305142262837,0.018527868426401136,0.3271438404704332,18.743961352656918
2.0126192569732666,0.11927502662375684,0.019725657969129888,0.33726169120663174,19.323671497584428
2.052839517593384,0.12226022812770074,0.020797952104769972,0.3524384673109304,20.19323671497574
2.1126859188079834,0.1250716776014834,0.021858983152839243,0.36930155187126235,21.15942028985498
2.152991533279419,0.1281772590243319,0.023085178659023632,0.3827920195195278,21.93236714975837
2.212692975997925,0.13142381156527766,0.024408348190877244,0.39122356179969386,22.415458937197997
2.2526893615722656,0.13512257549641565,0.025948653676198245,0.3979687956238267,22.801932367149696
2.3126463890075684,0.13865592089728526,0.02745163517835653,0.40640033790399255,23.28502415458931
2.3527348041534424,0.141559912468571,0.028727595869906405,0.4215771140082911,24.154589371980617
2.412661552429199,0.1444464270068872,0.03004261547149743,0.4333812732005231,24.830917874396064
2.4528956413269043,0.1476219164167201,0.03152826281161186,0.44181281548068907,25.314009661835684
2.5126290321350098,0.1504789118263172,0.032906239575574744,0.45698959158498753,26.18357487922699
2.5528526306152344,0.15361581053450135,0.034471725923563734,0.4687937507772195,26.859903381642436
2.612619161605835,0.15613787772424695,0.035773165654049005,0.483970526881518,27.729468599033737
2.6528031826019287,0.15893678023770622,0.037265609104445166,0.4957746860737504,28.40579710144921
2.712568998336792,0.1624545996548681,0.039183509559273036,0.5025199198978834,28.792270531400916
2.752779245376587,0.16522273055646522,0.040732281344947545,0.5176966960021818,29.661835748792218
2.8125874996185303,0.1686976638549616,0.04272683246672675,0.5244419298263148,30.048309178743924
2.852808952331543,0.17201320773970802,0.04466349244359408,0.5328734721064807,30.531400966183543
2.912658214569092,0.1745912126625753,0.046207489090698106,0.5463639397547462,31.304347826086932
2.9528098106384277,0.176859304283981,0.04761837636069505,0.5665996412271441,32.463768115941996
3.0126609802246094,0.17966427723887154,0.04942954121118914,0.5800901088754096,33.23671497584539
3.0527827739715576,0.18216372423750288,0.051097713783086626,0.596953193435741,34.2028985507246
3.1126837730407715,0.18533024893523478,0.05326948827790166,0.605384735715907,34.685990338164224
3.1527702808380127,0.18820121308223398,0.05528156329583465,0.617188894908139,35.36231884057967
3.2127058506011963,0.1903664168105445,0.05684576766440046,0.6340519794684709,36.32850241545891
3.2531778812408447,0.19317852859868656,0.05893930732300261,0.6458561386607033,37.004830917874386
3.3128113746643066,0.1959693146884718,0.06106119186562244,0.6542876809408693,37.487922705314006
3.352848529815674,0.1987384893870426,0.0632112040748753,0.6660918401331014,38.16425120772946
3.4126248359680176,0.20122079711469373,0.06518589166477994,0.6778959993253337,38.84057971014492
3.4527764320373535,0.20315662891332412,0.06677441705209819,0.6964453923416987,39.90338164251208
3.5126707553863525,0.20519119212847814,0.06850513800455543,0.7133084769020301,40.86956521739129
3.552830696105957,0.20745026317056117,0.07048671138331736,0.7267989445502956,41.64251207729468
3.6125988960266113,0.20943136373503454,0.07227838184553192,0.7436620291106271,42.60869565217389
3.6526167392730713,0.21187346582667668,0.07455529395787175,0.7571524967588925,43.381642512077285
3.712669610977173,0.21428852137239265,0.07686087373407441,0.7672703474950915,43.96135265700482
3.7529449462890625,0.21643388141603817,0.07896502803253311,0.784133432055423,44.927536231884034
3.812701463699341,0.21867015743006232,0.08121454182924104,0.7925649743355888,45.410628019323646
3.85286021232605,0.2207652487101026,0.08336875341515695,0.8060554419838544,46.18357487922704
3.912642478942871,0.2232991456719854,0.08602745192617492,0.8128006758079873,46.570048309178745
3.952895164489746,0.22512232196915352,0.08797959707476669,0.8262911434562528,47.34299516908214
4.012616395950317,0.22725785280096833,0.0903249650200672,0.8380953026484849,48.01932367149759
4.052829742431641,0.22903107236092746,0.09232259733956616,0.8515857702967503,48.79227053140097
4.112630605697632,0.23110660117251955,0.09472122671584107,0.8633899294889823,49.468599033816425
4.1526079177856445,0.23359451254167687,0.09764591133762482,0.8684488548570817,49.75845410628018
4.212647438049316,0.2355202614741567,0.09995275465212483,0.8819393225053471,50.53140096618357
4.252675294876099,0.23720072196571948,0.10202902415005385,0.8988024070656785,51.49758454106278
4.312578201293945,0.2390555736960199,0.10439324920008522,0.912292874713944,52.27053140096617
4.352759599685669,0.24108536865736918,0.1070443100836202,0.922410725450143,52.85024154589371
4.412660360336304,0.24349421331102408,0.11024600698385151,0.9291559592742755,53.23671497584539
4.452610492706299,0.24558063314795994,0.11306340530059437,0.9375875015544415,53.71980676328501
4.512576580047607,0.24754272834887464,0.11576495556218122,0.9477053522906405,54.299516908212546
4.552853107452393,0.2491813344111541,0.11808218201946624,0.9628821283949389,55.16908212560384
4.612567901611328,0.251074474534451,0.12083249325038087,0.9729999791311379,55.748792270531375
4.65264630317688,0.25303540283629455,0.12373863178909103,0.9814315214113039,56.231884057971
4.712529897689819,0.2546845607869916,0.1262506654437725,0.9982946059716358,57.19806763285024
4.752563953399658,0.25629540570352805,0.1287874377401104,1.0117850736199012,57.971014492753625
4.812554836273193,0.2577781844650229,0.13120734175187193,1.0303344666362662,59.03381642512078
4.852830171585083,0.25948164522063455,0.13407899856413558,1.0404523173724651,59.613526570048315
4.912585496902466,0.26098414605495984,0.1366814063476017,1.0539427850207306,60.3864734299517
4.952624320983887,0.2625352512511124,0.13944823041192989,1.0657469442129626,61.06280193236715
5.012689590454102,0.26397145153296614,0.1420878068512474,1.079237411861228,61.835748792270536
5.052583694458008,0.26561316407214813,0.1451854932378646,1.087668954141394,62.318840579710155
5.11260461807251,0.2673028816573453,0.1484465001480384,1.097786804877593,62.898550724637694
5.152684450149536,0.26873122642132696,0.15127865020897932,1.109590964069825,63.57487922705314
5.2125489711761475,0.2700503539542033,0.15397863864980718,1.1230814317180904,64.34782608695653
5.252861022949219,0.27133293845119744,0.1566961765127755,1.1365718993663558,65.12077294685992
5.312607288360596,0.2727944464023977,0.1598828480552667,1.1450034416465218,65.60386473429953
5.352744817733765,0.2740924067603505,0.16277707362381927,1.1534349839266878,66.08695652173915
5.4126176834106445,0.2752919261941104,0.1655322847149388,1.1669254515749532,66.85990338164254
5.453123092651367,0.2766560489767934,0.16876184351528772,1.1753569938551192,67.34299516908216
5.512590646743774,0.2779266312281109,0.17184953069762454,1.1854748445913181,67.92270531400969
5.552659273147583,0.27936081385239864,0.1754113565380981,1.1905337699594176,68.21256038647347
5.612522125244141,0.2805256995832731,0.1783616588898047,1.1989653122395836,68.69565217391309
5.6526548862457275,0.28191170246534,0.1819425078294526,1.204024237607683,68.98550724637686
5.7126145362854,0.28285273374150965,0.18444236835136193,1.2175147052559485,69.75845410628024
5.752598285675049,0.28405180002648345,0.18773677589375626,1.2259462475361145,70.24154589371986
5.812550067901611,0.28493780761600024,0.1902566633997869,1.23943671518438,71.01449275362324
5.8526551723480225,0.28600805936649176,0.19341937625173786,1.249554565920579,71.59420289855078
5.912574291229248,0.28694243725964197,0.1962754177397751,1.2596724166567779,72.17391304347831
5.952699422836304,0.28794847454693484,0.19945913889118003,1.2697902673929768,72.75362318840585
6.012564420700073,0.2889794162511479,0.2028099656867124,1.2748491927610763,73.04347826086962
6.052715539932251,0.28983640474346384,0.20569017501115985,1.2883396604093418,73.816425120773
6.112602949142456,0.29075077266298843,0.20890142440992554,1.2984575111455408,74.39613526570054
6.152642250061035,0.29153953176142744,0.21180106130326717,1.3119479787938062,75.16908212560392
6.212576866149902,0.2924283361202283,0.21519236014337584,1.3170069041619057,75.45893719806769
6.252642631530762,0.2932502832859539,0.21842849893058525,1.3271247548981047,76.03864734299522
6.312593460083008,0.2940025864232184,0.2215099405935317,1.3355562971782706,76.52173913043484
6.352618455886841,0.29472367401898014,0.22459883609382222,1.3473604563705026,77.1980676328503
6.412517786026001,0.29545252499205465,0.22785720495759054,1.3541056901946351,77.58454106280197
6.452682018280029,0.2960463347169569,0.23063244518003817,1.365909849386867,78.26086956521742
6.512499570846558,0.29667334560125674,0.23374180204013748,1.377714008579099,78.93719806763286
6.552855491638184,0.2972636103117835,0.23685834344111123,1.389518167771331,79.61352657004832
6.612574815750122,0.2977854233754312,0.239817692382213,1.4030086354195965,80.3864734299517
6.6525609493255615,0.298296675919281,0.24294816575997644,1.4148127946118285,81.06280193236715
6.712543725967407,0.2989124436732666,0.2469072345494194,1.418185411523895,81.256038647343
6.752645254135132,0.29948015116442916,0.2507047589169715,1.426616953804061,81.73913043478262
6.812806129455566,0.2999692399810996,0.25417631089563353,1.435048496084227,82.22222222222224
6.852879762649536,0.30040435488748246,0.25748672875620215,1.4451663468204259,82.80193236714977
6.912534475326538,0.3008694074256298,0.26129818638477914,1.4535978891005918,83.2850241545894
6.95276951789856,0.30128656244059526,0.2649471990292376,1.4603431229247243,83.67149758454109
7.012622356414795,0.301617589140544,0.2681018248479997,1.4721472821169563,84.34782608695653
7.052709341049194,0.3019481648049077,0.27159203984729074,1.4805788243971223,84.83091787439615
7.112610816955566,0.3022377660381638,0.27491834748775695,1.4873240582212548,85.21739130434783
7.152752637863159,0.30243802020148747,0.27758194294536687,1.5041871427815863,86.18357487922705
7.212967157363892,0.3026434000549505,0.28091451110057725,1.5143049935177852,86.76328502415458
7.2526445388793945,0.3028150515441746,0.28424898664548315,1.5244228442539842,87.34299516908212
7.312683820724487,0.3029768775905908,0.2880852993866938,1.5328543865341502,87.82608695652173
7.352676630020142,0.3030866505993288,0.2914223851332519,1.5429722372703492,88.40579710144927
7.4126927852630615,0.30314492158365985,0.29442682177278695,1.5598353218306806,89.37198067632848
7.452708959579468,0.3031727917946641,0.29809949584453177,1.5665805556548131,89.75845410628017
7.512630224227905,0.30316744291749065,0.3012714375404005,1.5783847148470451,90.43478260869561
7.5526816844940186,0.3031252160455387,0.30461006125154455,1.588502565583244,91.01449275362314
7.612682819366455,0.3030483672453293,0.3081150541578215,1.59693410786341,91.49758454106276
7.65269136428833,0.30294675591783843,0.3112853724179657,1.608738267055642,92.17391304347821
7.712658405303955,0.3028285614530341,0.3137867495840957,1.627287660072007,93.23671497584537
7.752667427062988,0.30261756215638763,0.3171189666673818,1.6407781277202724,94.00966183574876
7.8126678466796875,0.3024083258619049,0.31978187159711574,1.6576412122806043,94.975845410628
7.852872371673584,0.3021145590646051,0.3229401850396489,1.6694453714728363,95.65217391304344
7.912597179412842,0.30173434493707474,0.3265932315495029,1.6795632222090353,96.23188405797097
7.952668190002441,0.30132334387319065,0.33024294245742586,1.6863084560331678,96.61835748792267
8.012587547302246,0.300979609388472,0.3330601067915917,1.6981126152253998,97.29468599033811
8.052748680114746,0.3005198081470566,0.3365356590972749,1.7065441575055658,97.77777777777773
8.112635374069214,0.30013602171220166,0.33917905662018966,1.7234072420658977,98.74396135265697
8.152701139450073,0.2996353299434238,0.34231123644982175,1.7352114012581297,99.42028985507241
8.212563514709473,0.29912350057883297,0.34527232843254324,1.7487018689063951,100.1932367149758
8.252674341201782,0.29848853698103506,0.3487201831627508,1.757133411186561,100.67632850241543
8.312584400177002,0.29797157107419253,0.3513407916308158,1.7739964957468926,101.64251207729464
8.352647066116333,0.29731313281162014,0.3544436454441394,1.7858006549391245,102.31884057971008
8.412558555603027,0.29655072423443557,0.3578655767953767,1.7942321972192905,102.8019323671497
8.452694177627563,0.2958651215197031,0.36079132181949364,1.807722664867556,103.57487922705309
8.512584447860718,0.29510243015842386,0.3638702087319849,1.819526824059788,104.25120772946855
8.552604675292969,0.2943034491052925,0.3669398784225569,1.83133098325202,104.92753623188399
8.61262845993042,0.2933049653624311,0.37064750749420317,1.8363899086201194,105.21739130434776
8.652719259262085,0.29241227870767594,0.37386485141889486,1.8465077593563184,105.79710144927529
8.712624788284302,0.2916235657080921,0.3765911126107049,1.8583119185485504,106.47342995169073
8.752699613571167,0.2906152493956239,0.37994881706838934,1.8667434608287163,106.95652173913037
8.81258225440979,0.2896722731756864,0.38297735443502534,1.8785476200209483,107.63285024154581
8.852664470672607,0.2886501426229871,0.38615594540062115,1.8852928538450808,108.01932367149749
8.912637710571289,0.287701328247344,0.38900722341392774,1.8987833214933463,108.79227053140087
8.952726364135742,0.2868195712231635,0.39152860141851936,1.9156464060536782,109.75845410628011
9.012566566467285,0.2857347017272358,0.39450925586163804,1.9240779483338442,110.24154589371973
9.053036451339722,0.2846197304581614,0.3974787813795651,1.9358821075260761,110.91787439613519
9.112605094909668,0.283239767959723,0.40106196245517084,1.9409410328941756,111.20772946859896
9.1527419090271,0.2819632676130168,0.4043271466576323,1.9459999582622751,111.49758454106272
9.2125723361969,0.2807239906214797,0.40742753113888247,1.956117808998474,112.07729468599025
9.252535820007324,0.27951446468539676,0.41035981518760917,1.9679219681907065,112.75362318840573
9.31263780593872,0.27814489781251595,0.4135870690654208,1.9763535104708725,113.23671497584535
9.352820634841919,0.2768762867333596,0.4164942788380924,1.9881576696631045,113.91304347826079
9.412575244903564,0.2756397084911624,0.4192330576315552,2.0016481373113697,114.68599033816417
9.452741146087646,0.2742979742856588,0.42210725178892583,2.0134522965036017,115.36231884057962
9.512635707855225,0.272852545831451,0.4251170570944395,2.0235701472398007,115.94202898550715
9.552724838256836,0.2713767391202716,0.4281120839631953,2.0336879979759996,116.52173913043468
9.612653255462646,0.26987070523049844,0.4310920257942015,2.0438058487121986,117.10144927536221
9.652683734893799,0.2685586446384852,0.43360858401617136,2.058982624816497,117.97101449275353
9.712564945220947,0.26690128220980636,0.4366979254979686,2.067414167096663,118.45410628019314
9.752596378326416,0.26498041637274033,0.44021412657902026,2.0741594009207955,118.84057971014482
9.812814474105835,0.26327636037021973,0.44327795982373486,2.0825909432009615,119.32367149758444
9.852811574935913,0.26170662772642,0.44603425845767697,2.0943951023931935,119.99999999999989
9.912596464157104,0.25985952093000686,0.44920876756438394,2.1011403362173264,120.3864734299516
9.95259428024292,0.25823893360057226,0.45193547610035845,2.112944495409559,121.06280193236707
10.012580633163452,0.25633326273104196,0.4550751783351167,2.119689729233692,121.44927536231877
10.052666425704956,0.25457683059424235,0.4579147447707091,2.129807579969891,122.0289855072463
10.112642765045166,0.2526132513359897,0.46101855985580786,2.1399254307060898,122.60869565217385
10.152740716934204,0.2507997221047561,0.463822004722537,2.1500432814422887,123.18840579710138
10.212571620941162,0.24868435235138478,0.4670264850117879,2.1584748237224547,123.671497584541
10.252644300460815,0.24681913589222698,0.46979580965036183,2.1685926744586537,124.25120772946853
10.312615394592285,0.2448289045862555,0.47268195939697555,2.1803968336508857,124.92753623188398
10.352665901184082,0.24262255295463148,0.4758244895233718,2.185455759018985,125.21739130434774
10.413149356842041,0.24048938071299206,0.478814286803026,2.195573609755184,125.79710144927527
10.45264458656311,0.2388119338913932,0.4811035531576445,2.2107503858594826,126.66666666666659
10.512608766555786,0.23709993790390752,0.48336709861124444,2.225927161963781,127.53623188405788
10.552625894546509,0.23474772067101812,0.48640198859392525,2.234358704243947,128.01932367149752
10.612615823745728,0.23277931829638693,0.488889283273698,2.246162863436179,128.69565217391295
10.652617692947388,0.23037121358857152,0.49188002144911064,2.2512217888042785,128.98550724637673
10.712998628616333,0.2282575352942514,0.4944646985007837,2.2613396395404775,129.56521739130426
10.75258469581604,0.2259038421545544,0.49728417366295014,2.2714574902766764,130.1449275362318
10.813024282455444,0.22373829742000664,0.49982555269725454,2.2815753410128754,130.72463768115932
10.852670907974243,0.22165469076983582,0.5022171684815826,2.293379500205108,131.40096618357478
10.912899017333984,0.2194297573811368,0.5047067192059473,2.306869967853373,132.17391304347817
10.952934741973877,0.2171755926291007,0.5071698336296001,2.316987818589572,132.7536231884057
11.012580394744873,0.2147848349111428,0.5097340408258254,2.3254193608697373,133.23671497584527
11.053104400634766,0.21214280004582137,0.5125202811040688,2.333850903149903,133.71980676328488
11.11268138885498,0.20970914384859474,0.515043810086436,2.342282445430068,134.20289855072446
11.15276312828064,0.20725429716705895,0.5175467301373564,2.3507139877102334,134.68599033816403
11.212566614151001,0.20454263807463408,0.5202652569597632,2.359145529990399,135.16908212560364
11.252665758132935,0.20192921975858827,0.5228458298208328,2.365890763814532,135.55555555555534
11.312841653823853,0.19976971561462556,0.5249354654064808,2.379381231462797,136.3285024154587
11.352609634399414,0.19733916345225344,0.5272247027422147,2.392871699111063,137.1014492753621
11.412778854370117,0.1941544659096096,0.5301739645170661,2.396244316023129,137.29468599033794
11.4526846408844,0.1919325383824831,0.5321970989893128,2.409734783671394,138.0676328502413
11.512634038925171,0.18955680252085344,0.5342987939834173,2.4249115597756923,138.9371980676326
11.552656650543213,0.18714944453109303,0.5363641923085875,2.4400883358799907,139.80676328502392
11.61262583732605,0.18420596506016856,0.538829838617758,2.4485198781601563,140.2898550724635
11.652656555175781,0.1817539114485699,0.540841970775028,2.4603240373523887,140.96618357487898
11.712634086608887,0.17901768466344745,0.543033760909033,2.472128196544621,141.64251207729444
11.75268268585205,0.17612616583110832,0.5452983647216574,2.48224604728082,142.222222222222
11.812635660171509,0.17334255190339654,0.5474296494310742,2.4940502064730525,142.89855072463746
11.852641344070435,0.1704020871473369,0.5496303262824754,2.5041680572092515,143.478260869565
11.912651062011719,0.1671741797474125,0.552003933121003,2.510913291033384,143.86473429951667
11.952669143676758,0.16406359636328222,0.5542551004022257,2.51934483331355,144.3478260869563
12.012649536132812,0.16106841287442625,0.556380703247069,2.529462684049749,144.92753623188383
12.052616596221924,0.15791660922767142,0.5585737871237089,2.5378942263299145,145.4106280193234
12.112649917602539,0.1548825146338751,0.5606434686407129,2.5480120770661134,145.99033816425097
12.152572631835938,0.15182763496888135,0.5626823462285874,2.5581299278023124,146.5700483091785
12.212627649307251,0.1486142652674224,0.5647841878685366,2.566561470082478,147.05314009661808
12.252638101577759,0.14524463748996083,0.5669519065421084,2.573306703906611,147.4396135265698
12.312608480453491,0.1418604647097328,0.5690968471473354,2.580051937730744,147.8260869565215
12.352582931518555,0.13888203417078226,0.5709461260705363,2.5918560969229762,148.50241545893698
12.412632942199707,0.13545865852226222,0.5730279269196842,2.598601330747109,148.8888888888887
12.452736139297485,0.13202131862510652,0.575086589115823,2.605346564571242,149.2753623188404
12.512554407119751,0.1292823910681433,0.5766864386619314,2.6205233406755406,150.14492753623168
12.552676439285278,0.12551424163482283,0.578840851181132,2.6238959575876066,150.3381642512075
12.612600564956665,0.12231055061296855,0.580636867724046,2.6373864252358716,151.1111111111109
12.652735948562622,0.11865122049746331,0.582643943247744,2.642445350603971,151.40096618357464
12.712626218795776,0.11570899051479913,0.5842223836560091,2.655935818252236,152.173913043478
12.752689838409424,0.11274573500691026,0.5857609895796615,2.669426285900502,152.9468599033814
12.812702894210815,0.10946640335739943,0.5874148624642719,2.679544136636701,153.52657004830894
12.852664470672607,0.1061705062070502,0.5890354714733335,2.6896619873729,154.1062801932365
12.912640571594238,0.10315948325241775,0.5904783616839887,2.699779838109099,154.68599033816403
12.952632665634155,0.09953178536510096,0.5921793036714617,2.706525071933232,155.07246376811574
13.012574672698975,0.09664527082678527,0.5934943232730532,2.7217018480375303,155.94202898550702
13.05263376235962,0.09282991327802165,0.5951860962563953,2.72676077340563,156.2318840579708
13.112646579742432,0.08930936577270204,0.5967188155328671,2.7351923156857954,156.71497584541038
13.152603149414062,0.08623359548665549,0.598017980087803,2.7486827833340604,157.48792270531376
13.212577819824219,0.08298704294571012,0.5993411496196569,2.760486942526293,158.16425120772922
13.252639293670654,0.08003380350043854,0.6004985689522117,2.7756637186305912,159.03381642512053
13.312588453292847,0.07644254023267122,0.6018573593184037,2.7840952609107568,159.5169082125601
13.352620363235474,0.07330887849681084,0.6030099023842067,2.7942131116469557,160.09661835748764
13.412656307220459,0.07000546691299356,0.6041839351431397,2.806017270839188,160.77294685990313
13.452717065811157,0.06684547133782145,0.6052621834254096,2.819507738487453,161.5458937198065
13.512654304504395,0.06319810350951997,0.6064622630239144,2.8279392807676187,162.0289855072461
13.552650213241577,0.05954074692580539,0.6076315473936179,2.836370823047784,162.51207729468567
13.612647533416748,0.05666860967249153,0.6085152117115141,2.84986129069605,163.28502415458908
13.652931690216064,0.05346439124298964,0.6094539212775536,2.863351758344316,164.0579710144925
13.712600946426392,0.05040791451453227,0.6103019735995716,2.8785285344486145,164.9275362318838
13.752656698226929,0.04701736627894103,0.6111936370300589,2.890332693640847,165.6038647342993
13.812678813934326,0.043455338010262384,0.6120887717679954,2.900450544377046,166.18357487922682
13.852917194366455,0.04036827635384373,0.6128176702945046,2.9189999373934112,167.246376811594
13.91261100769043,0.03743192391267651,0.613456316808506,2.9358630219537427,168.2125603864732
13.952605962753296,0.033669897543040894,0.6142248483380099,2.9442945642339087,168.69565217391283
14.012916326522827,0.030555872250305788,0.6148282463896143,2.956098723426141,169.3719806763283
14.052677631378174,0.027761766609561728,0.6153257822677561,2.9746481164425065,170.43478260869549
14.11265254020691,0.024630010053608736,0.6158291147689148,2.989824892546805,171.3043478260868
14.152676820755005,0.021491748486911835,0.6162901538903283,3.0016290517390374,171.98067632850226
14.212696075439453,0.018182441822410175,0.6167336409742579,3.0151195193873024,172.7536231884056
14.252771615982056,0.014702774543323457,0.6171611882090666,3.023551061667468,173.23671497584522
14.312904119491577,0.011384541681632263,0.6175320278899514,3.037041529315734,174.00966183574863
14.352664232254028,0.008228017073097782,0.6178444300797536,3.0488456885079662,174.6859903381641
14.412608623504639,0.004901466436506574,0.6181312266200513,3.062336156156232,175.4589371980675
14.452636003494263,0.0014054973983927271,0.6183940602094146,3.0707676984363976,175.9420289855071
14.512624740600586,-0.0017601088307283436,0.6185945095412292,3.085944474540696,176.81159420289842
14.5525484085083,-0.004594889001028571,0.6187308534730747,3.1011212506449946,177.6811594202897
14.612492799758911,-0.008098629686332584,0.6188520236892763,3.112925409837227,178.3574879227052
14.652604103088379,-0.011937206261243505,0.6189459012490146,3.1213569521173925,178.84057971014477
14.71283221244812,-0.015108826630139627,0.6189913651697226,3.133161111309625,179.51690821256025
14.752568006515503,-0.018447712625791077,0.6189969955667477,3.146651578957891,180.28985507246367
14.812490463256836,-0.021619468288932422,0.6189622285448225,3.1584557381501233,180.96618357487912
14.852697610855103,-0.024456556018584485,0.6188880564750557,3.1770051311664878,182.02898550724626
14.91251254081726,-0.02795963888038079,0.6187491627223585,3.1854366734466533,182.51207729468587
14.952545642852783,-0.03129425796869474,0.6185803227709692,3.198927141094919,183.28502415458928
15.012539148330688,-0.034626651772457454,0.6183721331219117,3.209044991831118,183.8647342995168
15.052611827850342,-0.03795676861173747,0.6181302380412084,3.219162842567317,184.44444444444434
15.112554550170898,-0.04078454118940218,0.6178888451442739,3.2343396186716156,185.31400966183566
15.152576446533203,-0.04377468232098533,0.6175903639190521,3.2478300863198806,186.086956521739
15.212487697601318,-0.04692670537782727,0.6172354084547883,3.259634245512113,186.76328502415447
15.252526044845581,-0.049908340820997835,0.6168613962723338,3.273124713160379,187.53623188405788
15.312598943710327,-0.05338271895923831,0.6163928052313754,3.2781836385284784,187.82608695652166
15.352677822113037,-0.056356904155465654,0.6159635530361091,3.2916741061767434,188.59903381642502
15.412518501281738,-0.058994529275156124,0.6155419178624016,3.308537190737075,189.56521739130423
15.452573776245117,-0.062119210872123534,0.6149963835829587,3.3203413499293077,190.24154589371975
15.512728691101074,-0.06540185761879899,0.6143861199269336,3.3304592006655067,190.82125603864728
15.552606105804443,-0.06900698074628503,0.6136844085748858,3.3372044344896397,191.20772946859898
15.612507581710815,-0.07227998796744205,0.6130243971177273,3.3439496683137726,191.5942028985507
15.6526038646698,-0.07521953368532859,0.612400613500553,3.3574401359620376,192.36714975845405
15.712588548660278,-0.07798809857471531,0.6117764206337795,3.36924429515427,193.0434782608695
15.752583742141724,-0.08156330136018988,0.6109354470143019,3.375989528978403,193.4299516908212
15.81272268295288,-0.08480692416329164,0.6101435489750767,3.386107379714602,194.00966183574874
15.8525869846344,-0.08706878604055489,0.609554826093822,3.4063430811870004,195.16908212560386
15.912478685379028,-0.08996507194871327,0.6087538498352508,3.416460931923199,195.74879227053137
15.952542543411255,-0.09381764471378577,0.6076533596280165,3.423206165747332,196.13526570048307
16.012452363967896,-0.09685938677688857,0.6067538886979533,3.4350103249395643,196.81159420289853
16.052534580230713,-0.09940973403300365,0.6059598034601115,3.4518734094998953,197.77777777777771
16.112592220306396,-0.10290332892753543,0.6048266193184891,3.4586186433240274,198.1642512077294
16.152541637420654,-0.10591131811425178,0.603820019206688,3.47042280251626,198.84057971014485
16.212504386901855,-0.10970112550293223,0.6025197286379702,3.4737954194283267,199.03381642512073
16.252585411071777,-0.11253515751847183,0.6015205802188187,3.4872858870765926,199.80676328502415
16.31246852874756,-0.11519794304143387,0.6005386731252569,3.502462663180891,200.67632850241546
16.35255193710327,-0.11847271972077633,0.5992869867781326,3.5108942054610575,201.1594202898551
16.412577629089355,-0.12173682647607598,0.598007733831625,3.519325747741223,201.6425120772947
16.45293641090393,-0.12467619812946583,0.5968155354354981,3.5345025238455214,202.51207729468598
16.512488842010498,-0.12744241573901893,0.5956416209730288,3.5513656084058534,203.47826086956522
16.55276322364807,-0.1308061767996816,0.594167028448739,3.5581108422299854,203.8647342995169
16.612563848495483,-0.13415738535274163,0.5926641269816353,3.5682286929661844,204.44444444444443
16.652610778808594,-0.1373428234860543,0.5911999326946688,3.57666023524635,204.927536231884
16.712512969970703,-0.14036110735338203,0.5897722934231571,3.590150702894616,205.70048309178742
16.75255799293518,-0.14366516083338088,0.5881683787785361,3.596895936718748,206.0869565217391
16.812501668930054,-0.14665393944236654,0.5866799588714554,3.6103864043670137,206.8599033816425
16.852586030960083,-0.1494751692306343,0.585230163984492,3.622190563559246,207.53623188405797
16.912538766860962,-0.15212795227335973,0.5838185063925727,3.639053648119577,208.50241545893715
16.952577590942383,-0.15505406150597273,0.5822103782409191,3.649171498855776,209.08212560386468
17.012476205825806,-0.1578169532604548,0.5806522794361284,3.6609756580480086,209.75845410628017
17.05251169204712,-0.15997926448963623,0.5793892403207799,3.679525051064373,210.8212560386473
17.112582683563232,-0.16269359699159175,0.5777480085268789,3.6913292102566055,211.49758454106276
17.15262532234192,-0.16553168147484026,0.5759891828222483,3.7014470609928045,212.0772946859903
17.21256732940674,-0.16792752197693617,0.5744678292899645,3.713251220185037,212.75362318840578
17.252591133117676,-0.17058496894221423,0.5727360041373539,3.7250553793772694,213.42995169082124
17.312586784362793,-0.1735026303517939,0.5707922621508238,3.733486921657435,213.91304347826085
17.352538347244263,-0.1765436879195368,0.5687328252239922,3.740232155481567,214.2995169082125
17.412527084350586,-0.17915648358890573,0.5669343421068613,3.7486636977617325,214.7826086956521
17.452561140060425,-0.181612939731147,0.5652034873325246,3.7621541654099984,215.55555555555551
17.51279854774475,-0.18418255209195045,0.563343827404558,3.773958324602231,216.23188405797097
17.552690505981445,-0.18632645758922256,0.5617505566458676,3.7874487922504967,217.0048309178744
17.612585067749023,-0.1889826442769133,0.5597274739304405,3.7975666429866957,217.58454106280192
17.652560234069824,-0.19161822610794726,0.5576776203246311,3.8076844937228946,218.16425120772945
17.7125141620636,-0.19370437759702758,0.5560094433387152,3.8245475782832257,219.13043478260866
17.75258708000183,-0.19615303464839012,0.5539931791255502,3.836351737475458,219.80676328502412
17.812524795532227,-0.19896654721818713,0.5516323617659216,3.84309697129959,220.19323671497577
17.852523803710938,-0.20176407163902443,0.5492526204562936,3.849842205123722,220.57971014492745
17.912461757659912,-0.20441712157594444,0.546960851043078,3.8582737474038877,221.06280193236702
17.952646255493164,-0.20705075428780884,0.5446467940536877,3.8667052896840532,221.54589371980663
18.0124568939209,-0.2094122597871535,0.5425291220986758,3.8785094488762857,222.2222222222221
18.05254101753235,-0.21137818356666233,0.5407208117865643,3.8919999165245516,222.9951690821255
18.112518310546875,-0.21356220307997154,0.5386568123209443,3.9054903841728175,223.7681159420289
18.152579069137573,-0.2157181803850255,0.5365635381180051,3.9189808518210834,224.54106280193233
18.21250557899475,-0.2176093294788731,0.5346771665754485,3.9324713194693492,225.31400966183574
18.25258231163025,-0.21982655935796547,0.5324088777058951,3.9442754786615817,225.99033816425123
18.312488794326782,-0.22236940866346305,0.5297587401631519,3.9510207124857137,226.37681159420288
18.352527856826782,-0.22477740804001867,0.5272107173976244,3.9594522547658793,226.85990338164248
18.412494659423828,-0.22670577150819105,0.5251284151582025,3.9712564139581117,227.53623188405794
18.45256209373474,-0.2289516163145771,0.5226577123231859,3.9780016477822437,227.9227053140096
18.512510776519775,-0.23128999957102375,0.5200456547516311,3.9864331900624093,228.4057971014492
18.552536010742188,-0.23338166035971686,0.5176610797627658,3.9982373492546417,229.08212560386468
18.612594604492188,-0.23577317420991312,0.5148736126167267,4.008355199990841,229.6618357487922
18.652716875076294,-0.23814110068454508,0.5120660806406543,4.015100433814973,230.04830917874386
18.712529182434082,-0.2400551548761089,0.5097495246667241,4.028590901463239,230.82125603864728
18.75253963470459,-0.24172509021630378,0.5076647804494874,4.04545398602357,231.78743961352646
18.812626600265503,-0.244092630565866,0.5046418289429506,4.050512911391669,232.07729468599024
18.852562427520752,-0.2460230585840054,0.502124947857308,4.065689687495968,232.94685990338152
18.91249918937683,-0.24781752114852162,0.4997145663246149,4.0791801551442335,233.71980676328494
18.952500581741333,-0.24998083401019117,0.49674650482786986,4.0859253889683655,234.10628019323659
19.01245403289795,-0.2521240775416625,0.4937639189111308,4.092670622792498,234.49275362318826
19.05251431465149,-0.2540495501308113,0.49103614569809284,4.102788473528697,235.0724637681158
19.112541437149048,-0.2560446455434524,0.48815335619734807,4.111220015808862,235.55555555555537
19.1525239944458,-0.2581117681153974,0.4851175176215201,4.117965249632994,235.94202898550705
19.212480783462524,-0.25977783267528093,0.4826166649847388,4.13145571728126,236.71497584541046
19.252549171447754,-0.2614100089833903,0.48009356460468244,4.144946184929526,237.48792270531388
19.312520265579224,-0.26355780220543895,0.4767112015428986,4.148318801841593,237.68115942028973
19.3525390625,-0.26523777028797313,0.4740206718600773,4.160122961033825,238.35748792270522
19.41255497932434,-0.2669750090733676,0.4711693225661728,4.170240811770024,238.93719806763275
19.452550411224365,-0.26860019216810377,0.4684453507159027,4.17867235405019,239.42028985507235
19.51248788833618,-0.27037099872735265,0.465419606982394,4.187103896330355,239.90338164251193
19.552513599395752,-0.27211110114670695,0.4623761016708654,4.198908055522588,240.57971014492742
19.61267924308777,-0.27382032129183054,0.45931514634504816,4.207339597802753,241.06280193236702
19.652592658996582,-0.2753386591519027,0.45653020597312816,4.219143756994986,241.73913043478248
19.712559938430786,-0.27698559300914194,0.45343529242328146,4.227575299275151,242.2222222222221
19.752535343170166,-0.2783680892152119,0.4507671958604116,4.241065766923417,242.9951690821255
19.81252360343933,-0.27994150521483596,0.4476342670225233,4.2528699261156495,243.67149758454096
19.85257124900818,-0.2812560778609722,0.4449320579657281,4.266360393763915,244.44444444444437
19.912529945373535,-0.2826074979731223,0.4420624053015616,4.278164552956148,245.12077294685986
19.952538013458252,-0.28363605513145906,0.43977922159656113,4.300086562884579,246.37681159420285
20.012494802474976,-0.28488994268250756,0.43686563124412553,4.311890722076812,247.05314009661834
20.052558422088623,-0.286304747617907,0.4334762893344477,4.322008572813011,247.63285024154587
20.11254358291626,-0.2878897206222678,0.4296153426076043,4.323694881269044,247.7294685990338
20.152511835098267,-0.2892046738964376,0.4263654535482828,4.33212642354921,248.2125603864734
20.21251130104065,-0.2904921791779313,0.4231045930542917,4.340557965829375,248.695652173913
20.25254249572754,-0.291684261413287,0.4199857581215843,4.354048433477641,249.46859903381642
20.312551498413086,-0.2928394462292422,0.41685306927104127,4.36416628421384,250.04830917874395
20.35257840156555,-0.2937875986083171,0.41417807855185484,4.3793430603181385,250.91787439613523
20.41254210472107,-0.29480687073155676,0.41117435967831417,4.39114721951037,251.59420289855066
20.452535390853882,-0.2956825130228104,0.408474763623448,4.4063239956146685,252.46376811594197
20.512451648712158,-0.29667243129751525,0.40528599376616237,4.4164418463508675,253.0434782608695
20.552605390548706,-0.2975294197898311,0.40240578444171493,4.4299323139991325,253.81642512077286
20.61261510848999,-0.2983954968053367,0.39935436619183584,4.441736473191365,254.49275362318832
20.65261435508728,-0.2993185677407048,0.3959722335718134,4.45016801547153,254.97584541062793
20.71257185935974,-0.30021308960898746,0.39258243835110884,4.458599557751696,255.45893719806753
20.752527475357056,-0.30099134700328073,0.38950744921930613,4.470403716943928,256.135265700483
20.812472820281982,-0.3016917420074014,0.3865852100321756,4.483894184592194,256.9082125603864
20.852574825286865,-0.3024315780444089,0.383329317830079,4.494012035328393,257.48792270531396
20.91253399848938,-0.3030253877693111,0.3805540776076313,4.509188811432692,258.3574879227052
20.95251154899597,-0.3037483644996154,0.3769531588035805,4.519306662168891,258.9371980676328
21.012451887130737,-0.3044065700626166,0.3735096654540909,4.527738204449057,259.42028985507244
21.052767276763916,-0.30504153366041353,0.3700618107238832,4.5327971298171565,259.7101449275362
21.1125807762146,-0.30565322640342935,0.36660975148347547,4.541228672097322,260.1932367149758
21.15254235267639,-0.30615006933902733,0.3636461080963682,4.551346522833521,260.7729468599033
21.21252417564392,-0.3066401946375992,0.3605122574419531,4.5631506820257535,261.4492753623188
21.252503395080566,-0.30714683944318477,0.3570432241397037,4.571582224305919,261.93236714975836
21.312568426132202,-0.30762421728555794,0.353570042398597,4.5800137665860845,262.41545893719797
21.352548122406006,-0.30802962023320807,0.35042410991640466,4.58844530886625,262.8985507246376
21.412500381469727,-0.3084256290339396,0.34710878664060335,4.598563159602449,263.47826086956513
21.4525249004364,-0.3087619749329025,0.3439547235200032,4.6137399357067475,264.3478260869564
21.512479782104492,-0.3090557417302013,0.34079641007747,4.625544094898979,265.02415458937185
21.552567720413208,-0.3092649780246841,0.3381335051477361,4.64240717945931,265.990338164251
21.61250138282776,-0.3094548773916669,0.3351345097727787,4.655897647107576,266.7632850241544
21.652716398239136,-0.3096206171514466,0.33196689662333856,4.664329189387741,267.246376811594
21.712542295455933,-0.30974022770749393,0.3291313611189651,4.676133348579974,267.92270531400953
21.752578020095825,-0.3098145393941472,0.3264612824188221,4.692996433140305,268.8888888888887
21.812947273254395,-0.30986267746350143,0.32328970151038566,4.70142797542047,269.3719806763283
21.852625846862793,-0.30987703492147944,0.32045168069561336,4.713232134612703,270.04830917874375
21.912564992904663,-0.30985732863696214,0.31711284810686674,4.723349985348902,270.6280193236713
21.952515125274658,-0.30980384237488184,0.31394135288343566,4.735154144541134,271.30434782608677
22.012538194656372,-0.3097092631361589,0.31043679359891146,4.7435856868213,271.7874396135264
22.052515268325806,-0.30957331740136185,0.3065994765837473,4.752017229101465,272.270531400966
22.112613677978516,-0.3094340149497917,0.3035977054639607,4.765507696749731,273.0434782608694
22.152567386627197,-0.3092469128310913,0.300431282319519,4.777311855941964,273.71980676328485
22.212540864944458,-0.30903678901248516,0.29743363607463785,4.787429706678163,274.29951690821235
22.252554416656494,-0.3087912959611001,0.29443867894801334,4.8009201743264285,275.07246376811577
22.31253933906555,-0.3084603962421122,0.29078083573624197,4.804292791238495,275.2657004830917
22.352515935897827,-0.30809833718114354,0.2869582193084467,4.809351716606595,275.55555555555543
22.4125018119812,-0.30774277216913576,0.28330269128801455,4.809351716606595,275.55555555555543
22.452516794204712,-0.30734815887675393,0.2793155023088129,4.812724333518661,275.7487922705313
22.512569665908813,-0.3070472178092617,0.2764934458324863,4.824528492710893,276.42512077294674
22.5526020526886,-0.30664021517515255,0.27301131575637283,4.832960034991059,276.90821256038635
22.612503051757812,-0.3062636891474101,0.27002999672295386,4.843077885727258,277.48792270531385
22.652621269226074,-0.3057727842473573,0.2663901720067026,4.84982311955139,277.8743961352655
22.712563037872314,-0.3053249793762526,0.2632499946980311,4.858254661831555,278.3574879227051
22.752533435821533,-0.3048285366043253,0.2599482169999522,4.8649998956556875,278.74396135265675
22.81257700920105,-0.3042127688503403,0.25598914821050844,4.868372512567754,278.93719806763266
22.852547645568848,-0.3036773868602659,0.25269346049501873,4.878490363303953,279.51690821256017
22.91251540184021,-0.3031142364993992,0.24940240396794644,4.885235597128085,279.9033816425118
22.952544927597046,-0.3025502697092203,0.24628099656229538,4.897039756320318,280.57971014492733
23.012754201889038,-0.30197862944980447,0.243330867337598,4.910530223968584,281.35265700483075
23.052613735198975,-0.30133589665174326,0.24022472225361163,4.922334383160816,282.0289855072462
23.112510919570923,-0.30069477456706867,0.23728890933362895,4.932452233897015,282.60869565217376
23.15253448486328,-0.29987491660391974,0.2337088053538282,4.942570084633214,283.18840579710127
23.21245813369751,-0.2990606639372718,0.2302988385495907,4.95100162691338,283.6714975845409
23.25258493423462,-0.29821768927480574,0.2268958582778903,4.959433169193545,284.1545893719805
23.312504291534424,-0.29750281149042485,0.22414931171264124,4.974609945297844,285.0241545893718
23.35253357887268,-0.29670427753198303,0.22125235148754074,4.988100412946109,285.79710144927515
23.412509441375732,-0.2957356654246799,0.21788297890548175,4.996531955226274,286.2801932367147
23.452548265457153,-0.29482337923720814,0.21484505582471936,5.011708731330573,287.149758454106
23.51251244544983,-0.293822712113672,0.2116596427116053,5.021826582066772,287.72946859903357
23.552614212036133,-0.29274103634212384,0.20832484758500647,5.030258124346938,288.2125603864732
23.612515687942505,-0.29178261111242226,0.20547678576902237,5.043748591995204,288.9855072463766
23.652596712112427,-0.29073300049995165,0.2024835333081249,5.055552751187436,289.6618357487921
23.712661266326904,-0.28959367843762623,0.19934504057567695,5.065670601923635,290.2415458937196
23.75264048576355,-0.2882500400453145,0.19574808088888834,5.074102144203801,290.7246376811592
23.812572956085205,-0.28699559300163124,0.19247436073809027,5.082533686483966,291.2077294685988
23.85254454612732,-0.28583070727075555,0.18952405838638392,5.094337845676199,291.8840579710143
23.91249704360962,-0.284565333616512,0.18643423300159717,5.107828313324465,292.6570048309177
23.95260214805603,-0.2835156378442717,0.18397802021002788,5.124691397884796,293.6231884057969
24.01248335838318,-0.28262422164037915,0.18199926099902672,5.146613407813227,294.8792270531399
24.052939891815186,-0.2811991277548306,0.178979774484617,5.160103875461493,295.6521739130433
24.112550497055054,-0.2798091188329332,0.17612861368074684,5.171908034653725,296.3285024154588
24.152578353881836,-0.27838555197613013,0.17329405901789488,5.183712193845958,297.00483091787424
24.2125825881958,-0.2768494450804964,0.1703295072813727,5.197202661494224,297.77777777777766
24.25252914428711,-0.27543555128538455,0.16767791542651714,5.207320512230423,298.3574879227052
24.312652587890625,-0.2739125193178394,0.16489553939903398,5.219124671422655,299.0338164251207
24.352569818496704,-0.2726769279143389,0.16271742747758863,5.2376740644390205,300.09661835748784
24.412517786026,-0.27115253843549425,0.16012778044654594,5.2511645320872855,300.8695652173912
24.452481508255005,-0.2692574673968043,0.15698166898249327,5.257909765911418,301.25603864734285
24.512462854385376,-0.2673412183725505,0.1538484116896792,5.26465499973555,301.6425120772945
24.55260157585144,-0.2657475210936738,0.15130083165916017,5.2781454673838155,302.4154589371979
24.61250066757202,-0.2639434571041105,0.14849128640860987,5.2882633181200145,302.99516908212547
24.652504920959473,-0.26157972674385993,0.14485078888234326,5.2882633181200145,302.99516908212547
24.712847471237183,-0.2597473290208635,0.14205964037714158,5.2983811688562135,303.57487922705303
24.7527072429657,-0.2581638803165041,0.13970437850585365,5.310185328048446,304.2512077294685
24.812803983688354,-0.25645588254426954,0.13723197509244417,5.323675795696712,305.0241545893719
24.852760553359985,-0.2547188197995703,0.13477990493652028,5.333793646432911,305.6038647342994
24.912553071975708,-0.2527612830332897,0.1320750498198846,5.34391149716911,306.18357487922697
24.95254945755005,-0.2508778710556049,0.12952279551147616,5.352343039449275,306.6666666666666
25.01255178451538,-0.24867471572144553,0.1265841873103892,5.359088273273407,307.0531400966182
25.05252432823181,-0.24715069360186315,0.12459717592698784,5.374265049377706,307.92270531400953
25.11260461807251,-0.2451864883700042,0.12210656545169904,5.386069208569937,308.59903381642494
25.152600049972534,-0.2435025290385989,0.12003313267924141,5.402932293130268,309.56521739130415
25.21253728866577,-0.24157678010612083,0.11772628936474158,5.413050143866467,310.14492753623165
25.252596139907837,-0.23962778984502828,0.11543904823386814,5.423167994602666,310.7246376811592
25.31255269050598,-0.2374366430989009,0.11291970956464109,5.433285845338865,311.3043478260867
25.35255765914917,-0.23544177109394662,0.11067237320520407,5.443403696075064,311.8840579710143
25.41248869895935,-0.23342051076819867,0.10844874065368884,5.45689416372333,312.6570048309177
25.45256519317627,-0.23081154842890772,0.10563150821211828,5.46195308909143,312.94685990338144
25.512555599212646,-0.2287493911620147,0.10344574920545885,5.475443556739695,313.7198067632848
25.552576541900635,-0.2268870878019783,0.10153089446242218,5.492306641300026,314.685990338164
25.612525463104248,-0.2244070430324027,0.09905293987203084,5.504110800492258,315.36231884057946
25.652554512023926,-0.2221368855025979,0.09683762329818661,5.5159149596844905,316.0386473429949
25.71252202987671,-0.2197257213074809,0.09452797427343972,5.522660193508623,316.42512077294657
25.75261640548706,-0.21741486390306727,0.09235514644111115,5.534464352700855,317.1014492753621
25.8124737739563,-0.21507851968210967,0.09020974708116108,5.5462685118930874,317.77777777777754
25.852550983428955,-0.21283961319220496,0.08820541857563559,5.559758979541353,318.55072463768096
25.912469148635864,-0.21007444618142332,0.0857881550425432,5.569876830277552,319.13043478260846
25.95253825187683,-0.20791738108210278,0.0839438019204504,5.581680989469784,319.8067632850239
26.012585163116455,-0.20535602686948132,0.08180192050664307,5.591798840205983,320.3864734299514
26.052540063858032,-0.20277670455109037,0.07968171113698656,5.598544074030116,320.77294685990313
26.11260986328125,-0.20043612684859424,0.0777971074526092,5.612034541678382,321.54589371980654
26.15251064300537,-0.1978109487555246,0.07573394692250196,5.622152392414581,322.1256038647341
26.212481260299683,-0.19542653509544183,0.0739051203790019,5.6356428600628465,322.8985507246375
26.252569437026978,-0.1927533853172052,0.07190450505954596,5.6457607107990455,323.478260869565
26.312517166137695,-0.19032945623584369,0.07012838489550009,5.6558785615352445,324.0579710144926
26.352566957473755,-0.18721508111377202,0.06788246621560462,5.660937486903344,324.34782608695633
26.412493467330933,-0.1844921870329927,0.06595009999301904,5.671055337639543,324.9275362318839
26.45250678062439,-0.18120914747201108,0.06365335297877871,5.674427954551609,325.1207729468597
26.512505769729614,-0.17832804116889947,0.06165582763943508,5.6794868799197085,325.4106280193235
26.552477598190308,-0.1757061805806841,0.05987058541821,5.691291039111941,326.08695652173895
26.612475395202637,-0.17319832644127048,0.05821507865470209,5.708154123672273,327.05314009661816
26.652489185333252,-0.17052637215160288,0.05650572117119987,5.719958282864505,327.7294685990337
26.712512254714966,-0.16755419544932987,0.0546464076791779,5.728389825144671,328.2125603864733
26.752549171447754,-0.16484820051462673,0.05299146534004964,5.740193984336903,328.88888888888874
26.812565803527832,-0.16226500295422952,0.05145617208058641,5.753684451985169,329.66183574879216
26.852481603622437,-0.15908893758019435,0.04961174254119301,5.760429685809302,330.04830917874386
26.91250705718994,-0.15618757059709787,0.04795939238982592,5.770547536545501,330.62801932367137
26.952889442443848,-0.15312517522329033,0.046252753709371666,5.7789790788256665,331.111111111111
27.01253581047058,-0.15019365904232243,0.044654503330348164,5.7890969295618655,331.69082125603853
27.052504777908325,-0.14695428275327826,0.042923679005379925,5.7958421633859984,332.07729468599024
27.112568616867065,-0.14399884882354017,0.0413701019457275,5.802587397210131,332.46376811594195
27.152509212493896,-0.14073357827259741,0.03968863835258321,5.81270524794633,333.04347826086945
27.212581157684326,-0.1376019771805188,0.038112581370354545,5.821136790226497,333.5265700483091
27.25256633758545,-0.13400943941455268,0.03633858362331609,5.82788202405063,333.9130434782608
27.31248903274536,-0.130405017436371,0.03458885855645627,5.834627257874763,334.2995169082125
27.352534770965576,-0.12738914529952838,0.033156131559591254,5.844745108610962,334.87922705314
27.41249656677246,-0.12405851591826553,0.031608158849691,5.851490342435095,335.26570048309173
27.45249319076538,-0.12086815774433719,0.030154716132143,5.85992188471526,335.74879227053134
27.512460947036743,-0.11766565835393801,0.028728224398681886,5.868353426995426,336.23188405797094
27.552553176879883,-0.11429941545926542,0.02725930630702594,5.875098660819559,336.61835748792265
27.612547159194946,-0.11138056491072082,0.026017712892199323,5.886902820011791,337.2946859903381
27.652577877044678,-0.10844726208750088,0.024810659753447283,5.898706979204023,337.9710144927536
27.71260404586792,-0.10581016269345572,0.0237617197801398,5.910511138396256,338.6473429951691
27.752634048461914,-0.10300411684991381,0.022686479456983454,5.924001606044521,339.42028985507244
27.812740802764893,-0.0994060255474234,0.02134587433368275,5.92906053141262,339.7101449275362
27.852637767791748,-0.09689293389806385,0.020440770553085543,5.945923615972952,340.67632850241546
27.91254997253418,-0.09389353872189396,0.01940884453362342,5.957727775165185,341.3526570048309
27.952579259872437,-0.0904096223848334,0.01824624462725481,5.964473008989318,341.7391304347826
28.012453317642212,-0.08723362702616799,0.017216077225779457,5.974590859725517,342.3188405797102
28.052529096603394,-0.08420429566174609,0.01627565486480964,5.989767635829815,343.18840579710144
28.11257839202881,-0.08132192783324377,0.0154259544883161,6.003258103478081,343.96135265700485
28.15250253677368,-0.07794850175773689,0.01447155545005464,6.011689645758247,344.4444444444445
28.21254301071167,-0.07504820084959456,0.013685241472800896,6.025180113406512,345.21739130434787
28.25272822380066,-0.0714938464710377,0.01276010551654386,6.031925347230645,345.6038647342996
28.312600135803223,-0.0689010995973615,0.01211783910704602,6.048788431790976,346.5700483091788
28.35255193710327,-0.06564963064968735,0.011358799532560629,6.058906282527175,347.1497584541063
28.41259527206421,-0.06255301701664498,0.01067161197436405,6.070710441719408,347.8260869565218
28.452473163604736,-0.059448507636387954,0.010021024362759383,6.08251460091164,348.50241545893726
28.512514114379883,-0.05649983379057949,0.009441923698242672,6.096005068559906,349.2753623188407
28.55251431465149,-0.053052515658106085,0.008804053253196798,6.104436610840072,349.7584541062803
28.61252522468567,-0.04959994189348646,0.00819527134560854,6.112868153120237,350.24154589371983
28.65254044532776,-0.0463065405058888,0.007646000289123328,6.122986003856436,350.8212560386474
28.712568759918213,-0.042349041941753006,0.007020220198946401,6.129731237680569,351.2077294685991
28.752522468566895,-0.03838842825782787,0.006414468720945031,6.133103854592635,351.40096618357495
28.812674045562744,-0.034755103103549845,0.0058775703048366545,6.139849088416768,351.78743961352666
28.852563619613647,-0.030953380129700208,0.005338695970899567,6.1449080137848675,352.0772946859904
28.91260266304016,-0.02797433529625836,0.004944580621115274,6.158398481433133,352.8502415458938
28.95259714126587,-0.024327848275268585,0.004505896233793981,6.168516332169332,353.4299516908213
29.012492656707764,-0.020677792127408112,0.004097972584820501,6.175261565993464,353.816425120773
29.05249571800232,-0.01702506749515715,0.0037146785111943055,6.182006799817597,354.2028985507247
29.11253523826599,-0.013038212653045994,0.003316703544232187,6.185379416729663,354.39613526570054
29.15256643295288,-0.010045661179501574,0.003043444131255856,6.198869884377929,355.16908212560395
29.21246075630188,-0.006883461575441893,0.0027949760315583443,6.210674043570162,355.8454106280194
29.252532243728638,-0.003718197866477926,0.002589188798722963,6.225850819674459,356.71497584541066
29.312610387802124,-0.0005504460988180955,0.0024261198839604977,6.237654978866692,357.3913043478261
29.35258173942566,0.0029523975646334037,0.0022813190532923635,6.246086521146857,357.8743961352657
29.412857055664062,0.006790046173175974,0.0021550800932439986,6.254518063427023,358.35748792270533
29.45283317565918,0.010294833480703485,0.002069365799569749,6.262949605707188,358.84057971014494
29.512606620788574,0.014300932710301622,0.0020018042053626096,6.269694839531321,359.22705314009664
29.552560567855835,0.017806617205507448,0.0019692891132950725,6.278126381811487,359.71014492753625
29.612637519836426,0.02198021728242925,0.0019587321251268277,6.283185307179586,360.0
29.65259289741516,0.024651234931441425,0.001981253457055343,6.300048391739918,360.96618357487927
29.712536334991455,0.02798919524772195,0.0020600717306938285,6.313538859388183,361.7391304347826
29.752575397491455,0.030825209803770584,0.0021677272905021487,6.328715635492482,362.6086956521739
29.81259775161743,0.03415953943476026,0.0023421901955332355,6.342206103140747,363.3816425120773
29.85270357131958,0.037491212143709526,0.002561617526954373,6.3556965707890125,364.15458937198065
29.912668228149414,0.04115294769596199,0.002846230125587256,6.3658144215252115,364.7342995169082
29.952597856521606,0.04431199410612726,0.003132007155621678,6.38099119762951,365.6038647342995
30.01258897781372,0.04713379583963826,0.003435327544711486,6.399540590645875,366.6666666666667
30.052602291107178,0.04978413845579081,0.003767782818004061,6.416403675206206,367.6328502415459
30.112627744674683,0.05342186129070558,0.00427402797824397,6.426521525942405,368.2125603864734
30.152554988861084,0.05655775034659553,0.004750937363378173,6.441698302046704,369.0821256038647
30.212562799453735,0.05968692051684299,0.00527010667883402,6.453502461238936,369.75845410628017
30.252525806427002,0.06313846277893895,0.005884709822420604,6.465306620431169,370.4347826086957
30.31259322166443,0.06625350115885341,0.0064828558114083945,6.480483396535467,371.30434782608694
30.352536916732788,0.06968720663026436,0.007190349802015416,6.4922875557276996,371.98067632850245
30.41254496574402,0.07311357815094811,0.007932548706209321,6.500719098007865,372.46376811594206
30.45248579978943,0.07620548613350338,0.008640607856202543,6.5158958741121635,373.3333333333333
30.512495040893555,0.07977493506599048,0.00950567774025642,6.526013724848362,373.9130434782608
30.552576303482056,0.0823610509850886,0.010174143853622735,6.54624942632076,375.0724637681159
30.612520217895508,0.0855791464385989,0.011064117474257448,6.5597398939690255,375.8454106280193
30.65260148048401,0.08894770113370196,0.012035570137665163,6.568171436249191,376.3285024154589
30.71248984336853,0.09230625456393708,0.013041055029348748,6.579975595441423,377.00483091787436
30.752580881118774,0.09549251026139811,0.014039036002977491,6.593466063089689,377.77777777777777
30.812686681747437,0.09898418929158147,0.01517810980923941,6.603583913825888,378.35748792270533
30.852588891983032,0.10230503778612936,0.01630187414725606,6.615388073018121,379.0338164251208
30.912623643875122,0.10545582985023098,0.017406727423541924,6.62550592375432,379.6135265700483
30.952594995498657,0.1085933608429874,0.01854869531399272,6.638996391402586,380.3864734299517
31.012582540512085,0.11124437053578796,0.01956196521404552,6.657545784418951,381.44927536231893
31.05251431465149,0.11449977424110086,0.020863206055159,6.669349943611183,382.1256038647344
31.11255168914795,0.11743103743074827,0.02207520392871189,6.681154102803416,382.80193236714985
31.15259861946106,0.12111932757681859,0.023640423212005112,6.687899336627549,383.18840579710155
31.212480068206787,0.12371955730200691,0.024777689081502925,6.703076112731847,384.05797101449286
31.252487897872925,0.12691236189141097,0.026225749807103762,6.71488027192408,384.7342995169083
31.312450408935547,0.12993782942548426,0.02763810160237014,6.724998122660279,385.3140096618359
31.35249948501587,0.13310067981183274,0.029150470090775475,6.733429664940445,385.79710144927554
31.4125919342041,0.13579732293484528,0.03047642291637093,6.746920132588711,386.57004830917896
31.452516078948975,0.13817617595468376,0.03169128949412103,6.763783217149043,387.53623188405817
31.51253914833069,0.14112898587344333,0.033249848115734365,6.773901067885242,388.1159420289857
31.552533388137817,0.14362191917724293,0.03460625949304091,6.78907784398954,388.985507246377
31.61255383491516,0.1466814322790079,0.036318059887733886,6.797509386269707,389.46859903381664
31.65255856513977,0.15016307265872372,0.038300880069374967,6.80425462009384,389.85507246376835
31.712515354156494,0.15246840121758773,0.039650066019278285,6.8211177046541716,390.8212560386476
31.75253176689148,0.1551854974819975,0.04128671827996533,6.829549246934337,391.3043478260872
31.81248116493225,0.15831713796780567,0.04320560844190019,6.83629448075847,391.69082125603893
31.852474451065063,0.16057806302299324,0.044627951715008246,6.853157565318802,392.65700483091814
31.91262650489807,0.16323842659988141,0.04635529313211448,6.864961724511034,393.3333333333336
31.95251774787903,0.16601871159660805,0.048204132424835,6.875079575247233,393.91304347826116
32.0124876499176,0.16850115262789472,0.0498975082114746,6.888570042895498,394.6859903381645
32.05248832702637,0.17137550567041437,0.05190473903978081,6.897001585175665,395.1690821256042
32.11254596710205,0.17423283269228826,0.05393613346263714,6.905433127455831,395.6521739130438
32.15252065658569,0.17679930544079625,0.055800123903505236,6.917237286648064,396.3285024154593
32.21246957778931,0.17947918731238635,0.05779171235186857,6.927355137384263,396.9082125603868
32.252514362335205,0.18227354758433315,0.05990888775360334,6.935786679664428,397.3913043478264
32.31244683265686,0.18491602778394234,0.06194984091034249,6.945904530400627,397.97101449275397
32.35250759124756,0.1874049812461822,0.06391614541251932,6.957708689592859,398.64734299516937
32.41247010231018,0.1900020883050704,0.06601453201131449,6.967826540329058,399.22705314009687
32.452495098114014,0.1928393428553005,0.06834676231793671,6.9745717741531905,399.6135265700486
32.512441873550415,0.19579112125054784,0.07080246739449324,6.97963069952129,399.9033816425124
32.55249333381653,0.19769989164724353,0.07242340947595272,6.9948074756255885,400.7729468599037
32.61250352859497,0.20059713111685534,0.07494322823399963,7.003239017905754,401.25603864734325
32.652535915374756,0.20309603950038463,0.07715764650615436,7.013356868641953,401.8357487922708
32.71255445480347,0.2054503894865065,0.07928327085568716,7.0217884109221185,402.3188405797104
32.75260257720947,0.2074102033589031,0.08109820117867281,7.03865149548245,403.2850241545896
32.81256723403931,0.20958375335004784,0.08317322297725513,7.052141963130715,404.057971014493
32.85208749771118,0.2120928748303593,0.08562173076939877,7.060573505410882,404.54106280193264
32.91264891624451,0.214340502302115,0.08785990267537211,7.072377664603114,405.2173913043481
32.95254826545715,0.21691887073146682,0.09047549588312678,7.079122898427247,405.6038647342998
33.01250386238098,0.21936102396822948,0.09299080273902197,7.087554440707413,406.0869565217394
33.052528858184814,0.22119732636558995,0.09493060582108392,7.104417525267744,407.0531400966186
33.11258935928345,0.22311865607220843,0.09701939983681268,7.116221684459976,407.7294685990341
33.152482986450195,0.22568937637870212,0.0998715709788475,7.124653226740142,408.2125603864737
33.21250772476196,0.22745246741823705,0.10187814828312507,7.141516311300473,409.17874396135284
33.25256061553955,0.2297330318477597,0.10454083619084871,7.149947853580639,409.6618357487925
33.312618017196655,0.23199106491439997,0.10722265790026632,7.158379395860805,410.1449275362321
33.35253930091858,0.23400939300617568,0.10966961405974802,7.170183555053037,410.82125603864756
33.412853717803955,0.23599869689524147,0.11214022385682751,7.181987714245269,411.497584541063
33.45287752151489,0.23816966057255876,0.11489300385583076,7.190419256525434,411.98067632850257
33.512441635131836,0.24000451254442404,0.11727278394439715,7.2039097241737,412.753623188406
33.5525279045105,0.2425221537024907,0.12060152725851463,7.2089686495417995,413.0434782608698
33.612656593322754,0.2448228613198659,0.12367564950348638,7.214027574909899,413.33333333333354
33.65250611305237,0.24700614508530985,0.1266290515393552,7.220772808734032,413.71980676328525
33.712528467178345,0.24906395259954367,0.12946741537183065,7.2325769679262635,414.39613526570065
33.752525091171265,0.2506006485888415,0.13165222839087987,7.2494400524865945,415.36231884057986
33.812785148620605,0.25267288757954964,0.13468457684567847,7.2595579032227935,415.9420289855074
33.85264039039612,0.2545240704238634,0.1374633019976585,7.2730483708710585,416.7149758454108
33.9125874042511,0.2560675788981734,0.13984492956539663,7.284852530063291,417.39130434782624
33.952558517456055,0.2578526509511304,0.14266657964275964,7.29497038079949,417.97101449275374
34.01252746582031,0.25951898640542037,0.14536557369355946,7.306774539991722,418.64734299516925
34.05254030227661,0.2611533471534211,0.1480840489422746,7.318578699183954,419.32367149758466
34.11261534690857,0.2626689940918397,0.150678822417293,7.33206916683222,420.09661835748807
34.15252661705017,0.26423407653627334,0.1534377641844572,7.343873326024451,420.77294685990347
34.21248936653137,0.26568361180327793,0.15607004124782048,7.357363793672717,421.5458937198069
34.252514600753784,0.2667763452223211,0.15813608758264425,7.377599495145115,422.705314009662
34.31248903274536,0.268058609241319,0.16066795789276322,7.392776271249414,423.57487922705326
34.352508306503296,0.26960555420451426,0.16381404153627782,7.401207813529579,424.05797101449286
34.41252017021179,0.2709762999046357,0.16667451334317854,7.413011972721812,424.7342995169083
34.4524781703949,0.27231318542682165,0.1695509659906326,7.424816131914043,425.4106280193238
34.512630224227905,0.27340414931595886,0.17198912929203958,7.441679216474375,426.376811594203
34.55254006385803,0.27472661638025425,0.17505495255132575,7.451797067210574,426.95652173913055
34.612512826919556,0.27615284419945413,0.17843950359890437,7.458542301034706,427.3429951690822
34.65251564979553,0.2774234264507717,0.1815271907812412,7.468660151770905,427.92270531400976
34.712475538253784,0.278538775743154,0.18431753681436605,7.478778002507104,428.50241545893726
34.75251364707947,0.2797466206100863,0.1874303012080765,7.488895853243303,429.0821256038648
34.812589168548584,0.2808665978274925,0.1903979423192912,7.497327395523469,429.56521739130443
34.85242009162903,0.2820164983237891,0.193532574712722,7.507445246259668,430.144927536232
34.912596464157104,0.28290675395916015,0.19605096455454976,7.520935713907933,430.91787439613535
34.952516078948975,0.2838699805346031,0.1988974061213062,7.534426181556199,431.69082125603876
35.012455224990845,0.28484863956600404,0.20191460171203862,7.546230340748432,432.3671497584542
35.05248975753784,0.2857395660132386,0.2047844945835959,7.559720808396697,433.1400966183576
35.11272478103638,0.286646728030653,0.2078239517401686,7.568152350676863,433.62318840579724
35.152613162994385,0.2873782223662723,0.2103929512591811,7.585015435237194,434.58937198067645
35.212528228759766,0.28816209066334464,0.21329391412027449,7.595133285973393,435.16908212560395
35.25250029563904,0.28891166171746985,0.2162039275675658,7.608623753621659,435.94202898550736
35.3125684261322,0.28970629434916745,0.21944688152560637,7.618741604357858,436.5217391304349
35.35251808166504,0.2905090418950328,0.22285957509355997,7.627173146638024,437.00483091787453
35.41251873970032,0.2912488779320403,0.2261154672956566,7.633918380462156,437.39130434782624
35.4525306224823,0.2918850484213503,0.22905235717052885,7.647408848110422,438.16425120772965
35.51247048377991,0.2926262326019852,0.23264957242629286,7.654154081934555,438.5507246376813
35.552483320236206,0.2932375055256407,0.23576206148575735,7.665958241126788,439.2270531400968
35.61252474784851,0.29391183986352576,0.23937240562263323,7.67270347495092,439.61352657004846
35.65251660346985,0.29443864255802793,0.24233087041871554,7.682821325687119,440.19323671497597
35.71254110336304,0.2949304871726698,0.24529534742210793,7.696311793335384,440.9661835748793
35.75256299972534,0.2953007311886454,0.2477719937487726,7.714861186351749,442.02898550724655
35.81251311302185,0.29577810903101853,0.25124517548987924,7.719920111719849,442.3188405797103
35.85248303413391,0.29623204876821474,0.254721498220314,7.728351654000015,442.80193236714996
35.91251230239868,0.2965884566888722,0.25770528916853574,7.74184212164828,443.5748792270533
35.952446937561035,0.2968694557777693,0.2603615801924575,7.755332589296545,444.3478260869567
36.01244068145752,0.29716322257506805,0.26351989363499073,7.767136748488777,445.02415458937213
36.05259418487549,0.29741968853726186,0.2666814546327761,7.778940907681009,445.7004830917876
36.112481355667114,0.2976531594468246,0.270012172682644,7.789058758417208,446.2801932367151
36.152470111846924,0.29782788475472355,0.27301209036407764,7.802549226065474,447.0531400966185
36.21251130104065,0.29795227672593766,0.2758474201366396,7.817726002169772,447.9227053140098
36.25247597694397,0.2980730270355491,0.27951821445785313,7.824471235993905,448.3091787439615
36.31259202957153,0.2981479043955046,0.2826892767583209,7.836275395186137,448.9855072463769
36.352500200271606,0.29817661894401426,0.2855271886238279,7.851452171290435,449.85507246376824
36.41251850128174,0.29816592120487706,0.2886991167899209,7.863256330482668,450.5314009661837
36.45250391960144,0.2981231314651365,0.291870774364542,7.871687872762834,451.01449275362336
36.51253867149353,0.2980457192022595,0.29554273827061267,7.878433106586966,451.400966183575
36.552531003952026,0.2979421324169921,0.29938106510604445,7.883492031955066,451.69082125603876
36.612528800964355,0.2978323594082535,0.30271815085260223,7.890237265779198,452.07729468599047
36.652498722076416,0.2977031815537865,0.30572037471342783,7.903727733427464,452.8502415458939
36.712496519088745,0.29753351527847,0.30872058277014935,7.917218201075729,453.62318840579724
36.752524614334106,0.29730311658047776,0.3122188391145457,7.922277126443828,453.913043478261
36.812700510025024,0.2970828840636459,0.3152157596452117,7.932394977180027,454.4927536231885
36.8526873588562,0.29680450281756526,0.3185430250802438,7.942512827916226,455.07246376811605
36.91250681877136,0.2964924716197809,0.3218673036373046,7.952630678652425,455.65217391304355
36.95246863365173,0.29621147253088326,0.3245235946612262,7.96612114630069,456.42512077294697
37.01258063316345,0.2959081773973087,0.3270093278972548,7.984670539317055,457.48792270531413
37.05256986618042,0.2955169879553051,0.3298202955424163,7.999847315421354,458.35748792270545
37.112486600875854,0.29497090090618544,0.3334522510103027,8.006592549245486,458.7439613526571
37.15251636505127,0.29447549166812836,0.33658527070690936,8.015024091525651,459.2270531400967
37.212502241134644,0.29394840890280477,0.3397131176486534,8.026828250717884,459.90338164251216
37.25261306762695,0.2933897065676915,0.3428354716377483,8.03525979299805,460.38647342995176
37.31249117851257,0.29279944185716417,0.34595201303872253,8.047063952190282,461.0628019323672
37.35254716873169,0.29220294807227,0.3488972176484536,8.060554419838548,461.83574879227064
37.41257119178772,0.2915015957557067,0.35216161595769474,8.070672270574747,462.41545893719814
37.45252847671509,0.2908357433224007,0.3550919189395816,8.084162738223013,463.18840579710155
37.51251029968262,0.2900214906557528,0.358501885743819,8.092594280503178,463.67149758454116
37.55254244804382,0.28917851599328676,0.3619048660155195,8.101025822783344,464.15458937198076
37.61254596710205,0.288306879262479,0.3653006178351689,8.10945736506351,464.63768115942037
37.652517318725586,0.2874467903500956,0.3685268289962872,8.119575215799708,465.21739130434787
37.71253561973572,0.2865123180484294,0.37190582922247256,8.128006758079874,465.7004830917875
37.75257658958435,0.28545768159983004,0.3755978781223332,8.13643830036004,466.1835748792271
37.81256413459778,0.28464601032109055,0.3783173924203192,8.151615076464337,467.05314009661834
37.852550745010376,0.2836037734464225,0.38166472319396944,8.160046618744502,467.53623188405794
37.9125599861145,0.28277749753530596,0.3842048237058465,8.176909703304833,468.5024154589371
37.952577352523804,0.2817531616671486,0.3872068195022605,8.188713862497066,469.1787439613526
38.01263642311096,0.28064034212293454,0.39035480680454493,8.198831713233265,469.7584541062801
38.0525164604187,0.2795504478690839,0.39333362758597834,8.210635872425497,470.4347826086956
38.112425804138184,0.27836889102891715,0.39645646521012456,8.220753723161696,471.01449275362313
38.15253949165344,0.27739002975969307,0.3989417565627309,8.237616807722029,471.9806763285024
38.21248507499695,0.27624650573350806,0.4017206750268336,8.251107275370295,472.7536231884058
38.25252318382263,0.2750024517191215,0.40463847768324646,8.262911434562527,473.4299516908213
38.31255888938904,0.27365933520170027,0.4076953109161781,8.273029285298726,474.00966183574883
38.35253667831421,0.27228535937703713,0.4107383984644699,8.283147136034925,474.5893719806764
38.412532329559326,0.2708131123358598,0.4139201227864201,8.29157867831509,475.072463768116
38.45249843597412,0.2693140911007724,0.4170893208471134,8.300010220595256,475.55555555555554
38.51258444786072,0.2679995184546352,0.41979152990390856,8.313500688243522,476.32850241545896
38.55250811576843,0.26650857907559833,0.4227790524831311,8.320245922067654,476.71497584541066
38.61254119873047,0.2649925035678776,0.4257538981006744,8.330363772803853,477.29468599033817
38.65251398086548,0.2635260829062155,0.4285665219958171,8.338795315084019,477.77777777777777
38.71252107620239,0.26210771972175406,0.43121572582066015,8.352285782732285,478.5507246376812
38.752594232559204,0.26057531254544136,0.43399294943039446,8.364089941924517,479.22705314009664
38.81251358985901,0.2589352085403982,0.43690125654037654,8.370835175748649,479.6135265700483
38.85277271270752,0.25710955640765104,0.4400881525029273,8.377580409572783,480.00000000000006
38.91248869895935,0.25567604633587865,0.4425375640967201,8.389384568765015,480.6763285024155
38.95260691642761,0.254041685587879,0.44525603934543545,8.401188727957248,481.35265700483103
39.012555837631226,0.25254668373894223,0.44766841115619777,8.416365504061547,482.22222222222234
39.05256462097168,0.2508395797323275,0.4503418057479262,8.42816966325378,482.89855072463786
39.1125168800354,0.24883950019673104,0.4534222267316907,8.431542280165846,483.0917874396137
39.15254855155945,0.2470023983439758,0.4562102812820772,8.441660130902045,483.67149758454127
39.21251583099365,0.24513718188481798,0.458979605920651,8.451777981638244,484.2512077294688
39.25262093544006,0.24324404176152126,0.461729917151566,8.461895832374443,484.83091787439633
39.312509298324585,0.2413277798396805,0.4644641687201361,8.468641066198575,485.217391304348
39.35258460044861,0.2393885323472821,0.4671821662470939,8.478758916934774,485.7971014492755
39.41256260871887,0.23780794276636857,0.46933543795973043,8.495622001495107,486.7632850241548
39.45249891281128,0.236191268829135,0.4714617511709946,8.512485086055438,487.72946859903396
39.51252865791321,0.2341347551822071,0.4740921395478937,8.522602936791637,488.3091787439615
39.55258512496948,0.23225607792448866,0.47643747679228443,8.536093404439903,489.08212560386494
39.612534284591675,0.23003442825915243,0.47914951546746126,8.544524946720069,489.56521739130454
39.65256357192993,0.22800374707879256,0.4815862297872385,8.552956489000234,490.04830917874415
39.71254062652588,0.22584249097017922,0.4841312569828322,8.563074339736433,490.62801932367165
39.75260353088379,0.22354848544157718,0.486782373661873,8.571505882016599,491.11111111111126
39.81278157234192,0.22112423526221625,0.4895414174552545,8.578251115840732,491.497584541063
39.85265016555786,0.21911801972588962,0.49177863319147574,8.591741583488997,492.2705314009663
39.91255855560303,0.21674461244124332,0.4943589081520814,8.603545742681229,492.9468599033818
39.95254707336426,0.2146824551743503,0.4965446671587408,8.617036210329493,493.71980676328513
40.0125093460083,0.21259099953663868,0.4987024086502279,8.630526677977759,494.49275362318855
40.0525438785553,0.2101235222364153,0.5011928778397633,8.638958220257924,494.9758454106281
40.11258268356323,0.20786835906540477,0.5034234566446023,8.650762379450157,495.6521739130436
40.15255951881409,0.2053509939920044,0.5058634882219318,8.659193921730322,496.13526570048316
40.21267342567444,0.2026901599603495,0.5083951425905046,8.669311772466521,496.7149758454107
40.252604484558105,0.20036833999948736,0.5105562522133189,8.681115931658754,497.3913043478262
40.3125479221344,0.1976568244273999,0.5130335480955766,8.687861165482886,497.7777777777778
40.352537870407104,0.19541791793749516,0.515037876601102,8.701351633131152,498.55072463768124
40.412593841552734,0.19315217666813161,0.5170118197433684,8.714842100779418,499.32367149758466
40.452550172805786,0.19023379447493396,0.5195071210261997,8.719901026147518,499.61352657004846
40.51257061958313,0.18780222447721356,0.5215439592816007,8.735077802251817,500.48309178743983
40.552541971206665,0.18483394905264494,0.5239796982088228,8.740136727619916,500.7729468599036
40.61257314682007,0.18198102772766955,0.526292737659293,8.74688196144405,501.1594202898553
40.652533769607544,0.17936632055788326,0.5283691523119082,8.760372429092316,501.9323671497587
40.71252679824829,0.1762077748780193,0.5308343064236432,8.76374504600438,502.1256038647345
40.752787351608276,0.17395437312701478,0.5325596321407897,8.77892182210868,502.99516908212587
40.81256556510925,0.17114579568914057,0.5346579109084001,8.787353364388846,503.4782608695655
40.85251784324646,0.168054303458667,0.5369352248759074,8.792412289756946,503.7681159420293
40.91253876686096,0.1652176756840011,0.5389954248368671,8.800843832037112,504.2512077294689
40.952555656433105,0.16262937940830274,0.5408289910673832,8.816020608141411,505.1207729468602
41.012545108795166,0.15974490875932523,0.5428216551349908,8.824452150421576,505.6038647342998
41.052507638931274,0.15739098281653768,0.5444070891252758,8.839628926525876,506.4734299516912
41.11263465881348,0.1543224200452308,0.5464253146093262,8.84637416035001,506.85990338164294
41.15255880355835,0.15179246122493395,0.5480468396310877,8.86323724491034,507.8260869565221
41.212549686431885,0.14909769073731205,0.5497199967520792,8.875041404102573,508.5024154589376
41.25254726409912,0.1465249077755792,0.5512726792245813,8.888531871750839,509.275362318841
41.312732458114624,0.14393141314685812,0.5527905134182226,8.902022339399105,510.04830917874443
41.35258340835571,0.14117379196609608,0.5543579215194816,8.913826498591337,510.7246376811599
41.4125120639801,0.1383978613989745,0.5558926697786447,8.92563065778357,511.40096618357535
41.45263624191284,0.13545829733577278,0.5574760694476029,8.935748508519769,511.9806763285029
41.51258730888367,0.1322102064251376,0.5591904839313777,8.942493742343903,512.3671497584546
41.552563428878784,0.12924436056750854,0.5607240907069604,8.952611593080102,512.9468599033822
41.61250019073486,0.12596782251911928,0.5623834912021347,8.959356826904235,513.3333333333339
41.65246319770813,0.12268016604923354,0.5640207530999232,8.966102060728367,513.7198067632856
41.712581396102905,0.11982783426706092,0.5654083575597343,8.9779062199206,514.3961352657011
41.75261616706848,0.11666243805914858,0.5669153903590036,8.982965145288698,514.6859903381647
41.81264877319336,0.11423826714718588,0.5680371023903769,8.99982822984903,515.652173913044
41.852572441101074,0.1111871233334236,0.5693930938435454,9.013318697497295,516.4251207729474
41.912514209747314,0.10857739724238137,0.5705083956015513,9.028495473601595,517.2946859903387
41.95254874229431,0.10564613405273358,0.5717203934751038,9.03692701588176,517.7777777777783
42.012463092803955,0.10254889419145219,0.5729675088005715,9.04704486661796,518.3574879227059
42.05246925354004,0.09974832379236027,0.5740569308805438,9.060535334266223,519.1304347826092
42.11248970031738,0.09693154264083986,0.5751037254989062,9.077398418826554,520.0966183574884
42.152621030807495,0.09394274168405262,0.5761659456141314,9.089202578018787,520.7729468599039
42.21257472038269,0.09078456886015267,0.5772495210880627,9.099320428754986,521.3526570048314
42.25252437591553,0.08698393285608694,0.5785178118950103,9.10606566257912,521.7391304347831
42.31252884864807,0.08333253837026244,0.5797055835172391,9.114497204859285,522.2222222222227
42.352506160736084,0.07983137941749284,0.5808151769442955,9.121242438683417,522.6086956521743
42.412511587142944,0.07695627824321648,0.5816891496362463,9.138105523243748,523.5748792270535
42.45253109931946,0.07358936650564861,0.5826662813380005,9.146537065523914,524.0579710144932
42.51251697540283,0.07021274079948109,0.5836092976960738,9.158341224716146,524.7342995169087
42.552520990371704,0.06650427117003768,0.5846046549812619,9.166772766996312,525.2173913043482
42.61250901222229,0.062466119939417544,0.5856593509994215,9.17183169236441,525.507246376812
42.65250539779663,0.05874615958967518,0.5866108645905055,9.17689061773251,525.7971014492757
42.712483406066895,0.055342469770013045,0.5874509697164689,9.188694776924743,526.4734299516913
42.75250864028931,0.05192910057520927,0.5882508395503234,9.200498936116976,527.1497584541067
42.812671422958374,0.04899491873981336,0.5888993856053008,9.213989403765241,527.9227053140102
42.85263514518738,0.045889316682732384,0.5895447371339503,9.225793562957474,528.5990338164256
42.91256761550903,0.04261193202138151,0.5901826565449028,9.23928403060574,529.371980676329
42.9525363445282,0.039327245762367916,0.5907818456412492,9.249401881341939,529.9516908212565
43.012531757354736,0.03554362822888983,0.591435849829338,9.257833423622104,530.4347826086962
43.05249571800232,0.03224839309440186,0.5919740104018105,9.267951274358303,531.0144927536237
43.11255097389221,0.028783304251935052,0.5925069647384649,9.276382816638469,531.4975845410632
43.1527259349823,0.024818694763650173,0.5930859873734209,9.283128050462603,531.8840579710151
43.21255016326904,0.021510902629263612,0.593540632937586,9.293245901198802,532.4637681159426
43.252511978149414,0.018032697090274705,0.5939799133032854,9.305050060391034,533.140096618358
43.312618017196655,0.01455022508594879,0.5943839798203752,9.3134816026712,533.6231884057976
43.35258650779724,0.0113953212819837,0.5947123465668781,9.328658378775497,534.4927536231888
43.41261839866638,0.007572400941363938,0.5950711824443301,9.333717304143597,534.7826086956527
43.4525203704834,0.0040792701101315665,0.5953693736699553,9.34552146333583,535.4589371980682
43.51251816749573,0.0010821649547798073,0.5955870792425878,9.359011930984096,536.2318840579716
43.55250310897827,-0.002250912039369196,0.5957840288412208,9.372502398632362,537.004830917875
43.61253905296326,-0.005419448221366488,0.595931070317878,9.384306557824594,537.6811594202904
43.65250587463379,-0.00842274102569622,0.596032398300485,9.39779702547286,538.4541062801939
43.71246266365051,-0.01159398258093941,0.5960992543456978,9.409601184665092,539.1304347826093
43.75253891944885,-0.014765792362316857,0.5961286727623303,9.421405343857325,539.8067632850249
43.812556982040405,-0.017436844191522985,0.596110655619936,9.441641045329723,540.9661835748799
43.852559089660645,-0.02110887206284645,0.5960363394161009,9.448386279153855,541.3526570048316
43.91254711151123,-0.023611686372764493,0.5959540096595473,9.466935672170221,542.4154589371988
43.95249795913696,-0.027280659991490416,0.595786844558462,9.473680905994353,542.8019323671505
44.01251244544983,-0.030447843775363623,0.5956130929781839,9.485485065186586,543.4782608695659
44.0525119304657,-0.03344566612148328,0.5954054967120727,9.502348149746917,544.4444444444451
44.112515687942505,-0.035940396851832826,0.5951882957871306,9.520897542763281,545.5072463768122
44.1525719165802,-0.0394285999887202,0.5948371264733393,9.529329085043447,545.9903381642519
44.21258592605591,-0.04274683285041178,0.5944662867924547,9.542819552691713,546.7632850241553
44.25254797935486,-0.04589444645773129,0.5940741499394397,9.554623711883945,547.4396135265707
44.31255912780762,-0.048871459378679136,0.5936649689316912,9.56811417953221,548.2125603864741
44.35251498222351,-0.05118181736096908,0.5933116139028571,9.584977264092544,549.1787439613535
44.41252684593201,-0.05464037386492761,0.5927377951857751,9.59340880637271,549.661835748793
44.45256042480469,-0.0580939693142081,0.5921348362453385,9.601840348652875,550.1449275362326
44.51259088516235,-0.061542358191038565,0.5915027799461899,9.61027189093304,550.6280193236722
44.55262613296509,-0.06482187566674234,0.590875917505237,9.617017124757172,551.0144927536238
44.61258912086487,-0.06809599121665373,0.5902214262836326,9.627134975493371,551.5942028985514
44.65258193016052,-0.07152849875342765,0.5895081430151252,9.63219390086147,551.8840579710151
44.712560176849365,-0.07495611697813047,0.5887717230827331,9.640625443141635,552.3671497584547
44.75260329246521,-0.07756033077730279,0.5881776582883491,9.657488527701966,553.3333333333339
44.81261348724365,-0.08064240565243223,0.5874279535487531,9.669292686894199,554.0096618357494
44.85262084007263,-0.08387785026119592,0.5866032781114151,9.679410537630398,554.5893719806769
44.91262650489807,-0.08694275086425822,0.5857861936446517,9.69121469682263,555.2657004830924
44.95262598991394,-0.08951359245046492,0.5850611998306366,9.708077781382961,556.2318840579716
45.012577295303345,-0.09287383666232091,0.5840613799229354,9.719881940575194,556.908212560387
45.05264949798584,-0.09606344003982323,0.58307415062457,9.729999791311393,557.4879227053145
45.112597703933716,-0.09908310145713925,0.582103126599505,9.741803950503625,558.16425120773
45.15271234512329,-0.10177293761667953,0.5811979472158979,9.756980726607924,559.0338164251214
45.21272015571594,-0.10508224624770585,0.5800406411216621,9.765412268888092,559.5169082125611
45.25261640548706,-0.10759380804047045,0.5791313007822669,9.778902736536358,560.2898550724645
45.312650203704834,-0.11134951624249753,0.5777355746244499,9.782275353448425,560.4830917874403
45.35256266593933,-0.11415737128234177,0.5766650676866809,9.79576582109669,561.2560386473438
45.41253161430359,-0.11710669040713628,0.5754976948102624,9.807569980288923,561.9323671497592
45.45255184173584,-0.12004202452268357,0.5742955898387303,9.819374139481155,562.6086956521748
45.51260781288147,-0.12280824213223683,0.57312167537626,9.832864607129421,563.3816425120782
45.55250549316406,-0.1252509830077273,0.5720409998898435,9.849727691689752,564.3478260869573
45.61252188682556,-0.12904902845288063,0.5703107109403812,9.854786617057853,564.6376811594212
45.65246391296387,-0.13116518555381462,0.5693184947810219,9.871649701618184,565.6038647343004
45.7125506401062,-0.13386628526274427,0.5680016442234348,9.88514016926645,566.3768115942038
45.75253176689148,-0.136699638631768,0.56657568790618,9.896944328458682,567.0531400966192
45.812782764434814,-0.13981513339557206,0.5649680270626392,9.905375870738848,567.5362318840588
45.85271906852722,-0.1424702931555303,0.5635608448861967,9.918866338387113,568.3091787439622
45.912559032440186,-0.14569792102574258,0.561808209750934,9.925611572211245,568.6956521739139
45.95250105857849,-0.14832406380692623,0.5603475903202022,9.939102039859511,569.4685990338173
46.01246738433838,-0.15136903521116477,0.5586100546634419,9.947533582139677,569.9516908212569
46.052562952041626,-0.15497996632874178,0.5565171558325885,9.952592507507777,570.2415458937207
46.112518072128296,-0.15771076535253786,0.5549034707876952,9.964396666700008,570.9178743961361
46.15257930755615,-0.16085527786132237,0.5530057477657482,9.97114190052414,571.3043478260878
46.2125678062439,-0.1636963242305855,0.5512517104454423,9.984632368172406,572.0772946859912
46.2527289390564,-0.16651646821411048,0.5494642599410865,9.994750218908605,572.6570048309187
46.31253242492676,-0.16931838299968516,0.5476483676183679,10.004868069644804,573.2367149758462
46.352534532547,-0.17238694577099226,0.5456301421343168,10.00824068655687,573.4299516908221
46.41260242462158,-0.17502376533145905,0.5438670694364357,10.020044845749103,574.1062801932376
46.452486515045166,-0.17791827976558533,0.5418890231271234,10.028476388029269,574.5893719806771
46.512617111206055,-0.1803805594363222,0.5401664628664432,10.041966855677535,575.3623188405805
46.55254888534546,-0.18268248887437455,0.5385064360160862,10.057143631781834,576.2318840579719
46.6125750541687,-0.1856340490157241,0.5363206628535819,10.067261482518033,576.8115942028995
46.65245318412781,-0.18843553380342623,0.5342129237816344,10.072320407886131,577.1014492753632
46.712514877319336,-0.19055226829736227,0.532583728405409,10.089183492446463,578.0676328502424
46.752504110336304,-0.19290865273083108,0.530718926155759,10.099301343182661,578.6473429951699
46.81258296966553,-0.19576935881166008,0.5284155216526302,10.106046577006794,579.0338164251216
46.852550745010376,-0.1980907488982115,0.526507333219939,10.11953704465506,579.806763285025
46.91251230239868,-0.20051543560481971,0.5244623058100304,10.131341203847292,580.4830917874405
46.95256161689758,-0.20278782132971251,0.5224960153569432,10.144831671495558,581.2560386473439
47.01248097419739,-0.20516709791784032,0.5203983295726399,10.149890596863656,581.5458937198076
47.05258107185364,-0.20728002389093836,0.5185035704549976,10.161694756055887,582.222222222223
47.112581968307495,-0.2094916881428856,0.5164692213538721,10.175185223704153,582.9951690821264
47.15259003639221,-0.21204579369513313,0.5140676748023505,10.183616765984318,583.4782608695659
47.212570667266846,-0.21470235479542032,0.5115315370485275,10.19036199980845,583.8647342995176
47.252925872802734,-0.216854799130751,0.5094346301808053,10.203852467456716,584.637681159421
47.31252837181091,-0.21873957547262318,0.5075418912572218,10.220715552017047,585.6038647343003
47.352537631988525,-0.22117748365587908,0.5050224697559327,10.23251971120928,586.2801932367157
47.41279673576355,-0.22381951852120052,0.5022362294776893,10.240951253489445,586.7632850241553
47.45249009132385,-0.2258631733870948,0.5000331612041895,10.254441721137711,587.5362318840587
47.51256847381592,-0.22799078206097376,0.4976806042838771,10.266245880329944,588.2125603864741
47.55250835418701,-0.23009047319652193,0.4953030972139032,10.278050039522176,588.8888888888897
47.61254620552063,-0.23216195423000807,0.4929009712679158,10.289854198714409,589.5652173913052
47.65251040458679,-0.2343146146614913,0.49034866947148675,10.299972049450608,590.1449275362327
47.71250510215759,-0.2364456789906058,0.4877783083648515,10.30671728327474,590.5314009661843
47.75251579284668,-0.2385593572849269,0.48519363131317866,10.313462517098872,590.917874396136
47.81245970726013,-0.24044198683166096,0.48285146543127416,10.32358036783507,591.4975845410635
47.852534770965576,-0.24240619206351932,0.4803608549559854,10.332011910115236,591.9806763285031
47.91248273849487,-0.2441410022467469,0.47811474678631743,10.343816069307469,592.6570048309186
47.952547550201416,-0.24564484241766005,0.47611241754288786,10.358992845411768,593.52657004831
48.01251196861267,-0.24702149605690432,0.4742236511358685,10.372483313060034,594.2995169082134
48.05251145362854,-0.24847077072384244,0.47218148057528475,10.384287472252266,594.9758454106288
48.11254835128784,-0.2502846433548746,0.4695793451424388,10.389346397620365,595.2657004830926
48.15252089500427,-0.2520853288221814,0.4669680668002649,10.394405322988465,595.5555555555563
48.21249437332153,-0.2536806723074046,0.4646208455823492,10.40283686526863,596.038647342996
48.25249934196472,-0.25535516179384027,0.4621256261554434,10.406209482180698,596.2318840579718
48.31266498565674,-0.25720634463815395,0.45934690100346337,10.409582099092765,596.4251207729477
48.35254716873169,-0.2587698788036891,0.45697837209401715,10.414641024460863,596.7149758454115
48.412514209747314,-0.2606069806564457,0.45419031754363126,10.411268407548796,596.5217391304355
48.45243048667908,-0.26244408250920237,0.45140226299324543,10.414641024460863,596.7149758454115
48.512518882751465,-0.2639916049457277,0.4490232416419063,10.423072566741029,597.198067632851
48.55254364013672,-0.26524780970498096,0.44705231206793417,10.433190417477228,597.7777777777785
48.61255383491516,-0.267023355279026,0.4442246576852668,10.436563034389295,597.9710144927544
48.652549266815186,-0.26870332336156016,0.4415341280024455,10.438249342845328,598.0676328502424
48.71253323554993,-0.2703787519946819,0.4388407692020263,10.439935651301361,598.1642512077303
48.75255537033081,-0.27222551898454395,0.43586078049461474,10.441621959757395,598.2608695652183
48.812788248062134,-0.274521317553412,0.4321770660124776,10.434876725933263,597.8743961352666
48.85266399383545,-0.2763881430993657,0.42920960187754437,10.43319041747723,597.7777777777786
48.912548780441284,-0.27834648557862274,0.42610248000676654,10.43319041747723,597.7777777777786
48.95261883735657,-0.2802133111245764,0.42313501587183333,10.434876725933263,597.8743961352666
49.0126006603241,-0.2823496847383108,0.419745428376439,10.431504109021196,597.6811594202907
49.052605628967285,-0.28404324245421736,0.4170634319194373,10.43319041747723,597.7777777777786
49.112579345703125,-0.2860015849334744,0.4139563100486595,10.43319041747723,597.7777777777786
49.152637243270874,-0.28832836092402636,0.4102920833983942,10.426445183653097,597.391304347827
49.212679624557495,-0.2902201401160826,0.40734046477471497,10.424758875197064,597.2946859903391
49.252649545669556,-0.29229753717825624,0.40411123815464817,10.42307256674103,597.1980676328511
49.31285834312439,-0.29438037675632467,0.4008855192565245,10.421386258284997,597.1014492753632
49.35265922546387,-0.29666204145948916,0.39739080106553826,10.412954716004831,596.6183574879236
49.41270327568054,-0.29831119941018613,0.3948787674108568,10.416327332916898,596.8115942028994
49.45268678665161,-0.3004211624162398,0.39167072451358037,10.4112684075488,596.5217391304358
49.512638092041016,-0.30245230628568687,0.3886106973621425,10.407895790636733,596.3285024154599
49.55261754989624,-0.30448860741443234,0.38555409969496507,10.407895790636733,596.3285024154599
49.612635135650635,-0.3066255438501796,0.38236396085985885,10.402836865268632,596.038647342996
49.65259075164795,-0.3089658130852153,0.37890821362378696,10.397777939900532,595.7487922705322
49.71266412734985,-0.3109414181696282,0.3760120324206183,10.396091631444499,595.6521739130443
49.75266718864441,-0.3130187676864073,0.37298318270974345,10.392719014532432,595.4589371980684
49.812642097473145,-0.31500412922621546,0.3700936809244183,10.394405322988465,595.5555555555563
49.852614879608154,-0.31727589737417133,0.36679330744732125,10.391032706076398,595.3623188405804
49.91260361671448,-0.31975503566950436,0.36323039897707676,10.384287472252266,594.9758454106288
49.952648639678955,-0.322060079653451,0.35995317944850336,10.3809148553402,594.7826086956529
50.01263499259949,-0.32457513941508287,0.3564155364690406,10.374169621516067,594.3961352657013
50.05266761779785,-0.3271140040097471,0.35289493850496073,10.367424387691935,594.0096618357496
50.11261987686157,-0.32967655792416545,0.3493915457364536,10.360679153867803,593.6231884057979
50.15270519256592,-0.3323590977145112,0.3457691764720703,10.355620228499703,593.3333333333342
50.21283221244812,-0.33506601002215497,0.3421649838338966,10.347188686219535,592.8502415458945
50.252593755722046,-0.337698928064565,0.33871415986900366,10.340443452395403,592.4637681159428
50.313209533691406,-0.34046022655534763,0.33515146293281345,10.332011910115238,591.9806763285033
50.353060722351074,-0.34272726755904864,0.33226185453833035,10.328639293203171,591.7874396135273
50.41276669502258,-0.34531727068356305,0.32898909838073465,10.32358036783507,591.4975845410635
50.453150033950806,-0.3478168968521343,0.32585776246394405,10.320207750923004,591.3043478260877
50.512776374816895,-0.3504344019693251,0.32260696009936507,10.315148825554903,591.0144927536238
50.55242919921875,-0.35306831908844366,0.3193694410397004,10.310089900186803,590.72463768116
50.61287832260132,-0.355609959708154,0.31627211016189016,10.306717283274736,590.5314009661842
50.653082847595215,-0.358167236903093,0.31318767683392884,10.299972049450604,590.1449275362324
50.71274423599243,-0.3610704222744873,0.3097396203503919,10.291540507170438,589.6618357487929
50.753095626831055,-0.36366907595594433,0.30668996550922656,10.288167890258372,589.468599033817
50.8129403591156,-0.36661275952984407,0.3032764181122958,10.279736347978206,588.9855072463774
50.85305643081665,-0.3694722798722066,0.3000109033188304,10.272991114154074,588.5990338164257
50.91273236274719,-0.3723537616571399,0.2967647507996439,10.266245880329942,588.2125603864741
50.952990770339966,-0.37502871570557633,0.29378179648468233,10.262873263417875,588.0193236714982
51.012699127197266,-0.3779428935281001,0.2905649640250363,10.256128029593743,587.6328502415465
51.052489280700684,-0.3813427883769192,0.28688744507172526,10.242637561945477,586.8599033816431
51.11282181739807,-0.3842094543013918,0.28385408463657347,10.234206019665312,586.3768115942036
51.15307831764221,-0.38721463984425314,0.28072210390424024,10.22746078584118,585.9903381642519
51.21280860900879,-0.39036000014583727,0.27749343740124566,10.219029243561014,585.5072463768123
51.25307607650757,-0.3932974731222937,0.2745285931279894,10.210597701280848,585.0241545893726
51.31284546852112,-0.3963757551598952,0.27146842595090415,10.203852467456716,584.637681159421
51.353368043899536,-0.39947460855627315,0.26842909196424125,10.197107233632584,584.2512077294693
51.41275382041931,-0.4025989777725373,0.2654159938152949,10.186989382896385,583.6714975845418
51.45301628112793,-0.40550170580707035,0.26265418904957916,10.183616765984318,583.4782608695659
51.512842655181885,-0.40841373182481655,0.2599021897620859,10.180244149072252,583.2850241545901
51.55312895774841,-0.4115834685834334,0.25693685464851124,10.17349891524812,582.8985507246384
51.612847566604614,-0.4142782126579782,0.25444132545440623,10.170126298336053,582.7053140096625
51.65307354927063,-0.4174777894797336,0.2515082124977657,10.16338106451192,582.3188405797109
51.71264123916626,-0.42069707789700256,0.2485967479966669,10.156635830687788,581.9323671497592
51.75300335884094,-0.423682286550207,0.24592430998929946,10.153263213775721,581.7391304347834
51.81293439865112,-0.42642697425426224,0.2434838180321036,10.149890596863655,581.5458937198075
51.85317015647888,-0.4290488666736047,0.2411564673596571,10.151576905319688,581.6425120772955
51.91278648376465,-0.4320475567338412,0.2384991654330718,10.148204288407621,581.4492753623196
51.95300078392029,-0.4351828337717741,0.23574433568379827,10.143145363039523,581.1594202898558
52.01286172866821,-0.4380758199323739,0.23321963487137365,10.141459054583489,581.0628019323678
52.05291414260864,-0.4414868841369853,0.23027307419723972,10.133027512303324,580.5797101449283
52.11286759376526,-0.44453872895971525,0.22767699276855458,10.126282278479191,580.1932367149766
52.153066635131836,-0.44760366805619306,0.22509638354953757,10.122909661567125,580.0000000000008
52.21180558204651,-0.4508076171041085,0.22242173225442793,10.117850736199024,579.7101449275369
52.253026247024536,-0.4540250559567906,0.21976332365503423,10.112791810830924,579.4202898550732
52.31275463104248,-0.45725590227138224,0.21712122578713372,10.107732885462823,579.1304347826093
52.3530158996582,-0.46076915109423805,0.2142972814670309,10.095928726270593,578.454106280194
52.412888288497925,-0.4640440898603441,0.21171003870100946,10.090869800902492,578.1642512077301
52.45346736907959,-0.46720263554020885,0.20924488458927404,10.084124567078359,577.7777777777784
52.51286005973816,-0.4705078856632184,0.20669647907279398,10.079065641710258,577.4879227053145
52.55303597450256,-0.4736912113086636,0.2042634082884882,10.075693024798191,577.2946859903386
52.61280655860901,-0.4768827246498041,0.20184108745926024,10.072320407886124,577.1014492753628
52.653024196624756,-0.4800864514392922,0.19943494318579907,10.065575174061992,576.7149758454111
52.71281385421753,-0.4830306230327727,0.19723922799159144,10.065575174061992,576.7149758454111
52.752882957458496,-0.48651883047254907,0.1946560415268129,10.05882994023786,576.3285024154595
52.81286811828613,-0.4896141585594638,0.19238394400425105,10.057143631781827,576.2318840579716
52.85279059410095,-0.49312402199789646,0.18983025997949715,10.050398397957695,575.8454106280199
52.91279721260071,-0.49637972229738275,0.18749492035402254,10.043653164133563,575.4589371980683
52.953078269958496,-0.4992336197006888,0.1854587104870036,10.045339472589596,575.5555555555562
53.01282787322998,-0.5027733820057012,0.18294663439764303,10.038594238765464,575.1690821256045
53.05305099487305,-0.5064689787746548,0.1803659090469636,10.030162696485299,574.685990338165
53.112794399261475,-0.5099068678132987,0.17799948389284403,10.025103771117198,574.3961352657011
53.15289044380188,-0.5133566843767393,0.17565048097018038,10.020044845749098,574.1062801932372
53.212798833847046,-0.5166817599597338,0.17341502397579062,10.013299611924966,573.7198067632856
53.25311994552612,-0.5201590635409137,0.1711069059423283,10.008240686556867,573.4299516908219
53.31279110908508,-0.523368884321895,0.16899964856088265,10.003181761188767,573.1400966183581
53.35297250747681,-0.527011373543142,0.16663898854134868,9.996436527364635,572.7536231884064
53.412888050079346,-0.5308124520072321,0.1642163079342165,9.98800498508447,572.2705314009669
53.45292544364929,-0.5340642545472988,0.16217443052406455,9.982946059716369,571.980676328503
53.51270818710327,-0.5374663919794074,0.16005809961906914,9.979573442804302,571.7874396135271
53.55301809310913,-0.5410195473334171,0.15786854804800465,9.974514517436202,571.4975845410634
53.61286401748657,-0.5444429229819371,0.1557867471988568,9.967769283612068,571.1111111111115
53.65302753448486,-0.5477286939053552,0.15379999292202928,9.969455592068101,571.2077294685995
53.712817907333374,-0.5514487126667541,0.15156349926687132,9.962710358243969,570.8212560386479
53.753010988235474,-0.5553293218058326,0.14927036788728543,9.954278815963804,570.3381642512082
53.81285524368286,-0.5589367185179998,0.14717138289136011,9.949219890595703,570.0483091787445
53.853240966796875,-0.5627012295913718,0.14501061917609953,9.94247465677157,569.6618357487927
53.912856101989746,-0.5661862086656836,0.14303367293049843,9.939102039859502,569.4685990338168
53.952996253967285,-0.5698250445342339,0.14098967621479153,9.934043114491402,569.178743961353
54.01274657249451,-0.5733265682424794,0.13904218364048224,9.930670497579335,568.9855072463771
54.053051710128784,-0.577278644767225,0.13687454207488822,9.92223895529917,568.5024154589375
54.11280393600464,-0.5806576069308325,0.1350507828214257,9.917180029931071,568.2125603864738
54.153040170669556,-0.5835971709940343,0.13346738315246745,9.920552646843138,568.4057971014497
54.21278429031372,-0.5868306914635574,0.13172564351661337,9.917180029931071,568.2125603864738
54.25300121307373,-0.5905134579286353,0.12976190213451266,9.91212110456297,567.9227053140099
54.31278085708618,-0.5943555220372958,0.12774225195696443,9.905375870738837,567.5362318840582
54.353004693984985,-0.5980612117079489,0.1258221183374228,9.900316945370736,567.2463768115944
54.412970781326294,-0.6016264132060463,0.1239938038446839,9.89694432845867,567.0531400966186
54.4530234336853,-0.6053481606530366,0.12210498278569042,9.89188540309057,566.7632850241547
54.51283311843872,-0.6089316779637597,0.12031283343640499,9.885140169266435,566.376811594203
54.55313038825989,-0.6125242157297253,0.11853883568936666,9.881767552354368,566.1835748792271
54.612836837768555,-0.6162772838641621,0.11671304034751015,9.873336010074203,565.7004830917875
54.65302038192749,-0.6203470789886222,0.11477542674844922,9.864904467794037,565.2173913043479
54.71282505989075,-0.6239776400295121,0.11308060459412939,9.858159233969905,564.8309178743963
54.75302219390869,-0.62746645322314,0.1114769632322143,9.853100308601807,564.5410628019325
54.81305384635925,-0.6311167668150096,0.10982511387848713,9.846355074777673,564.1545893719807
54.853039503097534,-0.6343144369909162,0.10838782947473567,9.848041383233706,564.2512077294687
54.91274642944336,-0.6382779457047854,0.10661835437465295,9.841296149409574,563.8647342995171
54.952866554260254,-0.6421018129477106,0.10494590456656747,9.832864607129409,563.3816425120774
55.01277208328247,-0.6460917191003687,0.10323678422331806,9.826119373305277,562.9951690821258
55.05271029472351,-0.6500930628155672,0.10155461540670871,9.819374139481145,562.6086956521741
55.112730979919434,-0.654108447411484,0.09990624348217267,9.809256288744946,562.0289855072466
55.152952432632446,-0.6579813102499702,0.09835061419267244,9.804197363376847,561.7391304347829
55.21280121803284,-0.6612389036190855,0.09705486481388043,9.802511054920814,561.6425120772949
55.252715826034546,-0.6651247449944433,0.09553194463946646,9.794079512640648,561.1594202898553
55.31304574012756,-0.6687067612753135,0.09414896145762566,9.792393204184615,561.0628019323674
55.35283851623535,-0.6729198962415002,0.09254675280359813,9.78396166190445,560.5797101449278
55.41309595108032,-0.6769911241011194,0.09104157933525989,9.77384381116825,560.0000000000002
55.45283818244934,-0.6810748980313277,0.08957078569178939,9.767098577344118,559.6135265700486
55.512781381607056,-0.6851684998315508,0.0881275713085708,9.760353343519986,559.2270531400969
55.552799463272095,-0.688797234970344,0.08687227675741489,9.755294418151887,558.9371980676333
55.612791538238525,-0.6927483644471292,0.08552779733780506,9.750235492783787,558.6473429951694
55.6527898311615,-0.6963875545453307,0.08430314287763077,9.748549184327754,558.5507246376815
55.712806701660156,-0.7005095207050598,0.08294305522134933,9.738431333591555,557.971014492754
55.75229573249817,-0.7041629129476479,0.08176144266239467,9.736745025135521,557.874396135266
55.81312346458435,-0.7079803124300482,0.0805445380654125,9.72999979131139,557.4879227053144
55.852834701538086,-0.7114833375206998,0.07944085024714545,9.72999979131139,557.4879227053144
55.91272687911987,-0.7151465626007817,0.07829008305507817,9.728313482855356,557.3913043478265
55.95269560813904,-0.7184912463695519,0.0772393825753641,9.72999979131139,557.4879227053144
56.012688398361206,-0.7221564067887214,0.07609479434397878,9.724940865943289,557.1980676328506
56.05269193649292,-0.7256649705039752,0.07500884211577719,9.724940865943289,557.1980676328506
56.11270880699158,-0.7296550834173318,0.07378489440825997,9.719881940575188,556.9082125603867
56.15272784233093,-0.7339753974040039,0.07249941166978607,9.708077781382956,556.2318840579712
56.212721824645996,-0.7379855815648403,0.0713429204038246,9.703018856014857,555.9420289855076
56.252872467041016,-0.7418418439441511,0.07025542968280303,9.696273622190724,555.5555555555558
56.3127236366272,-0.7460273130856349,0.06910552032967679,9.689528388366591,555.1690821256042
56.35289406776428,-0.7500582583350296,0.06802361023708094,9.684469462998493,554.8792270531404
56.412696838378906,-0.7539340284380107,0.06700783382702308,9.677724229174359,554.4927536231886
56.452977657318115,-0.7576523789539937,0.0660500485911974,9.676037920718326,554.3961352657008
56.51274824142456,-0.7615349124845108,0.06506043806639218,9.672665303806259,554.2028985507249
56.552875995635986,-0.7650954262160712,0.06415929792563123,9.672665303806259,554.2028985507249
56.61279630661011,-0.7691457456262247,0.06315234125933156,9.664233761526093,553.7198067632852
56.652915239334106,-0.7730412757695163,0.062215196388404476,9.657488527701961,553.3333333333336
56.7127845287323,-0.776941496990035,0.06129777062170129,9.654115910789894,553.1400966183577
56.75274467468262,-0.7808447901487444,0.06039350399975625,9.650743293877827,552.9468599033818
56.81270980834961,-0.7847526079574455,0.05950899533366258,9.643998060053695,552.5603864734302
56.852694511413574,-0.7886648504046404,0.05864426726035986,9.640625443141628,552.3671497584543
56.91196417808533,-0.7924161669135078,0.05782505570772076,9.638939134685595,552.2705314009663
56.952722787857056,-0.7966606519596039,0.05691687612845943,9.632193900861463,551.8840579710147
57.01272225379944,-0.8007469704557638,0.05606772938023666,9.627134975493362,551.5942028985509
57.05266499519348,-0.8048375324137234,0.05523926579010609,9.622076050125262,551.3043478260871
57.11268854141235,-0.8089322331450737,0.05443150656066398,9.617017124757162,551.0144927536232
57.152700901031494,-0.8133602936947874,0.053588975503428365,9.608585582476996,550.5314009661837
57.21271109580994,-0.8173019172056027,0.05286994858781277,9.601840348652864,550.144927536232
57.25274705886841,-0.8212483010163052,0.05217752499995926,9.59509511482873,549.7584541062803
57.31269931793213,-0.8251981372320678,0.05150507464860442,9.591722497916663,549.5652173913044
57.35255670547485,-0.8291502188971869,0.05084594938082172,9.588349881004596,549.3719806763285
57.412925243377686,-0.832609738118604,0.050277963669919254,9.586663572548563,549.2753623188405
57.452675580978394,-0.8370625160034064,0.049577715197619415,9.57485941335633,548.599033816425
57.512717485427856,-0.8415221508613436,0.04892255434087332,9.566427871076165,548.1159420289855
57.5526921749115,-0.8453247771377514,0.048390091647676645,9.561368945708066,547.8260869565217
57.61267805099487,-0.8494618764079506,0.04783922080928302,9.5529374034279,547.3429951690822
57.65289068222046,-0.8532713396173198,0.047358104218279046,9.5478784780598,547.0531400966183
57.712729930877686,-0.8575816924092725,0.04684692688737842,9.537760627323602,546.4734299516908
57.75295448303223,-0.8612310554826464,0.04643284870076801,9.537760627323602,546.4734299516908
57.812865018844604,-0.865047381493447,0.04600960066833504,9.532701701955503,546.1835748792271
57.852132081985474,-0.868200583750426,0.045665277768913964,9.534388010411536,546.280193236715
57.912718772888184,-0.872516670125984,0.045205014959807735,9.527642776587403,545.8937198067633
57.952815771102905,-0.8763370830854331,0.04482040094946517,9.522583851219304,545.6038647342996
58.012717962265015,-0.8806583016559836,0.04441111679358731,9.51583861739517,545.2173913043478
58.05288624763489,-0.8848161862065673,0.0440491152520171,9.507407075115005,544.7342995169082
58.112698793411255,-0.8888102775536882,0.04373189306292842,9.500661841290873,544.3478260869565
58.15286421775818,-0.8931394294447532,0.04341742945801465,9.493916607466739,543.9613526570048
58.21273684501648,-0.8968038571896738,0.043169879688916196,9.490543990554674,543.768115942029
58.252902030944824,-0.9004690989829711,0.042934690015256446,9.487171373642607,543.5748792270531
58.312705993652344,-0.904301552361463,0.04269850318377438,9.485485065186573,543.4782608695652
58.35286211967468,-0.9086353913155019,0.042457083683375946,9.475367214450374,542.8985507246376
58.41279220581055,-0.9126372701913357,0.042261223862222266,9.471994597538309,542.705314009662
58.452706813812256,-0.9164728666221736,0.04208322628521692,9.470308289082276,542.608695652174
58.513017892837524,-0.9198082971846508,0.04193125801150305,9.470308289082276,542.608695652174
58.552814960479736,-0.9236441883206471,0.04175972868320747,9.468621980626242,542.512077294686
58.61274194717407,-0.9279811919969321,0.0415841081644131,9.46187674680211,542.1256038647343
58.65286445617676,-0.9323192816031861,0.04143774552286955,9.455131512977978,541.7391304347827
58.712716579437256,-0.9359905523586001,0.04133247146920849,9.451758896065911,541.5458937198068
58.75281119346619,-0.9401629182008948,0.04123043064340576,9.446699970697813,541.2560386473431
58.81273555755615,-0.9441688978049149,0.04115611362945362,9.43995473687368,540.8695652173915
58.852837562561035,-0.9486761295367457,0.04110670786145379,9.431523194593515,540.3864734299518
58.91273021697998,-0.9530166813310923,0.04109938834532098,9.421405343857316,539.8067632850243
58.95318794250488,-0.9570232989519476,0.04111965769775941,9.418032726945249,539.6135265700484
59.01191806793213,-0.9610297627620746,0.04116019588389,9.411287493121115,539.2270531400967
59.05291724205017,-0.9650359702253626,0.041221001866231455,9.40791487620905,539.0338164251209
59.11266374588013,-0.9692086564822601,0.041308970346774165,9.399483333928885,538.5507246376814
59.153220653533936,-0.9732138670931447,0.04141706090531411,9.396110717016818,538.3574879227054
59.212663650512695,-0.9772184796322744,0.041545412055828124,9.389365483192684,537.9710144927536
59.252869844436646,-0.9808889567772143,0.04167544710650348,9.389365483192684,537.9710144927536
59.31282615661621,-0.9855595761209047,0.0418645768959737,9.379247632456485,537.3913043478261
59.35274577140808,-0.9897283704889942,0.04206508267809894,9.374188707088386,537.1014492753625
59.41270852088928,-0.9942286825740771,0.04231958209107295,9.362384547896154,536.4251207729469
59.45284628868103,-0.9985598570957103,0.04260483762191988,9.355639314072022,536.0386473429953
59.512717723846436,-1.0030552378917095,0.042935186397168534,9.347207771791856,535.5555555555557
59.55284762382507,-1.0068826510827393,0.043242418203484484,9.342148846423756,535.2657004830919
59.612770080566406,-1.0112071669103073,0.04361525370587058,9.335403612599624,534.8792270531402
59.6527259349823,-1.0153625151066341,0.04400529270310077,9.326972070319458,534.3961352657007
59.71272563934326,-1.0195151378886433,0.04442335140999484,9.321913144951358,534.1062801932368
59.75274872779846,-1.023333556235531,0.044827287600285565,9.31685421958326,533.8164251207731
59.812692403793335,-1.0276472589557302,0.0453093791854354,9.310108985759127,533.4299516908214
59.852750301361084,-1.0314606432636217,0.045758359405486754,9.305050060391027,533.1400966183576
59.912750244140625,-1.0354369924682016,0.04625033766681874,9.298304826566895,532.753623188406
59.952714681625366,-1.0397400572276185,0.04681961539428478,9.288186975830696,532.1739130434785
60.012669801712036,-1.0437075452032325,0.04737857404190829,9.281441742006564,531.7874396135268
60.052648305892944,-1.0478358079017327,0.04799216685823579,9.273010199726398,531.3043478260872
60.112648010253906,-1.0519598378907373,0.0486335916019697,9.267951274358298,531.0144927536234
60.15265607833862,-1.0562448172303633,0.049325975537158145,9.261206040534164,530.6280193236717
60.21262717247009,-1.0601957817883567,0.04999176429335683,9.254460806710032,530.24154589372
60.252673864364624,-1.0647985274422347,0.05080735461737876,9.244342955973833,529.6618357487924
60.312949419021606,-1.0690659682129136,0.05160069737021078,9.2375977221497,529.2753623188406
60.3527295589447,-1.072673437436188,0.052290246055258505,9.234225105237634,529.0821256038649
60.412688970565796,-1.0764418099129944,0.0530270309585574,9.229166179869534,528.7922705314011
60.452603340148926,-1.0805337630994163,0.05384859542481271,9.224107254501433,528.5024154589372
60.5126736164093,-1.0841316020090357,0.054586746335098496,9.220734637589366,528.3091787439614
60.55314826965332,-1.0883791258516136,0.05548060575438782,9.213989403765233,527.9227053140096
60.61263465881348,-1.091969312232488,0.05625512065838084,9.210616786853167,527.7294685990338
60.652628660202026,-1.0958830073147579,0.05711325025780381,9.207244169941102,527.5362318840581
60.712647676467896,-1.0999544262697392,0.05803118094423462,9.198812627660937,527.0531400966184
60.752697706222534,-1.104181335901716,0.05901793239106648,9.192067393836805,526.6666666666669
60.8128445148468,-1.1082383552778,0.059997546005791685,9.18363585155664,526.1835748792272
60.85274004936218,-1.11244980298661,0.06104833221177,9.176890617732507,525.7971014492756
60.912503719329834,-1.1160087920562503,0.061955475192841336,9.17351800082044,525.6038647342997
60.952513456344604,-1.11972552216484,0.06291952934981693,9.16845907545234,525.3140096618358
61.0124990940094,-1.1234389797562028,0.06389611310701754,9.166772766996306,525.217391304348
61.05246925354004,-1.1274699250055968,0.06497802319961257,9.15834122471614,524.7342995169083
61.11256003379822,-1.1314916049114618,0.06609388151805701,9.149909682435975,524.2512077294688
61.15261149406433,-1.1355037335706244,0.067243608735443,9.14147814015581,523.7681159420291
61.21255278587341,-1.1395060257589176,0.06842712311710544,9.133046597875644,523.2850241545896
61.25255370140076,-1.143182579152088,0.06953456984938786,9.13136028941961,523.1884057971016
61.31267046928406,-1.1466965916984253,0.07060275869510557,9.127987672507546,522.9951690821258
61.352609634399414,-1.1510014310057606,0.07193914836595644,9.11955613022738,522.5120772946863
61.412667751312256,-1.1548188304881617,0.07315605296293812,9.112810896403248,522.1256038647346
61.45259237289429,-1.1587855547771027,0.0744538000367572,9.104379354123083,521.642512077295
61.512625217437744,-1.1629005876381713,0.07583472291912557,9.097634120298949,521.2560386473432
61.55258059501648,-1.1668471602383954,0.07719252031315446,9.089202578018783,520.7729468599036
61.61263370513916,-1.1709407620386187,0.07863573469637294,9.082457344194651,520.3864734299519
61.65262174606323,-1.1743983567831187,0.0798744235873923,9.079084727282586,520.1932367149763
61.712618827819824,-1.1781656994722667,0.08123843409648496,9.07571211037052,520.0000000000003
61.75263214111328,-1.181614860377084,0.0825004169167339,9.072339493458454,519.8067632850245
61.81254243850708,-1.18506188828653,0.08376821428911646,9.072339493458454,519.8067632850245
61.85257887840271,-1.188508916195976,0.08503601166149904,9.072339493458454,519.8067632850245
61.91257166862488,-1.192264624398004,0.08643173781931615,9.06559425963432,519.4202898550728
61.95251798629761,-1.1961681714281867,0.08790868386952538,9.060535334266222,519.1304347826091
62.01256966590881,-1.1999095658862406,0.08934233763373409,9.057162717354155,518.9371980676332
62.052483320236206,-1.2036436597516962,0.09079490040702984,9.050417483530023,518.5507246376816
62.11259984970093,-1.2076782217954252,0.09239576035406716,9.043672249705889,518.1642512077298
62.15262484550476,-1.2117018939641087,0.0940237977411339,9.036927015881755,517.777777777778
62.212496519088745,-1.215714493188683,0.09567893849577445,9.030181782057621,517.3913043478262
62.2526912689209,-1.219865302814353,0.09743631104187399,9.018377622865389,516.7149758454108
62.31265473365784,-1.2239981194510319,0.09923559019251472,9.009946080585223,516.2318840579712
62.35265874862671,-1.227662230764266,0.10085660342213955,9.006573463673156,516.0386473429953
62.412635803222656,-1.2314689809736776,0.10256765628374821,8.99814192139299,515.5555555555558
62.45265865325928,-1.2351137027607326,0.10423180732898238,8.994769304480926,515.36231884058
62.512619733810425,-1.2387527912859635,0.10590824113678077,8.99139668756886,515.1690821256042
62.55259943008423,-1.2422334471682037,0.10752951154824947,8.98633776220076,514.8792270531403
62.612704038619995,-1.2460078053112158,0.1093108789051852,8.981278836832661,514.5893719806767
62.6525719165802,-1.2496210328567758,0.11104234715797065,8.974533603008528,514.2028985507249
62.7125723361969,-1.253374100991214,0.11286814249982705,8.969474677640427,513.9130434782611
62.75262212753296,-1.2565214878294704,0.11441243427974201,8.967788369184394,513.8164251207731
62.812621116638184,-1.2596688746677265,0.11595672605965698,8.969474677640427,513.9130434782611
62.85259175300598,-1.263557544249112,0.11788511718739267,8.959356826904228,513.3333333333335
62.91256761550903,-1.2671349969576695,0.11968934215242133,8.955984209992163,513.1400966183578
62.95260834693909,-1.270850352980318,0.12159070447377089,8.947552667711998,512.6570048309181
63.012609243392944,-1.2741099340389956,0.12328317098978794,8.944180050799933,512.4637681159423
63.052576780319214,-1.2779519981476553,0.12530282116733554,8.937434816975799,512.0772946859906
63.11259889602661,-1.2816314479043822,0.12727277003464257,8.929003274695633,511.59420289855103
63.15278482437134,-1.2857317915238313,0.1295172381973405,8.918885423959434,511.0144927536235
63.21250128746033,-1.2890858435999075,0.13138641389498124,8.913826498591334,510.72463768115966
63.25260090827942,-1.292433572598974,0.1332668908734317,8.9121401901353,510.62801932367177
63.31268501281738,-1.295774940442175,0.13515864774314196,8.907081264767202,510.338164251208
63.352617025375366,-1.2995394515155478,0.13731941145840215,8.900336030943068,509.95169082125625
63.41261291503906,-1.3025726336543133,0.13907744647631887,8.898649722487034,509.85507246376835
63.45257568359375,-1.3061729307913779,0.14118858587885072,8.890218180206869,509.37198067632875
63.5126166343689,-1.3100418895418535,0.14350131954303613,8.881786637926703,508.88888888888914
63.55259561538696,-1.3133209412298443,0.14549914414623843,8.873355095646538,508.40579710144954
63.61260175704956,-1.3165864426307756,0.1475190411035579,8.868296170278438,508.1159420289857
63.652636766433716,-1.3201247482287182,0.14973250954644113,8.863237244910337,507.8260869565219
63.71258020401001,-1.3233731029118043,0.15177986759293682,8.861550936454304,507.72946859903396
63.75260901451111,-1.3266145341793476,0.15383816943073292,8.856492011086205,507.43961352657027
63.81273531913757,-1.3298455112174812,0.1559128430187301,8.851433085718105,507.1497584541064
63.852618932724,-1.333484014460705,0.15827964203929962,8.844687851893973,506.76328502415475
63.91259288787842,-1.3368315374839497,0.16048134256735444,8.841315234981908,506.570048309179
63.95264530181885,-1.3401678794800207,0.16269994971861815,8.834570001157774,506.18357487922725
64.01258993148804,-1.3434891806671179,0.16494101063501054,8.827824767333642,505.7971014492756
64.05259156227112,-1.3462506173940774,0.16681788532350908,8.827824767333642,505.7971014492756
64.11271071434021,-1.349420799869548,0.16898431699561317,8.822765841965541,505.5072463768118
64.15256023406982,-1.3527154164418278,0.17126442603863107,8.816020608141407,505.12077294686003
64.21269297599792,-1.356402288411474,0.17385760052057034,8.807589065861242,504.6376811594204
64.25262331962585,-1.3596619221830402,0.1761874467132743,8.80084383203711,504.2512077294688
64.31271028518677,-1.3633090150361815,0.1788362752345082,8.792412289756944,503.76811594202917
64.35259056091309,-1.3662679301527798,0.18101208150315895,8.78903967284488,503.5748792270534
64.4126296043396,-1.3694837883986877,0.18340198764119442,8.782294439020747,503.1884057971017
64.45263671875,-1.3726834531335477,0.18581353096257253,8.775549205196613,502.80193236714996
64.5126600265503,-1.3756090070295934,0.1880339917226974,8.775549205196613,502.80193236714996
64.55262660980225,-1.3789228331340126,0.1905712354243837,8.767117662916448,502.3188405797104
64.61269903182983,-1.3822194696799317,0.193130773768732,8.76205873754835,502.02898550724666
64.65267777442932,-1.3854987666769585,0.19571249030184892,8.753627195268184,501.54589371980705
64.71255898475647,-1.3887605749236165,0.19831626756077766,8.748568269900083,501.25603864734325
64.75260639190674,-1.3916212810044466,0.20061967206390607,8.745195652988016,501.0628019323674
64.81315422058105,-1.39473355881351,0.20314298782805534,8.74182303607595,500.8695652173915
64.85286855697632,-1.3978373087609304,0.20567678574230913,8.738450419163883,500.67632850241563
64.91313362121582,-1.401312142721827,0.20854786702965422,8.730018876883717,500.193236714976
64.95283603668213,-1.404507052990939,0.21123330878556695,8.721587334603552,499.7101449275364
65.01285171508789,-1.407433834265871,0.21371875331047185,8.719901026147518,499.61352657004846
65.05285310745239,-1.4106014105681886,0.21643638268569504,8.711469483867353,499.1304347826089
65.11288857460022,-1.4139975247567185,0.21940016190028053,8.703037941587187,498.6473429951693
65.15284824371338,-1.4173685292958746,0.2223924699077112,8.694606399307022,498.1642512077297
65.21284508705139,-1.4202228669375312,0.22496078448055798,8.689547473938923,497.874396135266
65.25286340713501,-1.4235531983222576,0.22799829525127913,8.681115931658757,497.3913043478264
65.3128662109375,-1.4264975057474552,0.23071572959129805,8.677743314746692,497.1980676328506
65.35260391235352,-1.4293081299106039,0.23333180966102043,8.672684389378592,496.9082125603868
65.41286635398865,-1.4324678477216868,0.23630781819747507,8.665939155554458,496.52173913043504
65.45284152030945,-1.435489096029661,0.23918724656325113,8.66088023018636,496.23188405797134
65.51288414001465,-1.4383731291523665,0.24196856793150953,8.654134996362227,495.8454106280197
65.55282711982727,-1.4408863760026025,0.24441284109155673,8.652448687906194,495.74879227053174
65.61289644241333,-1.4439852293989806,0.24745217507821934,8.645703454082062,495.3623188405801
65.65282797813416,-1.4465942923594461,0.250037151297501,8.642330837169997,495.1690821256043
65.71285605430603,-1.4495467266089417,0.25298709723844237,8.637271911801898,494.8792270531406
65.75288558006287,-1.452253797573287,0.2557101928870897,8.635585603345865,494.78260869565264
65.81282329559326,-1.4550665631325799,0.25856356729554875,8.62884036952173,494.3961352657009
65.85282635688782,-1.4577505782493763,0.26130939066395503,8.627154061065697,494.2995169082129
65.91283631324768,-1.4606528498961089,0.2643087019750138,8.618722518785532,493.8164251207734
65.95282101631165,-1.463304266638742,0.26708601585258757,8.613663593417431,493.5265700483095
66.01258325576782,-1.465716559341862,0.2696299743675049,8.611977284961398,493.4299516908216
66.05260968208313,-1.4683538919923762,0.27242066596784525,8.610290976505365,493.33333333333366
66.11272597312927,-1.4710935904257603,0.2753442678731165,8.603545742681233,492.946859903382
66.1525239944458,-1.473813506304816,0.278286283035766,8.5968005088571,492.56038647343036
66.21262383460999,-1.476288515080959,0.2809998863862838,8.590055275032967,492.1739130434786
66.25264096260071,-1.4790775444433093,0.2841047799863966,8.581623732752801,491.690821256039
66.31264686584473,-1.4814071049479054,0.28672470915844855,8.579937424296768,491.59420289855103
66.352614402771,-1.4839488363225177,0.28960274403262765,8.574878498928669,491.30434782608734
66.41254186630249,-1.4865833067354832,0.2926215122002097,8.568133265104535,490.9178743961356
66.45253467559814,-1.4888773122640853,0.29527262887925054,8.566446956648502,490.8212560386476
66.51254320144653,-1.4910599498004815,0.297799343104889,8.566446956648502,490.8212560386476
66.55247354507446,-1.4937749074546764,0.3009692096617025,8.558015414368336,490.33816425120807
66.61263728141785,-1.4960374596872887,0.3036472198196086,8.552956489000238,490.0483091787443
66.6525239944458,-1.4982864351717862,0.30633664174286146,8.547897563632137,489.7584541062805
66.71256971359253,-1.5004218308905315,0.3089034055648158,8.547897563632137,489.7584541062805
66.75258350372314,-1.502343687037403,0.31121349300457457,8.547897563632137,489.7584541062805
66.81272149085999,-1.5044747513665182,0.31378385411120924,8.54452494672007,489.56521739130466
66.85253524780273,-1.5069179906355112,0.3167459589358456,8.542838638264037,489.4685990338167
66.91254925727844,-1.5091442104736503,0.3194542473701556,8.541152329808003,489.37198067632875
66.9525158405304,-1.5112622443234087,0.32203535643499676,8.541152329808003,489.37198067632875
67.01259303092957,-1.5133802781731667,0.324616465499838,8.541152329808003,489.37198067632875
67.05257606506348,-1.5158085011743263,0.3275908925327826,8.536093404439903,489.08212560386494
67.11259698867798,-1.5179134503385838,0.3301826834983548,8.536093404439903,489.08212560386494
67.15256118774414,-1.5201213516322152,0.3329059265812849,8.53440709598387,488.985507246377
67.21260595321655,-1.5227388567494073,0.3361567289458638,8.52934817061577,488.6956521739132
67.25255370140076,-1.5249283390434207,0.33889480277528117,8.527661862159736,488.5990338164252
67.31276726722717,-1.527117821337434,0.3416328766046986,8.52934817061577,488.6956521739132
67.35253500938416,-1.5294091453252916,0.34450326786175656,8.525975553703702,488.5024154589373
67.41261839866638,-1.5314877638409803,0.347116223364547,8.525975553703702,488.5024154589373
67.4525556564331,-1.5337693940857215,0.3499943260403061,8.522602936791635,488.3091787439614
67.51258182525635,-1.536147116208497,0.35300927556302464,8.520916628335602,488.21256038647346
67.55255937576294,-1.5385197508181194,0.3560282303700557,8.519230319879568,488.11594202898556
67.6126036643982,-1.5408821901751988,0.3590551699799256,8.514171394511468,487.82608695652175
67.65255403518677,-1.543334006714432,0.3622240800866236,8.510798777599401,487.63285024154584
67.71258282661438,-1.5455716955520107,0.36513647776759006,8.507426160687334,487.43961352657
67.75262761116028,-1.5479033883869702,0.3681871648444752,8.5057398522313,487.34299516908203
67.81258749961853,-1.5502247791816472,0.37124569846306865,8.5006809268632,487.0531400966182
67.85258316993713,-1.5521424498381193,0.3737723131914725,8.5057398522313,487.34299516908203
67.91257953643799,-1.5544689949608606,0.37682692788231686,8.504053543775267,487.2463768115941
67.95257329940796,-1.5567903857555379,0.3798854615009103,8.502367235319234,487.1497584541062
68.01255822181702,-1.5591014481051921,0.38295180687181773,8.497308309951134,486.8599033816423
68.05255579948425,-1.5612996449093555,0.38589412609244816,8.493935693039067,486.66666666666646
68.11256551742554,-1.5632934922032629,0.3885723277954398,8.493935693039067,486.66666666666646
68.1525559425354,-1.5655786186913365,0.3916580497613958,8.488876767670968,486.37681159420276
68.21261644363403,-1.5678533252449263,0.3947514610196567,8.487190459214935,486.2801932367148
68.25254702568054,-1.5699302312286387,0.3975758799945909,8.488876767670968,486.37681159420276
68.3125536441803,-1.572103541902394,0.40053662859946587,8.485504150758901,486.18357487922685
68.3525378704071,-1.5744635195696695,0.40377451386864205,8.482131533846834,485.990338164251
68.41254711151123,-1.5768125636892067,0.407020340008604,8.478758916934767,485.7971014492751
68.4525773525238,-1.57895580722068,0.4100029259253428,8.4753863000227,485.60386473429924
68.51256227493286,-1.5810940181473818,0.41298912176936586,8.4753863000227,485.60386473429924
68.55248951911926,-1.5833267874153907,0.4161129374671174,8.473699991566667,485.5072463768113
68.61259078979492,-1.585648381041513,0.41937845406354496,8.4703273746546,485.3140096618354
68.65248942375183,-1.5881455120241212,0.42292877521949956,8.463582140830468,484.9275362318837
68.71258568763733,-1.5902483252728234,0.42594000221642553,8.463582140830468,484.9275362318837
68.7526023387909,-1.5922579789102835,0.4288126618322842,8.465268449286501,485.0241545893717
68.81257891654968,-1.5943658670243093,0.43182033855771174,8.465268449286501,485.0241545893717
68.85250926017761,-1.5963755206617694,0.43469299817357043,8.463582140830468,484.9275362318837
68.91253614425659,-1.5988486472723853,0.4382600821678979,8.456836907006334,484.541062801932
68.9525580406189,-1.6007464225748689,0.44100719707168573,8.460209523918401,484.73429951690787
69.01245999336243,-1.6032990302689083,0.4447222707956746,8.451777981638235,484.25120772946826
69.05253052711487,-1.6055484851144044,0.44803789268371735,8.448405364726169,484.0579710144924
69.11253213882446,-1.6077867448653949,0.4513610822500063,8.445032747814102,483.8647342995165
69.15247011184692,-1.6098333431265954,0.45441079488289193,8.445032747814102,483.8647342995165
69.21259999275208,-1.612150249476453,0.45788224904765695,8.439973822446003,483.5748792270528
69.25257134437561,-1.6141813933458995,0.4609422761990951,8.439973822446003,483.5748792270528
69.31264853477478,-1.616117749006435,0.4638648448923946,8.43828751398997,483.47826086956485
69.35248684883118,-1.6180541046669705,0.4667874135856942,8.439973822446003,483.5748792270528
69.41252064704895,-1.620174875152319,0.46998832215454633,8.43828751398997,483.47826086956485
69.45248198509216,-1.6224683132023774,0.47347532530375924,8.43322858862187,483.18840579710104
69.51251935958862,-1.6243849115530358,0.47641088858418806,8.431542280165836,483.0917874396131
69.55247831344604,-1.626473187724162,0.47963309058759884,8.426483354797735,482.8019323671493
69.61254215240479,-1.62854513636308,0.4828658157468666,8.421424429429635,482.51207729468547
69.65247511863708,-1.6307794494935253,0.48639099572627154,8.416365504061535,482.22222222222166
69.71277666091919,-1.6329043791986926,0.4897877691002966,8.409620270237403,481.83574879227
69.75275015830994,-1.6349270287590185,0.49305156625603347,8.407933961781369,481.73913043478206
69.81278729438782,-1.6370347473231788,0.49645904597874513,8.407933961781369,481.73913043478206
69.85257363319397,-1.6390463778635382,0.4997296461815777,8.402875036413269,481.44927536231825
69.91249060630798,-1.6412985343457123,0.5034402033681102,8.396129802589137,481.0628019323666
69.95250391960144,-1.6431049330671859,0.5064448339061636,8.394443494133103,480.96618357487864
70.01273727416992,-1.6449893827194855,0.5095973188139585,8.391070877221036,480.7729468599028
70.05253863334656,-1.6469511463287994,0.5128980712522437,8.389384568765003,480.67632850241483
70.11255121231079,-1.6488249531599712,0.5160568937457336,8.389384568765003,480.67632850241483
70.15256595611572,-1.650781147895905,0.5193609496279451,8.38769826030897,480.5797101449269
70.21256756782532,-1.6527261882128155,0.522671584202051,8.382639334940869,480.28985507246307
70.25247144699097,-1.6546600519867747,0.525988759811126,8.380953026484836,480.1932367149751
70.31247425079346,-1.6565071587831879,0.529163268917833,8.380953026484836,480.1932367149751
70.35255837440491,-1.6582677506162455,0.532194967683957,8.379266718028802,480.0966183574872
70.41259241104126,-1.660184808371576,0.5355218840761139,8.374207792660702,479.80676328502335
70.45247030258179,-1.6621705634078736,0.5390018513952439,8.370835175748635,479.6135265700475
70.51248383522034,-1.6640651368932406,0.5423416230081265,8.369148867292601,479.51690821255954
70.55247378349304,-1.6657898202451071,0.5453938923846622,8.367462558836568,479.42028985507164
70.6125168800354,-1.667830748134783,0.5490344503640419,8.362403633468467,479.1304347826078
70.65254068374634,-1.6697811923410162,0.5525343307912512,8.362403633468467,479.1304347826078
70.71252059936523,-1.671803676881735,0.5561851670426632,8.357344708100367,478.84057971014397
70.75252771377563,-1.6735753310969619,0.559402394564551,8.357344708100367,478.84057971014397
70.81255626678467,-1.6755793205279421,0.5630634156533447,8.352285782732269,478.5507246376803
70.8524706363678,-1.677488316663779,0.5665860750691483,8.348913165820202,478.35748792270437
70.91253089904785,-1.6793794675763942,0.570118346835606,8.34216793199607,477.9710144927527
70.95246028900146,-1.6812527248661815,0.573660140552446,8.338795315084003,477.77777777777686
71.0125105381012,-1.6830336046080479,0.5770618975194682,8.333736389715902,477.48792270531305
71.05252480506897,-1.6847288188516962,0.5803200504093833,8.333736389715902,477.48792270531305
71.11257863044739,-1.6864240330953446,0.5835782032992984,8.333736389715902,477.48792270531305
71.15250587463379,-1.6883347871784622,0.5872887380162797,8.325304847435737,477.00483091787345
71.21247863769531,-1.6900753889012439,0.590711279288541,8.323618538979703,476.9082125603855
71.25251388549805,-1.691659362101182,0.5938388837892765,8.32193223052367,476.81159420289754
71.31267786026001,-1.693388411026001,0.5972672759683095,8.320245922067636,476.71497584540964
71.35247898101807,-1.694967107870401,0.6003975470882963,8.32193223052367,476.81159420289754
71.41245818138123,-1.6969118755542119,0.6042780524820209,8.315186996699538,476.4251207729459
71.45245027542114,-1.6986889017337223,0.6078690932174796,8.31181437978747,476.23188405797003
71.51248812675476,-1.7003831747886498,0.6113148038746622,8.310128071331437,476.1352657004821
71.55253720283508,-1.7022121338964102,0.6150663312481757,8.305069145963337,475.84541062801827
71.61250329017639,-1.7039527361245745,0.6186751675550348,8.30169652905127,475.6521739130424
71.65253162384033,-1.7056750593237395,0.6222927632212214,8.294951295227138,475.2657004830907
71.71248126029968,-1.707168734184536,0.6254644845868793,8.293264986771105,475.1690821256028
71.75252056121826,-1.708725126636085,0.6287911877781318,8.289892369859038,474.9758454106269
71.81252145767212,-1.710275907029663,0.6321205107959268,8.289892369859038,474.9758454106269
71.85261344909668,-1.7120285820786836,0.6359082778458682,8.284833444490939,474.6859903381632
71.91253685951233,-1.7136896594701672,0.6395544014732146,8.278088210666805,474.29951690821144
71.95249271392822,-1.7155271913048686,0.6436703528299242,8.26965666838664,473.81642512077184
72.01246905326843,-1.717196416409022,0.647495628846598,8.261225126106474,473.33333333333223
72.05251121520996,-1.7189021720389144,0.6514869746328984,8.25447989228234,472.94685990338047
72.1125020980835,-1.7204580569325887,0.6551792121393483,8.251107275370273,472.7536231884046
72.15250539779663,-1.7219341830226877,0.6587238609066884,8.246048350002173,472.4637681159408
72.21251344680786,-1.723215171614133,0.6618072453494581,8.24942096691424,472.65700483091666
72.252685546875,-1.7246853182370927,0.6653543782796814,8.24436204154614,472.36714975845285
72.31275391578674,-1.7262037666221857,0.6690621687414255,8.240989424634073,472.173913043477
72.35266852378845,-1.7276439535415145,0.6726215710444917,8.235930499265974,471.88405797101325
72.41268801689148,-1.7290129073162745,0.6760296903423595,8.235930499265974,471.88405797101325
72.45267128944397,-1.7304350691326889,0.6795963328651828,8.230871573897874,471.59420289854944
72.5126965045929,-1.7318970725001264,0.6833267405855258,8.224126340073742,471.2077294685978
72.5526704788208,-1.7332199259784085,0.6867530170280981,8.220753723161675,471.01449275362194
72.61262798309326,-1.7344225200495738,0.6898678137940722,8.224126340073742,471.2077294685978
72.65268325805664,-1.735688000941896,0.693137284565055,8.222440031617708,471.11111111110984
72.71260476112366,-1.7370108544201779,0.6965635610076273,8.222440031617708,471.11111111110984
72.75259160995483,-1.7384413531026055,0.7003061629268756,8.215694797793576,470.7246376811582
72.81273412704468,-1.739679222658686,0.7035861873129547,8.214008489337543,470.62801932367023
72.85265803337097,-1.7409170922147668,0.7068662116990339,8.215694797793576,470.7246376811582
72.9125349521637,-1.741985231317451,0.709674968343158,8.219067414705643,470.9178743961341
72.95258831977844,-1.7432396783611346,0.712948688493956,8.220753723161677,471.014492753622
73.01257038116455,-1.7443220130251842,0.7157520055833332,8.224126340073743,471.2077294685979
73.05252933502197,-1.7457080159072524,0.7193328545229809,8.22244003161771,471.11111111110995
73.1125762462616,-1.747144823734045,0.7230730388600506,8.219067414705643,470.9178743961341
73.15257263183594,-1.7486250605510605,0.7269753392095412,8.214008489337544,470.62801932367034
73.21258449554443,-1.7499686989433723,0.7305722988963297,8.208949563969444,470.33816425120654
73.25249242782593,-1.751245211379128,0.7340161089357028,8.208949563969444,470.33816425120654
73.31254076957703,-1.7525217238148838,0.7374599189750758,8.208949563969444,470.33816425120654
73.35254621505737,-1.7539624026471372,0.7413769961449022,8.203890638601345,470.04830917874284
73.41253781318665,-1.7552756657211557,0.7449851567865715,8.202204330145312,469.9516908212549
73.45260739326477,-1.7566364992948655,0.7487536482076919,8.198831713233245,469.75845410627903
73.51261568069458,-1.7578781030308699,0.7522101973175219,8.198831713233245,469.75845410627903
73.5525734424591,-1.759279076396027,0.7561416503163758,8.193772787865147,469.4685990338153
73.61260938644409,-1.760555766042721,0.7597629134473427,8.192086479409113,469.3719806763273
73.65259194374084,-1.7618784015789897,0.7635449804542307,8.188713862497046,469.1787439613515
73.7125837802887,-1.763136755266958,0.767172655896391,8.187027554041013,469.0821256038635
73.75251626968384,-1.7643828670619794,0.7708045546438764,8.181968628672912,468.7922705313997
73.81259632110596,-1.7657173479565653,0.7747590722875412,8.176909703304812,468.5024154589359
73.85252499580383,-1.7669266495868876,0.7784033928942629,8.171850777936712,468.2125603864721
73.91253614425659,-1.7682143588387322,0.7823733870925952,8.163419235656546,467.7294685990325
73.9525363445282,-1.769326903888004,0.7858736092425833,8.16004661874448,467.53623188405663
74.01252603530884,-1.7703329411752966,0.7890573303939883,8.16004661874448,467.53623188405663
74.05253434181213,-1.771626823523819,0.7932005552156591,8.153301384920347,467.1497584541049
74.1125648021698,-1.7726577652280324,0.7965513820111922,8.151615076464314,467.053140096617
74.15250635147095,-1.7735438508862074,0.7994227731783743,8.15498769337638,467.2463768115929
74.21255540847778,-1.7747711624388416,0.8034118526968652,8.14992876800828,466.9565217391291
74.2526228427887,-1.7759332267426673,0.8072463020915199,8.146556151096213,466.7632850241532
74.31254315376282,-1.7770313702374327,0.8109256449652651,8.141497225728113,466.47342995168935
74.35271453857422,-1.778248180094521,0.8150921563628761,8.13475199190398,466.0869565217377
74.41262435913086,-1.7793945240603901,0.8191052529931595,8.129693066535882,465.797101449274
74.45260834693909,-1.7803884097287386,0.8226409994297952,8.126320449623815,465.6038647342981
74.51268935203552,-1.7814181186411355,0.8263400780547243,8.124634141167782,465.5072463768102
74.55276703834534,-1.7825238007114494,0.8303645676138438,8.119575215799683,465.21739130434645
74.61267733573914,-1.7836489872077492,0.8345567506732139,8.112829981975551,464.8309178743948
74.65270447731018,-1.7846614953851818,0.8384333758546083,8.106084748151419,464.44444444444315
74.71267294883728,-1.7856161451379717,0.8421525326094621,8.104398439695386,464.3478260869552
74.752685546875,-1.7866775806708577,0.8463613089238141,8.097653205871254,463.96135265700354
74.81265258789062,-1.787594552329006,0.8500899341524784,8.092594280503155,463.67149758453985
74.85257267951965,-1.7885707449028887,0.8541477780517394,8.087535355135055,463.38164251207604
74.9125657081604,-1.7893489615741327,0.8573947104818843,8.090907972047122,463.5748792270519
74.95249724388123,-1.7902828215796254,0.8612910293980576,8.087535355135055,463.38164251207604
75.01249384880066,-1.791168322955023,0.8650272534855343,8.085849046679021,463.2850241545881
75.05252003669739,-1.792082459908001,0.8689282468510238,8.082476429766954,463.09178743961223
75.11256146430969,-1.7930513829553594,0.8731592788271523,8.075731195942822,462.7053140096606
75.15246772766113,-1.7938531190257412,0.8767434845772979,8.072358579030755,462.5120772946847
75.21254229545593,-1.7947145481683024,0.8806564547329135,8.068985962118688,462.3188405797088
75.25256085395813,-1.7956191486696584,0.8849017040056502,8.05886811138249,461.73913043478126
75.31248879432678,-1.7965176139210972,0.8893187549456214,8.050436569102324,461.25603864734165
75.35259175300598,-1.7971990315022588,0.8927577302423085,8.04875026064629,461.15942028985376
75.41256308555603,-1.797903782279327,0.8963622604375141,8.045377643734223,460.96618357487785
75.45255303382874,-1.7987151084825916,0.900626318744646,8.038632409910091,460.5797101449262
75.51253533363342,-1.7992948589558158,0.9037448331539886,8.036946101454058,460.48309178743824
75.55249524116516,-1.7999298225536138,0.9071926878841963,8.035259792998025,460.38647342995034
75.61250305175781,-1.8005858838788549,0.9108063972144342,8.031887176085958,460.19323671497443
75.65244722366333,-1.801255833073588,0.9145872240015476,8.026828250717857,459.9033816425106
75.71248841285706,-1.80185587988644,0.9180413266105515,8.025141942261824,459.80676328502267
75.75249528884888,-1.8024245791804299,0.9213314288135753,8.025141942261824,459.80676328502267
75.8127613067627,-1.8031494589546821,0.9256110307538967,8.018396708437692,459.420289855071
75.85262060165405,-1.803744491604199,0.9292352889858577,8.015024091525625,459.22705314009517
75.91256260871887,-1.8043272976581712,0.9328615334190666,8.011651474613558,459.03381642511926
75.95247268676758,-1.8049871458845046,0.9371516434145013,8.001533623877359,458.45410628019175
76.0125241279602,-1.8055209806566683,0.9407854199654135,7.998161006965292,458.26086956521584
76.05247092247009,-1.8060217748844787,0.944255302694345,7.9964746985092585,458.16425120772794
76.11254382133484,-1.8065433513075633,0.947890858995767,7.9964746985092585,458.16425120772794
76.1523950099945,-1.807058796322634,0.9515272896664064,7.993102081597192,457.97101449275203
76.21255326271057,-1.8075478851393048,0.9549988416450687,7.994788390053225,458.06763285024
76.25254845619202,-1.8079956900104097,0.9581390189537401,7.9964746985092585,458.16425120772794
76.31266784667969,-1.8085377695912206,0.9619402862221311,7.994788390053225,458.06763285024
76.35250663757324,-1.8090734382951938,0.9657424621987607,7.993102081597192,457.97101449275203
76.41256165504456,-1.8096223595525764,0.9697113513455603,7.989729464685125,457.7777777777762
76.45251560211182,-1.8100742159765428,0.9730195256404622,7.989729464685125,457.7777777777762
76.51255321502686,-1.8106097485947823,0.9769902435127364,7.986356847773059,457.5845410628003
76.55252432823181,-1.8111133404306172,0.9807968007999133,7.984670539317025,457.48792270531237
76.61255168914795,-1.8116105125237376,0.9846042018856274,7.982984230860993,457.39130434782453
76.65254426002502,-1.812076854973576,0.9882472550427202,7.979611613948926,457.1980676328486
76.71254253387451,-1.8126134632987543,0.9925545157685267,7.976238997036859,457.00483091787277
76.75254225730896,-1.8130953819699989,0.9965320966917388,7.972866380124792,456.81159420289686
76.81250929832458,-1.8135475773011807,1.000345101084621,7.971180071668759,456.71497584540896
76.85253167152405,-1.8140557641665667,1.0048238648564884,7.962748529388593,456.23188405796935
76.91254353523254,-1.814526170529653,1.0093067541778873,7.954316987108427,455.74879227052975
76.95256400108337,-1.814946383725662,1.0136269236565794,7.947571753284295,455.3623188405781
77.01248240470886,-1.8153259106881305,1.0177832451476139,7.942512827916196,455.07246376811435
77.05250263214111,-1.8156667006602745,1.0217753946690225,7.935767594092063,454.68599033816264
77.1125020980835,-1.8159667477230774,1.0254358978237852,7.935767594092063,454.68599033816264
77.15248560905457,-1.8162994591930997,1.0297636855418282,7.925649743355864,454.1062801932351
77.21249747276306,-1.8165711801986346,1.0335937835579143,7.9239634348998305,454.0096618357471
77.2525143623352,-1.8168133758424319,1.03709124296172,7.922277126443797,453.9130434782592
77.31250381469727,-1.817108774857738,1.0417563468783204,7.912159275707598,453.33333333333167
77.35244345664978,-1.8173465401781181,1.0460903878457262,7.905414041883466,452.94685990338
77.41253471374512,-1.8175390257289585,1.0500924304390913,7.898668808059334,452.56038647342837
77.45252656936646,-1.8177112628682486,1.0540953955868588,7.895296191147267,452.36714975845246
77.51254677772522,-1.8178660633449564,1.0582661372312774,7.8868646488671015,451.8840579710129
77.55250358581543,-1.8179814635508622,1.0616030331220423,7.890237265779168,452.07729468598876
77.61251258850098,-1.8181145933332725,1.0652733993227046,7.890237265779168,452.07729468598876
77.65250754356384,-1.8182572982446321,1.06961161079323,7.8834920319550355,451.69082125603705
77.71247625350952,-1.8183577871140362,1.0731160056052158,7.881805723499003,451.59420289854916
77.75243043899536,-1.8184613738993034,1.0769543324406476,7.880119415042969,451.4975845410612
77.81251001358032,-1.8185584879373575,1.0807928284978672,7.878433106586936,451.4009661835733
77.85245895385742,-1.8186482838640643,1.0844645104390866,7.878433106586936,451.4009661835733
77.91268420219421,-1.8187318880777255,1.0881363385834015,7.875060489674869,451.2077294685974
77.95249891281128,-1.8188087368779349,1.0916413314896785,7.8767467981309025,451.30434782608535
78.0125024318695,-1.8188931871095657,1.0958140904343638,7.871687872762803,451.0144927536216
78.0525221824646,-1.8189565266745045,1.099987223208622,7.8666289473947035,450.7246376811578
78.11248683929443,-1.8189936867797252,1.1039937197745728,7.859883713570571,450.3381642512061
78.15249562263489,-1.8190131115758117,1.1078333949945582,7.858197405114538,450.24154589371824
78.21251082420349,-1.8190249353927537,1.1113392103360296,7.856511096658505,450.1449275362303
78.25243067741394,-1.8190173343567704,1.1158467064301594,7.848079554378339,449.6618357487907
78.31251096725464,-1.8189914347145795,1.1196863434346445,7.846393245922306,449.5652173913027
78.35250616073608,-1.818947518476357,1.123692771640717,7.8396480120981735,449.1787439613511
78.41248679161072,-1.818870104920158,1.1278656670615725,7.831216469818008,448.69565217391147
78.4524917602539,-1.818779463905475,1.1317043214252966,7.8295301613619745,448.59903381642357
78.51251554489136,-1.8186598342990432,1.1358762200109933,7.821098619081809,448.11594202898397
78.55245566368103,-1.8185238885642465,1.1397135370261575,7.8160396937137095,447.8260869565202
78.6125738620758,-1.818344611345324,1.1440503910856683,7.809294459889577,447.4396135265685
78.65247559547424,-1.8182055850245553,1.1472192890667676,7.81098076834561,447.5362318840564
78.71251678466797,-1.818030821509785,1.1510550342136177,7.805921842977511,447.24637681159265
78.7524619102478,-1.8178076745737937,1.155389852421995,7.799176609153378,446.85990338164095
78.81272768974304,-1.8176003046817413,1.15905677338021,7.795803992241312,446.66666666666515
78.85246467590332,-1.8173192486555143,1.163555505015289,7.787372449961145,446.1835748792255
78.91275882720947,-1.8170539867599282,1.1673860557908857,7.782313524593046,445.89371980676174
78.95246148109436,-1.8167848136837998,1.1710489586616994,7.77894090768098,445.7004830917859
79.01255631446838,-1.8164937200579294,1.1748776330561417,7.777254599224946,445.60386473429793
79.05250096321106,-1.8162060201530157,1.1785391273345258,7.773881982312879,445.4106280193221
79.11259984970093,-1.8158441245331107,1.182864572400068,7.767136748488747,445.0241545893704
79.15246152877808,-1.8154645975706425,1.187020893891102,7.758705206208582,444.5410628019308
79.21248197555542,-1.815096092917104,1.1908428943408664,7.757018897752548,444.44444444444287
79.25266480445862,-1.8146613118619337,1.1951616220341559,7.750273663928416,444.0579710144912
79.31296920776367,-1.814315662655088,1.1984825734067504,7.750273663928416,444.0579710144912
79.3526337146759,-1.8138731022617156,1.202632656460172,7.745214738560317,443.76811594202746
79.41250228881836,-1.813474412588702,1.2062837327577254,7.745214738560317,443.76811594202746
79.45254707336426,-1.813069566644636,1.2099341315506655,7.741842121648251,443.5748792270516
79.51253819465637,-1.812546277543638,1.2144111559342397,7.733410579368085,443.091787439612
79.55256295204163,-1.8120338001880831,1.2185531863556773,7.728351653999986,442.80193236714825
79.61264872550964,-1.8114754087119165,1.2228576773144404,7.721606420175853,442.41545893719655
79.65273952484131,-1.8108691683124891,1.227324225354308,7.716547494807753,442.1256038647328
79.71265435218811,-1.8102600060219514,1.2316218252377913,7.70980226098362,441.7391304347811
79.75270891189575,-1.8096498941854648,1.2357506038221981,7.704743335615521,441.44927536231734
79.81294369697571,-1.8090474823305585,1.2397117268401643,7.701370718703455,441.2560386473415
79.85261726379395,-1.8084250392440704,1.2436697516266555,7.694625484879323,440.86956521738983
79.91255807876587,-1.807752338528479,1.2477887955447653,7.689566559511223,440.5797101449261
79.95250296592712,-1.8069639280232668,1.2523962746826662,7.679448708775024,439.9999999999985
80.01264476776123,-1.806195785717133,1.2566683234712746,7.672703474950892,439.6135265700469
80.0525496006012,-1.8054260377912774,1.2607703397051182,7.664271932670726,439.1304347826072
80.11259579658508,-1.8045931505092878,1.265030239026725,7.657526698846594,438.74396135265556
80.15266704559326,-1.803731548375552,1.2692844234630023,7.650781465022462,438.3574879227039
80.21263074874878,-1.8029535034094777,1.2730444938278285,7.649095156566428,438.26086956521596
80.25266695022583,-1.802169118914196,1.2768032468233361,7.647408848110395,438.16425120772806
80.31266975402832,-1.801447155537078,1.2802339391577264,7.645722539654361,438.0676328502401
80.35262060165405,-1.8006121396896726,1.284152630794099,7.642349922742294,437.87439613526425
80.41260480880737,-1.7997639123705942,1.2880684839605954,7.638977305830228,437.6811594202884
80.45260071754456,-1.798823550448851,1.2923059552479153,7.632232072006095,437.2946859903367
80.51261067390442,-1.7979357472044426,1.296213025890431,7.6288594550940285,437.10144927536084
80.55260729789734,-1.7969110437788862,1.3006025089697915,7.620427912813863,436.61835748792123
80.61264443397522,-1.795849367103003,1.304983196296025,7.611996370533697,436.13526570048157
80.65265011787415,-1.7947879315701172,1.3091919726103773,7.601878519797498,435.55555555555406
80.71261548995972,-1.7936451831088023,1.3135522139762315,7.593446977517331,435.0724637681144
80.7526650428772,-1.7924657121429215,1.3179026653384447,7.585015435237166,434.5893719806748
80.81265759468079,-1.791387979162266,1.321761666145493,7.578270201413033,434.2028985507231
80.85258340835571,-1.7901922628561837,1.3259342799510225,7.571524967588901,433.81642512077144
80.91267037391663,-1.7888154721844005,1.3305757796925461,7.559720808396668,433.140096618356
80.95265460014343,-1.7874827126316077,1.3348817442521748,7.547916649204437,432.4637681159405
81.01263427734375,-1.786215103676419,1.3388582020463429,7.542857723836337,432.1739130434768
81.05265784263611,-1.7849756898097457,1.342668352814159,7.536112490012204,431.78743961352507
81.11265516281128,-1.7835488626519302,1.3469440683187335,7.527680947732039,431.30434782608546
81.1526620388031,-1.7822517679371508,1.3507349707056706,7.520935713907906,430.91787439613375
81.21260929107666,-1.7809934142491821,1.3543626461478309,7.519249405451872,430.8212560386458
81.25258827209473,-1.7794875251765343,1.3586111608194802,7.507445246259641,430.1449275362304
81.31266379356384,-1.7782342709079777,1.362063502825173,7.504072629347574,429.95169082125454
81.35289216041565,-1.7767935920757254,1.3659805799949996,7.499013703979474,429.66183574879074
81.41267895698547,-1.775388370469342,1.3697327457487136,7.4922684701553415,429.27536231883903
81.45260310173035,-1.7740265525976884,1.3733228620702445,7.490582161699308,429.17874396135113
81.51265740394592,-1.772526593360255,1.3772176241089462,7.4821506194191425,428.6956521739115
81.55260014533997,-1.771064589992817,1.3809480318292893,7.478778002507076,428.5024154589356
81.61259698867798,-1.769460328857171,1.3849812426672419,7.4720327686829435,428.11594202898397
81.65258932113647,-1.767828899472998,1.3890035407192494,7.465287534858811,427.72946859903226
81.71259951591492,-1.766103075176481,1.3931675663329908,7.456855992578645,427.24637681159265
81.75261354446411,-1.7645409662466136,1.396857174889142,7.450110758754512,426.85990338164095
81.8128182888031,-1.7630976345597826,1.4002344674775502,7.450110758754512,426.85990338164095
81.85264563560486,-1.761447782518931,1.4040681389939131,7.445051833386413,426.5700483091772
81.9126615524292,-1.7598422307031691,1.4077390515471202,7.43830659956228,426.1835748792255
81.95259189605713,-1.7582181286391605,1.411401794793934,7.434933982650213,425.99033816424964
82.01258373260498,-1.756366725754154,1.4155115254629353,7.426502440370047,425.50724637681003
82.05265951156616,-1.7548384375312227,1.4188512330389929,7.42312982345798,425.3140096618342
82.11262011528015,-1.7533045197067827,1.422188358702463,7.42312982345798,425.3140096618342
82.15262842178345,-1.751478416885437,1.4261260981479564,7.416384589633848,424.92753623188247
82.21266770362854,-1.749693867796047,1.4298989529821151,7.407953047353682,424.44444444444287
82.2526535987854,-1.747808215382202,1.4338085256478788,7.40120781352955,424.0579710144912
82.31267261505127,-1.7461197552644852,1.4372570884715143,7.39614888816145,423.7681159420274
82.35257816314697,-1.7443427290849742,1.4408481292069737,7.392776271249383,423.57487922705155
82.4127094745636,-1.7424759068461348,1.4445809597389765,7.387717345881284,423.2850241545878
82.45263600349426,-1.7406686661784059,1.4481568899361839,7.384344728969217,423.0917874396119
82.51261305809021,-1.7386912493642015,1.452020860199738,7.377599495145084,422.7053140096602
82.55259776115417,-1.7370070332423961,1.4552847118570562,7.377599495145084,422.7053140096602
82.61270713806152,-1.7350837758378317,1.4589887812419169,7.372540569776985,422.41545893719643
82.65267634391785,-1.7332164937653376,1.4625337288110831,7.365795335952852,422.0289855072447
82.71266484260559,-1.7310855992141798,1.4665057392876786,7.357363793672686,421.5458937198051
82.75264978408813,-1.7291647333771152,1.4700219403687302,7.350618559848554,421.1594202898535
82.81258845329285,-1.7269738042310177,1.4739611545405058,7.3421870175683885,420.67632850241387
82.85264039039612,-1.7251696898254705,1.4771602923614862,7.338814400656322,420.483091787438
82.9126489162445,-1.723018455202815,1.4809302569572103,7.33206916683219,420.09661835748636
82.9529356956482,-1.7208418404187262,1.4846856253194907,7.3253239330080575,419.7101449275347
83.0126748085022,-1.7186336398309778,1.488422508194159,7.3152060822718585,419.13043478260715
83.05264520645142,-1.716660755226345,1.4917166255956,7.313519773815825,419.0338164251192
83.11267423629761,-1.714504251792315,1.4952899352646731,7.308460848447726,418.74396135265545
83.15262389183044,-1.7122395938545605,1.4989928757016358,7.301715614623593,418.35748792270374
83.21264481544495,-1.7099500104258352,1.502680456368907,7.294970380799461,417.9710144927521
83.25263094902039,-1.7078136368121009,1.506070043864301,7.2882251469753285,417.58454106280044
83.31261277198792,-1.7055674473297147,1.5095876683271015,7.283166221607229,417.2946859903367
83.3526554107666,-1.703396888311098,1.5129554671858656,7.279793604695163,417.10144927536084
83.41261029243469,-1.7011152236079334,1.516450185376852,7.2713620624149975,416.61835748792123
83.45260405540466,-1.6987147808531335,1.5200665811012783,7.264616828590865,416.2318840579696
83.51260757446289,-1.696193587322192,1.5238030449367628,7.2561852863107,415.74879227053
83.55260372161865,-1.6936409796281542,1.527518118660752,7.247753744030534,415.26570048309037
83.61262631416321,-1.691352544278616,1.5308069572486702,7.2443811271184675,415.0724637681145
83.65262341499329,-1.6890475002946692,1.5340841767772437,7.237635893294335,414.68599033816287
83.71262431144714,-1.6869244236067042,1.5370811514122624,7.237635893294335,414.68599033816287
83.75265312194824,-1.6844975004893044,1.5404766032576445,7.22920435101417,414.20289855072326
83.81258416175842,-1.6824492773740873,1.543321891130855,7.230890659470203,414.2995169082112
83.85261559486389,-1.6801057100559358,1.5465716738669293,7.227518042558137,414.10628019323536
83.9126546382904,-1.677846681880193,1.5496765530624659,7.222459117190038,413.8164251207716
83.95263600349426,-1.6752723269604024,1.5531712834099567,7.215713883365906,413.42995169081996
84.01265096664429,-1.672976806530094,1.5562492809849582,7.210654957997806,413.1400966183562
84.05266404151917,-1.6703613795658214,1.559713380471012,7.203909724173673,412.7536231884045
84.11257123947144,-1.6681335258376293,1.5626333084413062,7.2005371072616065,412.5603864734286
84.15258383750916,-1.6660045889013622,1.5654187183810708,7.20222341571764,412.65700483091655
84.2126624584198,-1.6636728960664018,1.5684694054579558,7.2005371072616065,412.5603864734286
84.2526307106018,-1.661330927713077,1.571512211292988,7.195478181893507,412.27053140096484
84.31266808509827,-1.658663230110532,1.5749362196101657,7.188732948069374,411.88405797101314
84.35259699821472,-1.6563913195613897,1.5778220009675494,7.185360331157307,411.6908212560372
84.41264581680298,-1.6539022683853082,1.580961749341105,7.18198771424524,411.49758454106137
84.45264935493469,-1.6515042639680553,1.5839605921066582,7.176928788877141,411.2077294685976
84.51267719268799,-1.648773515669267,1.5873345300407924,7.170183555053008,410.8212560386459
84.55259370803833,-1.6462371017160833,1.5904361425028006,7.166810938140941,410.62801932367
84.61267113685608,-1.643472356772713,1.5937822789095897,7.160065704316809,410.24154589371835
84.65263319015503,-1.640679497346563,1.5971049855894655,7.14994785358061,409.66183574879085
84.71269154548645,-1.63785316279633,1.6003992649438747,7.139830002844411,409.0821256038633
84.75266289710999,-1.6353357877533834,1.6032986279792372,7.138143694388377,408.98550724637533
84.81283378601074,-1.6329208565414988,1.6060658321328545,7.134771077476311,408.79227053139954
84.85268497467041,-1.6303839820330115,1.6089481490560713,7.129712152108212,408.5024154589358
84.91265821456909,-1.6276106957180168,1.6120671123561336,7.124653226740112,408.212560386472
84.95261883735657,-1.6249307152941772,1.6150455516343838,7.117907992915979,407.82608695652027
85.01262664794922,-1.622235701526515,1.6180103950364035,7.1145353760039125,407.6328502415444
85.05255770683289,-1.6192945047516187,1.6212025424305676,7.1044175252677135,407.05314009661686
85.11266422271729,-1.6162095719317378,1.624488994668341,7.095985982987548,406.5700483091773
85.15267062187195,-1.6135675370664164,1.6272752349465842,7.0942996745315146,406.47342995168935
85.21269702911377,-1.6106804757854838,1.630289190190481,7.085868132251349,405.99033816424975
85.25265192985535,-1.6078918682685361,1.6331661788457972,7.082495515339282,405.7971014492739
85.3126060962677,-1.6052078531517397,1.635912002214204,7.077436589971183,405.5072463768101
85.35264205932617,-1.602514592706881,1.638648757828765,7.07575028151515,405.4106280193222
85.4127128124237,-1.5995771197304243,1.6416136021020222,7.070691356147051,405.12077294685844
85.45259213447571,-1.596860880220888,1.6443275523676883,7.065632430778951,404.8309178743947
85.5126793384552,-1.5938935602590323,1.6472625244793193,7.060573505410852,404.54106280193093
85.55264496803284,-1.5907895860164867,1.6502966285243936,7.053828271586719,404.1545893719792
85.61267280578613,-1.5882763391662507,1.6527409016844412,7.055514580042752,404.2512077294671
85.65260219573975,-1.5849116338564275,1.6559857766140755,7.045396729306553,403.6714975845396
85.71255707740784,-1.5820042526965221,1.6587426825604978,7.038651495482421,403.285024154588
85.75258612632751,-1.578958834045197,1.6615965350952724,7.033592570114322,402.99516908212416
85.81258487701416,-1.5754038990569965,1.6648831001157975,7.025161027834155,402.51207729468456
85.85259437561035,-1.5723202588859544,1.667695610088688,7.020102102466056,402.22222222222075
85.91257190704346,-1.5692224299568465,1.6704924842328102,7.015043177097956,401.932367149757
85.95261979103088,-1.5661104915513913,1.6732736509686832,7.009984251729857,401.64251207729325
86.01262664794922,-1.563365803847336,1.675714142925879,7.009984251729857,401.64251207729325
86.05263829231262,-1.560239835608349,1.6784795310760163,7.004925326361757,401.3526570048295
86.11261892318726,-1.5570999175377096,1.681229069866749,6.999866400993658,401.0628019323657
86.15272927284241,-1.554070069904521,1.683850790470866,6.993121167169526,400.67632850241404
86.21261024475098,-1.55102699800998,1.6864571498188925,6.98974855025746,400.48309178743824
86.2526683807373,-1.5478457140154882,1.6891587199546585,6.98468962488936,400.19323671497443
86.31262397766113,-1.5446508037463769,1.6918441617105717,6.979630699521261,399.9033816425107
86.35258936882019,-1.541568527693614,1.6944040386492074,6.972885465697129,399.51690821255903
86.41260981559753,-1.538469054921983,1.6969430668381633,6.966140231872996,399.1304347826073
86.45260381698608,-1.5350928157454298,1.6996709694165975,6.959394998048863,398.7439613526556
86.51261711120605,-1.531959373371564,1.7021679544978612,6.95264976422473,398.3574879227039
86.5526716709137,-1.528680076374538,1.7047496710309782,6.94759083885663,398.06763285024016
86.61266684532166,-1.5255215306946732,1.7072148251427137,6.944218221944564,397.8743961352643
86.65263867378235,-1.5219518605618236,1.709967103100512,6.935786679664398,397.3913043478247
86.71259546279907,-1.5186294961692228,1.7124931561274404,6.930727754296298,397.1014492753609
86.75261211395264,-1.515290168667987,1.7149967417344387,6.922296212016132,396.6183574879213
86.81260967254639,-1.5119340299908635,1.717477746013353,6.9172372866480325,396.3285024154575
86.85262560844421,-1.5085653830980676,1.7199417401618318,6.912178361279933,396.0386473429937
86.91257762908936,-1.504776276573525,1.7226790978068232,6.9054331274558,395.652173913042
86.95260810852051,-1.5013787796648266,1.7251031571723225,6.900374202087701,395.36231884057827
87.01259541511536,-1.4974141148903994,1.727881736958993,6.888570042895468,394.6859903381628
87.05255770683289,-1.4941118271357419,1.7301507215759167,6.881824809071335,394.2995169082111
87.11264371871948,-1.490798103063391,1.7324029712021156,6.878452192159269,394.10628019323525
87.15260410308838,-1.4877535769752184,1.7344572770421416,6.875079575247202,393.9130434782594
87.21266341209412,-1.483998089107545,1.7369500445182808,6.86327541605497,393.2367149758439
87.25260734558105,-1.4805014483637593,1.7392287618243487,6.85821649068687,392.94685990338013
87.31268453598022,-1.4771318205862982,1.74139648049792,6.851471256862737,392.5603864734284
87.35259556770325,-1.4740329822257445,1.7433679044505714,6.8480986399506705,392.36714975845257
87.41266107559204,-1.4707880846367773,1.7454207373114712,6.846412331494637,392.2705314009646
87.45266366004944,-1.467822195578308,1.7472900642234894,6.844726023038604,392.17391304347666
87.51267099380493,-1.463996799769936,1.749674162737315,6.836294480758438,391.69082125603705
87.55260729789734,-1.4608683995759213,1.751598331080268,6.832921863846371,391.4975845410612
87.61264896392822,-1.4571559447932878,1.7538473581902925,6.822804013110172,390.91787439613364
87.65260314941406,-1.4538601651169571,1.7558174646449694,6.821117704654139,390.82125603864574
87.71263265609741,-1.4504124546311703,1.757858711325944,6.814372470830006,390.43478260869404
87.752601146698,-1.4469510539956145,1.7598766561335548,6.807627237005873,390.04830917874233
87.81279468536377,-1.4433330848817567,1.7619573647972655,6.802568311637773,389.7584541062785
87.85264301300049,-1.439851444502041,1.7639401849789067,6.799195694725707,389.5652173913027
87.91263580322266,-1.436216060614563,1.76599031498521,6.794136769357608,389.2753623188389
87.95263290405273,-1.4328620085384869,1.7678594906828506,6.789077843989508,388.98550724637516
88.01266622543335,-1.4295016715361826,1.7697173438386795,6.787391535533475,388.88888888888727
88.0525951385498,-1.426433537751471,1.7714136445461746,6.789077843989508,388.98550724637516
88.11272192001343,-1.4229222066723348,1.7733433983281586,6.782332610165376,388.5990338164235
88.15262508392334,-1.419401158086648,1.7752553639302635,6.778959993253309,388.40579710144766
88.21275043487549,-1.4163160187198764,1.776920535422555,6.777273684797277,388.30917874395976
88.25271272659302,-1.4124876649237326,1.778966055079336,6.770528450973144,387.92270531400806
88.31272602081299,-1.4092424696615624,1.7806859444060992,6.770528450973144,387.92270531400806
88.35265278816223,-1.405695948945877,1.7825502368776818,6.763783217149011,387.53623188405635
88.4126615524292,-1.4024392265409742,1.7842481976438174,6.763783217149011,387.53623188405635
88.45268034934998,-1.3990329757924271,1.7860204670803588,6.762096908692978,387.43961352656845
88.51262021064758,-1.395470862464125,1.7878547910001523,6.755351674868845,387.05314009661674
88.55265831947327,-1.3924998612157102,1.7893783864107684,6.758724291780911,387.2463768115926
88.61262726783752,-1.3887813041937807,1.791273480795419,6.750292749500745,386.76328502415294
88.65268087387085,-1.3850500490075062,1.7931434497221612,6.7452338241326455,386.4734299516892
88.71265912055969,-1.3811581330943763,1.7950652806147862,6.7384885903085125,386.0869565217375
88.75264596939087,-1.3775537111161944,1.796815005681646,6.73174335648438,385.70048309178577
88.81263613700867,-1.3739404835706361,1.7985464739344317,6.728370739572313,385.50724637680986
88.85264205932617,-1.3701691347274867,1.800334203487624,6.723311814204213,385.2173913043461
88.91263818740845,-1.3663858131163558,1.8020964539348725,6.714880271924047,384.73429951690645
88.95260548591614,-1.362437364513713,1.8038992842338768,6.708135038099914,384.34782608695474
89.01259469985962,-1.3584768453146419,1.8056754405131803,6.701389804275781,383.96135265700303
89.05266427993774,-1.3541956948737965,1.807552194635004,6.691271953539582,383.38164251207553
89.1126971244812,-1.3498957751696103,1.8093855373930468,6.681154102803383,382.80193236714797
89.15264892578125,-1.3457361282804605,1.8111218889046727,6.6760951774352835,382.5120772946842
89.21266007423401,-1.3414088806123403,1.8128897641122783,6.6659773266990845,381.93236714975666
89.25265955924988,-1.3380019167649306,1.814261590970293,6.6659773266990845,381.93236714975666
89.31262135505676,-1.334123829420745,1.8158041497545685,6.657545784418919,381.44927536231705
89.35260725021362,-1.3302354254583963,1.817320515039603,6.6524868590508195,381.1594202898533
89.41262745857239,-1.3261796348452868,1.8188668028386035,6.6423690083146205,380.5797101449258
89.45259833335876,-1.322110950959757,1.820378839509572,6.635623774490488,380.1932367149741
89.51256966590881,-1.3185038988838058,1.8216951443523253,6.630564849122388,379.9033816425103
89.55265545845032,-1.3145760021680897,1.8231060576886935,6.625505923754289,379.61352657004653
89.61263155937195,-1.310957979957243,1.824391903091334,6.623819615298255,379.5169082125586
89.6526391506195,-1.30717702948032,1.8257177270228766,6.617074381474122,379.13043478260687
89.7126145362854,-1.3033894201699967,1.8270244065240355,6.613701764562056,378.9371980676311
89.75261640548706,-1.2992790680272566,1.8284191999558383,6.606956530737923,378.55072463767937
89.81265902519226,-1.2948400275475487,1.8298839097395265,6.596838680001724,377.9710144927518
89.8526201248169,-1.2910267539209614,1.8311136820172944,6.593466063089659,377.77777777777607
89.91265964508057,-1.2873674307641547,1.8322767972960778,6.58840713772156,377.48792270531226
89.95259284973145,-1.2829019860356503,1.8336589183137886,6.578289286985361,376.90821256038475
90.01261258125305,-1.2792254326424801,1.834766365046072,6.573230361617261,376.618357487921
90.05264616012573,-1.2752231404541863,1.8359498794277347,6.568171436249162,376.3285024154572
90.11266994476318,-1.2710535645137724,1.8371561463682746,6.561426202425029,375.9420289855055
90.152587890625,-1.2673588597644085,1.8382014405530374,6.556367277056929,375.65217391304174
90.2126669883728,-1.263498951634047,1.8392759194181467,6.552994660144863,375.45893719806594
90.25266361236572,-1.2597955648761685,1.8402900247574705,6.547935734776763,375.1690821256021
90.31265473365784,-1.2565730083115656,1.8411637069544198,6.547935734776763,375.1690821256021
90.35268378257751,-1.253028196090502,1.8421247573710637,6.547935734776763,375.1690821256021
90.41259503364563,-1.2489954321391044,1.8431998685115427,6.539504192496597,374.6859903381625
90.45256662368774,-1.2456018959530006,1.8440800918722597,6.534445267128498,374.3961352656987
90.51262140274048,-1.2417160469326236,1.8450566024954633,6.524327416392299,373.8164251207712
90.55259156227112,-1.237822102642638,1.8460003150962496,6.517582182568166,373.4299516908195
90.61267900466919,-1.2342468998571632,1.846841288715727,6.510836948744033,373.0434782608678
90.65256571769714,-1.2300134305644037,1.8477995064373287,6.500719098007834,372.46376811594024
90.71261882781982,-1.22609829397618,1.8486510351226642,6.493973864183701,372.07729468598853
90.75260877609253,-1.2225055158765414,1.8494134373214328,6.490601247271635,371.88405797101274
90.81279826164246,-1.2184177712677178,1.8502556920721553,6.482169704991469,371.4009661835731
90.85259413719177,-1.2143244384888576,1.8510703550783068,6.477110779623369,371.1111111111093
90.91257953643799,-1.2098963779391436,1.8519128861355423,6.465306620431138,370.43478260869387
90.95260906219482,-1.2066127067675179,1.8525176133715404,6.465306620431138,370.43478260869387
91.0126793384552,-1.202506218892248,1.8532631376047695,6.460247695063038,370.1449275362301
91.05260705947876,-1.1988897758784864,1.8539039585736443,6.456875078150972,369.95169082125426
91.11259841918945,-1.1954372021138673,1.8545127404812334,6.4585613866070055,370.0483091787422
91.15261435508728,-1.1916558118002367,1.8551795016181165,6.456875078150972,369.95169082125426
91.21264052391052,-1.1873780571051262,1.855915204155282,6.450129844326839,369.56521739130255
91.25263047218323,-1.1835901142674579,1.856543672273991,6.44507091895874,369.2753623188388
91.31266117095947,-1.1791385235480547,1.8572514285041066,6.436639376678574,368.7922705313992
91.35262608528137,-1.1755079610044572,1.8578067006922745,6.433266759766508,368.5990338164234
91.4126238822937,-1.1717109166516664,1.8583776098799902,6.431580451310475,368.50241545893545
91.45265817642212,-1.1675816251165387,1.8589842403029033,6.426521525942375,368.2125603864717
91.51266241073608,-1.1634483356856593,1.859563004099856,6.41808998366221,367.7294685990321
91.55264019966125,-1.1594771676882578,1.8600951886005717,6.414717366750144,367.53623188405624
91.61263012886047,-1.1563329722429057,1.8605138504377503,6.416403675206177,367.6328502415442
91.6526107788086,-1.152526840914322,1.8610206516090717,6.414717366750144,367.53623188405624
91.71259784698486,-1.1488857861178925,1.861502348147697,6.414717366750144,367.53623188405624
91.7526171207428,-1.144746852503698,1.8620392630286262,6.409658441382044,367.2463768115925
91.81263542175293,-1.1409373892943284,1.8625203796196301,6.407972132926011,367.14975845410453
91.85254001617432,-1.1372931681971201,1.862977505620408,6.407972132926011,367.14975845410453
91.9126353263855,-1.133150707150588,1.863486490423752,6.402913207557911,366.8599033816408
91.95260667800903,-1.129005724207227,1.8639745124020692,6.397854282189812,366.570048309177
92.0126085281372,-1.1248575437607031,1.8644345646112352,6.389422739909646,366.0869565217374
92.05262064933777,-1.1205399296446903,1.8648802683243964,6.382677506085513,365.7004830917857
92.11265587806702,-1.1162194073971308,1.8652968388023095,6.37593227226138,365.314009661834
92.15261054039001,-1.1120627673837549,1.8656728612102502,6.370873346893281,365.02415458937026
92.2126350402832,-1.1084040988761505,1.8659945075026185,6.370873346893281,365.02415458937026
92.25260496139526,-1.104578845089614,1.8663275489208628,6.369187038437247,364.9275362318823
92.31269073486328,-1.1002530964277852,1.8666857973952675,6.362441804613114,364.5410628019306
92.35260844230652,-1.097091320313456,1.8669395975830931,6.364128113069148,364.63768115941855
92.41259670257568,-1.0925970792216426,1.8672851056481163,6.355696570788982,364.15458937197894
92.45256066322327,-1.0881006098543213,1.8676002913760266,6.350637645420883,363.8647342995152
92.5125846862793,-1.0842689748382073,1.8678494022368273,6.345578720052783,363.57487922705144
92.5529613494873,-1.0804361286251032,1.8680791260370186,6.340519794684684,363.28502415458763
92.61262011528015,-1.0766021693077825,1.868289456897355,6.335460869316584,362.9951690821239
92.6526370048523,-1.0724337189813955,1.86849699226426,6.330401943948485,362.7053140096601
92.71263074874878,-1.068931652674979,1.8686595117910914,6.328715635492451,362.6086956521722
92.75260400772095,-1.0650957615389829,1.8688310411193871,6.327029327036418,362.5120772946842
92.81261348724365,-1.0610923735301052,1.8689931523675047,6.320284093212285,362.1256038647325
92.85257411003113,-1.0570879831243323,1.8691282563443146,6.313538859388153,361.73913043478086
92.91263151168823,-1.0527490049625399,1.8692453544493997,6.306793625564021,361.3526570048292
92.9525694847107,-1.048242209016669,1.8693251611948567,6.2949894663717885,360.67632850241375
93.01259446144104,-1.044068775093804,1.8693638696377946,6.289930541003689,360.38647342995
93.05266857147217,-1.0398951987533123,1.8693814645847189,6.2848716156355895,360.0966183574862
93.11263990402222,-1.0362224189360725,1.8693814645847195,6.2814989987235235,359.9033816425104
93.15259218215942,-1.0323827068653053,1.8693717521556055,6.27981269026749,359.80676328502244
93.21261739730835,-1.0280423031856598,1.869335154991222,6.269694839531291,359.2270531400949
93.25265765190125,-1.023702362353596,1.869261963264165,6.262949605707158,358.8405797101432
93.31260275840759,-1.019696809974059,1.869167381335799,6.256204371883025,358.45410628019147
93.35266780853271,-1.0156917873317899,1.8690525369136242,6.252831754970959,358.26086956521567
93.41263890266418,-1.0118541387232471,1.868926297953576,6.24777282960286,357.9710144927519
93.452641248703,-1.008017177853298,1.868780646313835,6.24271390423476,357.6811594202881
93.5125527381897,-1.0046812537305063,1.868639928012604,6.239341287322694,357.4879227053123
93.55257034301758,-1.0013458231680277,1.8684879597388904,6.235968670410628,357.29468599033646
93.61261034011841,-0.9980109241048318,1.8683247432212629,6.232596053498562,357.10144927536066
93.65259647369385,-0.9946763050165193,1.8681559032698742,6.232596053498562,357.10144927536066
93.7126259803772,-0.9913416859282065,1.8679870633184854,6.232596053498562,357.10144927536066
93.75264239311218,-0.9870074460285438,1.8677529523471532,6.225850819674429,356.71497584540896
93.8127760887146,-0.9831745998154399,1.867523228546962,6.22079189430633,356.42512077294515
93.85264706611633,-0.9793429647993261,1.8672741176861618,6.21573296893823,356.1352657004814
93.91258478164673,-0.9756785370544048,1.8670265679170637,6.21573296893823,356.1352657004814
93.95262885093689,-0.972180476215093,1.8667932197316897,6.217419277394264,356.23188405796935
94.01263689994812,-0.9683497031444204,1.8665311876750914,6.212360352026164,355.9420289855056
94.05259132385254,-0.9643535629372844,1.8662409135782478,6.208987735114098,355.74879227052975
94.1126115322113,-0.9605246444669696,1.8659530482184699,6.207301426658065,355.6521739130418
94.15264654159546,-0.9563638555142604,1.8656261165083419,6.202242501289965,355.36231884057804
94.21260213851929,-0.9520381068524317,1.8652678680339372,6.198869884377899,355.16908212560224
94.25260210037231,-0.9482122968944162,1.864941277643967,6.197183575921866,355.0724637681143
94.31265115737915,-0.9442210221588478,1.8645903907795665,6.1938109590098,354.87922705313844
94.35262775421143,-0.9402309535274551,1.8642260448955978,6.190438342097734,354.68599033816264
94.41269636154175,-0.9362421363854081,1.8638482441363262,6.1870657251856676,354.4927536231868
94.4526150226593,-0.931757303780838,1.8633967407328806,6.178634182905502,354.0096618357472
94.51264977455139,-0.9281045791485869,1.8630134466592554,6.178634182905502,354.0096618357472
