time_s,x_m,y_m,yaw_rad,yaw_deg
0.049994468688964844,0.0,0.0,0.0,0.0
0.09010148048400879,0.0003338890742947494,6.103719417914488e-17,0.0,0.0
0.150146484375,0.00200332495118599,5.630389019831863e-06,0.006745233824132724,0.38647342995169365
0.1900789737701416,0.003505735528462626,2.2098978352571894e-05,0.015176776104298462,0.8695652173913011
0.25006866455078125,0.00584255696414115,6.545056982468279e-05,0.021922009928431407,1.2560386473430074
0.2900986671447754,0.007845162269583655,0.00011949584909466237,0.03203986066463038,1.8357487922705416
0.35001039505004883,0.010180920452726354,0.00020224542679755567,0.038785094488763106,2.222222222222235
0.3900606632232666,0.01268277367008137,0.0003098936388532354,0.047216636768929066,2.7053140096618553
0.45012545585632324,0.015517319892024846,0.00045101768834900633,0.05227556213702833,2.9951690821256096
0.4900689125061035,0.017850925482661904,0.0005810128039479859,0.059020795961161054,3.3816425120773035
0.5500524044036865,0.02035008829512664,0.0007392622764338465,0.06745233824132657,3.8647342995168983
0.5901575088500977,0.023347556307715754,0.0009519134981573042,0.07419757206545952,4.251207729468605
0.6500508785247803,0.02617651388369434,0.0011789978767386851,0.0860017312576915,4.927536231884052
0.6900784969329834,0.029335560293859683,0.00146477490677349,0.09443327353785724,5.41062801932366
0.750023603439331,0.032325701425443096,0.0017632561319954091,0.10455112427405644,5.990338164251207
0.7900731563568115,0.03531211100096623,0.0020970118447917255,0.11804159192232166,6.763285024154581
0.8500595092773438,0.03796188922694058,0.0024339359384404216,0.13490467648265358,7.729468599033822
0.8900630474090576,0.04093679404568131,0.0028581721321186285,0.14839514413091903,8.50241545893721
0.9500913619995117,0.044235584208223024,0.003374093499035817,0.16188561177918426,9.275362318840584
0.9900777339935303,0.04736298562614998,0.0039038133340671705,0.1736897709714167,9.951690821256058
1.0500333309173584,0.04982458390129227,0.004363586746261956,0.19561178089984788,11.207729468599052
1.0900588035583496,0.05309647348645629,0.005029116562142562,0.20572963163604707,11.7874396135266
1.1502306461334229,0.05668796083315307,0.005797576206132717,0.21584748237224582,12.36714975845412
1.1900734901428223,0.06027284129635344,0.006596289953659828,0.22259271619637855,12.753623188405815
1.2500765323638916,0.06319800721174215,0.007284359278686504,0.23945580075671025,13.71980676328504
1.290391445159912,0.06660027551627087,0.008130202878378089,0.24788734303687598,14.20289855072465
1.3500878810882568,0.06950838364418181,0.00888713229713345,0.2613778106851412,14.975845410628024
1.390150547027588,0.07256770313982139,0.009724871490487657,0.2731819698773734,15.652173913043484
1.450134515762329,0.07545433263703243,0.010559979372399622,0.29004505443770534,16.618357487922726
1.4901535511016846,0.07848681845118352,0.011490179630112538,0.3052218305420038,17.487922705314027
1.5500714778900146,0.0813467736711245,0.012412508838438932,0.31871229819026947,18.260869565217426
1.590080976486206,0.0846695124564393,0.01353067160642401,0.33051645738250146,18.937198067632874
1.650078535079956,0.08798076795636021,0.014682395542697875,0.3389479996626672,19.420289855072483
1.6900513172149658,0.09112403590590473,0.015808476352715387,0.3490658503988662,20.000000000000014
1.7500650882720947,0.09409823548536331,0.01691091891086817,0.3608700095910984,20.676328502415476
1.789081335067749,0.09721606420040878,0.018105630381042244,0.37098786032729736,21.25603864734301
1.8502302169799805,0.10000922253837442,0.01921391803668307,0.3844783279755628,22.028985507246396
1.8900563716888428,0.10278717584769514,0.02035978471297316,0.39796879562382825,22.801932367149785
1.9500789642333984,0.10539501748628875,0.02147948568631307,0.4131455717281265,23.671497584541072
1.9901161193847656,0.1084438703431109,0.02284062037868435,0.42663603937639194,24.44444444444446
2.0500175952911377,0.11147644411413543,0.02423764855184968,0.4367538901125909,25.024154589371996
2.090074300765991,0.11464437714238082,0.025739341376531232,0.44855804930482357,25.70048309178748
2.1501476764678955,0.1171922617257307,0.026989482341224932,0.46373482540912203,26.57004830917878
2.190112829208374,0.11972088050064332,0.028278146522787005,0.4789116015134205,27.43961352657008
2.2500500679016113,0.12267369041940236,0.02983670514440078,0.49240206916168594,28.21256038647347
2.290048599243164,0.1254599099942369,0.031352694330802,0.5042062283539179,28.888888888888918
2.3500444889068604,0.12837235637773953,0.03298543664254233,0.5176966960021834,29.661835748792306
2.3900527954101562,0.13155771190136237,0.03481377517083985,0.5244419298263159,30.048309178743988
2.4500386714935303,0.13400348965290135,0.03625347634530385,0.5396187059306145,30.917874396135293
2.4893081188201904,0.13714800216168554,0.03815119936725076,0.5463639397547473,31.304347826086993
2.550156831741333,0.13999200233806192,0.039900443315389146,0.5564817904909461,31.88405797101452
2.590092182159424,0.14210597925167626,0.04124281407916878,0.5750311835073112,32.946859903381686
2.650057077407837,0.14405435838054248,0.04253371785285941,0.5952668849797091,34.10628019323675
2.690166711807251,0.14681262619308402,0.044415246504680754,0.6020121188038416,34.492753623188435
2.7500834465026855,0.14900131923373863,0.04594641118084099,0.6188752033641737,35.45893719806768
2.7901382446289062,0.15116652296204922,0.04751061554940757,0.6323656710124391,36.231884057971065
2.850031614303589,0.15357841664648048,0.049303045152934294,0.6458561386607045,37.00483091787444
2.8901584148406982,0.15623801109743107,0.05132164584395715,0.6526013724848375,37.39130434782616
2.949733257293701,0.15834647656225917,0.05296152872860417,0.6694644570451693,38.357487922705396
2.9900290966033936,0.16042699007558894,0.05463673200360663,0.6863275416055014,39.32367149758464
3.050081491470337,0.16286883312689257,0.056661243116266295,0.6981317007977337,40.00000000000011
3.090074062347412,0.1652900678406575,0.05871035638627776,0.7065632430778996,40.483091787439726
3.1500704288482666,0.16756245356554988,0.06067664683936511,0.7200537107261651,41.25603864734312
3.1900556087493896,0.17006136194908053,0.0628910651115199,0.7301715614623642,41.83574879227066
3.25003719329834,0.17216145935884355,0.06480003319694772,0.7453483375666626,42.705314009661954
3.290088415145874,0.17485199137196597,0.06730010301043064,0.7520935713907955,43.091787439613654
3.3500072956085205,0.17703252724189483,0.06936778247024722,0.7655840390390609,43.864734299517046
3.390014171600342,0.17942805758084232,0.07169364269573558,0.7757018897752599,44.44444444444458
3.4498085975646973,0.18192060634880186,0.07415901926950516,0.7841334320554258,44.9275362318842
3.490081787109375,0.1839180879727922,0.07617511337531996,0.7959375912476582,45.60386473429966
3.5500266551971436,0.18647875509284256,0.07880803864699505,0.8026828250717912,45.990338164251376
3.590111255645752,0.18855560879149727,0.08097983830234619,0.8128006758079902,46.570048309178915
3.649583339691162,0.19061038261653496,0.08317253973129964,0.8229185265441891,47.14975845410644
3.6899843215942383,0.1927577511121677,0.08550707421946747,0.8313500688243551,47.632850241546066
3.749979257583618,0.19443116872957744,0.0873700103795356,0.8465268449286536,48.50241545893737
3.790024995803833,0.1961874823382206,0.08938252249125635,0.8600173125769192,49.27536231884076
3.8501639366149902,0.198132612835972,0.09167304696729095,0.8735077802251846,50.04830917874415
3.890371799468994,0.19972602975053286,0.09360485446161836,0.888684556329483,50.917874396135446
3.9504473209381104,0.20192473404897332,0.09633552844786475,0.8971160986096488,51.40096618357506
3.990133762359619,0.20368218083537337,0.09856396939943918,0.9089202578018813,52.07729468599054
4.050507307052612,0.20562108633427503,0.10107432558906737,0.9173518000820473,52.56038647343016
4.09019136428833,0.20733308232176137,0.10333787104266691,0.9291559592742793,53.23671497584561
4.150129318237305,0.2094242501925426,0.10615174700783611,0.9342148846423788,53.526570048309374
4.190022230148315,0.21119832597944688,0.10857717277064877,0.9443327353785778,54.106280193236906
4.250067472457886,0.21304713651628088,0.11115460217440966,0.9527642776587436,54.58937198067652
4.290097951889038,0.2148785197623574,0.11374444350902246,0.9578232030268432,54.87922705314029
4.350068807601929,0.21649753001863228,0.11607540341252913,0.9696273622190752,55.55555555555574
4.390139818191528,0.218180425385085,0.11856496124760114,0.9831178298673406,56.32850241545913
4.4500627517700195,0.220022226143552,0.12134991391496142,0.9898630636914731,56.71497584541081
4.4901063442230225,0.22193387150631907,0.12428870499602795,0.9982946059716391,57.19806763285043
4.550152063369751,0.22373319517316279,0.1271012884588363,1.0050398397957716,57.58454106280211
4.590002775192261,0.22505948576463805,0.12922539084001167,1.02021661590007,58.454106280193415
4.6501219272613525,0.2268810615076424,0.13222084453246696,1.028648158180236,58.937198067633034
4.690044403076172,0.22824383011213167,0.13451816998227764,1.0421386258285015,59.71014492753642
4.750079154968262,0.22999930706510485,0.1375528333373671,1.0505701681086674,60.19323671497604
4.790080547332764,0.2313113902691383,0.1398794790253524,1.0640606357569329,60.96618357487943
4.849998474121094,0.23275203964693725,0.14251662983614083,1.0775511034051983,61.739130434782815
4.890002250671387,0.23416146003210286,0.14517060218084935,1.0876689541413973,62.31884057971035
4.95020055770874,0.2356183864689063,0.14798815574559668,1.0994731133336293,62.9951690821258
4.99005913734436,0.2371193931186485,0.15097063297614838,1.1095909640698283,63.57487922705333
5.050174951553345,0.23844307178714785,0.15366839312322553,1.1197088148060272,64.15458937198086
5.090045928955078,0.2398089919028099,0.15653117236202643,1.1315129739982592,64.8309178743963
5.150081396102905,0.2410686180461215,0.15925942766673712,1.1450034416465247,65.6038647342997
5.190045118331909,0.24243232290754288,0.16230713179349618,1.1551212923827237,66.18357487922724
5.250006198883057,0.24349443099172347,0.16475800284462264,1.168611760030989,66.95652173913062
5.290114641189575,0.2447187755931938,0.16768413049551706,1.180415919223221,67.63285024154607
5.350050210952759,0.2460392073105439,0.17093179751831397,1.188847461503387,68.11594202898569
5.390054941177368,0.24745535264830715,0.17450083317238152,1.197279003783553,68.5990338164253
5.450150728225708,0.24884739197271605,0.17807933979344218,1.2023379291516525,68.88888888888907
5.490081310272217,0.2502213101634161,0.1816648428157447,1.207396854519752,69.17874396135285
5.550398588180542,0.25139759925862754,0.18478966846813139,1.2141420883438845,69.56521739130453
5.59026837348938,0.25260776947772046,0.18808001329078497,1.2225736306240504,70.04830917874415
5.650158643722534,0.2535022706273829,0.190596898307027,1.236064098272316,70.82125603864753
5.6900794506073,0.25464002487501136,0.19391297977212238,1.2444956405524819,71.30434782608715
5.750054121017456,0.2558055618465704,0.19739591461989933,1.2512408743766144,71.69082125603883
5.790135622024536,0.25689285957072966,0.20072888096689132,1.2596724166567803,72.17391304347845
5.850085496902466,0.2578460445046882,0.20375422081790853,1.2714765758490123,72.85024154589391
5.890111207962036,0.2588713342182072,0.20710678133406596,1.2765355012171118,73.14009661835767
5.950409889221191,0.2598235436541131,0.21030701391678547,1.2866533519533108,73.7198067632852
5.9902801513671875,0.26074873666688236,0.21351516124545541,1.2933985857774433,74.10628019323688
6.050318717956543,0.2617426223352302,0.2170509076820907,1.3001438196015758,74.49275362318856
6.090286016464233,0.2626656932705986,0.22043304030211394,1.3085753618817417,74.97584541062818
6.150104522705078,0.26352034057550777,0.22366069725066628,1.3153205957058742,75.36231884057986
6.190101146697998,0.2641347543078441,0.2260883202494585,1.3304973718101727,76.23188405797117
6.250081539154053,0.2649129709790886,0.22933525267960309,1.3406152225463717,76.8115942028987
6.2900474071502686,0.26566378366473753,0.23258863118577092,1.3473604563705042,77.19806763285038
6.350045204162598,0.26638713898915534,0.23584822448370898,1.3574783071067031,77.77777777777791
6.3900675773620605,0.2669350022410324,0.23846254817234672,1.3709687747549686,78.5507246376813
6.450121641159058,0.26751161651317934,0.24141170924115116,1.384459242403234,79.32367149758468
6.4900829792022705,0.26808084615470895,0.24453216118721344,1.396263401595466,80.00000000000014
6.5501391887664795,0.26849696412733365,0.2470015140359589,1.4114401776997645,80.86956521739144
6.590283155441284,0.2689537821301794,0.2499715901866443,1.42493064534803,81.64251207729482
6.650508165359497,0.2694279425148027,0.2532766413697555,1.4316758791721624,82.0289855072465
6.690110445022583,0.2698245695184457,0.2562553528442988,1.4451663468204279,82.80193236714989
6.750043869018555,0.27016355290864796,0.2590730928150642,1.4569705060126599,83.47826086956535
6.7900710105896,0.2705052170501782,0.2622265842684966,1.4687746652048919,84.15458937198079
6.850060224533081,0.2708149576921823,0.2653833711582267,1.4772062074850578,84.63768115942041
6.89008903503418,0.2710927431265007,0.2685431303238848,1.4890103666772898,85.31400966183585
6.950112819671631,0.2713332117739584,0.27170594830190165,1.5008145258695218,85.99033816425131
6.990034341812134,0.2715776717776837,0.2753705834668947,1.5075597596936543,86.37681159420299
7.050052642822266,0.27174733805299983,0.278370791523616,1.5210502273419197,87.14975845410638
7.0900654792785645,0.2719175966049175,0.28203962289224377,1.5277954611660522,87.53623188405805
7.15041446685791,0.27206310434583836,0.2857095192236486,1.5345406949901848,87.92270531400973
7.190061092376709,0.2721672498452532,0.2890467853365438,1.5446585457263837,88.50241545893726
7.250097274780273,0.2722198910634696,0.2918843542227254,1.5598353218306822,89.37198067632858
7.2901318073272705,0.27223255942525454,0.29488932918788036,1.5733257894789476,90.14492753623196
7.350174427032471,0.2722072228697972,0.2982281237985578,1.5834436402151466,90.72463768115949
7.390078544616699,0.27215599099193194,0.3003977980041407,1.605365650143578,91.9806763285025
7.450382709503174,0.272023711227459,0.3037340673963273,1.615483500879777,92.56038647343003
7.490020275115967,0.2718582389767325,0.30723599542890967,1.6205424262478765,92.85024154589381
7.550111293792725,0.2716956095601837,0.31006938914573595,1.635719202352175,93.7198067632851
7.590076923370361,0.2714621386506217,0.3134001071956036,1.645837053088374,94.29951690821264
7.650090456008911,0.2712056726884269,0.31656166819338843,1.657641212280606,94.97584541062808
7.690026760101318,0.2709380638172765,0.3193870803356715,1.6728179883849044,95.84541062801938
7.7500598430633545,0.27061186317572017,0.32237432457912457,1.6863084560331698,96.61835748792278
7.7900590896606445,0.27022768933985974,0.3255229200114271,1.6981126152254018,97.29468599033822
7.850281000137329,0.269786992669145,0.3288325994275862,1.7082304659616008,97.87439613526575
7.890149116516113,0.26933918779804006,0.3319727767362571,1.7166620082417667,98.35748792270537
7.950133562088013,0.2688149999699321,0.3354392025802651,1.7250935505219327,98.840579710145
7.99008584022522,0.2683090270942164,0.3385705336361455,1.7368977097141647,99.51690821256044
8.050182342529297,0.267954499876,0.3405422484616573,1.760506028098629,100.86956521739137
8.090070724487305,0.2673082924924463,0.34381800904673804,1.770623878834828,101.4492753623189
8.150077104568481,0.2666919463340835,0.3467591231964557,1.7841143464830935,102.22222222222229
8.190390586853027,0.266035980458316,0.34969165517384787,1.797604814131359,102.99516908212567
8.25014042854309,0.2653454450121499,0.3526162399009816,1.807722664867558,103.5748792270532
8.290062427520752,0.2646204362124148,0.35553246987629294,1.8212131325158234,104.3478260869566
8.350162744522095,0.26378212824982783,0.35876440910115365,1.827958366339956,104.73429951690828
8.390120029449463,0.2630810090512167,0.3613418641174571,1.8448214509002874,105.70048309178749
8.450007677078247,0.2623408546410012,0.36390838198039266,1.8583119185485528,106.47342995169087
8.489986181259155,0.26156614510511644,0.3664646815768287,1.8718023861968183,107.24637681159426
8.550150871276855,0.2606607115465529,0.36933003061309344,1.8819202369330172,107.8260869565218
8.589354038238525,0.25957341382239413,0.37266299696008603,1.8903517792131832,108.30917874396143
8.650209426879883,0.2587172124220005,0.37519316724164714,1.9038422468614487,109.08212560386481
8.690001964569092,0.25750479651375247,0.3786600619979612,1.9105874806855812,109.46859903381649
8.749992847442627,0.2565975741312801,0.381172389612042,1.9240779483338466,110.24154589371987
8.790014505386353,0.25553891394558836,0.38398473269919003,1.937568415982112,111.01449275362326
8.850161075592041,0.2545011006681173,0.38662623073681646,1.9527451920864105,111.88405797101457
8.890152215957642,0.2530609137487891,0.3901856330398822,1.95780411745451,112.17391304347834
8.95008397102356,0.25179033149747215,0.3932733202222186,1.9645493512786425,112.56038647343001
8.990063428878784,0.2503082301377979,0.39681547474698603,1.969608276646742,112.85024154589378
9.050081729888916,0.24925439392759563,0.39926991393625016,1.9830987442950074,113.62318840579717
9.090363264083862,0.2481018011924027,0.401863386177948,1.9949029034872394,114.29951690821261
9.150149822235107,0.24677948447464979,0.4047465651925829,2.0067070626794714,114.97584541062807
9.190106868743896,0.24549689997765656,0.40746410305555114,2.0168249134156704,115.5555555555556
9.250113725662231,0.24418232733152004,0.41016631211234633,2.030315381063936,116.32850241545898
9.289448022842407,0.24283142134675284,0.41285054161984297,2.0438058487122013,117.10144927536237
9.350370168685913,0.24130031578147584,0.41581767949013204,2.050551082536334,117.48792270531405
9.390260219573975,0.23959412269825708,0.4190700965526723,2.0572963163604667,117.87439613526575
9.45014214515686,0.23794718884101895,0.422165010102519,2.062355241728566,118.16425120772952
9.490169048309326,0.23627941669262698,0.42524874437644616,2.070786784008732,118.64734299516914
9.550085067749023,0.23466882195151162,0.4281734966690714,2.0775320178328647,119.03381642512083
9.590213298797607,0.23303362457894536,0.4310845653639125,2.0876498685690636,119.61352657004836
9.650138139724731,0.2316166688467453,0.43354359052333286,2.099454027761296,120.28985507246384
9.6901273727417,0.23008355416669496,0.4361280816543706,2.1129444954095615,121.06280193236722
9.74983263015747,0.22826197842369095,0.43912353534682536,2.1213760376897275,121.54589371980684
9.790071725845337,0.22650076040159567,0.4419601358601109,2.1314938884259265,122.12560386473437
9.850165367126465,0.2248899154850605,0.4444969081564488,2.1416117391621254,122.7053140096619
9.890127420425415,0.22316033158541324,0.4471558143726516,2.153415898354358,123.38164251207738
9.950068712234497,0.22167563878719826,0.4493762940025189,2.1669063660026233,124.15458937198078
9.990051984786987,0.2199718126762326,0.4518515741103416,2.1803968336508888,124.92753623188416
10.050082683563232,0.21823474993153408,0.4543036442662662,2.193887301299154,125.70048309178755
10.090223789215088,0.21656116590234128,0.4565957360573843,2.2090640774034527,126.57004830917884
10.150330066680908,0.21475858426530173,0.4590000518582737,2.2191819281396516,127.14975845410638
10.19010615348816,0.21283240322772642,0.46152018466091776,2.2276134704198176,127.632850241546
10.249564409255981,0.21068005694162678,0.4642875455835036,2.2360450126999836,128.11594202898561
10.290177583694458,0.20891510448690287,0.4665100466778219,2.2478491718922156,128.79227053140107
10.350456953048706,0.20670720319327232,0.4692332897607526,2.2562807141723815,129.27536231884068
10.390190124511719,0.20468887510149542,0.4716802459202343,2.2647122564525475,129.7584541062803
10.449881792068481,0.20254052169676523,0.4742361741355232,2.2748301071887465,130.33816425120784
10.49004054069519,0.20047309433192295,0.4766417898204539,2.286634266380979,131.01449275362333
10.550111770629883,0.19848581306258245,0.4788958413249954,2.3001247340292443,131.78743961352671
10.590449810028076,0.19624831374728552,0.48137410446828127,2.3102425847654433,132.36714975845425
10.650120973587036,0.19421210059543387,0.4835840526642408,2.3203604355016423,132.94685990338178
10.690357208251953,0.191924913403508,0.4860165341425718,2.3304782862378413,133.5265700483093
10.750110864639282,0.18984074688211336,0.4881813170276892,2.3439687538861067,134.2995169082127
10.790191411972046,0.187846667853105,0.4902007766355423,2.355772913078339,134.97584541062815
10.850160360336304,0.18570841650361367,0.49231215443096227,2.3692633807266046,135.74879227053157
10.890231847763062,0.18366389933433686,0.4942805339233898,2.3810675399188366,136.425120772947
10.949446439743042,0.1817163720823226,0.49610864226109674,2.394558007567102,137.19806763285038
10.990098476409912,0.18011041523956164,0.4975684413852474,2.413107400583467,138.26086956521755
11.050178289413452,0.17761150685603128,0.499782859657402,2.4198526344076,138.64734299516925
11.090070247650146,0.17522164872336282,0.5018684820676657,2.4282841766877654,139.13043478260886
11.15013313293457,0.172939344802457,0.5038232515786858,2.4384020274239644,139.7101449275364
11.190155267715454,0.17063737997262385,0.5057548294183823,2.4485198781601634,140.28985507246392
11.250018835067749,0.16844343726750874,0.507555158190677,2.460324037352396,140.96618357487938
11.290437698364258,0.1657146180984977,0.5097561640866226,2.4653829627204953,141.25603864734316
11.350130558013916,0.1634906296672296,0.5115192420030136,2.4771871219127277,141.93236714975862
11.3900887966156,0.1611123974875818,0.513356099844079,2.4906775895609927,142.70531400966198
11.45020318031311,0.15858094017085017,0.5152673733948945,2.4991091318411582,143.18840579710158
11.490042448043823,0.1564316733848227,0.5168534045339981,2.5125995994894232,143.96135265700494
11.550242900848389,0.15399285520778613,0.5186090243470411,2.522717450225622,144.54106280193247
11.590068340301514,0.1518093386369053,0.5201475619242288,2.532835300961821,145.12077294686
11.65017032623291,0.14933549599695115,0.521853474472204,2.54295315169802,145.70048309178756
11.690125465393066,0.1468445201066285,0.5235342701594983,2.553071002434219,146.2801932367151
11.750223398208618,0.14475115872772704,0.5249085684517448,2.5682477785385176,147.14975845410638
11.790185689926147,0.14194009337184157,0.5267102629203694,2.5749930123626505,147.53623188405808
11.850457668304443,0.1393965526847548,0.5283103991026163,2.5851108630988495,148.11594202898561
11.890170574188232,0.13683695252601658,0.5298847186559412,2.5952287138350485,148.69565217391315
11.950275421142578,0.13411985626160666,0.5315213709166287,2.603660256115214,149.17874396135275
11.990440607070923,0.13138633995106277,0.5331304486998525,2.6154644153074464,149.85507246376824
12.050210952758789,0.1286366834245305,0.5347117872842725,2.623895957587612,150.33816425120781
12.09018588066101,0.1260179633815247,0.5361856734280954,2.634013808323811,150.91787439613535
12.150162696838379,0.12323944870353126,0.5377157384321557,2.6424453506039765,151.40096618357495
12.190155744552612,0.12044559553865676,0.5392176130026847,2.654249509796209,152.0772946859904
12.25021767616272,0.11763420906190743,0.5406864046185498,2.6660536689884413,152.7536231884059
12.290075778961182,0.1145106211634872,0.5422782839016562,2.674485211268607,153.2367149758455
12.350067615509033,0.11196909352658616,0.5435412983720996,2.6862893704608393,153.91304347826096
12.390037536621094,0.10911209811699027,0.544919275136063,2.6980935296530717,154.58937198067645
12.450168371200562,0.10609141110207916,0.5463418226225356,2.7048387634772046,154.97584541062815
12.490144491195679,0.10305883733105425,0.5477388507957013,2.7149566142134036,155.55555555555569
12.550101518630981,0.10046633782453954,0.5488936298180271,2.730133390317702,156.42512077294697
12.59019136428833,0.09755380572821722,0.5501499735291081,2.7385649325978676,156.90821256038657
12.65012788772583,0.09432539824158541,0.5515168188427411,2.743623857965967,157.19806763285035
12.689985513687134,0.09124093482400039,0.552795207210532,2.753741708702166,157.77777777777789
12.750147104263306,0.08829955693657746,0.5539824472266441,2.7621732509823316,158.26086956521746
12.790040016174316,0.08519191218642944,0.5552034040236697,2.7722911017185305,158.840579710145
12.850000381469727,0.08253919757808988,0.5562122020650947,2.784095260910763,159.51690821256048
12.89004373550415,0.07987311560890852,0.5571851230358253,2.7992720370150614,160.3864734299518
12.950136661529541,0.07688074919549788,0.5582372570483766,2.807703579295227,160.86956521739137
12.990120649337769,0.07403512078898533,0.5592028832703939,2.821194046943492,161.64251207729473
13.050052881240845,0.07149432450205317,0.560027017191574,2.834684514591758,162.41545893719814
13.090111017227173,0.06814787368454911,0.5610720760115343,2.8431160568719234,162.89855072463774
13.150368690490723,0.0651122679137802,0.5619920435853966,2.851547599152089,163.38164251207735
13.190068244934082,0.06222705076964645,0.5628320180253606,2.8650380668003548,164.15458937198076
13.25020980834961,0.059652574406838896,0.5635439969218681,2.8785285344486207,164.92753623188418
13.29009747505188,0.05642419800616878,0.5643959225107092,2.8886463851848196,165.5072463768117
13.350153684616089,0.05351105040761885,0.5651332189895139,2.898764235921018,166.0869565217392
13.390024662017822,0.05091403031209133,0.5657579822367982,2.9122547035692845,166.85990338164265
13.450022220611572,0.047983166955566016,0.5664213637363688,2.9257451712175504,167.63285024154607
13.489973545074463,0.04537023742855617,0.5669758380627455,2.9392356388658163,168.40579710144948
13.549987316131592,0.04258677113893246,0.5675298089069286,2.9510397980580487,169.08212560386494
13.590000867843628,0.03946973316162047,0.5681174456828949,2.9594713403382142,169.56521739130454
13.649965763092041,0.03618404115567227,0.568711094935715,2.966216574162347,169.95169082125625
13.690009355545044,0.03322251867444196,0.5692204274614445,2.976334424898546,170.53140096618378
13.750410318374634,0.03009076211848876,0.5697237599626028,2.9881385840907786,171.20772946859924
13.790048837661743,0.02711878652649133,0.5701680527817734,2.9982564348269776,171.7874396135268
13.850127696990967,0.02430749004750863,0.5705568720057532,3.01006059401921,172.46376811594226
13.890086650848389,0.021160542178898914,0.5709543161461482,3.0218647532114424,173.14009661835775
13.950048446655273,0.018175275215913646,0.5712981419571336,3.0319826039476414,173.71980676328528
13.99002718925476,0.015186682334980672,0.5716117461991912,3.0421004546838404,174.2995169082128
14.050321102142334,0.01236060232551029,0.571872207447278,3.057277230788139,175.1690821256041
14.090133428573608,0.009697521923872188,0.5720791984281016,3.0707676984364047,175.9420289855075
14.150205612182617,0.00653260973592254,0.5722903229767733,3.0791992407165703,176.4251207729471
14.190048217773438,0.0031995327417731253,0.5724872725754064,3.085944474540703,176.81159420289882
14.250088453292847,0.0005316134912171366,0.572617845789509,3.099434942188968,177.58454106280217
14.290044069290161,-0.002304578572931336,0.5727207188031901,3.1112391013812006,178.26086956521766
14.350106954574585,-0.005141787345690867,0.5727901065647362,3.123043260573433,178.93719806763312
14.390098094940186,-0.008480293565096744,0.5728407782166876,3.129788494397566,179.32367149758483
14.450134515762329,-0.01165214844523969,0.5728648479443719,3.1382200366777315,179.80676328502443
14.490076303482056,-0.014991034440891574,0.5728592175473467,3.1483378874139305,180.38647342995196
14.550048828125,-0.018162790104032732,0.5728244505254215,3.156769429694096,180.86956521739157
14.59001111984253,-0.020666309293338087,0.5727674476524698,3.1719462057983945,181.73913043478285
14.650066614151001,-0.024003301298147636,0.5726548610051286,3.1786914396225274,182.12560386473456
14.690057516098022,-0.02650496943031826,0.5725429940518926,3.193868215726826,182.99516908212587
14.750044345855713,-0.029671855712413635,0.5723639018723922,3.2022997580069914,183.47826086956545
14.790200233459473,-0.032670023867349525,0.5721613611522212,3.2157902256552573,184.25120772946886
14.85006594657898,-0.03549898144332811,0.5719342767736398,3.2275943848474897,184.92753623188435
14.890109777450562,-0.03882403863615555,0.5716306552036653,3.2377122355836887,185.50724637681188
14.950164318084717,-0.042479265561106094,0.5712720081445032,3.2410848524957547,185.7004830917877
14.990113735198975,-0.04563416936507111,0.5709436413980007,3.2495163947759202,186.1835748792273
15.050135850906372,-0.0481216493681606,0.5706550224572222,3.2646931708802187,187.0531400966186
15.09011721611023,-0.051599109199931506,0.5702098773914673,3.2731247131603842,187.5362318840582
15.150106430053711,-0.05457612212087978,0.5698006963837188,3.283242563896583,188.11594202898573
15.19008207321167,-0.05754884270165278,0.5693614158614475,3.293360414632782,188.69565217391326
15.25005316734314,-0.060021282087931074,0.5689640480973752,3.3085371907370806,189.56521739130457
15.2901451587677,-0.06331090362031602,0.5683925749422779,3.3186550414732796,190.1449275362321
15.350086450576782,-0.06643087450887694,0.567820714481144,3.327086583753445,190.6280193236717
15.38948130607605,-0.06938148466578148,0.5672515618385557,3.337204434489644,191.20772946859924
15.450080633163452,-0.07199809478186853,0.5667147248128931,3.3506949021379087,191.98067632850257
15.490017652511597,-0.07493444722303585,0.5660760782988916,3.360812752874108,192.56038647343013
15.550042867660522,-0.07802635520559167,0.5653680191488983,3.3726169120663405,193.2367149758456
15.590240478515625,-0.08094800281305925,0.5646651604957031,3.3827347628025395,193.81642512077315
15.650153160095215,-0.08434883992764396,0.5638135808275544,3.391166305082705,194.29951690821272
15.690030574798584,-0.08741918219126071,0.5630171882630961,3.3995978473628705,194.78260869565233
15.750011682510376,-0.09096721550077329,0.5620680985831855,3.4063430811870035,195.16908212560404
15.790039300918579,-0.09434700243005767,0.561136475631671,3.414774623467169,195.6521739130436
15.850119352340698,-0.09771881429876131,0.560176389316171,3.4232061657473345,196.13526570048322
15.88944149017334,-0.10092144521931805,0.5592322777867335,3.4333240164835335,196.71497584541075
15.950114011764526,-0.10363472200040144,0.5583999933456217,3.445128175675766,197.39130434782624
15.990046501159668,-0.10697762920937699,0.5573436541939639,3.4501871010438654,197.68115942029
16.05015730857849,-0.1093576637827408,0.5565650059496725,3.465363877148164,198.5507246376813
16.089473724365234,-0.11235879483906547,0.5555381393004721,3.4771680363403963,199.22705314009676
16.150132179260254,-0.11534938277623567,0.5544809607334688,3.485599578620562,199.71014492753636
16.19001293182373,-0.11801546474541647,0.5535080397627381,3.4974037378127942,200.38647342995185
16.250152111053467,-0.1208269142191993,0.5524470087146691,3.507521588548993,200.96618357487938
16.29005455970764,-0.12331467361155107,0.5514744370219408,3.521012056197258,201.73913043478274
16.35008144378662,-0.12594283519231558,0.5504032997818686,3.5361888323015567,202.60869565217402
16.390077829360962,-0.12886585655158797,0.5491715575743771,3.544620374581723,203.09178743961368
16.45007610321045,-0.13162207804311796,0.5479743616345969,3.558110842229989,203.8647342995171
16.490103483200073,-0.13405747399511944,0.5468772339990375,3.5716013098782553,204.63768115942054
16.549842357635498,-0.13647593925333143,0.5457432726740558,3.588464394438586,205.6038647342997
16.58931589126587,-0.1388769167723804,0.5445727388450899,3.601954862086852,206.3768115942031
16.65008282661438,-0.14171267071394802,0.5431515624607659,3.6103864043670173,206.8599033816427
16.690046548843384,-0.14438425571017371,0.5417758195209205,3.623876872015283,207.63285024154612
16.750058889389038,-0.14644567698502076,0.5406743858595766,3.6407399565756142,208.5990338164253
16.79003620147705,-0.14907673093108423,0.5392226316925443,3.650857807311813,209.17874396135284
16.850234508514404,-0.15183962268556703,0.5376645328877534,3.6592893495919787,209.66183574879244
16.89013147354126,-0.1541517471465871,0.5363270266378686,3.6727798172402446,210.43478260869585
16.950180053710938,-0.15630116867462956,0.53504217460221,3.687956593344543,211.30434782608714
16.99010157585144,-0.1590015667436768,0.5333781154082011,3.6997607525367746,211.98067632850257
17.049340963363647,-0.16154240549241466,0.5317736923089206,3.7098786032729736,212.5603864734301
17.090166568756104,-0.16392533362913467,0.5302321924623723,3.7216827624652056,213.23671497584556
17.15021252632141,-0.1661495616265162,0.528753121028196,3.735173230113472,214.009661835749
17.190077304840088,-0.16835363447020874,0.527244179216386,3.748663697761738,214.7826086956524
17.24986696243286,-0.17081009061244964,0.5255133244420495,3.7621541654100037,215.55555555555583
17.290390729904175,-0.17351659527283786,0.5235580689813416,3.7722720161462027,216.13526570048336
17.35015630722046,-0.17620651810610793,0.5215800632825688,3.7790172499703347,216.521739130435
17.39004397392273,-0.17915068969958828,0.5193843480883614,3.785762483794467,216.90821256038666
17.450132608413696,-0.1814098974865567,0.5176666320300499,3.797566642986699,217.58454106280215
17.49000835418701,-0.18458087372608842,0.5152174882419632,3.800939259898766,217.777777777778
17.550034046173096,-0.186946661861639,0.5133646305770878,3.811057110634965,218.35748792270556
17.59001398086548,-0.18942229561960683,0.5113815823606073,3.8228612698271975,219.03381642512102
17.65012288093567,-0.19187773881869635,0.5093735879810027,3.831292812107363,219.51690821256062
17.690037965774536,-0.1943127400951136,0.5073408529967195,3.8430969712995955,220.19323671497608
17.749224424362183,-0.1967270501777032,0.5052835854988992,3.851528513579761,220.67632850241569
17.790083408355713,-0.19912392871068896,0.5032060350108029,3.8599600558599265,221.15942028985526
17.850232362747192,-0.2011230554175131,0.5014345003930791,3.873450523508192,221.93236714975868
17.890159845352173,-0.20272407979288715,0.4999692933042558,3.891999916524557,222.9951690821258
17.950080156326294,-0.20515848885790322,0.4976841578821216,3.898745150348689,223.38164251207746
17.990103721618652,-0.2070874202139974,0.49583643866232474,3.912235617996955,224.15458937198088
18.050098180770874,-0.2091119173045336,0.4938474741548254,3.9240397771891873,224.83091787439636
18.09010124206543,-0.21123229068914007,0.49171814286579324,3.9341576279253863,225.4106280193239
18.150121212005615,-0.21356822922397387,0.4893324390797362,3.9409028617495183,225.79710144927554
18.190069437026978,-0.21577010864051183,0.48704924619092727,3.949334404029684,226.28019323671515
18.25003981590271,-0.21818668781051337,0.4845093591607112,3.9543933293977833,226.5700483091789
18.290035247802734,-0.22012556076938833,0.48243683897238454,3.966197488590015,227.24637681159433
18.35007667541504,-0.22203983486022402,0.48034157693940716,3.9780016477822473,227.92270531400982
18.39009737968445,-0.22403849372934417,0.47809760774320953,3.991492115430513,228.69565217391323
18.450077772140503,-0.22601052580085879,0.4758302029409052,4.001609966166712,229.27536231884076
18.4900381565094,-0.2281760705354056,0.47328882390660093,4.011727816902911,229.8550724637683
18.550063848495483,-0.22999299580204338,0.47110860583101055,4.023531976095144,230.53140096618375
18.59023904800415,-0.2318913808575611,0.4687791919112484,4.0336498268313425,231.11111111111128
18.65034794807434,-0.23387234102833587,0.46630188701796543,4.042081369111508,231.5942028985509
18.690118551254272,-0.23562226215627405,0.46406753155661223,4.0538855283037405,232.27053140096638
18.75018811225891,-0.23755269017441247,0.4615506504709698,4.062317070583906,232.75362318840595
18.790165662765503,-0.23956006071912508,0.4588825697207767,4.072434921320105,233.33333333333348
18.85030722618103,-0.24144347269681066,0.4563303154123681,4.0808664636002705,233.8164251207731
18.8906466960907,-0.24330529854302232,0.45376227194489005,4.089298005880436,234.2995169082127
18.950194358825684,-0.2446531293554254,0.45185283069576393,4.106161090440767,235.26570048309188
18.990129232406616,-0.24597182689496755,0.44992315440634656,4.119651558089033,236.0386473429953
19.050174474716187,-0.24801842515616832,0.44687344177346117,4.1230241750011,236.23188405797117
19.09013056755066,-0.24939448798620353,0.44478123988393325,4.138200951105398,237.10144927536246
19.150423288345337,-0.25083394691967886,0.44253117311368656,4.148318801841597,237.68115942029
19.19008708000183,-0.25224674603898234,0.4402642718939099,4.161809269489862,238.45410628019337
19.25019097328186,-0.25372135497379555,0.4378393808095414,4.170240811770028,238.93719806763295
19.290132761001587,-0.25517135416328923,0.4353996942247215,4.18204497096226,239.61352657004844
19.350128173828125,-0.2566782413215031,0.43279982382006593,4.192162821698459,240.19323671497597
19.390223741531372,-0.2581587466977988,0.4301848402906043,4.202280672434658,240.7729468599035
19.450116395950317,-0.25952984785555233,0.4276999560082104,4.214084831626891,241.44927536231896
19.490111112594604,-0.2610293662434033,0.4249048375246802,4.225888990819123,242.12560386473444
19.550167083740234,-0.2626606221560383,0.42180163189845515,4.2309479161872225,242.41545893719822
19.59017324447632,-0.2641127952592091,0.4189816255135497,4.242752075379454,243.09178743961363
19.65012001991272,-0.2653822343816202,0.4164433007517881,4.2545562345716865,243.7681159420291
19.69012475013733,-0.2666173158420245,0.41388808215686407,4.269733010675985,244.6376811594204
19.750216245651245,-0.2679638949154402,0.4110161546627382,4.278164552956151,245.12077294686006
19.790136337280273,-0.2692097029590534,0.4082815619422279,4.291655020604417,245.89371980676347
19.850305557250977,-0.27028419617299,0.40583609535588233,4.305145488252683,246.66666666666688
19.890528917312622,-0.2715233281055963,0.4029161989902434,4.316949647444916,247.34299516908234
19.95019555091858,-0.27279391035691475,0.39982851180790663,4.327067498181115,247.92270531400987
19.990161418914795,-0.27390925964929724,0.3970381657747818,4.3371853489173136,248.5024154589374
20.050129652023315,-0.2750542185518752,0.3940800731724637,4.348989508109546,249.1787439613529
20.09011673927307,-0.2762252365571938,0.39095326837770167,4.359107358845745,249.75845410628042
20.150068521499634,-0.2774187457526508,0.3876568435246974,4.370911518037977,250.4347826086959
20.190093517303467,-0.27846330732822366,0.3846618253532476,4.38271567723021,251.11111111111137
20.25015354156494,-0.27942173255792574,0.38181376353726343,4.392833527966409,251.6908212560389
20.29003882408142,-0.28040039158932695,0.37879656794653116,4.404637687158641,252.3671497584544
20.3503201007843,-0.2813484735142741,0.375769625033943,4.413069229438807,252.85024154589397
20.390102863311768,-0.2821188712410804,0.3732120226734769,4.426559697087073,253.62318840579738
20.45001745223999,-0.2829952345762604,0.37016354271828095,4.438363856279305,254.29951690821287
20.490036725997925,-0.28383555294969853,0.36710493065334976,4.4501680154715375,254.97584541062832
20.550162076950073,-0.28464488225909806,0.36403797307271235,4.458599557751703,255.45893719806793
20.59006357192993,-0.2853797222434032,0.3611242048550839,4.472090025399969,256.23188405797134
20.650081157684326,-0.2860801172475234,0.35820196566795337,4.482207876136168,256.8115942028989
20.690030813217163,-0.2867509101264646,0.35527278968447945,4.492325726872367,257.3913043478264
20.750112056732178,-0.28738708061577456,0.3523358998096066,4.505816194520633,258.1642512077298
20.79009437561035,-0.28806088441635164,0.3490657041225481,4.512561428344765,258.55072463768147
20.85009217262268,-0.28871261482127275,0.3457910378994603,4.519306662168897,258.9371980676331
20.89013957977295,-0.2894052049137846,0.34218415135429675,4.526051895993029,259.32367149758477
20.950319290161133,-0.28994198236171026,0.3392274800841017,4.539542363641295,260.0966183574882
20.99017071723938,-0.2903539356540742,0.336757429043403,4.554719139745593,260.9661835748795
21.050170421600342,-0.29081075365691994,0.3337873528927176,4.564836990481792,261.54589371980705
21.0901038646698,-0.2912849140415432,0.33048230170960646,4.574954841217991,262.12560386473456
21.150089979171753,-0.2916330059666503,0.32783396742115184,4.588445308866256,262.8985507246379
21.190114498138428,-0.29200655863153824,0.3246840942270326,4.600249468058489,263.57487922705343
21.25005292892456,-0.2923226826065492,0.32169576682512063,4.613739935706755,264.34782608695684
21.290059089660645,-0.2926035106845545,0.31870391612376553,4.6238577864429535,264.92753623188435
21.350062370300293,-0.29288750232800753,0.3153771248559258,4.630603020267086,265.314009661836
21.39012360572815,-0.2931026584862595,0.312547235086121,4.642407179459318,265.9903381642515
21.45005440711975,-0.2932843959613597,0.30971500279130076,4.6542113386515505,266.66666666666697
21.490063428878784,-0.2934326894306354,0.3068808226049595,4.666015497843783,267.3429951690824
21.550023555755615,-0.2935568044283502,0.30387838517914373,4.676133348579982,267.92270531401
21.5901198387146,-0.2936584157558408,0.3007080669189992,4.684564890860147,268.40579710144954
21.65005922317505,-0.29371471558338824,0.2980375477145846,4.698055358508412,269.17874396135295
21.690038919448853,-0.2937316066543822,0.29553343662470266,4.713232134612711,270.0483091787442
21.750222206115723,-0.2937158416267677,0.29286237055370495,4.72334998534891,270.62801932367177
21.79007863998413,-0.29366770376845036,0.2898577544758685,4.733467836085109,271.20772946859927
21.850118160247803,-0.29360268104262865,0.28752143561324367,4.746958303733374,271.9806763285026
21.890068292617798,-0.29349235660021444,0.28485260234585186,4.76044877138164,272.75362318840604
21.950256824493408,-0.29337924575000474,0.2828524636413706,4.777311855941971,273.71980676328525
21.990148782730103,-0.29319782443947806,0.28035487601190984,4.792488632046269,274.58937198067656
22.05012607574463,-0.29296614345287325,0.27769382989953706,4.805979099694534,275.3623188405799
22.090132474899292,-0.29264290253286657,0.27437062260823575,4.812724333518666,275.74879227053157
22.150302171707153,-0.29237316768428995,0.2718810240923679,4.827901109622965,276.6183574879229
22.189540147781372,-0.2920294331995713,0.2690638597582025,4.839705268815196,277.2946859903383
22.250468254089355,-0.2916968178866238,0.26658187975982645,4.851509428007429,277.9710144927538
22.289995670318604,-0.2912226575020013,0.26327682857671597,4.858254661831561,278.35748792270545
22.350045442581177,-0.2908165970550274,0.2606367608872176,4.871745129479827,279.13043478260886
22.390076875686646,-0.29034971665701415,0.25783736970775845,4.883549288672059,279.8067632850243
22.450050115585327,-0.28984982509401913,0.25504368455962073,4.8953534478642915,280.4830917874398
22.490113258361816,-0.28926481667036885,0.2519261522218997,4.900412373232391,280.7729468599035
22.550166606903076,-0.2886587932299639,0.24881263679361607,4.908843915512557,281.2560386473432
22.59012484550476,-0.28805733377209036,0.2458684422434661,4.918961766248756,281.83574879227075
22.650176525115967,-0.28742611668718315,0.24293048376514914,4.929079616984955,282.41545893719825
22.689378023147583,-0.28679958971536634,0.24016244615065238,4.940883776177188,283.09178743961377
22.75006651878357,-0.28607329431672673,0.23707477101774227,4.945942701545287,283.3816425120775
22.79001235961914,-0.2855170514745378,0.2348047032471143,4.959433169193552,284.1545893719809
22.850114345550537,-0.2848507660930931,0.23221802462729996,4.969551019929751,284.7342995169084
22.889665365219116,-0.2841539942734739,0.22963939097299457,4.983041487578017,285.5072463768118
22.950061082839966,-0.2832930641193312,0.2265865165893737,4.991473029858183,285.9903381642514
22.990225553512573,-0.2824951609881984,0.22386293092429776,5.003277189050415,286.66666666666686
23.050416946411133,-0.28157775322488016,0.2208265505580913,5.008336114418515,286.95652173913066
23.090135097503662,-0.28073403765967225,0.21811680659846933,5.020140273610746,287.63285024154607
23.150065183639526,-0.27985839536841906,0.21541721054360363,5.0319444328029785,288.3091787439615
23.18995213508606,-0.27884418988853354,0.21241177713441795,5.043748591995211,288.98550724637704
23.2500319480896,-0.27785221323633125,0.20957522687925204,5.05386644273141,289.56521739130454
23.28998303413391,-0.27699573731849336,0.20722207863468461,5.069043218835708,290.43478260869585
23.3499858379364,-0.27592759821580876,0.20441332199056067,5.082533686483973,291.2077294685992
23.38934302330017,-0.2750040251694404,0.20208569004225563,5.097710462588272,292.0772946859905
23.450027227401733,-0.27373865151519605,0.19899586465746827,5.104455696412405,292.46376811594223
23.49005699157715,-0.27276427809899506,0.19668903694293374,5.119632472516703,293.33333333333354
23.550002336502075,-0.2716856626037628,0.19424538575973022,5.136495557077034,294.2995169082127
23.590070724487305,-0.2705025371194581,0.19166569927295163,5.148299716269266,294.97584541062815
23.650012969970703,-0.26915111700730826,0.18879604660878554,5.156731258549431,295.45893719806776
23.690105438232422,-0.2678456653361846,0.18608941937864143,5.16684910928563,296.03864734299526
23.75001096725464,-0.2665128957015515,0.1833961388270473,5.176966960021829,296.6183574879228
23.790027856826782,-0.26515294453907623,0.18071648066521379,5.187084810758028,297.1980676328503
23.849090099334717,-0.2639915012291628,0.17849794351280754,5.202261586862327,298.06763285024164
23.890035152435303,-0.26264139996617863,0.1760015871958191,5.214065746054558,298.74396135265704
23.95006561279297,-0.2610258754828494,0.17307955501990188,5.22081097987869,299.1304347826087
23.99008083343506,-0.25963387190257275,0.17060631942372964,5.229242522158856,299.6135265700483
24.04993772506714,-0.2579741881455307,0.1677091412759563,5.235987755982988,299.99999999999994
24.090371131896973,-0.25645854120711203,0.16511436780093736,5.246105606719187,300.5797101449275
24.150062084197998,-0.2548333581123762,0.16239039595066784,5.254537148999352,301.0628019323671
24.190429210662842,-0.2533505793508816,0.15997049193890625,5.269713925103651,301.9323671497584
24.249992847442627,-0.2517525883342416,0.1574256029945055,5.276459158927784,302.3188405797101
24.290023803710938,-0.24978377788069778,0.15432510352120368,5.279831775839851,302.512077294686
24.350096940994263,-0.24833295449571086,0.1520823476278203,5.293322243488117,303.2850241545894
24.39006805419922,-0.24649585264295484,0.14929429307743364,5.296694860400184,303.47826086956525
24.450029373168945,-0.2448255732449626,0.14679625349383232,5.3068127111363825,304.0579710144928
24.490037441253662,-0.24313010497983853,0.14431524112172445,5.3169305618725815,304.63768115942037
24.54902720451355,-0.24140546925018067,0.14185441471001073,5.330421029520847,305.4106280193237
24.590168476104736,-0.23965190636079423,0.13941411714176946,5.340538880257046,305.9903381642513
24.650096893310547,-0.23806768794861485,0.13726351385100605,5.354029347905312,306.7632850241547
24.69011950492859,-0.23566424576589545,0.13405775944981987,5.357401964817379,306.95652173913055
24.75000786781311,-0.23414357652570378,0.13206818092141673,5.372578740921678,307.82608695652186
24.79004693031311,-0.23249127794450977,0.12996943084332022,5.386069208569943,308.5990338164252
24.850192308425903,-0.23070764933553353,0.1277618898432659,5.397873367762175,309.27536231884073
24.89013981819153,-0.22900279787224181,0.12570560095795844,5.411363835410441,310.04830917874415
24.95012879371643,-0.22748391883051897,0.12392919440557726,5.428226919970772,311.0144927536233
24.99016261100769,-0.22560883767207066,0.12179878624493838,5.440031079163004,311.6908212560388
25.050196170806885,-0.22381549747359344,0.11981919703900223,5.4568941637233355,312.65700483091797
25.090163469314575,-0.2221047272157619,0.11799050275518434,5.472070939827634,313.5265700483093
25.15054965019226,-0.22002056069436726,0.11582571987006693,5.485561407475899,314.29951690821264
25.190112590789795,-0.21791098652489807,0.11368568906372288,5.495679258212098,314.8792270531402
25.250107526779175,-0.21531065652085746,0.11109192819270722,5.50242449203623,315.26570048309185
25.290016412734985,-0.21304798330202326,0.10886896786079661,5.5108560343163955,315.74879227053145
25.35012149810791,-0.2106446223664352,0.10655120005391465,5.5209738850525945,316.32850241545896
25.39010524749756,-0.20809863082122862,0.10414105315737876,5.52940542733276,316.81159420289856
25.450072050094604,-0.20565652872958542,0.10186414104503842,5.536150661156892,317.1980676328502
25.49005675315857,-0.20368451740442953,0.10006247131248729,5.549641128805158,317.9710144927536
25.55009388923645,-0.20131944421628248,0.09794878459322424,5.558072671085323,318.45410628019323
25.59004497528076,-0.19881308167435566,0.09574280675975627,5.5648179049094555,318.8405797101449
25.65013837814331,-0.19616390013789686,0.09344656674659682,5.573249447189621,319.3236714975845
25.690070867538452,-0.19400062702164164,0.09160949905427553,5.585053606381853,319.99999999999994
25.750105381011963,-0.19168891998206963,0.08968959135029828,5.595171457118052,320.5797101449275
25.79005765914917,-0.1891024616925525,0.08757809308841968,5.6019166909421845,320.96618357487915
25.850094079971313,-0.18675870929630764,0.08569743901770567,5.6120345416783834,321.54589371980666
25.890074968338013,-0.1843960490125437,0.08384059454060973,5.622152392414582,322.1256038647342
25.950424671173096,-0.1822765702035809,0.08221497094638786,5.635642860062848,322.89855072463763
25.990086555480957,-0.17947508541587806,0.08010723187444037,5.640701785430948,323.1884057971014
26.050159692764282,-0.17692442002126368,0.07822166862246586,5.652505944623179,323.8647342995168
26.090173959732056,-0.1746224905832112,0.07656164177210875,5.664310103815412,324.5410628019323
26.150062084197998,-0.17189634180993466,0.07463386993413351,5.671055337639544,324.92753623188395
26.190179109573364,-0.16888334288769233,0.07253359636135943,5.677800571463676,325.3140096618356
26.250060081481934,-0.1662675181373914,0.07073952177868685,5.686232113743841,325.7971014492752
26.290067672729492,-0.16336303399647417,0.06877614385115897,5.691291039111941,326.08695652173895
26.350072860717773,-0.1604486544822738,0.06682748455350115,5.69634996448004,326.3768115942027
26.39010524749756,-0.15752445418154504,0.06489359375711037,5.70140888984814,326.66666666666646
26.450050354003906,-0.15500273087452776,0.06325929066666391,5.714899357496405,327.4396135265699
26.490100383758545,-0.15232216330103257,0.06156347221635475,5.72333089977657,327.9227053140094
26.550045013427734,-0.15005169571443416,0.06015641165265024,5.733448750512769,328.502415458937
26.59003973007202,-0.14734013469350607,0.05851060499260089,5.741880292792935,328.9855072463766
26.650111198425293,-0.14447279590374792,0.05679988594551038,5.748625526617067,329.37198067632823
26.6900417804718,-0.14202217651067534,0.0553684416147824,5.760429685809299,330.0483091787437
26.75001621246338,-0.13926720238303128,0.053796385544380085,5.768861228089465,330.5314009661833
26.79038977622986,-0.13707567825109387,0.05258474218188302,5.78741062110583,331.59420289855046
26.85003399848938,-0.1342792964359828,0.051087581042729674,5.795842163385997,332.0772946859901
26.890188694000244,-0.13191285680674977,0.04984870817882257,5.805960014122196,332.65700483091763
26.950067281723022,-0.129086753470083,0.04840843644648822,5.817764173314428,333.33333333333314
26.990150213241577,-0.12594985476189877,0.046842950098499585,5.822823098682528,333.6231884057969
27.05002760887146,-0.1235469067764439,0.045676466720592945,5.839686183242859,334.5893719806761
27.090243101119995,-0.12067384492945371,0.04433230960334663,5.851490342435091,335.26570048309156
27.150057077407837,-0.11824030253487397,0.04323107670086184,5.864980810083356,336.0386473429949
27.190126657485962,-0.11503062764029588,0.04182080435756947,5.8734123523635215,336.5217391304345
27.250096321105957,-0.11226639354474774,0.040642226870256495,5.886902820011787,337.29468599033794
27.29009771347046,-0.10933309072152864,0.03943517373150516,5.89870697920402,337.9710144927534
27.350114107131958,-0.10684862558324981,0.038454217326557585,5.915570063764352,338.93719806763266
27.390122413635254,-0.10388382690334037,0.03732673716261237,5.924001606044517,339.4202898550722
27.45013928413391,-0.10075407006831777,0.03616363203109881,5.93074683986865,339.8067632850239
27.490114450454712,-0.09839590784936238,0.0353210594182992,5.949296232885016,340.86956521739114
27.550050258636475,-0.09523773502546232,0.03423748394436819,5.956041466709149,341.25603864734285
27.59018635749817,-0.09254335407055433,0.033345923766080914,5.971218242813447,342.1256038647341
27.650041818618774,-0.08951881897672023,0.03239018834315209,5.9830224020056795,342.8019323671496
27.69008493423462,-0.08632426211641432,0.03141910757431833,5.9931402527418784,343.3816425120771
27.750086307525635,-0.08327950378739185,0.03052990037106227,6.004944411934111,344.0579710144926
27.79006314277649,-0.0799044730978753,0.029581191324003914,6.013375954214276,344.5410628019322
27.850135326385498,-0.07668044781818234,0.028712944591081622,6.026866421862542,345.3140096618356
27.89010262489319,-0.07328396228146039,0.027844171312265888,6.038670581054775,345.9903381642511
27.950087308883667,-0.07020062755563665,0.02709966496507478,6.053847357159073,346.85990338164237
27.990113496780396,-0.06678458012416087,0.026311311645142853,6.058906282527173,347.1497584541062
28.05007576942444,-0.06336329281720351,0.025546018123414983,6.067337824807338,347.6328502415457
28.09030771255493,-0.06042374709931745,0.024922234506240717,6.080828292455603,348.40579710144914
28.150452852249146,-0.056987675054631884,0.024226325090530767,6.085887217823703,348.6956521739129
28.18943190574646,-0.05469127612759769,0.023791393198563552,6.106122919296101,349.85507246376795
28.250148057937622,-0.05189387807958716,0.023312715391826985,6.121299695400399,350.72463768115927
28.290046453475952,-0.04909027718915572,0.02287181820556424,6.1331038545926315,351.4009661835747
28.350000619888306,-0.04595124263069487,0.022416071814173447,6.144908013784864,352.0772946859902
28.39009118080139,-0.0434684292352684,0.02208973563438564,6.160084789889162,352.9468599033815
28.450032949447632,-0.0401527732414574,0.02169652230292387,6.170202640625361,353.52657004830905
28.490081071853638,-0.03749672008726757,0.021413283651166126,6.183693108273627,354.29951690821247
28.55003595352173,-0.03417270580222775,0.021098449685105946,6.193810959009826,354.87922705313997
28.59007954597473,-0.03084615516563764,0.0208116531448084,6.200556192833959,355.2657004830917
28.650022983551025,-0.027517304663590907,0.020552914418778694,6.210674043570158,355.84541062801924
28.69011378288269,-0.024019642294716648,0.02031366775840591,6.219105585850324,356.3285024154588
28.750035762786865,-0.021186386706696286,0.02014864941205653,6.230909745042556,357.0048309178743
28.79006838798523,-0.01835138064912036,0.020017085985574043,6.242713904234789,357.68115942028976
28.85006356239319,-0.015181518930367012,0.019902110264401224,6.251145446514954,358.16425120772936
28.89008378982544,-0.012844946708969655,0.01984693747285465,6.268008531075285,359.1304347826085
28.950114965438843,-0.00967319104582946,0.019812170450929024,6.276440073355451,359.6135265700481
28.989819288253784,-0.006501254987370033,0.01980414713992109,6.284871615635616,360.0966183574877
29.050065279006958,-0.0034963216795124066,0.019824416425114608,6.294989466371815,360.6763285024153
29.090076208114624,-0.00015790565484779455,0.01988071775362026,6.305107317108014,361.2560386473428
29.15009641647339,0.0033468816526794603,0.0199664320472943,6.310166242476114,361.54589371980654
29.190101623535156,0.006350174457009298,0.02006776002990145,6.323656710124379,362.31884057970996
29.250088691711426,0.009685856542377237,0.020214103525447426,6.3304019439485115,362.70531400966166
29.2900128364563,0.012019239603292892,0.020348033633192746,6.3506376454209095,363.8647342995167
29.350013971328735,0.015016344758645907,0.02056573920582562,6.360755496157108,364.4444444444442
29.390093326568604,0.018177688392304756,0.02082487076006504,6.369187038437273,364.9275362318838
29.450078010559082,0.021502745585132196,0.02112849233003952,6.379304889173472,365.50724637681134
29.489331007003784,0.024991535941934193,0.02147377896087367,6.3843638145415715,365.7971014492751
29.550084352493286,0.02814531434997446,0.02181278410162114,6.396167973733804,366.47342995169055
29.59002184867859,0.031294871461985896,0.022188992462315812,6.4079721329260355,367.149758454106
29.64999747276306,0.033942911313935245,0.02253931721767981,6.421462600574301,367.9227053140094
29.68989133834839,0.03741321505620083,0.023037185621533864,6.429894142854467,368.40579710144897
29.750073432922363,0.04087919769692128,0.023564295994577312,6.438325685134632,368.8888888888886
29.790019273757935,0.044340612837712304,0.02412061086427851,6.446757227414798,369.3719806763282
29.85010075569153,0.0474671165384306,0.024655603707101514,6.45856138660703,370.04830917874364
29.890037298202515,0.050587087426991514,0.025227464168235396,6.470365545799263,370.72463768115915
29.950096130371094,0.05402890485580547,0.025894377804219614,6.478797088079428,371.2077294685987
29.990116596221924,0.0571355907585113,0.026534491414768758,6.493973864183727,372.07729468599
30.05089807510376,0.060233358798372834,0.027216456152630013,6.505778023375959,372.75362318840547
30.09005069732666,0.0636494062298491,0.028004809472562155,6.514209565656125,373.2367149758451
30.15038752555847,0.06705730250576004,0.028827684908931728,6.526013724848357,373.9130434782606
30.190069675445557,0.0704566987596594,0.02968499822395538,6.534445267128523,374.39613526570014
30.250321865081787,0.07336223752026233,0.030451731253912446,6.547935734776789,375.16908212560355
30.29001784324646,0.07690378833228813,0.03142473147578821,6.5546809686009215,375.55555555555526
30.350131273269653,0.07963203582051911,0.03220654598361057,6.56985774470522,376.42512077294657
30.390088081359863,0.08266918862357314,0.03312139328419216,6.581661903897452,377.10144927536203
30.450217723846436,0.0855353000613795,0.03402441059004736,6.595152371545717,377.8743961352654
30.49011754989624,0.0887078030038983,0.035065283528037894,6.605270222281916,378.45410628019295
30.55015540122986,0.09186961234446792,0.036138201552501796,6.615388073018115,379.0338164251205
30.590331554412842,0.09470195545890027,0.037142127600933425,6.632251157578447,379.9999999999997
30.650287628173828,0.0983045476370252,0.03847059013928112,6.640682699858613,380.4830917874393
30.690085411071777,0.10173857194457667,0.03977319853825397,6.650800550594812,381.0628019323668
30.75014305114746,0.10406698177994077,0.04069480870384733,6.669349943611177,382.12560386473405
30.789974212646484,0.10730679898955203,0.04203438530093169,6.68115410280341,382.8019323671495
30.850131273269653,0.10976034876002418,0.043090290607077225,6.6980171873637415,383.76811594202877
30.889998197555542,0.11265566768044454,0.044385810225428694,6.709821346555974,384.44444444444423
30.95000958442688,0.1153828599564013,0.04564773626072353,6.72331181420424,385.21739130434764
30.990029335021973,0.11778972836975805,0.04680610879687616,6.740174898764571,386.1835748792268
31.04996609687805,0.12093188901328515,0.0483610067039475,6.74523382413267,386.4734299516906
31.08993911743164,0.12361269287105761,0.04971869801818081,6.758724291780936,387.246376811594
31.1503267288208,0.12657334960278707,0.0512622987146675,6.768842142517135,387.8260869565215
31.19005537033081,0.12966687343345304,0.052911841475632486,6.777273684797301,388.3091787439611
31.250091075897217,0.13230523799632402,0.054350266816753576,6.7873915355335,388.8888888888887
31.290106534957886,0.13507336889792143,0.055899038602428106,6.799195694725732,389.56521739130415
31.350123643875122,0.13782302542445388,0.05748037718684845,6.810999853917965,390.2415458937196
31.389939546585083,0.14041138623971183,0.0590069495954257,6.821117704654164,390.82125603864716
31.44991397857666,0.14298416920144424,0.06055963206792804,6.8312355553903625,391.40096618357467
31.489930152893066,0.14539527963773652,0.06205666738670994,6.846412331494661,392.270531400966
31.549928903579712,0.1480672339274047,0.06376602487021238,6.858216490686893,392.94685990338144
31.58991289138794,0.15085992643418483,0.06559606857349028,6.868334341423092,393.526570048309
31.64994215965271,0.1534937691625861,0.06736358525361744,6.880138500615325,394.20289855072446
31.690043449401855,0.15638494388660268,0.06934650979236112,6.888570042895491,394.6859903381641
31.749971866607666,0.15857105180061667,0.0708813631013168,6.902060510543757,395.45893719806753
31.789905309677124,0.16100690599496517,0.072641093015954,6.915550978192022,396.2318840579709
31.849960327148438,0.16315081149223626,0.07423436377464446,6.929041445840288,397.0048309178743
31.889997959136963,0.16527302858920007,0.0758564109641816,6.942531913488553,397.77777777777766
31.95006227493286,0.1672406067874151,0.0774054408840521,6.9577086895928515,398.64734299516897
31.98997926712036,0.1697061768162056,0.0794009877177821,6.969512848785084,399.3236714975844
32.04997682571411,0.1718909837568451,0.0812123923975301,6.981317007977316,399.9999999999999
32.08996629714966,0.17457090064309633,0.0834726858505874,6.986375933345416,400.2898550724637
32.15009927749634,0.1767217331898728,0.08532430342379413,7.001552709449714,401.15942028985495
32.19005990028381,0.1793514599451722,0.08764279823802408,7.009984251729881,401.6425120772946
32.25003790855408,0.1813355790005,0.08943112540775895,7.023474719378147,402.415458937198
32.29000210762024,0.18354036960694683,0.09147292202111704,7.036965187026412,403.1884057971014
32.3501296043396,0.18559811734474643,0.09342746609308446,7.048769346218643,403.86473429951684
32.38995552062988,0.1876293109240466,0.09540959144862933,7.063946122322942,404.7342995169081
32.45001196861267,0.19010935569362306,0.09788754603902096,7.072377664603108,405.21739130434776
32.48997116088867,0.19185980033501207,0.09967830040972103,7.0875544407074065,406.08695652173907
32.54997134208679,0.1938126087137273,0.10173769539798744,7.102731216811705,406.9565217391304
32.58999156951904,0.19585254562301757,0.10394420676997458,7.112849067547904,407.5362318840579
32.650063037872314,0.19787005334630323,0.10617124462665264,7.122966918284103,408.11594202898544
32.690099239349365,0.1998611328144025,0.10842194175872256,7.136457385932369,408.88888888888886
32.75008034706116,0.201825506597158,0.11069598456179772,7.146575236668568,409.46859903381636
32.789952516555786,0.20365343812729433,0.11286698308846967,7.161752012772866,410.3381642512077
32.85004711151123,0.20502307502923567,0.11455049299949534,7.180301405789232,411.40096618357484
32.88999342918396,0.20709728434263566,0.11716694997745801,7.187046639613364,411.7874396135265
32.94994521141052,0.20883587968868414,0.11941012952987444,7.202223415717662,412.6570048309178
32.9899468421936,0.21033971985959785,0.12141245877330457,7.217400191821961,413.5265700483091
33.04995942115784,0.21231545683573852,0.12410404841410036,7.2241454256460935,413.9130434782608
33.08995342254639,0.2137716107061778,0.12614131952132931,7.242694818662459,414.975845410628
33.14984631538391,0.21558109275730816,0.12874651000171894,7.251126360942625,415.45893719806764
33.19002628326416,0.2168900113756601,0.13068283276233042,7.267989445502957,416.4251207729469
33.24987840652466,0.21844554852344655,0.1330566213930929,7.27979360469519,417.10144927536237
33.289944648742676,0.21997295737146888,0.1354486060277974,7.291597763887422,417.7777777777778
33.34992456436157,0.22182976419953387,0.13842234936144204,7.300029306167588,418.26086956521743
33.38994908332825,0.22357660959540732,0.14126782340916177,7.30677453999172,418.6473429951691
33.44989037513733,0.22521555220527026,0.14398353875765674,7.315206082271885,419.1304347826087
33.489967346191406,0.2269141680420007,0.14685806404586288,7.325323933008084,419.7101449275362
33.54988646507263,0.22850245671373934,0.14960371184332472,7.33375547528825,420.1932367149758
33.59038472175598,0.22998296209003505,0.15221869537278637,7.343873326024449,420.77294685990336
33.64989995956421,0.23168184910423917,0.15528539782397263,7.352304868304615,421.25603864734296
33.68993902206421,0.23295055119360383,0.15763598019865552,7.36579533595288,422.0289855072464
33.74990129470825,0.234266853611505,0.16015032230471604,7.3775994951451125,422.70531400966183
33.78990459442139,0.2354756990892604,0.1625322406707896,7.391089962793378,423.47826086956525
33.84989953041077,0.2366563444582042,0.16492826216579418,7.401207813529577,424.05797101449275
33.88995361328125,0.2381068463150076,0.16793562575484344,7.407953047353709,424.4444444444444
33.9499933719635,0.2393160116785095,0.17050320971751906,7.419757206545942,425.1207729468599
33.98990273475647,0.24063832839626126,0.17338638873215415,7.428188748826107,425.6038647342995
34.05023407936096,0.24165146166477725,0.175676458302926,7.446738141842473,426.6666666666667
34.089996576309204,0.24289551567916373,0.1785942609593388,7.455169684122639,427.14975845410635
34.15027451515198,0.2439161454674179,0.18106269311904222,7.468660151770905,427.92270531400976
34.190043449401855,0.24490338308935494,0.1835446690193207,7.48215061941917,428.6956521739131
34.25011467933655,0.2460383589860194,0.1865066062986144,7.4939547786114025,429.3719806763286
34.289968967437744,0.24696250683878362,0.18901275737904868,7.507445246259668,430.144927536232
34.35000705718994,0.24819828000422361,0.19247139530018229,7.5141904800838,430.53140096618364
34.39029359817505,0.24907152838763716,0.19499573278803872,7.527680947732065,431.304347826087
34.45000076293945,0.24996536002743988,0.1976893610625725,7.539485106924298,431.98067632850245
34.489981174468994,0.25092874283338457,0.20071146898614017,7.55128926611653,432.65700483091797
34.55004644393921,0.2520176529355606,0.20421911582915478,7.554661883028597,432.8502415458938
34.589951515197754,0.25293506069887955,0.2072554961953612,7.56646604222083,433.5265700483093
34.65001583099365,0.25392070574322156,0.2106199255463374,7.571524967588929,433.8164251207731
34.690293073654175,0.254883634674552,0.21399092671577533,7.5799565098690955,434.2995169082127
34.75003433227539,0.2557708946283756,0.21720977141033143,7.5900743606052945,434.87922705314026
34.78997564315796,0.2566711314624475,0.2205980533722891,7.598505902885461,435.3623188405799
34.84998655319214,0.25750398818925313,0.2238314016470573,7.605251136709593,435.74879227053157
34.8899986743927,0.2583961192701711,0.22739418338614636,7.611996370533725,436.1352657004832
34.95000767707825,0.2590599302204119,0.23015351723764407,7.6238005297259575,436.8115942028987
34.99006366729736,0.2598107429060608,0.2334068957438119,7.63054576355009,437.1980676328504
35.05037879943848,0.2605005411425618,0.23650292887112154,7.638977305830256,437.68115942029
35.089998722076416,0.2610484043944389,0.23911725255975927,7.655840390390588,438.6473429951692
35.14996147155762,0.2617298219756016,0.24255622785644654,7.660899315758687,438.937198067633
35.190073013305664,0.26219167073111527,0.24501743759675249,7.676076091862986,439.80676328502426
35.250022172927856,0.2627345702284582,0.24814257805251852,7.687880251055218,440.4830917874398
35.2899968624115,0.26329963882955426,0.2516025749437313,7.696311793335385,440.9661835748794
35.35003685951233,0.26378447879490274,0.2547372476444261,7.70474333561555,441.449275362319
35.390331745147705,0.2642911236004899,0.25820628094667564,7.7131748778957165,441.93236714975865
35.45024347305298,0.26474855798164315,0.2615136885690089,7.719920111719849,442.3188405797103
35.49031352996826,0.26517808988638714,0.26482483546036445,7.730037962456048,442.89855072463786
35.55029487609863,0.26559683407428425,0.26830557307130953,7.738469504736214,443.38164251207746
35.58991861343384,0.2659072911275999,0.2711265985408375,7.7502736639284455,444.0579710144929
35.65019226074219,0.266217031769604,0.2742833854305676,7.762077823120678,444.7342995169084
35.69003772735596,0.2664726242487112,0.27727749757162395,7.775568290768943,445.50724637681174
35.7499577999115,0.2666549074185182,0.2799423831860052,7.795803992241341,446.6666666666668
35.78988265991211,0.2668439970492102,0.2834431154126553,7.804235534521506,447.1497584541064
35.849987745285034,0.26698302336997937,0.28661201339375436,7.816039693713739,447.82608695652186
35.89000391960144,0.2670767543194527,0.28961555289536006,7.829530161362005,448.5990338164253
35.950005292892456,0.26712461044868285,0.29245320651632467,7.844706937466303,449.4685990338166
35.9900062084198,0.2671322114801636,0.2954581985717079,7.858197405114569,450.24154589372
36.049938678741455,0.26709814805037824,0.29913082042382905,7.868315255850768,450.8212560386475
36.089945554733276,0.2670393137476662,0.302302220943679,7.8767467981309345,451.30434782608717
36.149922132492065,0.26694642413934977,0.30563981931885775,7.8868646488671335,451.8840579710147
36.19001364707947,0.2668234307476126,0.30880938007045533,7.898668808059366,452.5603864734302
36.249910831451416,0.2666630261219129,0.31214441556492656,7.905414041883498,452.94685990338184
36.289979457855225,0.2664883008140142,0.3151443332463595,7.918904509531764,453.71980676328525
36.35000991821289,0.2662874635490536,0.3179752752582496,7.930708668723996,454.3961352657007
36.39001178741455,0.2660419704976687,0.32097023238487365,7.940826519460195,454.97584541062827
36.44998502731323,0.2657231678491962,0.3244615424373428,7.949258061740361,455.4589371980679
36.48999834060669,0.26541712413649576,0.3274509190068828,7.962748529388627,456.2318840579713
36.54999876022339,0.2650923997594533,0.3302703378052582,7.974552688580858,456.9082125603867
36.590110301971436,0.2646383465612249,0.33391494303478686,7.981297922404991,457.2946859903384
36.6500186920166,0.2641296093432182,0.33788918284252484,7.981297922404991,457.2946859903384
36.690035343170166,0.26374790242505936,0.34070145383058953,7.99647469850929,458.1642512077297
36.75007653236389,0.26332829254028717,0.3435083196674763,8.008278857701521,458.8405797101451
36.789984941482544,0.2628999869482274,0.34614486983986836,8.021769325349787,459.6135265700485
36.84997630119324,0.262351818274509,0.34926909035667447,8.03357348454202,460.28985507246404
36.88995361328125,0.26177206780128515,0.3523876047660167,8.042005026822185,460.7729468599036
36.95001268386841,0.261190481156087,0.3553357892925894,8.05549549447045,461.545893719807
36.990004539489746,0.2605741349977242,0.358276903442307,8.06561334520665,462.12560386473456
37.050008058547974,0.25985627737892325,0.3615377119053196,8.075731195942849,462.70531400966206
37.08999037742615,0.2591456115256336,0.36462902178584755,8.084162738223014,463.18840579710167
37.15016150474548,0.25833135885898406,0.3680389885900844,8.09259428050318,463.67149758454127
37.19009876251221,0.25756347663153717,0.3711165849926773,8.104398439695412,464.34782608695673
37.25011086463928,0.2568439683410797,0.3738619221489556,8.116202598887645,465.02415458937224
37.290019035339355,0.2559675693428148,0.3770837409193349,8.122947832711777,465.4106280193239
37.35009741783142,0.2550640369170439,0.3802980558617307,8.133065683447976,465.9903381642514
37.389976024627686,0.2542615421170216,0.3830202921442043,8.148242459552273,466.85990338164265
37.45011329650879,0.2532770024968269,0.3862107267744064,8.158360310288472,467.4396135265702
37.48993420600891,0.25206975775207485,0.3900311921560927,8.16173292720054,467.63285024154607
37.549904584884644,0.2512434818409586,0.3925712926679698,8.175223394848805,468.4057971014495
37.59002375602722,0.2503269708010288,0.3952572889068663,8.190400170953104,469.27536231884085
37.64997935295105,0.24937430891272175,0.39793067694608664,8.202204330145337,469.9516908212563
37.69002294540405,0.24821912409676622,0.40106336579662955,8.212322180881536,470.53140096618387
37.749903440475464,0.24708914455134373,0.4040272127831328,8.224126340073768,471.2077294685993
37.78993272781372,0.2458071399144671,0.40729023977078904,8.232557882353934,471.69082125603893
37.84994554519653,0.2447426539306153,0.4099211023426201,8.244362041546166,472.3671497584544
37.889989376068115,0.243523245421403,0.4128492904547707,8.252793583826332,472.850241545894
37.94998836517334,0.24240134603362257,0.4154561870858976,8.267970359930631,473.7198067632853
37.99023485183716,0.24097755500779594,0.41865988809034843,8.276401902210797,474.2028985507249
38.05002403259277,0.2399336207569393,0.42093608204927063,8.291578678315096,475.0724637681163
38.090014696121216,0.23850343711438637,0.42395316112379,8.301696529051295,475.65217391304384
38.1499240398407,0.23704280084090099,0.42695561563134,8.311814379787494,476.23188405797134
38.19005107879639,0.23569642321364676,0.42964211936545726,8.32530484743576,477.00483091787476
38.24990963935852,0.2343139270075759,0.4323102159283274,8.338795315084026,477.77777777777817
38.2900116443634,0.23281912418146627,0.43510785908704774,8.350599474276258,478.4541062801936
38.35015797615051,0.23121346376250798,0.43803532317945276,8.360717325012457,479.0338164251212
38.38994359970093,0.22957826638994172,0.44094639187429385,8.370835175748656,479.6135265700487
38.45029044151306,0.22815716599943947,0.4434030241141278,8.386011951852955,480.48309178744006
38.48995232582092,0.22661534355664956,0.4459823299477778,8.399502419501221,481.2560386473435
38.549899101257324,0.22512441183438978,0.4483972193616509,8.41467919560552,482.12560386473484
38.58989763259888,0.22351356691785462,0.4509339916579888,8.42479704634172,482.70531400966235
38.65019941329956,0.2216068799790008,0.4538760021828417,8.433228588621885,483.18840579710195
38.69030261039734,0.21976977812624476,0.4566640567332284,8.439973822446017,483.5748792270536
38.74991202354431,0.21827387113384222,0.45887699703107043,8.45683690700635,484.5410628019329
38.78986191749573,0.21665093246397168,0.46120522347098475,8.468641066198582,485.2173913043484
38.84993386268616,0.21461712959611,0.4640608366986154,8.477072608478748,485.700483091788
38.889960527420044,0.2126641568309829,0.4667689889786769,8.480445225390815,485.89371980676384
38.94995832443237,0.21108356725007027,0.46892226069131343,8.49393569303908,486.66666666666725
38.98988676071167,0.20947407373359425,0.47105401422119203,8.507426160687347,487.43961352657067
39.049991607666016,0.20773169816865705,0.4732942587775713,8.522602936791646,488.30917874396204
39.08989214897156,0.20585697854222873,0.47564276071516454,8.532720787527845,488.88888888888954
39.149898290634155,0.20395859348671075,0.4779721746349268,8.542838638264044,489.4685990338171
39.19002652168274,0.20161442272468308,0.48079957185222477,8.549583872088178,489.85507246376886
39.249985694885254,0.19999509060703455,0.4827097082744463,8.564760648192477,490.72463768116023
39.28994345664978,0.1978081953564061,0.4852327383091681,8.57150588201661,491.1111111111119
39.3499493598938,0.1957125164146125,0.4876137827239989,8.579937424296775,491.5942028985515
39.39006233215332,0.19381597644821424,0.48972511037207545,8.591741583489007,492.27053140096695
39.449926137924194,0.19200600920212427,0.49168950876848383,8.605232051137273,493.04347826087036
39.489964723587036,0.19016970680476472,0.49362931185054587,8.618722518785539,493.8164251207738
39.54992723464966,0.18819272561309905,0.49566551263865166,8.630526677977771,494.49275362318923
39.590062618255615,0.18619184707423544,0.49767823550939083,8.642330837170004,495.1690821256047
39.6498920917511,0.1840500383324045,0.4997860045531943,8.652448687906203,495.74879227053225
39.689937353134155,0.18224312637144396,0.5015197654433059,8.667625464010502,496.6183574879236
39.749950885772705,0.18004869323086228,0.503572689752704,8.677743314746701,497.1980676328511
39.789947271347046,0.17807364654008356,0.5053710315058119,8.694606399307034,498.16425120773044
39.849921226501465,0.1759479881375729,0.507251495447905,8.706410558499266,498.8405797101459
39.88996767997742,0.17392220650815743,0.508992486913035,8.7232736430596,499.80676328502517
39.94990301132202,0.1712346817738345,0.5112437291953207,8.731705185339765,500.2898550724648
39.98993515968323,0.1690407390687194,0.5130440579676154,8.743509344531997,500.96618357488023
40.04990077018738,0.16630821220649752,0.5152404591054733,8.751940886812163,501.44927536231984
40.08989763259888,0.16355726364296763,0.5174137430289316,8.760372429092328,501.93236714975944
40.15004253387451,0.1609216818119334,0.519463596634741,8.767117662916462,502.3188405797112
40.189969539642334,0.1581380678842224,0.5215948813441581,8.775549205196628,502.8019323671508
40.25002074241638,0.15573527279210592,0.5233994895492544,8.785667055932826,503.3816425120783
40.28996276855469,0.15317826263335046,0.5252764396765882,8.797471215125059,504.0579710144938
40.34989881515503,0.1506023929779856,0.5271274227264956,8.805902757405224,504.5410628019334
40.38988256454468,0.14841628506397123,0.5286622760354518,8.819393225053489,505.3140096618367
40.4499351978302,0.1455251103399544,0.530645200574196,8.827824767333654,505.7971014492763
40.48989295959473,0.1426206261990372,0.5326085785017238,8.832883692701753,506.08695652174003
40.549927711486816,0.14011556731906666,0.5342683119250399,8.846374160350019,506.85990338164345
40.589882373809814,0.1368986578347825,0.5363647318466215,8.848060468806052,506.95652173913135
40.64984345436096,0.1339518338333648,0.538263970987911,8.856492011086218,507.43961352657095
40.689908027648926,0.1311286796681,0.540046663320445,8.866609861822417,508.0193236714985
40.74989295005798,0.12899457413231083,0.5413567973673501,8.881786637926716,508.8888888888898
40.789944887161255,0.12641396922152795,0.5428964445097314,8.891904488662915,509.4685990338174
40.84990310668945,0.12367234772028125,0.544491673106634,8.903708647855147,510.14492753623284
40.88989806175232,0.12105611682610762,0.5459699731225189,8.917199115503411,510.91787439613614
40.94989538192749,0.11856777234756391,0.5473347844786333,8.929003274695644,511.59420289855166
40.98988699913025,0.11577139053245283,0.5488319456177867,8.93743481697581,512.0772946859912
41.04992628097534,0.11281334099591157,0.550380536697671,8.947552667712008,512.6570048309188
41.089927673339844,0.1104324427195553,0.5515913900700402,8.961043135360274,513.4299516908222
41.14984917640686,0.10758716719423835,0.5529934064456601,8.972847294552507,514.1062801932377
41.18998432159424,0.10472785215400018,0.554366563477157,8.981278836832672,514.5893719806772
41.249932050704956,0.10200707873851222,0.5556422699677619,8.991396687568871,515.1690821256047
41.28986716270447,0.09927143658183037,0.5568857718854052,9.004887155217137,515.9420289855082
41.349924087524414,0.09621801048746907,0.5582366162434259,9.01163238904127,516.32850241546
41.38992142677307,0.0934597740741043,0.5594291626436068,9.02175023977747,516.9082125603875
41.449978828430176,0.09084258443763404,0.5605268359503931,9.033554398969702,517.5845410628029
41.48993897438049,0.08821082527520283,0.5615891033332301,9.048731175074002,518.4541062801943
41.549962282180786,0.0852556382638168,0.5627415409498567,9.057162717354167,518.9371980676339
41.58998370170593,0.08182381543733867,0.564049938318241,9.063907951178301,519.3236714975857
41.650115966796875,0.07884961585788001,0.5651523808763939,9.075712110370533,520.0000000000011
41.69005560874939,0.07555018261667773,0.5663375480789428,9.084143652650699,520.4830917874407
41.750332832336426,0.0727127969805669,0.5673271327294851,9.094261503386898,521.0628019323683
41.7900185585022,0.06923480670594044,0.5685073425563948,9.10100673721103,521.4492753623199
41.8499960899353,0.0660658322653132,0.5695589091914566,9.107751971035164,521.8357487922717
41.88997435569763,0.0627301263046894,0.5706377728322416,9.11618351331533,522.3188405797113
41.94999980926514,0.0597039838472299,0.5715884065996018,9.124615055595495,522.8019323671509
41.99007320404053,0.056986531339235105,0.5724069541843329,9.139791831699794,523.6714975845422
42.050068616867065,0.05441814949585329,0.5731406143224886,9.15328229934806,524.4444444444456
42.09002161026001,0.051678351238153716,0.5738809343808335,9.168459075452358,525.3140096618368
42.14994549751282,0.04828333554964681,0.574755433943979,9.176890617732523,525.7971014492765
42.1901216506958,0.04504376038902231,0.5755637310255014,9.183635851556655,526.1835748792281
42.249980449676514,0.0417974852696138,0.5763446850846071,9.193753702292854,526.7632850241557
42.2900173664093,0.03854474097068998,0.5770982406028948,9.200498936116988,527.1497584541074
42.34999871253967,0.03528575873141582,0.5778243440097374,9.210616786853187,527.7294685990349
42.390010833740234,0.032182350856076035,0.5784801658542638,9.22242094604542,528.4057971014504
42.45000910758972,0.029398884566452323,0.5790341366984468,9.234225105237652,529.082125603866
42.48995780944824,0.026771947629151242,0.5795179184872449,9.251088189797983,530.0483091787451
42.54997158050537,0.023480417449348024,0.58007829378004,9.261206040534182,530.6280193236727
42.590028524398804,0.021170658617257847,0.5804355442808228,9.28144174200658,531.7874396135277
42.649988889694214,0.018028621376040832,0.5808701069429174,9.293245901198812,532.4637681159431
42.690054416656494,0.015212931177812014,0.5812257148580076,9.305050060391045,533.1400966183586
42.749943017959595,0.011895967885604587,0.5816077435368803,9.315167911127244,533.7198067632862
42.79000282287598,0.008575309129013966,0.5819561926947219,9.325285761863443,534.2995169082137
42.84993243217468,0.005749672355512004,0.5822214192128387,9.337089921055675,534.9758454106292
42.89001488685608,0.0025883287218522663,0.5824805507670779,9.348894080247907,535.6521739130446
42.94999432563782,-0.0004094936242668261,0.5826881470331895,9.362384547896173,536.425120772948
42.99001336097717,-0.00357607339911363,0.5828725793026388,9.370816090176339,536.9082125603877
43.04996705055237,-0.0062444178490965695,0.58299415392161,9.387679174736672,537.8743961352669
43.08996891975403,-0.00908123928997042,0.5830778939614591,9.402855950840971,538.7439613526583
43.150221824645996,-0.011418250134428046,0.583109423243373,9.419719035401304,539.7101449275376
43.190000772476196,-0.01442324753051439,0.5831043558860501,9.433209503049568,540.4830917874409
43.25004172325134,-0.017427903127980194,0.583058751399294,9.446699970697834,541.2560386473443
43.290000438690186,-0.020598765884651808,0.582975853203673,9.455131512978,541.7391304347839
43.34999632835388,-0.023268040537079773,0.5828767808985795,9.468621980626265,542.5120772946873
43.3899621963501,-0.02593550424187109,0.5827372105745554,9.485485065186598,543.4782608695666
43.45014500617981,-0.029433953604410167,0.5825097615277373,9.493916607466764,543.9613526570063
43.490018367767334,-0.032430307478321485,0.582281949124883,9.50740707511503,544.7342995169097
43.55001425743103,-0.03575636975796133,0.5819895434045487,9.517524925851228,545.3140096618372
43.59002470970154,-0.03874651088954474,0.5816910621793268,9.531015393499494,546.0869565217406
43.649980306625366,-0.04156620247844489,0.5813687151223086,9.546192169603794,546.956521739132
43.689960956573486,-0.04537647158204211,0.580894023142343,9.551251094971892,547.2463768115956
43.74996995925903,-0.048852410335639376,0.5804371524906402,9.559682637252058,547.7294685990353
43.790016889572144,-0.05166170384128446,0.5800341161637107,9.574859413356355,548.5990338164265
43.8499972820282,-0.054300036217373726,0.5796169294369268,9.588349881004621,549.3719806763299
43.88999009132385,-0.05759156639717639,0.579056554144131,9.59846773174082,549.9516908212574
43.950005292892456,-0.06071344820423685,0.578495219381956,9.606899274020986,550.434782608697
43.990050315856934,-0.06415968578943745,0.5778515366048838,9.611958199389086,550.7246376811609
44.050118923187256,-0.06694408228675564,0.5773022603288633,9.627134975493385,551.5942028985522
44.08993363380432,-0.07037538212809182,0.5765831898107742,9.635566517773551,552.0772946859918
44.15005302429199,-0.07314706932165305,0.5759730108347932,9.647370676965783,552.7536231884072
44.19002938270569,-0.07639981362057846,0.5752194553165059,9.657488527701982,553.3333333333348
44.24995279312134,-0.07980770989648939,0.5743965798801363,9.665920069982148,553.8164251207744
44.29004240036011,-0.0832099782010181,0.5735507362804447,9.670978995350248,554.1062801932383
44.349974155426025,-0.08612062261786019,0.5728036190826093,9.681096846086447,554.6859903381658
44.3899827003479,-0.08902224536958395,0.5720221970229794,9.694587313734711,555.4589371980691
44.45003318786621,-0.09223732098653128,0.5711213750812864,9.701332547558845,555.8454106280208
44.490039110183716,-0.09512253813066554,0.5702814006413218,9.71482301520711,556.6183574879242
44.55010104179382,-0.09831872798982938,0.5693157082588812,9.721568249031243,557.0048309178759
44.589977502822876,-0.10134646920566591,0.5683701788503465,9.733372408223476,557.6811594202914
44.65000033378601,-0.10404532599953642,0.5674922606947856,9.745176567415708,558.3574879227068
44.69007968902588,-0.10657332245967524,0.5666296620689694,9.76203965197604,559.3236714975861
44.74998235702515,-0.10940396861884984,0.5656209612460569,9.77215750271224,559.9033816425136
44.78997445106506,-0.11206509455836582,0.5646345652729726,9.78733427881654,560.772946859905
44.85002899169922,-0.11502415148604106,0.563492100905365,9.799138438008772,561.4492753623205
44.8900032043457,-0.11812766075044714,0.5622606701768746,9.805883671832904,561.8357487922722
44.95005440711975,-0.12075401232751634,0.5611851025707676,9.821060447937203,562.7053140096635
44.99003005027771,-0.12367286287606159,0.5599435091559413,9.832864607129434,563.3816425120789
45.04995155334473,-0.1270391057707347,0.5584745910642857,9.839609840953566,563.7681159420305
45.090070486068726,-0.12916845536599247,0.557511012274612,9.859845542425964,564.9275362318856
45.15006923675537,-0.13203696755468092,0.556157173083341,9.871649701618196,565.603864734301
45.19003248214722,-0.1345890538860982,0.5549156322508789,9.883453860810429,566.2801932367165
45.24993324279785,-0.1368240102593521,0.553786106833549,9.902003253826793,567.3429951690837
45.28998637199402,-0.1397820597958932,0.5522375157536651,9.912121104562992,567.9227053140112
45.349995851516724,-0.14227955356899363,0.5508895197837141,9.927297880667291,568.7922705314026
45.39001441001892,-0.14505029224053345,0.5493454181204454,9.939102039859524,569.468599033818
45.44999575614929,-0.1475128936661411,0.5479346869269587,9.950906199051756,570.1449275362335
45.489964962005615,-0.15039170633927756,0.5462433475209494,9.961024049787955,570.7246376811611
45.550071239471436,-0.153250354074535,0.5445181447737247,9.974514517436221,571.4975845410645
45.59016704559326,-0.15509027298546607,0.5433671411834254,9.993063910452586,572.5603864734315
45.64999270439148,-0.15747059829110233,0.5418216251786461,10.008240686556885,573.4299516908229
45.689982891082764,-0.16010741785156934,0.5400585524807653,10.020044845749116,574.1062801932383
45.749924182891846,-0.16272626424434886,0.5382688915342446,10.028476388029281,574.5893719806779
45.7902569770813,-0.1653268693780573,0.5364528255467297,10.040280547221514,575.2657004830934
45.849977016448975,-0.16790896702866734,0.5346105404289505,10.048712089501679,575.7487922705329
45.89001202583313,-0.1704722928667656,0.53274222477569,10.060516248693911,576.4251207729484
45.95000505447388,-0.17342016292551377,0.5305514774824907,10.067261482518044,576.8115942029001
45.989962577819824,-0.17514557490796018,0.5292350184612864,10.085810875534408,577.8743961352673
46.05000042915344,-0.17737253326891161,0.527475693380392,10.100987651638707,578.7439613526586
46.09000873565674,-0.1798381032977021,0.525480146546662,10.109419193918875,579.2270531400983
46.15015721321106,-0.18189869795831837,0.5237805018377979,10.119537044655074,579.8067632850258
46.19004678726196,-0.1840681544852835,0.521950740471037,10.131341203847306,580.4830917874413
46.25006556510925,-0.1864720261552089,0.5198812855362763,10.139772746127472,580.9661835748809
46.28995442390442,-0.18898581434682749,0.5176837732334657,10.146517979951604,581.3526570048325
46.350021839141846,-0.1911051185876815,0.5157961509681855,10.158322139143836,582.028985507248
46.38999056816101,-0.193452286280947,0.5136625984021191,10.166753681424002,582.5120772946876
46.44999551773071,-0.1955329618725862,0.5117324799176639,10.178557840616234,583.1884057971031
46.48995852470398,-0.19771349774251507,0.5096648004578473,10.188675691352433,583.7681159420306
46.549962282180786,-0.2002390777751523,0.5072332728495546,10.193734616720533,584.0579710144945
46.59001135826111,-0.2022635748656885,0.5052443083420551,10.208911392824833,584.9275362318858
46.6499605178833,-0.20438035452785427,0.5031114044786708,10.219029243561032,585.5072463768133
46.68998122215271,-0.20647181016556496,0.5009536629871844,10.232519711209298,586.2801932367167
46.74996042251587,-0.20842114299420506,0.498890977891281,10.24432387040153,586.9565217391322
46.789963722229004,-0.2105802941967578,0.4965673366072206,10.24938279576963,587.2463768115961
46.84997034072876,-0.21226623959029717,0.4947157303346149,10.26455957187393,588.1159420289873
46.8899872303009,-0.21403271182970982,0.49271212899724487,10.28142265643426,589.0821256038665
46.94996762275696,-0.21566168642222716,0.49081020906315637,10.293226815626493,589.758454106282
46.98996186256409,-0.21769647376534446,0.48837692256116555,10.305030974818726,590.4347826086974
47.04996156692505,-0.2194912472879403,0.486178433015076,10.316835134010958,591.111111111113
47.089991092681885,-0.22125994505383614,0.48395891133358765,10.32863929320319,591.7874396135285
47.14994478225708,-0.22310281266176687,0.4815853330205265,10.342129760851456,592.5603864734319
47.189998626708984,-0.22491753443468165,0.4791901670731438,10.352247611587655,593.1400966183594
47.24999451637268,-0.22680524762048074,0.47664109240561453,10.364051770779888,593.8164251207749
47.28999948501587,-0.2285670307101338,0.474206722800643,10.374169621516087,594.3961352657024
47.34992051124573,-0.23040277862158906,0.47161997342390344,10.382601163796252,594.879227053142
47.390050172805786,-0.23221665125262084,0.4690178379910579,10.391032706076418,595.3623188405816
47.44999718666077,-0.23381199473784411,0.466670616773142,10.406209482180717,596.2318840579729
47.490039348602295,-0.23546538640532363,0.46416136767779465,10.419699949828981,597.0048309178762
47.550023317337036,-0.23727418558750477,0.46135486862882424,10.426445183653113,597.3913043478279
47.59004735946655,-0.23924299604104846,0.4582543691555222,10.433190417477245,597.7777777777795
47.650285720825195,-0.24083239505026552,0.45570410528327404,10.443308268213444,598.3574879227072
47.6899528503418,-0.24256963383565877,0.45285275598936897,10.453426118949643,598.9371980676347
47.74990749359131,-0.2438454130112685,0.45069793693575216,10.468602895053943,599.806763285026
47.79000425338745,-0.2455099799422379,0.44780356164466545,10.478720745790142,600.3864734299535
47.849953174591064,-0.24715008394728016,0.44489525453468337,10.485465979614276,600.7729468599052
47.8901093006134,-0.24868717219822742,0.4421206189836099,10.493897521894441,601.2560386473449
47.949931144714355,-0.2502829502891757,0.43918775627325685,10.500642755718573,601.6425120772965
47.98999381065369,-0.2520219629497874,0.4359527683981396,10.50401537263064,601.8357487922724
48.04995012283325,-0.25350259364032096,0.4331475989753189,10.515819531822872,602.5120772946879
48.090028285980225,-0.2548760835332333,0.43047485496538074,10.525937382559071,603.0917874396154
48.14991807937622,-0.25637709018297555,0.42749237773482895,10.532682616383203,603.4782608695671
48.18988513946533,-0.2578528968941553,0.42449735086607376,10.542800467119402,604.0579710144946
48.24994874000549,-0.25914921274136066,0.42178633624920425,10.556290934767668,604.830917874398
48.28996396064758,-0.2604134377715232,0.41906020894078544,10.566408785503867,605.4106280193256
48.34995675086975,-0.2615791358843042,0.41647260074178466,10.5782129446961,606.0869565217411
48.38992977142334,-0.26284774696346086,0.413565390969113,10.590017103888332,606.7632850241565
48.450039863586426,-0.26415468740011994,0.41049291670748733,10.596762337712464,607.1497584541081
48.489957094192505,-0.2653075771324205,0.4077178707089949,10.606880188448663,607.7294685990357
48.549968004226685,-0.26630317987770075,0.40523923849236415,10.620370656096929,608.5024154589391
48.59016704559326,-0.2675110247446327,0.4021264740986529,10.630488506833128,609.0821256038666
48.650014877319336,-0.26845627021676577,0.3996282039993359,10.63723374065726,609.4685990338182
48.69000005722046,-0.26932067751611777,0.39727795769744056,10.649037899849493,610.1449275362338
48.749911308288574,-0.27021517866578026,0.39476107268119853,10.659155750585692,610.7246376811613
48.7899432182312,-0.27136411029392526,0.3914488472774873,10.66421467595379,611.0144927536251
48.849913358688354,-0.27238338241716586,0.38844512840394624,10.672646218233957,611.4975845410647
48.88988208770752,-0.2733772926275252,0.3854329223641437,10.681077760514123,611.9806763285043
48.95041346549988,-0.2741338336005178,0.3830457685327096,10.696254536618422,612.8502415458956
48.990044355392456,-0.2751022205203731,0.37985039403716453,10.706372387354621,613.4299516908231
49.05001449584961,-0.27599399460811136,0.3768063865291384,10.714803929634787,613.9130434782628
49.090004444122314,-0.277147104259664,0.3727952286933541,10.71649023809082,614.0096618357508
49.15031147003174,-0.27805605572467385,0.369582441954776,10.723235471914952,614.3961352657024
49.19004845619202,-0.2789848286637363,0.36620187072511556,10.731667014195118,614.879227053142
49.25007486343384,-0.2797993286564678,0.3631362822833443,10.740098556475283,615.3623188405816
49.29005146026611,-0.2805879523652938,0.36006393539889997,10.748530098755449,615.8454106280211
49.35005044937134,-0.2813080424732632,0.3571464869820468,10.758647949491648,616.4251207729487
49.38995909690857,-0.28192185175874446,0.35454685611348374,10.768765800227847,617.0048309178762
49.4499728679657,-0.28254837873056005,0.35177881849898696,10.777197342508012,617.4879227053158
49.49001669883728,-0.2831138636099463,0.34916824972132254,10.787315193244211,618.0676328502434
49.54993224143982,-0.2836171483215056,0.3467151777374909,10.799119352436444,618.7439613526589
49.59035086631775,-0.28422842124516184,0.3436026886780268,10.804178277804542,619.0338164251225
49.65007281303406,-0.2846944197008402,0.34114226125620534,10.81260982008471,619.5169082125623
49.69001364707947,-0.2851671226584619,0.3385133081555228,10.822727670820909,620.0966183574898
49.749929428100586,-0.2857100221558049,0.3353881676997567,10.824413979276942,620.1932367149777
49.79000496864319,-0.2861516603207802,0.33275381802232795,10.834531830013141,620.7729468599052
49.84994626045227,-0.28671672892187633,0.3292938211311152,10.832845521557108,620.6763285024173
49.890016317367554,-0.2871935702387632,0.3263268938675802,10.83959075538124,621.062801932369
49.94994592666626,-0.28762264420234734,0.32352145917479974,10.848022297661405,621.5458937198085
49.99003624916077,-0.2880327852354417,0.32071319412059773,10.853081223029506,621.8357487922724
50.049970865249634,-0.2884494951692483,0.3177372257303654,10.85982645685364,622.2222222222241
50.09001135826111,-0.28889577235111297,0.31442829417013746,10.863199073765706,622.4154589372
50.149977922439575,-0.2893555735925285,0.310952741864455,10.86488538222174,622.512077294688
50.19001579284668,-0.28984033993031405,0.3073120945066793,10.861512765309673,622.3188405797121
50.24999189376831,-0.2901928972668858,0.3046643509737517,10.86488538222174,622.512077294688
50.28994965553284,-0.2906224291716297,0.30135320408239613,10.868257999133807,622.7053140096639
50.34993767738342,-0.29097566289950355,0.29853721505273506,10.873316924501907,622.9951690821276
50.39000749588013,-0.2912705728980999,0.2960504730573777,10.881748466782074,623.4782608695674
50.44986939430237,-0.29164421022890274,0.2927325540501747,10.885121083694141,623.6714975845432
50.489912271499634,-0.29196537299382186,0.28974476397939897,10.891866317518273,624.0579710144949
50.54989051818848,-0.2923110222006663,0.2864238126068048,10.891866317518273,624.0579710144949
50.590007066726685,-0.2926710136612953,0.2829365088977171,10.893552625974307,624.1545893719829
50.65013909339905,-0.2931065751085979,0.278785685451978,10.888493700606208,623.8647342995191
50.69008255004883,-0.2935415092973403,0.2748026931273736,10.885121083694141,623.6714975845432
50.75001382827759,-0.29398987409430444,0.27082119031872964,10.881748466782074,623.4782608695674
50.79002094268799,-0.2944131818741124,0.2671728863141979,10.878375849870007,623.2850241545915
50.85011434555054,-0.2948426412150318,0.2635253013240403,10.878375849870007,623.2850241545915
50.89010977745056,-0.2953647197755459,0.2592162553238944,10.871630616045875,622.8985507246398
50.9500572681427,-0.29584262423090346,0.25540638781317665,10.869944307589842,622.8019323671518
50.989999294281006,-0.2963513614489089,0.25143214800543895,10.866571690677775,622.608695652176
51.0500807762146,-0.296898743879164,0.247294585736769,10.861512765309676,622.3188405797123
51.09007477760315,-0.2974670508343707,0.24315984556878503,10.856453839941576,622.0289855072484
51.14997458457947,-0.2980027195383432,0.23935766959215518,10.854767531485543,621.9323671497606
51.18994760513306,-0.29857839919062645,0.2353925733077831,10.84802229766141,621.5458937198089
51.250030517578125,-0.29909089313327625,0.23192439929688188,10.849708606117444,621.6425120772968
51.28999590873718,-0.2996521960228445,0.22812592299922801,10.84802229766141,621.5458937198089
51.350024461746216,-0.3001158810185741,0.2249880512750794,10.849708606117444,621.6425120772968
51.39002990722656,-0.30060118535690483,0.22168461804697778,10.849708606117444,621.6425120772968
51.45009899139404,-0.3010595782762456,0.21854596886875158,10.851394914573477,621.7391304347848
51.49001336097717,-0.3015934130484081,0.21491219231783942,10.84802229766141,621.5458937198089
51.55003309249878,-0.30211175467077384,0.2114448874605094,10.846335989205377,621.4492753623209
51.5901255607605,-0.3027141665256815,0.20748376444254352,10.84296337229331,621.256038647345
51.650028228759766,-0.30327862030016717,0.2038546180522205,10.839590755381243,621.0628019323692
51.69000744819641,-0.30379176009515435,0.20055539406101786,10.84296337229331,621.256038647345
51.74998950958252,-0.30435621386964007,0.1969262476706948,10.839590755381243,621.0628019323692
51.79000544548035,-0.3049559197893928,0.1931336448800655,10.83790444692521,620.9661835748813
51.85003995895386,-0.3054801836635516,0.18983617027310046,10.83790444692521,620.9661835748813
51.89001178741455,-0.30608628422575757,0.18604458416354544,10.836218138469176,620.8695652173933
51.95005130767822,-0.306675204414839,0.18241932767650637,10.83284552155711,620.6763285024174
51.99002504348755,-0.30730047849051506,0.1786308562897905,10.831159213101076,620.5797101449294
52.050358057022095,-0.3079940084448883,0.17451526820854865,10.826100287732977,620.2898550724658
52.08997321128845,-0.3086195776682768,0.17089615578522202,10.82272767082091,620.0966183574899
52.15000033378601,-0.30932198126094695,0.16695153605711163,10.815982436996778,619.7101449275382
52.19003415107727,-0.3099780425861885,0.16333782672687325,10.815982436996778,619.7101449275382
52.24997544288635,-0.31067347890758656,0.15956160487950297,10.81092351162868,619.4202898550745
52.29004502296448,-0.31145014300038565,0.15546089250979997,10.80586458626058,619.1304347826107
52.3500292301178,-0.312212330012939,0.15152738687687037,10.802491969348512,618.9371980676348
52.39008927345276,-0.3129586445065927,0.14776089012335536,10.797433043980412,618.647342995171
52.44996929168701,-0.31382741927907576,0.14350816466202773,10.790687810156278,618.2608695652192
52.49000072479248,-0.31468689948993134,0.13942400712108668,10.785628884788178,617.9710144927554
52.549988746643066,-0.31538274602943545,0.13615843075744324,10.785628884788178,617.9710144927554
52.590413331985474,-0.3163016589584386,0.1319162564937387,10.778883650964044,617.5845410628036
52.64997100830078,-0.3171303566953535,0.12816702414851028,10.77719734250801,617.4879227053157
52.69005846977234,-0.3180517198892009,0.12409638059778033,10.768765800227845,617.0048309178761
52.74993538856506,-0.319000519357308,0.1200320444131869,10.763706874859746,616.7149758454124
52.790016174316406,-0.3200122010299254,0.11581103225399847,10.756961641035613,616.3285024154607
52.849947452545166,-0.32101574229476676,0.11175986526387895,10.748530098755447,615.8454106280211
52.89005780220032,-0.3220913663542525,0.10755469269460416,10.741784864931315,615.4589371980694
52.95002341270447,-0.32310387453168504,0.10367806751320942,10.738412248019248,615.2657004830935
52.99000096321106,-0.324268666411575,0.09932366299698925,10.729980705739083,614.782608695654
53.050171852111816,-0.3253333783561623,0.09546104936352241,10.72323547191495,614.3961352657022
53.09006690979004,-0.3265641193781953,0.09112482342948452,10.714803929634785,613.9130434782627
53.149951696395874,-0.32763742005148394,0.0874381570786468,10.709745004266686,613.6231884057989
53.19000744819641,-0.32882430856164085,0.08343686419802307,10.704686078898586,613.3333333333352
53.24997043609619,-0.32998637286546656,0.07960241480336877,10.697940845074454,612.9468599033835
53.289979696273804,-0.3311678204097003,0.07577389324712591,10.694568228162387,612.7536231884076
53.350022315979004,-0.33241529662673586,0.07179107362529978,10.689509302794288,612.4637681159439
53.389981508255005,-0.3334744539889259,0.06844905826129222,10.687822994338255,612.367149758456
53.44991660118103,-0.33474876667303277,0.06447474369961002,10.682764068970155,612.0772946859921
53.49001669883728,-0.335770897225732,0.06129615273401406,10.686136685882222,612.270531400968
53.549975872039795,-0.33700388424377226,0.05748391735044502,10.67939145205809,611.8840579710163
53.59025955200195,-0.33825614121612396,0.05367796831221685,10.676018835146023,611.6908212560405
53.650038957595825,-0.3395772774733607,0.049718972474648154,10.670959909777924,611.4009661835768
53.69021511077881,-0.340982463414371,0.0456121615554659,10.660842059041725,610.8212560386493
53.74997806549072,-0.34224693269006434,0.04198661324265833,10.659155750585693,610.7246376811614
53.78995680809021,-0.3438720617936465,0.03742612776398741,10.64735159139346,610.048309178746
53.849990367889404,-0.34536693243883343,0.03335110565252825,10.640606357569329,609.6618357487943
53.890002489089966,-0.34682740895221575,0.029441366862540654,10.635547432201228,609.3719806763304
53.94998097419739,-0.34837027654498276,0.025384273932139274,10.628802198377095,608.9855072463787
53.98998785018921,-0.3498768014167947,0.02149204682382614,10.623743273008994,608.6956521739148
54.04999041557312,-0.3514029974130761,0.01760749088614018,10.618684347640894,608.4057971014511
54.09003472328186,-0.3528901298029189,0.013887029508640366,10.611939113816762,608.0193236714994
54.150004148483276,-0.35445555036740595,0.010018113961829129,10.610252805360728,607.9227053140114
54.18994688987732,-0.35597399875249897,0.0063103235000851144,10.603507571536596,607.5362318840598
54.24998378753662,-0.3576460409488798,0.0023047376068300457,10.596762337712464,607.1497584541081
54.289998292922974,-0.3592764777023098,-0.0015372312953268012,10.591703412344366,606.8599033816445
54.350034952163696,-0.3609198626477425,-0.005373679519036122,10.590017103888332,606.7632850241565
54.38999152183533,-0.36243772652532696,-0.008900657314089953,10.588330795432299,606.6666666666686
54.4500629901886,-0.36403088865159783,-0.012576963890779197,10.584958178520232,606.4734299516927
54.49003553390503,-0.3654330377390866,-0.015790195744785095,10.583271870064198,606.3768115942047
54.550047874450684,-0.36697465719629935,-0.019306855035478375,10.581585561608165,606.2801932367169
54.590115785598755,-0.36852220463109725,-0.022820909681428962,10.579899253152131,606.1835748792289
54.64997982978821,-0.37015248089791025,-0.02648090898474309,10.573154019328,605.7971014492772
54.69005274772644,-0.3718012518875068,-0.030132614042693115,10.569781402415932,605.6038647343013
54.75006079673767,-0.37354114230560215,-0.033926270640897066,10.561349860135767,605.1207729468617
54.79007315635681,-0.37538051520288657,-0.037857828957831616,10.554604626311635,604.73429951691
54.8499755859375,-0.3769537172096953,-0.04117661593980282,10.551232009399568,604.5410628019342
54.890058279037476,-0.37875732997301376,-0.04494039463309343,10.54617308403147,604.2512077294705
54.95008587837219,-0.3805040153346559,-0.04854629061797955,10.542800467119402,604.0579710144946
54.98999238014221,-0.3820403409851744,-0.05169757361173059,10.541114158663369,603.9613526570066
55.050050020217896,-0.3837288011028914,-0.055146136435365506,10.539427850207336,603.8647342995188
55.090036392211914,-0.38550582728240107,-0.05873717717082427,10.532682616383203,603.4782608695671
55.15001034736633,-0.3874571359270649,-0.06261439757054128,10.525937382559071,603.0917874396154
55.19006085395813,-0.3894345527412691,-0.06647836783409475,10.51919214873494,602.7053140096638
55.250035762786865,-0.391283877370704,-0.07003271644127435,10.512446914910807,602.3188405797121
55.29002547264099,-0.39315115944319795,-0.07357766401044065,10.50907429799874,602.1256038647363
55.35002398490906,-0.3950303866234187,-0.07711629380338504,10.505701681086673,601.9323671497604
55.39039897918701,-0.39683988478133964,-0.0805029144692042,10.50401537263064,601.8357487922724
55.45003366470337,-0.398819134367538,-0.08417736954820702,10.49895644726254,601.5458937198085
55.490052700042725,-0.40041491245848637,-0.08711023225856009,10.495583830350473,601.3526570048327
55.55004382133484,-0.4025086856219376,-0.0909124102389732,10.48883859652634,600.966183574881
55.59002089500427,-0.40429659281098557,-0.09412063396391525,10.485465979614274,600.7729468599051
55.65002775192261,-0.40642872801754104,-0.09790143320689158,10.478720745790142,600.3864734299535
55.690088510513306,-0.4085002785167727,-0.10152465381585403,10.473661820422041,600.0966183574897
55.750245809555054,-0.41025063559772723,-0.10456227313043179,10.471975511966008,600.0000000000017
55.789995193481445,-0.41225981847534743,-0.10802876700330556,10.468602895053941,599.8067632850259
55.84994959831238,-0.4142865123017782,-0.1114850522548869,10.461857661229809,599.4202898550742
55.89004969596863,-0.41606751344511866,-0.11450480653935523,10.463543969685842,599.5169082125622
55.950021505355835,-0.4181938120711349,-0.11809617162871591,10.458485044317744,599.2270531400984
55.990033864974976,-0.42042716838214633,-0.12181807477667553,10.45173981049361,598.8405797101467
56.05004096031189,-0.42259571093334186,-0.12538409107721757,10.44668088512551,598.5507246376828
56.09001064300537,-0.42478226586851453,-0.1289390912976877,10.44162195975741,598.2608695652191
56.14999723434448,-0.42644860132280615,-0.13163808534848714,10.443308268213443,598.357487922707
56.18998861312866,-0.4287381847515307,-0.13532566601575827,10.43656303438931,597.9710144927553
56.25003957748413,-0.4307828032066226,-0.13857574578259005,10.431504109021212,597.6811594202916
56.290029764175415,-0.4330230576982725,-0.142097153010492,10.426445183653112,597.3913043478278
56.350056171417236,-0.43491483689032745,-0.145048771634171,10.424758875197078,597.2946859903399
56.390028953552246,-0.4369045159907272,-0.14813592058803773,10.421386258285011,597.101449275364
56.45003628730774,-0.43927438198903684,-0.15177242696157578,10.41464102446088,596.7149758454124
56.49007225036621,-0.44119592787747747,-0.15470475409369414,10.416327332916913,596.8115942029003
56.55026292800903,-0.44330589088353056,-0.15791279699097008,10.411268407548814,596.5217391304366
56.59035396575928,-0.4457124285811396,-0.16152513968854393,10.40452317372468,596.1352657004848
56.649983167648315,-0.4479506883321303,-0.16484832925483275,10.401150556812613,595.942028985509
56.69000720977783,-0.45029678169275467,-0.1683001251635317,10.396091631444513,595.6521739130451
56.74998712539673,-0.4528556505147167,-0.17201088912346388,10.387660089164346,595.1690821256054
56.78994703292847,-0.455155164820927,-0.17529199100574816,10.380914855340214,594.7826086956537
56.849921464920044,-0.45737210243459836,-0.1784270620950159,10.37922854688418,594.6859903381658
56.890074491500854,-0.45940108696831344,-0.18128610087983318,10.377542238428147,594.5893719806779
56.94993758201599,-0.46192806351805277,-0.1848152414227694,10.370797004604015,594.2028985507262
56.98998165130615,-0.46398108175179553,-0.1876570713161767,10.369110696147981,594.1062801932383
57.05004382133484,-0.46623487093405214,-0.19076575551364994,10.367424387691948,594.0096618357503
57.08998394012451,-0.46879742484846965,-0.1942691482821573,10.360679153867816,593.6231884057987
57.150004625320435,-0.47128125798767956,-0.19762319389732672,10.355620228499717,593.333333333335
57.19005274772644,-0.47368470017039865,-0.20082894829851264,10.348874994675583,592.9468599033833
57.250163316726685,-0.47642190480274305,-0.20441018964963803,10.33707083548335,592.2705314009677
57.2900390625,-0.4789842218100043,-0.20770466693843084,10.332011910115252,591.980676328504
57.350040435791016,-0.48146266968179724,-0.21085279205557642,10.325266676291118,591.5942028985522
57.39003777503967,-0.4837442999265372,-0.2137308947313352,10.325266676291118,591.5942028985522
57.44998478889465,-0.48581850923993725,-0.2163473517092979,10.325266676291118,591.5942028985522
57.490073680877686,-0.48799411186453,-0.21909646688167847,10.326952984747152,591.6908212560402
57.54999089241028,-0.49038198871503774,-0.2221033801269326,10.321894059379051,591.4009661835764
57.59012246131897,-0.49299949383222885,-0.22535418249151196,10.313462517098884,590.9178743961367
57.64996838569641,-0.4956388666595769,-0.22858725535340885,10.308403591730784,590.6280193236729
57.69003629684448,-0.4980821059285685,-0.2315493601780451,10.303344666362683,590.338164251209
57.749971866607666,-0.5005402989363734,-0.23449906698619657,10.298285740994583,590.0483091787453
57.790071964263916,-0.5029034876815767,-0.23731058802301447,10.294913124082516,589.8550724637694
57.850017786026,-0.5056077391697897,-0.24048959304669246,10.28648158180235,589.3719806763297
57.890045404434204,-0.5082269042134645,-0.24352165011745902,10.279736347978218,588.9855072463781
57.950019121170044,-0.5113123135326504,-0.2470331603999443,10.26961849724202,588.4057971014506
57.990039587020874,-0.5135288379825994,-0.24953020079931873,10.26961849724202,588.4057971014506
58.04999566078186,-0.5156325353411456,-0.251904163763672,10.271304805698053,588.5024154589385
58.090025186538696,-0.5180707122360887,-0.2546509082029841,10.267932188785986,588.3091787439627
58.14998817443848,-0.5206317986598156,-0.25751173316230536,10.262873263417887,588.0193236714989
58.19004440307617,-0.5234312837570257,-0.26060720279429583,10.257814338049787,587.729468599035
58.25008535385132,-0.5261362814594682,-0.2635629401026792,10.251069104225655,587.3429951690835
58.289966106414795,-0.5286249864228423,-0.2662639878977403,10.251069104225655,587.3429951690835
58.350048542022705,-0.5311182426453084,-0.26896083513016894,10.247696487313588,587.1497584541075
58.390002727508545,-0.5337319519957676,-0.27177366405297926,10.246010178857555,587.0531400966196
58.45043110847473,-0.5364716504291517,-0.2746972659582505,10.239264945033423,586.666666666668
58.49001455307007,-0.5392261040251918,-0.27760697058134437,10.235892328121356,586.4734299516921
58.55000615119934,-0.5421080787454439,-0.28062579001348964,10.230833402753255,586.1835748792282
58.59003520011902,-0.5446553933827039,-0.2832716357619661,10.227460785841188,585.9903381642524
58.6499502658844,-0.5475677640323181,-0.28626114178325784,10.219029243561023,585.5072463768128
58.68997240066528,-0.5499037025671518,-0.2886468455693148,10.22240186047309,585.7004830917887
58.74996829032898,-0.5524732349554693,-0.2912711197339773,10.219029243561023,585.5072463768128
58.78997826576233,-0.5552860005147617,-0.29412449414243685,10.215656626648956,585.314009661837
58.85001015663147,-0.5579930714791062,-0.29684758979108405,10.210597701280857,585.0241545893732
58.890095949172974,-0.5607093109886423,-0.29956154005675023,10.208911392824824,584.9275362318853
58.95013689994812,-0.5633140111743044,-0.3021509122835142,10.205538775912757,584.7342995169093
58.98998427391052,-0.5661697561634124,-0.3049612710085847,10.198793542088625,584.3478260869578
59.04999756813049,-0.5691666193460324,-0.3078660705054056,10.19036199980846,583.8647342995181
59.08999180793762,-0.5715738853340784,-0.3101797822108958,10.19036199980846,583.8647342995181
59.149991035461426,-0.5749604013743667,-0.3134018877708972,10.18024414907226,583.2850241545906
59.1900155544281,-0.577634008752975,-0.31592004884020475,10.18024414907226,583.2850241545906
59.2499897480011,-0.5805599196070825,-0.3186572812527352,10.173498915248128,582.898550724639
59.289958238601685,-0.5836245187348417,-0.32149052696008396,10.168439989880028,582.6086956521751
59.350006341934204,-0.5864527248970536,-0.3240875893431811,10.166753681423994,582.5120772946872
59.390066385269165,-0.58903899504189,-0.32645446233281916,10.165067372967961,582.4154589371992
59.45005416870117,-0.592127373585661,-0.3292617683408019,10.16000844759986,582.1256038647355
59.49001145362854,-0.5951035521686536,-0.3319442590954037,10.156635830687794,581.9323671497596
59.55004644393921,-0.5982154905741086,-0.33472542583127707,10.151576905319693,581.6425120772957
59.59000277519226,-0.6012186573993388,-0.3373776672656548,10.14483167149556,581.256038647344
59.65003561973572,-0.604235203229282,-0.34001468202902824,10.141459054583493,581.0628019323681
59.6900589466095,-0.6071324426988933,-0.34253450078707465,10.13977274612746,580.9661835748801
59.74998593330383,-0.6102908354809411,-0.34526279770756946,10.134713820759359,580.6763285024164
59.78999590873718,-0.6134629900387656,-0.34797508171064706,10.129654895391258,580.3864734299525
59.85002112388611,-0.6166488251884575,-0.35067128338171444,10.124595970023158,580.0966183574888
59.89004921913147,-0.619588142636041,-0.35314188979715394,10.122909661567125,580.0000000000008
59.94995307922363,-0.6222718672620943,-0.35539766087212116,10.124595970023158,580.0966183574888
59.9900267124176,-0.62534549231724,-0.3579679185686896,10.117850736199026,579.710144927537
60.04999876022339,-0.6288251628639131,-0.3608331361347667,10.10941919391886,579.2270531400975
60.09002208709717,-0.6324611127463561,-0.3637708773730802,10.099301343182661,578.6473429951699
60.149978160858154,-0.6354660115745653,-0.3661612886661224,10.094242417814563,578.3574879227062
60.18998432159424,-0.638878743095556,-0.36884339735526117,10.087497183990429,577.9710144927544
60.249988079071045,-0.6419076735299836,-0.3712032836959739,10.085810875534396,577.8743961352665
60.28998064994812,-0.6449445457155693,-0.3735529412127401,10.080751950166295,577.5845410628027
60.35000014305115,-0.6483975884095682,-0.3761829487427957,10.070634099430096,577.0048309178752
60.39000344276428,-0.6511955149175344,-0.3782954089831702,10.072320407886128,577.1014492753629
60.44999384880066,-0.6542638077802561,-0.38060388510958904,10.067261482518028,576.8115942028992
60.48997163772583,-0.6570723852181307,-0.3827021638771999,10.065575174061994,576.7149758454112
60.54997229576111,-0.6601561793734222,-0.38498989129222805,10.060516248693894,576.4251207729474
60.59008288383484,-0.6633840867733459,-0.38736349813075566,10.057143631781827,576.2318840579716
60.64997625350952,-0.6660773413081907,-0.38933696497969483,10.057143631781827,576.2318840579716
60.69005370140076,-0.6693172152513591,-0.3916942117717755,10.050398397957695,575.8454106280199
60.74997091293335,-0.6724315903734295,-0.39394013045167053,10.048712089501661,575.7487922705319
60.79000639915466,-0.6754159823146256,-0.39608085844168855,10.045339472589594,575.5555555555561
60.84999871253967,-0.6781323437909309,-0.3980223969356082,10.045339472589594,575.5555555555561
60.890021562576294,-0.6800268970532017,-0.3993910757581033,10.055457323325793,576.1352657004836
60.94991850852966,-0.6834079659489954,-0.40183799671595377,10.047025781045628,575.652173913044
60.98994302749634,-0.6865336631049976,-0.40406813133221275,10.04196685567753,575.3623188405803
61.04997730255127,-0.6896706022999909,-0.406282424809733,10.036907930309429,575.0724637681164
61.089924573898315,-0.6929575102151638,-0.408573632343668,10.030162696485297,574.6859903381649
61.15006375312805,-0.6959810956639967,-0.41065863656897117,10.02679007957323,574.492753623189
61.189918756484985,-0.6988722703880133,-0.4126415611077148,10.025103771117196,574.396135265701
61.25001096725464,-0.7024662475135275,-0.41507544111215244,10.014985920380997,573.8164251207735
61.28993272781372,-0.7057988435117015,-0.4172996712080157,10.01161330346893,573.6231884057976
61.3499436378479,-0.7092839116996846,-0.4195960485239603,10.003181761188765,573.140096618358
61.389872312545776,-0.7123592637077523,-0.4216039134627453,10.003181761188765,573.140096618358
61.44990420341492,-0.7157215614504412,-0.4237829842500079,9.996436527364633,572.7536231884063
61.489856243133545,-0.7190948398775037,-0.4259450176123569,9.993063910452566,572.5603864734304
61.54993939399719,-0.7223327956061731,-0.42800878257398806,9.991377601996533,572.4637681159426
61.58995318412781,-0.7260028960210169,-0.4303262826062825,9.9846323681724,572.0772946859909
61.64997625350952,-0.7292615665244455,-0.4323571813402816,9.979573442804302,571.7874396135271
61.689963817596436,-0.7320966810512037,-0.43412079042777707,9.982946059716369,571.980676328503
61.74992609024048,-0.7352153070306362,-0.43606076042402286,9.979573442804302,571.7874396135271
61.79000282287598,-0.7383371999622106,-0.4379954686991164,9.979573442804302,571.7874396135271
61.84994649887085,-0.742038229627258,-0.4402632479814035,9.969455592068103,571.2077294685996
61.89003252983093,-0.7450352181240728,-0.4420822974477738,9.971141900524136,571.3043478260876
61.949947357177734,-0.7481765260170704,-0.4439853203870252,9.96776928361207,571.1111111111117
61.98992371559143,-0.7514656425476715,-0.44596653101838324,9.966082975156036,571.0144927536237
62.04995012283325,-0.7544717950902545,-0.44777039573112243,9.964396666700003,570.9178743961357
62.089946269989014,-0.7580577703032245,-0.4499057717692109,9.959337741331904,570.6280193236721
62.14997911453247,-0.7613667637317791,-0.45185360276995645,9.954278815963804,570.3381642512082
62.18990182876587,-0.7648315623216353,-0.4538657077220221,9.947533582139672,569.9516908212566
62.24996280670166,-0.7678677047356791,-0.4556186253620686,9.949219890595705,570.0483091787445
62.28992772102356,-0.7716358541690003,-0.4577730378812698,9.939102039859506,569.468599033817
62.349936962127686,-0.7746895766344818,-0.45949514708656464,9.937415731403473,569.371980676329
62.389992237091064,-0.7783318541365837,-0.4615330046992939,9.932356806035372,569.0821256038653
62.44989776611328,-0.7824284070622434,-0.4637843841116086,9.922238955299173,568.5024154589377
62.48995637893677,-0.7861045296476046,-0.46576053486230484,9.913807413019008,568.0193236714981
62.549889087677,-0.7893468200331589,-0.46748589414131697,9.913807413019008,568.0193236714981
62.58993458747864,-0.7928901919356699,-0.4693561644872533,9.907062179194876,567.6328502415465
62.64983820915222,-0.7964429800137445,-0.4712084853230372,9.903689562282809,567.4396135265706
62.689929246902466,-0.799855188564577,-0.47296925672310575,9.89863063691471,567.1497584541069
62.74994659423828,-0.8032733161054123,-0.47471851005874754,9.896944328458677,567.0531400966189
62.78990292549133,-0.806995063552403,-0.47660733111774045,9.891885403090576,566.7632850241552
62.84995985031128,-0.8105785808631253,-0.4783994804670263,9.885140169266442,566.3768115942033
62.88992714881897,-0.8143223644490701,-0.48024423885600015,9.880081243898342,566.0869565217396
62.94994807243347,-0.8180754325835086,-0.48207003419785677,9.875022318530242,565.7971014492757
62.98997473716736,-0.8216857352035446,-0.48380759300208614,9.871649701618175,565.6038647342998
63.050055503845215,-0.8253018773999253,-0.4855329657797634,9.868277084706108,565.410628019324
63.089959144592285,-0.8293814226467002,-0.4874499658824926,9.859845542425942,564.9275362318843
63.14999532699585,-0.8327146576506483,-0.48899231992562986,9.856472925513875,564.7342995169084
63.18990445137024,-0.8363565679849246,-0.4906626147270014,9.853100308601809,564.5410628019326
63.250006675720215,-0.8395469261588525,-0.49211605744455,9.851414000145775,564.4444444444447
63.28991723060608,-0.8433507855942179,-0.493833527225379,9.846355074777676,564.1545893719809
63.34995985031128,-0.8467045237367213,-0.4953307753869872,9.84298245786561,563.9613526570051
63.389936447143555,-0.8500632924405205,-0.4968167041808106,9.839609840953543,563.7681159420292
63.44995617866516,-0.8537328499612449,-0.4984253505709447,9.836237224041476,563.5748792270533
63.48992133140564,-0.8574104985123977,-0.5000154124378529,9.829491990217344,563.1884057971017
63.549909591674805,-0.8612538407583892,-0.5016426092397975,9.821060447937178,562.7053140096621
63.590070962905884,-0.8647997328675744,-0.5031157461199603,9.816001522569078,562.4154589371983
63.64997982978821,-0.8681973659871968,-0.5045105223637987,9.81262890565701,562.2222222222224
63.68999099731445,-0.8719089854418218,-0.5060195871836274,9.809256288744944,562.0289855072465
63.74993062019348,-0.875315949289231,-0.5073914140416417,9.805883671832877,561.8357487922706
63.79007887840271,-0.8793532051389339,-0.5089854681996815,9.795765821096678,561.2560386473431
63.84997534751892,-0.8832492304900488,-0.5104821430192564,9.787334278816513,560.7729468599035
63.88998603820801,-0.8865282099954028,-0.5117227777014319,9.785647970360479,560.6763285024156
63.949992179870605,-0.8904391788024579,-0.51317995718328,9.777216428080314,560.1932367149759
63.990004777908325,-0.894046230878408,-0.5144962620260334,9.772157502712213,559.9033816425122
64.05035424232483,-0.8976598958568662,-0.5157943022954924,9.767098577344115,559.6135265700484
64.0900239944458,-0.901597220085039,-0.5171786891541129,9.758667035063949,559.1304347826089
64.14996838569641,-0.9052280668772459,-0.51842786275662,9.75360810969585,558.8405797101451
64.18993496894836,-0.9090244038151643,-0.5197089644154226,9.746862875871717,558.4541062801934
64.25003981590271,-0.9129867287488528,-0.5210200823246688,9.741803950503618,558.1642512077296
64.29010581970215,-0.9163187771515631,-0.5221101898666767,9.740117642047585,558.0676328502417
64.35004210472107,-0.9202898556761147,-0.5233945513438019,9.735058716679486,557.7777777777779
64.39000201225281,-0.92362918125255,-0.5244621588117923,9.733372408223453,557.68115942029
64.4500150680542,-0.9274486273828441,-0.5256726243685818,9.729999791311386,557.4879227053142
64.49001121520996,-0.9309516524734951,-0.5267763121868488,9.729999791311386,557.4879227053142
64.54992747306824,-0.9349355224943319,-0.528020429829658,9.724940865943285,557.1980676328503
64.59005212783813,-0.9387650388320836,-0.5291986489201866,9.72156824903122,557.0048309178745
64.64994597434998,-0.9424378363292144,-0.53031848893677,9.719881940575187,556.9082125603866
64.68993592262268,-0.9461125169990925,-0.5314321338946035,9.718195632119153,556.8115942028987
64.74987244606018,-0.9496283258441729,-0.532494395515288,9.718195632119153,556.8115942028987
64.78991532325745,-0.9534657023672409,-0.5336467570152521,9.714823015207088,556.6183574879229
64.85024929046631,-0.9574679945555337,-0.5348302713969147,9.709764089838988,556.3285024154591
64.88996839523315,-0.9614781787163712,-0.535986762662876,9.701332547558822,555.8454106280195
64.94989657402039,-0.9651728834657354,-0.5370320568476382,9.699646239102789,555.7487922705316
64.99041771888733,-0.9688710925724899,-0.5380648842874333,9.694587313734688,555.4589371980677
65.05005526542664,-0.9725727639712285,-0.5390852332343299,9.692901005278655,555.3623188405799
65.09012269973755,-0.9759541170979874,-0.5400111555006686,9.691214696822621,555.2657004830919
65.14999079704285,-0.9803075379673335,-0.541179618400672,9.682783154542456,554.7826086956522
65.1899311542511,-0.9840209955586955,-0.5421562021578725,9.681096846086422,554.6859903381643
65.24995112419128,-0.9877377256672846,-0.5431202563148481,9.676037920718322,554.3961352657005
65.28990006446838,-0.9916202591978013,-0.5441098668396533,9.672665303806255,554.2028985507246
65.34997344017029,-0.9953449855613955,-0.54504254933334,9.667606378438155,553.9130434782608
65.38985133171082,-0.9992373329251164,-0.5459928269804097,9.660861144614021,553.526570048309
65.44983673095703,-1.0029728090703967,-0.5468814782538151,9.655802219245922,553.2367149758453
65.48988747596741,-1.007364870053723,-0.5478950753794419,9.647370676965757,552.7536231884058
65.54988646507263,-1.0112756487408503,-0.5487663994676535,9.640625443141623,552.3671497584539
65.58991074562073,-1.01535466245595,-0.549649969591694,9.635566517773523,552.0772946859902
65.6498658657074,-1.019439543219446,-0.5505060059227532,9.627134975493357,551.5942028985506
65.68985033035278,-1.023694452606951,-0.5513640208170594,9.620389741669223,551.2077294685988
65.74986815452576,-1.0281210860941976,-0.5522140177487789,9.60858558247699,550.5314009661834
65.78994822502136,-1.032227573969468,-0.5529595419820084,9.600154040196825,550.0483091787438
65.84989786148071,-1.035515249436522,-0.5535421064991671,9.600154040196825,550.0483091787438
65.88989019393921,-1.0396266725904268,-0.5542599147615918,9.595095114828727,549.75845410628
65.9499282836914,-1.0439080943943055,-0.5549739671350222,9.584977264092528,549.1787439613526
65.98997926712036,-1.0480299376530116,-0.5556292969777217,9.579918338724427,548.8888888888887
66.04992842674255,-1.0516595586748678,-0.5561906906218093,9.576545721812362,548.6956521739129
66.0899167060852,-1.0551255413155882,-0.5567178009948526,9.574859413356329,548.5990338164249
66.149893283844,-1.0589225856683784,-0.5572887101825688,9.573173104900295,548.502415458937
66.18993878364563,-1.0625559108226565,-0.5578256085986775,9.56980048798823,548.3091787439613
66.2499053478241,-1.0661910260624894,-0.5583502501706691,9.566427871076165,548.1159420289855
66.28994512557983,-1.0703252855904057,-0.5589220431471098,9.557996328796,547.6328502415458
66.34990048408508,-1.0746302458291952,-0.5594768050754719,9.5478784780598,547.0531400966183
66.38988995552063,-1.0784413099920058,-0.5599450710945487,9.546192169603767,546.9565217391304
66.4498999118805,-1.0827525186576703,-0.5604489791177315,9.536074318867568,546.3768115942029
66.48996043205261,-1.0869022270893027,-0.5608950385134518,9.527642776587403,545.8937198067633
66.54996228218079,-1.0907219860392703,-0.5612860943685694,9.525956468131369,545.7971014492754
66.58996295928955,-1.0947095063210344,-0.5616773457058364,9.519211234307235,545.4106280193236
66.64989495277405,-1.0983665008334407,-0.562017496734288,9.515838617395168,545.2173913043478
66.68987774848938,-1.1025237690262981,-0.5623865092337113,9.51077969202707,544.927536231884
66.74987196922302,-1.1061835015137467,-0.5626958144328983,9.507407075115003,544.7342995169081
66.78986358642578,-1.109677618161475,-0.5629822229928467,9.50572076665897,544.6376811594201
66.85025763511658,-1.1131722128141541,-0.5632627389899174,9.504034458202936,544.5410628019322
66.88984632492065,-1.1171668334166103,-0.5635732254611533,9.50066184129087,544.3478260869565
66.94987654685974,-1.1211629736237478,-0.5638634995579968,9.493916607466737,543.9613526570047
66.9899492263794,-1.125160980874486,-0.5641268123557018,9.487171373642603,543.574879227053
67.04999661445618,-1.1286601774374563,-0.564342461201838,9.48548506518657,543.478260869565
67.08990406990051,-1.1323265621310203,-0.5645591057603339,9.482112448274505,543.2850241545892
67.14991450309753,-1.1358268048638624,-0.5647570497482022,9.480426139818471,543.1884057971013
67.19021916389465,-1.1391605271361998,-0.5649427570562015,9.480426139818471,543.1884057971013
67.25005292892456,-1.1431613639666582,-0.5651588594912772,9.477053522906406,542.9951690821255
67.2899739742279,-1.1469963382669348,-0.56534979202883,9.471994597538306,542.7053140096617
67.35000705718994,-1.1509988549419083,-0.5655321539572872,9.468621980626239,542.5120772946858
67.39002084732056,-1.154668105235812,-0.5656931318023878,9.468621980626239,542.5120772946858
67.45000863075256,-1.1583376217708832,-0.5658479219337426,9.465249363714172,542.3188405797099
67.48989391326904,-1.1628421621080591,-0.5660113084848831,9.456817821434006,541.8357487922704
67.54993152618408,-1.1666802146457134,-0.5661246038329141,9.451758896065908,541.5458937198066
67.58988976478577,-1.1705187912206239,-0.5662184813926526,9.446699970697809,541.2560386473428
67.64985084533691,-1.1746917504297631,-0.5662923765273348,9.438268428417643,540.7729468599033
67.68990278244019,-1.1786981401835752,-0.5663396707864273,9.434895811505577,540.5797101449274
67.74991512298584,-1.182537753985853,-0.5663688078252038,9.429836886137476,540.2898550724636
67.7899489402771,-1.1863774442191055,-0.566384995176374,9.428150577681443,540.1932367149757
67.84988403320312,-1.189883268283719,-0.5663938630464355,9.42646426922541,540.0966183574877
67.88992500305176,-1.1933891023176475,-0.5663968190059246,9.424777960769376,539.9999999999998
67.9498610496521,-1.1975627023945694,-0.566386262017757,9.419719035401277,539.7101449275361
67.98986601829529,-1.201235398659729,-0.5663614884469652,9.416346418489212,539.5169082125603
68.04997754096985,-1.2054087613743876,-0.5663157423654848,9.411287493121112,539.2270531400965
68.08989381790161,-1.2090811182157348,-0.566260003548338,9.407914876209047,539.0338164251207
68.1498806476593,-1.212920240688143,-0.5661920200244304,9.406228567753013,538.9371980676327
68.18994355201721,-1.2172595890993085,-0.566089556268701,9.396110717016814,538.3574879227052
68.24988651275635,-1.2215979193500321,-0.5659505091889774,9.38936548319268,537.9710144927535
68.289963722229,-1.2254348802199817,-0.5658048575492363,9.38430655782458,537.6811594202896
68.34987115859985,-1.2294379891673317,-0.5656359955877589,9.380933940912513,537.4879227053137
68.38992643356323,-1.233273585598169,-0.5654579980107537,9.375875015544413,537.19806763285
68.44986891746521,-1.237441680029301,-0.5652434336492234,9.370816090176312,536.9082125603861
68.4900152683258,-1.2414417652765863,-0.5650138391788027,9.36407085635218,536.5217391304345
68.54991722106934,-1.2457729397982193,-0.5647285836479555,9.353953005615981,535.9420289855069
68.58997869491577,-1.2496023382540693,-0.5644471754320034,9.348894080247883,535.6521739130433
68.64990186691284,-1.253264548544405,-0.564168738050737,9.348894080247883,535.6521739130433
68.68999147415161,-1.257258639891525,-0.5638515158616484,9.34214884642375,535.2657004830916
68.74994802474976,-1.261416524442109,-0.5634895143200789,9.333717304143585,534.782608695652
68.79006457328796,-1.2655718726384357,-0.5630994753228487,9.328658378775486,534.4927536231883
68.8502426147461,-1.2690612402943033,-0.5627600723568406,9.326972070319453,534.3961352657003
68.89008712768555,-1.2727158572329045,-0.5623952619704583,9.323599453407386,534.2028985507244
68.94987225532532,-1.276700647740814,-0.5619771229810485,9.316854219583254,533.8164251207728
68.98993468284607,-1.280848828187337,-0.561517070771883,9.311795294215155,533.526570048309
69.05005931854248,-1.2848284054171812,-0.5610519249043294,9.305050060391022,533.1400966183573
69.09006762504578,-1.2886394695799908,-0.5605836588852534,9.299991135022923,532.8502415458936
69.15000653266907,-1.2927793027130505,-0.5600537242831636,9.294932209654823,532.5603864734298
69.18993353843689,-1.2960900862658455,-0.5596214007239286,9.294932209654823,532.5603864734298
69.25003051757812,-1.2994008698186408,-0.5591890771646937,9.294932209654823,532.5603864734298
69.29003524780273,-1.3028775740545644,-0.5587380686647134,9.296618518110856,532.6570048309177
69.34993147850037,-1.3068496338324873,-0.5582125815316676,9.289873284286724,532.2705314009661
69.39001369476318,-1.3108180587433038,-0.5576603140841326,9.28312805046259,531.8840579710143
69.45001649856567,-1.3147826682315893,-0.5570812914491768,9.276382816638456,531.4975845410626
69.49000453948975,-1.3184141619729313,-0.5565321422959203,9.27301019972639,531.3043478260867
69.54994916915894,-1.3223727101679816,-0.5559130366556195,9.266264965902256,530.917874396135
69.59008836746216,-1.325835058505295,-0.5553625595877519,9.267951274358289,531.0144927536229
69.64998984336853,-1.3296261322309229,-0.5547532623495081,9.262892348990189,530.724637681159
69.6899905204773,-1.3335782138960415,-0.5540941370817254,9.256147115166055,530.3381642512073
69.75004553794861,-1.337525759734903,-0.5534083692956089,9.249401881341921,529.9516908212555
69.79002022743225,-1.3409773019969988,-0.552793766152022,9.247715572885888,529.8550724637676
69.84992361068726,-1.3441001259484193,-0.552237696641158,9.249401881341921,529.9516908212555
69.88991045951843,-1.3480441520399071,-0.5515319673757525,9.246029264429854,529.7584541062796
69.94993758201599,-1.3513298440458554,-0.5509383181229326,9.246029264429854,529.7584541062796
69.99001812934875,-1.355762110216179,-0.5501181989793018,9.237597722149689,529.27536231884
70.04998421669006,-1.3595329461497587,-0.5493941275189476,9.23253879678159,528.9855072463763
70.089928150177,-1.3634632036316876,-0.5486153645690485,9.225793562957458,528.5990338164247
70.15002536773682,-1.367715195070329,-0.5477430044023475,9.219048329133324,528.2125603864729
70.19029068946838,-1.3716345893608437,-0.5469112929127817,9.21230309530919,527.8260869565212
70.25009894371033,-1.3758744256999693,-0.5459816525134072,9.205557861485058,527.4396135265695
70.2900288105011,-1.379457954189016,-0.5451768946901318,9.202185244572991,527.2463768115937
70.34999060630798,-1.3830387481628796,-0.5443600555978544,9.198812627660926,527.0531400966179
70.39035868644714,-1.3859684886869486,-0.5436917327041727,9.202185244572991,527.2463768115937
70.4500732421875,-1.3898733011676152,-0.5427940495210708,9.19544001074886,526.859903381642
70.49006819725037,-1.3939336013255275,-0.5418281242238909,9.187008468468694,526.3768115942024
70.55002927780151,-1.3979872937730777,-0.5408348334342685,9.181949543100593,526.0869565217386
70.58997178077698,-1.4015508264497636,-0.5399457066445944,9.178576926188528,525.8937198067628
70.6500015258789,-1.4057550906074237,-0.5388665373588326,9.16845907545233,525.3140096618353
70.69030165672302,-1.4099501063698472,-0.5377519584214105,9.161713841628197,524.9275362318836
70.75001168251038,-1.414135575511332,-0.5366020490682846,9.151595990891998,524.347826086956
70.79001188278198,-1.41831120048485,-0.5354168910470669,9.144850757067864,523.9613526570043
70.85000991821289,-1.4223174614440912,-0.5342468815690986,9.136419214787699,523.4782608695647
70.88992738723755,-1.4263137151323193,-0.5330431351209652,9.127987672507533,522.9951690821251
70.9499397277832,-1.4301432314700717,-0.5318649160304366,9.124615055595466,522.8019323671492
70.99000120162964,-1.4341249978614654,-0.5306140821260157,9.1161835133153,522.3188405797097
71.05002546310425,-1.4376204986858374,-0.5294867908713948,9.109438279491169,521.932367149758
71.0899727344513,-1.4409507040942864,-0.5283910660205868,9.10437935412307,521.6425120772943
71.14995455741882,-1.4442771951098106,-0.5272841159156691,9.102693045667037,521.5458937198064
71.19003081321716,-1.448073532047729,-0.5260030142568664,9.095947811842905,521.1594202898547
71.2499942779541,-1.452020104647953,-0.5246452168628369,9.090888886474806,520.8695652173909
71.28997015953064,-1.4556445855295541,-0.5233776911405783,9.085829961106707,520.5797101449273
71.34994268417358,-1.4586369519429647,-0.5223255571280271,9.087516269562741,520.6763285024152
71.38999080657959,-1.4621028232134774,-0.5211102185241129,9.087516269562741,520.6763285024152
71.44991970062256,-1.4652536152775795,-0.5200053652478277,9.087516269562741,520.6763285024152
71.49002289772034,-1.4690323246316326,-0.5186731673556257,9.084143652650674,520.4830917874393
71.5499176979065,-1.4724920032706237,-0.5174403107942883,9.080771035738607,520.2898550724634
71.59003496170044,-1.4759475042884918,-0.5161957930959672,9.077398418826542,520.0966183574876
71.6499330997467,-1.479400901753544,-0.5149454501292987,9.077398418826542,520.0966183574876
71.68999028205872,-1.4826942971272392,-0.5137436065772194,9.072339493458442,519.8067632850239
71.74990677833557,-1.4862946439865832,-0.5124090708489285,9.067280568090343,519.5169082125601
71.78995728492737,-1.4894204603212424,-0.5112354168814822,9.063907951178276,519.3236714975842
71.8499665260315,-1.4930071204938562,-0.5098645223108224,9.05547640889811,518.8405797101447
71.89005827903748,-1.4961209021805073,-0.5086593024133729,9.05547640889811,518.8405797101447
71.94999289512634,-1.4996982338258684,-0.5072642463511415,9.050417483530012,518.5507246376809
71.9899525642395,-1.5034224449431557,-0.5057865294769534,9.043672249705878,518.1642512077292
72.05029630661011,-1.506523873223872,-0.5045498670278976,9.047044866617943,518.357487922705
72.08992981910706,-1.5107065650894365,-0.5028697873952378,9.038613324337778,517.8743961352653
72.15000820159912,-1.51456884682042,-0.5012880703274332,9.033554398969677,517.5845410628016
72.18998050689697,-1.5181172180499938,-0.4998209150068166,9.031868090513644,517.4879227053136
72.2499430179596,-1.5212016814675786,-0.49854252663902565,9.031868090513644,517.4879227053136
72.28995966911316,-1.5248978427108146,-0.4969959860898002,9.02512285668951,517.1014492753618
72.34996008872986,-1.5284311881116839,-0.4954930045876423,9.020063931321411,516.8115942028982
72.3899130821228,-1.5319568848598621,-0.4939721674637018,9.015005005953313,516.5217391304344
72.4504292011261,-1.5353231277545352,-0.4925032493720461,9.011632389041246,516.3285024154585
72.49015378952026,-1.538835876330391,-0.4909527395976489,9.006573463673146,516.0386473429948
72.55008673667908,-1.5421896144728944,-0.4894554914360408,9.003200846761079,515.8454106280188
72.59013342857361,-1.5453872846488004,-0.48801820703228965,9.001514538305045,515.7487922705309
72.64998149871826,-1.5488841658657662,-0.4864322357613939,8.996455612936945,515.4589371980671
72.6904284954071,-1.5520720685520029,-0.48497341518495984,8.994769304480911,515.3623188405792
72.75032591819763,-1.5552599712382396,-0.4835145946085258,8.996455612936945,515.4589371980671
72.78998398780823,-1.5589018815725153,-0.481844299807155,8.993082996024878,515.2657004830912
72.84998536109924,-1.5623852664666051,-0.4802289011575028,8.988024070656778,514.9758454106274
72.88993811607361,-1.5658604346397829,-0.47859590106999256,8.982965145288677,514.6859903381636
72.94993734359741,-1.5693300755754793,-0.4769511898810558,8.981278836832644,514.5893719806757
72.99005913734436,-1.5727941498081464,-0.475294786298516,8.976219911464543,514.2995169082118
73.0499119758606,-1.5762498001269964,-0.47362087949360976,8.971160986096445,514.009661835748
73.09002256393433,-1.5793997866412957,-0.4720818973719201,8.969474677640411,513.9130434782602
73.15041160583496,-1.5826956837916453,-0.4704612883628588,8.966102060728346,513.7198067632844
73.1900064945221,-1.5859888434104479,-0.46883512376140685,8.966102060728346,513.7198067632844
73.25008988380432,-1.5895753777412311,-0.46704901987290987,8.959356826904212,513.3333333333326
73.28994297981262,-1.5927069788333106,-0.4654729628906816,8.957670518448179,513.2367149758446
73.34996366500854,-1.5958385799253898,-0.4638969059084533,8.959356826904212,513.3333333333326
73.39018273353577,-1.5991179115748995,-0.4622430330238435,8.955984209992147,513.1400966183569
73.45008659362793,-1.6025389840350748,-0.46049954618996486,8.950925284624049,512.8502415458931
73.4899640083313,-1.6058070854083306,-0.45882359123828675,8.950925284624049,512.8502415458931
73.54992389678955,-1.6093691987366328,-0.45698926731849293,8.947552667711982,512.6570048309172
73.590003490448,-1.6126316291800256,-0.4553022998653521,8.947552667711982,512.6570048309172
73.64991545677185,-1.6160408636770256,-0.45353577693537367,8.945866359255948,512.5603864734293
73.69029307365417,-1.6197400564095892,-0.45160315638818305,8.94080743388785,512.2705314009656
73.74992346763611,-1.6237210149266519,-0.44948902581043454,8.932375891607684,511.787439613526
73.78998756408691,-1.6270999770902592,-0.447665266556972,8.927316966239584,511.49758454106217
73.84992265701294,-1.6303276049604707,-0.44591263142170967,8.927316966239584,511.49758454106217
73.88997507095337,-1.6336972976631456,-0.4440718016611891,8.922258040871483,511.20772946859836
73.949951171875,-1.636916017819021,-0.44230286069437047,8.922258040871483,511.20772946859836
73.99006199836731,-1.640134737974896,-0.4405339197275519,8.922258040871483,511.20772946859836
74.04990363121033,-1.643205727882153,-0.43884279524938025,8.92057173241545,511.1111111111104
74.08993482589722,-1.646273861666866,-0.43714649454188487,8.918885423959416,511.0144927536225
74.15018367767334,-1.649775385375111,-0.43519900196757505,8.91551280704735,510.8212560386466
74.18996262550354,-1.6529821004783476,-0.4334083903869696,8.91551280704735,510.8212560386466
74.24992632865906,-1.6558972960267446,-0.43178056167732803,8.91551280704735,510.8212560386466
74.28999018669128,-1.6593922316869485,-0.4298212709032402,8.912140190135283,510.62801932367074
74.34995818138123,-1.6627367848634276,-0.4279351512974413,8.91045388167925,510.5314009661828
74.39022374153137,-1.665787598981134,-0.4262078950250966,8.908767573223216,510.43478260869483
74.44992327690125,-1.6688384130988403,-0.4244806387527519,8.91045388167925,510.5314009661828
74.48994326591492,-1.6718892272165466,-0.4227533824804071,8.908767573223216,510.43478260869483
74.54992389678955,-1.6752274002248382,-0.4208559937262516,8.907081264767182,510.3381642512069
74.58986806869507,-1.6782723716290766,-0.41911845806949155,8.905394956311149,510.241545893719
74.65008068084717,-1.6808836019138629,-0.41763134293326093,8.908767573223216,510.43478260869483
74.68992400169373,-1.683790525129611,-0.41598878736005546,8.912140190135283,510.62801932367074
74.74992179870605,-1.6874224466983083,-0.41393252989297846,8.907081264767182,510.3381642512069
74.7899808883667,-1.6907606197065999,-0.41203514113882295,8.908767573223216,510.43478260869483
74.84993886947632,-1.6942422600863156,-0.4100523209571821,8.905394956311149,510.241545893719
74.88994240760803,-1.697713825017263,-0.40805191286466275,8.898649722487015,509.8550724637672
74.94992971420288,-1.700747007156028,-0.40629387784674575,8.900336030943048,509.95169082125517
74.9900450706482,-1.7036371627323037,-0.4046219950343899,8.900336030943048,509.95169082125517
75.04990434646606,-1.707244559444471,-0.4025230100384654,8.89527710557495,509.6618357487914
75.08991718292236,-1.710699134652234,-0.4004934027512539,8.891904488662885,509.4685990338157
75.15049338340759,-1.7135750911136325,-0.39879721118616757,8.891904488662885,509.4685990338157
75.1901535987854,-1.717164662128962,-0.3966678852416535,8.886845563294784,509.1787439613518
75.25004243850708,-1.7203155570346882,-0.394780778228526,8.88347294638272,508.9855072463761
75.29000735282898,-1.7234632652174107,-0.39288836052031584,8.88347294638272,508.9855072463761
75.3500006198883,-1.7266109734001331,-0.39099594281210576,8.88347294638272,508.9855072463761
75.39006114006042,-1.7298967443235527,-0.3890091885352781,8.878414021014619,508.69565217391226
75.45004415512085,-1.7334572639744787,-0.3868316328258986,8.87335509564652,508.4057971014485
75.48994469642639,-1.7360195152810494,-0.38526163178431555,8.876727712558587,508.5990338164244
75.55004692077637,-1.7388723283214824,-0.383526797743359,8.880100329470654,508.7922705314003
75.59026956558228,-1.7421513800094726,-0.3815289731401562,8.875041404102554,508.50241545893647
75.64997720718384,-1.7454236751643493,-0.37952010093490235,8.87335509564652,508.4057971014485
75.69001197814941,-1.7486925780900373,-0.37750571348952344,8.871668787190487,508.30917874396056
75.74995279312134,-1.7516741228474104,-0.3756614597458836,8.869982478734453,508.21256038647266
75.79000210762024,-1.7549327933508396,-0.3736305610118843,8.864923553366353,507.92270531400885
75.84989714622498,-1.7577649298590734,-0.37186217355658513,8.86829617027842,508.1159420289847
75.89000153541565,-1.760880280018131,-0.36991694735575603,8.864923553366353,507.92270531400885
75.94991874694824,-1.764128634701216,-0.3678695893092597,8.859864627998252,507.632850241545
75.99005627632141,-1.767088202380277,-0.365990270239968,8.858178319542219,507.5362318840571
76.05002784729004,-1.7706039317087878,-0.36374111565641243,8.85311939417412,507.24637681159334
76.09010624885559,-1.773827893305526,-0.3616555570404938,8.848060468806022,506.95652173912964
76.1500403881073,-1.7771791243136605,-0.35945950459656073,8.841315234981888,506.5700483091779
76.19003772735596,-1.7801033246143894,-0.35752561380016995,8.839628926525855,506.4734299516899
76.25010108947754,-1.7830242596225792,-0.3555867946520624,8.837942618069821,506.376811594202
76.29000854492188,-1.7858045446193056,-0.35373795535934244,8.837942618069821,506.376811594202
76.34999322891235,-1.7888594242842981,-0.3516990777714678,8.834570001157754,506.1835748792261
76.39010620117188,-1.791633458053956,-0.34984087217516596,8.834570001157754,506.1835748792261
76.45097041130066,-1.7945478375681563,-0.3478922128775082,8.836256309613788,506.28019323671407
76.49007248878479,-1.7977361735025355,-0.3457525874226171,8.831197384245687,505.99033816425026
76.55000877380371,-1.8005070698216976,-0.3438897065939592,8.834570001157754,506.1835748792261
76.59003734588623,-1.8028689862008807,-0.34231620117629236,8.839628926525855,506.4734299516899
76.64998936653137,-1.8063423926408557,-0.34000222262089913,8.834570001157754,506.1835748792261
76.68998789787292,-1.809390378591935,-0.33795305370937556,8.831197384245687,505.99033816425026
76.74997639656067,-1.8121612749110971,-0.33609017288071763,8.834570001157754,506.1835748792261
76.78997993469238,-1.8154863504940917,-0.3338547158863285,8.831197384245687,505.99033816425026
76.84992265701294,-1.8186674521722397,-0.33170434958475015,8.829511075789654,505.8937198067623
76.89005184173584,-1.8223889707304008,-0.3291611471870627,8.821079533509488,505.4106280193227
76.94993257522583,-1.8255481528697572,-0.3269787055892067,8.819393225053455,505.31400966183475
76.98999428749084,-1.8286999565165112,-0.32478562171256664,8.814334299685356,505.02415458937105
77.0499632358551,-1.8318443458203664,-0.3225819205024495,8.812647991229323,504.9275362318831
77.09034442901611,-1.834981285015359,-0.32036762702492916,8.807589065861222,504.6376811594193
77.1502799987793,-1.8383787819240571,-0.3179435676594303,8.802530140493124,504.3478260869556
77.18996143341064,-1.8413595596959913,-0.31579781011015606,8.799157523581059,504.1545893719798
77.25001788139343,-1.844473934818063,-0.31355189143026063,8.800843832037092,504.25120772946775
77.28997445106506,-1.8473174947121282,-0.311501270026878,8.799157523581059,504.1545893719798
77.34999251365662,-1.8504280780962583,-0.30925010274565534,8.797471215125025,504.05797101449184
77.38996243476868,-1.8536679520394261,-0.3068928559535751,8.79409859821296,503.8647342995161
77.45000147819519,-1.8563645306172125,-0.30492393356628955,8.79409859821296,503.8647342995161
77.48998928070068,-1.8594598587041278,-0.3026518360437275,8.78903967284486,503.5748792270523
77.54997754096985,-1.8625436528594177,-0.30036410862869956,8.783980747476761,503.28502415458854
77.58999538421631,-1.8652201724898547,-0.29836800390669277,8.783980747476761,503.28502415458854
77.64995527267456,-1.868427952223739,-0.2959672655233459,8.780608130564694,503.0917874396127
77.68999934196472,-1.8714923479229404,-0.29365361859341144,8.775549205196594,502.8019323671489
77.75012302398682,-1.874414153279401,-0.2914282276064417,8.772176588284529,502.6086956521731
77.790283203125,-1.8775892550203035,-0.28898443454210354,8.765431354460395,502.2222222222213
77.85003447532654,-1.8808815707098978,-0.2864193406935031,8.760372429092296,501.9323671497576
77.8898937702179,-1.883769266612276,-0.28414986411038534,8.75699981218023,501.7391304347817
77.9499294757843,-1.886653131373137,-0.28187552121033926,8.75699981218023,501.7391304347817
77.989994764328,-1.8892748266102835,-0.2798079367557516,8.75699981218023,501.7391304347817
78.04990911483765,-1.8917703974964282,-0.27785003770710015,8.762058737548328,502.02898550724547
78.09017372131348,-1.8942725574205204,-0.2759005663821634,8.763745046004361,502.12560386473336
78.15008592605591,-1.89703810259978,-0.2737458875493391,8.762058737548328,502.02898550724547
78.1899573802948,-1.9000590568303755,-0.27137579922728794,8.75699981218023,501.7391304347817
78.25006437301636,-1.9030720004951927,-0.2689955358825479,8.755313503724196,501.6425120772938
78.29001593589783,-1.9055609539574336,-0.2670292313803715,8.75699981218023,501.7391304347817
78.34999442100525,-1.90818264919458,-0.26496164692578383,8.75699981218023,501.7391304347817
78.39002656936646,-1.91067491491232,-0.2629995423606152,8.758686120636263,501.83574879226967
78.44995880126953,-1.9135626108146986,-0.2607300657774974,8.758686120636263,501.83574879226967
78.4900221824646,-1.9161877889077685,-0.25866690524739017,8.758686120636263,501.83574879226967
78.54993987083435,-1.9193338231923445,-0.2561858039018848,8.755313503724196,501.6425120772938
78.59007000923157,-1.921822776654585,-0.2542194993997084,8.75699981218023,501.7391304347817
78.64990711212158,-1.9248317021792423,-0.2518341586892974,8.75194088681213,501.449275362318
78.68999671936035,-1.9278325657661675,-0.24943868361108243,8.750254578356097,501.35265700483006
78.74990057945251,-1.9303115400336266,-0.24745981289429653,8.75194088681213,501.449275362318
78.79001116752625,-1.9334407672672476,-0.24495754741542353,8.748568269900064,501.2560386473421
78.85001182556152,-1.9366893615160694,-0.24233730230120257,8.743509344531965,500.9661835748784
78.8900420665741,-1.9397973798133465,-0.23980874186684856,8.740136727619898,500.77294685990256
78.94995403289795,-1.9430192969861915,-0.2371557626389997,8.731705185339733,500.28985507246296
78.99003648757935,-1.9459669301102753,-0.23469508344749893,8.726646259971634,499.9999999999992
79.04992461204529,-1.9487764576153799,-0.23232952499673273,8.723273643059569,499.80676328502346
79.08999466896057,-1.9517032388903133,-0.22984408047182792,8.718214717691469,499.51690821255966
79.15012097358704,-1.9546174090884445,-0.2273438614466226,8.71315579232337,499.2270531400959
79.19001698493958,-1.9573988180785358,-0.22494530446048194,8.71315579232337,499.2270531400959
79.25008845329285,-1.9603003026184667,-0.22243037492225942,8.70809686695527,498.9371980676321
79.29012489318848,-1.96331684844841,-0.21979336015888662,8.704724250043203,498.74396135265624
79.34995460510254,-1.9661970253708805,-0.2172540563147303,8.699665324675102,498.4541062801924
79.39001154899597,-1.968941713074935,-0.21481356435753474,8.696292707763035,498.2608695652165
79.45017290115356,-1.972170802419052,-0.21191297382069044,8.689547473938902,497.87439613526476
79.4900016784668,-1.9751379170791878,-0.20922046083093618,8.686174857026835,497.6811594202889
79.54999446868896,-1.977970498666388,-0.20662817136609452,8.681115931658734,497.3913043478251
79.5899806022644,-1.9809102194749835,-0.20390577588161654,8.6743706978346,497.00483091787333
79.65002036094666,-1.9834764415369885,-0.201517181035348,8.676057006290634,497.10144927536123
79.69005751609802,-1.9861627538377957,-0.19901257771177422,8.672684389378567,496.9082125603854
79.74998164176941,-1.9889645389970136,-0.1963870333797812,8.670998080922534,496.8115942028974
79.7900002002716,-1.9917574532833007,-0.1937520546498614,8.665939155554433,496.5217391304336
79.85002732276917,-1.994660181317833,-0.19099024988414537,8.662566538642366,496.32850241545776
79.89005064964294,-1.9971939475824096,-0.18856725390238271,8.660880230186333,496.2318840579698
79.95004487037659,-1.9999645459225497,-0.18590882053754393,8.6591939217303,496.13526570048185
79.99001336097717,-2.002490125955187,-0.18347729292925102,8.657507613274266,496.0386473429939
80.05003142356873,-2.005251742677866,-0.18080953053452908,8.655821304818232,495.942028985506
80.09004950523376,-2.0077691077512667,-0.17836949895719942,8.654134996362199,495.84541062801804
80.1502423286438,-2.0106390335317066,-0.17557362313356956,8.650762379450132,495.6521739130422
80.19000601768494,-2.013499513589902,-0.17276808406895783,8.647389762538065,495.4589371980663
80.24999856948853,-2.016233997398009,-0.17007251707463567,8.645703454082032,495.3623188405783
80.28999519348145,-2.0188430603584746,-0.16748754085535372,8.642330837169965,495.1690821256025
80.34996390342712,-2.021679783999246,-0.164657983541519,8.638958220257898,494.97584541062656
80.3900294303894,-2.0242713514693196,-0.1620554675215909,8.635585603345831,494.7826086956507
80.44995427131653,-2.0270889246964856,-0.15920684035820945,8.632212986433764,494.58937198067485
80.489914894104,-2.0300113612221233,-0.15622717363092345,8.627154061065664,494.299516908211
80.54999470710754,-2.032572028342173,-0.1535942483592486,8.623781444153597,494.10628019323514
80.5899453163147,-2.0354692381007755,-0.15059004718976354,8.618722518785496,493.8164251207713
80.64991164207458,-2.03789863539154,-0.14806241790231478,8.62040882724153,493.9130434782593
80.68998694419861,-2.0406726528157186,-0.145171358764777,8.617036210329463,493.7198067632834
80.74989891052246,-2.0429761955083388,-0.14275436011839693,8.613663593417396,493.5265700483075
80.79002118110657,-2.0457257385308627,-0.13984001477618405,8.606918359593262,493.14009661835576
80.84995651245117,-2.0483441874600534,-0.1370315973707945,8.601859434225162,492.85024154589195
80.89006972312927,-2.050614915088824,-0.13458374373357196,8.601859434225162,492.85024154589195
80.94992852210999,-2.0533298659579593,-0.13163714613895988,8.595114200401028,492.4637681159402
80.99003553390503,-2.055694557481933,-0.12904888127469377,8.593427891944994,492.36714975845223
81.05007219314575,-2.0584992585129274,-0.1259581368370521,8.588368966576896,492.07729468598853
81.09003067016602,-2.0611792389367682,-0.12297969755880143,8.584996349664829,491.8840579710126
81.14996385574341,-2.0638441174289275,-0.1199877386305375,8.578251115840697,491.497584541061
81.18995976448059,-2.066601589720762,-0.11685478545312789,8.573192190472597,491.20772946859717
81.24990606307983,-2.0692360601337274,-0.11383601728554621,8.56981957356053,491.01449275362125
81.29002451896667,-2.071641644909418,-0.11106068424735246,8.566446956648463,490.8212560386454
81.35003232955933,-2.074037855886509,-0.10827725389270101,8.563074339736396,490.62801932366955
81.39001250267029,-2.076853064041421,-0.1049734611481051,8.556329105912264,490.24154589371784
81.44993758201599,-2.0794310881270976,-0.10190634728975824,8.549583872088132,489.8550724637662
81.49002432823181,-2.081988365322036,-0.09882191396179614,8.542838638263998,489.4685990338144
81.55004239082336,-2.084633186352199,-0.09559329649134746,8.537779712895897,489.1787439613506
81.59006547927856,-2.087051363959509,-0.09261069692432851,8.532720787527799,488.8888888888869
81.64997577667236,-2.089254669888244,-0.08988373451249623,8.534407095983832,488.9855072463749
81.68994379043579,-2.091764842617224,-0.0867608466699574,8.5276618621597,488.59903381642323
81.74991106987,-2.093954324911239,-0.08402277284053912,8.529348170615734,488.6956521739111
81.78993678092957,-2.0963472689474503,-0.08101989056558422,8.524289245247633,488.4057971014473
81.84995889663696,-2.098628899192191,-0.0781417878898252,8.524289245247633,488.4057971014473
81.88998198509216,-2.1010066213149656,-0.0751268383671069,8.519230319879533,488.1159420289835
81.94995951652527,-2.10347443769128,-0.07197037231482789,8.515857702967466,487.9227053140076
81.98997521400452,-2.106025629137203,-0.06866727206531703,8.5074261606873,487.43961352656805
82.05002498626709,-2.108450640043054,-0.0654778022484207,8.500680926863168,487.0531400966164
82.09002947807312,-2.110859484696708,-0.062276105348188615,8.497308309951102,486.8599033816405
82.15003490447998,-2.113252101449396,-0.059062263304598864,8.49056307612697,486.47342995168884
82.19001293182373,-2.1156284290676637,-0.05583635836845294,8.487190459214903,486.280193236713
82.25007915496826,-2.117993863450203,-0.05260245735136922,8.483817842302836,486.0869565217371
82.2900083065033,-2.1204379327760874,-0.04921932652588441,8.47538630002267,485.6038647342975
82.34997987747192,-2.1227650297669665,-0.0459577294935347,8.472013683110603,485.4106280193216
82.39004707336426,-2.1249819673806387,-0.04282265840426701,8.466954757742503,485.1207729468578
82.44990968704224,-2.127188319012263,-0.03968012827787076,8.46526844928647,485.02415458936986
82.48997354507446,-2.129109188998885,-0.03694911200405901,8.468641066198536,485.2173913043457
82.54992699623108,-2.1315016338053856,-0.03352927912803608,8.46020952391837,484.73429951690616
82.58996391296387,-2.1336867383049456,-0.030371938246267757,8.458523215462337,484.6376811594182
82.64992213249207,-2.1358611818961637,-0.0272072458147211,8.453464290094237,484.3478260869544
82.68998503684998,-2.1382980913121172,-0.023615322102674502,8.446719056270105,483.96135265700275
82.7502601146698,-2.1402590196139606,-0.020709183563964353,8.448405364726138,484.05797101449065
82.78994369506836,-2.1424916722625427,-0.017382224328089557,8.441660130902006,483.671497584539
82.8499526977539,-2.1450636148564,-0.013478947957549198,8.431542280165807,483.0917874396115
82.8900134563446,-2.146975260219167,-0.01054015687648277,8.429855971709774,482.99516908212354
82.94994235038757,-2.148798234064021,-0.007742844281453928,8.43322858862184,483.1884057970994
82.99002385139465,-2.150985802677844,-0.004386069167419349,8.429855971709774,482.99516908212354
83.04993963241577,-2.1529806848322015,-0.0013022798140170655,8.426483354797707,482.8019323671477
83.09004998207092,-2.154794214063435,0.0015011650527119308,8.429855971709774,482.99516908212354
83.14990019798279,-2.1569704491409145,0.004865298892787466,8.426483354797707,482.8019323671477
83.18995356559753,-2.1587792483230954,0.007671797941757409,8.426483354797707,482.8019323671477
83.24999189376831,-2.160856645385268,0.01090102456182479,8.424797046341673,482.70531400965973
83.28999662399292,-2.1628359014187972,0.013994866370913198,8.421424429429607,482.5120772946838
83.3499162197113,-2.164809937469052,0.017092041415726844,8.421424429429607,482.5120772946838
83.39001965522766,-2.167044250599497,0.02061722139513207,8.416365504061506,482.22222222222
83.4499864578247,-2.168824561944277,0.02344187764129331,8.416365504061506,482.22222222222
83.49006199836731,-2.171126569124876,0.027121715463154582,8.409620270237372,481.83574879226825
83.54994702339172,-2.173313124060049,0.030676715683625046,8.401188727957207,481.3526570048287
83.58991289138794,-2.1756421477688024,0.03453589012622364,8.392757185677041,480.8695652173891
83.65014791488647,-2.1776094746729564,0.03783332973444518,8.391070877221008,480.77294685990114
83.69000053405762,-2.179488605586474,0.04098898792185869,8.391070877221008,480.77294685990114
83.74996066093445,-2.1814503691957885,0.044289740360144145,8.389384568764974,480.6763285024132
83.79013228416443,-2.183400989495638,0.04759709029075239,8.384325643396874,480.3864734299494
83.84994220733643,-2.185421852080197,0.05105678825744339,8.380953026484807,480.1932367149735
83.89006805419922,-2.187350119325925,0.054377220239388444,8.379266718028774,480.09661835748557
83.95001173019409,-2.189353453771693,0.05784709728401065,8.375894101116707,479.90338164250966
83.99004530906677,-2.1912592802309856,0.06118046024425588,8.370835175748606,479.61352657004585
84.04999136924744,-2.192994247889922,0.06422689557650763,8.37252148420464,479.7101449275338
84.08999609947205,-2.1949741318073017,0.06771020654168015,8.369148867292573,479.51690821255795
84.14999437332153,-2.196863070716489,0.07105316823979124,8.36746255883654,479.42028985507
84.18997859954834,-2.19874072437499,0.07440248158082051,8.362403633468439,479.1304347826062
84.24994921684265,-2.200995557012552,0.07849713479049622,8.35228578273224,478.5507246376786
84.29003119468689,-2.2028986101465993,0.08202300835252091,8.345540548908106,478.16425120772686
84.34992218017578,-2.204708108304521,0.08540962901833987,8.343854240452073,478.06763285023897
84.39034175872803,-2.2062791014102014,0.08835584219040236,8.343854240452073,478.06763285023897
84.44999837875366,-2.208308463474139,0.09219278538364586,8.33710900662794,477.68115942028726
84.49001550674438,-2.2100146565573575,0.09544520244618615,8.33710900662794,477.68115942028726
84.5499804019928,-2.2115657411784655,0.09840194523031368,8.33710900662794,477.68115942028726
84.59005427360535,-2.213271934261684,0.10165436229285396,8.33710900662794,477.68115942028726
84.65005254745483,-2.2150470750626443,0.10505911753434277,8.33205008125984,477.39130434782345
84.68983840942383,-2.2169578291457626,0.10876965225132416,8.326991155891742,477.10144927535976
84.74995732307434,-2.2186255122042553,0.11204198243062202,8.323618538979675,476.90821256038384
84.79029297828674,-2.2205049132094943,0.11576849566870165,8.318559613611576,476.61835748792015
84.84989428520203,-2.222216596102636,0.1192055910690364,8.313500688243476,476.32850241545634
84.89033460617065,-2.2239166772768804,0.12264843976142133,8.311814379787442,476.2318840579684
84.94999241828918,-2.225605137394596,0.1260970025850568,8.306755454419342,475.9420289855046
84.9899799823761,-2.2271414630451143,0.12924828557880755,8.308441762875376,476.03864734299253
85.04993653297424,-2.2288182829008543,0.1327025233078983,8.303382837507277,475.7487922705288
85.08995771408081,-2.2304082542004817,0.13601330914396348,8.30001022059521,475.5555555555529
85.15028357505798,-2.231992640235954,0.13932677145347058,8.30001022059521,475.5555555555529
85.19001793861389,-2.233919953252494,0.1434014546743616,8.291578678315044,475.0724637681133
85.2500729560852,-2.2356790131501074,0.1471862607894329,8.286519752946946,474.7826086956496
85.28994297981262,-2.2373462366660317,0.15082957814513218,8.279774519122814,474.396135265698
85.34991312026978,-2.239125731642105,0.1547885983629203,8.273029285298682,474.00966183574633
85.38998937606812,-2.240685121813249,0.15829741374874726,8.271342976842648,473.9130434782584
85.44995093345642,-2.2422968616341548,0.16196561362826561,8.264597743018516,473.5265700483067
85.48999881744385,-2.243890023760426,0.165641920204955,8.26122512610645,473.3333333333308
85.55000615119934,-2.245464567418787,0.16932623939230923,8.254479892282317,472.94685990337916
85.58998084068298,-2.247143361887991,0.173329000012793,8.247734658458185,472.5603864734275
85.6499695777893,-2.248734843382837,0.17718726849796063,8.242675733090085,472.2705314009637
85.68994522094727,-2.250425497592483,0.18136569728851665,8.23424419080992,471.7874396135241
85.74994039535522,-2.2519000738574326,0.18509115302509976,8.227498956985787,471.40096618357245
85.78994989395142,-2.253413160079615,0.1889808341349487,8.222440031617689,471.11111111110876
85.84992098808289,-2.254906549417333,0.192878120028756,8.217381106249588,470.8212560386449
85.88997435569763,-2.256373616876642,0.19678539044708104,8.208949563969423,470.33816425120534
85.9500024318695,-2.257759838655788,0.20054461706773277,8.205576947057356,470.14492753622943
85.99031591415405,-2.259073101729807,0.20415277770940254,8.200518021689255,469.8550724637656
86.04998302459717,-2.2604807027423295,0.20808186264633452,8.195459096321155,469.5652173913018
86.0901186466217,-2.2617106418231163,0.21154257954366662,8.195459096321155,469.5652173913018
86.14995288848877,-2.2632021937461015,0.2157961488302047,8.18702755404099,469.0821256038622
86.19004559516907,-2.2645566630885154,0.2197438648600799,8.18196862867289,468.7922705313984
86.25003719329834,-2.2657339400140577,0.2232228489972261,8.178596011760822,468.5990338164225
86.2899968624115,-2.267005434892121,0.22702241428571007,8.175223394848755,468.40579710144664
86.34998393058777,-2.2682085893572927,0.2306687689654705,8.170164469480657,468.11594202898294
86.38999938964844,-2.269599315349283,0.23495636269966919,8.165105544112556,467.8260869565191
86.44999027252197,-2.2707655155880575,0.23861470387030348,8.160046618744456,467.53623188405527
86.49002313613892,-2.2720129918050946,0.24259752349212946,8.154987693376356,467.24637681159146
86.54991102218628,-2.273292893311349,0.24674508851139257,8.151615076464289,467.0531400966156
86.58998107910156,-2.2744158296642514,0.2504169405052792,8.149928768008255,466.95652173912765
86.64997029304504,-2.2755714262544604,0.2542533440459787,8.143183534184123,466.570048309176
86.69004511833191,-2.276751565666258,0.25825663269667554,8.138124608816025,466.28019323671225
86.74992775917053,-2.277775227449047,0.2617838735646039,8.134751991903958,466.0869565217364
86.79002118110657,-2.2788360883284744,0.26547413877352555,8.133065683447924,465.99033816424844
86.85028195381165,-2.2797558701023837,0.2686838417008558,8.133065683447924,465.99033816424844
86.89010262489319,-2.2809375070068976,0.2728604644610076,8.126320449623792,465.6038647342968
86.9500241279602,-2.2819194623271293,0.27639954277816814,8.122947832711725,465.41062801932094
86.99002361297607,-2.2830183562978057,0.280425891135338,8.117888907343627,465.1207729468572
87.05031871795654,-2.284016840040666,0.28413352020698457,8.116202598887593,465.0241545893693
87.08998131752014,-2.2848823681147423,0.28735827640649975,8.116202598887593,465.0241545893693
87.14993000030518,-2.2857940271843113,0.2907435029501772,8.117888907343627,465.1207729468572
87.18995666503906,-2.286865737701064,0.2947771719525072,8.109457365063461,464.63768115941764
87.24995827674866,-2.287910216003199,0.2988179780760978,8.10439843969536,464.3478260869538
87.2900013923645,-2.2888143578854963,0.302377730742029,8.101025822783294,464.1545893719779
87.3499665260315,-2.289712495644092,0.3059390030080193,8.101025822783294,464.1545893719779
87.38999152183533,-2.2906420372878435,0.30966451444273696,8.095966897415193,463.8647342995141
87.4499921798706,-2.291516133182711,0.31323176379658124,8.092594280503127,463.6714975845382
87.49008584022522,-2.2923842123548748,0.316800482073047,8.092594280503127,463.6714975845382
87.55001258850098,-2.293282309522847,0.3205336984603676,8.087535355135028,463.3816425120745
87.59009003639221,-2.294231108990954,0.32459803464496084,8.079103812854862,462.8985507246349
87.65004658699036,-2.295185756904842,0.32883231035814164,8.07235857903073,462.51207729468325
87.6900269985199,-2.2961118221382595,0.33307292902033897,8.065613345206598,462.1256038647316
87.74999117851257,-2.296978188273224,0.3371556314062919,8.060554419838498,461.8357487922678
87.78999376296997,-2.2976313932334733,0.3402595911374072,8.062240728294531,461.9323671497557
87.84996128082275,-2.298453188111291,0.34418107667036374,8.058868111382465,461.73913043477984
87.88999104499817,-2.299224891335681,0.34794245371223875,8.053809186014366,461.44927536231614
87.95000052452087,-2.300064960934302,0.3522009424728437,8.043691335278167,460.8695652173886
87.99002170562744,-2.3007858527413974,0.3559723875699035,8.042005026822133,460.7729468599006
88.04998731613159,-2.3015214902009093,0.3599109448101324,8.035259792998001,460.386473429949
88.09003496170044,-2.302256624852374,0.36401930532209936,8.026828250717836,459.9033816425094
88.15024852752686,-2.302988720321501,0.36829767880729364,8.020083016893704,459.5169082125577
88.19004154205322,-2.3036614210370914,0.3724167227254035,8.011651474613538,459.0338164251182
88.25002479553223,-2.3042319938663725,0.37604491211301977,8.008278857701471,458.84057971014226
88.28997874259949,-2.304884606709188,0.38033612871581646,8.00153362387734,458.4541062801906
88.34996461868286,-2.305508259665828,0.38463164969055275,7.994788390053207,458.06763285023897
88.39025592803955,-2.3060571809232107,0.3886005388373529,7.988043156229075,457.6811594202873
88.45041561126709,-2.306622830301509,0.3929040820560922,7.981297922404943,457.29468599033567
88.4900164604187,-2.3071248650051657,0.3968791741006509,7.977925305492876,457.10144927535976
88.55032777786255,-2.3076134904163754,0.400855936705322,7.974552688580809,456.9082125603839
88.58997082710266,-2.3081050070807025,0.4050005066975845,7.96949376321271,456.61835748792015
88.65008354187012,-2.308544340061406,0.4088150144836227,7.967807454756677,456.52173913043225
88.69000601768494,-2.3090155187658765,0.4131299228352775,7.957689604020478,455.9420289855047
88.74990844726562,-2.309475900940322,0.41778164331101264,7.947571753284279,455.3623188405772
88.7900161743164,-2.3098005905583903,0.42127241080012773,7.945885444828247,455.2657004830893
88.849937915802,-2.310161572070012,0.4252627852129689,7.942512827916181,455.07246376811344
88.89000487327576,-2.3105307612065,0.4295876138611608,7.935767594092049,454.6859903381618
88.94995427131653,-2.3108707701850335,0.4339148343719784,7.929022360267916,454.2995169082101
88.99003720283508,-2.311155407074075,0.437743994196153,7.927336051811883,454.2028985507222
89.04994583129883,-2.311435572165551,0.4417408558559947,7.920590817987751,453.81642512077053
89.09005689620972,-2.3117028331583462,0.4459059033483779,7.915531892619652,453.5265700483068
89.14993500709534,-2.3119611269375704,0.45040599925157354,7.907100350339485,453.0434782608671
89.190021276474,-2.312172176876807,0.45457427311196563,7.902041424971386,452.75362318840337
89.2500581741333,-2.312353408389507,0.4584097181000313,7.900355116515353,452.65700483091547
89.2900402545929,-2.3125363377589396,0.4625793207067403,7.895296191147254,452.3671497584517
89.35003328323364,-2.3126981711691195,0.46674979537989536,7.890237265779154,452.07729468598797
89.38999629020691,-2.312838904478296,0.4709210353859086,7.885178340411055,451.78743961352416
89.44995379447937,-2.312959660969107,0.4752599132736405,7.878433106586923,451.4009661835725
89.48992228507996,-2.3130441107104285,0.4792656920802629,7.87168787276279,451.0144927536208
89.55001330375671,-2.31310632449666,0.48360580416401433,7.864942638938657,450.6280193236691
89.59006333351135,-2.3131434846018806,0.4876123007299644,7.861570022026591,450.4347826086933
89.65008473396301,-2.3131603757509276,0.49161893401683704,7.854824788202459,450.04830917874165
89.69003248214722,-2.3131451737005735,0.4961264108844434,7.846393245922293,449.56521739130204
89.75010299682617,-2.313097597775834,0.5004667081076886,7.839648012098161,449.1787439613504
89.7899878025055,-2.3130266584465393,0.5044727489484627,7.832902778274029,448.79227053139874
89.85010766983032,-2.3129424907129756,0.5083115507029562,7.831216469817996,448.6956521739108
89.89004874229431,-2.3128588864993134,0.5119833788472714,7.831216469817996,448.6956521739108
89.95022439956665,-2.312754172989054,0.5159886791714865,7.8244712359938635,448.30917874395914
89.99009990692139,-2.3126376416114534,0.5198266348194471,7.82278492753783,448.2125603864712
90.05007147789001,-2.312496908302277,0.5239978748254603,7.817726002169731,447.92270531400743
90.09003925323486,-2.3123899509873023,0.5271680172300303,7.82278492753783,448.2125603864712
90.15043354034424,-2.312251470740215,0.5311722922989486,7.816039693713697,447.8260869565195
90.19000291824341,-2.3120927350228464,0.5351758155695722,7.812667076801631,447.6328502415437
90.25050783157349,-2.311944980806553,0.5386785358985039,7.8109807683455985,447.5362318840558
90.28996109962463,-2.3117702172917816,0.5425142810453533,7.805921842977499,447.246376811592
90.35000038146973,-2.311593772203511,0.5461828200892717,7.805921842977499,447.246376811592
90.39025473594666,-2.311399606259414,0.5500176320408321,7.8008629176093995,446.9565217391282
90.44998574256897,-2.311192508092467,0.5538517673366875,7.799176609153367,446.8599033816403
90.48997473716736,-2.310959541015268,0.5578516575785988,7.792431375329234,446.4734299516886
90.55026817321777,-2.3106922800224723,0.5620167050709812,7.7873724499611345,446.18357487922486
90.59045958518982,-2.3103733031898877,0.5665129070898651,7.778940907680969,445.70048309178526
90.65007400512695,-2.31004987978235,0.5706739702174244,7.7738819823128695,445.4106280193215
90.68999886512756,-2.309732967670376,0.574500594033657,7.76882305694477,445.12077294685776
90.75019073486328,-2.3093921776982334,0.5784927435550653,7.76882305694477,445.12077294685776
90.7902307510376,-2.309019660112139,0.5826496991357908,7.7603915146646045,444.63768115941815
90.85000157356262,-2.308676425794576,0.5863064055485583,7.7603915146646045,444.63768115941815
90.89003920555115,-2.308288536690568,0.5902942542981208,7.7536462808404725,444.2512077294665
90.94999575614929,-2.3079007016199804,0.594114341610696,7.751959972384439,444.15458937197855
90.9900221824646,-2.3074792029866336,0.5980987781465785,7.745214738560307,443.7681159420269
91.049959897995,-2.3070308381896694,0.6020802809552225,7.738469504736174,443.3816425120752
91.09035921096802,-2.3065393215253422,0.6062248509474853,7.7334105793680745,443.09178743961144
91.15005445480347,-2.3060268441697875,0.610366881368924,7.728351653999975,442.80193236714763
91.19010829925537,-2.3055425157851683,0.6141759375687628,7.726665345543942,442.70531400965973
91.2500946521759,-2.305027077499475,0.6181493138383896,7.7232927286318755,442.5120772946839
91.29002022743225,-2.3045170673529567,0.6219550165025663,7.718233803263776,442.2222222222201
91.34998631477356,-2.303915153004127,0.6262536375106798,7.711488569439643,441.8357487922684
91.39001321792603,-2.3033602563122932,0.6300530549369535,7.706429644071544,441.54589371980467
91.44996809959412,-2.3027362231835937,0.6341797523702967,7.701370718703444,441.25603864734086
91.48994469642639,-2.3022003474324184,0.6376443906184328,7.699684410247411,441.15942028985296
91.54993033409119,-2.3015188043960113,0.6419311076074874,7.692939176423278,440.77294685990125
91.59004521369934,-2.300899919737668,0.6457206280121486,7.691252867967245,440.67632850241336
91.64997673034668,-2.3001822577195825,0.6500014462379695,7.684507634143113,440.2898550724617
91.69004130363464,-2.2995627923226296,0.653621608417749,7.684507634143113,440.2898550724617
91.74996519088745,-2.2989685710426127,0.6570767179791839,7.68282132568708,440.19323671497375
91.78998470306396,-2.2982472964719314,0.6611875344486655,7.67776240031898,439.90338164251
91.8499755859375,-2.2976297833647013,0.6646385572787185,7.676076091862948,439.8067632850221
91.89006638526917,-2.296880796994269,0.6687444151024842,7.671017166494848,439.51690821255835
91.95006847381592,-2.2961110490684136,0.6728464313363273,7.665958241126749,439.22705314009454
91.99007296562195,-2.295452843505414,0.6762899246858172,7.664271932670716,439.1304347826067
92.04999709129333,-2.294655444241723,0.680386655512506,7.659213007302617,438.8405797101429
92.08998131752014,-2.2939446161198136,0.6839899921560952,7.659213007302617,438.8405797101429
92.1500084400177,-2.2931919512149688,0.6877552250384934,7.654154081934517,438.55072463767914
92.18995189666748,-2.2923900052711392,0.6916808177720263,7.650781465022451,438.3574879227033
92.25019931793213,-2.291648821090503,0.6952780330277907,7.650781465022451,438.3574879227033
92.2900321483612,-2.290796229247804,0.6993636341098645,7.645722539654352,438.06763285023953
92.34996628761292,-2.2898844712362716,0.7036073519118786,7.638977305830219,437.6811594202878
92.39002227783203,-2.289133607836776,0.707031835108865,7.637290997374186,437.58454106279993
92.44998478889465,-2.288186101571781,0.7112677146317644,7.630545763550053,437.1980676328482
92.489994764328,-2.287332133429853,0.7150112719680757,7.62885945509402,437.1014492753603
92.54999208450317,-2.2863074300042974,0.7194007550474368,7.620427912813854,436.6183574879207
92.5899715423584,-2.285324396045146,0.7234569470161719,7.611996370533689,436.1352657004811
92.65017652511597,-2.284314024693243,0.7275064159669522,7.606937445165589,435.84541062801736
92.68997931480408,-2.283415886934648,0.7310676882329424,7.606937445165589,435.84541062801736
92.74999570846558,-2.2824737858783983,0.7347900434977568,7.605251136709556,435.7487922705294
92.78997302055359,-2.281391072133552,0.7389933962549552,7.598505902885423,435.3623188405777
92.84999918937683,-2.28028003063717,0.7431893502880736,7.591760669061291,434.97584541062605
92.89008092880249,-2.2792752961106792,0.7468952903373666,7.586701743693191,434.6859903381623
92.94999170303345,-2.278204072124973,0.7507561030469968,7.579956509869058,434.2995169082106
92.9900643825531,-2.2771133303669604,0.7546114471332902,7.576583892956991,434.1062801932347
93.05005121231079,-2.27615040143563,0.7579824483027282,7.574897584500959,434.0096618357468
93.09007525444031,-2.2750401698203078,0.7618322250971317,7.571524967588892,433.81642512077093
93.15006899833679,-2.2740601996403496,0.7651983117652872,7.569838659132859,433.71980676328303
93.18995928764343,-2.273320045230134,0.7677648296282235,7.576583892956991,434.1062801932347
93.25006341934204,-2.2721172943135337,0.7719354211554939,7.569838659132859,433.71980676328303
93.29000926017761,-2.2711812867311587,0.775140429922887,7.569838659132859,433.71980676328303
93.35014295578003,-2.2701956416868168,0.7785048592738631,7.568152350676826,433.6231884057951
93.39000821113586,-2.2691099134279633,0.7821878848325041,7.566466042220792,433.5265700483072
93.44998550415039,-2.268262643633832,0.7850709680648358,7.569838659132858,433.719806763283
93.49002742767334,-2.2671329505749904,0.7889150790412771,7.566466042220792,433.5265700483072
93.55022740364075,-2.2659325740125285,0.792912346252806,7.558034499940627,433.0434782608676
93.5900342464447,-2.2647575842133114,0.796742854649629,7.55466188302856,432.85024154589166
93.65006017684937,-2.2635696822836655,0.8005693784783716,7.551289266116494,432.65700483091587
93.69014263153076,-2.2624158268372954,0.8042316319822352,7.546230340748394,432.3671497584521
93.74997138977051,-2.2611957040167354,0.8080480040695899,7.5428577238363275,432.1739130434762
93.7899923324585,-2.260071360408765,0.8115444541317453,7.5428577238363275,432.1739130434762
93.84996294975281,-2.2589411223088955,0.8150390032333501,7.539485106924261,431.9806763285004
93.890056848526,-2.2576400311364075,0.8190046319114981,7.534426181556162,431.6908212560366
93.94996857643127,-2.2563122206725907,0.82296139427791,7.525994639275996,431.20772946859705
93.99044346809387,-2.2549001113828004,0.8270658297821434,7.519249405451864,430.82125603864534
94.05027055740356,-2.2535124052450906,0.8310019853592814,7.510817863171698,430.33816425120574
94.08999347686768,-2.252038168873572,0.8350845177321621,7.504072629347566,429.9516908212541
94.15055227279663,-2.250651947094426,0.8388437443528136,7.497327395523433,429.5652173913024
94.1900269985199,-2.249308308702114,0.8424407040396023,7.4956410870673995,429.4685990338144
94.24993348121643,-2.247890440493913,0.8461881091885777,7.4888958532432675,429.0821256038628
94.29007649421692,-2.2463904812564794,0.8500828712272795,7.483836927875168,428.792270531399
94.35007214546204,-2.2449984419320703,0.8536613778483403,7.4821506194191345,428.69565217391107
94.39029455184937,-2.243848496403212,0.8566175354918257,7.483836927875168,428.792270531399
94.45012760162354,-2.242392785729579,0.8603504032956815,7.480464310963101,428.5990338164231
94.4900643825531,-2.2407953281092174,0.8643863136769797,7.473719077138969,428.21256038647147
94.54997515678406,-2.2391706838766434,0.8684113571018744,7.466973843314837,427.8260869565198
94.5900046825409,-2.2379760075609454,0.8713497225034524,7.4686601517708695,427.9227053140077
94.6504418849945,-2.236331021810429,0.875366495503676,7.4619149179467374,427.53623188405606
94.69007778167725,-2.2345230893051324,0.8796771607872742,7.4517970672105385,426.9565217391285
94.75002217292786,-2.2329485456467717,0.8833614799746283,7.448424450298472,426.7632850241527
94.78997850418091,-2.2315681022926097,0.8865840964825444,7.450110758754506,426.8599033816406
94.85026526451111,-2.2299182502517563,0.8904177679989072,7.445051833386406,426.57004830917685
94.88995814323425,-2.2282490251476017,0.8942430440155805,7.439992908018307,426.2801932367131
94.95031881332397,-2.226489581244926,0.8982110158662953,7.433247674194175,425.89371980676145
94.99005556106567,-2.2247034126728633,0.9021670296790746,7.426502440370042,425.50724637680975
95.049973487854,-2.223102713488215,0.9056571937494226,7.421443515001942,425.21739130434594
95.09008288383484,-2.2213436535906004,0.9094419998644941,7.416384589633843,424.9275362318822
95.15006852149963,-2.2197816535068955,0.9127660737692728,7.413011972721776,424.73429951690633
95.19025039672852,-2.218059330307731,0.9163836694354593,7.406266738897643,424.3478260869546
95.25002765655518,-2.216236700029753,0.9201382756627317,7.397835196617478,423.864734299515
95.29011750221252,-2.214689755066558,0.9232843593062456,7.396148888161445,423.7681159420271
95.35005903244019,-2.2126735870486116,0.9273158162808082,7.384344728969213,423.09178743961166
95.39008665084839,-2.2112404684391422,0.9301455536862352,7.386031037425245,423.18840579709956
95.45020723342896,-2.2096564952392033,0.9332731581869708,7.384344728969213,423.09178743961166
95.49001145362854,-2.2079101245336874,0.9366927594029888,7.379285803601113,422.80193236714786
95.5501823425293,-2.206072797855355,0.9402533248473358,7.375913186689047,422.60869565217206
95.58994221687317,-2.204303401043155,0.9436610686814075,7.374226878233014,422.5120772946841
95.65024447441101,-2.202528260242194,0.9470658239228957,7.37254056977698,422.41545893719615
95.69002032279968,-2.2009871563843317,0.9500277810955458,7.375913186689047,422.60869565217206
95.75018620491028,-2.199291942140683,0.953285933985461,7.37254056977698,422.41545893719615
95.79000639915466,-2.197585749057464,0.9565383510480016,7.369167952864913,422.2222222222203
95.8502733707428,-2.195631329367961,0.9602260729368322,7.364109027496814,421.93236714975654
95.89007544517517,-2.193740178455347,0.963758344703289,7.360736410584748,421.7391304347807
95.95017910003662,-2.192077608802941,0.9668448869696518,7.359050102128714,421.64251207729274
95.9900643825531,-2.1900859779674153,0.9705126459130744,7.353991176760615,421.352657004829
96.05024909973145,-2.1879922048039644,0.9743148238934876,7.347245942936482,420.9661835748773
96.08998322486877,-2.186455116553017,0.9770894594445609,7.348932251392515,421.06280193236523
96.15048551559448,-2.184594430775556,0.980448228795861,7.347245942936482,420.9661835748773
96.19005107879639,-2.1827224277594683,0.9838007036765175,7.342187017568382,420.6763285024135
96.25025510787964,-2.1809183133539216,0.9869998414974979,7.338814400656316,420.4830917874377
96.29000234603882,-2.1789325583176233,0.9904798088166281,7.332069166832183,420.09661835748597
96.35019612312317,-2.177015500562293,0.9938067252087853,7.330382858376151,419.9999999999981
96.39028668403625,-2.175006317684673,0.9972732190816591,7.327010241464084,419.8067632850222
96.45027041435242,-2.173153860315496,1.0004446088844596,7.323637624552017,419.61352657004636
96.49006128311157,-2.1710336208591374,1.004039554461208,7.3185786991839175,419.32367149758255
96.55016541481018,-2.1690718572498233,1.0073403068994928,7.316892390727885,419.2270531400947
96.59002566337585,-2.166927417462179,1.010920869292364,7.311833465359785,418.9371980676309
96.65033197402954,-2.164764891394847,1.0144905373525885,7.306774539991686,418.64734299516715
96.69014930725098,-2.1626744379138443,1.0179086362174767,7.303401923079619,418.4541062801913
96.75006866455078,-2.160747632531308,1.0210354129290051,7.300029306167552,418.2608695652154
96.79015779495239,-2.158719482080688,1.0242957946347764,7.294970380799453,417.97101449275164
96.8500349521637,-2.1566748636255957,1.0275458744016082,7.289911455431353,417.6811594202879
96.89011836051941,-2.1549813059096894,1.0302278708586097,7.291597763887386,417.7777777777757
96.95000958442688,-2.152931209727275,1.0334744981486648,7.289911455431353,417.6811594202879
96.99005174636841,-2.150598258031517,1.0371347959288988,7.283166221607221,417.2946859903362
97.05003046989441,-2.148515418453449,1.0403605148270223,7.278107296239122,417.0048309178724
97.0899908542633,-2.146421711627561,1.0435791907729517,7.276420987783089,416.9082125603845
97.15068864822388,-2.144603457504292,1.0463795734854648,7.279793604695156,417.10144927536044
97.19019770622253,-2.1424158888904676,1.0497363485994993,7.273048370871023,416.71497584540873
97.24994254112244,-2.1402113666671596,1.0530820140599628,7.269675753958957,416.5217391304329
97.29000353813171,-2.1381802227977125,1.0561420412114007,7.26630313704689,416.328502415457
97.3499276638031,-2.1361439216689666,1.0591986388785786,7.26630313704689,416.328502415457
97.390207529068,-2.1339112690203854,1.0625255981144535,7.259557903222757,415.9420289855053
97.44999361038208,-2.1315593582056085,1.0659734328801307,7.251126360942591,415.45893719806566
97.49033093452454,-2.1292764721035016,1.0692661257979716,7.244381127118459,415.072463768114
97.5499620437622,-2.1269769577972917,1.072547227680256,7.241008510206392,414.87922705313815
97.58999252319336,-2.1249576272272317,1.075413093179537,7.239322201750358,414.7826086956502
97.65002965927124,-2.1228396073791695,1.0784136437138787,7.239322201750358,414.7826086956502
97.6900327205658,-2.1206173862231963,1.0815449719067747,7.234263276382259,414.49275362318645
97.75003266334534,-2.1185835833553335,1.0844005851344054,7.235949584838291,414.5893719806743
97.78997230529785,-2.1162509896171136,1.0876582533278845,7.229204351014159,414.20289855072264
97.84993958473206,-2.1137002658559263,1.091170268667947,7.222459117190026,413.81642512077093
97.88999032974243,-2.111222092201077,1.0945284980211158,7.21402757490986,413.3333333333313
97.94994950294495,-2.109028860177779,1.0974745198944067,7.21402757490986,413.3333333333313
97.99037265777588,-2.10652809102846,1.1008159571172025,7.20896864954176,413.0434782608675
98.04998087882996,-2.104422714789181,1.1036192180580042,7.210654957997793,413.1400966183554
98.09001898765564,-2.102214607189997,1.1065541068832168,7.207282341085726,412.94685990337956
98.14995884895325,-2.0994834455241698,1.1101399589116003,7.19885079880556,412.4637681159399
98.19001412391663,-2.0969322540782454,1.1134430591611113,7.19379187343746,412.17391304347615
98.24996089935303,-2.094258786337238,1.1168625640510803,7.187046639613327,411.78743961352444
98.29008364677429,-2.091668783212723,1.1201353202086763,7.181987714245228,411.49758454106063
98.34995913505554,-2.089265725233477,1.1231301149372117,7.173556171965061,411.014492753621
98.39003586769104,-2.0867345451594534,1.126236000163562,7.166810938140928,410.6280193236693
98.44988179206848,-2.0840788503018532,1.1294556793207753,7.161752012772829,410.33816425120557
98.48998379707336,-2.081511185058549,1.1325314704067748,7.155006778948696,409.95169082125386
98.54995965957642,-2.0789279925407693,1.1355942325624901,7.151634162036629,409.75845410627795
98.58997392654419,-2.0765506108212954,1.138393762477643,7.148261545124562,409.5652173913021
98.64997339248657,-2.0741638008985865,1.1411852584885278,7.144888928212495,409.3719806763262
98.68998527526855,-2.071549752559942,1.1442217279663291,7.141516311300428,409.17874396135034
98.74999761581421,-2.0689203764645896,1.1472449343694013,7.134771077476295,408.79227053139863
98.7899661064148,-2.0662757399052856,1.1502548003258175,7.131398460564229,408.5990338164228
98.84989809989929,-2.0636159105653467,1.1532512488050664,7.124653226740097,408.2125603864711
98.89005661010742,-2.0611684838377786,1.1559897546018678,7.124653226740097,408.2125603864711
98.9500024318695,-2.058379454475428,1.1590946482019808,7.119594301371998,407.9227053140074
98.99003767967224,-2.055569545486196,1.1621806586563237,7.111162759091831,407.4396135265677
99.04996585845947,-2.0526229699505545,1.1653678417491937,7.104417525267699,407.05314009661606
99.08998656272888,-2.0495324995473125,1.1686490871683957,7.092613366075467,406.3768115942006
99.14993810653687,-2.04664543826638,1.1716630424122925,7.087554440707367,406.0869565217368
99.1900384426117,-2.043856830749433,1.1745400310676084,7.0808092068832345,405.7004830917851
99.24993872642517,-2.040814885032083,1.177636320735487,7.0740639730591015,405.3140096618334
99.29006791114807,-2.038227709889436,1.1802432032351788,7.0706913561470355,405.1207729468576
99.35013151168823,-2.0356317574614073,1.1828413453747348,7.067318739234969,404.9275362318817
99.39000415802002,-2.0329109452587555,1.1855507113661763,7.065632430778935,404.8309178743938
99.450031042099,-2.0306670952291386,1.1877926702812924,7.070691356147035,405.1207729468575
99.489990234375,-2.027830371588367,1.190622227595128,7.063946122322902,404.7342995169058
99.55004858970642,-2.0248581065795555,1.1935521917193914,7.058887196954802,404.44444444444207
99.58997201919556,-2.022110021148739,1.1962338907298335,7.053828271586703,404.1545893719783
99.65001845359802,-2.0193529070207275,1.1989063062669085,7.052141963130669,404.05797101449036
99.69005131721497,-2.0167092099915815,1.2014558508544788,7.048769346218602,403.86473429951445
99.74993991851807,-2.01381581295744,1.2042274296841746,7.045396729306535,403.6714975845386
99.78997778892517,-2.0112779643787415,1.2066461495114267,7.043710420850502,403.57487922705064
