time_s,x_m,y_m,yaw_rad,yaw_deg
0.018723249435424805,0.0,0.0,0.0,0.0
0.052046775817871094,0.0,0.0,2.0843053952571133e-05,0.0011942190236457946
0.11875534057617188,0.00027392074588556385,-7.87835430977223e-09,5.079558584332455e-05,0.0029103726867169694
0.1520373821258545,0.0017515291985086936,-1.507267483481095e-08,0.0003587521096126839,0.020554981772221478
0.21879267692565918,0.00296442966612849,1.9113470722565166e-07,0.0009206273694810779,0.05274806277549682
0.2520430088043213,0.0052788198376270455,1.6836823864900237e-06,0.0018600092704161852,0.10657068105005486
0.31876397132873535,0.006880684962932392,4.061277026324271e-06,0.003211723365481603,0.18401819380564863
0.35198497772216797,0.00942404885693238,1.1249215638002314e-05,0.005249495178753186,0.3007739183168312
0.41872477531433105,0.01142223775827791,2.029434143171701e-05,0.006960105215200407,0.39878465379797695
0.45203590393066406,0.014565759584894629,4.018075089186465e-05,0.009432034810436196,0.5404157868584695
0.5187489986419678,0.01641083192474799,5.803084898986922e-05,0.011024578413085809,0.6316618139808515
0.5521509647369385,0.01936324931323664,9.069285741723429e-05,0.013971983974358629,0.8005357131551717
0.6187100410461426,0.02176020314315652,0.0001221996101016666,0.01682811836052213,0.9641801592045283
0.6519973278045654,0.025088474976866896,0.00017805226784647172,0.022179190302199767,1.2707739973335315
0.7186808586120605,0.02761194290796532,0.00023150241843877947,0.02634718289324893,1.509582381842445
0.7520031929016113,0.031170975276255817,0.0003255273445698318,0.03256994434291728,1.8661203498251515
0.8186838626861572,0.03355183074260903,0.00040423682518942253,0.037353148622728774,2.1401777676072626
0.8520112037658691,0.03686057021133852,0.0005329281825504472,0.04567787572853767,2.6171494963682687
0.918726921081543,0.03923898738181775,0.0006419994373567106,0.05122488935243964,2.93496996591942
0.9519698619842529,0.04311898514795789,0.0008378284511372132,0.05960687332817559,3.415222271675376
1.0187005996704102,0.04562763819752975,0.0009885138491535408,0.06555554123793826,3.7560558366296863
1.0520052909851074,0.04884145178671784,0.0012121839184343853,0.07446360101400541,4.266450065448588
1.1187117099761963,0.0514913338171812,0.00140526847390522,0.08041415455816338,4.607391669295453
1.1520252227783203,0.05570621819006633,0.0017374154142226345,0.08980918770878833,5.145687417211759
1.2187421321868896,0.0586062187146536,0.001993550387916746,0.09652431796817228,5.530436039955049
1.2519962787628174,0.06233995462152577,0.0023667236408550386,0.1063328006815998,6.092420702861472
1.3190579414367676,0.06511037227915571,0.002660971769793267,0.11297027882398371,6.472720187030403
1.3520073890686035,0.0688278726552577,0.003094128902994404,0.12260206060419333,7.024580632227417
1.4187710285186768,0.071324163257291,0.003407320750415694,0.12900657110223523,7.391532053612448
1.4520537853240967,0.07498788772603082,0.003891785250546353,0.13910978211701244,7.970403404289267
1.5188069343566895,0.07748155267347362,0.004244047203302971,0.14597658460322152,8.363842205498988
1.5519843101501465,0.0811216339064587,0.004786798745864431,0.1553416643674668,8.900421750793614
1.618746042251587,0.08388185446329925,0.005213161763900508,0.16141523002163496,9.248411429373064
1.6520147323608398,0.08796692191814733,0.005875869812518995,0.1713167587861846,9.815727238309142
1.7187063694000244,0.09057822531239532,0.006330608219970399,0.17789303860024128,10.192520316551667
1.7519962787628174,0.09439424690887714,0.007024673432832128,0.1866544510449835,10.694512272208792
1.8190960884094238,0.09696205802327237,0.007511852134330768,0.19235910352342686,11.021364782812443
1.8520317077636719,0.10066366544057222,0.00824432780673341,0.20163912349296229,11.553070760863944
1.9187307357788086,0.1029881554458191,0.00872846599810927,0.20848237891742546,11.945160414815692
1.9520263671875,0.10643987354515547,0.009470471568303296,0.2194238552670891,12.572060831293625
2.0186753273010254,0.10903770315918324,0.010044827774293604,0.2269439897743429,13.00293279992996
2.0519943237304688,0.11289098339142964,0.010931996290858554,0.23788274272841245,13.629677177334408
2.1186656951904297,0.11561121997017967,0.011585705698947025,0.24434599233526602,13.999994101746704
2.1522295475006104,0.11907686677992874,0.012466869739516278,0.25388146793980315,14.54633660953664
2.2189109325408936,0.1212531419587402,0.013044026906901094,0.2603595182496456,14.917501551764028
2.2519707679748535,0.125047246432379,0.01404960253050176,0.2700772320194784,15.474285537291612
2.3186886310577393,0.1274816048104273,0.014725493894495208,0.27647162198115355,15.840657094656418
2.3519785404205322,0.1312906152210795,0.015803820297637633,0.2856442285010705,16.366208735381843
2.418673276901245,0.13410793339475688,0.016620231390486857,0.29191571407845185,16.72553839024296
2.4519548416137695,0.13754379377969495,0.017671105230211183,0.3014208185336682,17.27014075935785
2.518810272216797,0.14031884040282433,0.01852161991009646,0.30718493206958764,17.600400137600264
2.552027463912964,0.1441855987703641,0.019751363470634345,0.31593347238356095,18.10165457449099
2.618791103363037,0.1460514973180849,0.02038957296757,0.32197178878666044,18.447624619753206
2.6519951820373535,0.14895536898202572,0.021383018140846977,0.33071880589570135,18.948791783429975
2.7187137603759766,0.15149052645594943,0.0222404244830258,0.33602722456167866,19.25294176887894
2.7520110607147217,0.15462412930535593,0.023346686220575456,0.34452464305733826,19.73980798543664
2.818753719329834,0.15662637081413613,0.02407337671860182,0.350055397127222,20.056696851165782
2.8519954681396484,0.1599628817881561,0.025287897739231346,0.35817379613617817,20.52184685078216
2.9187514781951904,0.1624729016770895,0.02621499458949178,0.3642243222650299,20.868516461798993
2.952008008956909,0.1655795920277297,0.027411778290472314,0.3735060685347049,21.400321349562667
3.018723726272583,0.16755647203000498,0.028195230624147374,0.3797723235662023,21.759351316220084
3.0519826412200928,0.17099822634551212,0.029559723574140804,0.3887090905224144,22.271390345303015
3.118762254714966,0.173347407804321,0.03051557834435574,0.39437757108766336,22.59617035794371
3.1519851684570312,0.17668328727499977,0.03190595289100573,0.40264166675614455,23.069668161240028
3.218735933303833,0.17914433996611898,0.0329450499680652,0.40878639689881646,23.421735264661947
3.2519736289978027,0.18235461623755386,0.03434589456804571,0.4179595652525173,23.947319096091977
3.3186986446380615,0.18505546479514642,0.0355253952151912,0.42371792364084815,24.277248728667086
3.3519577980041504,0.188406858285778,0.03704593383664581,0.4322970402986597,24.768795905110068
3.418699264526367,0.190831503016905,0.03815988935229547,0.4380035131790144,25.095752717060257
3.4519741535186768,0.19454437213651565,0.03989069613045723,0.4458303344700152,25.544196544037735
3.518920660018921,0.19658821345847888,0.04088439878232078,0.45059717516733855,25.817316397605563
3.552088975906372,0.20041231748785496,0.04272010623857215,0.4575631614746065,26.216438013157937
3.6187450885772705,0.2025560072554046,0.043787718760512385,0.4626155747037014,26.50591996754114
3.6519320011138916,0.20583996419312084,0.045434731274837756,0.47088141384071225,26.97951766422592
3.718749523162842,0.20810543451357422,0.04658923856498094,0.47747314085840875,27.357195802042288
3.7519314289093018,0.210968780806458,0.04809385145491639,0.487590984000957,27.936905511885683
3.818804979324341,0.21284878464614418,0.04910161030402181,0.49410809581213655,28.310308513281132
3.8520455360412598,0.21599038312394792,0.050789827775404375,0.5034858794496917,28.84761593689988
3.918759822845459,0.2177279718808411,0.05176184319750238,0.5089154076195235,29.158704985778634
3.9520785808563232,0.22122365547685077,0.05368778772813573,0.516234862116697,29.578078836804725
4.018818616867065,0.2231692564696173,0.05479883377665122,0.5211846439577315,29.861680445806495
4.052058696746826,0.22641899163212648,0.056657857425716926,0.5279856141930552,30.251347336884642
4.118753433227539,0.2283682424931924,0.0578018998002246,0.5317738449741931,30.46839697246539
4.152010917663574,0.23184850208970859,0.05983289599576931,0.5377299093977275,30.809654326441926
4.2187957763671875,0.2339026891037097,0.06106269738879157,0.5413484376251434,31.016980721921815
4.2520129680633545,0.23714979754220358,0.06301394705977786,0.5461663327500674,31.293025778716615
4.318775177001953,0.23931764924019247,0.06433123913467623,0.5498642746152429,31.504902240475907
4.352043390274048,0.2423045729977858,0.06617143015739924,0.5555949130057058,31.833243634165076
4.418755054473877,0.24434169429129543,0.06743836711361355,0.559381744594729,32.05021310194292
4.452017307281494,0.24766010301913668,0.0695077672060062,0.5660649659827509,32.43313348102814
4.5188047885894775,0.25003213459762585,0.07100451607865524,0.5705176970674328,32.68825617948713
4.55203652381897,0.25338271832778547,0.0731529578541054,0.5772441277912472,33.073652271148816
4.618704557418823,0.25503188304393826,0.07425107905851099,0.5818213265437279,33.3359064416585
4.6519775390625,0.2584334057578946,0.07647509234527275,0.5880706826771362,33.693968172777
4.718710422515869,0.2601876826982978,0.07766178291773151,0.5924931298021163,33.94735572815812
4.751989126205444,0.2635553962437577,0.0799149983889591,0.5996924321573904,34.35984536855392
4.81868314743042,0.26530185909764636,0.08112562041930453,0.6041498355890336,34.615235772774206
4.852005958557129,0.26827518203223544,0.08317961957877736,0.6105143005321105,34.979892752871486
4.91874623298645,0.2702430418961096,0.08455766348984702,0.615447789256014,35.262560835026534
4.952202796936035,0.27332088838022134,0.08672940407057367,0.6231516359969501,35.70395873929779
5.018956422805786,0.2754890806960848,0.08827922345180288,0.6281399327450647,35.98976708992359
5.052130460739136,0.27845069401284717,0.09043550906866105,0.6356189959120174,36.418285844101725
5.118793964385986,0.2804858533347087,0.09193517977194124,0.6405657142426993,36.70171192688979
5.152156829833984,0.2834091782639657,0.09411879984853898,0.6478705487375757,37.12024811348779
5.218783378601074,0.28554406652748193,0.09572687900711005,0.6528562851371742,37.405909766949534
5.252268314361572,0.28821594925904653,0.09778705917539939,0.660697248924301,37.85516389926682
5.3188090324401855,0.29022581662663655,0.09934408532513266,0.6657829451653439,38.14655282976412
5.35202169418335,0.2934212487360617,0.10183899636340202,0.6740404459990037,38.619672776858586
5.418772220611572,0.2958379685868337,0.10374735011327797,0.6796841397682688,38.943032610701756
5.452028512954712,0.2993177045146603,0.10654481722814216,0.6879040520665148,39.41399889335894
5.518701553344727,0.30169179506308413,0.10848617046897457,0.6935770428766851,39.7390373239982
5.551995277404785,0.30486412799256063,0.11113552817480866,0.701811589547181,40.21084209442112
5.618802785873413,0.3069808890646795,0.11292774481449398,0.7065374773089642,40.481615517623815
5.651983022689819,0.3096258092254139,0.11521864358600084,0.713776787687161,40.89639744887975
5.718735456466675,0.3117515445599127,0.11705152852335274,0.7188631862189164,41.18782661767087
5.751953125,0.3149894487836291,0.11987356861491066,0.7261248855920432,41.603891343843834
5.819005250930786,0.3170866117546929,0.12173478218839409,0.7310118926666611,41.883896223670014
5.8519508838653564,0.3199885198052632,0.12434831202320495,0.7381675860748621,42.29388725544952
5.918679237365723,0.3220651376587202,0.126233438783241,0.7419580981998131,42.51106760240237
5.952023506164551,0.3250411163729609,0.12896505066313652,0.7473359651161172,42.819196679489636
6.018690586090088,0.3269915501013386,0.13077501840739864,0.7506323759274816,43.008067106522105
6.051986217498779,0.330148919074988,0.1337114336875863,0.7557832004943297,43.3031876152148
6.1186816692352295,0.33218724204969896,0.13563236879127766,0.7598871100606113,43.5383243128661
6.15199613571167,0.33512746422186596,0.138432418960781,0.7664380861653006,43.913667595355854
6.218758583068848,0.3365399785522884,0.13982486649493964,0.7710719449428742,44.179168146170475
6.252005100250244,0.33937433682718093,0.14257354686706006,0.7778741017246302,44.56890302135138
6.318719387054443,0.34128001662061996,0.14444691307978297,0.782840954038206,44.85348269638406
6.351985931396484,0.3441019118918204,0.14725187453295166,0.7905576656283113,45.29561770221679
6.418764114379883,0.3455842588326063,0.14877292414646565,0.7960593983072686,45.61084376473024
6.452013731002808,0.34813150660673015,0.15137834959211083,0.80462636880055,46.10169501720838
6.51868748664856,0.3498937070250241,0.1532053096773953,0.8098166818368382,46.39907804853942
6.552117109298706,0.35209543627442985,0.15554097964391805,0.8175990888280201,46.84497712358725
6.618828535079956,0.35374862861025247,0.15729941107317116,0.8229913869549312,47.153933048135556
6.6520209312438965,0.35639926862033555,0.16014082633682797,0.8304630530356958,47.582027980494416
6.718754291534424,0.35800365338385126,0.16189893182515713,0.8359216146230457,47.8947805216618
6.75193977355957,0.3603279746099739,0.16447825954453937,0.8437814733713419,48.34511725550815
6.818976402282715,0.36202243030926917,0.16637511070711256,0.848340951704249,48.606356120765064
6.851974964141846,0.36451142974695283,0.16919321492152606,0.8561522833116193,49.05391245424453
6.918757915496826,0.36617722312363155,0.17110893921201298,0.8615246706638419,49.36172757543635
6.951985836029053,0.368645325506714,0.17398216371522565,0.8697506853401897,49.83304349860375
7.018710613250732,0.3705555790858601,0.17622146959186155,0.8757346742247503,50.17590080634227
7.0519859790802,0.372920579301892,0.17907079958601735,0.8847270594521025,50.69112652762534
7.118760108947754,0.3747973567881582,0.18134144879794556,0.8909146484187689,51.04564926077704
7.151998996734619,0.3775193604121036,0.18469378303118386,0.8999993680908451,51.56616535604648
7.2187089920043945,0.3791585941021382,0.18676534763244643,0.9058735060234975,51.90272866786516
7.251978158950806,0.38136923277565804,0.1896137721864351,0.9144657546876704,52.395028252849194
7.318751811981201,0.38282773690373567,0.19151878857018012,0.9202805338856281,52.728190559692635
7.352000713348389,0.3852243457642299,0.19465977846528285,0.9286791904068101,53.20939813193639
7.418703079223633,0.3862281441154832,0.19605417080634707,0.934034578284562,53.5162392549871
7.452018737792969,0.38854646653718516,0.19916679867487208,0.9414061308873336,53.93859810758458
7.518803834915161,0.39019991794616293,0.20141435543712935,0.9457517598441723,54.187584306141275
7.5520851612091064,0.39225397486656416,0.2042780857284049,0.9525876983505153,54.5792547315657
7.618898391723633,0.39381004062098185,0.20645285859739407,0.9577213211784494,54.87338965321834
7.652090549468994,0.39599675227626724,0.20956016551756648,0.9651578673777197,55.29947236459058
7.718820571899414,0.397277317345407,0.21142551533222897,0.9703603431318184,55.597552268319575
7.752020597457886,0.39932578635123883,0.2144192416792076,0.9786263807235978,56.071161335625014
7.818981409072876,0.40074742156650445,0.21652487793897182,0.983340391864691,56.34125427858731
7.8520896434783936,0.4029271576551927,0.21978569542019818,0.9895019652746937,56.694286430140494
7.919007062911987,0.4043192024680489,0.2219046016193678,0.9945711175764558,56.98472746274049
7.952179193496704,0.40655697236603483,0.2253315004186877,1.0030259622967381,57.46915438165113
8.018799066543579,0.40791642341109186,0.22746895592593053,1.0088162989732394,57.80091623517446
8.052026271820068,0.4093944927847578,0.22988198583695268,1.0179530343901975,58.32441261309386
8.118953227996826,0.4108132130045078,0.23215284047416454,1.0235558961771183,58.64543294667955
8.152015686035156,0.4126877397170077,0.23522821215213305,1.0314358214514252,59.09691940777581
8.218793869018555,0.41392371970583675,0.2372923275068824,1.0367933192638492,59.40388142117827
8.252118825912476,0.41575800108973715,0.24039285636866964,1.0446686855717149,59.8551066727385
8.31882095336914,0.41696704771750115,0.2424740412204463,1.04925212924252,60.11771865071159
8.352081060409546,0.4189154393885501,0.24584545576866396,1.0563639792263964,60.52519763931788
8.41875958442688,0.4199531520773637,0.24770588077994393,1.0613224133285577,60.809294986365465
8.451986312866211,0.4215576787866735,0.2505943153759331,1.068245097013155,61.205935544396965
8.518661260604858,0.42258138218367913,0.2524681908594001,1.072640381007572,61.45776676703846
8.552011013031006,0.42428173001781927,0.2555818425502394,1.0793444078742622,61.84187921224213
8.61890196800232,0.42561417591905937,0.2580347661288482,1.0834531330582964,62.07729182446639
8.652009010314941,0.4271823013564039,0.2610152523607331,1.090396673792231,62.47512740339802
8.718746662139893,0.4285592680911305,0.2636149847525563,1.0951142312990045,62.7454235381464
8.751994609832764,0.43009038375378905,0.26661551151700896,1.1026908797308383,63.17953351614489
8.819052457809448,0.43117591778878117,0.2687625673627298,1.1080742286416116,63.48797668837855
8.851951360702515,0.4327171509997339,0.27186225453369295,1.1169002655845341,63.99367135503456
8.918752670288086,0.4340952638523255,0.27462839578854054,1.1229030172470935,64.33760369076435
8.952049732208252,0.4358142200428529,0.2781976709808673,1.1307805495109562,64.78895304246181
9.019164800643921,0.4371413310094364,0.28097804727317033,1.1354065371207325,65.05400260858181
9.051938772201538,0.4385828529898146,0.28412891324414025,1.1425773433687967,65.46485954230192
9.11900806427002,0.4395121997595725,0.2861892298708635,1.1473807885030274,65.740076675616
9.15199899673462,0.44106703238969436,0.28963344842217337,1.154594141930026,66.15337138311925
9.218709707260132,0.442035501105718,0.2918318338803796,1.1591770539086859,66.4159528973764
9.252160787582397,0.44348679482208964,0.29516165105273784,1.1660263559153714,66.80838899496997
9.318784475326538,0.44442578685244294,0.2973564801088421,1.1706586254535134,67.07379848907253
9.352070808410645,0.4459623091380616,0.30096911549597066,1.1775774448986596,67.47021764249244
9.418792963027954,0.4471043773003675,0.30368517727039446,1.1827149011379943,67.76457220243948
9.452054500579834,0.4486737518629851,0.30750941363817025,1.1904947176854996,68.21032285599757
9.51873517036438,0.4497186567308003,0.31011400710547105,1.1952282063747957,68.48153178026715
9.552206993103027,0.45119408624002705,0.3138625520736512,1.2023500796415532,68.8895850606794
9.618793725967407,0.45215512165288896,0.31635692915928093,1.2070390317764907,69.15824222835018
9.652394533157349,0.4534174240966895,0.3197151299791786,1.2143322914553565,69.57611522684212
9.718770742416382,0.4542483480219355,0.3219629193644509,1.2196386091260594,69.8801448341291
9.752084970474243,0.4556634575888805,0.32579690474439005,1.2274655894567426,70.32859777340914
9.81876826286316,0.45656424888476765,0.32831149513052693,1.2322963073807172,70.60537752247109
9.851977348327637,0.45778560693812265,0.33180468606480895,1.2399999251666856,71.046762308589
9.918787479400635,0.4586085165137962,0.33420365415432723,1.2452504172302152,71.34759334419618
9.95192813873291,0.45967600685558896,0.33741141101501493,1.2533922421986194,71.81408555241998
10.019055604934692,0.4604258763080794,0.33969593703054024,1.2592656963427011,72.15060968603949
10.05199408531189,0.4615333441894637,0.3431359803686182,1.2686198865584888,72.68656530616668
10.118871927261353,0.46220406188222024,0.34530419744961355,1.2750845369888983,73.05696249185658
10.152012348175049,0.46325498441390367,0.3487483883290471,1.2849336695829685,73.62127622136154
10.218766927719116,0.4639747092743632,0.3511736842794879,1.291441123389994,73.99412585988044
10.252058267593384,0.46509407822546744,0.3550219541021336,1.3004938144847111,74.5128068528434
10.318745136260986,0.46569942263344105,0.3572459583403965,1.306229542005533,74.84143983222353
10.352020740509033,0.4667739897389005,0.36116230083412,1.3143404976100461,75.30616335618011
10.418762445449829,0.46741609323784533,0.3636158112250433,1.3196632830191828,75.61113649537745
10.452263355255127,0.46840583824201126,0.36745930187242354,1.3277021229875092,76.07172809774364
10.51894474029541,0.4690115468926091,0.3699103638914251,1.3334594425192838,76.40159820822255
10.552000761032104,0.4698700004168498,0.3734871250643158,1.3413170387307536,76.85180530825777
10.61901330947876,0.4704836640705644,0.3760913126236418,1.3465208907274304,77.14996406487806
10.651999473571777,0.4712952024270848,0.37967619796240193,1.3546398201633307,77.61514445571969
10.718741655349731,0.47187715955870163,0.382299133619178,1.3597104735062606,77.90567149164347
10.75198745727539,0.47263805941664877,0.3858805010389785,1.3671922409127104,78.33434518733158
10.818742513656616,0.47308835252007164,0.3881048776938164,1.373230390449437,78.6803056718549
10.85203242301941,0.4737976669488877,0.39165361347141625,1.3821900939693714,79.19365886923565
10.918805122375488,0.4742174840695902,0.3938833581132734,1.3878649007257098,79.51880134592615
10.95208215713501,0.47480450921613643,0.39710428261871866,1.3962005734246254,79.99640021097645
11.018832206726074,0.4750896240378846,0.3988392658574635,1.4017542345172087,80.31460155242748
11.052072525024414,0.4757464851136436,0.40256371046559114,1.4096562353787185,80.76735285150073
11.118728876113892,0.47616351490033143,0.4050710557424975,1.4148819889069355,81.06676647344317
11.151984214782715,0.4767227873379354,0.40861513181236003,1.422029637487818,81.47629657057041
11.218727827072144,0.4770807758070607,0.41099668899801967,1.4257498565774576,81.68944942327076
11.251983404159546,0.4775760408485284,0.4144136540325358,1.431730823299291,82.03213357384
11.319028615951538,0.47798236887373996,0.4172039213391915,1.435997306315298,82.27658504402145
11.35203742980957,0.47844462937026816,0.42066795531802,1.443005582211838,82.67812967455646
11.418781518936157,0.47875081159054717,0.4230520914005582,1.448265614894355,82.97950734736555
11.452018737792969,0.47921486879662994,0.4267828557188853,1.4556307728290383,83.4014998124702
11.518913269042969,0.4794481725602944,0.4288939862493155,1.460222135813386,83.66456553368592
11.552026748657227,0.4798463121116725,0.4324612716680856,1.4671202593353714,84.05979889805559
11.6187903881073,0.4800588944371463,0.4345781171218865,1.4711014780590137,84.28790592823876
11.652381181716919,0.4804170039927416,0.43812193766853724,1.4770090100080218,84.62638257625562
11.71884822845459,0.4806451229989113,0.4405196736137318,1.4814366530935557,84.88006783824699
11.752084016799927,0.48091570449578824,0.44366353803860836,1.48817838724897,85.26634075195143
11.818836688995361,0.4811513974916391,0.44633409725127887,1.4925619812530033,85.51750218748138
11.85204267501831,0.4814336470577106,0.449916783970791,1.498988517583587,85.88571559611132
11.918782949447632,0.4816068878983512,0.45231122983914573,1.50318655174181,86.12624523562926
11.95206093788147,0.4818645772883727,0.4560457031054308,1.5096179158131262,86.49473525342775
12.018828630447388,0.4820230511632895,0.45857773606479035,1.5143308990714395,86.76476930304491
12.05203890800476,0.48223905022240576,0.46235326571658397,1.5211376427529482,87.1547669882227
12.11881399154663,0.48235545057231954,0.464749268636626,1.5249534586904296,87.37339713683915
12.152036666870117,0.482530324722285,0.4685170743019719,1.530674695942409,87.70119988497059
12.218782663345337,0.48263335020911113,0.47105133531673216,1.535311406922765,87.96686385496695
12.252004623413086,0.48276912830761864,0.4748450229075522,1.542657188206845,88.38774611977092
12.318835973739624,0.48285714586369005,0.4776512560943791,1.5474605356799875,88.66295765751683
12.351984977722168,0.48292846548969737,0.48119450547267495,1.5554972027863856,89.12342476406505
12.418829202651978,0.48296877371329955,0.48373265274802535,1.5613281679686741,89.45751445949792
12.452060222625732,0.4830115041170565,0.48767021349460105,1.5691987236827345,89.90846408433615
12.51880168914795,0.4830193087026017,0.49034356222877357,1.5740821389063724,90.18826316626054
12.552309036254883,0.48299632515454893,0.49388602425906414,1.581391436051983,90.60705504391105
12.619009017944336,0.48297094611224345,0.49643032509485435,1.5861194225491488,90.87794871579348
12.652037382125854,0.48291831925562667,0.5005063266813619,1.592710739116849,91.25560333655736
12.718778371810913,0.4828618043179356,0.5031751862889976,1.5971331271242881,91.5089875047529
12.752011060714722,0.4827572241796108,0.5070235893399733,1.6039060845934674,91.89704938255848
12.818721055984497,0.4826710933367355,0.5096871793577666,1.6085131328642381,92.16101380448669
12.852120399475098,0.48252547949427094,0.5132383424158232,1.6154520790554132,92.55858613550939
12.918771028518677,0.4824159810169716,0.5155025458579753,1.6203254021809217,92.83780698280452
12.952172994613647,0.4822327448628931,0.5192639757984105,1.6286042143815704,93.31214798128312
13.018766403198242,0.4820920535065889,0.5216610120933421,1.6339198533969395,93.61671166227883
13.05201506614685,0.4818712326012687,0.5249910212576806,1.641035458697121,94.02440581466016
13.118804931640625,0.48168884400815576,0.5278025487876585,1.6455530129198659,94.28324260534494
13.152005910873413,0.48140646158319234,0.5315950287142036,1.6528046498608537,94.6987307966247
13.218810081481934,0.48120806377960407,0.5339677357477017,1.6577404936684335,94.98153381513481
13.2520751953125,0.4809059500752307,0.5373067995517179,1.6652451650051185,95.41151980935966
13.319045066833496,0.4806637884051085,0.539970824286189,1.6703276916747178,95.70272713679039
13.352087020874023,0.4803014540813417,0.5435822760360431,1.6786519348086353,96.17967113600461
13.418765306472778,0.4800616694230204,0.545697262571527,1.6845139121435941,96.5155376968991
13.452027320861816,0.4796573892681739,0.5492579895425943,1.6940484905876962,97.06182880118256
13.518970489501953,0.4793872690776757,0.5513733529743787,1.6999339955361092,97.39904339502999
13.552106380462646,0.47894657827600506,0.5547616019570916,1.7088364623639702,97.90911717152164
13.618988513946533,0.47860600529750136,0.5572836870477792,1.7151121806069405,98.26868934025708
13.652045726776123,0.4780607163719496,0.561118399846811,1.724192048851119,98.78892746918339
13.718910932540894,0.4776914603952236,0.5634941052253614,1.7298296601604033,99.11193880374059
13.752309799194336,0.47709816636835556,0.5672159990539406,1.7380978223363321,99.58566960075102
13.81878137588501,0.4766964582173727,0.5695804331402262,1.7433799832091346,99.88831512547173
13.852124214172363,0.476090936946437,0.5730155337854481,1.7509240378480548,100.32055761669795
13.918740510940552,0.4756407555354002,0.5755163237226187,1.7562167965427389,100.62381035188453
13.95201849937439,0.4749732477020564,0.5790707753307469,1.764208054127814,101.08167568451124
14.01873254776001,0.47451039692284647,0.5814291488300524,1.7689639568192277,101.35416883650414
14.052269220352173,0.47382215168429426,0.5848295892857315,1.7767259568595086,101.79889867939262
14.11876130104065,0.4733779430203692,0.5869172254748038,1.7819718369123683,102.09946546625335
14.152002334594727,0.47260839974079527,0.5905480273726665,1.789317498637451,102.52034088083137
14.218787670135498,0.4720400917882347,0.5931562868392186,1.7942886471196122,102.80516670819208
14.2520010471344,0.4712872253012474,0.5964173857992358,1.8016248431583104,103.22549977889007
14.318764209747314,0.470765751244154,0.5986234887185213,1.8064978708033648,103.50470369640226
14.351983547210693,0.46996226821123377,0.6019619951195246,1.8135101699612077,103.90647884282981
14.418751001358032,0.4693304025347983,0.6045657327228794,1.8178339646580346,104.15421403043904
14.452046632766724,0.46841560584952585,0.6082085351760964,1.8251056295528993,104.57084973894823
14.518789291381836,0.46775004208963017,0.6107985394936707,1.830462726883465,104.87778880643043
14.552016258239746,0.46677474547367526,0.6144711454316922,1.8381400425060048,105.31766658959182
14.618770360946655,0.46623133750221474,0.6163862496558811,1.8432062376714866,105.6079381907635
14.652040243148804,0.4651974630387162,0.6201264163900806,1.8504621641357488,106.02367215362301
14.718740940093994,0.4646320372696077,0.6220373657490932,1.855093584082284,106.28903296971218
14.752021551132202,0.46359626917095514,0.6256081948150469,1.8620430133286938,106.68720593555625
14.818794965744019,0.4629044541749555,0.6279183524709061,1.8664597276835506,106.9402650274044
14.85199522972107,0.4618950037248171,0.631218394870202,1.8724915157148632,107.28586102451612
14.918764352798462,0.46110869927626075,0.6337801264085315,1.8765935345211675,107.52088938960065
14.952110528945923,0.4598590729180215,0.6377898323596972,1.8831336884858778,107.89561260914431
15.018754720687866,0.4590781958496191,0.640199705943984,1.8881013668307727,108.18023961228532
15.051964044570923,0.4580451598233114,0.6432837901061372,1.8957698456269405,108.61961108259129
15.11875867843628,0.45715890259435055,0.6459554376345795,1.901087059354162,108.92426498793012
15.151957988739014,0.4559693824284439,0.6494125191287429,1.9096521756090548,109.41501000037437
15.218746423721313,0.4551688101247089,0.6516758896034321,1.9147581139140248,109.70755871570333
15.252082586288452,0.45407527050877583,0.6546818961657492,1.9216936466362506,110.10493546936175
15.318751573562622,0.4531652777297767,0.657203312845748,1.9264130123401264,110.37533520617262
15.351979970932007,0.4518603372125555,0.6607288532990665,1.9336310282764666,110.78889705578308
15.418726205825806,0.4510135828388061,0.662953470841904,1.938046884437247,111.04190697673263
15.451998710632324,0.4497993007377464,0.6660814766709147,1.9452810641036073,111.45639493985445
15.518786191940308,0.4489214073921353,0.6683210768124022,1.950122714433106,111.73380106961284
15.55229663848877,0.4475446525061553,0.6717899553564627,1.957692559565242,112.16752124725188
15.618752717971802,0.44663267677681223,0.6740273435305318,1.9635790818081391,112.50479412777977
15.652009725570679,0.4451003779982827,0.677761131539947,1.9722034826220618,112.99893589524673
15.718709707260132,0.4441126272663026,0.6800885780645705,1.977497524999598,113.30226218004297
15.752096176147461,0.44244917085057966,0.6839857662950155,1.9845883182417836,113.70853470622009
15.818835496902466,0.4413252326092787,0.6865563630031368,1.9889321987195752,113.95742072430681
15.852079391479492,0.4396352902226283,0.6903660743170347,1.9951159479039697,114.3117234541401
15.918809413909912,0.43855140471298354,0.6927575359545479,1.9994799896594655,114.56176462834885
15.952106952667236,0.4370245482467819,0.6960612155508963,2.006882667519438,114.98590682682021
16.01876950263977,0.43584631718429345,0.6986071654688726,2.011528577819645,115.25209787901842
16.05189871788025,0.43442404208492835,0.7015713824048633,2.0178838886998145,115.61623036994573
16.11877679824829,0.43333896100659697,0.7038406870337149,2.0225822547393975,115.88542691462142
16.15205144882202,0.43168182093744645,0.7072608970243192,2.030219625780396,116.32301604184609
16.218775987625122,0.43067342438859224,0.7092827064995862,2.0345883964016958,116.5733281601073
16.25203776359558,0.42905237825085873,0.7125216326565315,2.0409748344821184,116.93924410823715
16.31877875328064,0.42807986495609707,0.7144152670205343,2.045747462058844,117.21269552557128
16.352041959762573,0.42650812425788864,0.717467569059764,2.05320445277538,117.63994962149701
16.418790102005005,0.42533560331011544,0.7197235370129494,2.058459835186903,117.94106085340457
16.452019214630127,0.42365157975530193,0.7229009152466703,2.065945023460521,118.36993055034368
16.518765211105347,0.42263094716830973,0.7247736536911934,2.0708603527290075,118.6515581723451
16.552024602890015,0.42105408169675085,0.7276486577756461,2.0780486288684568,119.06341605711013
16.61872124671936,0.42002991257406175,0.7294838238119522,2.082618597645598,119.32525598054688
16.652050971984863,0.41822480055393174,0.7327199575689477,2.090172655420897,119.7580716092695
16.718772172927856,0.41703308115851956,0.7348106487920536,2.0951227188146753,120.04168935005521
16.752023220062256,0.4155152825076418,0.7374039559976442,2.102952071713352,120.4902782274679
16.81880474090576,0.4142983547273252,0.7394856389332206,2.108672409872553,120.81802946137776
16.852014303207397,0.4124153663573882,0.7426620047012364,2.117682271394604,121.3342565005886
16.91875648498535,0.4113020378125539,0.7444771633783159,2.123591438808715,121.67282685385338
16.952016830444336,0.4096558890853547,0.7471277461668511,2.132093707328697,122.1599709563353
17.01883339881897,0.4083123427757528,0.7492891587581464,2.137226477790313,122.45405704099532
17.052030086517334,0.40642412801772154,0.7522659476829217,2.1449545699718033,122.89684410668275
17.118796586990356,0.40517109282748653,0.7542003742560182,2.1502594242350925,123.2007898669012
17.15202522277832,0.403369711436021,0.7569424417159991,2.1572566928031778,123.60170382397204
17.218764543533325,0.4021856923788727,0.7587169487294368,2.162462025336473,123.899947409092
17.25202465057373,0.40022488931420375,0.7616473682162184,2.171330599260627,124.4080792652458
17.319026231765747,0.39872060277874155,0.7638690932057205,2.1772092700838477,124.74490229256304
17.352063179016113,0.39651181114379347,0.7670711601101404,2.1862731724011066,125.26422564126082
17.418744325637817,0.39482606128012104,0.7694841999300612,2.1923048001834973,125.60981245678566
17.452122449874878,0.39274396127930056,0.7723688210743062,2.2010749352146286,126.11230417982932
17.51866602897644,0.39087151933150405,0.774979261547886,2.2064357209875896,126.41945457949376
17.552072525024414,0.3886392051089095,0.777984170171173,2.2141951312989585,126.8640360418455
17.618680238723755,0.38711817763106166,0.7800066433551731,2.219416823522004,127.1632169681423
17.652000427246094,0.38479568067013814,0.7830665856588658,2.22702836749112,127.59932631315088
17.71897792816162,0.38325203554375226,0.7850677709348582,2.231568922157238,127.85948093216787
17.75209641456604,0.38092998947507317,0.7880521159058408,2.2388125261002516,128.2745088665669
17.81876492500305,0.37933435457378645,0.7900727228948117,2.244193476850043,128.58281463429768
17.852185249328613,0.3772122002804899,0.792708781012197,2.2519847115628,129.02921950053448
17.918713808059692,0.37611044112447617,0.7940292332511838,2.2573033088286802,129.33395267679924
17.952110528945923,0.37370478294634585,0.7969907996693129,2.265438986553347,129.80009267390125
18.018757104873657,0.37233387023053055,0.7986243383474485,2.2705372549186835,130.09220193406009
18.0519917011261,0.37013303816069465,0.8012380749022618,2.2775757286902705,130.49547677538555
18.118738174438477,0.3685736356495019,0.803071315884614,2.281939744985471,130.74551649082684
18.152009963989258,0.36606484727080907,0.8060019997760213,2.2883306867302045,131.11169047991405
18.218730211257935,0.36439909329630094,0.8079163491175482,2.292878000178381,131.37223234861764
18.2519588470459,0.36172188597893096,0.8109729589492338,2.2997356277493326,131.76514546590573
18.318732976913452,0.3602082721818569,0.8126522297735402,2.3048127362506756,132.05604235516267
18.35208797454834,0.35786039286148863,0.8152439270496319,2.3127601162565448,132.51139368768563
18.418732404708862,0.35623621716520193,0.8170149818746353,2.3181104653667957,132.81794611062458
18.452030420303345,0.35378232013025845,0.8196632178107396,2.326158732482406,133.27907784874296
18.518730401992798,0.3519549630460253,0.8216175961351981,2.330787187980401,133.5442688144422
18.552246570587158,0.3495387696056014,0.8241484170790138,2.3373047498168207,133.9176976003846
18.618946313858032,0.34786736014227904,0.8258836101901904,2.342024461613714,134.18811716686469
18.65215826034546,0.34525780503082504,0.8285744149616464,2.348591032028927,134.56435393753185
18.71874213218689,0.3436629363982022,0.8301847672167889,2.3527070504745433,134.80018442286368
18.752029418945312,0.34102519421270505,0.8328473301343656,2.3593469516216397,135.18062273497637
18.8188316822052,0.3391315101846577,0.8347393951660564,2.3641693199747307,135.45692408886595
18.85207223892212,0.3364287158642403,0.8374004772253343,2.371706500449579,135.88877271950318
18.91884160041809,0.33460097559993446,0.8391730455476987,2.3765253923281024,136.16487488607243
18.952098608016968,0.33236418270365775,0.8412908059833426,2.3830348718649885,136.53784059036278
19.018765449523926,0.331007321648672,0.8425566147929449,2.386381397189181,136.72958236747266
19.05203104019165,0.3280451984463078,0.8453783399632324,2.391691764373988,137.03384399482684
19.11875605583191,0.32657861106702146,0.8467269003659458,2.3957334338442724,137.26541459766102
19.152034044265747,0.3241609115762386,0.8489545050809663,2.4013823502050995,137.58907366395883
19.218762159347534,0.32259235734661673,0.8503832416927611,2.404891618835829,137.79013994567728
19.252002954483032,0.32008625813447295,0.8526589488237459,2.410846860439942,138.13135015557364
19.318760633468628,0.31840007985642954,0.8541722695968877,2.4157078234631078,138.4098628211702
19.35205101966858,0.3157586625725189,0.856523608747103,2.4234831368846574,138.85535546461645
19.420587301254272,0.3139444321557501,0.8581140783206058,2.428949675319889,139.16856504550125
19.45203161239624,0.3113547530783273,0.8603501797113229,2.436533170583548,139.60306731806637
19.51874017715454,0.30942182065920243,0.8620049537921133,2.4415016581603126,139.88774068677816
19.55200457572937,0.3063507169730791,0.8646108612435054,2.4497039663935025,140.35769833080536
19.618991136550903,0.3044002757666343,0.8662275972215457,2.4550843226351082,140.66597003572622
19.65201687812805,0.3016803821747033,0.8684450121289577,2.4636862460342206,141.1588239421902
19.718750476837158,0.29991179443853744,0.8698613301939284,2.4698290167153347,141.51077877673472
19.752029180526733,0.29697647589195847,0.8722016986569939,2.4791380373922207,142.04414637292032
19.81871223449707,0.2950868711996364,0.8736745107755721,2.4851773112252893,142.39017127487895
19.85208487510681,0.2924438415760312,0.8756973556252108,2.493187834720165,142.8491404628257
19.918839931488037,0.2904210351108324,0.8772395523379354,2.4981666160490796,143.13440362009106
19.952037811279297,0.28731427029530976,0.8795814895956019,2.505134289553519,143.53362190492055
20.018760204315186,0.2853831795877241,0.8810051250714678,2.5096119803957633,143.79017469214554
20.052031993865967,0.28233835417178854,0.8832372094019852,2.516415645420751,144.17999598329808
20.118776559829712,0.2801730823749072,0.8848073575802847,2.5215911112122713,144.47652833016653
20.15201711654663,0.2768473920137325,0.8871917638305155,2.5299805727171405,144.957209066783
20.21894383430481,0.27477177739627456,0.8886434034115209,2.535935915451761,145.29842507103066
20.25204062461853,0.27173428532120714,0.8907383648651556,2.5438955249819024,145.75447710367987
20.31877374649048,0.26963685783078684,0.892165566455251,2.5484590857382274,146.01594987456883
20.35238242149353,0.2664793059451438,0.89429356037717,2.555678366459314,146.42958419100725
20.418957471847534,0.2646989828319123,0.8954578554295912,2.5607441436403606,146.71983184343492
20.452320337295532,0.2615612852910485,0.8975219625257344,2.5689629113588675,147.1907325465037
20.51877450942993,0.2594284349883172,0.8989000840583948,2.5748632205075115,147.52879535854345
20.552041053771973,0.2562349325080183,0.900934581531416,2.583897088409554,148.04639786200917
20.61879873275757,0.254198627917079,0.9022002079889512,2.58990904521088,148.39085761334013
20.651990175247192,0.25110087397829894,0.9041038279247005,2.599203741751321,148.92340449696226
20.718732595443726,0.24904179719695263,0.9053424759468975,2.605235619809343,149.26900565222448
20.751965522766113,0.2459303040040234,0.9071910333943889,2.61454176410198,149.80220844373233
20.81876015663147,0.24362140569226792,0.9085456742138371,2.6201541276866953,150.12377319022943
20.85195541381836,0.24021383269162522,0.9105105264863529,2.6281744086675305,150.58330144094035
20.919108152389526,0.23765572802075574,0.9119688448404754,2.6335872392949424,150.8934337911102
20.952001571655273,0.23439024638754352,0.9137748335935846,2.6424009388117735,151.39842157532112
21.018667697906494,0.2326401409303677,0.9147035293235914,2.648825846868619,151.76654169073797
21.051979303359985,0.22945731596401386,0.91641205355539,2.659119886588031,152.3563467208003
21.118699550628662,0.22709440895180327,0.9176612633853037,2.6661819721124296,152.76097441590878
21.151920557022095,0.22410613021727002,0.9191839350359174,2.6767614942641433,153.36713638446713
21.218693256378174,0.22183782577077166,0.920328876128644,2.68380034904954,153.77043305627583
21.251891136169434,0.21859382264420557,0.9219267859632179,2.694121340076232,154.36178228249767
21.318645238876343,0.2164269224070107,0.9229663513062917,2.6999831469962503,154.6976390793353
21.351917505264282,0.2129064223637914,0.9246422115783569,2.70854521230829,155.18820928563053
21.41870665550232,0.21084673652430705,0.9255846348226546,2.7142039250815566,155.5124296450155
21.451906442642212,0.20768495515038643,0.9270179683179135,2.722111570409214,155.9655043481766
21.51863431930542,0.20561129883845145,0.927938573373824,2.727103714193425,156.25153311773434
21.552177906036377,0.20233414438752179,0.929383163609396,2.7339641899859517,156.6446094260978
21.61868977546692,0.19999915928318562,0.9303981870980662,2.7390599299242604,156.93657381805914
21.651919841766357,0.19694108731404125,0.9316892186522532,2.7479874249687297,157.4480816057312
21.718688011169434,0.1950927474028275,0.9324438729688946,2.7541349939619186,157.8003113633064
21.751920700073242,0.19208299281598204,0.9336689523816011,2.763401216141773,158.33122678624258
21.818904161453247,0.18984858352147685,0.9345659189093672,2.769520650871371,158.6818445692543
21.851940870285034,0.1870766217614933,0.9356322108146227,2.7785878786130995,159.2013584507393
21.91868233680725,0.1850767933416158,0.9363928292291988,2.784156702327752,159.52042854644125
21.951966762542725,0.1826013545423094,0.9372965761200357,2.7918906960485774,159.96355374542523
22.018636226654053,0.18071895169073718,0.9379857609141965,2.7965204678891906,160.2288201320009
22.052234172821045,0.17777363469305485,0.939052012493686,2.8040118111673804,160.65804248472486
22.118906021118164,0.17524458673912324,0.939966455118956,2.8092333497503734,160.9572146080951
22.152060747146606,0.17230732419020167,0.9409727949569601,2.8163128708449383,161.3628412877875
22.21869659423828,0.17017463236516395,0.941697865299706,2.820301011741738,161.59134492927762
22.252017498016357,0.1672232199290014,0.9426742111429818,2.8251742707108782,161.87056210068363
22.318746328353882,0.16469680017107718,0.9435208327017213,2.8286280212211503,162.06844742841338
22.352061986923218,0.16158678076535915,0.9445221969740502,2.8352428695642997,162.44745032059495
22.418707370758057,0.15942083488079475,0.9452087816772327,2.8399136370720193,162.7150655858741
22.452035665512085,0.15617906257581815,0.9462186264229506,2.8467307792680696,163.10565906204835
22.518714904785156,0.15374574075446473,0.9469680106188038,2.8510598014855226,163.35369376452675
22.552010774612427,0.15017960750712828,0.9480413639671229,2.8568073448237845,163.6830037403777
22.619169235229492,0.14787686781976606,0.9487151721579531,2.8606208362276613,163.90150070302926
22.65196990966797,0.14440833348633195,0.9497161087975803,2.8671468245058884,164.2754122885235
22.71867871284485,0.1422637547893149,0.9503156119791712,2.871177118051338,164.5063310988766
22.75199556350708,0.13863337019938018,0.951327678093426,2.876685414532214,164.82193323953757
22.81870436668396,0.1368376548601548,0.9517965869545679,2.8805335305136373,165.04241404434995
22.852031469345093,0.13368853835213637,0.9526342259251314,2.8868922268158697,165.4067405056733
22.918742656707764,0.13163043423626355,0.9531677173863462,2.891099873742653,165.64782091625918
22.95191740989685,0.12807804469907225,0.9540881475318274,2.8973532469634096,166.00611280952867
23.018845081329346,0.12587427613179172,0.954636347959479,2.901606832205588,166.24982529170464
23.051948070526123,0.12226167617192804,0.9555284605037137,2.9082887698551696,166.6326721179952
23.118693590164185,0.12007541961873075,0.9560446393469157,2.9126368539371876,166.88179898486285
23.151995182037354,0.11673098434409229,0.9568217936229421,2.919423128324291,167.2706238658616
23.218674898147583,0.1142605364493611,0.9573870543361365,2.9239065261764567,167.52750364066873
23.251945734024048,0.11074017571511897,0.9581661172474847,2.930866961102823,167.92630718552496
23.31869077682495,0.10878851264265112,0.9585706121110726,2.936001062778657,168.2204695431413
23.351987600326538,0.10531287520589563,0.9592998272582088,2.944018422712422,168.67983043018333
23.418793201446533,0.10338506669650643,0.9596748341436242,2.949573763675285,168.9981280211115
23.45203447341919,0.0996090721443629,0.9604245572362775,2.958987978039966,169.53752277163917
23.5188045501709,0.0976445485141089,0.9607742983012658,2.965253983291304,169.89653842694764
23.552368879318237,0.0944387763661421,0.9613413943834158,2.9746015239612555,170.43211305616276
23.6187002658844,0.09219721140269241,0.9617217805706001,2.9804466397946436,170.76701352418098
23.651949644088745,0.08857049262040678,0.9623231201568427,2.9879786452220936,171.1985656464435
23.71872353553772,0.0861892269371534,0.9626947222823924,2.9922112993323386,171.44107886309925
23.751931190490723,0.08265106176711531,0.9632288501026184,2.998391347609611,171.79516954657404
23.818760871887207,0.08027119681156217,0.9635730868869387,3.0029810285971736,172.05813889647283
23.851969957351685,0.07716766676096233,0.9639933896175216,3.0098210727457033,172.45004455786673
23.918702840805054,0.07488621979622735,0.9642961916107186,3.0142477301478765,172.7036733443616
23.95197319984436,0.0710801514760803,0.9647971741159442,3.020811095595822,173.07972648393087
24.018791675567627,0.0688306341383467,0.9650664269682963,3.0247210144675636,173.30374833352022
24.0520281791687,0.06498617210163393,0.9655279389529865,3.0295686790757284,173.581499056063
24.118727445602417,0.06259776332168214,0.9657945202408638,3.0329128328395214,173.77310495277112
24.151958465576172,0.058853451821074446,0.9662053107154739,3.039011853650266,174.12255310438925
24.21875,0.056601045586907636,0.966430893497079,3.0438047599254294,174.39716640555787
24.251956939697266,0.053010152406799335,0.9667828895896705,3.050418795601302,174.77612273533433
24.318747997283936,0.05007501538734162,0.9670674505164233,3.054482027081808,175.00892875035203
24.351951122283936,0.04669364618606613,0.9673488468576676,3.0608624235832558,175.374498541505
24.418723106384277,0.04403469805964068,0.9675709549282973,3.0653687829924583,175.63269391662138
24.452012300491333,0.04039254484593112,0.9678456733982191,3.0724747139573947,176.03983377042357
24.518734455108643,0.03799614648290239,0.9680090132522298,3.0770987842946185,176.30477348491812
24.552168130874634,0.034413454987025735,0.968238453635818,3.0841920294850045,176.71118649737872
24.61871600151062,0.03197443119778888,0.9683774436175823,3.089101729296259,176.99249157523977
24.652036428451538,0.028651932054946566,0.9685421540167876,3.0962602549896636,177.40264488500782
24.718745946884155,0.02543026756480067,0.9687162405492593,3.101917604190349,177.72678711743882
24.751999139785767,0.022179479586236256,0.9688254031967832,3.1107778503271315,178.23444182652352
24.818710565567017,0.020048809784774066,0.9688816776925042,3.116288819043567,178.55019707500392
24.85205912590027,0.016609040009263873,0.9689669516962204,3.1240616868323783,178.99554959401598
24.918760061264038,0.014482524927979412,0.9689980228565097,3.1292327044308434,179.29182707819592
24.952041387557983,0.011514236494950023,0.9690219525166734,3.137672837461533,179.77541107938336
25.018949270248413,0.009235740471663492,0.9690361433184383,3.1427702615911826,180.06747196840044
25.052018880844116,0.006014994161265649,0.9690314008879579,3.150517388446714,180.51134964057488
25.118727445602417,0.004013363783148552,0.9690085975104269,3.155969609746,180.82373890999528
25.151997327804565,0.0005096331996358588,0.9689687616316306,3.1641681925208065,181.29348310098035
25.21873712539673,-0.0018759083719126074,0.9689221212124342,3.1700931176402003,181.63295630425264
25.251999139785767,-0.00599615916024461,0.9688286965515449,3.1796526527714564,182.18067732138067
25.318710565567017,-0.008528663109101942,0.9687342815682238,3.1860809612424896,182.54899226617908
25.3519868850708,-0.012459624313244003,0.9685653671804043,3.195913807201206,183.11237284021578
25.418710470199585,-0.015260656762161068,0.968422550293192,3.2022743828929663,183.47680698262715
25.451988220214844,-0.019243282190958652,0.9681815446249245,3.2110187423652863,183.97782187493632
25.518733501434326,-0.021358805511171072,0.968014567063085,3.2164577984884968,184.2894568353311
25.551989555358887,-0.025138370860632003,0.9677326299116147,3.2237650002812805,184.70812865810802
25.618704557418823,-0.027800723287234957,0.9675193082016578,3.227516358627199,184.92306565877033
25.652002811431885,-0.03189165483103544,0.9671747284700085,3.2325423280954735,185.21103249726406
25.718688249588013,-0.03413937525030315,0.9669568392422252,3.236679094878308,185.44805177475038
25.75201416015625,-0.037782930439773904,0.9666048592015289,3.2431829926126183,185.8206976653111
25.81874656677246,-0.04044309445153557,0.9663392398158859,3.2475340553466783,186.06999519636938
25.85195827484131,-0.04408916867775481,0.965946771105327,3.253975864404743,186.43908366782563
25.918803453445435,-0.04647298354091958,0.9656743523897382,3.257722310299694,186.65373920578043
25.952239751815796,-0.04979841707832845,0.965275131724091,3.263614225674116,186.99132108998305
26.018747806549072,-0.052593617353465266,0.9649460109509743,3.2684911225060267,187.27074669557226
26.05214810371399,-0.05635768232588159,0.9644671990466464,3.2757731519739157,187.68797625037217
26.118759155273438,-0.05859623646519707,0.9641567531003021,3.279978831065623,187.92894391231343
26.152021169662476,-0.06246828569910026,0.9636247139254518,3.286816220491451,188.32069746930074
26.218780040740967,-0.06538548685656811,0.9632118041953299,3.2914865693975015,188.58828875047098
26.252030611038208,-0.06919409625473516,0.9626330479464055,3.2978696677148585,188.9540133442726
26.318735361099243,-0.07196668893164977,0.9622022021476844,3.3013615828857934,189.15408534598487
26.352001667022705,-0.0760664087998206,0.9615454979658071,3.3061098305582854,189.4261398977015
26.418803930282593,-0.07882845329313327,0.9610885199553483,3.3093980990248255,189.61454380274017
26.45213007926941,-0.08252626330176605,0.9604512275549777,3.3158697339243606,189.98534116903312
26.518760442733765,-0.08502107563885154,0.9600086147263931,3.3203173798267245,190.24017250800722
26.552016258239746,-0.08837003207233765,0.959388364577935,3.327091674538295,190.62831100415798
26.61875009536743,-0.09086406280084862,0.9589225562059784,3.3324347225125854,190.93444510282077
26.652013778686523,-0.09473076232844989,0.9581814102604586,3.340727015167162,191.40955847441535
26.71876811981201,-0.09693956270732149,0.9577263116266979,3.3462454878472028,191.72574366833993
26.75201940536499,-0.10063619484832614,0.9569613145958209,3.3548036670983126,192.21609121974495
26.81878137588501,-0.10258077554292447,0.9565237533468374,3.3605406239117315,192.54479463240267
26.851993083953857,-0.10621812131143364,0.9557217164886971,3.3678738281007075,192.96495628273865
26.91877245903015,-0.1082938500918999,0.9552345933640973,3.372362605263582,193.22214426934605
26.95205068588257,-0.11191326791055402,0.9543916000689281,3.3794475019950903,193.62807895034751
27.018815517425537,-0.11465076302884866,0.953742233674333,3.384806231924116,193.93511155883115
27.052050352096558,-0.11791161237931033,0.9529200310297631,3.393067274134753,194.40843441188005
27.11881947517395,-0.12037672751922932,0.9522915250032937,3.3990902351909256,194.7535246605704
27.15205478668213,-0.12359478522706657,0.9514334283086444,3.409025151999017,195.32275346348763
27.21876335144043,-0.1263140539657571,0.9507061470939919,3.415562812535861,195.697333820138
27.25202488899231,-0.12981575247496893,0.9497192975800938,3.425187626329182,196.24879502909462
27.31872034072876,-0.1322538709611146,0.9490121825484237,3.430974882651959,196.58038039135013
27.352019548416138,-0.13546454148533738,0.9480435194649743,3.4383942408052417,197.0054783002292
27.41874051094055,-0.13789524204859485,0.9473067176108366,3.441916049228742,197.2072630591494
27.45206904411316,-0.14162522795032612,0.9461603995374314,3.447303215044703,197.51592492394113
27.518701791763306,-0.1435190189151347,0.9455454354327355,3.4515219437483506,197.75764027357081
27.552144527435303,-0.14720926808700013,0.9443744778684415,3.4581309171339947,198.13630655548252
27.61876940727234,-0.1493643549088584,0.943662531297555,3.462977334810442,198.41398583410054
27.652037858963013,-0.1529177454699443,0.9424840720431672,3.4702165622504957,198.8287630133509
27.718777894973755,-0.15545219570993335,0.9416279265363273,3.4757446098059424,199.1454968072256
27.752063035964966,-0.1590377754884192,0.940384077670559,3.483806376164554,199.60740199499463
27.818777561187744,-0.1616878891849039,0.9394498170930519,3.4893675472524848,199.92603362748324
27.852015018463135,-0.16543007559694897,0.9380947665972567,3.4992258311665085,200.4908716889985
27.918717622756958,-0.16806115371124086,0.9371190081952925,3.5057958056320637,200.86730349738355
27.952037811279297,-0.17167283900588026,0.9357357917875204,3.5135136387254726,201.30950276062225
28.018744230270386,-0.174291895765312,0.93472040672708,3.5187684814506954,201.61058307078255
28.052021980285645,-0.1781585768715111,0.933192349818909,3.526409412727729,202.04837618450608
28.11876153945923,-0.1803803114622355,0.9322795913820984,3.5316325898385106,202.3476421886032
28.152023315429688,-0.18421814971005834,0.930708236901102,3.538876617033209,202.7626943735374
28.218764066696167,-0.1858655775771571,0.9299852048044784,3.543272875104208,203.014581406656
28.251988410949707,-0.1890925696532264,0.9286077543605294,3.550629540614707,203.43608729169702
28.318711042404175,-0.1911711293769225,0.9277027348305862,3.5556338063416075,203.7228105974104
28.35199522972107,-0.19458641970954996,0.9262088880610867,3.5626194910779816,204.12306084981358
28.418769359588623,-0.19640312017487743,0.925380299939881,3.5677381743536145,204.41633979817155
28.4519944190979,-0.19990932899103786,0.9238032944514639,3.5756098450146743,204.86735330476722
28.518718957901,-0.2018399304431164,0.9228983316969128,3.5810562714755996,205.17941055440662
28.55201482772827,-0.2053376766068281,0.9212675485676955,3.5892457756457583,205.64863457966152
28.61869788169861,-0.207755029068377,0.9201165433517209,3.5944305214045027,205.94569862948592
28.652003288269043,-0.21129554696963487,0.9184001711864459,3.6016073212368735,206.35689897029096
28.718752145767212,-0.21381730985193115,0.917159960994445,3.6067962938677494,206.65420520204904
28.752021074295044,-0.2169919722191953,0.9155525331140394,3.614558300759856,207.0989354375182
28.818711042404175,-0.21900416403530001,0.9145133580715124,3.618551940526774,207.32775414105822
28.852002382278442,-0.22235302590812506,0.9127863439282835,3.623851882666947,207.63141845735365
28.918750286102295,-0.22398945882109494,0.9119075217578647,3.627543772323949,207.84294815312788
28.95199155807495,-0.2272699399983677,0.910183989201316,3.633110875740224,208.1619196829933
29.018709421157837,-0.2295154687090184,0.908987884197526,3.6369839117661287,208.38382830117976
29.052021503448486,-0.2326890936083651,0.9072728531317544,3.6430352688714978,208.7305455236439
29.118753671646118,-0.23503949786499212,0.9059935954468881,3.6467834760256514,208.94530197431766
29.151931524276733,-0.23861093180265552,0.9040291445232489,3.6525752915828575,209.27714856146378
29.218706369400024,-0.24069885507896183,0.9028518417021885,3.656732111037204,209.51531677239572
29.25200057029724,-0.24413954310465946,0.9009079124399584,3.6635958207715182,209.90857837197478
29.31870698928833,-0.24573198529275206,0.8999665047128793,3.669156984148718,210.22720956267105
29.352049589157104,-0.248835608359587,0.8981599536276084,3.6769132568235983,210.67161125169432
29.41874885559082,-0.2510249669339495,0.8968676274043342,3.6818428700175243,210.95405728233828
29.452011346817017,-0.2543769575570466,0.8948665991934769,3.689617830450871,211.39952970105026
29.518773317337036,-0.25674812981269535,0.8934313189529246,3.6946101386495553,211.68556789086344
29.552021741867065,-0.26003871153514013,0.8913973439036842,3.7019011089411906,212.1033097171294
29.61869788169861,-0.2621840951157386,0.8900496153362623,3.7072872246892636,212.41191141746293
29.65201735496521,-0.26503595618817233,0.8882223214015631,3.7147866576054853,212.84159727230391
29.718708753585815,-0.2674072712212342,0.8867064495753024,3.7190106003898324,213.08361136675174
29.752031803131104,-0.27084604086168346,0.8844761450265867,3.726201954531614,213.49564560805976
29.818774700164795,-0.2731860503680053,0.8829342887743427,3.7312454467837846,213.78461642811607
29.852038621902466,-0.2763995687084047,0.8807776750612821,3.7392354482522085,214.2424097905601
29.91870403289795,-0.27849023403065065,0.8793500906819549,3.7452111964459744,214.5847949414958
29.95206069946289,-0.28189256760675424,0.8770123855313859,3.7540610766011397,215.09185572358336
30.018701791763306,-0.2839624930605976,0.8755515277947824,3.759717062514334,215.41591984539482
30.052282333374023,-0.28713787703434984,0.8732889566334615,3.768835634624776,215.93837554250885
30.11879014968872,-0.28937074948066477,0.8716793174681674,3.774604728138969,216.2689202524884
30.15191125869751,-0.29273491926075107,0.8692165290278846,3.783113396709723,216.75643105086823
30.218822717666626,-0.2949654750588839,0.8675544530364723,3.788754172799145,217.07962371397042
30.252049446105957,-0.29796658227324535,0.8652709355472762,3.796595258336804,217.52888482207933
30.318774938583374,-0.3002891756427025,0.8635001872768786,3.801146343357634,217.78964278597812
30.3520290851593,-0.30313309575233915,0.8612739165705555,3.808469751110171,218.20924314185189
30.418789625167847,-0.30511739656569314,0.8597095658411238,3.8137711029529244,218.51298822815554
30.452040672302246,-0.30800326168342124,0.8574053338640728,3.822007845287519,218.98491880086453
30.51876974105835,-0.31007509788696547,0.8557352949734094,3.8277475934214245,219.31378214440542
30.55225920677185,-0.3131511046611747,0.8532211721434486,3.836807113774099,219.83285442502654
30.61878776550293,-0.31497911323860117,0.8516862779590724,3.843351154215648,220.20780032329023
30.652363061904907,-0.318349218570314,0.8488633661701976,3.854348238910451,220.83788686325033
30.719032287597656,-0.3205689054901228,0.8469565454384704,3.8611505469075356,221.22763040243137
30.752021551132202,-0.32306452959251364,0.8447289366696827,3.8705430907815392,221.76578352530325
30.818800926208496,-0.32515841100675025,0.8428733174724699,3.876139989137391,222.08646217945727
30.85199785232544,-0.32767600048796636,0.8405743486792956,3.8847007331635757,222.57695668164948
30.91880440711975,-0.3295485547303203,0.8388574219784074,3.890877066543421,222.9308345171804
30.952003002166748,-0.3322120313929247,0.8363759848911209,3.9007341168492933,223.495601898155
31.018835067749023,-0.3337504391696908,0.8348987971448368,3.9069159154081965,223.8497928653802
31.05201292037964,-0.33665964766803036,0.8321288230927203,3.916532451422964,224.40077979256196
31.11878514289856,-0.3383741121039502,0.8304445649873949,3.92291298645744,224.7663575210728
31.1520254611969,-0.34117695346405713,0.827675859787611,3.932689749368055,225.32652477315105
31.218801021575928,-0.3431485746906066,0.8256971996818879,3.939269348114537,225.70350801221406
31.252054452896118,-0.34572469747981266,0.8230448313019495,3.9491869695099693,226.27174586098096
31.31881046295166,-0.34747646858046644,0.8212128314976441,3.955518979091999,226.63454328586766
31.352083921432495,-0.3500956595335425,0.8184393803308408,3.964964858568481,227.17575231365933
31.418802499771118,-0.35171906211886145,0.8166795291062646,3.9709950980228044,227.52125958384534
31.452006578445435,-0.35417927556289797,0.8139868242687898,3.979953905751636,228.03456145617656
31.518757820129395,-0.35568889643479906,0.8122959327523109,3.9865193387114384,228.41073305544933
31.551984310150146,-0.3581831154023955,0.8094935877900755,3.997267961061276,229.026583751675
31.6187801361084,-0.3599463548355417,0.8074782375748195,4.004495111374164,229.44066896251013
31.65197253227234,-0.3624159482375614,0.8045946557374725,4.01442657315635,230.00969980702487
31.718714714050293,-0.3642333611789472,0.8024468190082886,4.02058225992666,230.36239467896814
31.752058267593384,-0.3663885199180866,0.799814705259063,4.029402455171778,230.86775464099475
31.818788528442383,-0.36790337631494663,0.7979496395476141,4.034622081411257,231.16681719515265
31.85202693939209,-0.3699859697269283,0.7953436919739895,4.042046795743843,231.59222199050015
31.918776750564575,-0.37130567861436903,0.7936667496599532,4.046484690227152,231.84649461431815
31.95200777053833,-0.3732276659591664,0.7912036964179743,4.053358828507093,232.2403537255481
32.01877498626709,-0.3747979732479683,0.7891986944772629,4.058592371906866,232.5402136742536
32.05206370353699,-0.37687565630120956,0.7864863550123782,4.066604830853827,232.99929375543633
32.11879873275757,-0.3785863274740689,0.784249012284667,4.072898900447957,233.3599173791416
32.15231418609619,-0.380657592945573,0.7814542627840115,4.0831389744905895,233.94663040368587
32.218761682510376,-0.382328662422031,0.7791881124688148,4.08917173300319,234.2922820052795
32.25197958946228,-0.3842785398662299,0.7764501343907898,4.097643091046322,234.77765506789518
32.318764448165894,-0.3856670956031574,0.7744848893182141,4.103115691484483,235.09121197596323
32.35197186470032,-0.3876402095187309,0.7716496498146469,4.110854372376435,235.53460573007064
32.41877818107605,-0.3889235088323563,0.7697746286291794,4.115911425382167,235.82435352407305
32.451990842819214,-0.3911886358412062,0.7664714210742425,4.123871925923474,236.28045660790153
32.51876711845398,-0.3922797320980966,0.7648042490720555,4.129201871923844,236.5858400187554
32.552061557769775,-0.39416795189224185,0.7619379679573144,4.137324728651264,237.05124542682597
32.6187469959259,-0.39548087975340135,0.7599193749681016,4.1431448203278585,237.38471211627405
32.65209674835205,-0.3974120340184795,0.7569065852663037,4.1517605618791755,237.87835774454
32.71877121925354,-0.39869356569771425,0.7548688092206026,4.157839219523483,238.22663917266377
32.752002239227295,-0.4005859442035414,0.7518160724542797,4.167641720351398,238.7882810987768
32.81882286071777,-0.4017577573574927,0.7498745083483555,4.174271487888427,239.1681387978014
32.852028608322144,-0.4032047948590134,0.7474033545098897,4.183298154554477,239.68532870083752
32.91875171661377,-0.4045792071532511,0.7450957384440212,4.188865497878558,240.00431397640764
32.95206880569458,-0.4062878301974969,0.7421340644741022,4.196867375616738,240.46278779898506
33.01876258850098,-0.40726444001107714,0.7403886193199976,4.201721403300051,240.7409030988786
33.05201244354248,-0.4091412031500451,0.7370756182671901,4.208890540441937,241.1516643998591
33.11877799034119,-0.4100946824176064,0.7353180291764496,4.214608700434839,241.47929083403298
33.15201020240784,-0.41186149935739697,0.7320911558263357,4.22303825589157,241.9622687848751
33.21880650520325,-0.41272285101795314,0.7304360795188725,4.228389904139753,242.2688956429346
33.25199556350708,-0.4142947761601855,0.727453602427245,4.236506378592598,242.73393537360835
33.31878423690796,-0.4153389072499126,0.7254335510297455,4.241256113927023,243.0060751620751
33.35201048851013,-0.4171561458855765,0.7219137854530886,4.247917205140317,243.38772757554852
33.418768882751465,-0.4183634349881301,0.7195251826635684,4.252737091883009,243.66388674363583
33.45203995704651,-0.4200452113010633,0.7161324714343824,4.259594836069491,244.0568065425016
33.51880931854248,-0.42122020792523657,0.7137299935449017,4.263224413002231,244.2647659821656
33.55249094963074,-0.42287459063236943,0.7102957866027332,4.2690044585924625,244.5959381998791
33.61883473396301,-0.42390086807611005,0.7081223701561412,4.272796596360122,244.81321168929816
33.6520574092865,-0.4256446054956593,0.7044363312835452,4.279027692772588,245.17022721547156
33.71877717971802,-0.42652364114275537,0.702499272467196,4.283730850611895,245.43969831004773
33.752055168151855,-0.4279670353358572,0.6993255569858847,4.290167305858623,245.8084800307101
33.819010972976685,-0.42883225580139417,0.6973774918174276,4.29413763280021,246.03596300775007
33.852006912231445,-0.4301612620583243,0.6943732791261685,4.300396510107168,246.394570261929
33.91882586479187,-0.43124813231718606,0.6919200446879044,4.304175609412811,246.61109670250315
33.95206356048584,-0.43261514531408285,0.6887499314061634,4.310072256527579,246.94894969545734
34.01885914802551,-0.4336161173585469,0.6864136851215231,4.314217848306737,247.18647460798724
34.05236792564392,-0.4348353964988335,0.6834817729268634,4.320305771079158,247.53528688884856
34.11875772476196,-0.4358159016510064,0.6811327823188267,4.324748770834081,247.78985202318327
34.152050733566284,-0.4370614186014577,0.6780638060109732,4.331614920910597,248.18325344407108
34.21897006034851,-0.4378462618004575,0.6760906355619622,4.336769185376702,248.47857104447314
34.252037048339844,-0.43920559281565663,0.672670742678731,4.345111630078469,248.95655791670566
34.318774461746216,-0.4399649220140187,0.6706797405217331,4.350699899206223,249.27674215250923
34.35208559036255,-0.44144667054812103,0.6668290063212552,4.358185555742916,249.7056386789463
34.418726682662964,-0.4421726907561324,0.6648306915757448,4.362861352579583,249.9735421035479
34.45198631286621,-0.4433520790986861,0.6615841932447893,4.370071348989732,250.3866444681539
34.518757820129395,-0.44421097539137955,0.6591939379231792,4.374851305165038,250.66051578325644
34.55198836326599,-0.4456139754949405,0.6552517825929898,4.381591762679034,251.04671555079565
34.618720293045044,-0.4464341522848433,0.6528587103170492,4.385565213455653,251.2743775103989
34.652007818222046,-0.4477601315674463,0.648970538028697,4.391685339902187,251.62503492587172
34.71874451637268,-0.4486494641764905,0.6463085137494408,4.395729854630315,251.85676854997195
34.75239944458008,-0.4498981889005247,0.6424931978352595,4.401902812383301,252.2104529763306
34.81873655319214,-0.45075735530205135,0.6398255172994723,4.4063949700122045,252.46783464937425
34.85203838348389,-0.45196849719800325,0.6359834001716945,4.413513773623054,252.8757120514584
34.918742656707764,-0.4528405659158223,0.6331756235102064,4.4186188846729655,253.16821336856395
34.95203375816345,-0.4538732222982461,0.6297028957534115,4.426278592306672,253.60708228827949
35.018765687942505,-0.4546275796614886,0.6271425986842484,4.431095079502589,253.88304667668436
35.05207705497742,-0.4556927434291597,0.6234424138746526,4.4386343425852175,254.31501463195772
35.118736267089844,-0.45625210680754,0.6213909453955752,4.443769094268159,254.60921423223797
35.1520311832428,-0.4573413492761997,0.6174758760756582,4.451399231408539,255.04638888748775
35.218955755233765,-0.4578373378038007,0.6155434594404472,4.456451969022601,255.33588942776052
35.252007246017456,-0.45878968194969544,0.6119211470500612,4.4638333772832,255.75881296795586
35.31877827644348,-0.45949335001501906,0.6091973057986684,4.469536040298951,256.0855514907437
35.35202407836914,-0.4604098787857482,0.6054951879405979,4.478514097156334,256.59995625690027
35.41876673698425,-0.46106915489262723,0.602765724391226,4.484402539892544,256.9373391735896
35.45206379890442,-0.4619715768452413,0.5988814734955072,4.493604082690828,257.46454874094024
35.51897835731506,-0.4625515790058197,0.5962759887565068,4.499896212335106,257.8250612137065
35.55222964286804,-0.463430665605353,0.5922268151867602,4.509242224977953,258.36054829341754
35.618738889694214,-0.46387026536076015,0.590010488619606,4.5149301861382085,258.6864444619345
35.6520471572876,-0.46461808186509856,0.5862633961046823,4.523248422933828,259.16304432331395
35.71877884864807,-0.4650637523118312,0.5839018665535253,4.529376271077715,259.5141441594557
35.75203084945679,-0.46566207483128863,0.5805924377656873,4.5387528487583975,260.0513824868354
35.8187575340271,-0.46616396980171404,0.5778218440074788,4.544700489786804,260.39215721582195
35.85201907157898,-0.46679862837438757,0.5740771329463153,4.55370501059434,260.9080782546315
35.91875696182251,-0.4671734402805676,0.5717061865991001,4.559455541272424,261.2375593924462
35.95210576057434,-0.4676984070017458,0.5682469412918895,4.567747476812493,261.71265230288674
36.01881670951843,-0.4680443295780249,0.5658669489670117,4.573503587438724,262.04245314818013
36.05198073387146,-0.4686433371125208,0.5617258299070915,4.5827694238001495,262.57334646534866
36.11871671676636,-0.46896942667358904,0.559210218104707,4.588597913982859,262.9072943537514
36.1520037651062,-0.4694624273545053,0.5552794961236672,4.597281251159437,263.40481292605836
36.21869897842407,-0.46975143155960225,0.5527569582762023,4.602774302051965,263.7195415588508
36.251972675323486,-0.4701885981991719,0.5488157885865638,4.61063991369394,264.17020790922487
36.31874680519104,-0.47042393262642185,0.5464292165724955,4.6155778114188895,264.45312860853176
36.35200309753418,-0.47075435210351496,0.5429205081714792,4.623580923831417,264.91167317273835
36.41873741149902,-0.4709656429052007,0.5405238966476411,4.628780817793325,265.2096051506713
36.45204138755798,-0.4713173732056849,0.536485689339238,4.636618367968027,265.65866369740365
36.51871871948242,-0.47149342257956606,0.534093190394749,4.641590198263167,265.94352858977044
36.552281618118286,-0.4717331539521102,0.5305921446175297,4.648457264694977,266.3369825139491
36.61890244483948,-0.47193966773212265,0.5276465283898385,4.652714978618719,266.58093155215363
36.6520414352417,-0.47223183110175465,0.5231135123515668,4.659203795740269,266.9527133872507
36.7187397480011,-0.47233397962875423,0.5208564090850692,4.663452053598844,267.19612063283034
36.75201058387756,-0.47249576656117453,0.5173011185711466,4.669574917917249,267.54693491680615
36.818723917007446,-0.47257427957465165,0.5151774992056385,4.673196643594496,267.75444451266657
36.852012157440186,-0.4727255394074984,0.5114281238598296,4.678426389305043,268.0540868698076
36.918734550476074,-0.4728146931076501,0.5088914656456607,4.6826178601233455,268.2942404576486
36.95187735557556,-0.47292085130284345,0.5052570822543945,4.689050428338388,268.6627994678005
37.018763303756714,-0.47297566350484105,0.502855346286849,4.693225515180412,268.90201432294907
37.05204200744629,-0.4730578679710927,0.49894702576995137,4.699540333060956,269.263826735898
37.119046449661255,-0.47309133027408073,0.49641081418543903,4.704399819748057,269.54225481366893
37.152002811431885,-0.47313322488039145,0.4923118652678329,4.711778165918013,269.96500290899394
37.21874785423279,-0.47313217537591823,0.48978827600058916,4.71677111484326,270.2510778097349
37.252002000808716,-0.47310601904050853,0.4862488290114147,4.724473541671685,270.692394359012
37.318859577178955,-0.47308005332062303,0.48357638973272105,4.729473831307844,270.97888985150695
37.35202193260193,-0.47301671940098405,0.47962292812711266,4.736602261622258,271.38731882307593
37.41875147819519,-0.4729508915511699,0.4773609496712658,4.741742785064704,271.6818491208162
37.4520149230957,-0.472841887723579,0.4734342262609952,4.750152543014211,272.16369275804954
37.51885533332825,-0.47274290731974106,0.47021557256906366,4.755531639481678,272.4718922832291
37.551989793777466,-0.4725721038147624,0.46675796498216543,4.7639493836444995,272.9541934967797
37.61873531341553,-0.4724449453983895,0.4644951903071958,4.769786674951878,273.28864565248085
37.65207386016846,-0.4722376039746993,0.46101232089644534,4.779324973661735,273.8351499122908
37.71871328353882,-0.4720683491545295,0.4583354686331823,4.786049285780605,274.22042461683066
37.75201988220215,-0.47179192168420464,0.4545663114609534,4.796120437158657,274.7974590856304
37.81872534751892,-0.47156865564549777,0.4517627770651853,4.803421769969736,275.21579464052564
37.85221195220947,-0.47123403408520187,0.44823726114227325,4.813937530468962,275.8183033355017
37.91875123977661,-0.4709788271816248,0.4457086248281184,4.820444300368459,276.1911137890056
37.9521062374115,-0.4705922509591755,0.4422275991764312,4.828579311554412,276.6572155962524
38.01881241798401,-0.4702804964625912,0.4394291435144024,4.833348138081301,276.9304492294732
38.052024364471436,-0.4698701684798611,0.4362243483625543,4.841076712024736,277.3732638980868
38.11878061294556,-0.4695379252703761,0.43356505127492556,4.846502146485532,277.68411839471526
38.15201115608215,-0.46902198123365463,0.4296823134917238,4.854052357432923,278.1167136164342
38.21872091293335,-0.46867791647588697,0.4273021551456647,4.859343838058004,278.41989312362665
38.251978158950806,-0.46814227303321737,0.4237045778388493,4.867465111683536,278.8852078266405
38.31869316101074,-0.46775272828159326,0.42119528834837106,4.87314415899653,279.21059326933016
38.35209274291992,-0.4671289785019389,0.4173062765861801,4.882228263981558,279.731074145626
38.41880655288696,-0.4666837140996579,0.4146809914409454,4.888349269060064,280.08178190300254
38.45203614234924,-0.46605258353579915,0.41119946043693445,4.897282227821779,280.59360273861324
38.51906490325928,-0.46560823913420313,0.40883893275701505,4.903106526158807,280.92731045195
38.5520179271698,-0.46494038512342123,0.405418333114718,4.911627912712609,281.4155499370824
38.618717193603516,-0.4644643036404217,0.4030585255487768,4.917912287171011,281.7756180704286
38.6519672870636,-0.4636563735786157,0.3991052860520421,4.92729423396431,282.313164025301
38.71871590614319,-0.46309131082188926,0.3964901221341787,4.933335992777719,282.6593313061453
38.75198674201965,-0.46233212550622105,0.39318750833914645,4.942333356227936,283.17484225858794
38.818761348724365,-0.4618099541599483,0.3909838090588462,4.948210052567746,283.51155215633906
38.85206604003906,-0.4608843749820647,0.38706030057276947,4.956665307095292,283.99600255547637
38.91879987716675,-0.46024404210730585,0.3844648812488158,4.961599119209327,284.2786891665211
38.95197510719299,-0.4593937672354813,0.38118871663751486,4.967755413411646,284.6314188417548
39.01893639564514,-0.4588444190063482,0.3791279433827899,4.97192402471119,284.8702626756492
39.05224370956421,-0.4579608278534518,0.37580825408899265,4.9794982752295835,285.30423526332794
39.118693828582764,-0.45732903957121473,0.37348574674828316,4.984283339897503,285.57839927349687
39.15196347236633,-0.45636972892771355,0.37003591345378734,4.99127801648125,285.97916472080453
39.218650102615356,-0.45557583622564113,0.36718932774466273,4.996571074737025,286.2824346195774
39.25209903717041,-0.4546533292292083,0.3640974349702051,5.0049503077318995,286.76252930574043
39.31880283355713,-0.4538919592917101,0.36153052955305126,5.0103824627763585,287.0737688634486
39.35206055641174,-0.4527875653378907,0.35792401400242174,5.018534195612453,287.5408287506751
39.41871976852417,-0.452096387174703,0.35576318532667506,5.023819227521283,287.843638773643
39.45204210281372,-0.45106882574534624,0.3526037950318531,5.031951844375457,288.3096033957841
39.518818616867065,-0.4503920542475849,0.35057947639164605,5.037160419970358,288.6080327946468
39.55260157585144,-0.4493058846769603,0.3473523528569671,5.044757399373197,289.0433076514773
39.61882829666138,-0.4485632860106385,0.3451998945387445,5.05040577139981,289.36693552972196
39.6520037651062,-0.44739360959836333,0.34185595418036574,5.059400456168638,289.88229300502644
39.71867108345032,-0.44670305520971754,0.339978801279872,5.065449735654374,290.22889118865413
39.75194954872131,-0.4454910831912935,0.3366676432302654,5.074276981714564,290.73465513262653
39.818681716918945,-0.44473034395398653,0.3346709763616519,5.079845496964516,291.053707554603
39.85195755958557,-0.44351519611948903,0.3315088500946514,5.087715574764457,291.5046297969792
39.91884398460388,-0.44272885265755274,0.3295223704285813,5.093132985866874,291.81502458903503
39.952065229415894,-0.44128078286583095,0.32584409498847505,5.101294813807203,292.28266288312784
40.01879811286926,-0.4404163444665254,0.32374625370025645,5.107006215700577,292.60990210672117
40.0520281791687,-0.4388878979732153,0.32003173131731105,5.114956414274991,293.065414931326
40.118791341781616,-0.43779696557933556,0.317441130638896,5.119687237595447,293.33647114121027
40.152055978775024,-0.4362211098961092,0.31378211954468715,5.126935858057013,293.7517865009501
40.218804121017456,-0.43510021583226083,0.3112188881603722,5.131694978227566,294.02446400091844
40.25203847885132,-0.4335752936668459,0.3078238494718378,5.138963956702927,294.44094578892805
40.3188099861145,-0.43252517272094343,0.305518585742147,5.144456692226628,294.7556563524177
40.352052450180054,-0.43092465775560995,0.302050707929285,5.152029309584689,295.1895353669021
40.418773889541626,-0.43000456788376384,0.3001318958019979,5.156374104074175,295.43847375400134
40.45212459564209,-0.4282756940047361,0.2964675060897721,5.163625090330742,295.85392466380995
40.51874303817749,-0.42705888511010354,0.2939357737671614,5.168084394153649,296.1094239524291
40.55205178260803,-0.42542052567293775,0.2906123458824142,5.173962996906705,296.4462430796132
40.619089126586914,-0.42406426687460197,0.2878476197515637,5.178581794685057,296.7108806987372
40.65205669403076,-0.422193428817577,0.2841237141456819,5.185317009787744,297.0967800982339
40.71881127357483,-0.4209758484315389,0.28175110939257053,5.18958304273675,297.3412057814757
40.752073764801025,-0.41943297680873143,0.27882118958692814,5.196703454806104,297.74917534144373
40.8188111782074,-0.4183109038769166,0.27669567843225173,5.202200939720713,298.06415802498765
40.852015256881714,-0.41653633335206697,0.27336250684699626,5.210773459957386,298.5553272543395
40.918782234191895,-0.41538526674270343,0.2712539590879996,5.216615749536088,298.8900657898924
40.952030181884766,-0.41369418083432513,0.2682031062318094,5.225145538063779,299.3787866726682
41.01881527900696,-0.4124511156999789,0.26598484626675384,5.230310367998016,299.6747096298028
41.05203557014465,-0.41052315147664925,0.2625845246316413,5.237960402820858,300.11302433827973
41.118807315826416,-0.4094436532601391,0.2607502685878025,5.242881950123705,300.39500822740683
41.15212106704712,-0.4075507365066432,0.25751386530925235,5.250321929646715,300.8212876537391
41.21895146369934,-0.4062506739495223,0.2553284524324133,5.2558991999895115,301.1408417055848
41.252015352249146,-0.4043700361352271,0.25222008102236965,5.2642996226808325,301.6221504719234
41.318766593933105,-0.4031095045536018,0.25017633514097987,5.269649871272716,301.9286971355842
41.35201048851013,-0.4010500277721103,0.2468550537567053,5.278085138845791,302.41200236658494
41.41883826255798,-0.39976016988555413,0.24483091814397065,5.283537969125517,302.72442652801436
41.452011585235596,-0.3978631630517699,0.241893341591766,5.292166487033855,303.2188041876152
41.51871347427368,-0.3966169461937707,0.2399993925797672,5.298467913825153,303.5798493476672
41.552019357681274,-0.39455499918350234,0.23688146704583282,5.307395974140497,304.0913895229747
41.61884617805481,-0.3929199503551447,0.2344304634382836,5.312825744051903,304.40249242262536
41.652055501937866,-0.3907543141789379,0.2312707822288769,5.320703920010876,304.85387865533596
41.71880340576172,-0.3891586417880888,0.22896396483485132,5.3256540913157835,305.1375025789739
41.75201678276062,-0.3870075380468416,0.22592283480664171,5.332666845810175,305.539303814264
41.81878352165222,-0.38531861775840465,0.22353601276999666,5.337307321047124,305.8051834602761
41.85210299491882,-0.38297198862355514,0.22028389153985997,5.34447654449561,306.2159497062606
41.918715953826904,-0.38131960716364216,0.218020034238926,5.348658555279034,306.455561274029
41.952003479003906,-0.37900700813831817,0.2149012105615839,5.354303373243484,306.7789855195116
42.0188250541687,-0.377642441874993,0.21309818142445694,5.358541300510378,307.021800865788
42.05200147628784,-0.37559687927265595,0.21040879794631254,5.365391182738574,307.41427020762535
42.11875867843628,-0.37421490124874796,0.208610274709688,5.370768163889471,307.7223485340931
42.151999950408936,-0.37176583443836425,0.20542000396003893,5.379402301801861,308.2170481962069
42.218799352645874,-0.3701128930620274,0.20331149597022863,5.38520771074697,308.5496736271092
42.25201630592346,-0.3676520182788186,0.20021672820726288,5.39360629067697,309.03087681100146
42.31883263587952,-0.36597094920780726,0.198138705491736,5.398735038581163,309.3247324200983
42.3520884513855,-0.36344782346822696,0.1950562306568247,5.406115270259861,309.7475885471165
42.41874432563782,-0.36182535271911836,0.19311099396526424,5.4110285956061075,310.02910135283105
42.45205903053284,-0.359532257530124,0.19039963112037356,5.418205440554282,310.4403042785812
42.51881742477417,-0.3581419778157639,0.18878818354561433,5.423075968422458,310.7193649694285
42.5523419380188,-0.35561229541754563,0.1858338752309821,5.430630251313156,311.15219349631343
42.61879324913025,-0.35437275433547477,0.18444765295800292,5.4354094015737315,311.42601863590323
42.652002811431885,-0.3519293047423156,0.1816651531709408,5.442290500919422,311.8202765868216
42.71882963180542,-0.35041273486162294,0.1799747133763969,5.446359082969424,312.05338916688936
42.75203204154968,-0.34783388157782946,0.1770995189247883,5.452565990845638,312.40901879202295
42.818748235702515,-0.3460332445074393,0.17511689679943485,5.457626719123945,312.6989771636324
42.852062940597534,-0.3436505167542902,0.17254641107389893,5.465213160226111,313.1336482203111
42.91901111602783,-0.34191494790556964,0.17068859341228196,5.470201652943235,313.41946779913405
42.95202088356018,-0.3394177398806105,0.16805271977666592,5.477670601133581,313.8474070078428
43.01878881454468,-0.33766100772999663,0.16621901432288097,5.482773600507042,314.1397873348
43.0520122051239,-0.3353209569321643,0.16382415380803494,5.490309132991992,314.57154154257137
43.11878156661987,-0.3337267209719978,0.16220994380353437,5.49543036439986,314.86496648815205
43.1520733833313,-0.3315888676450672,0.16008422882374834,5.502707134608954,315.2818947096197
43.21877455711365,-0.3298860539541729,0.15838688664241776,5.507771744553008,315.5720754842939
43.252039194107056,-0.32736239347265017,0.15590525344492834,5.515797123972596,316.0318958540274
43.318777084350586,-0.3255383985783078,0.15413357844785064,5.521544052096397,316.3611705806863
43.35205101966858,-0.32314404185945445,0.1518612046356259,5.530173942640501,316.85562688652334
43.41873240470886,-0.3215819147256234,0.1504040650947589,5.535845726226448,317.18059614830963
43.45215082168579,-0.3186845806870747,0.1476916010005364,5.544148901994839,317.6563330763937
43.51878905296326,-0.3169062391366605,0.14607171438350955,5.550345219959297,318.0113559442783
43.55201029777527,-0.3140161440000167,0.1434579492343257,5.559954270110164,318.5619139630525
43.6188018321991,-0.3122125321723355,0.1418703763565989,5.5665429032025395,318.93941483200587
43.6520037651062,-0.30957622719959843,0.13958364171028992,5.576142205607034,319.4894143460532
43.71882939338684,-0.307247205572202,0.1375594835734056,5.582254458458324,319.83962063774885
43.75185966491699,-0.30410207788566396,0.13489574379467223,5.591255309605753,320.3553314205221
43.81877112388611,-0.30235110359724054,0.1334658319978673,5.597217145596121,320.69691946091933
43.852006912231445,-0.2997230778432058,0.13133503343160177,5.606062208830595,321.20370425378104
43.91876482963562,-0.2976444818025953,0.12965094674864122,5.610735479435962,321.4714629359911
43.95200777053833,-0.2946808296252979,0.1272896029699734,5.616804832645838,321.8192112592912
44.018930435180664,-0.2924781798965542,0.12554419187119045,5.621384327357864,322.08159697859276
44.05206036567688,-0.2896741061253078,0.12337475334061598,5.628216949057112,322.4730773649692
44.11876320838928,-0.2874531559309982,0.12165547867760217,5.632670193742475,322.7282294905795
44.1520209312439,-0.2846258119715831,0.11951739688691833,5.639052788682579,323.0939252429891
44.21876907348633,-0.2824911074269166,0.11790681235671291,5.642691464287398,323.3024059981624
44.25223898887634,-0.2792129768656377,0.11545301797056165,5.648462633004128,323.63306960848894
44.318772315979004,-0.27695682811771427,0.11378474845381156,5.6520824353853385,323.8404690076037
44.35203790664673,-0.27394391718347344,0.11159498965116835,5.65775095633274,324.16525133397136
44.41880226135254,-0.27199755344421594,0.11019732456932547,5.662752350439257,324.45181010795636
44.452033281326294,-0.2687858971996397,0.10789756629092627,5.67084831126611,324.9156744944383
44.518797874450684,-0.266816619426974,0.10652167689405255,5.676451718986841,325.2367261077272
44.55198907852173,-0.2635747254085844,0.10426610418645879,5.684798802423539,325.71497875989354
44.61876726150513,-0.2614817363073003,0.10284095900020031,5.690770739464654,326.05714554786726
44.65203285217285,-0.25854868086677524,0.10087923167261004,5.699534814840604,326.5592900782437
44.71877408027649,-0.25676342057830887,0.09971463533286377,5.704791961599306,326.86050239979824
44.752015829086304,-0.2537565871391077,0.09774982628274421,5.712430930004945,327.29818304927517
44.819037199020386,-0.25184567575764993,0.09652750840496002,5.717666428970759,327.5981550436614
44.85210847854614,-0.2487019122343463,0.09452408238109516,5.7260585656269845,328.07898905516015
44.91864037513733,-0.24643517080110264,0.09310057083539591,5.732074626867449,328.423683973531
44.95206904411316,-0.2434527071644924,0.09127627338205443,5.741004803952951,328.9353454308347
45.01877045631409,-0.24127710233295924,0.08996039580533234,5.746643387519192,329.2584124716121
45.05198693275452,-0.2376779680766781,0.0877990878733058,5.755414975198082,329.76098742524147
45.1190550327301,-0.23606169875487207,0.08688908927076669,5.7614422898814714,330.1063271183969
45.15227031707764,-0.23282056997843942,0.08501911761549259,5.770576205879639,330.62966195551894
45.21880602836609,-0.23083958513952102,0.08391131138928726,5.776800739616773,330.98630146809353
45.2520227432251,-0.22806639213172597,0.08238894546140908,5.785784383299745,331.50102633577717
45.31877303123474,-0.22571542224522365,0.0810943171797224,5.790989665191863,331.7992670193714
45.35201168060303,-0.22267156822006526,0.07946679601868846,5.799425524565619,332.2826061580535
45.41883182525635,-0.22042275602963093,0.07827677620192952,5.805239812205666,332.61574030070324
45.45205092430115,-0.21734748880982008,0.07668909903682689,5.8138435705517715,333.1086993418856
45.51880979537964,-0.21496443716264724,0.0754671848798362,5.819570011259712,333.4368002260825
45.5522575378418,-0.2114645487844389,0.07370827556873433,5.828568704944334,333.9523873953423
45.618839740753174,-0.20990486661880217,0.07297951172467645,5.834747560076975,334.3064097166654
45.65197777748108,-0.20683487386380878,0.07150216371209817,5.843339042178842,334.7986653808646
45.718785762786865,-0.2045350866069803,0.07040866353665524,5.848224049780896,335.07855569935157
45.75203084945679,-0.20115619007167831,0.06883114491499748,5.856165322770795,335.53355712563405
45.81881618499756,-0.19884532587101428,0.06777462209026244,5.862159520616317,335.8769993637489
45.852020025253296,-0.19540773451764318,0.06623157318055795,5.871624245141899,336.4192881333187
45.91877555847168,-0.19308269574243053,0.06521403986847131,5.877624858694625,336.76309796437886
45.95210647583008,-0.18921198227740207,0.0635334638704249,5.885882196000242,337.2362085420067
46.018775939941406,-0.18761712099005692,0.06290222281250141,5.890928653129006,337.5253492369785
46.05203151702881,-0.18443032595599768,0.061587509780381744,5.898604690539426,337.96515378398016
46.11880040168762,-0.1820739138431641,0.06062517527351939,5.903192373986887,338.22800868326163
46.15202045440674,-0.1789834329627352,0.05940049152538679,5.909065584484906,338.5645188569901
46.219005823135376,-0.17687958803650297,0.058575849464580235,5.912312351074523,338.7505448796393
46.25202918052673,-0.1734259190037209,0.057224159794224946,5.9175907662102265,339.05297578943305
46.31880855560303,-0.17093159185705448,0.056258592368818514,5.921517858638701,339.2779816113424
46.352007150650024,-0.16766542572516474,0.05502965418770012,5.926964847363439,339.5900710763252
46.41896367073059,-0.1652883354754241,0.054140760083397396,5.930932201943214,339.8173837495782
46.452014207839966,-0.1620192566839594,0.05294525814807405,5.937971073748509,340.2206813965553
46.518802642822266,-0.1597583219064335,0.05213172120536739,5.9436332507331,340.54510024062847
46.552064180374146,-0.1559606232845998,0.050775687177337187,5.952700614425728,341.0646219115262
46.61877655982971,-0.15381580778344517,0.05004927782494076,5.958822888862165,341.41540239775486
46.652077436447144,-0.15037952886737876,0.04889526548600409,5.967446297233924,341.9094873024745
46.718857288360596,-0.148095638412093,0.0481505150189687,5.972814017862265,342.21703504008366
46.752060413360596,-0.1447875239287648,0.04709517512179877,5.981166803357319,342.6956143961284
46.81877660751343,-0.14236395911288796,0.04633373529863946,5.986401338085592,342.99553114377306
46.85204553604126,-0.13931463668479868,0.04541731263551399,5.994406414825379,343.4541882556412
46.91881322860718,-0.13726576728945325,0.04481411755001774,6.000300464206875,343.7918924094426
46.952138900756836,-0.13428094624999976,0.04395522090856672,6.0091944519799085,344.3014803718784
47.01886534690857,-0.1318313004061764,0.043251509661078935,6.015117701349588,344.64085756176456
47.0520441532135,-0.12854527895722273,0.04234873412380986,6.023468283047283,345.11931064952165
47.11880874633789,-0.12635023924895875,0.041765307950764746,6.029308429845737,345.45392641280995
47.15205097198486,-0.12291621795889046,0.040868813675778826,6.0384935881829955,345.9801972196942
47.218783140182495,-0.12058169524633587,0.04028163642963343,6.044365339485896,346.3166237877009
47.25206279754639,-0.1169673860247838,0.039393785989912056,6.052256897734794,346.7687767691444
47.3187940120697,-0.11462754531410416,0.03884315508651827,6.057283563216637,347.05678348627805
47.352065563201904,-0.11097736592796895,0.03799911672827389,6.063980036493118,347.44046314264256
47.41877031326294,-0.1084959879170787,0.037443136681696215,6.0686331958320485,347.7070695341652
47.452016830444336,-0.10508558606753052,0.03670733736739324,6.075898408632199,348.12333556487823
47.518819093704224,-0.1027306504926076,0.03621268280372212,6.080923611493023,348.4112584800005
47.55203723907471,-0.09891711703576415,0.03542126482012675,6.089455543938299,348.90010220020554
47.61867141723633,-0.09602815611916228,0.03483816293793956,6.09507467532049,349.2220547129346
47.65205216407776,-0.09239217891424309,0.034154672814741355,6.103294986406999,349.69304384447616
47.71874666213989,-0.0897649039919079,0.03367301966281674,6.108768531405536,350.0066548718673
47.75222373008728,-0.08655828941900716,0.033129911132865675,6.116755017518159,350.46424681926044
47.818976163864136,-0.08391610118461834,0.032676054782458,6.121285618942304,350.72383115951993
47.85191464424133,-0.08004197945655843,0.03203663333702414,6.127235162264904,351.0647148819352
47.918755531311035,-0.07753600500790198,0.03164300527660402,6.1306656966381485,351.2612700229966
47.951902627944946,-0.07363150673563129,0.031038967867288617,6.135533473047677,351.5401730668759
48.01873850822449,-0.07072050097441122,0.03059521539969087,6.139309733038669,351.75653682670384
48.0519917011261,-0.06688664144121381,0.03004551970085361,6.145856165355813,352.13161976934424
48.11894392967224,-0.06451065526137754,0.02972519906287704,6.150565478745395,352.40144355097175
48.15198349952698,-0.06058048414934381,0.0291982488654817,6.157435560545688,352.7950702430382
48.2187077999115,-0.0579334604091958,0.028861773149901387,6.1622539682362385,353.07114466768013
48.252192735672,-0.054257712607900264,0.028423053074500236,6.169563158560138,353.4899304248974
48.31867218017578,-0.05187311922158373,0.028156159143086397,6.174716897861208,353.78521793555944
48.35196805000305,-0.048382365942340744,0.027784426858945246,6.182189327975033,354.2133566437881
48.418761253356934,-0.04585589133558965,0.027525156653013708,6.187652302004591,354.52636199927133
48.45205330848694,-0.04195353993601279,0.0271442891516606,6.19650001416742,355.033298564548
48.51884150505066,-0.0395624425390075,0.026940954211672415,6.202298769937429,355.3655427965966
48.55229115486145,-0.03621506503277571,0.02668219854712231,6.210291144481957,355.8234721262859
48.61887717247009,-0.03354121206562208,0.026476353702508098,6.215239179752334,356.10697366416036
48.65203332901001,-0.03020491872235826,0.02626048684823147,6.22213977161705,356.5023484541509
48.718772888183594,-0.028211033342299748,0.026150843122566502,6.225703798569036,356.7065521565706
48.75203585624695,-0.024964649828725025,0.025967750434956912,6.231199578001998,357.0214371232141
48.81877660751343,-0.022146906832020717,0.025801655105289024,6.2355250621036955,357.2692691065923
48.85205364227295,-0.01840806501125969,0.025618353290290274,6.242021281426462,357.64147505657814
48.91876673698425,-0.015872562132392815,0.02551090523477165,6.2465578622923985,357.9014019936161
48.95196509361267,-0.012670739608055117,0.025408420420762877,6.254155837903202,358.3367339289585
49.01876401901245,-0.009993587538409614,0.025318871766402063,6.259205930334547,358.6260829114255
49.05195355415344,-0.006235082099819716,0.025225074356711254,6.2670241812192575,359.07403569029384
49.11877202987671,-0.002879726386207841,0.025141053124535084,6.272509982963134,359.3883489774635
49.15204358100891,0.0011644844787757865,0.025100024908495135,6.280348468785912,359.8374611328818
49.218738317489624,0.003950177350592478,0.025089488150815572,6.285260197426939,360.11888245412615
49.25195527076721,0.007848334982771153,0.025105083076210625,6.293014751639241,360.56318568249645
49.31879663467407,0.0103759023407442,0.025134981156731413,6.2978651537578285,360.8410932528328
49.35207176208496,0.01408010726427833,0.025197611073035916,6.304433496116831,361.21743154840067
49.41879105567932,0.016205196285692235,0.025257224052602795,6.308435303998763,361.4467182504576
49.4520308971405,0.019681363991259967,0.025350502522734887,6.31417360637174,361.77549875799906
49.518778562545776,0.02181553957804779,0.02542421398214541,6.317925824391398,361.9904850143384
49.552051067352295,0.0249472569896824,0.025542174055614306,6.322882597595151,362.274487198917
49.61880111694336,0.02749298009612736,0.02563286819363374,6.325807765803372,362.4420869916139
49.652021169662476,0.0306219795007714,0.02577481950426273,6.329896370514414,362.6763467856539
49.718934535980225,0.03275976286986032,0.025876328182374682,6.332410596806094,362.820401340908
49.7519690990448,0.03641088747188001,0.026046030265255458,6.336141238698919,363.0341513762416
49.81878995895386,0.0385450848537964,0.02616301446306535,6.338661776659938,363.1785675635105
49.85203766822815,0.04250788180899137,0.02636783925952544,6.3420226816570455,363.3711332351892
49.91881513595581,0.044908720229166886,0.026509678276603478,6.343632319306482,363.46335867904725
49.952003717422485,0.048367759658646176,0.026722602851898015,6.346309356767899,363.61674162718487
50.01874375343323,0.050636248856701656,0.026868034557615956,6.3481948277119145,363.7247711546715
50.05196404457092,0.05420345008645419,0.02709834523644606,6.350343751318167,363.8478954078058
50.118736028671265,0.05687993466394434,0.02727148866179233,6.351089471272335,363.89062201387827
50.151957511901855,0.06092629400897604,0.027539322176418052,6.35202344348094,363.94413467961385
50.21886420249939,0.06386808112134612,0.027734742736132474,6.352073733734381,363.94701609888665
50.25225114822388,0.0672891379103695,0.02798061479815008,6.350747516215808,363.8710294323561
50.31881237030029,0.06996033545817404,0.02815924692797167,6.349626427872721,363.80679580183596
50.35207462310791,0.07347476368183858,0.028397483095757698,6.3488020258080775,363.75956104291
50.41889190673828,0.07546517874961807,0.028533965913079308,6.348505911364979,363.7425949350676
50.452075481414795,0.07931868815895404,0.028781296586121545,6.347435421301072,363.68126037239506
50.51879596710205,0.08171755474502647,0.028935793797415447,6.345820492757099,363.5887317826102
50.55204200744629,0.08561298741027351,0.029177516713954153,6.342849333905864,363.41849692017144
50.61883234977722,0.08842199928086066,0.029342978485830097,6.3406636071775555,363.2932640034704
50.6520414352417,0.09311392991657613,0.029607340052112772,6.336786837203585,363.07114144581885
50.71880841255188,0.09631535436620477,0.029777570415494857,6.333445293439653,362.87968509108737
50.752063274383545,0.10100626577663073,0.03001278706613315,6.328428615523787,362.5922506193317
50.818788290023804,0.10393090086158634,0.03014562058564044,6.325508435395144,362.42493662254253
50.85204601287842,0.10837148908105794,0.030332875655384128,6.32108706276084,362.17161063094227
50.91879916191101,0.11183907910590311,0.03046486561537936,6.31658322303706,361.9135596231663
50.952088356018066,0.11647522249475586,0.030619366529020513,6.309589662459852,361.5128581183232
51.018781661987305,0.11967354439002752,0.030704178883208394,6.30471603473934,361.2336198190199
51.05221462249756,0.12461040722112565,0.030811211100211247,6.297512864839162,360.820908584624
51.11894178390503,0.12794212355568774,0.030859993859705014,6.2928365481813175,360.5529753764628
51.152026414871216,0.13262634151797514,0.03090276155497844,6.286113477512421,360.16777180176683
51.21894907951355,0.13582274549129017,0.030911478170550486,6.280675657028279,359.85620763827575
51.2520227432251,0.14020550756043973,0.030895388598041633,6.271795920014094,359.34743618417684
51.318700313568115,0.14326937707070758,0.030860237905215367,6.265670383321644,358.9964687844469
51.351988315582275,0.14730920105450512,0.030782313025756312,6.258136200222929,358.56479189081176
51.41874551773071,0.14996885268632276,0.030711396172694447,6.254824136919227,358.3750246420295
51.45201921463013,0.1539072657739944,0.030594691513362363,6.249175995131942,358.0514099555266
51.518744230270386,0.1568461850213698,0.03049715438379167,6.2442504901845926,357.7691993100726
51.55215311050415,0.16105045498723927,0.03033333047541931,6.236566554612185,357.32894223172326
51.61875033378601,0.16426398387392738,0.03018968711494696,6.231481061926409,357.03756496408363
51.65205097198486,0.16865904583172886,0.02996230788357932,6.22360593983647,356.5863537051799
51.718764543533325,0.1713162963527909,0.02979860192276093,6.218507355774741,356.2942263569501
51.752041816711426,0.17568074657942112,0.029517509146828838,6.21087203311154,355.85675459312813
51.818933963775635,0.17874488489634208,0.029298877998581944,6.206246079368472,355.59170696742757
51.85207915306091,0.1828559350376239,0.028976523679995033,6.198926738341381,355.1723396177583
51.91876292228699,0.18591655307897428,0.02872217113927617,6.193918753284128,354.88540321011317
51.95203232765198,0.1903047931697301,0.02832941764631304,6.186392125614224,354.45415921066126
52.01880073547363,0.19336197666121335,0.028035142827793458,6.181180259657003,354.15554128792456
52.05204749107361,0.19819323852287074,0.027547816630582006,6.172878338436559,353.679876240143
52.11876726150513,0.20110318186910298,0.02722166433351069,6.1673253449367085,353.361713148938
52.152040243148804,0.20581612773099495,0.02667663633039988,6.159589433692203,352.91847808394004
52.21875286102295,0.2087212892404591,0.02631124990659492,6.155019975559002,352.6566674182459
52.25201082229614,0.21328537984039686,0.025722866985779354,6.1478795571584675,352.24755157993775
52.31875014305115,0.21659856247171097,0.025277807226009173,6.142770104994983,351.9548015353461
52.35224795341492,0.22133810756377043,0.024608692425362115,6.134806050301113,351.498494813576
52.41875147819519,0.22436659428425842,0.024153052883687378,6.129622972265828,351.2015263172672
52.45198392868042,0.2293775523338644,0.023384989406148825,6.121998942881184,350.7647016106434
52.518794536590576,0.23267336482296863,0.022850647840868585,6.116901491817489,350.47263917841923
52.55206775665283,0.23687500511964169,0.022129071579202842,6.109027512732604,350.021493408881
52.61873269081116,0.24030163874027058,0.021535885606793464,6.103481417322543,349.7037255491076
52.65203046798706,0.24489055196083429,0.02069790181558978,6.095093836934488,349.2231525925454
52.71883773803711,0.2481732436136824,0.02007746612704023,6.089490902157345,348.90212807692797
52.75202250480652,0.25303856493658505,0.01912525603326405,6.081045559057111,348.41824556074465
52.81879496574402,0.256443964593331,0.01843284252466342,6.074750959430483,348.0575915684143
52.852030515670776,0.2613386978789397,0.017397649281114844,6.065867767990854,347.5486221903168
52.91904926300049,0.2647304458630925,0.016651816987148606,6.0606891098257645,347.2519069339162
52.95200300216675,0.2694900221304711,0.015568694024454526,6.052260264462132,346.7689696684116
53.0190327167511,0.27300413565626314,0.014749846814084467,6.046136112647678,346.418081616346
53.05205059051514,0.2777800738338862,0.01358918787956978,6.036638769267042,345.87392392404905
53.118791818618774,0.28126344846375717,0.012719801806591286,6.031230037562874,345.5640264248816
53.15211725234985,0.2858693781941187,0.011521516064399811,6.022638706773067,345.0717794302249
53.218817949295044,0.28909336853326156,0.010661965353020084,6.01699071307733,344.7481732287427
53.252004861831665,0.2937792539443314,0.009379730609435387,6.009044014928963,344.29286096377683
53.31895160675049,0.2968594247869926,0.008509899703697747,6.004115309951185,344.010466970085
53.35200214385986,0.3016508505666928,0.007138533275649443,5.9965659101030795,343.57791822093185
53.41894054412842,0.30431832726067526,0.0063357391760754875,5.991437374824466,343.2840747943834
53.452110290527344,0.3090409962008716,0.00492289671960431,5.983299132961907,342.81778788300204
53.51873326301575,0.31157652029878147,0.004121090935565973,5.977767202340071,342.5008316058117
53.55204629898071,0.3160998339298771,0.002699635253247991,5.970024936518602,342.0572324503731
53.61878299713135,0.3191518458523834,0.0017151546458388234,5.964638959618098,341.74863870541924
53.65200757980347,0.3238290555469996,0.00017870296050372797,5.956826003759501,341.3009893091996
53.718775033950806,0.3271266993598766,-0.0009284169657016728,5.950555201488728,340.94169880492336
53.75201082229614,0.33155884389736695,-0.002467237558359779,5.941267008858736,340.40952456792024
53.818771839141846,0.33522750810023133,-0.0037492128974592615,5.935479685824668,340.07793538338933
53.852007150650024,0.3401025872528262,-0.005514780987110848,5.927560517772453,339.62420047674254
53.91875171661377,0.3432264949820749,-0.006679908098564297,5.922034682528472,339.3075934389778
53.952040910720825,0.34807429729156103,-0.008509411951090146,5.912960014812004,338.78765327834054
54.01876425743103,0.3511810712357313,-0.009719668377575326,5.907069158395007,338.4501320679291
54.05202126502991,0.3558644586112048,-0.011572411463548562,5.898068531931258,337.93443415858246
54.118749380111694,0.358826773426144,-0.01278084333284862,5.892304489658255,337.6041788634044
54.152048110961914,0.3634549776369284,-0.014688769120076672,5.883585888131325,337.104639792655
54.21897315979004,0.3664009042856452,-0.01593837815684201,5.877628213612148,336.7632901869936
54.25199556350708,0.3711248302165564,-0.01796058762533241,5.869031923039765,336.2707590177279
54.318753242492676,0.37417706916523835,-0.019303170391072325,5.8634979190246375,335.95368394385264
54.35202503204346,0.378759985823468,-0.021348956911771477,5.855963725139698,335.5220064322123
54.41875195503235,0.3815409567017063,-0.022626216937478995,5.851297613099775,335.25465790558957
54.452083110809326,0.38593336744734136,-0.024653651695609707,5.844165016699399,334.84599023487783
54.51876902580261,0.38845634920268035,-0.025855640318163724,5.838810694500011,334.5392101706997
54.55205512046814,0.3926347177670188,-0.027846389900009053,5.8304183194560135,334.05836250058775
54.61876702308655,0.39539669746209233,-0.029190564623074407,5.8257543229064925,333.7911351826366
54.65201210975647,0.3996671275875694,-0.03128853283702551,5.819539141477003,333.4350315178188
54.71885585784912,0.4025382601811494,-0.03272094804956058,5.815195402862586,333.1861536279047
54.75198817253113,0.40694066804262824,-0.03493946529934927,5.8089026572622195,332.82560586345414
54.818801403045654,0.4100378290184173,-0.03652018923468395,5.804302247051817,332.5620217743692
54.85202240943909,0.414073446583949,-0.03862835386288757,5.797232301330627,332.15694372315846
54.91880011558533,0.41703178898660836,-0.04018552377481637,5.79225854004283,331.8719681930621
54.952048540115356,0.42127966941671036,-0.04245701125158884,5.7843934823299845,331.42133358048926
55.01879930496216,0.423726509100949,-0.04380643317908187,5.779086671680977,331.117275727626
55.05198955535889,0.42777325659549437,-0.04603904538872777,5.770327361520641,330.6154042239927
55.118796586990356,0.4305692715521522,-0.0476092767827345,5.764810020741086,330.2992838831888
55.15204453468323,0.4349698564997756,-0.05010526962918364,5.7556161333519835,329.7725129384747
55.21875882148743,0.4379793232742529,-0.051848964597547204,5.749695286514331,329.4332734035338
55.25200366973877,0.4421546077996332,-0.05431938580206124,5.740883233320475,328.9283799466811
55.31879234313965,0.44489352841690655,-0.05597266004204676,5.735358144375839,328.61181566871903
55.35187578201294,0.44901814446294347,-0.058491908803767236,5.727328512588825,328.15175165627903
55.41876983642578,0.4516199973627545,-0.060115075941282896,5.721717367593274,327.830256729798
55.45204448699951,0.4558083633642591,-0.06274403995011917,5.713492497505887,327.35900638674735
55.51874566078186,0.45803579775719105,-0.06419505108219223,5.707163740115795,326.99639529873286
55.55204629898071,0.4622663295137917,-0.06692477371786795,5.698158560144217,326.4804364926057
55.61879277229309,0.4647075795527949,-0.068552948561708,5.692682790507045,326.1666980028099
55.65203380584717,0.4689184473985161,-0.0713601076642367,5.6848171846636895,325.71603198467216
55.718769788742065,0.47168050493278363,-0.07323825611323784,5.67910845098923,325.3889456387614
55.75200915336609,0.47530831372057786,-0.0757623248115345,5.670882811815156,324.9176512302895
55.818787574768066,0.4779197489822153,-0.07759290359243856,5.665264571997514,324.59574980044624
55.8520622253418,0.4818172264039288,-0.08035963294101484,5.656518027932211,324.09460974017924
55.9187695980072,0.4840758923459266,-0.08201179478682973,5.651288415979957,323.7949750468239
55.952025175094604,0.48802603538203226,-0.0848895158809546,5.643218684717372,323.332613503673
56.018635272979736,0.49082391816047627,-0.08695802750795276,5.638498486216162,323.06216605108966
56.05203652381897,0.49479646803133387,-0.08994073851597924,5.630454427009718,322.60127540840705
56.118754386901855,0.4974503546875338,-0.09196704293749888,5.624981465741768,322.28769782631497
56.15202617645264,0.5006992830227668,-0.09451376089360898,5.616751872655067,321.81617687533696
56.218759298324585,0.5034466976659694,-0.0966548522421101,5.611456674756191,321.51278438404483
56.25200438499451,0.5070881561390975,-0.09955496685277371,5.603629100212887,321.06429739888944
56.3187460899353,0.5096909172939719,-0.10164866193274971,5.59853786869861,320.7725913205974
56.35205936431885,0.5130728069413312,-0.10442842669261865,5.590712333438862,320.32422117778304
56.41879606246948,0.5153299528849788,-0.10630644073156423,5.585267305192182,320.0122440399187
56.452014684677124,0.5191899827409998,-0.10952287354278786,5.578060741229132,319.5993383400449
56.51877450942993,0.5213116386701637,-0.11134566782868749,5.573600259657227,319.34377157137885
56.552040576934814,0.5248023331681971,-0.1143431099316421,5.566721673770619,318.94965763105796
56.61877632141113,0.5274376175149099,-0.11661878215128238,5.561797940691475,318.66754850617406
56.65203881263733,0.5310426700503116,-0.11978839279667648,5.554951268747219,318.2752631000576
56.718788146972656,0.5335379922496882,-0.12200709766677172,5.550590859840077,318.0254300727271
56.75209951400757,0.537454015776127,-0.12551423122130806,5.543281894239594,317.6066571912131
56.81882882118225,0.5398093573518488,-0.12767171230885427,5.53749324156783,317.2749918240539
56.85202693939209,0.5432633412358522,-0.13087372446065534,5.528725346810773,316.77262845925964
56.91879487037659,0.5452901532564891,-0.1327995420979534,5.522985268344959,316.44374618909455
56.952112674713135,0.5489617203028271,-0.136272729653119,5.515189401806085,315.9970759387698
57.018815755844116,0.5509643503026364,-0.13822781135564727,5.509605621757606,315.6771489082626
57.052006006240845,0.5542671547607438,-0.141454591581975,5.501315487522426,315.2021592049899
57.118789196014404,0.5567462886898367,-0.14389634741500157,5.495729478888822,314.8821044859607
57.15202236175537,0.560242313813101,-0.14739978094144615,5.4874694606713454,314.40884030339816
57.21877884864807,0.5624843252563368,-0.14969147501363897,5.481778572820325,314.08277644785244
57.252028465270996,0.5661463305627494,-0.15345290422198238,5.472744324793994,313.5651521648693
57.318747997283936,0.5684462452703425,-0.15587235150471832,5.467257165772681,313.2507611114309
57.35226631164551,0.5717799179919513,-0.15942410024383685,5.459159499389171,312.78679900375084
57.41877889633179,0.5737591016418158,-0.16158283286948788,5.454185063660336,312.5017848310295
57.452030420303345,0.5766026742173483,-0.16471399570387357,5.446862789760828,312.08224944014887
57.5188102722168,0.5784756953738146,-0.166799879249486,5.442142633614073,311.81180441429706
57.5520179271698,0.5815189550340908,-0.17019574088243788,5.434960050562098,311.4002727194167
57.618772983551025,0.5837442518182843,-0.17270094537961894,5.4299339716516775,311.1122996103499
57.652019023895264,0.5869731128687479,-0.17638755225506444,5.422285062756688,310.674049412787
57.718749046325684,0.5889722498865465,-0.17871923875492823,5.417067295721649,310.3750933831967
57.75200605392456,0.5919733340078397,-0.18225286416586572,5.408991503386142,309.9123845661481
57.81880521774292,0.593853003185966,-0.18450933489545662,5.403257621008414,309.58385730567977
57.852041482925415,0.5969775226263909,-0.18827348587277137,5.3948374291858165,309.1014158515544
57.91878271102905,0.599001748347028,-0.1907606459363634,5.38838502013441,308.73172004521683
57.95201754570007,0.6023748926387172,-0.194932514637987,5.378992831312915,308.1935872653552
58.01878094673157,0.6039973561899369,-0.19703636681194825,5.372982404647568,307.84921518435794
58.052011013031006,0.6064718259066793,-0.2002584460478984,5.364813356029846,307.3811631759253
58.11873149871826,0.608258056720118,-0.2025968847295207,5.35903253795494,307.0499466981002
58.151867389678955,0.6110051676483613,-0.20622661759846755,5.3502592929777215,306.54727678827123
58.21874403953552,0.613011669783784,-0.20891022112236413,5.3450315984749945,306.24775195668127
58.25201940536499,0.615830682490699,-0.21274700504891808,5.337514982357,305.81708157690014
58.318734645843506,0.6175397307647745,-0.21512701017825067,5.332982947972906,305.5574151340834
58.35201907157898,0.6201326720954669,-0.2187623335158122,5.325925229558324,305.1530376559361
58.41878008842468,0.621902097366572,-0.2212719270704418,5.32105420307483,304.8739483965354
58.45202612876892,0.6246327832699695,-0.22517928047912772,5.313582836941391,304.4458706498924
58.518752574920654,0.6264355514630408,-0.22780051136780088,5.308655310582767,304.1635441861038
58.55198311805725,0.6292032215505516,-0.23186521344309366,5.300879422657355,303.7180186260109
58.618735551834106,0.6308227242150205,-0.23430832520022174,5.2956142240937005,303.4163449700152
58.651955366134644,0.6335362371924561,-0.2384064242393288,5.287816801029836,302.9695855373778
58.71872854232788,0.6349666438207872,-0.24064607466227272,5.28264699666063,302.67337756611397
58.75199365615845,0.6373648129694749,-0.2443911485990784,5.274473290517647,302.2050587011409
58.81884527206421,0.6390835440618412,-0.24710509604963887,5.269311324183665,301.90929981621514
58.85200834274292,0.6415174333754199,-0.2510120497126657,5.262502814704647,301.5192009582926
58.92033505439758,0.6431235141691007,-0.2536305669120057,5.258522714580659,301.29115801914855
58.95204734802246,0.6454391506387296,-0.257448838862141,5.251990371081935,300.91688230634196
59.01878380775452,0.6470916528628846,-0.26019640848297976,5.247126624863282,300.63821017539044
59.05200004577637,0.6495952527253314,-0.26440570500972127,5.2392295234381105,300.18573959334134
59.118732213974,0.6509181911701595,-0.26671403365981633,5.233943903178391,299.8828958603506
59.152010679244995,0.6535811592231585,-0.2712974699393961,5.2257373435032815,299.41269462664457
59.218727827072144,0.6550126951570865,-0.27385827758799,5.220474240208753,299.1111410207267
59.251991987228394,0.6573415557239475,-0.27803603007468247,5.213796938587845,298.7285598193128
59.31875681877136,0.6589525435509512,-0.28096331763195886,5.2098721585389285,298.5036864869927
59.35229802131653,0.6611778796858373,-0.2850731340880146,5.203368417336137,298.13104956502747
59.419002532958984,0.6624858162196208,-0.28754521236594444,5.198590358511592,297.8572869601158
59.45206642150879,0.6647804868352087,-0.2918673864378515,5.191928425716472,297.47558632755556
59.518741846084595,0.6662606548958747,-0.2947091648296297,5.187485513779656,297.2210262248277
59.55222773551941,0.6685241495254074,-0.2990982688256243,5.181105819344944,296.85549665913567
59.61872696876526,0.6699692656090901,-0.301952862895679,5.176485382575172,296.59076513272066
59.65194654464722,0.6721243504936377,-0.3062600469023868,5.170218139423339,296.23167855093834
59.719005823135376,0.6734761275742345,-0.3090142609895773,5.16565801269725,295.97040253548863
59.752034187316895,0.6756428680244836,-0.313449995545746,5.158969171891714,295.5871601874965
59.818747997283936,0.6770878687965942,-0.3164597759575104,5.154802876553229,295.34844904839633
59.85202121734619,0.6792190872358038,-0.3209538666017601,5.148184076578767,294.96921974441835
59.91875600814819,0.6805069992662632,-0.32373715754651905,5.143207217447185,294.68406672094756
59.952025175094604,0.6823245141824043,-0.3277245436847848,5.135358071449023,294.2343437824709
60.01898407936096,0.6836458164890793,-0.3306500090209733,5.130245851467823,293.94143515360565
60.052022218704224,0.6857725548658806,-0.3354000366325468,5.1229992621943214,293.52623617236924
60.11879014968872,0.6872826259879926,-0.3388313830410801,5.118000484139996,293.2398272871338
60.15201926231384,0.6891473395564406,-0.3432045980293513,5.109652733405328,292.7615364016101
60.2187864780426,0.6904960369459495,-0.3464055721354061,5.1039472040756575,292.43463365113183
60.25200271606445,0.6922917129374568,-0.35078171094173594,5.095392757003823,291.9444999378477
60.31879138946533,0.6934299585855528,-0.35362754554651293,5.089591324370003,291.61210233280036
60.35204315185547,0.6953187617065688,-0.3583692491876475,5.080400631175593,291.085514401961
60.418763399124146,0.6963060957556676,-0.36098076269232193,5.074956192900794,290.7735710669956
60.45202279090881,0.6979488030698852,-0.36531893195928267,5.066764612411463,290.3042280774152
60.51878023147583,0.6989099644454855,-0.3679494377902539,5.061503277061061,290.0027757672342
60.55209684371948,0.7004807707353116,-0.37225892338150657,5.054026095549726,289.5743648239814
60.61879372596741,0.701563649152637,-0.3752848012242974,5.049437390843862,289.3114514109036
60.652082204818726,0.7029329528516738,-0.37923628466667814,5.043235441517137,288.95610588972824
60.718801498413086,0.7039858561483588,-0.38227377467904367,5.03898363416964,288.712495273414
60.7520592212677,0.7054587083982198,-0.3866174330639942,5.032851929950377,288.36117450042764
60.818788051605225,0.7063807219101189,-0.3894068468572695,5.0278636979158895,288.07536985761953
60.85206413269043,0.7076572192641388,-0.3933525586070792,5.01942628606176,287.5919417683643
60.91882348060608,0.7081833565631789,-0.3951274866040291,5.013764214020121,287.26752893707936
60.9520583152771,0.7096011895666672,-0.3995979261606123,5.004845829215402,286.7565431276953
61.01882457733154,0.7104989266731541,-0.4025454970985253,4.998855710611211,286.41333461289236
61.05209755897522,0.7117870522533986,-0.4068937109735044,4.990336215229471,285.9252034839375
61.118773221969604,0.7126776530054119,-0.40997843955588836,4.984924977739598,285.6151624138248
61.152021408081055,0.7138698173978837,-0.4142559584002599,4.976984098889053,285.1601835700639
61.21877408027649,0.7145966518738538,-0.4169633742667216,4.971116633440856,284.82400256344334
61.25204539299011,0.7158911942534574,-0.42177774633539517,4.962608355129129,284.3365141252587
61.318780183792114,0.7166880110920233,-0.42487983304512106,4.957062757957213,284.01877481242826
61.35209345817566,0.7178877687302014,-0.42965582303172856,4.948947847854421,283.5538247124102
61.41882300376892,0.7185645041857092,-0.4325044751004572,4.943232484253097,283.2263584996716
61.452035665512085,0.7196598507428138,-0.4371511865353968,4.934945019585151,282.75152175133456
61.51875567436218,0.720369841870419,-0.44027863198344186,4.92992763586304,282.4640468398599
61.55201983451843,0.7213689794728201,-0.4448159479064807,4.922766675262327,282.0537540201796
61.61876702308655,0.722106819259472,-0.44821622437222985,4.917491584894764,281.7515136055681
61.65210437774658,0.7230543612089853,-0.4528018349022377,4.908784823404885,281.2526529189711
61.71874380111694,0.7235540103238668,-0.45541024305579664,4.902879487674353,280.91430210500374
61.752084732055664,0.7243934904972863,-0.4597791502523736,4.894305157185082,280.4230291558182
61.81874060630798,0.7249225110166869,-0.46266816402187444,4.889054900230013,280.12221159093355
61.85201120376587,0.7258197415414303,-0.4675904653970495,4.880760589924009,279.64698261642764
61.918785095214844,0.7262766181720384,-0.4703514195800869,4.875309517424696,279.33465916839714
61.95201277732849,0.7269948159570386,-0.4747398898333781,4.867489648004825,278.8866136542951
62.018754720687866,0.7274720463996749,-0.4777737279530425,4.863042199263398,278.6317936118106
62.05204510688782,0.72811016541352,-0.48203127864082923,4.856388365495611,278.25055701933474
62.1187801361084,0.728603857395049,-0.48533918552464533,4.851299452585909,277.95898378729925
62.151888608932495,0.7292420059972893,-0.4899054386729593,4.843641721781922,277.52022813158345
62.218759059906006,0.729666157576233,-0.49308130127710204,4.837774671937801,277.1840709373224
62.25201153755188,0.7301976618227718,-0.49738687979524043,4.82878075206704,276.66875728744895
62.31875419616699,0.7306192835191468,-0.5008430380599088,4.822705703012838,276.32068261630826
62.352073192596436,0.7310860014726683,-0.5051742299601295,4.814302285943219,275.8392022847309
62.418795585632324,0.7314373505155382,-0.5085007268484733,4.808468917580577,275.50497489720635
62.45209813117981,0.7319729542307873,-0.513821915391829,4.799690454999302,275.0020060406858
62.518776416778564,0.7322642178835915,-0.5171477731058027,4.794190630714119,274.6868893210812
62.55201840400696,0.7326230946090597,-0.5217070695545658,4.786323547118922,274.2361386339999
62.61877632141113,0.73285921883011,-0.5249006493983154,4.781473028271524,273.95822437559525
62.65225052833557,0.7331910304588167,-0.529698263735465,4.774256784691955,273.54476407454763
62.71878123283386,0.7333753974960184,-0.5327610124207058,4.769633086713154,273.2798456946191
62.75204825401306,0.7336376615309634,-0.5374022785465721,4.7621651491814,272.8519643923823
62.8188099861145,0.7338109650785897,-0.5407415109920862,4.756875806848257,272.5489074002933
62.85211229324341,0.7340248176026117,-0.5455427052874385,4.748858053864473,272.08952399314404
62.918862104415894,0.7341510587778276,-0.5488783038715046,4.743506581914349,271.7829072362193
62.95202374458313,0.7343087423212645,-0.5538437783137854,4.7350975344980135,271.3011043095379
63.018770694732666,0.734378666338322,-0.5570480426771717,4.729521574692856,270.9816253459678
63.05207324028015,0.7344596348704957,-0.5618795372211534,4.721448940879661,270.5190974989171
63.11883878707886,0.7345050900428566,-0.5654863798821702,4.716324743257157,270.22550260175666
63.15205955505371,0.7345076517430567,-0.570071663233609,4.707919205304981,269.74390075255997
63.218809366226196,0.7344926575582691,-0.5732734405964216,4.702354138429511,269.42504590788747
63.25206208229065,0.7344332556801529,-0.5776594316871388,4.694208633963726,268.958342879993
63.318694829940796,0.7343816945355135,-0.5810017495052313,4.688526102572842,268.63275781434476
63.352046251297,0.7342657268667996,-0.5855065319245653,4.679585434343822,268.1204952587952
63.41871762275696,0.7341635055987122,-0.5884360451532044,4.673002470495905,267.7433192136223
63.45199751853943,0.7339831568272962,-0.5931741943578729,4.662301656605591,267.1302077403524
63.518707036972046,0.7338272289505113,-0.5963776381344811,4.655377885666841,266.7335048872467
63.551905155181885,0.7335554480431952,-0.6012873458443011,4.645223260262431,266.1516877090377
63.61872959136963,0.7333443373472301,-0.6043534260410192,4.638584988398581,265.7713427479786
63.6519718170166,0.7330037928016662,-0.6088383298373193,4.6292635007311045,265.237260845849
63.71871471405029,0.7327422779080337,-0.6120349560970471,4.6230601823655215,264.88183688452506
63.75199866294861,0.7323348933680047,-0.6165004852606434,4.613585042303704,264.3389513486876
63.81891965866089,0.7320077879220986,-0.6199686622409866,4.6070801496298905,263.9662484522925
63.852230072021484,0.7314947321099274,-0.6248852510570266,4.597343673634944,263.40838947045165
63.918718338012695,0.7311560644161774,-0.6276588354239332,4.591611569272086,263.07996408273135
63.95189952850342,0.7305732544294186,-0.6325394622326348,4.582803315847706,262.57528833663275
64.01873016357422,0.7301721718460827,-0.6355796833601176,4.576716133005952,262.22651845067577
64.05223846435547,0.7295413860981705,-0.6401780802479458,4.566802566994185,261.6585129582772
64.11870384216309,0.729065381079133,-0.6434869681758316,4.560442627901067,261.2941152902813
64.1520483493805,0.7283558441395885,-0.648089931747097,4.551511612272435,260.7824057879953
64.2187430858612,0.727844720906241,-0.6512526000567994,4.545822233944923,260.4564284217756
64.25204133987427,0.7270324740459828,-0.6561253845808469,4.5372399944837785,259.9647023218814
64.31871700286865,0.7265293713447125,-0.6588734441038222,4.532012633051501,259.66519657382247
64.3520085811615,0.7256580743302571,-0.6637028518892679,4.524567265656841,259.2386084451841
64.41879558563232,0.7251237493573803,-0.6664437527391408,4.520059359803824,258.98032446536394
64.45202732086182,0.7242213896279598,-0.6711052528822358,4.5153386609071475,258.7098483422323
64.51893830299377,0.7236416890034257,-0.6739804852724427,4.512123498075788,258.52563308154805
64.55206084251404,0.72267789042214,-0.6787739412278329,4.507266659674742,258.2473567393911
64.61873269081116,0.722026314758524,-0.6819165502438147,4.502940233954922,257.9994708052685
64.65205502510071,0.7210571108355495,-0.6864596088727383,4.496619220667111,257.63730342163086
64.71898150444031,0.7203984104692752,-0.6894565392342424,4.49200867822474,257.3731387984171
64.7521002292633,0.7194123797420318,-0.6938307974239577,4.485509367541108,257.0007557265007
64.81892228126526,0.7186951033967216,-0.6969582124458032,4.480591979194625,256.7190101280204
64.85221576690674,0.7175745363623641,-0.7017401076292141,4.4722721901542,256.24232132956485
64.91879296302795,0.7167861256233251,-0.7049837689396066,4.466611135541272,255.917966792651
64.95207977294922,0.7156439561378231,-0.709514856350229,4.458366677977,255.44559416984347
65.01879978179932,0.714867780145014,-0.7124876375756839,4.453009874162084,255.13867191956922
65.0521490573883,0.7136752716891429,-0.7169710815314667,4.444375717664019,254.64397119257464
65.11872243881226,0.7129225768680509,-0.7196676232390684,4.438554524466204,254.31044139060955
65.15213084220886,0.711547720072981,-0.7246420448749472,4.429738076036498,253.8052961052927
65.21885776519775,0.7106871308601794,-0.7275863182778868,4.4239728397467175,253.47497239799262
65.25202894210815,0.7093614066357857,-0.7320419445438819,4.415469239949705,252.9877520189555
65.31879615783691,0.708426098947593,-0.7351076159368921,4.409944375268472,252.67120059033994
65.35205483436584,0.7070384512136958,-0.739543541444391,4.401624302034612,252.19449550880003
65.41880011558533,0.7060614197296509,-0.7425941321120688,4.3957131379213354,251.85581075310006
65.4520173072815,0.7046129257108145,-0.7470049185635375,4.386576745534481,251.33233402935784
65.51881957054138,0.7034723375289919,-0.7504377679029847,4.380625228438287,250.99133721804597
65.55205082893372,0.7018948058149048,-0.7550090977746271,4.371512783706061,250.4692325938432
65.61878156661987,0.700781512785561,-0.7581562728590453,4.365617519944644,250.1314588611976
65.65207982063293,0.6990904024237667,-0.7628426723348819,4.356528118084206,249.61067449629616
65.71878218650818,0.6978860695289419,-0.7661009873144923,4.350857969869127,249.28579893435847
65.75201392173767,0.6960191586269536,-0.7710630416586308,4.341827351262937,248.7683826018315
65.81880259513855,0.6948077019524899,-0.7741689854233451,4.335174492757382,248.38720188776546
65.85200452804565,0.6931896276664351,-0.7781730877536559,4.325136661131881,247.81207650016134
65.91878652572632,0.6919327048925848,-0.7812730223855395,4.318867898134927,247.4529028376681
65.95204639434814,0.6899842077151901,-0.7859918010778547,4.310223141235342,246.95759475240524
66.01879239082336,0.6886775727033698,-0.7890662815361481,4.304578787383559,246.63419709861964
66.05206680297852,0.6868528841899926,-0.7932520177080493,4.296134189041411,246.15035725393145
66.11884069442749,0.6857088320385101,-0.7958014985897156,4.2907613026798925,245.84251354161302
66.15220308303833,0.6838220997753733,-0.8000078401718296,4.282626233287862,245.37640839940363
66.2188069820404,0.682593166677952,-0.8026770866633124,4.27726569990659,245.06927246071774
66.25207662582397,0.680715550996778,-0.8067086811609304,4.2693922362475165,244.6181562229032
66.31900310516357,0.6792918733285114,-0.8097396736120531,4.264047521090408,244.31192660170126
66.35208129882812,0.6771158452155751,-0.8142963577674251,4.255816419283006,243.84031920739463
66.4188129901886,0.6757568675527853,-0.8170495275967041,4.250250603233093,243.52142143818844
66.45204615592957,0.6735011442179788,-0.8216044097838465,4.241671978818025,243.02990246517714
66.51879477500916,0.6719892777218754,-0.8245800900451364,4.23659922949835,242.73925533863192
66.55204343795776,0.6698272441765695,-0.8287581592512935,4.228553644937396,242.27827729957363
66.61881494522095,0.6683374100227686,-0.8315906513591054,4.223344275673753,241.97980242684173
66.6521508693695,0.666201704687148,-0.8355809773403796,4.2144221480518,241.4686021698267
66.71880269050598,0.6646115667927811,-0.8385235982982941,4.208388590639201,241.1229047946349
66.75203132629395,0.6624229322217905,-0.8424716010404925,4.200048151366959,240.64503282505027
66.81872606277466,0.6610407750991841,-0.8449058403723504,4.194441151881347,240.3237754187927
66.85215163230896,0.6589072101899528,-0.8486342748138387,4.186549461878458,239.87161488840155
66.91879963874817,0.657302674940595,-0.8514194676645558,4.181305844592632,239.5711777485419
66.95201063156128,0.6549119837034552,-0.8555023423113327,4.172954246438906,239.09266642214413
67.01904439926147,0.6532651634134639,-0.8582632728122633,4.166381520985911,238.7160769937893
67.05198240280151,0.6510028877696574,-0.8619633171471335,4.156923856663024,238.17419274403645
67.11879873275757,0.6494512044482899,-0.864458295282326,4.150434710005122,237.80239202789724
67.15208530426025,0.6471616423097433,-0.8680815397883108,4.141005597575655,237.2621436811344
67.21875762939453,0.6457103746613146,-0.8703203120399616,4.134854911066127,236.90973530303043
67.25199127197266,0.6431776599592995,-0.8742345377730483,4.125635953533351,236.381527944892
67.31872463226318,0.641479826521707,-0.8767965819745712,4.119658785427793,236.03906143900338
67.35203194618225,0.6388535271291502,-0.8807121029376195,4.110244550647112,235.49966551872504
67.41881895065308,0.6371870723754016,-0.8831285065102408,4.104229304140374,235.15501728115817
67.45208668708801,0.6346454729074523,-0.8867739486477665,4.095171136642593,234.6360225134127
67.51882696151733,0.6325714515272808,-0.8897390914944432,4.0889829017498585,234.28146277142343
67.55205368995667,0.6298505127876151,-0.8935161500211517,4.0795049093554345,233.73841380896587
67.61881256103516,0.6280347784408872,-0.8959864635949824,4.073639992896073,233.40237884864763
67.65204620361328,0.6251105134942326,-0.8999388108684332,4.064853313518862,232.8989392043988
67.71877670288086,0.6231761463861051,-0.9024972226571675,4.05899657977044,232.5633730788824
67.75201201438904,0.6203379805398294,-0.9061963683759847,4.050533013894274,232.07844647454712
67.81883788108826,0.618449222289752,-0.908615453869522,4.045446061831522,231.7869855907661
67.8520097732544,0.6157523762322941,-0.9120198720501327,4.038098542385027,231.36600373659164
67.9187479019165,0.6139974572202044,-0.9142026220162975,4.032956763466838,231.07140150539004
67.95212078094482,0.6109622924733344,-0.9179834719851614,4.025735020485643,230.65762611183933
68.01878762245178,0.6090970502497846,-0.9202506299899723,4.020656602014833,230.36665416686068
68.05218887329102,0.6059917354022388,-0.9240173779902765,4.012642273591969,229.90746697259883
68.11878776550293,0.6040967029600477,-0.9262576066722246,4.007187373626742,229.59492422692526
68.15207052230835,0.6011105409554414,-0.929765350265687,3.9993735712147718,229.1472263267702
68.2187888622284,0.5988447267297055,-0.9324087897332132,3.9939403990234768,228.83592849084116
68.25205445289612,0.5955030896539593,-0.9362456283413038,3.9859465415819777,228.37791419741401
68.31878018379211,0.5934593748306355,-0.9385335170276164,3.9799487458287355,228.03426581437174
68.35204935073853,0.5902404446414056,-0.9421112238873269,3.9709746980827636,227.52009075337867
68.41877293586731,0.5881653984023842,-0.9443690524100176,3.964797762858633,227.1661784347103
68.45191478729248,0.5848113400412579,-0.9479961724783191,3.9560614853287186,226.66562660359122
68.51881265640259,0.5826134420322292,-0.9503238122119747,3.9502811642085316,226.33443859917418
68.55213618278503,0.5790974167564296,-0.954020881701696,3.9409382370741777,225.79912830607745
68.61875224113464,0.5769524821836054,-0.95621308428263,3.934403501709279,225.42471554943387
68.65200614929199,0.5737627144573245,-0.9594334408005326,3.9249587333078386,224.8835701815528
68.71876287460327,0.5714905965992665,-0.9616998481556048,3.918709266579722,224.5255021138243
68.75201153755188,0.5679784106374597,-0.9651646282039861,3.909454955722777,223.99526915941925
68.81890845298767,0.5655816207665619,-0.9674848696066739,3.903440853557036,223.6506864877618
68.8520016670227,0.5623855814652349,-0.9705085344110298,3.89370305523753,223.09275174230453
68.91880106925964,0.5602353807888183,-0.9725106987412939,3.887433006655823,222.73350442123072
68.95203447341919,0.5567555140531569,-0.9757342442752615,3.8786944332813924,222.23282104791045
69.01880669593811,0.554284460231634,-0.9779906498075465,3.8735266587286246,221.93672937656174
69.05236220359802,0.5507183853700602,-0.9811961915680325,3.8664215530055164,221.5296368056334
69.11880707740784,0.5484170862858371,-0.9832279724244163,3.8617509990179153,221.26203377415587
69.15232348442078,0.5447159620193475,-0.9864843236619415,3.8540339509812083,220.81987949135282
69.21900415420532,0.5426915116880093,-0.9882063106348837,3.8488804706000934,220.52460681571148
69.25215578079224,0.5395124668383114,-0.9909053509695144,3.84144589500256,220.09863701150186
69.318763256073,0.5373662600612582,-0.99270717062949,3.8362738495068665,219.80230063314897
69.35233402252197,0.5337837658988096,-0.9957077831528702,3.828383513910708,219.35021770454725
69.41873240470886,0.5313039964853725,-0.9977516186347429,3.8223587482061014,219.00502405711813
69.45235586166382,0.527623365898694,-1.000740286450136,3.8126908885993482,218.45109650472617
69.51877117156982,0.5253204138227525,-1.0025616859331234,3.806589352051494,218.1015042119893
69.5520384311676,0.5215955340354267,-1.0054903674646058,3.798504558407967,217.638279657981
69.61880826950073,0.5193680900709756,-1.007193910602835,3.793145951832346,217.33125411712686
69.65233182907104,0.5157285132684603,-1.0099732381740585,3.7855552028437045,216.89633623673453
69.7187831401825,0.5131664372106215,-1.0119053047818254,3.780940487940671,216.63193254913458
69.75202369689941,0.5093517887759618,-1.014747501780775,3.774148398072264,216.2427744656013
69.8188009262085,0.5070885498240992,-1.0163918056243926,3.769322864909915,215.96629178149828
69.8520781993866,0.5038301616182705,-1.0187350184156372,3.7613746038163107,215.5108899663667
69.91878700256348,0.5012226003282758,-1.020611633411207,3.7565944929934116,215.2370097906098
69.95206451416016,0.49784132808546744,-1.022987116842548,3.749687796110837,214.8412852088621
70.0188958644867,0.49487771162975164,-1.025082457912645,3.744583731269081,214.54884383506837
70.05200290679932,0.4910787368047604,-1.0276969084565195,3.736531043963427,214.08745883871583
70.11880993843079,0.48842445328075734,-1.02949830770669,3.7302898292435076,213.72986357622952
70.15201020240784,0.4842218407296034,-1.0323197906450836,3.7206247445559293,213.17609501499476
70.21878337860107,0.4815419004341349,-1.0340700111820167,3.713974258741951,212.79505024614218
70.25199484825134,0.47725126408679197,-1.036846161189789,3.703857194036666,212.2153851374686
70.31876754760742,0.4747704597961462,-1.038391820377323,3.698196383961919,211.89104461156043
70.35207009315491,0.4709298589590497,-1.0407692742155346,3.6904085137982396,211.44483251978576
70.41919469833374,0.46887846789758614,-1.0419909070717643,3.684962610127601,211.13280522382337
70.45221257209778,0.46487607731294883,-1.0444227006559148,3.6763364295467618,210.63856148322355
70.51884365081787,0.46200259522832177,-1.0461404181590535,3.6710185399995168,210.3338688562497
70.55203294754028,0.45777271130739716,-1.0486259803490403,3.663156336588694,209.8833977831362
70.61882257461548,0.4552297061196272,-1.0500764624868306,3.657467881280674,209.55747330203783
70.65228056907654,0.4508375247673971,-1.0525827633376954,3.647997145893113,209.0148401354454
70.71881031990051,0.4478065357097517,-1.0542752803463213,3.641443163294176,208.63932459352415
70.75228977203369,0.4432988568023267,-1.0567438231152164,3.6321931726811165,208.1093391708602
70.81881260871887,0.44024125714733253,-1.0583817605168524,3.6255286659496457,207.7274910626104
70.85204815864563,0.43578345867947493,-1.0607218909276988,3.615715783854512,207.16525433369975
70.91886305809021,0.43281926898761386,-1.0622404257617089,3.6094498302418048,206.80624163706688
70.95207238197327,0.42846047649528,-1.0644345346351662,3.5997875522852127,206.25263388967184
71.01883602142334,0.4254652372161647,-1.0659110477726907,3.5923278960155454,205.8252270688016
71.05219960212708,0.4213431941212296,-1.0678879459909962,3.579577570187923,205.0946872114622
71.11883974075317,0.4188040326889748,-1.0690579127918585,3.5722301888467705,204.67371327014098
71.1520426273346,0.41486944539601295,-1.070852277023839,3.562557987762652,204.11953696941916
71.21879577636719,0.41194051372369805,-1.0721740347027255,3.5564716648780186,203.77081635537576
71.25204873085022,0.40747259077050263,-1.0741556328297512,3.5476008192666133,203.26255434113008
71.31879258155823,0.4046506779581755,-1.0753655565853169,3.5424346781900033,202.96655626107116
71.35215187072754,0.400908402635977,-1.0769254040282927,3.534910093095164,202.53542929254982
71.4188084602356,0.3981895598941467,-1.0780543731132368,3.529853598628904,202.24571350050186
71.45206236839294,0.3943762240304574,-1.0796036302956078,3.522951379707841,201.85024548704962
71.51880931854248,0.39139367580168744,-1.0808148577410668,3.518534656129073,201.5971858667103
71.55203580856323,0.38729479114847287,-1.0824369191712573,3.511588080496896,201.19917640091813
71.61883592605591,0.3845504482858264,-1.0835019052727906,3.5066737637640983,200.9176067929383
71.65208888053894,0.3804323316202631,-1.0850758842397066,3.500066215706024,200.53902217628078
71.7188892364502,0.37780204327590305,-1.0860566596670589,3.4952140383275743,200.26101289104676
71.7518904209137,0.37355544237972194,-1.0876310148408785,3.4877836228067185,199.83528144167323
71.81879758834839,0.37104004052391937,-1.0885277207861932,3.481862676166098,199.4960361884435
71.85211062431335,0.36678451545860413,-1.0900432697107545,3.4726901491304294,198.97048910183005
71.91877508163452,0.3642560737551682,-1.0909024131687617,3.467019401134732,198.64557917499434
71.95203495025635,0.3599825240792677,-1.0923538694960153,3.4583658164169315,198.14976529300546
72.01888012886047,0.3569369326186801,-1.093364394987651,3.4526462698699287,197.82205941513357
72.05223965644836,0.35298542488604107,-1.0946222403747794,3.4447619541082033,197.37032139763824
72.11888337135315,0.3495343121701105,-1.0957305735923208,3.4404964954943127,197.12592862137456
72.15206217765808,0.34484436872446494,-1.0971842743189604,3.43396998110077,196.75198689169318
72.21877670288086,0.3419067263650753,-1.0980641003142217,3.4291022148103236,196.47308442759456
72.2520055770874,0.3378653269017552,-1.0992407395429191,3.4213914641232313,196.03129095634657
72.31880497932434,0.33478082086150973,-1.1001352498176593,3.415927361665896,195.71822094671418
72.35198736190796,0.33035116350955523,-1.101382180004405,3.408202680652252,195.27562932654754
72.41904544830322,0.32738842290777126,-1.1021922240940736,3.403240312612631,194.99130658148667
72.45210456848145,0.32305796389198427,-1.1033471997920188,3.3969839921200733,194.6328458219819
72.51879262924194,0.3201017570312192,-1.1041210935479657,3.3932776439470818,194.42048771426346
72.5520281791687,0.3157890082680511,-1.1052259627188565,3.3877399300361972,194.1032000790189
72.6187572479248,0.31306809752818376,-1.1059024845693635,3.3827823365797896,193.81915089742506
72.65216875076294,0.3086506540211013,-1.1069936694135898,3.374751816765096,193.35903600474694
72.71876573562622,0.3059206561215255,-1.10763620307885,3.3697257420243085,193.07106313458252
72.75208711624146,0.30177386603398054,-1.1085946307198473,3.3629738496321773,192.6842081967869
72.81881046295166,0.2986403846052954,-1.1093119499659383,3.3586191446968883,192.43470198297004
72.85210061073303,0.294174426543717,-1.110299669787925,3.3530155262227277,192.1136382943991
72.91878938674927,0.29117388981244996,-1.110945982011414,3.348869897557148,191.87611126843294
72.95211052894592,0.28668350311742125,-1.111891540920528,3.3426804310876093,191.52148096229064
73.0189437866211,0.2836733155879006,-1.1125063004608389,3.3382126181343397,191.2654941364144
73.052077293396,0.2791653194702705,-1.1134049381781708,3.3317816256201125,190.89702540726896
73.11891889572144,0.27641112128683165,-1.1139273116623878,3.327889592421053,190.67402833123805
73.15214395523071,0.2720321792150183,-1.1147513753504277,3.323058730287094,190.39724031955262
73.21876931190491,0.2691733402386155,-1.1152755302754138,3.320210374693209,190.23404156547053
73.25211358070374,0.264541070377702,-1.1161190669560321,3.3162537423061322,190.0073432286063
73.31877160072327,0.2617886779733809,-1.1165982391644123,3.3129393267104015,189.81744120341855
73.35202932357788,0.2575764456138602,-1.1173225114958758,3.308200622545089,189.5459334543851
73.41879558563232,0.25467587356713517,-1.1178111530154107,3.3048625509069525,189.35467603780756
73.45206356048584,0.2501898380581583,-1.1185546836652998,3.2998098780472342,189.0651792076854
73.51875925064087,0.2472882112097537,-1.1190171751373774,3.2966507317317686,188.88417345694492
73.55201077461243,0.24264754556753437,-1.1197496107144633,3.2923928885470075,188.64021701262956
73.6187653541565,0.23973982280078782,-1.1201888121639723,3.28949926670515,188.47442469358427
73.65200710296631,0.23521353208961238,-1.1208648584876304,3.2850809204006404,188.22127209790864
73.71879172325134,0.23189875674307325,-1.121352266073265,3.2820384519382193,188.04695149571026
73.75201463699341,0.2267531161924571,-1.1220922265100117,3.27770298966136,187.79854780500804
73.81882381439209,0.22371344429898787,-1.1225030301119299,3.2745550176196554,187.61818229299317
73.85201120376587,0.21922959612094362,-1.1230951199164447,3.2701081874163997,187.36339769013532
73.91882514953613,0.2161835450881608,-1.1234869246691248,3.2669167825363923,187.18054365979344
73.95202398300171,0.21174049459231248,-1.1240419173893612,3.26170795027108,186.88209955479948
74.01875972747803,0.20881298333785958,-1.1243920020911693,3.2579906841040476,186.66911589210176
74.05202460289001,0.20455395023657347,-1.1248843963950774,3.252414402211427,186.34961847427937
74.11889243125916,0.20176755606725255,-1.1251906514081345,3.2489430031923106,186.15072196147815
74.15200448036194,0.19711399130305396,-1.1257000581720973,3.2436295868450022,185.84628562998157
74.2187750339508,0.1941909248136583,-1.1259981093866818,3.2400077693570983,185.63877077375798
74.25207543373108,0.1900721819854848,-1.126396484091005,3.2352278231833016,185.36490003169973
74.3188145160675,0.18687327355436206,-1.1267054198309194,3.231690045999029,185.16220033018323
74.35202240943909,0.18232336439383648,-1.127119007812384,3.2260357119659093,184.83823085412828
74.41904926300049,0.17953162485762753,-1.1273499186043654,3.2221788638861457,184.6172497369347
74.45203375816345,0.17527989805170044,-1.1276897682018032,3.2163353937072103,184.28244355797113
74.51876950263977,0.17248230869916953,-1.1278968024028153,3.212536482047858,184.06478195314722
74.55209350585938,0.1679745115274004,-1.1282224612852694,3.2063826216559024,183.71219172497544
74.61892533302307,0.16517542410169275,-1.1284007631810087,3.201690913703985,183.44337666062262
74.65198540687561,0.16136545547197895,-1.1286169573054474,3.1950527510012416,183.06303795403426
74.71879553794861,0.15870011363317277,-1.1287585251064347,3.191559270976274,182.86287629279036
74.75202918052673,0.1539608040374783,-1.1290132977883476,3.187123827649685,182.60874410990732
74.81878638267517,0.15088709796327252,-1.1291575162410554,3.183836578523419,182.42039860876423
74.85200333595276,0.1461913456434655,-1.1293621766212092,3.1779007114552824,182.0802984780093
74.91879439353943,0.14298486243301717,-1.1294833870222332,3.1734639691560065,181.82609186947363
74.95212316513062,0.138660794305969,-1.129613617396416,3.167472670472733,181.48281574111977
75.01880121231079,0.13598953325313345,-1.1296736983150215,3.1636266973954843,181.26245771567247
75.05201458930969,0.1311744860293215,-1.1297917443105792,3.157553596886041,180.91449468792263
75.11888337135315,0.12796698866764666,-1.1298480190284208,3.1537978402395987,180.69930568320328
75.15212178230286,0.12377241827017468,-1.1298877664087545,3.1493364900146528,180.44368914438414
75.21877956390381,0.12043332461401463,-1.1299238143900352,3.1465561676072262,180.28438840475295
75.25190854072571,0.11596946665721676,-1.1299422800256549,3.142532867544209,180.05387029142733
75.31876969337463,0.11303286082960089,-1.1299425640518541,3.139370572411071,179.87268412672375
75.35206341743469,0.10859948955856367,-1.1299308978856877,3.1340680238547867,179.5688704737855
75.41878247261047,0.10552421023043639,-1.1299101322526826,3.130252158575229,179.35023749807632
75.45211100578308,0.1006552884611474,-1.1298627638294845,3.1244347984569307,179.01692731539012
75.51878595352173,0.09827384510674265,-1.1298035867242489,3.119920873340326,178.75829845717055
75.55201482772827,0.09416752036672027,-1.1297085105174718,3.1132392981775494,178.37547239984403
75.61876726150513,0.0910901057904916,-1.1296286428667364,3.1089786588722097,178.1313557496205
75.65230965614319,0.08655787718730416,-1.1294858387569715,3.1038871001375226,177.83963092297998
75.71876001358032,0.08348485050846455,-1.1293732623570907,3.100962462979476,177.67206155721678
75.7520432472229,0.07920259416244249,-1.1291938056886424,3.0962531470368697,177.40223762931174
75.818776845932,0.07612933413091208,-1.1290577922790712,3.0917348171794394,177.14335639803303
75.85203766822815,0.0720049559530863,-1.1288440473534465,3.084269472390757,176.71562364903156
75.91875720024109,0.06906527450386316,-1.1286774239914878,3.079174386978561,176.42369675865405
75.95216798782349,0.06454433163719557,-1.128400087760683,3.0719948540367215,176.01233982221152
76.01878714561462,0.06174685425574862,-1.1282012636692524,3.0675775968204326,175.75924962669444
76.0520293712616,0.05693327488380824,-1.1278566571742785,3.061439321196842,175.40755233997467
76.11879968643188,0.053870442386034154,-1.1276114195109406,3.056939772332347,175.14974718032622
76.15204358100891,0.04914625464177727,-1.1272147860859956,3.0502486589091387,174.76637462093305
76.21880078315735,0.0463594515268157,-1.1269510393701938,3.0460213895422354,174.52416992734456
76.2520227432251,0.042082973797534784,-1.1265350991233645,3.0403213703035727,174.1975828818258
76.31882119178772,0.0394334454480004,-1.1262583311634005,3.036791441800772,173.9953328766324
76.35201573371887,0.03508412498704383,-1.1258027832966102,3.0317171948304877,173.70459994102808
76.41877794265747,0.032431691959483894,-1.1255048860077554,3.0281487761009385,173.50014460828945
76.4522032737732,0.028246336673625472,-1.1250282552387274,3.0240131844565084,173.26319266127405
76.51877212524414,0.025185721358373117,-1.1246734269024814,3.021824398853702,173.13778448397426
76.55205035209656,0.021118350940346337,-1.1241784183751151,3.0179752641044604,172.91724530806556
76.61881637573242,0.01887824606752972,-1.1238868679600782,3.0146296884760218,172.72555794451418
76.65213227272034,0.01419325564051005,-1.123305843159621,3.0089351253618672,172.39928351190227
76.7187716960907,0.01128101309579839,-1.122919194210328,3.0051638761371984,172.18320684783674
76.75204300880432,0.007217895564357618,-1.1223558839542196,2.9994794078848472,171.8575108082009
76.81874561309814,0.004035670413246331,-1.1219108627103367,2.995505653330843,171.6298314434356
76.85213780403137,-0.0004658486321876265,-1.1212524331410205,2.9900437781231264,171.31688904580628
76.91879463195801,-0.004045862783829388,-1.1207219222172051,2.9867532329536384,171.12835469529747
76.95203804969788,-0.008635777845228926,-1.1200026376485097,2.9814227406262375,170.82293998221053
77.01874876022339,-0.011667160147310215,-1.1195106450621588,2.9774898803072394,170.59760368451745
77.05214977264404,-0.01623314221979108,-1.1187527741183498,2.970847184304764,170.21700523898718
77.11884117126465,-0.01925462364913169,-1.118230645563588,2.9660275812554935,169.94086232533562
77.15205764770508,-0.024085539039123596,-1.1173801999357051,2.958928226545335,169.5340992631772
77.2187774181366,-0.026967534388953787,-1.1168410389872703,2.954671160419817,169.29018734107692
77.25206255912781,-0.03151060404685643,-1.1159809806750602,2.9492823857374844,168.9814332950323
77.31878447532654,-0.03425322805445302,-1.1154389264611413,2.946615412292917,168.82862697258514
77.35203957557678,-0.03875195553892756,-1.1145521080112766,2.943272775140174,168.63710797128934
77.41908574104309,-0.041893205422338806,-1.113924690446601,2.9407589260490528,168.4930750280353
77.45204067230225,-0.045990230867726065,-1.113079966359255,2.9356752594113096,168.20180238524114
77.5187566280365,-0.04899984726227603,-1.112453892040265,2.9311206039902618,167.94083985247872
77.55204606056213,-0.05347198128470823,-1.1115007200349958,2.9235916350806446,167.50946170987245
77.61877369880676,-0.056069599423442515,-1.1109157740519844,2.9187862803249405,167.23413516330749
77.65203642845154,-0.060638667420640564,-1.1098887494491438,2.9114878527578987,166.81596606663405
77.71877598762512,-0.06363229640991307,-1.1091894722344853,2.9063919101920503,166.52399006496987
77.75198769569397,-0.0679537293473468,-1.1081513100196723,2.8988736467910914,166.09322530282725
77.81903886795044,-0.07106918217605418,-1.107386442048505,2.8940826516746347,165.8187215029865
77.85201072692871,-0.0758179786657738,-1.1061946297201894,2.8871898719680007,165.42379431668294
77.91885805130005,-0.07865066491388487,-1.105451671054447,2.882705431967756,165.16685483118928
77.95205855369568,-0.08296990633033771,-1.104303371050439,2.876933313090005,164.83613678064637
78.01877856254578,-0.08553877769894994,-1.1035964097496047,2.8737958503832775,164.65637340917118
78.05204176902771,-0.08936523425027781,-1.1025349685743422,2.869434452603828,164.406483723631
78.11875629425049,-0.09180592567275779,-1.1018466681618482,2.865759458453828,164.19592206910073
78.15199518203735,-0.09582853564444496,-1.1007105952804057,2.8598988421276714,163.86013348826648
78.21870446205139,-0.09878522389013136,-1.0998649501952857,2.856241884359093,163.65060524226936
78.25204110145569,-0.10311615970621109,-1.0986008114316472,2.8518378967218383,163.39827533762687
78.31873345375061,-0.105534730602513,-1.0978699932241998,2.848679809557767,163.21733027179116
78.35202836990356,-0.10942362077137756,-1.0966938782350335,2.844156802479621,162.95818105550558
78.41879725456238,-0.1118451623814395,-1.0959465858808612,2.841155965427095,162.78624575738937
78.45203685760498,-0.11595499410102293,-1.094680121971667,2.8374392807273217,162.57329541031152
78.51873517036438,-0.1185043537179255,-1.09387771019994,2.834819909780483,162.42321651007848
78.55211329460144,-0.122899405002225,-1.0924969076398232,2.8302602628682005,162.16196798593484
78.61897993087769,-0.12530955638996966,-1.0917130149347813,2.8265330268522937,161.94841309297422
78.65199279785156,-0.12957085157044138,-1.0903318206248263,2.8210242177039038,161.63278157862842
78.7187819480896,-0.1324948615623519,-1.089366204008393,2.817242959396189,161.41613143634757
78.75207567214966,-0.1362565194885165,-1.0880909435859094,2.8110851766676617,161.0633164748444
78.81882977485657,-0.13930425066607727,-1.0870561953255575,2.806345264239375,160.791739497442
78.85200476646423,-0.14386921123667076,-1.085477296474204,2.799010950433973,160.3715142707679
78.91877794265747,-0.14689310096453626,-1.0844031934509981,2.794245728587161,160.09848717050204
78.95201015472412,-0.15150858353031202,-1.082738636846022,2.787161259447933,159.6925769887336
79.01876902580261,-0.1543833829248361,-1.081671025725682,2.781860599109146,159.3888715226887
79.05203032493591,-0.1585901269663017,-1.0800819270093445,2.7737041804152214,158.92154315558523
79.1187846660614,-0.16145285865512363,-1.0789779489278768,2.768293010041526,158.61150593094627
79.15205597877502,-0.16575052147627956,-1.0772942795287888,2.7604968977496696,158.16482160001283
79.21880793571472,-0.16847056276980363,-1.0761993586218266,2.7555704797586276,157.8825586410088
79.25215578079224,-0.17272814731891467,-1.0744704635770344,2.748516173226314,157.47837664931566
79.31881475448608,-0.17569111313500455,-1.0732468323940254,2.7446680246802475,157.25789397868664
79.35199809074402,-0.179947907400212,-1.071460671632406,2.7383222684398407,156.89430892829253
79.41881728172302,-0.1826472286177287,-1.0703035067196491,2.7326771557719858,156.5708677975486
79.4520046710968,-0.1872656135909854,-1.0683154569480289,2.7231520111033025,156.02511720878152
79.51874947547913,-0.1901909046103772,-1.06701559101908,2.716482474866918,155.6429809311271
79.55230212211609,-0.19443179539776667,-1.0650907356748054,2.7075278813140833,155.12992051329465
79.61885070800781,-0.1973389208800383,-1.063744939295184,2.7016338757996983,154.79221887289356
79.65201020240784,-0.2012850106630741,-1.0618732858860356,2.693394715974318,154.3201497881655
79.71893000602722,-0.20392762969587414,-1.0605980403097217,2.688129147433164,154.01845493402053
79.75215768814087,-0.20805104978181882,-1.0585904422463057,2.6805276365638036,153.58292044328334
79.81877255439758,-0.21080205778577665,-1.0572249740569428,2.6756493284706564,153.3034139783815
79.85204076766968,-0.21504036973063537,-1.0550994837944752,2.6684974801419474,152.8936432534288
79.91876244544983,-0.2175268926433212,-1.0538154905482109,2.6639098742225484,152.63079279617799
79.95205593109131,-0.22159613188963273,-1.0517113512634773,2.656894333608618,152.22883192799716
80.0187304019928,-0.22406959057751508,-1.0504005451756675,2.6525707280790054,151.98110757887093
80.05217957496643,-0.2280996658503733,-1.0482604253464634,2.6464222264259285,151.62882438382042
80.11901950836182,-0.23056193231363245,-1.0469239343545726,2.6430608298998766,151.4362305496077
80.15238928794861,-0.23468701521391322,-1.0446875240303815,2.638145057556162,151.15457754126572
80.21891045570374,-0.23750175443801141,-1.0431434869372997,2.6352084338289585,150.986321395679
80.25208163261414,-0.24153460808570437,-1.0409066199930428,2.631480024831762,150.77269929584102
80.31879687309265,-0.24409162497225118,-1.0394711983532388,2.6289666100679807,150.62869123771048
80.35199666023254,-0.24822071518773417,-1.0371521395186305,2.6243587661899324,150.36468123084313
80.4190263748169,-0.25076931494572524,-1.0356971241630626,2.6206842792089424,150.15414863495664
80.45207381248474,-0.2548841937130888,-1.0333408864628963,2.6142868611527894,149.78760358055828
80.51878547668457,-0.2577754017563812,-1.0316644045186851,2.609734707724303,149.52678440141003
80.55205965042114,-0.26165627372025063,-1.029373681563078,2.6026473068109115,149.1207062413555
80.61902689933777,-0.26452625271918795,-1.0276652735273006,2.5987443176312026,148.89708143387296
80.6521008014679,-0.268256364110782,-1.0254022345676175,2.592602583966673,148.545186016002
80.71903228759766,-0.270995674578995,-1.0237306094759873,2.587725184372578,148.26573160426153
80.75202131271362,-0.27454938903768333,-1.0215173641294617,2.57846048687879,147.73490353940204
80.81880402565002,-0.2772719703696447,-1.0198075227175327,2.5713634645670704,147.32827411383033
80.85198950767517,-0.281135866873827,-1.0173312862635422,2.560808754182014,146.7235337547837
80.91876554489136,-0.2833565990576713,-1.0158579572536808,2.5543322331793425,146.3524564354028
80.95207834243774,-0.28726785414981937,-1.013266661540648,2.545113970297922,145.8242888778553
81.0187418460846,-0.28958368448641564,-1.011685148578319,2.539640250134236,145.5106678142404
81.05204725265503,-0.29358602683329443,-1.0089525101983563,2.532245932057838,145.08700459608554
81.1187813282013,-0.29621784242862015,-1.0071208469467954,2.5277690775171453,144.83049972540985
81.15200686454773,-0.3001166213989767,-1.0043766692994094,2.5204620280519205,144.41183663035915
81.21874213218689,-0.30283681193781253,-1.0024384058025102,2.5153790316093594,144.12060238692038
81.25202536582947,-0.3067323636011494,-0.999620166805668,2.5087139950453996,143.7387239215051
81.31876015663147,-0.3090914499099775,-0.9978782588068547,2.5041084122692028,143.47484346623088
81.35199642181396,-0.31269416258524585,-0.9952018783652409,2.496852745072631,143.0591243583158
81.41877579689026,-0.3154828121078961,-0.993121413092607,2.4917486334392147,142.76668030355742
81.45201420783997,-0.3193042958547583,-0.9902171802852425,2.483923033614967,142.31830646146972
81.51885533332825,-0.3218405147566361,-0.9882590541000431,2.4788096572343616,142.02533157579916
81.55204367637634,-0.3257471439040599,-0.9852147412414178,2.472159751658928,141.64432005216628
81.61877822875977,-0.32814766174678167,-0.9833075203893125,2.4674259171087756,141.37309131152935
81.65205645561218,-0.33155489947212946,-0.9805676524395295,2.4600380409077967,140.94979718564812
81.71892166137695,-0.3340476009368347,-0.9785513152026347,2.4543931388614344,140.6263681226268
81.75207328796387,-0.33739495420696924,-0.9757908931390396,2.4462947578737437,140.1623650711431
81.8187472820282,-0.3397562018717139,-0.9738238144528049,2.440940645502781,139.85559702924817
81.85201406478882,-0.34315472461909885,-0.9709537239242335,2.4335190099989368,139.43036863779346
81.91875123977661,-0.34548999902137845,-0.9689579623514047,2.429207859678596,139.18335791959146
81.95200371742249,-0.3490761624558488,-0.9658682681329773,2.4230287756081323,138.82932248109736
82.01881814002991,-0.35159896292169734,-0.9636731038181815,2.41826698534241,138.556491995945
82.05206060409546,-0.3551882192443438,-0.9605052192930357,2.410815425847447,138.129549086093
82.11897945404053,-0.3575752428962843,-0.9583672331110116,2.405505523981533,137.82531411954747
82.15205550193787,-0.3611312840378053,-0.955146760862536,2.398450112061156,137.42106879378358
82.21880865097046,-0.3634916809842964,-0.9529781323705836,2.394318753534852,137.18435938657097
82.25206279754639,-0.3670197496376112,-0.9497094712491775,2.3881825314793477,136.83277976063547
82.31880044937134,-0.3694524243420881,-0.9474325902676698,2.3838309204385832,136.58345081391715
82.3520028591156,-0.3729589077201889,-0.9441131582422878,2.3764972188924776,136.16326066711673
82.41877746582031,-0.3751662175402821,-0.9419860422299668,2.372164853747433,135.91503442899608
82.45206689834595,-0.3785074724988609,-0.9387450315370297,2.3658404138655524,135.55267071598013
82.51879119873047,-0.3803965151830112,-0.9368705173589197,2.3621060254572925,135.33870602112427
82.55215382575989,-0.3838652663183553,-0.933456782666605,2.356000137958137,134.98886443724095
82.61877179145813,-0.3860355304512179,-0.9312837257444241,2.3514396317653197,134.72756667994923
82.65203523635864,-0.3892864542833425,-0.9280005767412343,2.3444057103774436,134.32455267099715
82.71872425079346,-0.39172672997781927,-0.9255183725716966,2.339327409406969,134.03358745829178
82.75239706039429,-0.39476131270955916,-0.9223615705819654,2.3307959645525282,133.5447716749837
82.81873846054077,-0.3969725149486882,-0.9200414750792429,2.3258002386041094,133.2585376625353
82.85213661193848,-0.4006536390130724,-0.9161594016895479,2.318753834950225,132.85480847242218
82.91872978210449,-0.4025362676847325,-0.9141044572620605,2.313897721987187,132.5765736948013
82.95207333564758,-0.405376450976124,-0.910989811064194,2.3061841708326685,132.13461976858915
83.01878881454468,-0.4075368890998348,-0.9086115248515177,2.301490458229481,131.86568984617912
83.05213928222656,-0.4105105485965474,-0.90528730066465,2.2942608909009556,131.45146615054898
83.11877703666687,-0.4122676350804724,-0.9032804514689852,2.2896108259857892,131.18503705644807
83.15202736854553,-0.4153588951886601,-0.8997625175443671,2.2828381614395457,130.79699196189043
83.21881651878357,-0.4170931180677739,-0.8977370886258466,2.2788755425826372,130.56995062557064
83.2520272731781,-0.4200492404650797,-0.8942934301873036,2.2736082128954966,130.2681548651935
83.31874871253967,-0.42194783961673016,-0.8920510931177795,2.270117801376944,130.0681690164166
83.35200691223145,-0.4247861464955635,-0.8886762500759371,2.2639164331350394,129.712856788949
83.4187502861023,-0.4269360369632269,-0.8861068834430851,2.2594347972311906,129.45607796634417
83.45215606689453,-0.4295800267339085,-0.8828762612113719,2.252955838192356,129.0848609577808
83.5187156200409,-0.4317904533208285,-0.8801807961099425,2.24879037127137,128.84619728350697
83.55203437805176,-0.4348708609515614,-0.8763679135136232,2.24229759591706,128.47418865837844
83.61873173713684,-0.4371299001456854,-0.8735460846304652,2.2383143139087704,128.24596341069304
83.65205645561218,-0.4400452567676325,-0.8698349590987959,2.2318960022401977,127.87822124048425
83.71871662139893,-0.4418296866046099,-0.8675259621359379,2.2271897519266797,127.60857296018756
83.75210642814636,-0.4446605021953494,-0.8638472625353086,2.220084994403963,127.20150033967208
83.8187689781189,-0.44651369713932687,-0.8614026759755535,2.215100568940478,126.91591379731683
83.85198497772217,-0.4493783084008563,-0.8575941914905355,2.2068816300902596,126.44500328912322
83.91882085800171,-0.4512014062892173,-0.855122208139388,2.2013278101796954,126.12679284807216
83.9520652294159,-0.45401720662728134,-0.8512690019239435,2.1936103879197772,125.68461712385854
84.01874351501465,-0.45580684013460676,-0.8487729061737506,2.188397864619233,125.38596153812374
84.05204820632935,-0.458311552525518,-0.8452277888958322,2.1807964049378525,124.9504299802418
84.11880564689636,-0.46015581732185873,-0.8426001092884323,2.175472612901261,124.64539916553974
84.15204501152039,-0.4627760600353239,-0.8388075073107077,2.167528980137092,124.190262534151
84.21884179115295,-0.46450069831276924,-0.8362690725703777,2.1619507681797407,123.87065453176538
84.25204873085022,-0.467489380598448,-0.8318568683928874,2.153948899040834,123.41218120189004
84.31879687309265,-0.46925014199601855,-0.8291818921257731,2.1483526055415516,123.09153720346467
84.35196614265442,-0.471802610526032,-0.8252528174681467,2.139867268482045,122.60536320220898
84.41885662078857,-0.47322070561827984,-0.823001486302661,2.1348502176279376,122.31790736266612
84.45224332809448,-0.4759225087373779,-0.8187592889380167,2.128572232275189,121.95820529810868
84.51875734329224,-0.4774663906288938,-0.8162683796924868,2.1250291916186295,121.75520402184456
84.5520191192627,-0.47966002535651886,-0.812697165979876,2.1189802708163135,121.40862638926296
84.61876940727234,-0.48119320693636514,-0.8101844009413731,2.1144952476679886,121.15165349184547
84.65203905105591,-0.48355651765163044,-0.8062821487651266,2.1073903257273217,120.74457145087536
84.71878123283386,-0.4852735032924638,-0.803417400924992,2.1026574988255615,120.47340044423852
84.75213742256165,-0.4875392278393264,-0.7995570008196164,2.0953903915183836,120.05702586626855
84.81878209114075,-0.4892230028859016,-0.7966660826666119,2.090404862231997,119.77137607951973
84.8521158695221,-0.4915234276640064,-0.7926406454107745,2.082579430906954,119.3230118917253
84.9188494682312,-0.493023971564433,-0.7899660170531984,2.077390659475548,119.02571718784766
84.95217156410217,-0.4952651984555275,-0.7859251995183019,2.069445990376851,118.57052117886435
85.01877212524414,-0.4965958761136008,-0.783460792097501,2.06418698337512,118.2692022732354
85.05203199386597,-0.49876724697630137,-0.7794282688114742,2.056011695941988,117.8007928070106
85.11907410621643,-0.5001330655693521,-0.7768316108673545,2.0507780563548166,117.50092734717309
85.15201735496521,-0.5021799860468134,-0.7728959569469371,2.0430183116597758,117.05632672604821
85.21879863739014,-0.5038459910410483,-0.7696825784483169,2.038283511556141,116.78504266327182
85.252023935318,-0.5060772754638013,-0.7652745286765364,2.0313035380816085,116.38511964206786
85.31878185272217,-0.5074975754353717,-0.762409790137682,2.0262230473587937,116.0940289657952
85.3520040512085,-0.50974780793401,-0.75783399220125,2.0186508987140317,115.66017680660464
85.41877627372742,-0.5110691661149546,-0.755065873114044,2.013966472384262,115.39177894846887
85.45206928253174,-0.5131344089162726,-0.7507110879967004,2.007560791701415,115.02476048043326
85.51859259605408,-0.5144872598242968,-0.747810018383727,2.002340972317913,114.72568685993802
85.55203700065613,-0.5165005096571273,-0.7434361363250895,1.9936837361340234,114.2296637643532
85.61871194839478,-0.5179348688780856,-0.7402699393701758,1.9879089454782943,113.89879263220834
85.65209674835205,-0.5199589518026595,-0.735704932694375,1.9793879949707693,113.4105781306873
85.71873998641968,-0.5214016309380672,-0.7323983117796578,1.9738537129309752,113.09348712717204
85.75197339057922,-0.5233135193292937,-0.7278951075074096,1.9656123256681979,112.62129041968203
85.81873440742493,-0.5245967000494803,-0.7248148881599882,1.960146779262233,112.30813767788734
85.85200119018555,-0.5264968545408513,-0.7201820383195385,1.9524092884239788,111.86481210883424
85.91878342628479,-0.5277392601253491,-0.717084467143756,1.947279831572327,111.57091588004013
85.95203447341919,-0.529524459492712,-0.7125548527485357,1.9397811424957863,111.1412726440735
86.01880550384521,-0.5306235075791784,-0.7096893985768796,1.9349947505489387,110.86703258642372
86.05206561088562,-0.5323940127538349,-0.705054645441834,1.9278309834422696,110.45657896579694
86.11880350112915,-0.5334076812883695,-0.7023048511658965,1.9233806375865137,110.20159293088858
86.1520299911499,-0.5352249612588535,-0.6974089148474633,1.9173328057835568,109.85507769337416
86.21905541419983,-0.5363597567868245,-0.6942666216267096,1.9131061779006404,109.61290975411075
86.25203657150269,-0.5378803214911998,-0.6899621149234624,1.9056365434618674,109.18493122626347
86.3187952041626,-0.5389329570641505,-0.6869351994702548,1.9003191615361064,108.88026768385822
86.35222363471985,-0.5404374640386512,-0.6825227579406976,1.8911994942505177,108.35774923783046
86.41877603530884,-0.541591254285348,-0.6790941433957774,1.8850015994955736,108.0026360265059
86.45202708244324,-0.5430370478190342,-0.6746196437903335,1.8751514336211177,107.43826309439578
86.51895046234131,-0.5440428448158001,-0.6714322823829374,1.869205614501357,107.0975927530853
86.55200505256653,-0.5455537329962277,-0.6665460379940713,1.8607121509840894,106.61095314009754
86.61905336380005,-0.5464206705503768,-0.6636056332510699,1.8548914266139112,106.27745019997738
86.65211057662964,-0.5477726494283673,-0.6589677194154326,1.8459434346814503,105.76476802713026
86.71904945373535,-0.5486839632827955,-0.6557542259588296,1.839790213170931,105.41221440416838
86.75229024887085,-0.5498793380126852,-0.6513708309264383,1.8311407043735843,104.91663405521915
86.81880211830139,-0.5506670891575527,-0.6484004966659396,1.8254097646173242,104.58827539454171
86.85229682922363,-0.5517088554745992,-0.6443290896542009,1.8168941632166866,104.10036737426948
86.91879916191101,-0.5525767700077464,-0.640950384111203,1.8111040541266266,103.7686185604887
86.95212459564209,-0.5536379460277692,-0.636590965829776,1.802639289129535,103.2836232515853
87.01879048347473,-0.5544171407646927,-0.6333349007564987,1.7971674574879988,102.97011039231913
87.05226159095764,-0.5554559670999928,-0.6288134559781919,1.7888676543441318,102.49456670138613
87.11877727508545,-0.5560155930957114,-0.6262089885761177,1.7835473835343383,102.18973763811832
87.15201210975647,-0.5569138910426898,-0.6220201503933206,1.7747920687310867,101.68809505158359
87.21879577636719,-0.5576080314898244,-0.6187437726328512,1.768765101904998,101.34277528918335
87.2520203590393,-0.5585807486475403,-0.6139533383471667,1.7602222602934507,100.85330651979295
87.31879353523254,-0.5591257239844264,-0.6110724768290511,1.7554626880659776,100.58060311887107
87.35202431678772,-0.559941059818343,-0.6066804045431357,1.7488963776635218,100.2043812458375
87.41884660720825,-0.5604867666525368,-0.6036562329876981,1.744165049398855,99.93329610478114
87.45221495628357,-0.5612514136758556,-0.5992701740636707,1.736413423374899,99.48916064924468
87.51890397071838,-0.5617345829984851,-0.5963691043962774,1.7317343989706315,99.22107229864145
87.55199480056763,-0.5624699920891034,-0.5918581469544336,1.7255031832128505,98.86404993448517
87.61874628067017,-0.5629975245760008,-0.5885499631352166,1.720783058371121,98.59360670227922
87.65203475952148,-0.5637645897963639,-0.5835562399109266,1.7135274585822162,98.17789145653896
87.71879458427429,-0.5642674195331545,-0.5801176440758753,1.7084875675884166,97.88912697338824
87.75208854675293,-0.5649526522860372,-0.5751765496912388,1.700920536644642,97.45556803686507
87.81877636909485,-0.5652525702043804,-0.5726729982217429,1.6949220612378721,97.11188071254414
87.85243129730225,-0.5658454631138202,-0.5679551447860247,1.685318440601495,96.56163378203499
87.9187490940094,-0.5661950540497662,-0.5649041171068149,1.6788505222455883,96.19104935800634
87.9520251750946,-0.5667537652306512,-0.5598826012225957,1.6700894656341396,95.68907779009514
88.01880836486816,-0.567052205954029,-0.5568257304138997,1.6642661090623065,95.35542403592933
88.05237793922424,-0.5675004428269846,-0.5520532399008609,1.6549977887827205,94.82438840073354
88.11878848075867,-0.5677873379506656,-0.5487215664492003,1.6485201135335446,94.4532449478994
88.15202283859253,-0.5681932155892649,-0.5436304211100651,1.6388904704514633,93.9015070410788
88.21882581710815,-0.5684202481428531,-0.5403047967649198,1.6325445956813547,93.53791519943303
88.25203561782837,-0.5686875958254002,-0.5357387743141264,1.6222235319983132,92.94656181030899
88.31876182556152,-0.5688770077137146,-0.5322678820596011,1.6158902514817484,92.5836915662374
88.35204672813416,-0.5691158067871469,-0.527147994182744,1.606446307406991,92.04259342879622
88.41880416870117,-0.5692235422400805,-0.523945821455966,1.6005604750976066,91.70536007854676
88.45203351974487,-0.5693836156559473,-0.5187822545742589,1.5908636301559527,91.14977178879721
88.51884627342224,-0.5694407655723582,-0.5156132783424904,1.5846726774524202,90.79505632771969
88.55200481414795,-0.5695039765098342,-0.5107303773481484,1.5757828905509805,90.28570905749652
88.61880159378052,-0.5695230216039702,-0.5074212551713516,1.5706340644626997,89.99070305319117
88.65205025672913,-0.5695125948912404,-0.5027139262591754,1.5633643451772659,89.57417881989095
88.71880078315735,-0.5694964225457483,-0.49924090608508304,1.5581125716843327,89.2732743637872
88.75205707550049,-0.5694431777104992,-0.4938165582840953,1.5505911204519678,88.84232695235922
88.818767786026,-0.5693629633922856,-0.4910283062911026,1.544948360086408,88.51902059860895
88.85206532478333,-0.5692361702656248,-0.48620160545705693,1.5372640744491153,88.07874346301908
88.91878247261047,-0.5691283881333467,-0.4827271330572297,1.5321534092881879,87.78592391879339
88.95203495025635,-0.568935549846769,-0.47759092909110173,1.5247575989948392,87.3621752029051
89.01890587806702,-0.5687834467020635,-0.4745281294761037,1.5197664090400802,87.07620108374931
89.05203151702881,-0.5685346349905802,-0.4696992099819804,1.512687314846738,86.67059886369523
89.11880588531494,-0.5683426400611152,-0.4663603561793141,1.5082965173718246,86.419024699686
89.15201234817505,-0.5680247855048829,-0.46110180103641396,1.500275043171286,85.95942808252207
89.21887135505676,-0.5677871898405128,-0.45777354593638464,1.4943120632079174,85.61777449729998
89.25197005271912,-0.5674142792330487,-0.45305143062264613,1.4846353196901105,85.06333793429906
89.31872320175171,-0.5671290835846936,-0.4497233377925529,1.4787294550363705,84.72495681526426
89.35207200050354,-0.566671978746309,-0.4447564158171642,1.4701082509507972,84.23099820683997
89.41880440711975,-0.5663371778347532,-0.44143407520646666,1.4644472930604941,83.90664921172433
89.45202946662903,-0.5657963444646034,-0.4363172527805678,1.4557498151399486,83.40832043446885
89.51877188682556,-0.5654229453305986,-0.4331404750976421,1.4499342187215238,83.0751113043417
89.5520350933075,-0.564808100040899,-0.42803256693055225,1.441820782335409,82.61024564206946
89.6187493801117,-0.5643899873200426,-0.42485997044292756,1.4363241003682699,82.29530896402672
89.65212059020996,-0.5637324904719302,-0.42004023159757514,1.4274437600999481,81.78650294601181
89.7186975479126,-0.5632296976680151,-0.4164699599658931,1.4204784848433465,81.38742207066163
89.75201296806335,-0.5624578905710761,-0.4113504845106121,1.4106816226983638,80.82610321728264
89.81875276565552,-0.5619407123330054,-0.40820121446187657,1.4049019955239521,80.49495497302973
89.8520622253418,-0.5611471520500199,-0.4035308878603566,1.396457179024598,80.0111026288543
89.91880106925964,-0.5606274085533208,-0.4006546564542013,1.3905506998146318,79.67268629834146
89.95204639434814,-0.5597680287164961,-0.3959293268231796,1.3813779458390587,79.14712620902928
90.01874232292175,-0.5591874539016672,-0.3929237986247716,1.3749512806602033,78.77890541793718
90.05198955535889,-0.5582367016392125,-0.38808807789214317,1.3651698814635203,78.21847252623459
90.11885690689087,-0.5576959101795865,-0.3856273371567102,1.3594979821969004,77.89349663643392
90.15201020240784,-0.5567077914797715,-0.38097831208344723,1.3512405517137291,77.42038072012554
90.21882343292236,-0.5560211028234845,-0.3778731078975326,1.3464825434651257,77.14776692859213
90.25202703475952,-0.5550372416741314,-0.3736103820540922,1.3397389163616322,76.76138555695192
90.31881046295166,-0.5543445333652263,-0.3706535488703905,1.335656232400098,76.52746499687025
90.35204124450684,-0.5533063000780806,-0.3663328551406528,1.3291484354093794,76.15459569537414
90.41878962516785,-0.5525730446730707,-0.3633447032755358,1.3241260020155006,75.86683145901932
90.45203995704651,-0.5514561616864424,-0.35889949092620044,1.316387409337487,75.4234427591983
90.51882743835449,-0.5506546688170577,-0.35579080341451047,1.3110749133647759,75.11905916128171
90.55217170715332,-0.5494052829380147,-0.35105421304196205,1.3026605239168982,74.6369501587389
90.61880493164062,-0.5484617081853309,-0.34755716527707703,1.2960753507846223,74.25964753089654
90.65202140808105,-0.5471097052924532,-0.34275591298223235,1.2863175549591435,73.70056701274623
90.71908020973206,-0.5462420570440129,-0.3398200536115693,1.2799412417634444,73.33523117777911
90.75206112861633,-0.5448575826640145,-0.3352032541827318,1.270973146541968,72.82139717131707
90.81880736351013,-0.5438737143402168,-0.3320051482204011,1.2637135266239912,72.40545158914789
90.852041721344,-0.5424879733507862,-0.3276781266740858,1.253571924861763,71.82438061066976
90.91879320144653,-0.5414895467450258,-0.32463123194452637,1.2469653560874516,71.44585210283881
90.95206356048584,-0.5400065078802927,-0.3202249211673354,1.2369030265378345,70.86932308757598
91.01879382133484,-0.538956945714262,-0.31719174014213086,1.2301651033609233,70.48326852685558
91.05203676223755,-0.5373606714630057,-0.3126801668646402,1.2197977860498725,69.88926500005947
91.11878442764282,-0.5362168232223218,-0.30953437232173686,1.2143204620498234,69.57543745183094
91.15188360214233,-0.5344924765524496,-0.30488988262459443,1.207099823093117,69.1617253142239
91.21880769729614,-0.5333933950945984,-0.30202383763524815,1.2024724571110814,68.89659677319086
91.25204563140869,-0.5316626166342255,-0.2975398814886822,1.1952035987159904,68.4801218652739
91.31879115104675,-0.5305325179522041,-0.29468673729642275,1.1901400593886795,68.19000243242048
91.35203695297241,-0.528655816196162,-0.28996711859966734,1.182740861992784,67.76605964985147
91.41882348060608,-0.5274887736958805,-0.28713076986583047,1.1771171017796125,67.44384192464317
91.4520583152771,-0.5255944147413728,-0.28255803949984093,1.1687034176130084,66.9617733317407
91.51876878738403,-0.5244836588669596,-0.2799883067884686,1.1627778581726909,66.62226378455661
91.55200600624084,-0.5224914357470893,-0.2753446981817248,1.154695193558672,66.15916121495358
91.61878252029419,-0.5212445574043432,-0.272537453288667,1.1495883759568772,65.86656211962763
91.65200304985046,-0.519174823733243,-0.2678911076083485,1.14221934558361,65.4443477801357
91.71877455711365,-0.5179459084837801,-0.265232164730502,1.137009949478903,65.1458713695241
91.75199818611145,-0.5161001932786127,-0.26127942048562025,1.1290344124681524,64.68890675945771
91.8187985420227,-0.514678838745699,-0.2582490296414224,1.1238780482617412,64.39346885279802
91.85237383842468,-0.5127886044964728,-0.25433271660640405,1.1160372501303182,63.94422421185342
91.91891717910767,-0.5113279480515266,-0.25131983908559064,1.110721939756471,63.63967936062986
91.95216965675354,-0.5091535539282277,-0.24691327612275932,1.1018189172686887,63.129573747169886
92.01874470710754,-0.5078744602333197,-0.24442192517049383,1.09580447496246,62.784971586898045
92.0520429611206,-0.5056468439251788,-0.24006697642122649,1.0863744399681956,62.24467038106602
92.11901640892029,-0.5042722248254168,-0.23747314976417416,1.08061759723955,61.91482758939405
92.15199971199036,-0.5020994725894876,-0.23340263134841197,1.071869009228099,61.41357041963916
92.21881604194641,-0.5005679059648688,-0.23058110931782516,1.0661301878822635,61.0847601771432
92.25202226638794,-0.4983937882494497,-0.2266599100647352,1.057760716651209,60.60522479884762
92.3187141418457,-0.49675974926301975,-0.22373660568942785,1.051817123687352,60.264682006874956
92.35201358795166,-0.494258304621897,-0.21933202334445723,1.043011632765339,59.76016454050285
92.41900110244751,-0.4928341418589773,-0.21692280119290078,1.037114313766231,59.42227305141166
92.4520308971405,-0.49027387518643206,-0.21256281957405318,1.0288560966920417,58.94911206675773
92.51885056495667,-0.4886862988350497,-0.2099379907545149,1.0228362013993517,58.60419747337592
92.55239224433899,-0.4859765875798726,-0.20546684716396424,1.0136068866008654,58.07539668762502
92.61887311935425,-0.48421284660189284,-0.20263426694867398,1.0074586435440742,57.723128309050274
92.65188574790955,-0.48153975711374397,-0.19840190919395317,0.9987581297604662,57.22462558965413
92.71879649162292,-0.4799425327266397,-0.19595027949634403,0.992862403665749,56.88682536726169
92.75206971168518,-0.4773877922264529,-0.1920439975146763,0.9840389999043029,56.381281570790975
92.81880974769592,-0.47547144037898004,-0.18913999499589765,0.9778675051891732,56.02768097032675
92.85202741622925,-0.47261968156939,-0.18489220629309644,0.9689986430949014,55.519532603241416
92.91874694824219,-0.47087352105463715,-0.18236894327617945,0.9635119872460671,55.20517037946245
92.95215320587158,-0.4681185609443937,-0.17840763388925263,0.9546251982976544,54.695994879294894
93.01879286766052,-0.4662620428311324,-0.17578863890511923,0.9487583519331813,54.35984934355891
93.05204319953918,-0.46369402694367545,-0.17223506344388703,0.9399989074307142,53.85797014268849
93.11887502670288,-0.4618047575069954,-0.16963986730112068,0.9349999336904236,53.5715500454731
93.15215802192688,-0.4592156593445331,-0.16615207466106743,0.928329694991803,53.189373519697305
93.21872234344482,-0.45792149968976487,-0.16447719328126276,0.9244331311188829,52.966116855175834
93.25200366973877,-0.45498599410257057,-0.16054230581346718,0.9188346926236037,52.645349957532765
93.31879782676697,-0.45336027252589467,-0.15842937540679797,0.9145593906579417,52.40039319875635
93.35202193260193,-0.45076806817833326,-0.15506761043734052,0.9077723338567352,52.011523488731655
93.41878867149353,-0.44888164127687485,-0.15263879452537393,0.9024293329466153,51.70539208664723
93.45206880569458,-0.44649837280165194,-0.14964885721328233,0.8945497375424538,51.25392452571809
93.51879119873047,-0.4444961066663047,-0.14712627921559446,0.8891801758544058,50.9462713031578
93.55205941200256,-0.4414772954180305,-0.14337911388814323,0.8814410136097872,50.502849969574164
93.61889863014221,-0.439437866860654,-0.14089425965079194,0.8758165976783174,50.180594674474804
93.65203714370728,-0.4363971932580334,-0.13724009310455582,0.8672568084047002,49.69015487557518
93.71881461143494,-0.4344110818395067,-0.1349017538114887,0.861187945119886,49.34243462291342
93.75202178955078,-0.43130886184026906,-0.13128285153654015,0.8523635608832616,48.83683464935308
93.81876373291016,-0.4293732672336289,-0.12908077128117362,0.8473532864241764,48.5497670686453
93.85207295417786,-0.42641269328004355,-0.1257363301936636,0.8393336726762191,48.09027704756225
93.91879224777222,-0.4241864230692528,-0.12323950227646573,0.8333060226379784,47.744918139989196
93.95203828811646,-0.42088498443531486,-0.11959281862578011,0.8233344814846046,47.17359091665987
94.0187783241272,-0.4185277042857693,-0.11703333498234059,0.8176804444420988,46.84963845691365
94.05202746391296,-0.4151227757133675,-0.11339844459619162,0.8094754211408647,46.37952525094644
94.11879301071167,-0.4127307392627693,-0.1108793491756439,0.8036551069265455,46.04604581102595
94.15206980705261,-0.4093465225332285,-0.10737783966220567,0.7948527331220164,45.54170694232992
94.21905708312988,-0.407193185053159,-0.10519633816286192,0.7896510158215864,45.24367049479509
94.25201940536499,-0.4037979023919669,-0.10177502351276421,0.7822837967090854,44.821559932900676
94.31881213188171,-0.40142943919398627,-0.09941551448116209,0.7766100055386604,44.49647564499673
94.35207056999207,-0.39807575862326905,-0.09613150511398592,0.7679809281980395,44.00206593228718
94.41880941390991,-0.3962485612714213,-0.09440123589048652,0.7618576314111176,43.65122686969054
94.45188331604004,-0.3928323829876407,-0.09113149800461806,0.7537833666923368,43.18860557863301
94.51884388923645,-0.3903059754709137,-0.08873839494216976,0.7481808722442547,42.86760629201243
94.55214762687683,-0.3865877843595283,-0.08527274392879375,0.74001429828194,42.39969607089037
94.6187572479248,-0.3847054562276908,-0.08359213463017787,0.7345413008542764,42.08611641699929
94.65214037895203,-0.3809805185271101,-0.08020683788974545,0.7265866134693448,41.630346402496755
94.71878933906555,-0.3781916770976462,-0.0777007638987215,0.7210814277629795,41.31492249608627
94.7520260810852,-0.3745307905256756,-0.07449074646909062,0.7126067176219096,40.82935737240625
94.81877994537354,-0.37240465070785844,-0.07267943987720633,0.707055845623326,40.51131583427006
94.85201120376587,-0.3686587652078789,-0.069469480206626,0.6988103551650799,40.03888403099717
94.91899108886719,-0.36610490542269625,-0.06731803124750815,0.6938053475503695,39.75211821824342
94.95204186439514,-0.36215187449996156,-0.0640195758726961,0.6858980246881113,39.299061990988726
95.01877665519714,-0.35949116216998406,-0.061835419044375305,0.6808679589137845,39.01086045144659
95.05200600624084,-0.3558070708325957,-0.05886569661404161,0.6728913342978725,38.55383352619467
95.11876177787781,-0.3531947819132772,-0.05678069460322955,0.6678154791797871,38.2630084505085
95.15203332901001,-0.34960758730734304,-0.05396939910622004,0.6604069732217042,37.83853232661282
95.21904945373535,-0.3470762007396252,-0.052002300755255734,0.6543109302206918,37.48925479092455
95.25203609466553,-0.34315673612804537,-0.04898953644041648,0.6447727492154481,36.94275727509224
95.31877708435059,-0.3409092780471032,-0.047319890846985964,0.6382062858681534,36.5665266389649
95.35200929641724,-0.33674652051893483,-0.044208538011172104,0.6288072176913281,36.02799970107709
95.41879534721375,-0.334691798693608,-0.042749954195505056,0.6218311000699784,35.628297603986915
95.45205879211426,-0.33117154786045827,-0.04023842202844326,0.6113417995317065,35.02730495309963
95.51876854896545,-0.32866665154474745,-0.038476354830839325,0.6050637804856542,34.66760095805809
95.55208373069763,-0.3247773177491494,-0.03577525810295671,0.5969568402225809,34.20310749621931
95.6187572479248,-0.32224953788912675,-0.03405679360684235,0.5919781658667631,33.917850468060934
95.6520586013794,-0.31841210002389264,-0.03147543993748877,0.5839599831723814,33.458442440308026
95.71874332427979,-0.3161957784243539,-0.030029230224777777,0.5787199877856994,33.15821281998313
95.75207042694092,-0.31249267075924564,-0.02760923859313099,0.5702256043366467,32.67152049878663
95.81882882118225,-0.3100269016741632,-0.0260278833098974,0.5648607723650607,32.3641382690179
95.85201478004456,-0.3059355476384473,-0.02341634537971663,0.5562566150262761,31.87115636723903
95.91873550415039,-0.3032271607163359,-0.021725880948181196,0.5506379462939793,31.549230362396305
95.95207953453064,-0.2995165053454312,-0.019460719354026122,0.5420697836866676,31.058310806815534
96.01878094673157,-0.2966665182558107,-0.017728962907918443,0.5368242334253672,30.757762915619278
96.05199670791626,-0.29232007184422365,-0.015125857719096622,0.5294558900079562,30.335587935798625
96.11878228187561,-0.29014458372068364,-0.01388263137222976,0.524964817565718,30.078268439370863
96.15198850631714,-0.2861497049257095,-0.011566807478458618,0.5179005766478478,29.67351724931328
96.2188138961792,-0.2835080572902296,-0.010059810015469964,0.5126061974204332,29.37017166444069
96.25207805633545,-0.2796072281501832,-0.00786848098766393,0.5047527450948341,28.92020199157666
96.31883835792542,-0.27681913699161603,-0.006319565681728461,0.49991394353475904,28.64295908428304
96.3520154953003,-0.2727612541843471,-0.004103678725685414,0.49211923839952076,28.196355377484938
96.41881823539734,-0.2699508266838789,-0.002590867212787968,0.485954200794279,27.84312474216514
96.45208287239075,-0.2659723152046369,-0.0004964216933339705,0.4772298542841362,27.343256508124274
96.51876258850098,-0.2630208584720763,0.0010420004834837682,0.4715684640884503,27.01888274373473
96.55199432373047,-0.2588747725590354,0.003153143186863182,0.46284878726219725,26.5192820628724
96.61874389648438,-0.2559011021704116,0.004646717938206906,0.4569580439049111,26.18176733030518
96.65204739570618,-0.25145095197414385,0.0068410254295942705,0.44852285852651486,25.69846680871261
96.71879696846008,-0.24857978514694284,0.008221116326526001,0.44277333345704173,25.36904328802714
96.75184798240662,-0.2444837184938118,0.010151111756192977,0.4339930278746027,24.865968835318228
96.81879353523254,-0.2416942325645194,0.011441175043719125,0.42837790531824693,24.54424601139033
96.8519995212555,-0.23748588185044342,0.013360728610456687,0.4197388659885045,24.049265518748562
96.91877603530884,-0.23516764479381397,0.014371452639147613,0.41344512254938814,23.688660582349044
96.95204734802246,-0.23100957381426343,0.016202862448125212,0.40463943503573085,23.184131852105434
97.01884388923645,-0.22781024527967425,0.01759412355397843,0.3996481238550832,22.898150787217862
97.05205869674683,-0.2235472061017156,0.01939273492682366,0.39143419358870224,22.427527249739466
97.11880326271057,-0.2207106327370319,0.020561858626454453,0.3859489577300023,22.113246385402142
97.15235495567322,-0.21682436881489725,0.02212387490861052,0.3774641202559206,21.627101008282818
97.21880197525024,-0.21383840715052355,0.023317987931044018,0.3719990121780086,21.31397338083561
97.25202822685242,-0.20942900699166522,0.025045601198809872,0.3635475024688862,20.829737543989054
97.3188009262085,-0.2066878786086644,0.026082648872950944,0.3580790529253352,20.516418464663342
97.35206246376038,-0.2025190182366697,0.027638886736195866,0.35035510847126083,20.073869046251403
97.41882467269897,-0.19950586016224503,0.02874815330041542,0.3455911961242966,19.80091697480009
97.45205974578857,-0.1949049984236243,0.030414858439030773,0.3381158301838076,19.372610056094224
97.51881194114685,-0.19187797514005728,0.03148129262362004,0.33233091166194045,19.04115863996418
97.552072763443,-0.18735089463264362,0.033044788284895016,0.3237305590992312,18.548394735796418
97.61879062652588,-0.1846946601738495,0.03392170631228139,0.3182720207521679,18.23564352619937
97.65201091766357,-0.18045278488089964,0.035313971526239274,0.31131267516678296,17.836902395983817
97.71893453598022,-0.17752762206998662,0.03625712022901888,0.30626151792184414,17.547492404191892
97.7520215511322,-0.17341907283169314,0.03754765038936843,0.2988485219444775,17.122759021141327
97.81880211830139,-0.17035321722448812,0.03850180856469777,0.29435175234374533,16.865113101576647
97.85204887390137,-0.16555185183309756,0.039973517103959695,0.2878531841444704,16.492772570880263
97.91880512237549,-0.16234858382896952,0.04092776970133358,0.28305653057068497,16.217944565316014
97.95186853408813,-0.15799660207086552,0.0421831591645422,0.27589083881672144,15.807380670522205
98.01880311965942,-0.1547818328396478,0.04310044330159969,0.2712194529454126,15.539729975619167
98.05204820632935,-0.15056684662261222,0.04425839307173339,0.2639673767747275,15.124216618331513
98.11879014968872,-0.14773018534812543,0.04501974605990239,0.25894080220531185,14.836215110096209
98.15201020240784,-0.14274249599929906,0.046361973485468236,0.25059987363578173,14.358315105842042
98.21878719329834,-0.13950389178817563,0.047195096412827396,0.2452236518623212,14.050280288496415
98.25205516815186,-0.13454626601528397,0.04844378366182129,0.23676798127311738,13.565806050782138
98.31877493858337,-0.13130432707022935,0.04922559282315804,0.2310441424314575,13.237854242541976
98.35202312469482,-0.1267128170625357,0.05029550370174475,0.22138846482105962,12.684624667127213
98.41877484321594,-0.12358275955718064,0.05099789786852272,0.21488709302588,12.31212350221803
98.45198488235474,-0.11873542878804147,0.052059659128328814,0.2051990485451069,11.75703944173472
98.51877236366272,-0.11560079662038984,0.05270949119195955,0.1993317696691772,11.420869124917688
98.55200743675232,-0.11086420457030073,0.053663560337075436,0.19084819230087863,10.934795946541477
98.61879301071167,-0.10798625929699558,0.05420781391374543,0.18457074454309508,10.575124683906617
98.65208172798157,-0.10356032373749371,0.055025693688618295,0.17580367729428975,10.072808731842702
98.7187967300415,-0.10040484430341373,0.05559131061145273,0.1699985948698423,9.740202009196294
98.75201225280762,-0.09570211933894711,0.05640168416623489,0.16130000076310358,9.241809279182792
98.81878781318665,-0.09253937474914686,0.056918663301025546,0.15506945437289898,8.884825266963599
98.85209083557129,-0.08780703290577911,0.057659960750386714,0.1457859199090606,8.352917923221414
98.91880583763123,-0.08490236099668139,0.05807705330939843,0.13972618264863576,8.005720553240904
98.95201969146729,-0.08004042640389811,0.05877014278541113,0.1311193353160154,7.512584526168327
99.01880669593811,-0.07672781689310373,0.05921311401459404,0.12531905566551416,7.180252982198989
99.05201816558838,-0.07166324779675265,0.059860417503488014,0.11634637503632073,6.6661562512274175
99.11877799034119,-0.06808031561550006,0.060290411488816587,0.11002988626812327,6.304248103467915
99.1520299911499,-0.06307784091143721,0.06084064496503762,0.10045528089638325,5.755663625163925
99.21876096725464,-0.05989142087609415,0.06115382573733776,0.09461616740874534,5.421107066224359
99.25217723846436,-0.05477155181680513,0.06164532672668636,0.0855882256235847,4.903844104244852
99.31879711151123,-0.05185133492449417,0.06187761364965678,0.08017185133902416,4.593508717476342
99.35217952728271,-0.04732064159209895,0.06222943823839938,0.07189600799414819,4.119337821903519
99.41878032684326,-0.0442626084430194,0.06244690207215242,0.06690303880132387,3.833261759915844
99.45215153694153,-0.04021147430031039,0.06269586196575527,0.05989316605680142,3.4316256367309204
99.51876187324524,-0.03700471173868218,0.0628988457331015,0.05534036052763236,3.1707690949657077
99.5521342754364,-0.03214206320710333,0.06318028264622415,0.04901196937329064,2.808178990714004
99.61878275871277,-0.02907580077112647,0.0633293109573203,0.04478721103720007,2.5661181685933023
99.65200018882751,-0.02445639008488424,0.06353489627631026,0.038339466487875534,2.1966896185385254
99.71879696846008,-0.0215231865277416,0.06364216842701455,0.033197809570828074,1.9020943774874595
99.75218510627747,-0.01678676605145615,0.0638059353367767,0.025961883774014538,1.4875063684602066
