time_s,x_m,y_m,yaw_rad,yaw_deg
0.013917684555053711,0.0,0.0,0.0,0.0
0.053923845291137695,0.0,0.0,0.0,0.0
0.11390924453735352,0.0001669444778052384,1.4075997591470046e-07,0.0016863084560331254,0.09661835748792023
0.15386056900024414,0.0011685988830195872,5.208098085588081e-06,0.008431542280166182,0.48309178743963294
0.2138209342956543,0.0038396165320320978,2.772943001495506e-05,0.008431542280166182,0.48309178743963294
0.25391340255737305,0.006510592405450391,5.47548874345518e-05,0.011804159192232544,0.6763285024154798
0.31415557861328125,0.009181461941974093,9.078835247901523e-05,0.015176776104299017,0.869565217391333
0.35387730598449707,0.011518283377652656,0.00013413994395152472,0.021922009928431962,1.2560386473430394
0.41385340690612793,0.014188541504413755,0.00020169753564147457,0.02866724375256502,1.6425120772947521
0.45391321182250977,0.01652456548557315,0.0002765690401076229,0.035412477576697854,2.028985507246452
0.5137946605682373,0.019193669276391857,0.0003801424226224457,0.0421577114008308,2.4154589371981583
0.5538694858551025,0.02219600098690503,0.0005067888937300979,0.0421577114008308,2.4154589371981583
0.6141347885131836,0.02453043033114162,0.0006210404560705648,0.05564817904909625,3.1884057971015456
0.653944730758667,0.027363113263069838,0.0007956133315141986,0.06745233824132835,3.864734299517
0.7139632701873779,0.030193538208698387,0.0010036107085225447,0.07925649743356067,4.541062801932467
0.7538924217224121,0.03368716691548213,0.0012959110169067922,0.08768803971372663,5.024154589372087
0.8142123222351074,0.03717820692717953,0.0016176572645430591,0.09611958199389259,5.5072463768117075
0.8541340827941895,0.04066641006406776,0.001968826578334082,0.10455112427405844,5.990338164251321
0.9138853549957275,0.044151528348096214,0.002349393993483384,0.11298266655422451,6.473429951690948
0.9539651870727539,0.04730171538505057,0.002720290697004416,0.12141420883439047,6.956521739130568
1.0139110088348389,0.05044798856617666,0.003123040994591767,0.13321836802662257,7.632850241546023
1.0538921356201172,0.05375422854585483,0.0035888398676111218,0.1467088356748878,8.405797101449398
1.1140844821929932,0.057220211186574804,0.004115950240654764,0.15514037795505387,8.888888888889024
1.1538629531860352,0.06068068328783921,0.0046781013302333065,0.1669445371472862,9.565217391304492
1.2138087749481201,0.06396933646342427,0.005255120986778321,0.18043500479555186,10.33816425120789
1.2538893222808838,0.06675737458731892,0.005785603504296858,0.1956117808998502,11.207729468599185
1.3138763904571533,0.06986406049002393,0.006425717114846366,0.21078855700414867,12.077294685990486
1.3539047241210938,0.07312426252935258,0.007146323842598563,0.22427902465241412,12.850241545893875
1.4138753414154053,0.07670087837179443,0.007981267374533488,0.2343968753886131,13.429951690821408
1.4538483619689941,0.07994316117932815,0.00877863403379215,0.24788734303687865,14.202898550724802
1.5141329765319824,0.08333817686783417,0.009653133596937813,0.2563188853170445,14.685990338164416
1.5538434982299805,0.08623847777597662,0.010439447574191109,0.2731819698773764,15.652173913043656
1.6138520240783691,0.08928621773821263,0.011318380936322203,0.2883587459816749,16.521739130434955
1.6541681289672852,0.09264136095853556,0.01233518720216957,0.3001629051739073,17.19806763285043
1.7139003276824951,0.09598604472730603,0.013385887681882931,0.3085944474540733,17.68115942029005
1.753817081451416,0.09852404708132084,0.014218586032275438,0.32545753201440475,18.647342995169264
1.813859462738037,0.10120615566216777,0.015146412439652479,0.3406343081187032,19.516908212560566
1.8541650772094727,0.10466165668003699,0.016390930137973714,0.3507521588549022,20.0966183574881
1.9138069152832031,0.10763212123506088,0.017503397243026735,0.36592893495920065,20.966183574879402
1.953902244567871,0.11042900151019457,0.01860225836035021,0.3827920195195325,21.93236714975864
2.013864517211914,0.1130535356151808,0.019682253273970045,0.397968795623831,22.80193236714994
2.053934335708618,0.11596818215243196,0.020933683773585225,0.41314557172812955,23.67149758454125
2.113893747329712,0.11871214972357146,0.022158704996719146,0.42663603937639494,24.44444444444463
2.1538784503936768,0.12204798087169946,0.023695435987201467,0.4367538901125939,25.024154589372166
2.2138047218322754,0.1249142059924919,0.02505411044762778,0.44855804930482585,25.70048309178761
2.253870964050293,0.12791542789130317,0.02651727773383529,0.4586759000410249,26.28019323671515
2.313840866088867,0.13089916964167272,0.02801576916204851,0.47216636768929027,27.05314009661853
2.353869676589966,0.13356609959877197,0.02940051449333514,0.48565683533755577,27.826086956521923
2.413877487182617,0.1366596234294375,0.031050057254299476,0.49408837761772173,28.309178743961542
2.453906297683716,0.13900267692626556,0.032332610490126604,0.5075788452659872,29.08212560386493
2.5138561725616455,0.14147238359297917,0.033730865567738647,0.5227556213702858,29.95169082125624
2.553896427154541,0.14464844896701334,0.03557529510713231,0.5295008551944183,30.338164251207917
2.613835334777832,0.1467978704950549,0.03686014714279165,0.5480502482107832,31.400966183575072
2.653933048248291,0.14992627068906825,0.038784315485744396,0.5547954820349157,31.787439613526754
2.714043140411377,0.1521871957442549,0.040206658758852744,0.5682859496831811,32.56038647343014
2.753831386566162,0.154285180190526,0.04157388914249329,0.5868353426995461,33.62318840579729
2.8137645721435547,0.15635744387055267,0.04297979842092866,0.605384735715911,34.68599033816445
2.853806257247925,0.1582657480118465,0.04432923870751122,0.625620437188309,35.845410628019515
2.913743019104004,0.1605535992065228,0.04600861513723106,0.6407972132926074,36.71497584541082
2.953840494155884,0.16335863430756098,0.048111627047109605,0.6458561386607069,37.004830917874585
3.0137763023376465,0.1661494203973452,0.05023351158972988,0.6542876809408729,37.487922705314205
3.0537524223327637,0.16892221674070604,0.0523788510615597,0.6627192232210388,37.971014492753824
3.113719940185547,0.17114620517197435,0.05414192897794974,0.6778959993253373,38.84057971014513
3.1537909507751465,0.17373622041970568,0.05624906267324445,0.6880138500615363,39.42028985507266
3.2138564586639404,0.1761780634710082,0.05827357378590389,0.6964453923417022,39.90338164251228
3.253819227218628,0.17821262668616228,0.060004294738360005,0.7133084769020337,40.8695652173915
3.313817024230957,0.18085404883279602,0.062309456349705195,0.7217400191821997,41.352657004831116
3.3538496494293213,0.18272121187606943,0.06397815639122834,0.7369167952864981,42.22222222222242
3.4137914180755615,0.18505755609702723,0.06612355575117856,0.7487209544787301,42.898550724637865
3.4538450241088867,0.18724505304316186,0.06818386935333867,0.7622114221269956,43.67149758454126
3.513772964477539,0.18964841397875032,0.07050163716021995,0.7723292728631945,44.25120772946879
3.5537705421447754,0.19166619155281162,0.0724974181961289,0.787506048967493,45.120772946860086
3.613807201385498,0.1941294656474687,0.0749920447705354,0.795937591247659,45.60386473429971
3.653911590576172,0.1962209212851798,0.07714978626202176,0.8060554419838579,46.183574879227244
3.7138710021972656,0.1986375004551813,0.0796896732922374,0.8144869842640239,46.66666666666686
3.753995418548584,0.20057287575067015,0.08176546007013456,0.8262911434562559,47.342995169082315
3.8139333724975586,0.20248007245174693,0.08386716628773042,0.8414679195605543,48.21256038647361
3.8538827896118164,0.20402277711134112,0.08562292142897268,0.8583310041208858,49.17874396135283
3.9138336181640625,0.20553265004713833,0.08740698911279993,0.8785667055932838,50.3381642512079
3.954087257385254,0.20700917175698477,0.08921875549483774,0.8954297901536152,51.30434782608711
4.013806104660034,0.2090833810703857,0.09183521247279974,0.9055476408898142,51.88405797101465
4.053799152374268,0.21124039091815347,0.09459893994268069,0.9106065662579137,52.173913043478414
4.113826274871826,0.21338339173272897,0.09737354415227004,0.9156654916260132,52.46376811594218
4.1538777351379395,0.21509920232009833,0.09963419943557836,0.9274696508182452,53.140096618357624
4.213847637176514,0.21688959768838167,0.10204760355711007,0.9375875015544441,53.71980676328516
4.2538487911224365,0.21855544186657172,0.10434532665959032,0.9493916607466761,54.39613526570061
4.313784837722778,0.2201940479288508,0.10666255311687486,0.9611958199389081,55.07246376811606
4.353789329528809,0.22199913425457385,0.10927079123659544,0.9696273622190741,55.55555555555568
4.4137327671051025,0.22359051733439816,0.1116206993571246,0.9814315214113061,56.23188405797112
4.453876733779907,0.22534245817012113,0.1142649281748715,0.989863063691472,56.71497584541075
4.5138397216796875,0.22679328155510822,0.11650768406825465,1.0033535313397375,57.48792270531413
4.553734540939331,0.22830452128278522,0.11890991693939211,1.0151576905319695,58.16425120772958
4.613714933395386,0.23023659663326596,0.12203344001854394,1.018530307444036,58.35748792270543
4.6538801193237305,0.23162253908383373,0.12431685982564086,1.0320207750923014,59.13043478260882
4.713855028152466,0.2333259998394443,0.12718851663790526,1.038766008916434,59.5169082125605
4.753901243209839,0.234751240847158,0.129642748972386,1.0505701681086659,60.19323671497595
4.813850164413452,0.2363163232915919,0.13240169073955071,1.0590017103888318,60.67632850241557
4.853882312774658,0.23785808824625326,0.13517373034191182,1.0674332526689978,61.15942028985519
4.91379189491272,0.23929428852810605,0.13781330678122966,1.0775511034051968,61.73913043478272
4.953866958618164,0.2406232939169677,0.14032095766563463,1.0893552625974288,62.415458937198174
5.0138022899627686,0.24215940081260065,0.14328550940215667,1.0961004964215615,62.80193236714987
5.0540852546691895,0.24321362453544207,0.14537146868386136,1.109590964069827,63.57487922705325
5.1138317584991455,0.24445731672871815,0.14792250729785072,1.1247677401741256,64.44444444444457
5.153825998306274,0.2458135740366547,0.150789876971811,1.1331992824542914,64.92753623188418
5.213801860809326,0.24707320017996662,0.15351813227652106,1.1433171331904903,65.50724637681171
5.253885507583618,0.24823453313181854,0.15610770252206801,1.1551212923827223,66.18357487922715
5.313756227493286,0.24943405256557916,0.15886291361318725,1.1652391431189213,66.7632850241547
5.353801965713501,0.2504671568543195,0.16132615091810115,1.1821022276792528,67.72946859903391
5.413775205612183,0.25178211012848906,0.1645760399774228,1.1905337699594187,68.21256038647353
5.453899383544922,0.25281992340596116,0.16721753801504838,1.2023379291516507,68.88888888888897
5.513858079910278,0.2539449033868929,0.17018328628066035,1.2141420883438827,69.56521739130443
5.5538105964660645,0.2550948038831905,0.1733179186740904,1.2242599390800817,70.14492753623196
5.613821506500244,0.25610111767656135,0.17614941431736275,1.2343777898162807,70.72463768115949
5.653886795043945,0.2571873555917847,0.17930667239754247,1.2444956405524796,71.30434782608702
5.713834285736084,0.258246934656838,0.18247297680461244,1.2512408743766121,71.6908212560387
5.753829479217529,0.25933985124172854,0.18580410489425606,1.2562997997447116,71.98067632850247
5.813870668411255,0.26041027389637833,0.18914252912606933,1.2647313420248776,72.46376811594209
5.85381293296814,0.2614055680106258,0.19232962514273916,1.27147657584901,72.85024154589378
5.913813352584839,0.2621257939481031,0.194727985469657,1.2866533519533085,73.71980676328508
5.953854084014893,0.26300215728328225,0.1977764654248532,1.2950848942334745,74.2028985507247
6.01379132270813,0.2636614936656878,0.2001922744391556,1.3136342872498394,75.26570048309185
6.053825616836548,0.26449980162827497,0.2034242136640159,1.3203795210739724,75.65217391304355
6.113804340362549,0.2653162904997257,0.2066617339058247,1.3271247548981053,76.03864734299526
6.153815984725952,0.26606859363698915,0.20974317556877176,1.3355562971782713,76.52173913043488
6.214112758636475,0.26674926167068336,0.21267007257011994,1.3490467648265365,77.29468599033825
6.25386905670166,0.26739533352760536,0.21560480018683126,1.3591646155627357,77.8743961352658
6.313854694366455,0.26808567231131686,0.21887154531876862,1.3659098493868687,78.2608695652175
6.353839874267578,0.2687179256364031,0.22197984042467397,1.3743413916670346,78.74396135265712
6.413822889328003,0.2693239490768086,0.22509335585295748,1.3827729339472006,79.22705314009676
6.453882932662964,0.2698426731844301,0.22788360558763132,1.3912044762273665,79.71014492753638
6.513763189315796,0.270396109475731,0.2310068972813332,1.3996360185075325,80.193236714976
6.553837776184082,0.2709845035331657,0.23446300397012654,1.404694943875632,80.48309178743976
6.613800287246704,0.2713514882450773,0.23677123619500243,1.421558028435964,81.449275362319
6.6538989543914795,0.27175215576132916,0.23958086852381363,1.4367348045402624,82.3188405797103
6.713918685913086,0.27209131390666647,0.24223036172897183,1.4502252721885278,83.09178743961368
6.75382924079895,0.2724376566355998,0.24521533773267956,1.4603431229247268,83.67149758454123
6.814081192016602,0.2728152854236074,0.24870077565489385,1.4654020482928263,83.961352657005
6.853858709335327,0.2731356709167017,0.25185649995658654,1.4738335905729922,84.44444444444461
6.913831472396851,0.27337632525778305,0.2545167495651476,1.4873240582212577,85.217391304348
6.953896760940552,0.2736434833502307,0.2578449349486516,1.4940692920453902,85.60386473429968
7.013857364654541,0.273882570543191,0.2611752545590623,1.5041871427815892,86.18357487922721
7.05387020111084,0.2740547549682744,0.26400808367594136,1.5159913019738216,86.85990338164268
7.113857746124268,0.2742497565847657,0.2676756831572772,1.519363918885888,87.05314009661853
7.153919458389282,0.27437892961742294,0.27051079913538345,1.53116807807812,87.72946859903398
7.213881015777588,0.27447462826766345,0.273347242339472,1.5429722372703525,88.40579710144947
7.25383448600769,0.27454303171520533,0.27635146536663857,1.5530900880065515,88.985507246377
7.313827037811279,0.2745683680815371,0.27885550524796815,1.56826686411085,89.8550724637683
7.353809833526611,0.2745607670500559,0.2818604973033513,1.578384714847049,90.43478260869583
7.413835525512695,0.27452276286529986,0.28486525864338114,1.5885025655832479,91.01449275362336
7.453913927078247,0.2744543594177591,0.28786948167054777,1.5986204163194468,91.59420289855089
7.514182806015015,0.2743527480902683,0.2910397999306922,1.6070519585996128,92.07729468599052
7.553868770599365,0.2742576248181626,0.2932079932861815,1.6222287347039115,92.94685990338184
7.613934516906738,0.2741023134333627,0.2958745867807892,1.635719202352177,93.71980676328522
7.653901815414429,0.2738660159264967,0.29937244962821313,1.6407781277202762,94.00966183574897
7.713892221450806,0.27362554727903865,0.30253526760623006,1.6525822869125086,94.68599033816444
7.753844976425171,0.2733193279083503,0.3061952595847652,1.655954903824575,94.8792270531403
7.813868999481201,0.27308740675258825,0.3086886649341328,1.6711316799288738,95.74879227053161
7.853912115097046,0.27280640766369074,0.3113449559580543,1.6812495306650732,96.32850241545917
7.913868427276611,0.2723580428667267,0.315326458766697,1.6846221475771392,96.521739130435
7.953901767730713,0.27200163494606816,0.31831024971491884,1.6947399983133382,97.10144927536254
8.013858795166016,0.2716341599207193,0.32112441573479455,1.7065441575055706,97.77777777777801
8.05382227897644,0.27114507110404884,0.32459596771345606,1.714975699785736,98.26086956521759
8.113869667053223,0.27069827260931445,0.32756756764172684,1.725093550521935,98.84057971014512
8.153900384902954,0.2702214312924272,0.33053449490526154,1.735211401258134,99.42028985507265
8.213828086853027,0.2696582809315614,0.3338255514323339,1.7453292519943329,100.00000000000018
8.253870964050293,0.26914897019966627,0.3366175347524953,1.7571334111865653,100.67632850241567
8.313817739486694,0.2685773299402516,0.3395676639771924,1.7672512619227643,101.2560386473432
8.353836059570312,0.2679758704823787,0.34251185852734195,1.7773691126589632,101.83574879227073
8.413812398910522,0.2673446533974712,0.3454498170056588,1.7874869633951622,102.41545893719827
8.45389986038208,0.2666837433032409,0.3483812386532461,1.7976048141313612,102.9951690821258
8.51401138305664,0.26585181570650307,0.35195855721044933,1.8009774310434272,103.18840579710162
8.553784370422363,0.2651464939039012,0.35487961116123007,1.8144678986916931,103.96135265700504
8.61386251449585,0.26444551978216313,0.35762973907867956,1.8262720578839255,104.63768115942051
8.65386438369751,0.2637121323022321,0.360371401181485,1.8380762170761578,105.31400966183598
8.713834047317505,0.2627301769820003,0.3639104794986455,1.8448214509002907,105.70048309178769
8.753872156143188,0.2618158090624759,0.36712172889741107,1.8515666847244239,106.0869565217394
8.813802480697632,0.26091890310951027,0.3701642282719404,1.863370843916656,106.76328502415487
8.85404658317566,0.26017444819903235,0.37255517882454814,1.8819202369330208,107.826086956522
8.913905382156372,0.2591907026390793,0.37557071980516016,1.8903517792131863,108.3091787439616
8.953882217407227,0.2581764971591943,0.37857615321434557,1.9021559384054187,108.98550724637707
9.013856887817383,0.25712688654672233,0.3815694056752432,1.9139600975976512,109.66183574879254
9.053877830505371,0.25598756448439713,0.38470789840769115,1.9240779483338502,110.24154589372009
9.113840341567993,0.25492890429870574,0.3875202414948398,1.9375684159821163,111.0144927536235
9.153937339782715,0.25389109102123375,0.39016173953246586,1.9527451920864147,111.88405797101481
9.21381664276123,0.25233219686439956,0.39403328935906723,1.9544315005424482,111.98067632850274
9.253849267959595,0.2511325672592381,0.3969696359910064,1.9628630428226135,112.46376811594233
9.313877820968628,0.24990329004710013,0.3998936948598046,1.974667202014846,113.1400966183578
9.353885412216187,0.24883292216992586,0.4023409698952761,1.9915302865751778,114.10628019323704
9.41388726234436,0.24752520809822504,0.405230801488839,1.9999618288553436,114.58937198067665
9.453871011734009,0.24612051362026702,0.4082598318315261,2.0100796795915423,115.16908212560418
9.513842821121216,0.24469032997771373,0.4112769109060451,2.0168249134156753,115.55555555555587
9.553819179534912,0.2430947779352295,0.4145850108539996,2.023570147239808,115.94202898550758
9.613840103149414,0.2416951610637668,0.41743146748384696,2.0320016895199737,116.42512077294718
9.653872966766357,0.24019415441402545,0.42041394471439864,2.0421195402561727,117.00483091787471
9.713916063308716,0.2386680545330102,0.4233836602809972,2.0488647740803057,117.39130434782642
9.753884077072144,0.2372720783740135,0.42604472878671196,2.0589826248165046,117.97101449275395
9.813918590545654,0.23600337628464813,0.42839531116139506,2.0724730924647696,118.74396135265731
9.853837251663208,0.23446161132998639,0.4311673507637558,2.084277251657002,119.42028985507278
9.913871049880981,0.23289187868618655,0.4339236493976981,2.0927087939371676,119.90338164251239
9.95388412475586,0.2312989622658012,0.43666661494800063,2.101140336217333,120.38647342995198
10.013838052749634,0.22984896307630803,0.4391063015328204,2.1129444954095655,121.06280193236745
10.053843021392822,0.2279485894202119,0.4422492128508736,2.1163171123216316,121.25603864734327
10.113865613937378,0.22629136609854023,0.4449538114522544,2.124748654601797,121.73913043478288
10.153878927230835,0.2246933750818993,0.44749870039665474,2.138239122250062,122.51207729468624
10.21380615234375,0.22306545581793596,0.4500245495407282,2.148356972986261,123.09178743961377
10.253843307495117,0.22168234463183914,0.45211209860737017,2.1635337490905595,123.96135265700507
10.313822269439697,0.22007909395679098,0.4544539260037934,2.178710525194858,124.83091787439638
10.353852272033691,0.21825645565240598,0.4570499291516853,2.1871420674750235,125.31400966183597
10.413846492767334,0.21669773308406223,0.4592190825456781,2.2006325351232894,126.08695652173938
10.453849792480469,0.21472199610792136,0.4619106721864737,2.2073777689474223,126.47342995169109
10.513808250427246,0.21291941447088264,0.4643149879873632,2.2208682365956873,127.24637681159444
10.55385136604309,0.21079047753461477,0.46710039792712765,2.225927161963787,127.53623188405821
10.613869428634644,0.208843116609096,0.46960420066661074,2.2377313211560192,128.21256038647368
10.653885841369629,0.2069683969826667,0.471952702604204,2.2512217888042843,128.98550724637704
10.713796138763428,0.20527396990286012,0.474017589856078,2.26471225645255,129.75845410628045
10.753843069076538,0.20291552560713222,0.4768330919587016,2.271457490276683,130.14492753623216
10.813776731491089,0.20128655101461637,0.47873501189278955,2.2866342663809816,131.01449275362347
10.85384488105774,0.19886695687877143,0.48149813979495304,2.2933795002051145,131.40096618357518
10.913964748382568,0.19686451682894368,0.4837387354468806,2.3068699678533795,132.17391304347854
10.953898668289185,0.19472108812986047,0.4860768877397015,2.318674127045612,132.85024154589402
11.01386022567749,0.19243800610204115,0.4885132226607605,2.328791977781811,133.42995169082155
11.053867101669312,0.19058541363857945,0.490437474114198,2.345655062342143,134.3961352657008
11.113871574401855,0.18823743594927464,0.4928113300836826,2.355772913078342,134.97584541062832
11.153817892074585,0.1860991845997831,0.49492270787910275,2.369263380726607,135.74879227053168
11.213887929916382,0.18429227263882125,0.4966564687692152,2.3844401568309053,136.618357487923
11.25396203994751,0.18161442266730238,0.4991701177335628,2.391185390655038,137.0048309178747
11.313903093338013,0.1796484988877929,0.500978428045675,2.404675858303304,137.7777777777781
11.3538658618927,0.17728699338844778,0.5030961000006875,2.4164800174955365,138.45410628019357
11.413815259933472,0.1749041828396183,0.5051897706101358,2.424911559775702,138.93719806763318
11.453878402709961,0.1723756292122629,0.5073702769611727,2.4350294105119006,139.51690821256068
11.513840198516846,0.1699509425056547,0.5094153043710824,2.4468335697041335,140.19323671497617
11.553819417953491,0.16725206334368783,0.511652921916654,2.451892495072233,140.48309178743995
11.613897562026978,0.16403014617084202,0.5143059011445025,2.4535788035282664,140.57971014492787
11.653879165649414,0.16131249659778632,0.5165206837092726,2.462010345808432,141.06280193236748
11.713854551315308,0.1589655761725717,0.5183973828184272,2.472128196544631,141.642512077295
11.753854274749756,0.15646670721451736,0.5203510707830095,2.4839323557368633,142.3188405797105
11.813841342926025,0.15394495124017216,0.52227512627554,2.495736514929096,142.99516908212598
11.85384464263916,0.151139916139135,0.524378138185418,2.5007954402971952,143.28502415458973
11.913761854171753,0.14818835599778493,0.5265639113479227,2.507540674121328,143.67149758454144
11.9539315700531,0.14562188324927813,0.5284279017887905,2.5193448333135606,144.3478260869569
12.013855457305908,0.14276455622740453,0.5304592962116466,2.527776375593726,144.8309178743965
12.053897619247437,0.13989359208040536,0.5324713712295798,2.5328353009618256,145.12077294686026
12.11383056640625,0.13741687626441312,0.5341731096922716,2.5463257686100915,145.89371980676367
12.153815031051636,0.1346459799452503,0.5360359905209299,2.5530710024342245,146.28019323671538
12.213836193084717,0.13213533767781685,0.5376872659169707,2.5665614700824895,147.05314009661876
12.253797054290771,0.12946626968979377,0.5394011267070555,2.574993012362655,147.53623188405834
12.313821077346802,0.12692003429726342,0.540996971422063,2.5884834800109213,148.30917874396178
12.353835821151733,0.12421125246805437,0.5426473482681865,2.6002876392031533,148.98550724637724
12.413820028305054,0.12162805490765718,0.5441826415276495,2.6104054899393523,149.56521739130477
12.453875064849854,0.11931367828702588,0.5455162469226625,2.627268574499684,150.531400966184
12.513771295547485,0.11654293961548495,0.5470603485859311,2.6390727336919166,151.20772946859947
12.55379843711853,0.1138997388092621,0.5484898675702672,2.6525632013401816,151.98067632850285
12.613792181015015,0.11094430487952392,0.5500434446299196,2.6626810520763806,152.56038647343038
12.653910398483276,0.1081206343023117,0.551488479994145,2.674485211268613,153.23671497584584
12.713802814483643,0.10528010341401137,0.5529000844022878,2.686289370460846,153.91304347826136
12.753819465637207,0.10257237644898465,0.5542032535054597,2.6997798381091114,154.68599033816474
12.813921213150024,0.09999770065770044,0.5553972438117241,2.71495661421341,155.55555555555603
12.853815793991089,0.0971023817372797,0.5566927634300747,2.7267607734056423,156.2318840579715
12.913849592208862,0.09389033325322338,0.5580976212688663,2.7318196987737418,156.52173913043526
12.954103469848633,0.09112609915767475,0.5592761987561792,2.7453101664220076,157.29468599033868
13.013734102249146,0.08834621751434749,0.5604173793193195,2.7588006340702735,158.0676328502421
13.053752422332764,0.08570559545220252,0.5614574194178714,2.7739774101745724,158.93719806763343
13.11371636390686,0.08227377262572502,0.5627658167862564,2.7807226439987054,159.32367149758514
13.153805017471313,0.07914401579070232,0.56392892191777,2.790840494734904,159.90338164251264
13.213837623596191,0.07631507463611154,0.5649423946467853,2.80433096238317,160.67632850241606
13.253782987594604,0.07331567945994122,0.5659743206662471,2.8161351215754022,161.35265700483154
13.313789129257202,0.0707790849001084,0.5668112976854969,2.829625589223668,162.12560386473493
13.354193210601807,0.06712172831639254,0.5679805820552007,2.8346845145917676,162.4154589371987
13.41383957862854,0.06393379424624973,0.5689731886025027,2.8448023653279666,162.99516908212624
13.453914165496826,0.06073598047702683,0.5699334898524724,2.8549202160641656,163.57487922705377
13.513829946517944,0.05768824051478999,0.5708124232146037,2.866724375256397,164.2512077294692
13.553910970687866,0.055433485434775276,0.5714278038381821,2.883587459816728,165.21739130434838
13.61382007598877,0.05236180457374556,0.5722190177286468,2.8953916190089606,165.89371980676387
13.65383529663086,0.04944254405095394,0.5729317259639493,2.9088820866572265,166.66666666666728
13.71382474899292,0.046189799752030025,0.5736852814822365,2.9189999373934254,167.2463768115948
13.753873586654663,0.043418112558468724,0.5742954604582182,2.930804096585658,167.92270531401027
13.813914060592651,0.040475448794692004,0.574904365214276,2.9442945642339238,168.6956521739137
13.853830814361572,0.03752483863778727,0.5754735178568651,2.9577850318821897,169.4685990338171
13.913788795471191,0.03489469826414271,0.5759395694705922,2.9746481164425207,170.4347826086963
13.953903675079346,0.031763794934426604,0.5764481823611631,2.986452275634753,171.11111111111177
14.013867616653442,0.02813417391256995,0.5770095760052505,2.98982489254682,171.30434782608765
14.053921699523926,0.024831151045044075,0.5774976654744401,2.999942743283019,171.88405797101518
14.113904476165771,0.021853452351799585,0.5779018257407247,3.013433210931285,172.6570048309186
14.153851509094238,0.019201461791079344,0.5782208689315045,3.030296295491616,173.62318840579778
14.214221715927124,0.016212868910146505,0.5785344731735622,3.043786763139882,174.3961352657012
14.253920078277588,0.01305430889956194,0.5788255769214237,3.0555909223321143,175.07246376811668
14.313823223114014,0.00989253278523372,0.5790793771092493,3.0673950815243467,175.74879227053214
14.354203939437866,0.006728350637858926,0.5793011744733343,3.075826623804512,176.23188405797174
14.41382884979248,0.003395610500354196,0.5795037443851967,3.085944474540711,176.81159420289927
14.453911066055298,6.099141204052305e-05,0.579672584336586,3.09606232527691,177.3913043478268
14.514081954956055,-0.0029415495946173986,0.5797941677726739,3.106180176013109,177.97101449275434
14.553940773010254,-0.005778371035492058,0.5798779078125224,3.1179843352053416,178.64734299516982
14.613852500915527,-0.009116578191240066,0.579945467997827,3.1247295690294736,179.03381642512147
14.653906345367432,-0.012288333854381328,0.5799802350197523,3.136533728221706,179.71014492753693
14.713829755783081,-0.01596109278354263,0.5799926218755957,3.139906345133773,179.9033816425128
14.753864765167236,-0.018966055999183773,0.5799774198612662,3.153396812782039,180.67632850241623
14.813876152038574,-0.021803668261399123,0.579927171169682,3.1652009719742713,181.3526570048317
14.853873014450073,-0.02514118712995711,0.5798314674845355,3.1753188227104703,181.93236714975924
14.914088249206543,-0.028644718503317068,0.5797043890558707,3.1803777480785698,182.22222222222302
14.953855514526367,-0.03181373257863279,0.5795680346539331,3.188809290358736,182.70531400966266
15.01404333114624,-0.034647786723301655,0.5794173515866452,3.2006134495509686,183.38164251207812
15.054375171661377,-0.03814661466075181,0.5791958023251651,3.209044991831134,183.86473429951772
15.113887548446655,-0.04097703960638038,0.5789878049481567,3.2208491510233666,184.5410628019332
15.154251337051392,-0.04413749131082895,0.5787180128868766,3.232653310215599,185.21739130434867
15.213965892791748,-0.04779448582323598,0.5783778618584252,3.236025927127666,185.41062801932455
15.254302024841309,-0.05078411937220784,0.578074338759704,3.249516394775932,186.18357487922796
15.31374478340149,-0.05393553938333073,0.5777140685195075,3.2613205539681642,186.85990338164345
15.353969097137451,-0.05708248725194037,0.5773166243791134,3.2731247131603967,187.5362318840589
15.41382908821106,-0.06039104135554563,0.576867557416574,3.2798699469845287,187.92270531401056
15.454149961471558,-0.06336449847175957,0.5764332904403566,3.2933604146327946,188.69565217391397
15.513916730880737,-0.06600212359145019,0.5760116552666494,3.3068508822810605,189.46859903381738
15.55423641204834,-0.06929270412615046,0.5754457302380613,3.3169687330172595,190.04830917874492
15.613959789276123,-0.07241363491135655,0.5748791318208077,3.325400275297425,190.53140096618452
15.654600858688354,-0.07552867329127033,0.5742809858318196,3.3372044344896574,191.20772946859998
15.714010238647461,-0.078472359671868,0.5736770441779491,3.3506949021379233,191.9806763285034
15.7542884349823,-0.08157241009534527,0.5730055308836783,3.359126444418089,192.463768115943
15.813217878341675,-0.08531953428867889,0.5721673522646422,3.3641853697861883,192.75362318840678
15.854250192642212,-0.08792070944681893,0.5715601206050536,3.3776758374344533,193.52657004831013
15.913896560668945,-0.0913258111027613,0.5707257563417709,3.386107379714619,194.0096618357497
15.954250574111938,-0.09439749196379124,0.5699345424513065,3.4012841558189173,194.87922705314102
16.013861179351807,-0.09745821979565139,0.569101963402955,3.413088315011149,195.55555555555645
16.05429196357727,-0.10034764936945559,0.5682765957475291,3.4265787826594147,196.32850241545987
16.113941431045532,-0.10290460125678666,0.5675040418415759,3.4434418672197458,197.29468599033905
16.15450882911682,-0.106728108093739,0.5663064646732208,3.4468144841318127,197.48792270531493
16.213902235031128,-0.10958806331368004,0.5653841354648952,3.4603049517800786,198.26086956521834
16.254327297210693,-0.11227636923783835,0.5644744214769771,3.475481727884377,199.13043478260965
16.31393337249756,-0.11495055956759481,0.56352401400546,3.4906585039886755,200.00000000000094
16.354248046875,-0.11808227330576224,0.5623661882605842,3.5007763547248745,200.57971014492847
16.413888692855835,-0.12120211223892408,0.5611767361075075,3.5108942054610734,201.159420289856
16.454244136810303,-0.12446621899422428,0.5598974831609996,3.519325747741239,201.6425120772956
16.51293396949768,-0.12756555747191814,0.5586555925079961,3.526070981565371,202.02898550724726
16.554322242736816,-0.13018826664160227,0.5575711733579752,3.5412477576696695,202.89855072463857
16.613953351974487,-0.13325742522056974,0.5562564654016302,3.5513656084058685,203.4782608695661
16.65431547164917,-0.13677797272588899,0.5547237461251588,3.553051916861901,203.574879227054
16.713958978652954,-0.1396776444629493,0.5534379986578188,3.5648560760541335,204.25120772946946
16.754196166992188,-0.14210370347976928,0.5523203761192863,3.5817191606144645,205.21739130434864
16.813937187194824,-0.14481362413893925,0.5510217749296976,3.5952096282627304,205.99033816425205
16.8541476726532,-0.14780989427562016,0.5495484940123689,3.6019548620868624,206.37681159420373
16.913894176483154,-0.15064324764464374,0.5481225376951145,3.613759021279095,207.0531400966192
16.954196453094482,-0.15331250891650988,0.5467422915970896,3.623876872015294,207.63285024154672
17.013867616653442,-0.15611392416925762,0.5452545700794147,3.6356810312075263,208.3091787439622
17.05449891090393,-0.15860456660166938,0.5438939567781603,3.6474851903997587,208.98550724637767
17.11402416229248,-0.1606394128526939,0.5427441678769167,3.6643482749600897,209.95169082125685
17.154372453689575,-0.1641075995442246,0.5407379085020891,3.6677208918721567,210.14492753623273
17.214019060134888,-0.1669892602428039,0.5390514260647088,3.6744661256962887,210.5314009661844
17.254310846328735,-0.1694228123010844,0.537591154630586,3.689642901800587,211.4009661835757
17.313969612121582,-0.1722638586703471,0.5358371173102797,3.699760752536786,211.98067632850322
17.354310750961304,-0.17494728210419996,0.5341458215327392,3.7081922948169526,212.46376811594288
17.41396427154541,-0.17719126046811234,0.5326968896523441,3.7216827624652185,213.2367149758463
17.454453229904175,-0.18011871774601862,0.5307679327069509,3.726741687833318,213.52657004831005
17.51393485069275,-0.18247531387143015,0.5291864704142059,3.7385458470255495,214.20289855072548
17.55440354347229,-0.18481307841770755,0.5275773013094038,3.750350006217782,214.87922705314094
17.614053964614868,-0.18712892245385795,0.5259367420505208,3.7655267823220804,215.74879227053225
17.654303312301636,-0.18928618531608704,0.5243616041406925,3.7790172499703454,216.5217391304356
17.713923692703247,-0.1915569280169272,0.5226591659279335,3.790821409162578,217.1980676328511
17.75443387031555,-0.19380449810057282,0.5209262501767269,3.8059981852668763,218.06763285024238
17.81426739692688,-0.1964227030266489,0.5188542476771152,3.8161160360030753,218.64734299516994
17.854381799697876,-0.19915522988887063,0.5166578465392573,3.8211749613711747,218.9371980676337
17.913913011550903,-0.20121868774358356,0.5149616790435326,3.8380380459315058,219.90338164251287
17.954317092895508,-0.20364337445019173,0.5129166516336243,3.8464695882116713,220.38647342995247
18.013927221298218,-0.20604724612011774,0.5108471966988631,3.8582737474039037,221.06280193236796
18.054296255111694,-0.20919179629468151,0.5081029566853572,3.859960055859937,221.1594202898559
18.11402130126953,-0.21169443531570617,0.5058927554900425,3.870077906596136,221.73913043478342
18.154250621795654,-0.21455309986754412,0.503329257860291,3.8751368319642356,222.0289855072472
18.214030027389526,-0.21690026756081013,0.5011957052942246,3.883568374244402,222.51207729468683
18.254049062728882,-0.21947453082812818,0.4988157789000518,3.8919999165245676,222.99516908212644
18.31403136253357,-0.22190893989314564,0.496530643477918,3.8987451503486996,223.3816425120781
18.35396385192871,-0.22432399543886214,0.4942250637017154,3.9088630010848986,223.96135265700562
18.414052963256836,-0.22671560025589602,0.49189516718202425,3.9189808518210976,224.54106280193315
18.454087257385254,-0.22884314298647554,0.4897729991966484,3.9324713194693635,225.31400966183656
18.5140597820282,-0.2310603728655674,0.48750471032709514,3.944275478661596,225.99033816425205
18.55406618118286,-0.23348550434155063,0.4849729879222214,3.9527070209417614,226.47342995169163
18.6140558719635,-0.23542786945036445,0.4829037402169575,3.9645111801339943,227.14975845410714
18.654132843017578,-0.23768618456610108,0.48044443051068597,3.9746290308701933,227.72946859903467
18.714021682739258,-0.23958272453249965,0.4783331028626099,3.9864331900624252,228.4057971014501
18.754082441329956,-0.24179081483176623,0.4758286011908975,3.9931784238865577,228.79227053140178
18.81412386894226,-0.24409374849774357,0.47318523637664067,3.9982373492546572,229.08212560386556
18.854066133499146,-0.245939919702596,0.4710297271180077,4.010041508446889,229.75845410628102
18.914003372192383,-0.24765169653146563,0.4689791997273411,4.023531976095155,230.53140096618444
18.95420813560486,-0.24997674265521855,0.46613605497050087,4.030277209919287,230.91787439613609
19.014015913009644,-0.25175291594422555,0.46392251104071325,4.04208136911152,231.59420289855154
19.054024696350098,-0.25370871014603746,0.461425290230966,4.053885528303752,232.27053140096703
19.113961935043335,-0.25563489118361304,0.45890515742832183,4.0656896874959845,232.9468599033825
19.154011964797974,-0.2579459535332675,0.45583881205741467,4.067375995952018,233.04347826087044
19.21403741836548,-0.25943285772617686,0.4538238744455132,4.085925388968383,234.1062801932376
19.25398015975952,-0.2611781804693355,0.4513776766712499,4.099415856616648,234.87922705314097
19.314006328582764,-0.262894506981489,0.4489110477303121,4.109533707352847,235.45893719806853
19.354233741760254,-0.2647737093196204,0.44615119447956,4.119651558089046,236.03864734299606
19.413995504379272,-0.2665301066477048,0.44350992373267023,4.131455717281279,236.71497584541152
19.454036712646484,-0.2686292381746163,0.44029478299696323,4.136514642649378,237.0048309178753
19.514107704162598,-0.27015664702263953,0.43790279836225926,4.151691418753677,237.87439613526658
19.554049015045166,-0.2718275314420385,0.4352066181031729,4.163495577945909,238.55072463768207
19.613931894302368,-0.27399607399323417,0.4316406018026315,4.168554503314009,238.84057971014582
19.6540048122406,-0.2757974034148558,0.42863292939262054,4.176986045594175,239.32367149758548
19.71390199661255,-0.27756820997410436,0.4256071856591124,4.188790204786407,240.00000000000094
19.7539644241333,-0.2795539650104008,0.42212721833998207,4.198908055522606,240.57971014492847
19.814048290252686,-0.28109572996506216,0.41935517873762096,4.210712214714839,241.25603864734396
19.854052543640137,-0.28252301981559846,0.41671077356610275,4.224202682363105,242.02898550724737
19.91389274597168,-0.28423469504871723,0.41346123829436676,4.230947916187237,242.41545893719902
19.95409393310547,-0.28585023126855147,0.410349820011084,4.236006841555336,242.7053140096628
20.014014720916748,-0.2872881196482405,0.4075225033079122,4.247811000747568,243.3816425120782
20.05405592918396,-0.28854040842796946,0.4049756736917337,4.262987776851866,244.2512077294695
20.114326000213623,-0.28975390180875515,0.40241013240450635,4.278164552956165,245.12077294686082
20.154027462005615,-0.29093267546579604,0.39982845447200827,4.289968712148397,245.79710144927628
20.214202880859375,-0.29221597760591594,0.3969276996823648,4.30177287134063,246.47342995169177
20.253984212875366,-0.2932615299552435,0.39446972027306426,4.318635955900961,247.43961352657095
20.31401228904724,-0.29452690360948725,0.39137989488827707,4.32875380663716,248.01932367149848
20.3540620803833,-0.2957609506369076,0.38827742501292867,4.338871657373359,248.59903381642602
20.414005994796753,-0.2970264315292298,0.3850079542419459,4.347303199653524,249.08212560386562
20.45410132408142,-0.2981414027983034,0.3820384287240184,4.3591073588457565,249.75845410628108
20.513996124267578,-0.29916202797858515,0.3792120601581782,4.372597826494022,250.5314009661845
20.554049015045166,-0.30003101831076406,0.3766862536940342,4.389460911054353,251.4975845410637
20.61397910118103,-0.3010745657877242,0.3735146294955106,4.399578761790552,252.07729468599123
20.654269695281982,-0.30203285102018274,0.3704909013090284,4.411382920982785,252.7536231884067
20.71405816078186,-0.3029043992480513,0.36761506426303714,4.424873388631051,253.5265700483101
20.753954648971558,-0.3036885138111066,0.364887476934704,4.440050164735349,254.39613526570142
20.81396198272705,-0.3044357617111666,0.3621495600518288,4.451854323927581,255.07246376811685
20.853963375091553,-0.3053698853050109,0.3585975571383518,4.458599557751713,255.4589371980685
20.913970232009888,-0.3061096377541634,0.3556850322298621,4.468717408487912,256.038647342996
20.953766345977783,-0.3069468727463855,0.35228063528195147,4.473776333856011,256.3285024154598
21.01394748687744,-0.30771961298412925,0.34903239515562157,4.48389418459221,256.9082125603873
21.05396866798401,-0.3084250649274596,0.34593989126910285,4.492325726872377,257.391304347827
21.113949298858643,-0.30899054980684565,0.34332932249143866,4.5058161945206425,258.1642512077304
21.15398907661438,-0.3096228031319319,0.3402210273855333,4.517620353712875,258.84057971014585
21.21399211883545,-0.310189467753079,0.3372699383940366,4.527738204449074,259.4202898550734
21.254188060760498,-0.3106893593160749,0.3344762532458997,4.542914980553372,260.2898550724647
21.313948154449463,-0.3111762042111341,0.3315109510561134,4.556405448201637,261.0628019323681
21.354028463363647,-0.31162801310231425,0.32854010879263873,4.566523298937836,261.6425120772956
21.413952112197876,-0.31201920254431803,0.3257291411474768,4.581700075042135,262.5120772946869
21.453608989715576,-0.3123449528184584,0.3230779660776961,4.598563159602466,263.4782608695661
21.514060258865356,-0.312630430831719,0.32042215268145113,4.612053627250731,264.25120772946946
21.55401873588562,-0.3129536717517264,0.3170989453901491,4.618798861074863,264.6376811594211
21.613980770111084,-0.3132143128616571,0.31410526851372916,4.632289328723129,265.4106280193245
21.65392756462097,-0.31347024476167434,0.31077620103831133,4.639034562547261,265.79710144927617
21.71406888961792,-0.3137037156712367,0.3074454829884431,4.645779796371393,266.1835748792278
21.753991842269897,-0.3138759000963201,0.30461265387156405,4.657583955563625,266.8599033816433
21.814053058624268,-0.314041928389844,0.3012778936104539,4.667701806299824,267.43961352657084
21.85424304008484,-0.31418968260613755,0.29777517328152264,4.672760731667924,267.7294685990346
21.914034843444824,-0.3143019856044485,0.29460521574725707,4.68119227394809,268.21256038647425
21.9541072845459,-0.3143822102445803,0.2914342842217275,4.692996433140323,268.8888888888897
22.013946294784546,-0.31443034831393435,0.2882627033132913,4.701427975420488,269.3719806763293
22.054051876068115,-0.3144480839699997,0.2852577539834192,4.711545826156687,269.9516908212568
22.114089250564575,-0.31443541560821436,0.282252779018265,4.721663676892886,270.5314009661844
22.15349793434143,-0.31439318873626365,0.27891415530712116,4.728408910717018,270.917874396136
22.214062452316284,-0.31432619320367206,0.2760768890382823,4.743585686821317,271.78743961352734
22.254034757614136,-0.31420319001776204,0.2722391353549498,4.745271995277349,271.88405797101524
22.31407141685486,-0.3141060899716539,0.2697368505510562,4.757076154469582,272.5603864734307
22.354055404663086,-0.31398199803388716,0.26740292360838874,4.773939239029913,273.5265700483099
22.414010286331177,-0.3137735420690373,0.2642378345348876,4.782370781310078,274.00966183574945
22.4540376663208,-0.31351955223429917,0.2607412118536424,4.787429706678178,274.29951690821326
22.513987064361572,-0.3132900826891776,0.25791244675036124,4.799233865870409,274.97584541062866
22.554041147232056,-0.3129771679168573,0.25442060406255124,4.804292791238509,275.2657004830924
22.613162755966187,-0.3126539269968498,0.2510973967712497,4.814410641974708,275.84541062802
22.65445876121521,-0.31233276423193096,0.24810960670047408,4.824528492710907,276.4251207729475
22.713972806930542,-0.31197635631127235,0.2451258157522522,4.838018960359172,277.1980676328509
22.75431990623474,-0.31158475289552756,0.242146439677741,4.848136811095371,277.7777777777784
22.813939094543457,-0.31111616651819085,0.2388405936135236,4.85825466183157,278.35748792270596
22.85430335998535,-0.3105978248958248,0.23537328875619296,4.863313587199669,278.6473429951697
22.914020776748657,-0.310079122323751,0.23207493476745028,4.873431437935868,279.2270531400972
22.95431900024414,-0.30958227938815325,0.22911129138034347,4.883549288672067,279.8067632850248
23.013978958129883,-0.3090504885608291,0.2261537191420759,4.897039756320332,280.57971014492813
23.05425453186035,-0.3084497163269854,0.22303918619867613,4.9088439155125645,281.2560386473436
23.11406660079956,-0.30775091002031074,0.2196037021342539,4.91727545779273,281.7391304347832
23.154277086257935,-0.30708201078504377,0.21650308662349835,4.9324522338970285,282.6086956521745
23.21404719352722,-0.30633668536399844,0.21324844664186052,4.9425700846332274,283.18840579710206
23.254246473312378,-0.305522432697349,0.20983847983762294,4.951001626913394,283.67149758454167
23.313015937805176,-0.304754550469903,0.20676088343503066,4.962805786105626,284.3478260869571
23.35429310798645,-0.30395039414527447,0.20369256543683734,4.974609945297858,285.0241545893726
23.413994312286377,-0.30310491920567173,0.20063537475600238,4.989786721402156,285.8937198067639
23.454281091690063,-0.30213062667677454,0.19726764034259076,4.998218263682322,286.37681159420345
23.51397466659546,-0.3010386892474301,0.19358645089241722,5.003277189050421,286.66666666666725
23.554287672042847,-0.3003969902034928,0.19151320869704053,5.021826582066787,287.7294685990344
23.61403250694275,-0.2993153144319436,0.18817841357044096,5.030258124346952,288.212560386474
23.654308319091797,-0.29830617847944335,0.18517127417196755,5.042062283539185,288.8888888888895
23.713975429534912,-0.2971054619522506,0.1817003101261654,5.048807517363317,289.27536231884113
23.754254817962646,-0.29604072219473176,0.17871240584703654,5.060611676555549,289.9516908212566
23.813969612121582,-0.2951081273263493,0.1762093858105218,5.07747476111588,290.9178743961358
23.854339361190796,-0.2939055332551835,0.1730945890445466,5.084219994940012,291.30434782608745
23.913936614990234,-0.2927948909305049,0.17030236615673314,5.097710462588278,292.07729468599086
23.954273223876953,-0.2914029799108362,0.16690355823346742,5.10445569641241,292.4637681159425
24.01395058631897,-0.29017370269869824,0.16397949936466916,5.116259855604643,293.14009661835803
24.054241180419922,-0.28878239856515386,0.1607615568824104,5.124691397884808,293.6231884057976
24.11407971382141,-0.2874942066846434,0.15786297025933604,5.1364955570770405,294.2995169082131
24.154261112213135,-0.28617675377383306,0.15497756551124983,5.144927099357206,294.78260869565264
24.214119911193848,-0.2847618515451524,0.1519532898828375,5.155044950093405,295.3623188405802
24.25406265258789,-0.28332150060381384,0.1489410514196498,5.161790183917538,295.7487922705319
24.314138412475586,-0.28207350834289313,0.14639211368044125,5.17359434310977,296.42512077294737
24.353994131088257,-0.28064516357891206,0.14355996361950146,5.185398502302003,297.1014492753629
24.413980722427368,-0.27918348795144265,0.14074487088700732,5.197202661494235,297.77777777777834
24.454226970672607,-0.27754177541226016,0.13764718450039043,5.202261586862335,298.0676328502421
24.513983011245728,-0.27603283870657197,0.13485713920493198,5.214065746054567,298.74396135265755
24.553945779800415,-0.2743339516923687,0.13179043675374566,5.222497288334733,299.22705314009715
24.613959074020386,-0.27309468907884354,0.12961441151642344,5.237674064439031,300.09661835748847
24.65441346168518,-0.27148791664313443,0.12687953947694358,5.249478223631264,300.7729468599039
24.714093446731567,-0.2700214943079935,0.12444968890197429,5.261282382823495,301.4492753623194
24.753997087478638,-0.2682650621711933,0.12161012246638092,5.271400233559694,302.0289855072469
24.814110279083252,-0.26674572924249107,0.1192130000803852,5.2832043927519265,302.70531400966235
24.854016542434692,-0.26510505278212254,0.11669541874485927,5.2966948604001916,303.4782608695657
24.913973093032837,-0.2632538699378083,0.11391669359287929,5.3034400942243245,303.8647342995174
24.954083681106567,-0.2614664177185777,0.11129633917096453,5.318616870328623,304.7342995169087
25.013968467712402,-0.2594567640811173,0.10842367955510546,5.3270484126087885,305.2173913043483
25.05399775505066,-0.2577073187774525,0.10598042840999565,5.340538880257054,305.99033816425174
25.113974571228027,-0.2561194760389469,0.10383249965663625,5.357401964817385,306.95652173913095
25.154012441635132,-0.2543998557308341,0.10157474097209954,5.369206124009618,307.6328502415464
25.213940858840942,-0.25264993460289675,0.09934038551074695,5.384382900113916,308.5024154589377
25.254040718078613,-0.25076730505616196,0.0969982196288427,5.394500750850115,309.0821256038652
25.31406855583191,-0.24885716001211078,0.09467843926439405,5.407991218498381,309.85507246376864
25.35423755645752,-0.24670880660738082,0.09212251104910543,5.414736452322513,310.2415458937203
25.413944482803345,-0.24443273553141137,0.08945598119397964,5.423167994602679,310.7246376811599
25.454229593276978,-0.24224158878528362,0.08693664252475196,5.433285845338878,311.30434782608745
25.514006853103638,-0.2398080472131616,0.08418579047444343,5.440031079163011,311.69082125603916
25.55395245552063,-0.2374652625487877,0.08157767985034876,5.448462621443176,312.17391304347876
25.614250898361206,-0.2354365142719559,0.07936087686906124,5.458580472179375,312.75362318840627
25.65410017967224,-0.23304575655399906,0.0767966696728357,5.467012014459541,313.23671497584587
25.713968992233276,-0.2306377571774424,0.07424864690730816,5.47207093982764,313.5265700483096
25.753983974456787,-0.22832607599062651,0.07183943095935945,5.482188790563839,314.1062801932372
25.8139967918396,-0.22587545349268198,0.06933237484037913,5.490620332844005,314.5893719806768
25.853936195373535,-0.22351948306534186,0.06696645118589896,5.500738183580204,315.1690821256043
25.913917779922485,-0.22149498597480527,0.06497748667839942,5.512542342772436,315.84541062801975
25.954012393951416,-0.2193284465855629,0.06289514614345758,5.522660193508635,316.4251207729473
26.013990879058838,-0.21737783934949131,0.06107032453510451,5.539523278068967,317.3913043478265
26.053971529006958,-0.2147875816058152,0.05870781615787671,5.5479548203491325,317.8743961352661
26.11406707763672,-0.2124225084176697,0.05659412943861346,5.559758979541365,318.55072463768164
26.154022455215454,-0.21040556021915707,0.05484291201743348,5.576622064101696,319.5169082125608
26.213977336883545,-0.2082361036921923,0.0530131506506724,5.588426223293928,320.19323671497625
26.254051208496094,-0.20591471360564098,0.051104962217982136,5.601916690942193,320.96618357487966
26.31401228904724,-0.20369668399791424,0.04933439368191052,5.617093467046492,321.8357487922709
26.353970766067505,-0.20158545618387588,0.047698068650336004,5.630583934694757,322.6086956521743
26.41398596763611,-0.19905399886714426,0.045786795099520466,5.642388093886989,323.2850241545898
26.454014539718628,-0.19649698870838855,0.04390984497218603,5.657564869991288,324.1545893719811
26.51399254798889,-0.19378062723208275,0.041968306478266035,5.667682720727487,324.7342995169086
26.55403447151184,-0.1909096630850836,0.039956231460332836,5.676114263007652,325.2173913043482
26.614049673080444,-0.18775048094572694,0.03777378986247713,5.681173188375752,325.50724637681196
26.654008388519287,-0.18498904421876755,0.035896915173978944,5.691291039111951,326.0869565217395
26.713950634002686,-0.1822087592220406,0.03404807588125859,5.70140888984815,326.666666666667
26.753992319107056,-0.17913340721397225,0.03204021094247367,5.708154123672283,327.05314009661873
26.814005613327026,-0.17660344839367503,0.030418685920711272,5.718271974408482,327.6328502415463
26.85403561592102,-0.17391433613923823,0.028736449904120595,5.730076133600713,328.3091787439617
26.913919925689697,-0.1712083412045345,0.027081507564992405,5.7385076758808795,328.79227053140136
26.954028367996216,-0.16891216559529268,0.025716802445469006,5.755370760441211,329.75845410628057
27.013952255249023,-0.1660220100190165,0.024044919633112574,5.7621159942653435,330.1449275362323
27.053993940353394,-0.16383870849788523,0.022818521603687983,5.780665387281709,331.20772946859944
27.113959074020386,-0.1613412147247848,0.02147052563373797,5.795842163386007,332.07729468599075
27.154016733169556,-0.15838055799305575,0.019926924937251775,5.809332631034273,332.85024154589416
27.21397089958191,-0.1549594855328802,0.01818343810337257,5.814391556402373,333.1400966183579
27.254010438919067,-0.15226958478479224,0.016843860186999432,5.827882024050638,333.9130434782613
27.314024925231934,-0.14926344526135193,0.015390823174758275,5.837999874786837,334.4927536231888
27.35400891304016,-0.14654482694793092,0.014110530436931945,5.848117725523036,335.07246376811634
27.41397213935852,-0.14426599968084003,0.013072357067254736,5.863294501627334,335.94202898550765
27.454106092453003,-0.14166576995565067,0.011935091197756334,5.878471277731633,336.81159420289896
27.513989686965942,-0.13889757669820815,0.010765843098314395,5.888589128467832,337.39130434782646
27.553991317749023,-0.13534920546863488,0.00929868777769817,5.893648053835931,337.6811594202902
27.6140034198761,-0.13256168959348136,0.008176283984776947,5.907138521484197,338.4541062801936
27.654344081878662,-0.1299141123424033,0.00715407902428606,5.922315297588495,339.32367149758494
27.714004278182983,-0.1267843555073806,0.0059909738927724915,5.932433148324694,339.9033816425125
27.753854513168335,-0.1236429909456815,0.004859594167025624,5.942550999060893,340.48309178744
27.81405282020569,-0.1204903402388916,0.0037600556664228527,5.952668849797092,341.06280193236756
27.854056119918823,-0.11732672612395977,0.002692470950753645,5.962786700533291,341.64251207729507
27.91396188735962,-0.11446833030116121,0.0017653202894267264,5.976277168181557,342.4154589371985
27.95400357246399,-0.111597687261409,0.0008768139208982922,5.989767635829823,343.1884057971019
28.013967752456665,-0.10807654952645918,-0.00016764796804076554,5.999885486566022,343.76811594202945
28.053964614868164,-0.10454673063096895,-0.001182384461406151,6.006630720390156,344.1545893719812
28.11398959159851,-0.10149025390251235,-0.0020304367834240653,6.018434879582388,344.8309178743967
28.153985738754272,-0.09858601222083396,-0.0028020683554855763,6.028552730318587,345.41062801932424
28.214208602905273,-0.09599544620724998,-0.0034530754376204537,6.045415814878919,346.37681159420345
28.253501892089844,-0.09307144474748574,-0.004146076514018923,6.055533665615118,346.956521739131
28.314038515090942,-0.08965275793528349,-0.0049229043528765115,6.063965207895284,347.4396135265706
28.35404062271118,-0.08687801937242837,-0.005519053821956291,6.079141983999582,348.30917874396187
28.413997650146484,-0.08376919228437957,-0.006148686150455655,6.087573526279748,348.79227053140147
28.453909397125244,-0.08032737485556594,-0.006815599786439974,6.096005068559913,349.2753623188411
28.514008045196533,-0.07720837273570887,-0.007392720665290883,6.104436610840079,349.7584541062807
28.553969860076904,-0.07375579897108961,-0.008001502572879099,6.112868153120245,350.24154589372034
28.614004373550415,-0.0706266288008412,-0.008520671888334653,6.124672312312477,350.91787439613574
28.654090642929077,-0.06782155688074909,-0.008952111113245124,6.136476471504709,351.5942028985512
28.713982105255127,-0.06451610708214742,-0.0094234846617768,6.146594322240908,352.17391304347876
28.754049062728882,-0.06087586975119605,-0.009911320454099145,6.153339556065041,352.56038647343047
28.81423020362854,-0.05822442096609837,-0.01023483526324518,6.170202640625373,353.5265700483097
28.85412073135376,-0.054904956278275296,-0.010594481728013111,6.180320491361572,354.10628019323724
28.91397500038147,-0.05174790935153836,-0.010901560602020056,6.192124650553804,354.7826086956527
28.953117609024048,-0.04875445329986197,-0.011164725750321361,6.198869884377937,355.1690821256044
29.013952493667603,-0.045426043843928364,-0.011429077574562147,6.208987735114136,355.74879227053196
29.053987979888916,-0.04259428030734221,-0.011617978486531535,6.224164511218435,356.6183574879232
29.113958597183228,-0.03892718580777062,-0.011822256525329897,6.230909745042568,357.0048309178749
29.15397047996521,-0.035259104810625164,-0.01200798047185808,6.234282361954634,357.1980676328508
29.21396541595459,-0.031590131191899955,-0.01217514557294307,6.241027595778766,357.58454106280243
29.254010915756226,-0.028753769684749637,-0.012273235747963466,6.256204371883064,358.45410628019374
29.313924312591553,-0.02591624619185583,-0.012328269455387562,6.271381147987363,359.32367149758505
29.354012966156006,-0.023245148788830695,-0.012337278077818786,6.288244232547695,360.28985507246426
29.413097858428955,-0.019906490660653708,-0.012297866195241695,6.30173470019596,361.0628019323676
29.45411229133606,-0.01690232637600103,-0.012226929748967049,6.311852550932159,361.6425120772952
29.51394009590149,-0.013899208711959182,-0.012120537434778247,6.3253430185804245,362.4154589371986
29.554032802581787,-0.010397142405541702,-0.011958017907946813,6.333774560860591,362.89855072463826
29.61403226852417,-0.0068965708549448505,-0.011765976687639453,6.342206103140757,363.38164251207786
29.65398359298706,-0.004064492799556448,-0.01158185126878752,6.35401026233299,364.0579710144934
29.71387553215027,-0.001235156311713951,-0.011359537705900414,6.369187038437288,364.92753623188463
29.75398564338684,0.0015904804617889491,-0.011094311187783876,6.384363814541587,365.79710144927594
29.813933849334717,0.004910546904525182,-0.010740262873086033,6.394481665277786,366.3768115942035
29.853984117507935,0.008392332576948294,-0.010330324411299762,6.406285824470018,367.05314009661896
29.914005994796753,0.01153722954448861,-0.009916965250236071,6.4214626005743165,367.9227053140103
29.9540011882782,0.01484187976251858,-0.009440018366606805,6.4315804513105155,368.5024154589378
30.013990879058838,0.01830606495328092,-0.008901221581869975,6.443384610502748,369.1787439613533
30.053927659988403,0.021269288371774536,-0.008401880014720815,6.456875078151013,369.95169082125665
30.11328148841858,0.024555976781348333,-0.007813772293550026,6.463620311975145,370.3381642512083
30.154038906097412,0.028165751067130103,-0.0071363941187967215,6.473738162711344,370.9178743961358
30.213953256607056,0.03127668397906344,-0.006517250234122628,6.485542321903576,371.5942028985513
30.254043579101562,0.03487201293128766,-0.00576696941254822,6.492287555727709,371.980676328503
30.3138906955719,0.03813462675480755,-0.005057362174769018,6.502405406463908,372.5603864734305
30.3540780544281,0.0415533135670083,-0.004280534335911346,6.510836948744075,373.0434782608702
30.41388177871704,0.04561684832272697,-0.00332830834322749,6.515895874112174,373.33333333333394
30.45393133163452,0.04886180189771422,-0.002541881175905692,6.526013724848373,373.9130434782615
30.5142343044281,0.05177370204560189,-0.0017996732823015449,6.539504192496638,374.68599033816486
30.5539333820343,0.0551612237647766,-0.0008965799242996349,6.547935734776804,375.16908212560446
30.614112615585327,0.05821626607035601,-4.337464794737511e-05,6.563112510881102,376.0386473429957
30.65395760536194,0.060616440507395244,0.0006707824289831736,6.5816619038974675,377.10144927536294
30.713972568511963,0.06348255194520123,0.0015737997348377365,6.595152371545733,377.87439613526635
30.753979682922363,0.06585861695628963,0.0023644783812079295,6.613701764562098,378.93719806763346
30.81403923034668,0.06948523012286964,0.0036258903114127147,6.622133306842264,379.4202898550731
30.85434341430664,0.07231245822839791,0.004644132064584888,6.635623774490529,380.1932367149765
30.913952589035034,0.07512390770217957,0.005705163112654225,6.652486859050861,381.1594202898557
30.953962802886963,0.07791893098274398,0.006808739068219959,6.665977326699127,381.9323671497591
31.014211654663086,0.08116324763677066,0.008137381405175989,6.677781485891359,382.60869565217456
31.05416989326477,0.08439165512340246,0.009504226718809121,6.68958564508359,383.28502415458996
31.11401867866516,0.08714382326394543,0.01071071151140928,6.703076112731856,384.0579710144934
31.153960704803467,0.09003255122578722,0.012020861691714943,6.714880271924088,384.7342995169088
31.21391248703003,0.09305801875986135,0.013433213486980747,6.724998122660287,385.31400966183634
31.253955125808716,0.09606904171449368,0.0148761036976355,6.735115973396486,385.89371980676384
31.31392812728882,0.09906531185117462,0.01634938461496417,6.745233824132685,386.4734299516914
31.353944540023804,0.10159610011512857,0.017633782935078807,6.760410600236983,387.3429951690827
31.414325714111328,0.10425834469801537,0.019027514906974484,6.770528450973182,387.9227053140102
31.453981399536133,0.10705219786288911,0.020529389477503282,6.7823326101654136,388.5990338164257
31.514217853546143,0.10982812843001052,0.02206413773666553,6.794136769357646,389.27536231884113
31.554039478302002,0.1128789425477161,0.0237913940090101,6.8025683116378115,389.75845410628074
31.6142315864563,0.11577191332350531,0.025458400752775612,6.8093135454619445,390.14492753623244
31.65397357940674,0.11850542963405035,0.027067478536000007,6.821117704654176,390.82125603864785
31.713908195495605,0.12180120931038158,0.029037584990677323,6.8228040131102095,390.9178743961358
31.753952980041504,0.12480431570788594,0.03084651643669995,6.827862938478309,391.20772946859955
31.813881158828735,0.12750751605322008,0.03250601956277937,6.8396670976705405,391.884057971015
31.853915452957153,0.13005105674030565,0.03410615574502653,6.8497849484067395,392.4637681159425
31.913928031921387,0.13314322863177946,0.03608801966051251,6.856530182230872,392.8502415458942
31.95394492149353,0.13579775142863645,0.03782432362394951,6.868334341423104,393.5265700483096
32.01389217376709,0.1384345709891046,0.03958739632183034,6.87676588370327,394.0096618357493
32.05392050743103,0.14133241690239515,0.04156055877686792,6.885197425983437,394.49275362318895
32.113961696624756,0.14393608078449643,0.04337223676191859,6.897001585175668,395.16908212560435
32.15393686294556,0.1463837492653234,0.04511549636294326,6.907119435911867,395.7487922705319
32.21388220787048,0.14853835289319983,0.04669426984209489,6.923982520472198,396.71497584541106
32.25401163101196,0.15093504807936342,0.048506971475903805,6.937472988120463,397.4879227053145
32.31393814086914,0.15344376858049888,0.05044799290279777,6.945904530400629,397.971014492754
32.35402774810791,0.15580329429393122,0.05230881891192623,6.956022381136828,398.5507246376816
32.41412329673767,0.15814069064693043,0.05419736685084225,6.969512848785094,399.323671497585
32.453996658325195,0.1607128476556057,0.0563262632118832,6.979630699521293,399.9033816425125
32.51393413543701,0.16326696356933726,0.058476770894397026,6.986375933345425,400.2898550724642
32.55396223068237,0.16541779611611374,0.06032838846760383,7.001552709449723,401.15942028985546
32.61394643783569,0.16754345451862462,0.06220885240969813,7.013356868641955,401.8357487922709
32.6539568901062,0.16976879051372726,0.0642282371520137,7.026847336290221,402.60869565217433
32.713865518569946,0.17159604170452136,0.06594054867287899,7.045396729306586,403.6714975845415
32.7539222240448,0.17412162173715762,0.06837207628117256,7.0538282715867515,404.1545893719811
32.81387209892273,0.1767480614808509,0.0709393950885424,7.0605735054108845,404.5410628019328
32.85388231277466,0.17804274759423258,0.0722417451813738,7.082495515339316,405.79710144927583
32.91389870643616,0.18012326066236614,0.07441003953452763,7.095985982987582,406.57004830917924
32.954033613204956,0.182058635957855,0.07648582631242476,7.11116275909188,407.4396135265705
33.01399040222168,0.18419416678967038,0.0788311942577258,7.119594301372047,407.92270531401016
33.05393433570862,0.18630585863639207,0.08119804876887884,7.131398460564279,408.5990338164256
33.113938093185425,0.18850548966897882,0.08370998322539083,7.138143694388411,408.98550724637727
33.15394449234009,0.19035166087383126,0.08586549248402378,7.15332047049271,409.8550724637686
33.213913917541504,0.19238644821694778,0.0882987789860151,7.161752012772875,410.3381642512082
33.253939628601074,0.19428875868183676,0.09062498833252072,7.175242480421141,411.1111111111116
33.313884973526,0.19637617785707975,0.0932309186040666,7.181987714245274,411.4975845410633
33.35392355918884,0.19844597206989648,0.09585086961695166,7.188732948069406,411.88405797101495
33.41389203071594,0.2001807822531249,0.09809697778661941,7.2039097241737045,412.75362318840627
33.45400309562683,0.20188513444682665,0.10036628426250666,7.215713883365936,413.42995169082167
33.513911962509155,0.2034584528916777,0.1025248744419577,7.232576967926268,414.39613526570093
33.55399560928345,0.2050970589539568,0.10484210089924229,7.2443811271184995,415.07246376811634
33.61392569541931,0.20718970454755523,0.10786040274059615,7.2511263609426315,415.458937198068
33.65423655509949,0.20887679568167705,0.11034711915662807,7.264616828590897,416.2318840579714
33.71401047706604,0.21044032984721228,0.11271564806607501,7.27642098778313,416.9082125603869
33.75394821166992,0.21224912902939266,0.11552214711504555,7.286538838519329,417.4879227053144
33.81401515007019,0.21421270828764463,0.11862596220014457,7.293284072343462,417.8743961352661
33.853971004486084,0.2157077101365808,0.1210383340109065,7.305088231535693,418.5507246376815
33.91422510147095,0.21761338100611216,0.12417803624566515,7.311833465359826,418.93719806763323
33.95396637916565,0.21915085175353613,0.1267599383990029,7.321951316096025,419.5169082125608
34.01388883590698,0.22048640805071432,0.12907318976208398,7.338814400656357,420.48309178744006
34.05394172668457,0.2220328453248737,0.13184262553306153,7.35061855984859,421.1594202898555
34.11388921737671,0.22330550941543167,0.1341910651435975,7.3641090274968555,421.93236714975893
34.15392065048218,0.22446695272534428,0.13640960229600418,7.379285803601154,422.80193236715024
34.21391487121582,0.22590484110503334,0.13923691899917606,7.38771734588132,423.28502415458985
34.25393295288086,0.22731405000607144,0.14207863907788112,7.399521505073553,423.96135265700536
34.31389093399048,0.22861950167719436,0.14478526630802502,7.409639355809752,424.54106280193287
34.35398602485657,0.22989291368300643,0.14750711437359504,7.423129823458018,425.3140096618363
34.4139621257782,0.23142120190593735,0.15084682194965324,7.426502440370085,425.5072463768122
34.45428466796875,0.23244205292521636,0.15313346159226898,7.441679216474383,426.37681159420345
34.514033794403076,0.2338387815216265,0.1563490533323874,7.4467381418424825,426.66666666666725
34.553974866867065,0.23514572195828626,0.15942152759401346,7.4568559925786815,427.24637681159476
34.61390495300293,0.2363601909076879,0.16235176784071986,7.465287534858847,427.72946859903436
34.65397667884827,0.23729160889744005,0.16467627169899018,7.4804643109631455,428.5990338164257
34.71391201019287,0.2384942029686051,0.16779106846496483,7.490582161699344,429.1787439613532
34.75394010543823,0.2395481191733925,0.17060519278025044,7.500700012435543,429.75845410628074
34.813880920410156,0.2405687443536742,0.17343156134609058,7.514190480083808,430.5314009661841
34.85394024848938,0.24178116026192098,0.17689845610240482,7.5209357139079405,430.91787439613574
34.91391563415527,0.24268860727023997,0.17958752810009723,7.536112490012239,431.78743961352706
34.953983545303345,0.24366726630164093,0.18260472369082997,7.544544032292405,432.2705314009667
35.013922691345215,0.24456303100446358,0.18547311010583253,7.558034499940671,433.04347826087013
35.052998542785645,0.24547531719193502,0.18851103318659404,7.566466042220837,433.5265700483097
35.11394429206848,0.24616312357145603,0.19091889116476474,7.585015435237202,434.5893719806769
35.15394711494446,0.2471271624695476,0.19446289181218135,7.591760669061334,434.97584541062855
35.213916301727295,0.24798180977445705,0.197690548760734,7.598505902885467,435.36231884058026
35.253859996795654,0.24872156222360953,0.20060307366922372,7.611996370533733,436.13526570048367
35.31392765045166,0.2494686680325652,0.20368577956546155,7.6204279128138985,436.6183574879233
35.353924036026,0.2501045269539293,0.20645168840593323,7.635604688918197,437.48792270531453
35.41392135620117,0.250665608807181,0.2090632070533264,7.649095156566462,438.2608695652179
35.453937292099,0.2513283796792849,0.2123356566196939,7.659213007302661,438.84057971014545
35.513928174972534,0.2519291519131287,0.21545018956309378,7.667644549582827,439.3236714975851
35.55417585372925,0.2525641155109261,0.21889804429330167,7.676076091862993,439.8067632850247
35.61392021179199,0.25323406470565896,0.22267887108041515,7.681135017231092,440.09661835748847
35.653963565826416,0.25373590454937206,0.2256416724237148,7.691252867967291,440.67632850241597
35.71393156051636,0.25420273686423905,0.22861019101358282,7.704743335615557,441.4492753623194
35.75300979614258,0.25462948121039947,0.23158473707838292,7.718233803263823,442.2222222222228
35.81387448310852,0.25513949135691844,0.23539043974255944,7.723292728631923,442.5120772946866
35.853933811187744,0.2555634390385897,0.2387023062490081,7.730037962456056,442.8985507246383
35.91393995285034,0.2558712992420872,0.2413556182523031,7.7469010470163875,443.8647342995175
35.9539520740509,0.2561723015110515,0.2443455066553499,7.7603915146646525,444.6376811594209
36.01393246650696,0.2565032012300392,0.2480033498671208,7.7671367484887845,445.02415458937253
36.05397367477417,0.25679255576705784,0.2514972237862908,7.77556829076895,445.50724637681213
36.11396908760071,0.25699816658565544,0.2543278230996788,7.7873724499611825,446.1835748792276
36.15397047996521,0.25720354643911825,0.2576603912548892,7.7974903006973815,446.76328502415515
36.21338438987732,0.25735297190329,0.26066167548988756,7.810980768345647,447.53623188405857
36.2539746761322,0.2574618962707175,0.2636647023813381,7.824471235993913,448.309178743962
36.31392025947571,0.25751115861982127,0.2660014066852006,7.841334320554245,449.2753623188412
36.35399603843689,0.25754522204960745,0.2696740285373215,7.848079554378378,449.6618357487929
36.41394853591919,0.25754803724912045,0.27301291809344347,7.858197405114577,450.24154589372046
36.45399022102356,0.257520167038117,0.27668559216518807,7.86494263893871,450.62801932367216
36.51399326324463,0.2574720291797997,0.2796902082430244,7.875060489674909,451.2077294685997
36.5540189743042,0.25738335984070654,0.2831949220343987,7.883492031955075,451.6908212560393
36.614006757736206,0.25726514386099775,0.2866987636394498,7.891923574235242,452.173913043479
36.65404534339905,0.2571407518897829,0.28953409341201236,7.903727733427474,452.85024154589445
36.71323871612549,0.2569930396908082,0.2920339011576248,7.92227712644384,453.91304347826167
36.75399446487427,0.2567390498560701,0.29553052383886996,7.930708668724006,454.3961352657013
36.81410622596741,0.25651185654130765,0.2981919568531425,7.947571753284338,455.36231884058054
36.85407638549805,0.2562021158993043,0.3013487437428716,7.9560032955645035,455.84541062802015
36.91330361366272,0.25588095313438547,0.3043365338136473,7.9661211463007024,456.42512077294765
36.95403528213501,0.25550740046949644,0.30748640700776664,7.977925305492935,457.1014492753631
37.013930797576904,0.25508345278782446,0.3107982735142155,7.984670539317068,457.4879227053148
37.054012298583984,0.25467678200625476,0.313775630379627,7.994788390053267,458.0676328502424
37.113993406295776,0.2541970489626849,0.3170798772832705,8.0015336238774,458.4541062801941
37.15400266647339,0.2536670164194335,0.3205454142567044,8.009965166157565,458.9371980676337
37.213958978652954,0.25313719273400415,0.3238420001050763,8.016710399981697,459.32367149758534
37.25397729873657,0.2525546275723305,0.32729909409332014,8.025141942261863,459.80676328502494
37.313987731933594,0.2521332567062312,0.32959802001120797,8.04537764373426,460.96618357488
37.354012966156006,0.25148152630131027,0.33287268623429533,8.05549549447046,461.5458937198075
37.413153886795044,0.2508651801429477,0.3358138003840123,8.065613345206659,462.12560386473507
37.45394015312195,0.250180603751583,0.3389109923213752,8.077417504398891,462.8019323671505
37.51392889022827,0.24953076050016873,0.34167364901924224,8.09259428050319,463.6714975845419
37.55396223068237,0.24869352550794713,0.34507804596715297,8.097653205871291,463.9613526570057
37.6139976978302,0.24775770282737722,0.3488019846116806,8.10271213123939,464.2512077294694
37.6539990901947,0.24684156042789115,0.3523586677139256,8.109457365063523,464.63768115942116
37.713996171951294,0.2460218920679682,0.35542287829941355,8.121261524255756,465.3140096618366
37.75401949882507,0.24495718012338114,0.35928549193288023,8.124634141167821,465.5072463768124
37.8139009475708,0.24413424899580985,0.3621756163917689,8.138124608816087,466.28019323671583
37.85394072532654,0.24336816526881278,0.36473451424337594,8.151615076464353,467.05314009661925
37.913944244384766,0.24251531559106143,0.3674413972679703,8.166791852568652,467.9227053140106
37.95398235321045,0.24147176811410132,0.3706130214664936,8.176909703304851,468.5024154589381
38.013909578323364,0.24055072896125967,0.3732974683668094,8.192086479409149,469.3719806763294
38.0539710521698,0.23937391133452834,0.3765998888858468,8.200518021689314,469.855072463769
38.11401009559631,0.23828401708067642,0.37957870966728047,8.20894956396948,470.3381642512086
38.154017210006714,0.23716403986327075,0.38254635077849447,8.220753723161712,471.01449275362404
38.21396803855896,0.23582963841244106,0.3859681462653618,8.230871573897911,471.5942028985516
38.254029750823975,0.23476515242858909,0.388599008837194,8.24604835000221,472.4637681159429
38.3139853477478,0.23328902633849008,0.3921436576045335,8.251107275370309,472.75362318840666
38.353994846343994,0.23204497232410387,0.3950614602609465,8.262911434562541,473.4299516908221
38.41397500038147,0.23102797873422726,0.39734981812126857,8.281460827578906,474.49275362318923
38.45400023460388,0.2297637537040641,0.4000759454296881,8.294951295227172,475.26570048309264
38.51400971412659,0.2286033522186216,0.40248183630092743,8.311814379787503,476.23188405797185
38.55407118797302,0.2271124128395846,0.4054693588801493,8.321932230523702,476.8115942028994
38.61402654647827,0.22566499719949917,0.4082918100661427,8.333736389715934,477.4879227053149
38.65398287773132,0.22434022237112794,0.41080169849708736,8.345540548908167,478.16425120773033
38.7140007019043,0.22259575699825163,0.41403374926227615,8.3522857827323,478.5507246376821
38.75398135185242,0.22114178496325546,0.41666357822060074,8.365776250380566,479.3236714975855
38.8138861656189,0.21933227839222758,0.41985966920105455,8.3725214842047,479.71014492753727
38.85395646095276,0.21774862198564943,0.4226079914380544,8.380953026484866,480.1932367149769
38.91392135620117,0.21621986773259266,0.42519506419743974,8.394443494133132,480.9661835748803
38.95399188995361,0.21457177539368466,0.42790523658585095,8.406247653325364,481.64251207729575
39.0139262676239,0.21324190479784394,0.4300270994129598,8.421424429429663,482.5120772946871
39.053956031799316,0.21196912691155495,0.4319873673117194,8.438287513989994,483.47826086956627
39.11427640914917,0.21057196629006109,0.4340655395510916,8.453464290094294,484.34782608695764
39.15396428108215,0.20867419098757806,0.43681265445487955,8.463582140830493,484.9275362318852
39.21404218673706,0.20694126565734405,0.4392676503466143,8.473699991566692,485.5072463768127
39.2539849281311,0.20499286244691464,0.441979092089105,8.480445225390824,485.89371980676435
39.313944816589355,0.20311806894042203,0.4445376838972075,8.492249384583056,486.5700483091798
39.35400056838989,0.2012174843869394,0.4470771761865317,8.500680926863222,487.0531400966194
39.41396975517273,0.19919664196539616,0.44973506770061233,8.507426160687356,487.4396135265712
39.45396065711975,0.1972577364664945,0.45224542389024014,8.515857702967521,487.9227053140108
39.513994455337524,0.1950960691908066,0.4550055100483823,8.52091662833562,488.2125603864745
39.553977727890015,0.19322928080874524,0.45736032132854904,8.527661862159754,488.59903381642624
39.614012718200684,0.19123581353988997,0.45982757303449207,8.539466021351986,489.27536231884176
39.654152154922485,0.1893217593483254,0.46214412900842294,8.549583872088185,489.85507246376926
39.71402072906494,0.1872746882807242,0.464567090579862,8.561388031280417,490.5314009661847
39.75394916534424,0.18531031449796861,0.46684113338293687,8.571505882016616,491.1111111111123
39.814006328582764,0.18331923502986905,0.4690918305150071,8.58499634966488,491.8840579710156
39.85399532318115,0.18107755978177292,0.47156631702242746,8.59511420040108,492.46376811594314
39.913986682891846,0.17914919631360088,0.47364861926184865,8.606918359593312,493.1400966183586
39.95398163795471,0.17719291793788622,0.4757047182863088,8.62209513569761,494.00966183574985
40.013938426971436,0.17474652659220927,0.47821590334419417,8.630526677977775,494.49275362318946
40.05397033691406,0.17227904929198534,0.48070637253373005,8.63895822025794,494.975845410629
40.114001512527466,0.17002388612097516,0.48293695133856857,8.650762379450173,495.6521739130445
40.15399694442749,0.1677425505674574,0.48514075505594767,8.662566538642405,496.32850241546
40.213985443115234,0.16531586221933536,0.48743408779552566,8.672684389378604,496.90821256038754
40.25391435623169,0.16298676688223865,0.4895873545331104,8.684488548570837,497.584541062803
40.31394839286804,0.16026691177711364,0.4920554914403852,8.69123378239497,497.97101449275476
40.35393977165222,0.15765288351653073,0.49439167149851804,8.699665324675136,498.4541062801943
40.4139940738678,0.15551458939782722,0.49625775470770095,8.714842100779435,499.3236714975857
40.45399713516235,0.1532257057807788,0.4982048157792149,8.724959951515634,499.90338164251324
40.51404047012329,0.15091399874120684,0.5001247234831924,8.7384504191639,500.67632850241665
40.553983211517334,0.1485766023882081,0.5020132714221084,8.751940886812166,501.44927536232007
40.61402606964111,0.14621394210444502,0.5038701158992043,8.765431354460432,502.2222222222235
40.65398025512695,0.1438264478703613,0.5056949189874338,8.778921822108698,502.9951690821269
40.71399664878845,0.140885983114301,0.5078955958388358,8.78566705593283,503.38164251207854
40.75399708747864,0.138728720252072,0.5094707337486638,8.802530140493161,504.3478260869577
40.813945293426514,0.13573712544217348,0.5116013843721388,8.809275374317295,504.73429951690946
40.85396647453308,0.1327312270604038,0.5137118076719528,8.816020608141427,505.1207729468611
40.91396927833557,0.12984675641142654,0.5157044717395604,8.824452150421592,505.6038647343007
40.95397615432739,0.12749283046863927,0.5172899057298449,8.83962892652589,506.47342995169197
41.01394844055176,0.12456212453817739,0.5192139233389903,8.848060468806056,506.9565217391316
41.05397868156433,0.12147665428779911,0.5212062046745335,8.854805702630188,507.3429951690832
41.11395716667175,0.11865651030427499,0.522993655178889,8.864923553366387,507.9227053140108
41.153953075408936,0.11567807976532482,0.52484293410209,8.873355095646552,508.40579710145033
41.21399188041687,0.11268724325854751,0.5266720808979679,8.878414021014652,508.6956521739142
41.25398778915405,0.11010923833568076,0.5282160775450722,8.891904488662917,509.4685990338175
41.31394696235657,0.10751063939328825,0.5297251562591216,8.905394956311182,510.2415458937209
41.354111433029175,0.10518068228648497,0.531031350108514,8.922258040871515,511.2077294686002
41.41391897201538,0.10224647513174667,0.5326246547769349,8.932375891607714,511.78743961352774
41.4539794921875,0.09915017406291993,0.534268978559628,8.94080743388788,512.2705314009673
41.51397132873535,0.09677749737681623,0.5354958639800946,8.954297901536146,513.0434782608708
41.553977489471436,0.09379375562644682,0.536994355408307,8.964415752272345,513.6231884057983
41.6140558719635,0.09094376782779579,0.5383867678041208,8.976219911464577,514.2995169082137
41.6540048122406,0.08762630847726946,0.5399627675006717,8.986337762200776,514.8792270531412
41.71400713920593,0.0844458266174472,0.541437696702529,8.994769304480942,515.3623188405809
41.753979206085205,0.08125302202804371,0.5428857574281293,9.003200846761107,515.8454106280204
41.813945293426514,0.07835118624798865,0.5441666133287177,9.01500500595334,516.5217391304359
41.85313034057617,0.07528424903489792,0.5454864949614004,9.021750239777472,516.9082125603876
41.9139461517334,0.07266521210469273,0.5465797533205721,9.036927015881771,517.777777777779
41.953999757766724,0.0698758074747684,0.5476974549082753,9.050417483530037,518.5507246376824
42.013960123062134,0.06676406258688869,0.5489079238860223,9.05716271735417,518.9371980676341
42.054253816604614,0.06395261311310654,0.5499689549340917,9.070653185002435,519.7101449275374
42.113940477371216,0.06097104501728032,0.5510513108933005,9.082457344194667,520.3864734299528
42.15398597717285,0.05766369266561511,0.552214195854541,9.090888886474833,520.8695652173925
42.21393656730652,0.05481806425910282,0.5531798220765582,9.104379354123099,521.6425120772959
42.25400137901306,0.05164381059530046,0.5542153437186147,9.114497204859298,522.2222222222234
42.31393814086914,0.048617668137842074,0.5551659774859743,9.12630136405153,522.8985507246389
42.35401177406311,0.045580515334788796,0.5560808247865556,9.138105523243762,523.5748792270543
42.41397452354431,0.04221360359722087,0.5570579564883099,9.146537065523928,524.057971014494
42.45399594306946,0.039318672499450924,0.557863815637142,9.160027533172194,524.8309178743974
42.51401734352112,0.03609173729758669,0.5587211840505433,9.170145383908393,525.4106280193249
42.5530481338501,0.032856292688822175,0.5595458594878817,9.180263234644592,525.9903381642524
42.61399555206299,0.03042109336621307,0.5601295219913156,9.198812627660956,527.0531400966196
42.65410828590393,0.027325642945633166,0.5608219304157356,9.210616786853189,527.729468599035
42.71403217315674,0.024873851847937223,0.5613314184646687,9.229166179869553,528.7922705314022
42.75396728515625,0.021595396118042787,0.5619638102897679,9.239284030605752,529.3719806763297
42.813992500305176,0.019130008787973274,0.5624028125351872,9.257833423622117,530.4347826086969
42.85395264625549,0.016163484629770464,0.5628821552595487,9.271323891270383,531.2077294686003
42.91400718688965,0.012367408404219682,0.563459466620501,9.276382816638481,531.4975845410639
42.95400810241699,0.009228373845758253,0.5639152130118923,9.284814358918648,531.9806763285037
43.013497829437256,0.006084888863541471,0.5643391763346646,9.296618518110881,532.6570048309192
43.05393838882446,0.0031020089803068807,0.5647031304949541,9.310108985759147,533.4299516908226
43.11390805244446,-0.00038310930372226215,0.5650836979101046,9.32191314495138,534.106280193238
43.15399122238159,-0.004203522263171555,0.565468311920448,9.326972070319478,534.3961352657018
43.213958740234375,-0.007694562274869421,0.5657900581680834,9.338776229511708,535.0724637681171
43.25392150878906,-0.010856338389197584,0.5660438583559089,9.350580388703941,535.7487922705326
43.31395649909973,-0.014187636339125453,0.5662689036005433,9.364070856352207,536.521739130436
43.35394215583801,-0.0175213586114632,0.566454610908542,9.374188707088406,537.1014492753635
43.413923263549805,-0.02135664943010457,0.5666390762280971,9.379247632456504,537.3913043478273
43.45391893386841,-0.024526105352682293,0.5667647420043469,9.391051791648735,538.0676328502426
43.51315784454346,-0.028364157890336306,0.5668780373523779,9.3994833339289,538.5507246376823
43.55404257774353,-0.03153550767651264,0.5669395456136173,9.411287493121133,539.2270531400977
43.613895654678345,-0.03470736255665513,0.5669636153413016,9.423091652313365,539.9033816425132
43.653921127319336,-0.03804623431043791,0.5669523545632623,9.433209503049564,540.4830917874407
43.713507652282715,-0.04171867992315709,0.5669028085488262,9.443327353785763,541.0628019323683
43.753965854644775,-0.04572452851005576,0.5668217363264608,9.44669997069783,541.2560386473441
43.81388854980469,-0.0490622040191262,0.5667316608610102,9.45681782143403,541.8357487922717
43.85399079322815,-0.0525657353924861,0.5666045824323453,9.465249363714195,542.3188405797113
43.91393828392029,-0.05556762289871642,0.5664678109860031,9.475367214450394,542.8985507246388
43.95400667190552,-0.059235056659969476,0.5662697170871839,9.482112448274526,543.2850241545905
44.013890981674194,-0.06273425322294052,0.5660540682410482,9.490543990554691,543.76811594203
44.05401635169983,-0.06589843537031498,0.5658322708769639,9.498975532834857,544.2512077294697
44.11392307281494,-0.06856043454682484,0.5656118102773302,9.515838617395188,545.2173913043488
44.15390944480896,-0.07205036957926703,0.5652782919412878,9.524270159675353,545.7004830917884
44.21317267417908,-0.07537102833585888,0.5649298427834469,9.534388010411552,546.280193236716
44.25390315055847,-0.07868799162806614,0.5645478141045744,9.544505861147751,546.8599033816434
44.313854932785034,-0.08266516480571173,0.5640625418908551,9.547878478059818,547.0531400966194
44.35389018058777,-0.08614262463748212,0.5636173968250998,9.556310020339984,547.5362318840589
44.413843631744385,-0.08911894332059356,0.5632031962394483,9.56980048798825,548.3091787439623
44.45392084121704,-0.0924203012672675,0.5627039697364877,9.579918338724449,548.8888888888899
44.51387166976929,-0.0957164392208251,0.5621713667094188,9.590036189460648,549.4685990338174
44.553914070129395,-0.09917104653400038,0.5615742324507291,9.60184034865288,550.1449275362329
44.613980531692505,-0.10163186598977422,0.5611103086802296,9.620389741669245,551.2077294686001
44.653929710388184,-0.10490375557493711,0.5604447788643491,9.630507592405444,551.7874396135276
44.71399712562561,-0.10784118079565286,0.5598110848519912,9.64399806005371,552.560386473431
44.75397562980652,-0.11109644804461935,0.5590685038590119,9.654115910789908,553.1400966183585
44.81388211250305,-0.11434403547722563,0.55829302512887,9.664233761526107,553.7198067632861
44.85391712188721,-0.11774487259181099,0.557441445460721,9.67603792071834,554.3961352657016
44.913907289505005,-0.12065041135241458,0.5566747124307638,9.689528388366606,555.169082125605
44.953983545303345,-0.12451392132916933,0.5556132576432624,9.696273622190738,555.5555555555566
45.013919830322266,-0.12820862607853373,0.5545679634585,9.704705164470903,556.0386473429962
45.05391764640808,-0.13141125699909192,0.5536238519290632,9.71819563211917,556.8115942028996
45.11395812034607,-0.134762951846312,0.5525957358547486,9.726627174399335,557.2946859903392
45.153902530670166,-0.13858645868326436,0.5513981586863935,9.729999791311402,557.4879227053151
45.2139253616333,-0.1417641867054209,0.5503733484549201,9.743490258959667,558.2608695652185
45.25394248962402,-0.14492959659855023,0.5493111000838671,9.753608109695866,558.840579710146
45.31390690803528,-0.14792549443181252,0.5482690641415244,9.765412268888099,559.5169082125615
45.35395812988281,-0.15122492767301435,0.5470838969389753,9.773843811168264,560.0000000000011
45.413891077041626,-0.15466981278499875,0.5458102886196117,9.783961661904463,560.5797101449286
45.45392417907715,-0.1574758586285399,0.544735048296455,9.79745212955273,561.352657004832
45.51397228240967,-0.16057936789294716,0.5435036175679655,9.807569980288928,561.9323671497596
45.55395245552063,-0.16336116996531097,0.5423671263630765,9.817687831025127,562.5120772946871
45.61396646499634,-0.16628626426489562,0.5411403150201977,9.826119373305293,562.9951690821267
45.654032945632935,-0.16919879636121754,0.5398839713091161,9.837923532497525,563.6714975845422
45.71440649032593,-0.17178934486896183,0.5387248221769071,9.853100308601825,564.5410628019335
45.753989458084106,-0.17497230939112393,0.5372552583430431,9.861531850881992,565.0241545893732
45.81400513648987,-0.1779905932584504,0.5358276190715312,9.87164970161819,565.6038647343007
45.85392713546753,-0.18069169296738022,0.5345107685139441,9.885140169266457,566.3768115942041
45.91387104988098,-0.18382594732384994,0.5329399946154806,9.893571711546622,566.8599033816438
45.95392680168152,-0.18694684638287476,0.5313428502655471,9.902003253826788,567.3429951690833
46.013020753860474,-0.1897557520277959,0.5298693198754945,9.91380741301902,568.0193236714988
46.053924560546875,-0.1922509691139899,0.5285171142792762,9.92898418912332,568.8888888888902
46.11390805244446,-0.19501910001558714,0.5269683424936016,9.94078834831555,569.5652173913055
46.153942584991455,-0.197476929588861,0.5255493139278494,9.95596512441985,570.4347826086969
46.213972091674805,-0.20005753449964328,0.5240096667854677,9.969455592068115,571.2077294686003
46.25395369529724,-0.2026171346583816,0.5224353472321429,9.982946059716381,571.9806763285037
46.313931941986084,-0.2047311115719965,0.5210929764683628,9.99812283582068,572.8502415458951
46.35396480560303,-0.20738563436885346,0.5193566725049258,10.009926995012911,573.5265700483104
46.41395425796509,-0.21030001388305475,0.5174080132072678,10.018358537293077,574.0096618357501
46.45398139953613,-0.21291886027583465,0.5156183522607465,10.03016269648531,574.6859903381655
46.513928174972534,-0.21551639926597704,0.5137979034349973,10.041966855677542,575.362318840581
46.553929805755615,-0.21822948284888305,0.5118517870804349,10.05208470641374,575.9420289855085
46.61390686035156,-0.22051449884531965,0.5101685550174947,10.06726148251804,576.8115942028999
46.65388512611389,-0.22263944819547232,0.5085500888451522,10.084124567078373,577.7777777777792
46.71383762359619,-0.22500523633102343,0.5066972311802777,10.094242417814572,578.3574879227067
46.75397539138794,-0.2274808700889918,0.5047141829637969,10.106046577006804,579.0338164251222
46.81378436088562,-0.2300637640653499,0.5025983261396663,10.116164427743003,579.6135265700498
46.85389757156372,-0.2327550812655992,0.5003516190517744,10.124595970023169,580.0966183574893
46.91381025314331,-0.23516939134818834,0.49829435155395385,10.136400129215401,580.7729468599048
46.95392608642578,-0.23705055757094828,0.49664145370438895,10.154949522231766,581.8357487922719
47.01400279998779,-0.23952693327654073,0.4944018656266212,10.165067372967965,582.4154589371994
47.05391716957092,-0.24210520617182674,0.49202628361612877,10.17349891524813,582.898550724639
47.11392951011658,-0.24453961523684417,0.48974114819399506,10.183616765984329,583.4782608695666
47.153958559036255,-0.24682837038739525,0.4875450510665197,10.195420925176562,584.1545893719821
47.214229345321655,-0.24909104360623022,0.4853220907346092,10.207225084368794,584.8309178743975
47.253939628601074,-0.2516869960342584,0.48272394859505263,10.213970318192926,585.2173913043492
47.31385850906372,-0.2542653644636092,0.48010835538729807,10.220715552017058,585.6038647343008
47.35392093658447,-0.25635317851165246,0.4779470901260702,10.234206019665324,586.3768115942042
47.4138765335083,-0.2582955436204662,0.47587784242080633,10.249382795769623,587.2463768115956
47.45392465591431,-0.26043107445228164,0.4735324744755053,10.264559571873923,588.115942028987
47.51388454437256,-0.26264759890223094,0.47103543407613113,10.274677422610122,588.6956521739145
47.553889751434326,-0.26461580462779655,0.46876470704488216,10.288167890258388,589.4685990338179
47.6139030456543,-0.26666287569539715,0.46634174547344265,10.29997204945062,590.1449275362334
47.653979539871216,-0.26857302073944833,0.4640219651089932,10.313462517098886,590.9178743961368
47.71388387680054,-0.2710884560491005,0.46090331463012424,10.320207750923018,591.3043478260885
47.753910064697266,-0.2730610499690846,0.4584193428188272,10.328639293203183,591.787439613528
47.813605070114136,-0.2750084108946037,0.45591554007934415,10.340443452395416,592.4637681159435
47.853965759277344,-0.27692608155107584,0.45338892535094066,10.352247611587648,593.1400966183589
47.91388773918152,-0.2787164769193592,0.450975521229409,10.362365462323847,593.7198067632866
47.95395231246948,-0.28038232109754924,0.44867779812692876,10.37416962151608,594.396135265702
48.01387882232666,-0.28231698245265135,0.44595653429657295,10.380914855340212,594.7826086956536
48.05391764640808,-0.28423324437449293,0.44322228272800235,10.387660089164344,595.1690821256053
48.11395335197449,-0.2863207972072239,0.44020045633383476,10.394405322988476,595.5555555555569
48.15412616729736,-0.2880036925736761,0.4377108984987626,10.407895790636742,596.3285024154603
48.21393084526062,-0.2894658432797278,0.4354755108803565,10.424758875197073,597.2946859903395
48.253896951675415,-0.29125567096476795,0.43265687499553757,10.434876725933272,597.8743961352671
48.31322193145752,-0.2929265553841669,0.4299606947364512,10.446680885125504,598.5507246376826
48.35393810272217,-0.29430092849863454,0.4276702927992448,10.463543969685835,599.5169082125618
48.413912534713745,-0.2959752475633174,0.42478154790518247,10.477034437334101,600.2898550724651
48.45395827293396,-0.29753101627068634,0.42201734341534247,10.488838596526334,600.9661835748807
48.5138795375824,-0.29905404823823173,0.4192349673878587,10.500642755718566,601.6425120772961
48.55392265319824,-0.3003830536270934,0.41672731650345374,10.515819531822865,602.5120772946875
48.61392903327942,-0.3019091535081073,0.41375760093685554,10.525937382559064,603.091787439615
48.653072357177734,-0.30379483588898637,0.4100342622455036,10.527623691015098,603.188405797103
48.714025020599365,-0.30513668133012034,0.4073454919242035,10.537741541751297,603.7681159420305
48.7538788318634,-0.30637606991914546,0.4047923596896579,10.54954570094353,604.4444444444459
48.81403565406799,-0.3075079917020897,0.40237293918692935,10.56640878550386,605.4106280193251
48.853928565979004,-0.30881570577379003,0.3994831075933658,10.574840327784026,605.8937198067647
48.913883209228516,-0.3101742693294679,0.3964331081739381,10.578212944696093,606.0869565217406
48.95386528968811,-0.31145267807995347,0.3935301934664135,10.583271870064191,606.3768115942044
49.013909101486206,-0.3125106517313905,0.3910775348589848,10.59338972080039,606.9565217391319
49.0539276599884,-0.3138124091729461,0.38800286106219223,10.596762337712457,607.1497584541078
49.113860845565796,-0.3147712004487896,0.3856895134990037,10.60856649690469,607.8260869565232
49.1539568901062,-0.31583568643264043,0.3830586509271722,10.61362542227279,608.115942028987
49.213924169540405,-0.31688240255185735,0.38042066805242714,10.622056964552955,608.5990338164266
49.25390887260437,-0.31784867844540343,0.3779304565374586,10.628802198377088,608.9855072463782
49.31389141082764,-0.3187981354255674,0.3754337839649037,10.63554743220122,609.3719806763299
49.353941679000854,-0.3197307302939501,0.37293076392838903,10.642292666025352,609.7584541062816
49.41397833824158,-0.3208256462064633,0.3699537852793213,10.643978974481385,609.8550724637695
49.45397424697876,-0.32185579782253065,0.3671308749590118,10.647351591393452,610.0483091787454
49.51391339302063,-0.3228811876786227,0.36430623149980806,10.647351591393452,610.0483091787454
49.55394625663757,-0.32402050974094754,0.36116773876735997,10.647351591393452,610.0483091787454
49.61396050453186,-0.3249234942762236,0.3586538848693015,10.654096825217584,610.4347826086971
49.65395212173462,-0.32597815094088384,0.35566240663067683,10.659155750585683,610.7246376811607
49.713918685913086,-0.3269653428862621,0.35282418763074486,10.66252836749775,610.9178743961367
49.75396990776062,-0.3280515808014855,0.3496669295505651,10.665900984409816,611.1111111111126
49.81381273269653,-0.3289635611222792,0.34697939161108116,10.670959909777917,611.4009661835763
49.853960037231445,-0.3299123754979224,0.3441281135977742,10.677705143602049,611.787439613528
49.91398620605469,-0.33100529208281293,0.34079698550813053,10.679391452058082,611.884057971016
49.9539749622345,-0.3319890376427658,0.33778144452751785,10.681077760514116,611.9806763285039
50.01394534111023,-0.3331251670205499,0.33428880632368624,10.681077760514116,611.9806763285039
50.053983211517334,-0.33431601690891355,0.3306384146103133,10.679391452058082,611.884057971016
50.11393880844116,-0.33540331463307216,0.32730544826332014,10.681077760514116,611.9806763285039
50.15398693084717,-0.33671109122564974,0.32334201926357975,10.67264621823395,611.4975845410643
50.21394443511963,-0.3378208456817289,0.32001646276002194,10.674332526689984,611.5942028985522
50.25395369529724,-0.33898050769640403,0.3165315674104244,10.674332526689984,611.5942028985522
50.313227891922,-0.3400846526632197,0.31320414424776494,10.676018835146017,611.6908212560402
50.35397911071777,-0.34134973849741085,0.30940244023002206,10.67264621823395,611.4975845410643
50.41389060020447,-0.3426276388036799,0.30560502447537685,10.669273601321883,611.3043478260885
50.45396971702576,-0.3438676243282906,0.301971029563929,10.664214675953783,611.0144927536246
50.513954401016235,-0.34535200130410426,0.29771495110976254,10.655783133673618,610.5314009661851
50.553993940353394,-0.34681246049962355,0.2936274699302397,10.649037899849485,610.1449275362334
50.61394929885864,-0.34812572357364163,0.2900193092885694,10.643978974481385,609.8550724637695
50.65400743484497,-0.34957300575473593,0.2861046671158594,10.638920049113285,609.5652173913057
50.713937520980835,-0.3508611255605868,0.2826651818416208,10.635547432201218,609.3719806763298
50.753989934921265,-0.3521608380847708,0.27923006045506027,10.63217481528915,609.1787439613539
50.81395721435547,-0.35371737989712865,0.27517819408990163,10.625429581465019,608.7922705314023
50.853997468948364,-0.35491997396829367,0.27206339732392704,10.628802198377086,608.9855072463782
50.91393756866455,-0.3564330601904768,0.26817371621407804,10.62037065609692,608.5024154589386
50.95398020744324,-0.3579076364554258,0.2644482604774946,10.616998039184853,608.3091787439627
51.013932943344116,-0.35907749564749086,0.26149992667630756,10.618684347640887,608.4057971014506
51.0539493560791,-0.36062332370881034,0.25762314132541225,10.613625422272786,608.1159420289869
51.11392021179199,-0.36192730889446406,0.2543688359238346,10.61531173072882,608.2125603864748
51.15395402908325,-0.3634207130123839,0.2506508875988873,10.611939113816753,608.0193236714989
51.21390962600708,-0.36506569876290124,0.24663411459866494,10.601821263080554,607.4396135265714
51.25397515296936,-0.3666091223287904,0.24293665069719775,10.598448646168487,607.2463768115955
51.31395506858826,-0.36796779714220496,0.23970479615799967,10.596762337712454,607.1497584541075
51.353973150253296,-0.3697356633731739,0.23555844501467643,10.588330795432288,606.666666666668
51.41392731666565,-0.3710529586359262,0.23249039602809551,10.591703412344355,606.8599033816438
51.45399522781372,-0.3726337129512287,0.22880873724419876,10.588330795432288,606.666666666668
51.5139262676239,-0.3741634633187266,0.2252868986716891,10.583271870064188,606.3768115942041
51.55394887924194,-0.3757050827759385,0.2217702393809955,10.581585561608154,606.2801932367162
51.61393713951111,-0.37732300601878765,0.21810476260618977,10.578212944696087,606.0869565217403
51.65418004989624,-0.3786764244054614,0.21505247656717852,10.578212944696087,606.0869565217403
51.713984966278076,-0.3801002154312887,0.2118487755627276,10.576526636240054,605.9903381642524
51.753944635391235,-0.3816714306014417,0.2083452393481642,10.571467710871953,605.7004830917886
51.81404781341553,-0.383326357144986,0.2046963198174171,10.568095093959887,605.5072463768126
51.854016065597534,-0.3849935806609107,0.20105300246171737,10.56472247704782,605.3140096618368
51.91396975517273,-0.3867526405585246,0.19726819634664552,10.556290934767654,604.8309178743972
51.954004764556885,-0.3883885701679684,0.1937944062794973,10.55460462631162,604.7342995169092
52.01396179199219,-0.3903296145428553,0.1897262463085687,10.546173084031455,604.2512077294697
52.05394220352173,-0.392304890379236,0.18567459674517517,10.53774154175129,603.76811594203
52.11390686035156,-0.3937806970904149,0.18267956987641992,10.53774154175129,603.76811594203
52.15397119522095,-0.39571891828316325,0.1787957905234301,10.52762369101509,603.1884057971025
52.21390891075134,-0.39738108081507667,0.17552065277007806,10.524251074103024,602.9951690821266
52.253937005996704,-0.39928557507834694,0.17180690120956033,10.519192148734923,602.7053140096629
52.31396770477295,-0.4012150759489552,0.16810608029489882,10.510760606454758,602.2222222222232
52.353962421417236,-0.4030131420632981,0.1647133761571753,10.50570168108666,601.9323671497596
52.413962841033936,-0.40490429297591257,0.16118110439071875,10.502329064174592,601.7391304347836
52.45399832725525,-0.40706193098759424,0.15722355754641193,10.49052490498236,601.0628019323682
52.513951778411865,-0.40884442558233075,0.15401232342139692,10.487152288070293,600.8695652173923
52.553945541381836,-0.41063233277137845,0.15080409969645514,10.487152288070293,600.8695652173923
52.61394691467285,-0.4125945696184572,0.14731081726264572,10.480407054246161,600.4830917874407
52.654008865356445,-0.41457445353583655,0.14382750629747226,10.477034437334094,600.2898550724648
52.71392560005188,-0.41665211095435617,0.14020778411153717,10.471975511965994,600.0000000000009
52.75398516654968,-0.41875413679561735,0.1366021584494996,10.463543969685828,599.5169082125614
52.81394910812378,-0.42088043542163267,0.13301079336013838,10.45848504431773,599.2270531400976
52.85397720336914,-0.42311379173264413,0.1292888902121786,10.451739810493597,598.840579710146
52.91398286819458,-0.4251927054084971,0.12586376050153317,10.44836719358153,598.6473429951701
52.95398235321045,-0.4271089544327512,0.12273050320871903,10.444994576669464,598.4541062801942
53.01392674446106,-0.4291205849731108,0.11945990300588638,10.44330826821343,598.3574879227062
53.05395722389221,-0.43131911710389925,0.1159122974018254,10.438249342845332,598.0676328502426
53.11395812034607,-0.4333527626774939,0.1126553404173577,10.436563034389298,597.9710144927546
53.153980016708374,-0.43558112809316185,0.10912639771077634,10.428131492109133,597.487922705315
53.21394658088684,-0.43783324617894215,0.1056125660159205,10.423072566741034,597.1980676328513
53.25395941734314,-0.4398229252793413,0.10252541706205373,10.423072566741034,597.1980676328513
53.313977003097534,-0.4419057648574094,0.09929969816393053,10.421386258285,597.1014492753634
53.35394501686096,-0.44427563085571886,0.09566319179039223,10.414641024460868,596.7149758454117
53.4139039516449,-0.4463855938617714,0.09245514889311568,10.412954716004835,596.6183574879237
53.45321726799011,-0.4486907791719328,0.08897590044871065,10.407895790636736,596.3285024154601
53.51396298408508,-0.45110340496903345,0.08536762105017565,10.40452317372467,596.1352657004842
53.55396342277527,-0.4534378434236085,0.08190793231361548,10.39946424835657,595.8454106280203
53.6139018535614,-0.45588685313989924,0.07832424777612637,10.392719014532437,595.4589371980687
53.65395903587341,-0.45826196672637665,0.0748923555133347,10.387660089164338,595.169082125605
53.71392774581909,-0.4601643718114653,0.07214844474846732,10.391032706076405,595.3623188405809
53.75393891334534,-0.4626435101067972,0.06858553627822256,10.384287472252273,594.9758454106292
53.81393337249756,-0.4649485540907431,0.0653083167496479,10.380914855340206,594.7826086956534
53.85398840904236,-0.46736401186897425,0.06190469914867433,10.375855929972108,594.4927536231896
53.91412854194641,-0.47009817374015095,0.05811328595658746,10.365738079235909,593.9130434782621
53.953977823257446,-0.4725650073013253,0.05474671778803045,10.36067915386781,593.6231884057984
54.01391410827637,-0.4747433076180704,0.05178963826322969,10.36067915386781,593.6231884057984
54.053950548172,-0.4772327931785238,0.0484397859237419,10.352247611587645,593.1400966183588
54.11395192146301,-0.4793334392639525,0.045632978656593604,10.353933920043678,593.2367149758467
54.153982639312744,-0.48183983954880805,0.042295763250877,10.34887499467558,592.946859903383
54.2139208316803,-0.4843630904125861,0.03897127018718799,10.34381606930748,592.6570048309192
54.25396490097046,-0.4870134321497254,0.03553381005925901,10.33369821857128,592.0772946859917
54.31392979621887,-0.4894812485260394,0.03237734400697975,10.330325601659213,591.8840579710157
54.35391688346863,-0.4915421948930406,0.029750427284722547,10.330325601659213,591.8840579710157
54.41395020484924,-0.4939148295026642,0.026731472477692142,10.32863929320318,591.7874396135278
54.453956842422485,-0.49682489542462827,0.023073334773784454,10.31852144246698,591.2077294686003
54.51389980316162,-0.4990235997230694,0.02034266078753824,10.316835134010947,591.1111111111123
54.553950786590576,-0.5018682302117177,0.01684614020310049,10.308403591730782,590.6280193236728
54.61362171173096,-0.5040944500498572,0.014137851768789844,10.306717283274748,590.5314009661848
54.65406346321106,-0.5066465223052752,0.011049110470215423,10.303344666362682,590.3381642512089
54.71407151222229,-0.508995457595895,0.008225670266065715,10.299972049450615,590.1449275362331
54.75401306152344,-0.5117883170220442,0.004902963586189857,10.293226815626483,589.7584541062814
54.814024925231934,-0.5140553819867529,0.0022287725950795867,10.291540507170449,589.6618357487935
54.85396981239319,-0.5169875362532832,-0.0011946832862786971,10.283108964890284,589.1787439613539
54.91397404670715,-0.5195049112962304,-0.004094046321640787,10.278050039522185,588.8888888888902
54.95401740074158,-0.521919842508115,-0.006861250475257208,10.278050039522185,588.8888888888902
55.01395297050476,-0.5244567170166025,-0.009743567398474096,10.26961849724202,588.4057971014506
55.054001808166504,-0.5270129755678976,-0.01260870706987055,10.26455957187392,588.1159420289869
55.113452434539795,-0.5295788825812602,-0.015465209181974249,10.262873263417887,588.0193236714989
55.15402865409851,-0.5323835836122548,-0.018555953619615817,10.254441721137722,587.5362318840594
55.21395683288574,-0.5349782604585132,-0.021386348500399055,10.252755412681688,587.4396135265714
55.25399351119995,-0.5376932113276476,-0.024332946095011743,10.249382795769622,587.2463768115955
55.31397724151611,-0.5403069206781073,-0.027145775017821505,10.244323870401523,586.9565217391317
55.3539936542511,-0.5431684673477746,-0.030183965220786424,10.235892328121356,586.4734299516921
55.413784980773926,-0.5454679309618535,-0.032604844912314856,10.235892328121356,586.4734299516921
55.45339250564575,-0.5481146605289975,-0.03538662594540959,10.234206019665322,586.3768115942041
55.51399087905884,-0.5507707569074562,-0.038159464769793816,10.229147094297222,586.0869565217404
55.55402112007141,-0.5536730285541894,-0.041158776080852555,10.224088168929121,585.7971014492765
55.6140022277832,-0.5564761547959906,-0.04402162062412046,10.21734293510499,585.4106280193248
55.65399765968323,-0.5590545232253413,-0.046637213831875024,10.21734293510499,585.4106280193248
55.713972330093384,-0.5619969916648458,-0.04959710040649207,10.208911392824824,584.9275362318853
55.75394368171692,-0.5652016972236498,-0.05276687028705307,10.200479850544658,584.4444444444457
55.81397581100464,-0.5681887466049724,-0.05568176051579554,10.19542092517656,584.154589371982
55.853960275650024,-0.5710680854635886,-0.05846794129665961,10.192048308264493,583.961352657006
55.91390514373779,-0.574079605398524,-0.06135754278017935,10.186989382896392,583.6714975845423
55.9534125328064,-0.5771105477142469,-0.06422676527605481,10.178557840616225,583.1884057971025
56.01404905319214,-0.5801607745089223,-0.06707547824038079,10.173498915248125,582.8985507246388
56.05397009849548,-0.5832301470033106,-0.06990355206239629,10.165067372967957,582.415458937199
56.114059925079346,-0.5861927170394794,-0.07260106469205801,10.16169475605589,582.2222222222232
56.15396547317505,-0.5891643678861901,-0.07528857038538,10.158322139143824,582.0289855072473
56.21398949623108,-0.5922716119642744,-0.07807498085250214,10.153263213775723,581.7391304347834
56.25402474403381,-0.5955201928628635,-0.08095372460630262,10.14651797995159,581.3526570048317
56.31407833099365,-0.5982812796920765,-0.08337564762478838,10.143145363039523,581.1594202898558
56.35398459434509,-0.6015588205146594,-0.08622137593420692,10.13640012921539,580.7729468599042
56.41389012336731,-0.6042118704515802,-0.08851314534742155,10.138086437671424,580.8695652173922
56.45412516593933,-0.6073748594909568,-0.09123611236684293,10.133027512303325,580.5797101449284
56.514060497283936,-0.6101683669582313,-0.09362056777976419,10.129654895391258,580.3864734299525
56.55406355857849,-0.6134887176460819,-0.09641622776703324,10.11953704465506,579.806763285025
56.61405658721924,-0.6168325217573589,-0.09918379303638702,10.112791810830927,579.4202898550733
56.65397644042969,-0.6200633680719501,-0.10182589090428873,10.107732885462827,579.1304347826095
56.71396088600159,-0.6234396072485036,-0.10455379348272309,10.100987651638693,578.7439613526577
56.753968477249146,-0.6267058016269913,-0.10715206662733417,10.092556109358528,578.2608695652182
56.81395888328552,-0.6294567501905212,-0.10932535055079173,10.094242417814561,578.3574879227061
56.85395860671997,-0.6327403960933422,-0.11190153350954324,10.085810875534396,577.8743961352665
56.91392374038696,-0.6356433343376453,-0.11415148042795958,10.082438258622329,577.6811594202907
56.95400786399841,-0.6389571604420646,-0.11668872412964593,10.074006716342163,577.198067632851
57.013986349105835,-0.6422880253325003,-0.11920355774914021,10.068947790974065,576.9082125603874
57.05399012565613,-0.6452284900885602,-0.12140423460054167,10.065575174061998,576.7149758454115
57.11309790611267,-0.6483122842438505,-0.12369196201556981,10.060516248693897,576.4251207729476
57.15396857261658,-0.6511349510629785,-0.12577124868155426,10.058829940237864,576.3285024154596
57.21391773223877,-0.6546448145014108,-0.12832493270630796,10.048712089501665,575.7487922705321
57.25405406951904,-0.6580382188696186,-0.13075471785028742,10.043653164133566,575.4589371980684
57.31402230262756,-0.6608955458914918,-0.13278611227314435,10.041966855677533,575.3623188405805
57.35410022735596,-0.6638943095420955,-0.13490666129491807,10.038594238765466,575.1690821256046
57.41397523880005,-0.6673121240028079,-0.1373019886972196,10.033535313397365,574.8792270531408
57.453946113586426,-0.6700512139321195,-0.13921132830883187,10.033535313397365,574.8792270531408
57.513988733291626,-0.6729289476965479,-0.1412137092396774,10.031849004941332,574.7826086956528
57.55409121513367,-0.6760881298359043,-0.14339615083753277,10.026790079573232,574.4927536231891
57.61407709121704,-0.6792583123113748,-0.14556258250963655,10.021731154205131,574.2028985507252
57.6543128490448,-0.6825758296580047,-0.14780924097527054,10.018358537293064,574.0096618357494
57.71398329734802,-0.6853435806472525,-0.14967679173893056,10.018358537293064,574.0096618357494
57.75396990776062,-0.6885283039816132,-0.15182179066696272,10.016672228837031,573.9130434782614
57.81398057937622,-0.6917202434495477,-0.153956036564398,10.01161330346893,573.6231884057976
57.85393452644348,-0.6950603219561757,-0.1561690144621538,10.008240686556864,573.4299516908217
57.9138970375061,-0.698128884727483,-0.1581872399462047,10.004868069644797,573.2367149758459
57.9539692401886,-0.7010595906579444,-0.16011125755535038,10.00655437810083,573.3333333333337
58.01410412788391,-0.7044145201212918,-0.162301655670388,9.999809144276698,572.9468599033821
58.0539071559906,-0.707784147898753,-0.16446937434396014,9.993063910452566,572.5603864734304
58.113991260528564,-0.7108829862593068,-0.16644079829661113,9.9896912935405,572.3671497584546
58.15389847755432,-0.7142707712576242,-0.16858002909565206,9.986318676628432,572.1739130434787
58.213908672332764,-0.7170969275766079,-0.17035795818703742,9.986318676628432,572.1739130434787
58.25400400161743,-0.7200659646784078,-0.17222228103978487,9.984632368172399,572.0772946859908
58.313876152038574,-0.7230350017802076,-0.1740866038925324,9.986318676628432,572.1739130434787
58.35387468338013,-0.7264335655900875,-0.1762086688388912,9.9795734428043,571.787439613527
58.41387462615967,-0.7299867209440971,-0.17839822040995484,9.974514517436202,571.4975845410634
58.45390820503235,-0.7328336668402868,-0.18014266601171347,9.974514517436202,571.4975845410634
58.51389145851135,-0.7365423237928497,-0.18239795026495748,9.967769283612068,571.1111111111115
58.55387568473816,-0.739545430190354,-0.1842068817109801,9.966082975156034,571.0144927536236
58.61391305923462,-0.7429827700875105,-0.1862655439071194,9.962710358243967,570.8212560386478
58.654276609420776,-0.7465759266977676,-0.18838881370303218,9.954278815963802,570.3381642512081
58.713884353637695,-0.7497457534662049,-0.19024394438414954,9.954278815963802,570.3381642512081
58.75387740135193,-0.7533566845837815,-0.19233684321500333,9.945847273683636,569.8550724637686
58.81382203102112,-0.7571284616618069,-0.19448489841178146,9.939102039859504,569.4685990338169
58.85390853881836,-0.7607707391639088,-0.1965227560245108,9.930670497579339,568.9855072463773
58.91386604309082,-0.7644266795296903,-0.19853599945090566,9.925611572211238,568.6956521739135
58.953941822052,-0.7679477281153758,-0.20044796505301093,9.918866338387105,568.3091787439618
59.01388239860535,-0.7711812485848988,-0.2021897046888651,9.918866338387105,568.3091787439618
59.05399417877197,-0.7744177015658288,-0.20392598913795706,9.915493721475038,568.1159420289858
59.1140398979187,-0.7782529323302125,-0.20595858561504055,9.908748487650906,567.7294685990342
59.15394067764282,-0.7819521250627764,-0.20789120616223145,9.903689562282807,567.4396135265705
59.2139368057251,-0.7853613595597768,-0.2096577290922098,9.902003253826773,567.3429951690825
59.253944635391235,-0.7890735040180246,-0.21156535394347808,9.896944328458673,567.0531400966187
59.313886880874634,-0.7924975116692554,-0.21330306931775228,9.891885403090573,566.7632850241549
59.35391545295715,-0.7960780017696995,-0.21510125903160776,9.888512786178506,566.570048309179
59.41388559341431,-0.799966671351085,-0.21702965015934383,9.881767552354374,566.1835748792274
59.45391345024109,-0.8031140581893408,-0.21857394193925955,9.88008124389834,566.0869565217395
59.51387286186218,-0.8067184801675218,-0.22032366700611905,9.873336010074208,565.7004830917878
59.55396342277527,-0.8109407011591008,-0.22232948480172993,9.86321815933801,565.1207729468603
59.61397194862366,-0.8145712621999897,-0.22402430695604975,9.859845542425942,564.9275362318843
59.65397238731384,-0.8174465866244491,-0.22536361729595833,9.861531850881976,565.0241545893723
59.713918924331665,-0.8210800004949177,-0.2270523147976677,9.858159233969909,564.8309178743964
59.75392413139343,-0.8250284490975609,-0.22885514509667199,9.84804138323371,564.2512077294689
59.81390428543091,-0.8291459483137892,-0.23068920589683717,9.839609840953544,563.7681159420293
59.85392665863037,-0.8328182132897957,-0.23229166199682477,9.832864607129412,563.3816425120776
59.91387915611267,-0.8360373277120463,-0.23368025241433582,9.831178298673379,563.2850241545897
59.953911781311035,-0.8398751601988741,-0.23532040205846222,9.826119373305279,562.9951690821259
60.013859272003174,-0.8438793348790452,-0.23699582098678956,9.81600152256908,562.4154589371983
60.05408525466919,-0.8475884043088635,-0.23851114259330836,9.809256288744947,562.0289855072467
60.113977909088135,-0.8517739233585512,-0.24018416653188218,9.800824746464782,561.545893719807
60.153955936431885,-0.8547232424833459,-0.24135153940830067,9.802511054920815,561.642512077295
60.21392512321472,-0.8584499401907631,-0.24282297401572223,9.799138438008749,561.4492753623192
60.2534236907959,-0.8620272718361248,-0.24421803007795378,9.79407951264065,561.1594202898555
60.313883781433105,-0.8656116151591497,-0.24559497091196364,9.78902058727255,560.8695652173916
60.35396480560303,-0.8695151621893331,-0.2470719169621725,9.78396166190445,560.5797101449278
60.413926124572754,-0.8735863900489522,-0.24857709043051018,9.77384381116825,560.0000000000002
60.45389223098755,-0.8768818074180226,-0.24977337859595122,9.772157502712219,559.9033816425124
60.51409029960632,-0.8801772247870929,-0.2509696667613923,9.773843811168252,560.0000000000003
60.553919553756714,-0.8839468622611311,-0.252327322432289,9.76709857734412,559.6135265700487
60.61393880844116,-0.8880428919444633,-0.25376363169146077,9.756980726607921,559.0338164251212
60.65419673919678,-0.8918326993331434,-0.25506392226017816,9.753608109695854,558.8405797101453
60.71395015716553,-0.8956290362710627,-0.25634502391898084,9.746862875871722,558.4541062801936
60.75317597389221,-0.8991149081557535,-0.25750174721754937,9.743490258959655,558.2608695652178
60.814027309417725,-0.903401327769547,-0.25889608781755663,9.73505871667949,557.7777777777782
60.85392189025879,-0.907220773899841,-0.26010655337434613,9.728313482855357,557.3913043478266
60.91389536857605,-0.9110482979528445,-0.26129122853238407,9.721568249031225,557.0048309178749
60.95396947860718,-0.9144017217545735,-0.26231369115622033,9.719881940575192,556.9082125603869
61.013901472091675,-0.9174342075687247,-0.263243891413933,9.724940865943292,557.1980676328508
61.053938150405884,-0.921105111449013,-0.26436992330484876,9.719881940575192,556.9082125603869
61.11408853530884,-0.9249424879720813,-0.26552228480481194,9.71313670675106,556.5217391304353
61.153971910476685,-0.9291100238469407,-0.2667355812180942,9.703018856014861,555.9420289855077
61.213921308517456,-0.9328029606555215,-0.26778710432554714,9.701332547558827,555.8454106280197
61.25394797325134,-0.9364994228392765,-0.2688261666151831,9.696273622190727,555.555555555556
61.31386423110962,-0.9405248432282749,-0.26992845502749185,9.68784207991056,555.0724637681163
61.353899240493774,-0.9447217325491462,-0.27103595829298505,9.67772422917436,554.4927536231887
61.41385316848755,-0.9487669060331587,-0.27206339225014153,9.669292686894195,554.0096618357492
61.453909158706665,-0.9528189177232333,-0.2730635174000976,9.664233761526095,553.7198067632853
61.51405572891235,-0.9570407813856225,-0.27407163974928184,9.654115910789896,553.1400966183578
61.55397820472717,-0.9612726288092792,-0.2750369950401555,9.643998060053697,552.5603864734303
61.61394190788269,-0.9650211611019082,-0.2758688536632353,9.642311751597664,552.4637681159423
61.653987407684326,-0.9692641086429423,-0.2767841894588633,9.632193900861465,551.8840579710148
61.71394371986389,-0.973023521659409,-0.2775654044672289,9.627134975493366,551.5942028985511
61.75398826599121,-0.976786838660732,-0.2783275909701485,9.622076050125266,551.3043478260872
61.81392478942871,-0.9802240793373265,-0.2790177051218031,9.623762358581299,551.4009661835752
61.85394263267517,-0.9843187800686772,-0.2798254643512457,9.615330816301134,550.9178743961356
61.913055658340454,-0.9882542010395221,-0.2805776992803891,9.611958199389067,550.7246376811597
61.95398950576782,-0.9920286517280746,-0.2812826851790876,9.606899274020968,550.434782608696
62.01404786109924,-0.995805458593175,-0.2819749373162491,9.605212965564935,550.3381642512081
62.05394649505615,-0.9999144374766227,-0.2827066077252814,9.596781423284769,549.8550724637685
62.11418342590332,-1.0035340760647926,-0.2833291252567282,9.593408806372702,549.6618357487926
62.153993368148804,-1.0076502474357745,-0.2840191848895037,9.588349881004604,549.3719806763289
62.213958978652954,-1.0114392446782792,-0.28464126447763516,9.58666357254857,549.275362318841
62.253307819366455,-1.0152303184039064,-0.28525056171587965,9.58160464718047,548.9855072463771
62.31391000747681,-1.0188580254210295,-0.2858241934652084,9.58160464718047,548.9855072463771
62.35393023490906,-1.0228165736160801,-0.2864432991055094,9.578232030268403,548.7922705314013
62.413891553878784,-1.0266126498416304,-0.2870206104664623,9.573173104900302,548.5024154589374
62.45390176773071,-1.0309076434539393,-0.2876478849876645,9.566427871076169,548.1159420289857
62.513885259628296,-1.0352067704406567,-0.2882461747224943,9.559682637252036,547.729468599034
62.55392551422119,-1.0396768187439873,-0.28882604279389745,9.547878478059804,547.0531400966186
62.61397457122803,-1.0438201322056657,-0.289328041409777,9.542819552691704,546.7632850241547
62.653995513916016,-1.0479667374834598,-0.28980208119950945,9.534388010411536,546.280193236715
62.71393918991089,-1.051950817214744,-0.2902269391771461,9.527642776587404,545.8937198067633
62.753175497055054,-1.0557705761647111,-0.2906179950322635,9.52595646813137,545.7971014492755
62.81388211250305,-1.0599245852788388,-0.29102204618227207,9.517524925851205,545.3140096618358
62.85390663146973,-1.0640818534716965,-0.2913910586816951,9.50909338357104,544.8309178743963
62.91391849517822,-1.0679082087219836,-0.2917111971146883,9.507407075115006,544.7342995169083
62.95398783683777,-1.0722351410146969,-0.2920548544862015,9.500661841290874,544.3478260869566
63.013888120651245,-1.076398040527711,-0.2923537134774017,9.492230299010709,543.8647342995171
63.05393576622009,-1.0802296755438237,-0.29260282433820245,9.48717137364261,543.5748792270533
63.11392784118652,-1.0845626756362172,-0.2928588588164253,9.480426139818476,543.1884057971016
63.15402269363403,-1.0887307700673494,-0.29307342317795615,9.47199459753831,542.705314009662
63.2139208316803,-1.0932341058585877,-0.29326718995965617,9.463563055258145,542.2222222222224
63.25398659706116,-1.0972382627439772,-0.2934090463785747,9.456817821434013,541.8357487922707
63.31388759613037,-1.1005754398599183,-0.2935160056706699,9.456817821434013,541.8357487922707
63.3539354801178,-1.104246527871011,-0.293627470466636,9.453445204521946,541.6425120772949
63.41374754905701,-1.1079177986264241,-0.29373274452029674,9.453445204521946,541.6425120772949
63.453954458236694,-1.111923185816566,-0.29383408090783203,9.446699970697814,541.2560386473432
63.51390719413757,-1.1149273501012187,-0.2939050173541067,9.450072587609881,541.4492753623191
63.55392646789551,-1.1185991064491276,-0.29399171745510916,9.446699970697814,541.2560386473432
63.61392617225647,-1.122772065658268,-0.2940656125897913,9.438268428417649,540.7729468599036
63.65440630912781,-1.126277620554969,-0.29410995080534064,9.436582119961615,540.6763285024157
63.713953495025635,-1.1301171797640044,-0.2941455625728438,9.431523194593517,540.3864734299519
63.753992319107056,-1.1337898760291636,-0.2941703361436364,9.431523194593517,540.3864734299519
63.81397104263306,-1.137128690815672,-0.29419285757162944,9.431523194593517,540.3864734299519
63.85395908355713,-1.1403005456958148,-0.29421692729931426,9.43320950304955,540.4830917874399
63.91329574584961,-1.143806280037025,-0.2942435306825451,9.431523194593517,540.3864734299519
63.95396304130554,-1.1474790128561425,-0.29426211092228055,9.42815057768145,540.193236714976
64.01397490501404,-1.1514856760509242,-0.2942688673987116,9.424777960769383,540.0000000000002
64.05394315719604,-1.1549915100848516,-0.29426591143922276,9.42309165231335,539.9033816425123
64.11395120620728,-1.1588312003181045,-0.29424972408805355,9.418032726945249,539.6135265700484
64.15403079986572,-1.1626708141203825,-0.29422058704927806,9.416346418489216,539.5169082125605
64.21391749382019,-1.1668440937593123,-0.29416780345933946,9.40791487620905,539.0338164251209
64.25398588180542,-1.1710169224253333,-0.29408687153665636,9.402855950840951,538.7439613526572
64.314213514328,-1.1751891102630574,-0.293977794963471,9.394424408560784,538.2608695652175
64.35391473770142,-1.179193500668829,-0.2938426909866618,9.387679174736652,537.8743961352659
64.41391682624817,-1.1828635183812055,-0.29370027758570355,9.384306557824585,537.68115942029
64.45391011238098,-1.187033273743463,-0.29352086389894433,9.379247632456487,537.3913043478262
64.51390385627747,-1.19053534004988,-0.29335834437211356,9.377561324000453,537.2946859903383
64.55389618873596,-1.1942037290193954,-0.2931788062027226,9.374188707088386,537.1014492753625
64.61390852928162,-1.198038375896037,-0.2929814069901147,9.372502398632353,537.0048309178745
64.65392208099365,-1.2015392663100397,-0.29279526908346387,9.37081609017632,536.9082125603866
64.71388649940491,-1.2052063608096113,-0.2925909910446655,9.367443473264252,536.7149758454107
64.75395178794861,-1.2090392070227145,-0.29236126724447453,9.362384547896152,536.4251207729468
64.81417870521545,-1.2127048402068534,-0.292132258630512,9.362384547896152,536.4251207729468
64.85387969017029,-1.2167028474575916,-0.29186894583280687,9.355639314072018,536.0386473429951
64.91391563415527,-1.2205327150095653,-0.2915939955609026,9.350580388703918,535.7487922705312
64.9538950920105,-1.2251924882478726,-0.29122390300696516,9.340462537967719,535.1690821256037
65.01386976242065,-1.22934975644073,-0.2908548905075412,9.332030995687553,534.6859903381642
65.05388069152832,-1.2333385735827767,-0.29047708974826963,9.328658378775486,534.4927536231883
65.11389923095703,-1.2371596296878455,-0.2900989186764033,9.323599453407386,534.2028985507244
65.15397381782532,-1.2408136262476996,-0.28972794600018886,9.323599453407386,534.2028985507244
65.21393871307373,-1.2446327203261833,-0.289330449412317,9.318540528039286,533.9130434782606
65.25395035743713,-1.2486160779515725,-0.28889887365459443,9.315167911127219,533.7198067632847
65.31393146514893,-1.2525972013043427,-0.2884471519964747,9.308422677303087,533.3333333333331
65.35391664505005,-1.2569058055801259,-0.287921440431612,9.298304826566888,532.7536231884055
65.41395998001099,-1.261044739194321,-0.2873845255506821,9.293245901198787,532.4637681159418
65.45395231246948,-1.2651799570629474,-0.2868197050207239,9.28481435891862,531.980676328502
65.51389622688293,-1.2686510954303765,-0.28632768932452013,9.283128050462587,531.8840579710142
65.55395793914795,-1.2726166756920119,-0.2857553530641652,9.27975543355052,531.6908212560382
65.61393547058105,-1.2760852805815195,-0.2852457835089184,9.278069125094486,531.5942028985503
65.65394353866577,-1.2803770459121955,-0.2845967890550708,9.271323891270354,531.2077294685986
65.71423959732056,-1.2836767013866104,-0.2840864311968093,9.271323891270354,531.2077294685986
65.75390982627869,-1.2879639914977576,-0.28340850276578455,9.264578657446222,530.821256038647
65.8139488697052,-1.2919171790317217,-0.28275604286073075,9.25783342362209,530.4347826086953
65.85386824607849,-1.295374762983346,-0.2821763927691996,9.259519732078124,530.5314009661832
65.91388630867004,-1.2991605646997848,-0.2815351529688984,9.254460806710025,530.2415458937196
65.95394015312195,-1.3031081105386466,-0.28084938518278213,9.251088189797958,530.0483091787437
66.01391506195068,-1.3070521366301353,-0.28014365591737667,9.244342955973826,529.661835748792
66.05394983291626,-1.3108289434952356,-0.27945140378021505,9.242656647517792,529.565217391304
66.11399102210999,-1.3147668790797251,-0.2787124457713941,9.23591141369366,529.1787439613524
66.15392398834229,-1.3187010259555985,-0.2779535755812764,9.232538796781594,528.9855072463765
66.21401476860046,-1.322631283437527,-0.27717481263137755,9.225793562957461,528.5990338164249
66.25398707389832,-1.3260685241141201,-0.2764846984797227,9.227479871413495,528.6956521739128
66.31391859054565,-1.329831841115443,-0.2757225119768021,9.222420946045396,528.4057971014491
66.35394978523254,-1.3334284301600596,-0.2749782950527311,9.21904832913333,528.2125603864732
66.41390633583069,-1.3375118615749801,-0.27411537157309107,9.213989403765229,527.9227053140094
66.45392799377441,-1.341426998163203,-0.27326384288775596,9.207244169941095,527.5362318840577
66.51389813423157,-1.3450118786264031,-0.2724651291402297,9.203871553029028,527.3429951690817
66.55393028259277,-1.3492437260500592,-0.27149977384935675,9.197126319204896,526.9565217391302
66.61392498016357,-1.3528203418925013,-0.27066483031742283,9.19375370229283,526.7632850241542
66.65409731864929,-1.3567174468116305,-0.26973425584125277,9.187008468468697,526.3768115942025
66.71395087242126,-1.360123950620984,-0.26890563481327867,9.185322160012664,526.2801932367147
66.75397062301636,-1.3640146899900247,-0.2679487948221676,9.181949543100597,526.0869565217388
66.81401062011719,-1.3677394163536174,-0.26701611232848144,9.176890617732496,525.7971014492749
66.8539309501648,-1.372102534307178,-0.26588439657898877,9.165086458540266,525.1207729468596
66.91407346725464,-1.3756505676166912,-0.2649353068990786,9.161713841628199,524.9275362318837
66.9539246559143,-1.3798379699081487,-0.26379245716957445,9.154968607804067,524.5410628019321
67.01390171051025,-1.3836960606484863,-0.26271147083954316,9.148223373979935,524.1545893719804
67.05346632003784,-1.387387219014916,-0.2616537217995487,9.143164448611834,523.8647342995166
67.11390137672424,-1.3912322811303166,-0.26052727032030165,9.1364192147877,523.4782608695648
67.15392899513245,-1.395230559023453,-0.2593302644968687,9.1313602894196,523.188405797101
67.2141466140747,-1.3989033565205853,-0.25821042448028575,9.1263013640515,522.8985507246372
67.25396871566772,-1.4028872265414227,-0.25696630683747557,9.117869821771334,522.4154589371976
67.31390643119812,-1.4065445831251386,-0.2557970224677717,9.112810896403236,522.1256038647339
67.35389256477356,-1.4101959776109625,-0.254609250845543,9.107751971035135,521.83574879227
67.41387629508972,-1.4138413165499562,-0.25340302236903656,9.102693045667035,521.5458937198063
67.45391726493835,-1.417951668692696,-0.25200822893723396,9.092575194930836,520.9661835748788
67.5139708518982,-1.4218913218248712,-0.2506304835869526,9.08414365265067,520.4830917874391
67.55315661430359,-1.4258192185405878,-0.2492195702505846,9.075712110370505,519.9999999999995
67.6139178276062,-1.429579612623621,-0.24783651857162103,9.068966876546373,519.6135265700478
67.65388083457947,-1.4333329618620092,-0.24643446111877454,9.065594259634306,519.4202898550719
67.71382474899292,-1.4364587781966693,-0.2452608071513276,9.065594259634306,519.4202898550719
67.75391626358032,-1.4400523276969142,-0.2439080746918335,9.063907951178273,519.3236714975841
67.81396484375,-1.4434863520044656,-0.24260546629286062,9.060535334266206,519.1304347826082
67.85393524169922,-1.4470730121770785,-0.24123457172220153,9.058849025810172,519.0338164251202
67.91388964653015,-1.4509639676692174,-0.2397247656385365,9.050417483530007,518.5507246376807
67.95393133163452,-1.4548446507281585,-0.2381887486958808,9.045358558161908,518.2608695652169
68.01388049125671,-1.4584076845395653,-0.2367575697495411,9.040299632793808,517.971014492753
68.05395007133484,-1.4618100023729705,-0.23537426033136521,9.03692701588174,517.7777777777773
68.11388850212097,-1.4653633015654761,-0.23391908062898403,9.035240707425707,517.6811594202893
68.15398454666138,-1.4689116727950493,-0.2324519253083679,9.030181782057607,517.3913043478254
68.21382093429565,-1.4718408880156804,-0.23123498614649385,9.03186809051364,517.4879227053134
68.25415086746216,-1.4753842909212531,-0.22975587189584945,9.02680916514554,517.1980676328495
68.31405234336853,-1.4789226851982669,-0.2282648155394128,9.025122856689507,517.1014492753617
68.353924036026,-1.4821533930164095,-0.2269034162574486,9.02680916514554,517.1980676328495
68.41397023200989,-1.4859939858434412,-0.22526974071162464,9.018377622865374,516.71497584541
68.45400428771973,-1.4899751946645394,-0.22354045768749742,9.011632389041242,516.3285024154583
68.51393151283264,-1.493642034295097,-0.221925625581621,9.008259772129176,516.1352657004825
68.55396580696106,-1.4974545335693819,-0.22022742113702365,9.003200846761075,515.8454106280186
68.61393880844116,-1.5005010867994373,-0.21886114707602122,9.003200846761075,515.8454106280186
68.65427255630493,-1.5040006374799733,-0.21728107487765824,8.998141921392975,515.5555555555549
68.71293592453003,-1.5077928257339157,-0.21553798644079425,8.98971037911281,515.0724637681152
68.75391173362732,-1.5108206706259721,-0.21413073852270337,8.98971037911281,515.0724637681152
68.8139398097992,-1.5143013265082121,-0.21250946811123528,8.988024070656776,514.9758454106272
68.85398936271667,-1.5176267162382526,-0.2109502712893846,8.984651453744709,514.7826086956514
68.9138572216034,-1.5209468284923127,-0.2093798680907215,8.981278836832644,514.5893719806757
68.95392680168152,-1.5247090851242049,-0.20757308252296258,8.972847294552478,514.106280193236
69.01393246650696,-1.5284590690697994,-0.2057409609495222,8.96778836918438,513.8164251207724
69.05352067947388,-1.5320486102218474,-0.2039609076008435,8.961043135360248,513.4299516908206
69.11389803886414,-1.5354784590369817,-0.20223474995364166,8.955984209992149,513.1400966183569
69.15397572517395,-1.538457129990063,-0.20072620404893837,8.955984209992149,513.1400966183569
69.21428751945496,-1.542025409519821,-0.19890390418231385,8.949238976168015,512.7536231884052
69.25398588180542,-1.5449964107682352,-0.19738030877169732,8.952611593080082,512.9468599033811
69.31395983695984,-1.5475271990321886,-0.19609591045158192,8.957670518448182,513.2367149758448
69.35392379760742,-1.5506561379547452,-0.19451457486732004,8.955984209992149,513.1400966183569
69.41387939453125,-1.5539298730847344,-0.19284965148031197,8.952611593080082,512.9468599033811
69.45390105247498,-1.5573450459863225,-0.19109463661714488,8.947552667711982,512.6570048309172
69.51393508911133,-1.5606046270450005,-0.18940217010112725,8.944180050799917,512.4637681159414
69.55318927764893,-1.5635626765815416,-0.18785357902124333,8.94080743388785,512.2705314009656
69.61403918266296,-1.5665181105112795,-0.18630000196159102,8.94080743388785,512.2705314009656
69.65461301803589,-1.5697662014219145,-0.18458558747781562,8.937434816975784,512.0772946859898
69.71400666236877,-1.5724237303487967,-0.18318288471836353,8.940807433887851,512.2705314009656
69.753986120224,-1.575230147174386,-0.1817046197443064,8.939121125431818,512.1739130434778
69.81407022476196,-1.5777411517025457,-0.18038196160962316,8.940807433887851,512.2705314009656
69.8539366722107,-1.5804033962854331,-0.1789882296377271,8.944180050799918,512.4637681159415
69.9139039516449,-1.5836572507756288,-0.1772847794498542,8.940807433887851,512.2705314009656
69.95430874824524,-1.5864661564205496,-0.17581124905980172,8.942493742343885,512.3671497584536
70.01392316818237,-1.589570736343883,-0.1741826102076387,8.940807433887851,512.2705314009656
70.05394172668457,-1.5928188272545178,-0.17246819572386318,8.937434816975784,512.0772946859898
70.11423635482788,-1.595769004765582,-0.17090465997226134,8.937434816975784,512.0772946859898
70.15393114089966,-1.5991571499134536,-0.16909801790072865,8.932375891607684,511.787439613526
70.21389937400818,-1.6018075486953987,-0.16768188890757274,8.93574850851975,511.9806763285018
70.25395679473877,-1.6056324476728614,-0.16562991637682845,8.929003274695617,511.5942028985501
70.31403517723083,-1.6087147746616894,-0.16395954475797136,8.927316966239584,511.49758454106217
70.35396885871887,-1.6120844673643633,-0.162118714997451,8.922258040871483,511.20772946859836
70.41400384902954,-1.6154448043666676,-0.16026086184162236,8.917199115503383,510.91787439613455
70.45425653457642,-1.6182155430382084,-0.1587167601783538,8.91551280704735,510.8212560386466
70.51392412185669,-1.6208392190317658,-0.15725171433967688,8.91551280704735,510.8212560386466
70.55398344993591,-1.6236099577033065,-0.1557076126764082,8.917199115503383,510.91787439613455
70.61396193504333,-1.6266694708050722,-0.15399581228171577,8.912140190135283,510.62801932367074
70.65399217605591,-1.630010838648274,-0.15210405541200467,8.907081264767182,510.3381642512069
70.71304059028625,-1.6329122056313705,-0.15045170526063767,8.907081264767182,510.3381642512069
70.75395441055298,-1.6359571770356087,-0.14871416960387784,8.905394956311149,510.241545893719
70.81390047073364,-1.6394321103341056,-0.1467196184820989,8.902022339399082,510.04830917874307
70.85392546653748,-1.642754166962277,-0.14479415155771325,8.896963414030981,509.75845410627926
70.91425657272339,-1.6457843802004983,-0.14303100416113645,8.898649722487015,509.8550724637672
70.95392727851868,-1.6489573307830923,-0.14118122142082645,8.895277105574948,509.6618357487913
71.01389932632446,-1.6524119059908555,-0.1391516141336152,8.891904488662883,509.46859903381556
71.05398917198181,-1.655430157543473,-0.13736806750504804,8.89021818020685,509.3719806763276
71.11430025100708,-1.6587292547394046,-0.1354035215500069,8.885159254838749,509.0821256038638
71.15397024154663,-1.662018371270005,-0.13342231091864964,8.88010032947065,508.79227053140005
71.21428871154785,-1.6653007872427072,-0.13143001864595838,8.878414021014617,508.69565217391215
71.25414276123047,-1.668435659115067,-0.12951641212166431,8.87504140410255,508.50241545893624
71.31415891647339,-1.6717113371939192,-0.12751306086903547,8.876727712558584,508.5990338164242
71.35398840904236,-1.6747021737006966,-0.12568391407315738,8.87504140410255,508.50241545893624
71.41392636299133,-1.6779710766263853,-0.12366952662777897,8.86998247873445,508.21256038647243
71.45425796508789,-1.6812297471298143,-0.1216386278937791,8.86492355336635,507.9227053140086
71.51399517059326,-1.6840618836380479,-0.11987024043848005,8.868296170278416,508.1159420289845
71.55399107933044,-1.6873205541414769,-0.11783934170448018,8.866609861822383,508.0193236714966
71.61400294303894,-1.6902958619924338,-0.11598504286039368,8.868296170278416,508.1159420289845
71.65405941009521,-1.6932742925313837,-0.1141357639371926,8.86998247873445,508.21256038647243
71.71405625343323,-1.6966728563412639,-0.11201369899083358,8.863237244910316,507.82608695652067
71.75398421287537,-1.6997816282921465,-0.11005797699031028,8.863237244910316,507.82608695652067
71.81391739845276,-1.7030299829752322,-0.1080106189438137,8.861550936454282,507.72946859903277
71.8539514541626,-1.7059927155564625,-0.1061362932882094,8.859864627998249,507.6328502415448
71.91395735740662,-1.7090948739383394,-0.10417009773341768,8.859864627998249,507.6328502415448
71.95392560958862,-1.7123363052058824,-0.10211179589562203,8.858178319542215,507.53623188405686
72.01424479484558,-1.7158520345343922,-0.09986264131206646,8.853119394174115,507.24637681159305
72.05395770072937,-1.7189408599970655,-0.09787556586129209,8.853119394174115,507.24637681159305
72.11389374732971,-1.7220263302474443,-0.09588328452574957,8.849746777262048,507.0531400966172
72.1539523601532,-1.7248313032023348,-0.09407211967525575,8.853119394174115,507.24637681159305
72.21398973464966,-1.727221999145721,-0.09254269455843811,8.858178319542215,507.53623188405686
72.25394678115845,-1.7303208375062742,-0.09057127060578707,8.858178319542215,507.53623188405686
72.31391716003418,-1.732719240072033,-0.0890539593607741,8.863237244910316,507.82608695652067
72.35398411750793,-1.735824709653825,-0.08709299779498658,8.859864627998249,507.6328502415448
72.41403484344482,-1.7393442267502044,-0.08484977501060542,8.854805702630149,507.342995169081
72.45396208763123,-1.7424330522128777,-0.08286269955983105,8.851433085718083,507.1497584541052
72.51387166976929,-1.745379876214297,-0.08096346041854063,8.853119394174117,507.24637681159317
72.55425548553467,-1.748187899362181,-0.07915702819056447,8.853119394174117,507.24637681159317
72.61395788192749,-1.7509959225100653,-0.07735059596258853,8.853119394174117,507.24637681159317
72.65412974357605,-1.7546344257532893,-0.07498379694201929,8.843001543437918,506.6666666666656
72.71398258209229,-1.7581156165874887,-0.07268154599393506,8.837942618069818,506.3768115942018
72.75397038459778,-1.761170496252482,-0.07064266840606137,8.83457000115775,506.18357487922594
72.81404137611389,-1.7643588321868622,-0.06850304295116938,8.832883692701717,506.086956521738
72.8539571762085,-1.7676763495334922,-0.06625638448553506,8.826138458877583,505.7004830917862
72.9138970375061,-1.7707104441272878,-0.0641867029685319,8.826138458877583,505.7004830917862
72.95389175415039,-1.7737410442873647,-0.0621119079772926,8.822765841965516,505.5072463768104
73.01395916938782,-1.7769039022029158,-0.05993479683550251,8.821079533509483,505.4106280193224
73.05391097068787,-1.7799239673941716,-0.057844696879402635,8.817706916597416,505.2173913043465
73.11383700370789,-1.783210875309345,-0.055553489345467444,8.814334299685349,505.02415458937065
73.15409398078918,-1.7862167736911148,-0.0534430660456533,8.810961682773284,504.83091787439486
73.21409940719604,-1.7894881522190471,-0.05112973984008262,8.807589065861219,504.6376811594191
73.25389194488525,-1.7926138493750485,-0.04889960522382408,8.802530140493118,504.34782608695525
73.31393313407898,-1.7958656069444316,-0.046558778806433,8.799157523581052,504.1545893719794
73.35396385192871,-1.7989761903285628,-0.04430761152520968,8.797471215125018,504.05797101449144
73.41395020484924,-1.8022120846219059,-0.04194490466046752,8.790725981300884,503.6714975845397
73.45414710044861,-1.8051709997385033,-0.03976909839181708,8.790725981300884,503.6714975845397
73.51390933990479,-1.8085313173803217,-0.037293757122788596,8.78903967284485,503.5748792270518
73.55397033691406,-1.8114865592111107,-0.035112964306520555,8.78903967284485,503.5748792270518
73.61388039588928,-1.814040400618893,-0.033231704942058404,8.790725981300884,503.6714975845397
73.65396499633789,-1.8172643007979352,-0.030852658233403663,8.787353364388819,503.47826086956394
73.71395635604858,-1.8200799389397218,-0.028763863637073617,8.785667055932786,503.381642512076
73.75397849082947,-1.8228955770815087,-0.026675069040743682,8.787353364388819,503.47826086956394
73.81393599510193,-1.8258471372228586,-0.024489295878239004,8.787353364388819,503.47826086956394
73.8535943031311,-1.8290629954687667,-0.022099389740203423,8.783980747476754,503.28502415458814
73.91390347480774,-1.8321390564721536,-0.019801274899487353,8.78229443902072,503.1884057971002
73.9539303779602,-1.8353387212070142,-0.017389731578108747,8.775549205196587,502.8019323671484
74.0139434337616,-1.838395296448207,-0.015065762793335047,8.773862896740553,502.7053140096605
74.05396342277527,-1.8415745146616507,-0.012627327402001676,8.76711766291642,502.31884057970876
74.11392712593079,-1.8440865047551371,-0.010690539209477268,8.768803971372453,502.4154589371967
74.15393114089966,-1.8468665207233323,-0.008554563500878687,8.770490279828486,502.5120772946846
74.21392679214478,-1.8495158692345348,-0.006522534008102099,8.770490279828486,502.5120772946846
74.25398898124695,-1.8526909709754373,-0.00407874094376437,8.76711766291642,502.31884057970876
74.31386590003967,-1.8552062235180897,-0.0021461914931280024,8.77217658828452,502.60869565217257
74.35312223434448,-1.8582549435341553,0.00018807271242349266,8.770490279828486,502.5120772946846
74.41398334503174,-1.8612957736473241,0.002532605787585518,8.765431354460386,502.2222222222208
74.45396089553833,-1.8644584718445651,0.004992430114556412,8.762058737548319,502.02898550724495
74.51395463943481,-1.867353805384441,0.007252154716980375,8.762058737548319,502.02898550724495
74.5539984703064,-1.8699893872154758,0.009302008322790156,8.765431354460386,502.2222222222208
74.61403369903564,-1.8732773726865997,0.011872650381450356,8.75699981218022,501.7391304347812
74.65395545959473,-1.8766764920073218,0.014571989429850385,8.750254578356088,501.35265700482955
74.7138922214508,-1.8796733118195983,0.016972521481379732,8.748568269900055,501.2560386473416
74.7539610862732,-1.8824095386047208,0.019164311615384233,8.750254578356088,501.35265700482955
74.81408643722534,-1.8854063584169976,0.02156484366691347,8.748568269900055,501.2560386473416
74.85404634475708,-1.8883991259327644,0.02397042586551934,8.746881961444021,501.1594202898537
74.9138970375061,-1.8911279451017744,0.026171431761464636,8.745195652987988,501.06280193236574
74.95392441749573,-1.8942402229108377,0.02869474752561374,8.741823036075921,500.8695652173899
75.0138943195343,-1.8968302381585702,0.030801881220908767,8.741823036075921,500.8695652173899
75.05398535728455,-1.899806711500489,0.033227595458514614,8.740136727619888,500.77294685990194
75.11387944221497,-1.902393169790006,0.03533909372039212,8.740136727619888,500.77294685990194
75.153888463974,-1.9053655483994307,0.03776982375886129,8.738450419163854,500.676328502414
75.21393370628357,-1.9085874655722765,0.04042280298670986,8.733391493795754,500.3864734299502
75.25389289855957,-1.911669741625039,0.04298267992534566,8.730018876883687,500.1932367149743
75.31388592720032,-1.914108167255895,0.04501130585815338,8.73170518533972,500.2898550724622
75.3539719581604,-1.9168032692689474,0.04725347136283542,8.730018876883687,500.1932367149743
75.41407752037048,-1.9199981795380583,0.049938913118747874,8.721587334603521,499.7101449275347
75.4539692401886,-1.9225413835570002,0.052102314309318665,8.718214717691456,499.5169082125589
75.5131504535675,-1.9254597657501982,0.054597615592149484,8.716528409235423,499.42028985507096
75.55394721031189,-1.9281205298441442,0.05688042426733675,8.71484210077939,499.32367149758306
75.61392736434937,-1.9309019388342359,0.059278981253478635,8.711469483867322,499.13043478260715
75.65394759178162,-1.933922927193387,0.061910905443166575,8.704724250043189,498.7439613526554
75.7140007019043,-1.9369305622437003,0.0645580788433272,8.701351633131122,498.55072463767954
75.75400161743164,-1.939802158702981,0.0671070819607692,8.696292707763023,498.2608695652158
75.81405568122864,-1.942787367356186,0.0697795199681368,8.692920090850958,498.06763285024005
75.85358428955078,-1.944903485471896,0.07167071334853103,8.697979016219058,498.35748792270385
75.91391921043396,-1.947644053853231,0.07411583022368284,8.694606399306993,498.16425120772806
75.9539201259613,-1.9502580821138138,0.07645201028181581,8.696292707763027,498.260869565216
76.01393580436707,-1.953238779969923,0.07912947846967244,8.689547473938893,497.87439613526425
76.05396342277527,-1.955958635075048,0.08159761537694732,8.686174857026828,497.6811594202885
76.11394929885864,-1.9590375281046133,0.08441532131699214,8.681115931658729,497.39130434782476
76.15393114089966,-1.9617364765777123,0.08690630279534328,8.677743314746664,497.19806763284896
76.21387767791748,-1.9646716024102089,0.08963365168277893,8.674370697834597,497.0048309178731
76.25402569770813,-1.967592893288229,0.09237581418933949,8.667625464010463,496.61835748792134
76.3139533996582,-1.9707375153256395,0.09536776935219804,8.66088023018633,496.2318840579696
76.35323882102966,-1.973389795940268,0.09790838327941875,8.66088023018633,496.2318840579696
76.413898229599,-1.976519241724728,0.10091620849655636,8.657507613274262,496.0386473429937
76.4540183544159,-1.979280858447408,0.10358397089127913,8.655821304818229,495.9420289855058
76.51397466659546,-1.9823899447095508,0.10661283636687802,8.649076070994095,495.555555555554
76.5539345741272,-1.9853622097183623,0.10954280049114107,8.644017145625995,495.2657004830902
76.61397075653076,-1.988087586877132,0.11224757450390754,8.642330837169961,495.16908212560224
76.65398645401001,-1.9906879168811735,0.1148413353749238,8.638958220257894,494.9758454106264
76.71388530731201,-1.9933995759735987,0.11755986219733061,8.63727191180186,494.87922705313844
76.75398230552673,-1.996221948856486,0.12040373401517668,8.633899294889794,494.6859903381626
76.81384325027466,-1.9985699265457908,0.12277758998466137,8.633899294889794,494.6859903381626
76.85393238067627,-2.0011527020040263,0.1253888315510946,8.633899294889794,494.6859903381626
76.91389322280884,-2.0038459624488856,0.12812558716565503,8.628840369521694,494.3961352656988
76.95392179489136,-2.006753287730746,0.13112000008934033,8.620408827241528,493.91304347825917
77.01392793655396,-2.009635262451,0.1341388195214861,8.611977284961362,493.42995169081956
77.05399513244629,-2.011821691223858,0.13643681254882434,8.617036210329463,493.7198067632834
77.11387801170349,-2.0143555881857402,0.13909551105984164,8.613663593417396,493.5265700483075
77.15393567085266,-2.0168805039821116,0.141762740297678,8.610290976505329,493.3333333333316
77.21395683288574,-2.019625128612421,0.14468171807167507,8.606918359593264,493.14009661835587
77.25398278236389,-2.0222483096744295,0.14748571597352855,8.60523205113723,493.0434782608679
77.31395697593689,-2.02486201902489,0.15029854489633887,8.600173125769132,492.75362318840416
77.35396146774292,-2.027017248783435,0.15262582386981016,8.601859434225165,492.8502415458921
77.41393876075745,-2.029403679059941,0.15519405897324556,8.603545742681199,492.9468599033801
77.45391583442688,-2.0321235949389957,0.15813607413589437,8.596800508857067,492.5603864734284
77.51308178901672,-2.0347182717852546,0.16096646901667788,8.595114200401033,492.46376811594047
77.55403017997742,-2.0370829633092287,0.16355473388094444,8.593427891945,492.3671497584525
77.61397695541382,-2.0398876643402226,0.166645478318586,8.5883689665769,492.0772946859887
77.65393877029419,-2.04234891358705,0.16937156777620122,8.5883689665769,492.0772946859887
77.71396160125732,-2.0446960929973272,0.1719757240363199,8.586682658120866,491.98067632850075
77.7539930343628,-2.047152741719181,0.17470596004138295,8.586682658120866,491.98067632850075
77.81395626068115,-2.049822661785619,0.17769342091062001,8.579937424296734,491.5942028985491
77.85396075248718,-2.0524774344097514,0.18069435042004722,8.576564807384667,491.40096618357325
77.91395020484924,-2.055122070969054,0.1837042163764625,8.5731921904726,491.20772946859734
77.953946352005,-2.057863658666646,0.18685107925057798,8.5681332651045,490.9178743961335
78.01400208473206,-2.06047770700529,0.18988754872837887,8.561388031280366,490.53140096618176
78.05394387245178,-2.063497452876886,0.19345568409603298,8.551270180544167,489.95169082125426
78.11394786834717,-2.0663773144328514,0.1969232446553908,8.542838638264001,489.46859903381466
78.15399026870728,-2.069016687260199,0.20015631751728746,8.534407095983836,488.98550724637505
78.213942527771,-2.071429831848814,0.20314299063500818,8.532720787527802,488.88888888888715
78.25394368171692,-2.0738328898280596,0.20613778536354366,8.527661862159704,488.5990338164234
78.31395554542542,-2.0760223721220727,0.20887585919296114,8.529348170615737,488.69565217391136
78.35395741462708,-2.0784153161582832,0.21187874146791574,8.524289245247637,488.40579710144755
78.4139301776886,-2.0806920897923824,0.21476068758208844,8.52091662833557,488.21256038647164
78.45393466949463,-2.0831652254327837,0.21791298764879619,8.517544011423503,488.0193236714958
78.51400971412659,-2.0856223822433577,0.2210777587328775,8.51079877759937,487.632850241544
78.55395793914795,-2.0879592161600518,0.22412450952076057,8.50573985223127,487.3429951690803
78.61387157440186,-2.090378845190606,0.22731806411727096,8.498994618407137,486.95652173912856
78.65401577949524,-2.092582000524764,0.23025667231835711,8.49562200149507,486.76328502415265
78.71403121948242,-2.0946779104828708,0.2330670179303147,8.493935693039036,486.6666666666647
78.753986120224,-2.0968661714885495,0.23601673407885349,8.49056307612697,486.47342995168884
78.81400918960571,-2.0992370558599185,0.2392466416478073,8.483817842302837,486.0869565217372
78.85396194458008,-2.101400368721588,0.24221470314455196,8.483817842302837,486.0869565217372
78.9139392375946,-2.1037494128411245,0.24546052928451334,8.477072608478704,485.70048309178543
78.9539315700531,-2.1060765098320036,0.24872212631686264,8.47032737465457,485.31400966183367
79.01399493217468,-2.1081945296800666,0.251722676851204,8.466954757742505,485.1207729468579
79.05394172668457,-2.1105812041945815,0.2551465392628425,8.458523215462339,484.6376811594183
79.11394238471985,-2.1127556477858,0.2583112316943891,8.453464290094239,484.3478260869545
79.15396857261658,-2.1149194057353946,0.2614832396788116,8.451777981638205,484.25120772946656
79.21392679214478,-2.1169814060104324,0.2645225597428513,8.448405364726138,484.05797101449065
79.25394558906555,-2.118760010629059,0.26714892764226594,8.450091673182172,484.1545893719786
79.31393909454346,-2.1210944490836345,0.2706086163788255,8.445032747814073,483.8647342995149
79.35396838188171,-2.1230455649597513,0.27352135183696613,8.44334643935804,483.76811594202695
79.41395854949951,-2.1250870175572985,0.27657451132803434,8.44334643935804,483.76811594202695
79.45393705368042,-2.1274813585433066,0.28019494979560267,8.43322858862184,483.1884057970994
79.51415777206421,-2.1294866297726447,0.2832719936501341,8.429855971709776,482.99516908212365
79.55394172668457,-2.131304883895915,0.28607237636264726,8.429855971709776,482.99516908212365
79.61391186714172,-2.1333877234739833,0.2892980952607712,8.424797046341675,482.70531400965984
79.6540036201477,-2.135366979507512,0.29239193706986,8.42142442942961,482.51207729468405
79.71397471427917,-2.1376875731763554,0.29606008217043134,8.414679195605478,482.1256038647324
79.75401639938354,-2.1395493920105313,0.2990306901283838,8.412992887149445,482.02898550724444
79.81349682807922,-2.1415775424611514,0.3022910718341545,8.407933961781346,481.73913043478075
79.85396099090576,-2.1436795119693732,0.30570210097400385,8.404561344869279,481.54589371980484
79.91423606872559,-2.1455162181149188,0.30868830115919843,8.406247653325313,481.6425120772928
79.9538984298706,-2.147696775117117,0.31224698352943536,8.401188727957214,481.3526570048291
80.01395511627197,-2.1498593011844482,0.31581665158966,8.396129802589115,481.06280193236535
80.05392289161682,-2.1520037409720936,0.31939721398253174,8.391070877221015,480.77294685990154
80.11392259597778,-2.153882871885612,0.322552872169945,8.391070877221015,480.77294685990154
80.153963804245,-2.156009170511627,0.32614423725930564,8.386011951852915,480.48309178743773
80.21399426460266,-2.157785076887937,0.329166990566099,8.384325643396881,480.3864734299498
80.25401496887207,-2.159642879562165,0.33233525204671543,8.384325643396881,480.3864734299498
80.31397533416748,-2.1615823343651526,0.33564916185008176,8.382639334940848,480.2898550724619
80.35408210754395,-2.1635106016108816,0.3389695938320275,8.377580409572747,479.999999999998
80.41387939453125,-2.165747876150052,0.3428826720897067,8.369148867292582,479.51690821255846
80.45395827293396,-2.167716000956103,0.34637264062168416,8.365776250380515,479.32367149758255
80.51390385627747,-2.1695880039721906,0.34972511550234076,8.360717325012416,479.03381642511886
80.55395579338074,-2.171448689749652,0.3530838848536394,8.359031016556383,478.9371980676309
80.61389541625977,-2.1732257666813135,0.35629812024714735,8.359031016556383,478.9371980676309
80.65382933616638,-2.1752359268708803,0.3599557567879148,8.353972091188284,478.6473429951672
80.71382737159729,-2.1769140897688555,0.363033848777932,8.35228578273225,478.55072463767925
80.75391435623169,-2.178899532802656,0.3667049610087978,8.347226857364152,478.26086956521556
80.81385111808777,-2.180709030960578,0.37009158167461675,8.342167931996052,477.9710144927517
80.85391116142273,-2.1826572292375954,0.3737825940730659,8.337109006627953,477.681159420288
80.91383266448975,-2.1843634223208137,0.3770350111356058,8.337109006627953,477.681159420288
80.953928232193,-2.185994678233449,0.3801382167618317,8.338795315083987,477.77777777777595
81.01391553878784,-2.1880046036025274,0.38398537720369785,8.332050081259855,477.3913043478243
81.05390238761902,-2.189466279229997,0.386800469936192,8.333736389715888,477.4879227053122
81.11382532119751,-2.1916028190634167,0.39095807172942965,8.323618538979689,476.9082125603847
81.15318131446838,-2.1931088529531904,0.39393801356043634,8.320245922067624,476.7149758454089
81.21389412879944,-2.194759960267906,0.39721873851404366,8.320245922067624,476.7149758454089
81.25388789176941,-2.1964832254103506,0.40065004152696837,8.31855961361159,476.61835748792095
81.31387519836426,-2.197984232060092,0.40363251875752004,8.321932230523656,476.81159420289674
81.35389757156372,-2.199635339374808,0.40691324371112747,8.31855961361159,476.61835748792095
81.41380643844604,-2.201424466629653,0.41049827080619516,8.315186996699524,476.4251207729451
81.4538791179657,-2.2031245478038977,0.41394111949857904,8.310128071331423,476.1352657004813
81.51384902000427,-2.2048130079216137,0.4173896823222141,8.30844176287539,476.03864734299333
81.55404949188232,-2.206349333572131,0.42054096531596485,8.306755454419356,475.9420289855054
81.61391639709473,-2.208096018933773,0.4241468613008519,8.30338283750729,475.7487922705295
81.65398502349854,-2.2096163828874733,0.42730587609338266,8.301696529051256,475.65217391304157
81.714031457901,-2.2113448040170804,0.4309205622492097,8.298323912139189,475.4589371980657
81.75400948524475,-2.2129180060238887,0.43423934923118057,8.294951295227122,475.2657004830898
81.81410312652588,-2.214757378921173,0.43817090754811494,8.288206061402988,474.87922705313804
81.85396599769592,-2.2162349892351685,0.44135014468477407,8.289892369859022,474.975845410626
81.91386604309082,-2.2179144907595845,0.44498781842438884,8.283147136034888,474.58937198067423
81.95393872261047,-2.219509302177934,0.4484806768036511,8.281460827578854,474.49275362318633
82.01388716697693,-2.2208935333375033,0.45151911315977244,8.281460827578854,474.49275362318633
82.05391955375671,-2.2226142097476362,0.45532152315130237,8.276401902210754,474.20289855072247
82.11400723457336,-2.224048797511689,0.4585204040428602,8.27471559375472,474.10628019323457
82.15395641326904,-2.2258082414143647,0.46248837589357383,8.267970359930587,473.7198067632828
82.21395993232727,-2.227279997245479,0.46585337906734725,8.26459774301852,473.5265700483069
82.25395774841309,-2.228809747612976,0.4693752176398569,8.262911434562486,473.429951690819
82.31340599060059,-2.230522231454554,0.47336368132241136,8.256166200738353,473.04347826086723
82.35395526885986,-2.2321461871482233,0.47720839417996974,8.251107275370252,472.7536231884034
82.41392731666565,-2.2336896107141135,0.48090585808143627,8.247734658458185,472.5603864734275
82.45395588874817,-2.235214309415695,0.4846110827002399,8.240989424634051,472.17391304347575
82.51398181915283,-2.2366604965346975,0.4881680513442548,8.239303116178018,472.0772946859878
82.5539562702179,-2.238035195500723,0.4915738573191657,8.235930499265951,471.88405797101194
82.6140570640564,-2.2395223278905667,0.4952943186966663,8.232557882353884,471.6908212560361
82.65403699874878,-2.240996904155516,0.49901977443324874,8.229185265441819,471.4975845410603
82.71426105499268,-2.2426310372754727,0.5032206300318851,8.220753723161653,471.0144927536207
82.75400924682617,-2.2442296930378487,0.5074351144093346,8.212322180881488,470.5314009661811
82.8131742477417,-2.245628585340423,0.5111896444641073,8.208949563969423,470.33816425120534
82.85398983955383,-2.2470692641726764,0.5151067216339337,8.203890638601322,470.0483091787415
82.91395711898804,-2.2484901084529816,0.5190310369351292,8.198831713233222,469.75845410627767
82.95403027534485,-2.249891081818139,0.5229624899339831,8.193772787865122,469.46859903381386
83.01401925086975,-2.2512137173544082,0.5267445569408713,8.187027554040988,469.0821256038621
83.05393266677856,-2.252414433881601,0.5302155209866732,8.187027554040988,469.0821256038621
83.11402153968811,-2.2537179193798695,0.5340042306828895,8.183654937128923,468.88888888888636
83.1540150642395,-2.2550022214804595,0.5377994861052307,8.17690970330479,468.50241545893465
83.21398901939392,-2.2563657841060754,0.5419203040362669,8.170164469480659,468.115942028983
83.25397253036499,-2.2575987711241154,0.5457325394198359,8.163419235656525,467.72946859903124
83.31400918960571,-2.2589066195975973,0.5498713769166624,8.156674001832393,467.3429951690796
83.35403299331665,-2.2600945215272423,0.5536979007454049,8.153301384920326,467.14975845410373
83.4139416217804,-2.2613534245230538,0.5578518875896141,8.143183534184127,466.5700483091762
83.45397901535034,-2.262265710710525,0.560889810670376,8.148242459552227,466.85990338164004
83.51398992538452,-2.2634660872729873,0.5648870778819053,8.143183534184127,466.5700483091762
83.5540566444397,-2.2645518155318403,0.5685701034405469,8.138124608816028,466.2801932367125
83.61410737037659,-2.265711687590051,0.5725793110755608,8.133065683447928,465.99033816424867
83.65400791168213,-2.2668933244945655,0.576755933835712,8.126320449623794,465.6038647342969
83.71396589279175,-2.2679990065648785,0.5807804233948316,8.117888907343628,465.1207729468573
83.75401544570923,-2.2690775175647775,0.5848122794283699,8.11282998197553,464.8309178743936
83.81399083137512,-2.270057231991945,0.5885249122891415,8.111143673519496,464.73429951690565
83.85392427444458,-2.271108522851328,0.5925639513556837,8.106084748151396,464.44444444444184
83.91391634941101,-2.272139367148001,0.5966082571166395,8.101025822783296,464.15458937197803
83.95397448539734,-2.273179497303955,0.6008223492743165,8.090907972047097,463.5748792270505
84.0139672756195,-2.2742263935896463,0.6052065923083353,8.085849046678996,463.28502415458667
84.05401802062988,-2.275202450080991,0.6094359843663532,8.075731195942797,462.7053140096591
84.11396288871765,-2.276083663539964,0.613344546563135,8.075731195942797,462.7053140096591
84.15400528907776,-2.276918682457833,0.6170923761383003,8.070672270574697,462.4154589371953
84.21393775939941,-2.277805691505057,0.6211706434176987,8.065613345206597,462.1256038647315
84.25396013259888,-2.2786407073524635,0.6250893350540706,8.062240728294531,461.9323671497557
84.31406378746033,-2.2794250918477457,0.6288480880495776,8.057181802926433,461.642512077292
84.35389304161072,-2.280286693981482,0.6331022724858553,8.050436569102299,461.25603864734023
84.41389489173889,-2.2810555130110117,0.6370344872442617,8.043691335278165,460.86956521738847
84.45396447181702,-2.2817700439763864,0.6408071426243883,8.038632409910065,460.57971014492466
84.51432061195374,-2.2825259530213833,0.6449117315889217,8.033573484541966,460.28985507246097
84.55389976501465,-2.283279683002207,0.6491863467260687,8.023455633805767,459.7101449275334
84.6139349937439,-2.283973212956581,0.6533019348073112,8.018396708437669,459.4202898550697
84.65398263931274,-2.28461567134467,0.657256760065899,8.011651474613535,459.03381642511795
84.71397757530212,-2.2852827530781537,0.6615457512544624,8.004906240789403,458.6473429951663
84.75397276878357,-2.2858568635565577,0.6653423128931377,8.00321993233337,458.55072463767834
84.814373254776,-2.286396825234926,0.6689751840678174,7.999847315421303,458.35748792270255
84.8539650440216,-2.28697250488721,0.6729402803521897,7.996474698509237,458.1642512077267
84.9138514995575,-2.2875281181322844,0.6769082382058331,7.989729464685104,457.777777777775
84.95329189300537,-2.288101023804213,0.6812108214468399,7.982984230860971,457.3913043478233
85.01392912864685,-2.288620485168733,0.6853519817845766,7.974552688580806,456.9082125603837
85.05391907691956,-2.289143774269731,0.6898290061681503,7.96612114630064,456.42512077294407
85.11415791511536,-2.2895638044006876,0.6936456876857467,7.961062220932541,456.1352657004803
85.15393590927124,-2.290026650564355,0.6981293638831454,7.952630678652374,455.65217391304066
85.2138922214508,-2.2903822155763622,0.7017848919035772,7.9492580617403075,455.4589371980648
85.25394463539124,-2.290768750835966,0.7059405674858577,7.944199136372208,455.16908212560105
85.31392741203308,-2.2911342579863847,0.7100981453354079,7.9391402110041085,454.87922705313724
85.35391139984131,-2.2914888590606077,0.7144241945183101,7.9323949771799755,454.49275362318554
85.41393280029297,-2.2918052651756833,0.7185857971209646,7.927336051811876,454.2028985507218
85.4531991481781,-2.2920682610879406,0.7222491486924173,7.923963434899809,454.00966183574593
85.513911485672,-2.2923495676437344,0.7264132711298278,7.91890450953171,453.7198067632821
85.55395245552063,-2.29262303702475,0.7309124703154599,7.910472967251543,453.2367149758425
85.61391973495483,-2.2928585619465416,0.7354138153172967,7.902041424971378,452.7536231884029
85.65412664413452,-2.2930375490717188,0.7394164843287705,7.895296191147246,452.36714975845126
85.71392798423767,-2.293199382481899,0.7435869590019256,7.890237265779146,452.0772946859875
85.75393056869507,-2.293328857126341,0.7474244998074575,7.885178340411047,451.7874396135237
85.81391429901123,-2.293447078359069,0.7514294241945751,7.881805723498981,451.5942028985479
85.85391592979431,-2.293544192397123,0.7552679202517946,7.876746798130881,451.3043478260841
85.9139473438263,-2.2936216059533234,0.7594408156726495,7.868315255850716,450.82125603864455
85.95401501655579,-2.2936708708065456,0.7636141383328708,7.863256330482616,450.53140096618074
86.01389694213867,-2.2936860728568984,0.7681216152004771,7.851452171290384,449.8550724637653
86.05393242835999,-2.2936731229621525,0.7719613177173267,7.849765862834351,449.7584541062774
86.11372542381287,-2.2936351182145236,0.7764686600000353,7.841334320554186,449.2753623188378
86.15395641326904,-2.293570934403434,0.7804748147704831,7.834589086730053,448.88888888888613
86.21395897865295,-2.2934721294236518,0.7848142480319459,7.82784385290592,448.5024154589344
86.2539291381836,-2.2933524998172192,0.7889861466176431,7.82278492753782,448.2125603864706
86.31392240524292,-2.2932024795495405,0.7933241112756373,7.816039693713687,447.8260869565189
86.35427165031433,-2.293036992885921,0.7973273611767249,7.809294459889554,447.4396135265672
86.41389203071594,-2.2928400021112476,0.8014963231202755,7.804235534521455,447.14975845410345
86.45396113395691,-2.292634020324178,0.8054976937741624,7.800862917609388,446.9565217391276
86.51388168334961,-2.2923757265449556,0.8099977896773577,7.7924313753292225,446.473429951688
86.55392074584961,-2.292157127413445,0.813496803171308,7.79074506687319,446.3768115942001
86.61306309700012,-2.2919385282819347,0.816995816665258,7.7924313753292225,446.473429951688
86.65394186973572,-2.291685329125958,0.8209944771652012,7.789058758417156,446.2801932367121
86.71392869949341,-2.2913891189750206,0.8253249162885707,7.7823135245930235,445.89371980676043
86.75392317771912,-2.2910398216948797,0.8298188644663347,7.770509365400791,445.21739130434497
86.8139317035675,-2.2906990317227365,0.8338110139877424,7.767136748488724,445.02415458936906
86.85396432876587,-2.2902891426032723,0.8382998411980602,7.758705206208559,444.5410628019295
86.91395354270935,-2.289861644869859,0.8426192959255291,7.751959972384426,444.1545893719778
86.95394110679626,-2.289426083422557,0.8467701193712681,7.746901047016326,443.864734299514
87.01390719413757,-2.2890060532916,0.8505868008888656,7.741842121648227,443.57487922705025
87.05396819114685,-2.2885285174430097,0.8547330050041235,7.736783196280127,443.2850241545865
87.11393141746521,-2.288092907762206,0.8583798606075057,7.733410579368061,443.09178743961064
87.15394616127014,-2.287531889488526,0.8628523137722621,7.724979037087895,442.60869565217104
87.21391248703003,-2.28698450705827,0.8669898760409326,7.719920111719795,442.3188405797072
87.25394558906555,-2.2864355858008873,0.8709587651877326,7.713174877895662,441.9323671497555
87.31390452384949,-2.2859140093778025,0.8745943214891546,7.7098022609835954,441.73913043477967
87.35392093658447,-2.2853591126859705,0.8783937389154277,7.708115952527562,441.6425120772917
87.41386938095093,-2.2847633813596575,0.8823558721531216,7.701370718703429,441.25603864734
87.45400285720825,-2.2841764698226568,0.8861504759486998,7.6996844102473965,441.1594202898521
87.51391243934631,-2.283634752387394,0.8896142056193688,7.697998101791363,441.0628019323642
87.55392098426819,-2.283064179558113,0.8932423950069858,7.697998101791363,441.0628019323642
87.6139771938324,-2.2824053745991937,0.8973636842565021,7.6929391764232635,440.7729468599004
87.65394568443298,-2.281780100523516,0.9011521556432172,7.687880251055164,440.48309178743665
87.71411848068237,-2.281110980731898,0.9051025574342829,7.684507634143097,440.2898550724608
87.75395798683167,-2.2804601669490205,0.9088867250491871,7.6828213256870646,440.1932367149729
87.81405186653137,-2.279860120136169,0.9123408276581912,7.681135017231031,440.09661835748494
87.85396909713745,-2.279091977830035,0.9166128764468,7.671017166494832,439.51690821255744
87.91391205787659,-2.2783901746256063,0.920387920205478,7.6693308580387995,439.42028985506954
87.95298743247986,-2.2776756436602326,0.9241605755856045,7.6642719326707,439.13043478260573
88.01392126083374,-2.276913456647679,0.9280940812185341,7.660899315758634,438.93719806762994
88.05398654937744,-2.276102245241534,0.9321880994288767,7.6558403903905345,438.6473429951662
88.11396646499634,-2.275343232065802,0.9359520577332071,7.654154081934502,438.5507246376783
88.1539659500122,-2.274504424213205,0.9400405110395927,7.6490951565664025,438.26086956521453
88.21391177177429,-2.2736449440023487,0.9441246685805331,7.644036231198303,437.9710144927507
88.25394248962402,-2.2728033212224714,0.9480419465516227,7.640663614286237,437.77777777777493
88.31391906738281,-2.2719484917762394,0.9519563637782663,7.63729099737417,437.584541062799
88.35391473770142,-2.2710738706085505,0.9558664064147882,7.630545763550037,437.1980676328473
88.41389775276184,-2.2700978141172072,0.960095798472807,7.623800529725904,436.8115942028956
88.45400786399841,-2.2691284657045308,0.9641552827635659,7.615368987445738,436.328502415456
88.51390266418457,-2.268088335548576,0.9683693749212435,7.608623753621606,435.9420289855043
88.55396246910095,-2.267064312661347,0.9724154132525624,7.603564828253506,435.65217391304054
88.6139760017395,-2.266103392623383,0.9761329548862652,7.598505902885407,435.3623188405768
88.65393662452698,-2.265084348702826,0.9800078671555139,7.595133285973341,435.16908212560094
88.71388292312622,-2.264098375027415,0.9837188426376576,7.593446977517307,435.07246376811304
88.75396084785461,-2.263006272281229,0.9877470383434105,7.585015435237142,434.58937198067343
88.8142020702362,-2.2619828026174997,0.9914478481149475,7.583329126781109,434.49275362318554
88.85391306877136,-2.2609948807185654,0.9949852655214082,7.579956509869042,434.2995169082097
88.91390180587769,-2.260000995050219,0.998521011958044,7.579956509869042,434.2995169082097
88.95392990112305,-2.2589102532922056,1.002376356044337,7.576583892956975,434.1062801932338
89.01393938064575,-2.257855616843606,1.0060684049441981,7.574897584500942,434.0096618357458
89.05393934249878,-2.2566889856769894,1.0100756509777167,7.566466042220776,433.52657004830627
89.11325454711914,-2.255546334353901,1.0139159300769798,7.563093425308709,433.33333333333036
89.15395092964172,-2.2543907377636927,1.01775233361768,7.5597208083966425,433.1400966183545
89.21390461921692,-2.253170154771408,1.021743477089296,7.554661883028543,432.8502415458907
89.25394129753113,-2.2520812446692333,1.0252511239323105,7.551289266116477,432.6570048309149
89.31390953063965,-2.2508804441209893,1.0290736196680474,7.54791664920441,432.463768115939
89.35391783714294,-2.249558644398716,1.033208022762682,7.541171415380278,432.07729468598734
89.41385889053345,-2.248153465932428,1.0374909017350813,7.5327398731001125,431.59420289854774
89.45395827293396,-2.246825655468612,1.041447664101494,7.527680947732013,431.304347826084
89.51400375366211,-2.2454711861261973,1.045395380131369,7.519249405451847,430.8212560386443
89.55394744873047,-2.2439724634974705,1.0496464281546785,7.510817863171681,430.3381642512048
89.61319947242737,-2.242437951674741,1.0538846886799695,7.502386320891516,429.85507246376517
89.6540060043335,-2.240922485013619,1.057952096239306,7.492268470155317,429.2753623188376
89.71388983726501,-2.2394982995433725,1.0616971050981379,7.48889585324325,429.08212560386175
89.75401878356934,-2.2379281012163617,1.0657436988099622,7.478778002507051,428.5024154589342
89.8139591217041,-2.236582166971178,1.0691609744197974,7.478778002507051,428.5024154589342
89.85393238067627,-2.2349779058355312,1.07319418525775,7.472032768682919,428.11594202898254
89.91387581825256,-2.233405963314876,1.077060455522984,7.463601226402752,427.63285024154294
89.95393872261047,-2.232008322838427,1.0804569114235547,7.463601226402752,427.63285024154294
90.01390624046326,-2.230471136528692,1.084156972754878,7.45685599257862,427.24637681159123
90.05391025543213,-2.2286414199173694,1.0884584367211536,7.446738141842421,426.66666666666373
90.1139588356018,-2.2268316927284677,1.0925866889319675,7.43493398265019,425.9903381642483
90.15390205383301,-2.225195246894761,1.096243933884078,7.431561365738123,425.7971014492724
90.21388220787048,-2.2234681608980345,1.1000434368794694,7.423129823457957,425.3140096618328
90.25390720367432,-2.2218556998529357,1.1035281825654142,7.418070898089858,425.02415458936906
90.31390643119812,-2.2202256304482746,1.1070047263740932,7.413011972721758,424.7342995169053
90.35391330718994,-2.2183597803158457,1.1109237883457956,7.406266738897626,424.34782608695366
90.41388869285583,-2.2166130949542047,1.1145296843306827,7.399521505073493,423.96135265700195
90.4539589881897,-2.2147714938075436,1.1182750220015327,7.394462579705394,423.67149758453814
90.51426935195923,-2.2128332726147955,1.1221588013545225,7.387717345881262,423.2850241545865
90.55420255661011,-2.2113322659650536,1.1251412785850745,7.387717345881262,423.2850241545865
90.61397004127502,-2.2093613678050175,1.1290085778878813,7.377599495145063,422.705314009659
90.6539134979248,-2.2076716502198197,1.1322695847980555,7.374226878232996,422.5120772946831
90.71394038200378,-2.2058103486744907,1.135817676139009,7.367481644408864,422.12560386473143
90.75389838218689,-2.204093196158852,1.139064320379446,7.367481644408864,422.12560386473143
90.81409406661987,-2.2022894114580662,1.142453987600706,7.362422719040764,421.8357487922677
90.85397338867188,-2.200227770562848,1.1462736839595657,7.355677485216631,421.449275362316
90.91392970085144,-2.198217610373282,1.1499313205003334,7.347245942936466,420.96618357487637
90.95388674736023,-2.196013408252433,1.1538631231180634,7.3388144006563,420.48309178743676
91.01392960548401,-2.193947970563224,1.1574898318469349,7.333755475288201,420.193236714973
91.05391263961792,-2.1920309128078928,1.1608167482390916,7.328696549920101,419.90338164250926
91.1139988899231,-2.1901026455621633,1.164137180221036,7.327010241464068,419.8067632850213
91.15389156341553,-2.187731373039518,1.1681655200471024,7.316892390727869,419.22705314009374
91.21388721466064,-2.185935118040073,1.1711762257763487,7.315206082271835,419.13043478260585
91.25385236740112,-2.1839622334354396,1.17447034317779,7.313519773815802,419.0338164251179
91.31385540962219,-2.1816267052827216,1.1783255846828324,7.3050882315356365,418.5507246376783
91.35387969017029,-2.1797051753472614,1.1814556061353245,7.3017156146235696,418.35748792270243
91.41383290290833,-2.17723277688848,1.185422683269934,7.291597763887371,417.7777777777749
91.45425081253052,-2.175084983666432,1.1888050463317177,7.2848525300632385,417.3913043478232
91.51397037506104,-2.1728269433814615,1.1923150752665737,7.279793604695139,417.10144927535947
91.55392861366272,-2.170268179645871,1.1962270035987836,7.26967575395894,416.5217391304319
91.61437201499939,-2.1679512732960147,1.199698457763549,7.261244211678774,416.0386473429923
91.65393447875977,-2.165707412807411,1.203017868210312,7.257871594766707,415.8454106280164
91.71390771865845,-2.1635436548578166,1.2061898761947358,7.252812669398607,415.55555555555264
91.75345659255981,-2.161466305341038,1.2092187259056106,7.252812669398607,415.55555555555264
91.81405591964722,-2.159188974978058,1.2125152637901557,7.246067435574474,415.16908212560094
91.85424041748047,-2.156796530171559,1.215935096666179,7.241008510206375,414.8792270531372
91.91400694847107,-2.1545848824043508,1.2190739017368195,7.239322201750342,414.7826086956493
91.95402026176453,-2.1525607219744773,1.22193635794876,7.237635893294309,414.68599033816133
92.01393675804138,-2.1500397002343585,1.2254697547338063,7.230890659470177,414.2995169082097
92.05397844314575,-2.147595630908474,1.228852885559291,7.225831734102077,414.00966183574593
92.1140787601471,-2.1450330769940567,1.2323562783277988,7.219086500277944,413.6231884057942
92.15394973754883,-2.142344432588766,1.235974118854445,7.210654957997779,413.1400966183546
92.21398520469666,-2.1398324082956646,1.239307102953258,7.205596032629679,412.85024154589087
92.25319766998291,-2.1375110175009886,1.2423656365718525,7.203909724173647,412.75362318840297
92.31396961212158,-2.134976568767336,1.2456816007858575,7.198850798805547,412.46376811593916
92.35392880439758,-2.1323204341831654,1.2491145867347795,7.192105564981415,412.0772946859875
92.4139084815979,-2.1297470207597287,1.252400403589711,7.187046639613316,411.78743961352376
92.45392870903015,-2.1272632677043477,1.2555443448051724,7.183674022701249,411.5942028985479
92.51395058631897,-2.1245553393550622,1.2589366253816958,7.176928788877117,411.20772946859626
92.55394625663757,-2.121926885434074,1.2621785814328037,7.16849724659695,410.7246376811566
92.6140398979187,-2.1192766237220035,1.265402734330793,7.163438321228851,410.43478260869284
92.65397381782532,-2.116604674800477,1.2686089373831324,7.155006778948685,409.95169082125324
92.7139105796814,-2.1143421225678662,1.271286947541039,7.149947853580586,409.66183574878943
92.75399565696716,-2.111955312645158,1.274078443551924,7.143202619756453,409.2753623188378
92.81401300430298,-2.109661307116555,1.2767295602309643,7.138143694388353,408.98550724637397
92.85403227806091,-2.1070217498774517,1.279743881578779,7.13139846056422,408.59903381642226
92.91400837898254,-2.1044751688644734,1.282617626219838,7.126339535196121,408.3091787439585
92.95400810241699,-2.102141193665464,1.2852336233111123,7.1246532267400875,408.21256038647056
93.01398873329163,-2.099802810409018,1.2878456808826666,7.122966918284055,408.11594202898266
93.0539882183075,-2.0971178112306603,1.29081959665461,7.116221684459923,407.729468599031
93.1141140460968,-2.0942975103108132,1.2938961128293747,7.107790142179757,407.24637681159146
93.15403652191162,-2.091688547971522,1.2967133452709445,7.106103833723724,407.1497584541035
93.21398496627808,-2.0890700990423308,1.2995217626763338,7.101044908355624,406.85990338163975
93.25399947166443,-2.0863205560198064,1.3024361080185476,7.0942996745314915,406.47342995168805
93.31406474113464,-2.0837866590579237,1.3050948065295649,7.0909270576194245,406.28019323671214
93.35398721694946,-2.0810126416337447,1.3079858656671033,7.087554440707358,406.0869565217363
93.41301345825195,-2.0783425517187504,1.3107452320732769,7.082495515339258,405.7971014492725
93.45397067070007,-2.075544257099158,1.3136127994793463,7.079122898427191,405.6038647342966
93.51397180557251,-2.0729703030306297,1.316232736890628,7.075750281515125,405.41062801932077
93.55399346351624,-2.070387527572395,1.3188439784570603,7.072377664603059,405.21739130434497
93.6139132976532,-2.0681550481102877,1.3210972601047353,7.074063973059092,405.31400966183287
93.65396690368652,-2.065212579670783,1.3240571466793523,7.069005047690992,405.02415458936906
93.71401882171631,-2.0622502131938614,1.3269971184323595,7.060573505410826,404.54106280192946
93.75306963920593,-2.059628106473849,1.3295688625749205,7.05720088849876,404.3478260869536
93.81402802467346,-2.0571189849935383,1.3320173703670644,7.055514580042726,404.25120772946565
93.85400342941284,-2.054488219694801,1.3345802565387246,7.055514580042726,404.25120772946565
93.91397881507874,-2.0516088808361848,1.3373664373195888,7.048769346218594,403.864734299514
93.9540467262268,-2.0487154838020443,1.3401380161492855,7.045396729306527,403.67149758453814
94.0139365196228,-2.045812755767511,1.3428998209150007,7.042024112394461,403.4782608695623
94.05399417877197,-2.0428960931726654,1.3456469057178813,7.035278878570329,403.09178743961064
94.11399793624878,-2.0399655706626936,1.3483792002526898,7.031906261658262,402.8985507246348
94.15407299995422,-2.0369009715349335,1.3512124459600383,7.026847336290163,402.608695652171
94.21396136283875,-2.0336964531315562,1.354140159275433,7.02010210246603,402.2222222222193
94.2540009021759,-2.0308464505167776,1.356713283488026,7.0150431770979305,401.9323671497555
94.31397247314453,-2.02798778596494,1.3592767811177775,7.013356868641898,401.8357487922676
94.3540050983429,-2.024744064132875,1.3621609988853725,7.006611634817766,401.449275362316
94.41377878189087,-2.0219870653367544,1.3645875745021867,7.003239017905699,401.2560386473401
94.45396208763123,-2.018842515162191,1.3673318145156927,6.998180092537599,400.96618357487637
94.51391530036926,-2.0160651548317676,1.3697350584027996,6.994807475625533,400.7729468599005
94.55402135848999,-2.0131552049155417,1.3722401880606678,6.9931211671695,400.67632850241256
94.61395335197449,-2.010241034717411,1.374740407085874,6.991434858713467,400.57971014492466
94.65398955345154,-2.0071935720258383,1.377341631172697,6.9880622418014005,400.3864734299488
94.71392560005188,-2.0038779404017637,1.3801428863178349,6.981317007977268,399.99999999999716
94.75396847724915,-2.000930307277681,1.3826035655093356,6.976258082609169,399.7101449275334
94.8139910697937,-1.9975818409541797,1.3853654881612403,6.969512848785037,399.32367149758176
94.85395979881287,-1.9944780910067594,1.3878992860754944,6.96614023187297,399.13043478260585
94.9139895439148,-1.9918916327172416,1.390010784337373,6.969512848785037,399.32367149758176
94.95396828651428,-1.9886563356064606,1.3926474302478145,6.964453923416937,399.03381642511795
95.01397800445557,-1.985270915478551,1.3953639305721788,6.954336072680738,398.45410628019044
95.05396771430969,-1.9825273122006206,1.3975464800136526,6.956022381136771,398.55072463767834
95.1139600276947,-1.9793854662893284,1.4000328830131865,6.949277147312639,398.16425120772664
95.1539614200592,-1.9767602881962574,1.4020960435432932,6.949277147312639,398.16425120772664
95.21390080451965,-1.9734723027251344,1.4046666856019538,6.944218221944539,397.8743961352629
95.25390625,-1.9701713546973247,1.407220661163656,6.93915929657644,397.58454106279913
95.3139181137085,-1.967126575303587,1.4095600631302168,6.9374729881204065,397.4879227053112
95.35396981239319,-1.963403143072255,1.4123861040976484,6.9273551373842075,396.9082125603837
95.41390991210938,-1.9601953633383717,1.4147868424809962,6.923982520472141,396.71497584540776
95.45392894744873,-1.9569795050924637,1.417176748619032,6.920609903560074,396.5217391304319
95.51390671730042,-1.9537556049134213,1.4195557953276876,6.917237286648008,396.32850241545606
95.55396318435669,-1.9503869580206261,1.4220197894761664,6.912178361279908,396.0386473429923
95.61393189430237,-1.9468685019621224,1.4245616215750867,6.905433127455776,395.65217391304066
95.65398621559143,-1.9442926323067569,1.4264126046249939,6.9071194359118095,395.7487922705286
95.71387505531311,-1.9407613623875597,1.4289366046670893,6.9003742020876775,395.3623188405769
95.75394105911255,-1.9374899838596278,1.4312499308726603,6.897001585175611,395.16908212560105
95.81388521194458,-1.9343493151447448,1.4334589313572752,6.895315276719578,395.07246376811315
95.8539309501648,-1.9313398622138451,1.4355642827869952,6.891942659807511,394.8792270531373
95.91406488418579,-1.928045245641565,1.4378443918300132,6.885197425983378,394.4927536231856
95.95414924621582,-1.9250111510477694,1.4399140733470164,6.878452192159246,394.10628019323394
96.013916015625,-1.9215455685104001,1.4422397531892894,6.87002064987908,393.6231884057943
96.0539481639862,-1.9180643776762007,1.4445420041373744,6.86496172451098,393.33333333333053
96.11394667625427,-1.9145677369324143,1.4468207214434408,6.856530182230814,392.85024154589087
96.15394830703735,-1.911336759894281,1.448895395031438,6.851471256862714,392.5603864734271
96.21391153335571,-1.9079525871140515,1.4510403356366646,6.844726023038582,392.17391304347547
96.25396394729614,-1.9047007845739847,1.453082213046817,6.843039714582549,392.0772946859875
96.31389689445496,-1.9011550339323782,1.4552837355744377,6.834608172302383,391.5942028985479
96.35392022132874,-1.8978827387775006,1.457292607779692,6.83292186384635,391.49758454105995
96.41397857666016,-1.8948919022707231,1.4591217545755706,6.831235555390316,391.40096618357205
96.4539577960968,-1.8917570303983642,1.4610353610998636,6.831235555390316,391.40096618357205
96.51395320892334,-1.888618936053888,1.462943678544916,6.82786293847825,391.2077294685962
96.55395698547363,-1.8853331651304686,1.4649304328217436,6.826176630022217,391.11111111110824
96.61392498016357,-1.882188652621684,1.4668281558436906,6.826176630022217,391.11111111110824
96.65396642684937,-1.8790441401128992,1.4687258788656377,6.826176630022217,391.11111111110824
96.71399569511414,-1.8753165996862138,1.4709498136268557,6.816058779286018,390.53140096618074
96.75394320487976,-1.8720076062576594,1.4728976446276005,6.814372470829985,390.43478260869284
96.8143618106842,-1.8682577555691404,1.475083751502512,6.807627237005852,390.04830917874114
96.85388016700745,-1.8649324567347116,1.4770036136797056,6.80594092854982,389.95169082125324
96.91486930847168,-1.8611643073013913,1.4791580261989072,6.799195694725688,389.5652173913016
96.95400547981262,-1.8575289234139138,1.48120815620521,6.794136769357588,389.27536231883784
97.01402640342712,-1.8540306887558364,1.483161550656779,6.790764152445522,389.082125603862
97.0540680885315,-1.8502302775004114,1.4852585288980493,6.78401891862139,388.69565217391033
97.11409139633179,-1.846415808199251,1.4873298249669955,6.777273684797258,388.3091787439587
97.15395641326904,-1.842438420416967,1.4894506656596649,6.768842142517092,387.826086956519
