time_s,x_m,y_m,yaw_rad,yaw_deg
0.04257321357727051,0.0,0.0,0.0,0.0
0.07582974433898926,0.0,0.0,-2.2080063237339683e-05,-0.0012650944348815293
0.14282655715942383,0.00014430720010899276,-8.145479007486383e-09,-3.8198101772746185e-05,-0.0021885900169895446
0.17583227157592773,0.0009644285156307338,-5.139726171098438e-08,0.0002334183619034924,0.013373886997927355
0.24276304244995117,0.003386279440254294,9.837241253540536e-08,0.0012509740044581719,0.07167553073603308
0.2758510112762451,0.005545494906813595,1.681153522948382e-06,0.0022592358546446867,0.12944467939577206
0.3425910472869873,0.008379785045841328,6.922007397521966e-06,0.004515287958225311,0.2587069432925531
0.37584877014160156,0.010239339802258017,1.4734283995391194e-05,0.006359026536285395,0.36434538234084757
0.4425528049468994,0.013243284663889417,3.2379033176562974e-05,0.009386914603247948,0.5378305894158271
0.4759819507598877,0.015093223759036397,4.978780077999779e-05,0.010714749134881824,0.6139099039701785
0.5425417423248291,0.018180558906222874,8.214840812185292e-05,0.012066072266876837,0.6913350161918926
0.5758693218231201,0.020574162557102014,0.00010963569361877555,0.013543782530371501,0.7760015776333017
0.6426281929016113,0.02348109399573761,0.00015130093433891358,0.017107041126673384,0.9801612565151095
0.675926923751831,0.02573853505924876,0.00018933350250417529,0.02103796092897703,1.2053863707915085
0.742520809173584,0.029085367812753223,0.0002599817381749199,0.02782407809480114,1.5942022436745098
0.7758967876434326,0.03188414893506306,0.00033179637367156383,0.032899631238713256,1.8850100175150302
0.8425924777984619,0.03591667878634616,0.00046067818908564033,0.039397579151055684,2.2573150083880953
0.8758552074432373,0.03869938516871422,0.0005686160136715128,0.043518418002751746,2.4934216826438163
0.942530632019043,0.042835287426089684,0.0007482923582433371,0.050514302672174605,2.8942563481620214
0.9758448600769043,0.04534315009399105,0.0008798781514405066,0.054919544780249296,3.146658128688015
1.0425388813018799,0.04920284050154779,0.001096848631347529,0.061302319601908906,3.5123641875514773
1.0758390426635742,0.051848097555024425,0.00126103516109375,0.06614131704267517,3.789618317981991
1.1426005363464355,0.05599017314755588,0.0015358479708721777,0.07407399468225728,4.244127266967846
1.1758067607879639,0.058767375574337484,0.001742878547347261,0.08035477612322639,4.603989535579471
1.2425785064697266,0.0628054769736818,0.0020729125647689015,0.09003405525281932,5.158571378434207
1.27583909034729,0.06503280582503637,0.0022882745471324104,0.0967221858874221,5.541773036629099
1.3425707817077637,0.06885901188077789,0.0026643979092394656,0.10681869756501733,6.120260543559857
1.3760724067687988,0.07150317619464493,0.0029488758665667594,0.1135630987454434,6.506686266541321
1.4425759315490723,0.07575988532727577,0.0034294783902658957,0.12362821424827125,7.083374905165052
1.4759042263031006,0.07838942028949113,0.0037615959981863074,0.13081160026764316,7.494952606688343
1.5425658226013184,0.08253527188419639,0.004308348566143819,0.14212153804980643,8.142964308161849
1.5758707523345947,0.08488943482307712,0.004659962240844091,0.14979239648347464,8.582472121653371
1.6425580978393555,0.08870885541745914,0.005244008459611819,0.1613063905598997,9.242175387571157
1.6759076118469238,0.09146831581634855,0.005690073124907904,0.16897571018372082,9.681595033752966
1.7425484657287598,0.09557738034693282,0.006390734018336012,0.17973901698284722,10.298287086947374
1.7758634090423584,0.0976435581675422,0.006790660889406427,0.18663556184933672,10.693430001019836
1.8425495624542236,0.10111631519542,0.007459516641210036,0.196526087702932,11.260115389595871
1.8761074542999268,0.10400445234906013,0.00802088736360573,0.20281824826790235,11.620629633987324
1.9427073001861572,0.10776766608451802,0.008800763124895788,0.2124194207492333,12.170736295544737
1.9758503437042236,0.11010111260374934,0.009313638111274686,0.218897304903733,12.54189171777224
2.0425479412078857,0.11354268287619257,0.010091824548899554,0.2286007662457581,13.097859099338628
2.0758023262023926,0.11600651536698305,0.010664651362566325,0.23530785848831703,13.48214717764219
2.142565965652466,0.11955332233236458,0.011520369860266357,0.2447254530813972,14.021735600990906
2.1758694648742676,0.12240945215367215,0.012218945340075643,0.25077487016246464,14.368341668250421
2.242572069168091,0.12612953778426048,0.013177015247806182,0.26016911395431386,14.906592189240357
2.2760801315307617,0.1287043991690277,0.013862043182513474,0.26607630974129215,15.245049576591674
2.3425474166870117,0.1325549647740756,0.014912232974001943,0.2750139200005002,15.75713692337712
2.3758413791656494,0.13485104744923215,0.015571063323162146,0.2808185851712186,16.08971973914587
2.4425506591796875,0.138806721385141,0.01670613778577041,0.2892559208640324,16.573143464679188
2.475891590118408,0.14083040450327342,0.01732944448533786,0.2949397415028834,16.8988023987947
2.542567014694214,0.14418329716163078,0.01835843490801721,0.3035892846525837,17.394384715988824
2.57582688331604,0.14700142589761384,0.01922440054585351,0.30949003881704173,17.732473025556512
2.6426162719726562,0.15009106742032013,0.020235761873357842,0.318475778428132,18.24731798107551
2.675868272781372,0.15289345655944084,0.02114119988488608,0.32463111814928114,18.59999296856659
2.742546796798706,0.15610799061252953,0.022241219223646767,0.3338956558045578,19.13081187535397
2.775815486907959,0.15797545019391615,0.022907175105285803,0.3404928804481404,19.508805003930952
2.8425846099853516,0.16092437707544266,0.023965158485452685,0.35075620186945244,20.09685000515834
2.8756628036499023,0.1626672582666363,0.024617460713087354,0.3578189109786538,20.50151342904418
2.9425599575042725,0.16579861350797442,0.02578226249811086,0.3676094024756873,21.062467271182918
2.9758810997009277,0.16843765188750226,0.02677265388542001,0.3737571542004975,21.414707498508815
3.0426833629608154,0.17218484915192056,0.028224927584568793,0.3832955555352934,21.96121763829457
3.075833559036255,0.17479117861125718,0.029264754568906662,0.38964925104778203,22.32525757547138
3.142554759979248,0.17806250461456025,0.030622968831007007,0.3994610810924829,22.8874340263324
3.175886631011963,0.1805283105370282,0.031657792455620046,0.4054465498874653,23.230376126692146
3.2425785064697266,0.18403118716284078,0.0331639287940531,0.41474981645672493,23.763414036795872
3.275939464569092,0.18596826544924638,0.03403573063199575,0.4216404405264593,24.158217714202912
3.3427882194519043,0.18966783640185914,0.03568015892809962,0.4314828415390166,24.722145752497735
3.376077890396118,0.19146441959786697,0.03653262782559857,0.43755937143523393,25.070305269636055
3.442556381225586,0.1948578435928886,0.038114678047542684,0.4462059319949798,25.56571669701377
3.475874185562134,0.1970231140686165,0.0391530663753078,0.4519094868950275,25.892506321007662
3.542598247528076,0.2005393866054075,0.0408504171722826,0.460300385995025,26.373269425757638
3.575853109359741,0.2025613011918319,0.041864049814459445,0.4652150571302127,26.654859339498664
3.642610549926758,0.20619018240193365,0.04367168658134946,0.4724444704964603,27.069074213740116
3.6758484840393066,0.20832178681036737,0.04476848308237285,0.4779052254881777,27.38195242772052
3.7427828311920166,0.21195266126204323,0.04663872867609018,0.486512699078972,27.875124336743347
3.7758469581604004,0.21394758637570868,0.04770953000557179,0.49328863750260643,28.26335701065813
3.8426129817962646,0.21702880205539118,0.049377642760366304,0.5039466842964901,28.874018109800605
3.875845193862915,0.21864259853628867,0.050293746118664315,0.5109773668448594,29.276846546918446
3.942655324935913,0.221228300772228,0.05176188529495461,0.5203534435069739,29.814056168048715
3.975836992263794,0.2228421875574758,0.05269906140117002,0.5259043837297437,30.132101615142833
4.0425639152526855,0.22609536057434373,0.054558887132951345,0.5331682312820941,30.548289422918945
4.075906753540039,0.2285329309346299,0.05597288609330685,0.5374262362956763,30.79225513934275
4.142788648605347,0.23201268312700238,0.05803052634917671,0.543483466644301,31.1393088738575
4.176103353500366,0.23394412495506633,0.05920925660915603,0.547150104348527,31.349391739313187
4.242591857910156,0.2370409402489659,0.06109948855963618,0.5524190878437926,31.651282255915994
4.27582573890686,0.23896649713969137,0.06229424741083288,0.5573082023299221,31.931407881527488
4.342589855194092,0.24189797196497362,0.06412617465461917,0.5649915022350179,32.37162853882275
4.375850439071655,0.24404849187143726,0.06548270985733858,0.5696130048301353,32.63642113253173
4.442594766616821,0.24695987008846848,0.06735339778763538,0.5770733948972624,33.063869996899435
4.475910425186157,0.24909666815352954,0.06873768819847884,0.5818300204311316,33.3364045647143
4.542578935623169,0.2518640873638407,0.07057036975062311,0.5888208227225991,33.73694803142577
4.576153755187988,0.25375091299666314,0.0718330733636761,0.593590341472814,34.010221326121595
4.642686128616333,0.25719597168688835,0.07413193786339187,0.6001658244554338,34.386968749285806
4.675863027572632,0.25894886794856276,0.07534783138444595,0.6044193913207466,34.63068017854492
4.742549657821655,0.262155713149923,0.07755214594553579,0.6112852967731414,35.024067583503
4.775885105133057,0.2640079128011956,0.07885975500004974,0.616057549615578,35.29749753014393
4.842573404312134,0.267074055205039,0.08102668732915412,0.6236500489585715,35.732515698453305
4.875849008560181,0.26913614571099864,0.08250741357397218,0.6292935417650356,36.05586401797614
4.942858695983887,0.2720758258801063,0.08465140443500646,0.6372997737111431,36.514587318290914
4.975851058959961,0.2738925467748208,0.0860049347588335,0.6418553627738715,36.7756033447812
5.042582750320435,0.2770167151029755,0.08832898490148508,0.6480116446019548,37.12833231102346
5.075928211212158,0.27848312667702135,0.08946601011189745,0.6522351810775029,37.37032312569193
5.142651081085205,0.28120075579322656,0.09154328272557927,0.6588751491423176,37.75076527190746
5.175875902175903,0.28321727611978054,0.09309459742793345,0.6636698982288878,38.02548415839214
5.242652416229248,0.2860455740681349,0.09530516584474202,0.6711652066709325,38.454933698270075
5.275851011276245,0.28781994190834653,0.09671939572416483,0.6766996317548934,38.77203289761238
5.342585563659668,0.2906118317464464,0.09895948530954635,0.6854198214791452,39.27166296536535
5.3759682178497314,0.2922588441821348,0.10031681975059974,0.6911833782974592,39.601890446038595
5.442583084106445,0.2953444584287196,0.10284631955865241,0.6999155798975428,40.10220874358077
5.475876808166504,0.2970744285022796,0.10431220473330349,0.7055585134700065,40.42552502135562
5.542591094970703,0.2999306798939162,0.10673903253181602,0.7132965894582487,40.86888411703342
5.575836896896362,0.30195881262164836,0.10848361404176904,0.7183006114270003,41.15559345643363
5.6425511837005615,0.30470480528247534,0.11088954814348363,0.7258581711802878,41.58860973371494
5.675863265991211,0.30671113710749415,0.11266136710982277,0.7306359208565526,41.8623546257349
5.742540597915649,0.3096547759481708,0.11529358292473554,0.7374124033097966,42.250618470250245
5.775897979736328,0.31174046574966774,0.11717868564078426,0.74212934149303,42.52087912037362
5.842593193054199,0.3147922265399975,0.11997134499899618,0.7497322093321315,42.95649135974988
5.875868082046509,0.3167441206914348,0.12179095375213918,0.755049612026791,43.26115609212537
5.942568778991699,0.31912785027387636,0.12406808849938028,0.7624858445917515,43.687220833575346
5.975873708724976,0.3209653576346827,0.12582085832386847,0.7673378990838198,43.965223077938354
6.04257607460022,0.3232667958885222,0.12806465363285902,0.7745637343470544,44.3792329419785
6.075828313827515,0.3251899316758807,0.12993034706150586,0.7790848781963189,44.638275403112885
6.1425018310546875,0.32797548372890806,0.13267043402934775,0.7853498717368208,44.99723309166037
6.176061153411865,0.3297714590667326,0.13446609650653696,0.7903357063654233,45.28290037322947
6.24280571937561,0.3323396195482944,0.137065521237897,0.7986697742490638,45.760407289137596
6.276170969009399,0.3340132076406021,0.13878886369599797,0.8041316866050532,46.07335181520614
6.3425562381744385,0.3367360503078582,0.14160531307480684,0.8128280049160055,46.571614151726045
6.376069784164429,0.33847970335692873,0.14344748671649304,0.8184385943667265,46.893077247832984
6.442765474319458,0.3410799054314557,0.14622513375059815,0.826767980207928,47.37031590246985
6.476063013076782,0.34260546773697576,0.1478968483693131,0.8314346999316826,47.63769924681145
6.54272985458374,0.34514863155850656,0.1506813938611647,0.8379542931095056,48.01124442004299
6.575807809829712,0.34703857389543447,0.15276519942204525,0.8421575931536025,48.252075772596896
6.642529249191284,0.349087812742389,0.15509816476060168,0.8492280353387784,48.65718226909873
6.675887107849121,0.35058589832607734,0.15680497619611466,0.8543318993265632,48.94961213480761
6.742522716522217,0.3527392059188569,0.15928750571610928,0.86186900324334,49.38145637899044
6.775803327560425,0.3543111799152512,0.1611130950010267,0.8673400882744597,49.6949264606308
6.842588901519775,0.35691293130906454,0.16415354094099158,0.8760278761681881,50.192700040246294
6.875872611999512,0.3585372407757355,0.1660985059858702,0.8815463289079646,50.508884091677885
6.942514419555664,0.3606588376334523,0.16869282038134695,0.8896300499398426,50.972047189565636
6.975841999053955,0.3623544099896468,0.17076758296395111,0.8950383715481576,51.28192119197149
7.042780160903931,0.36481016499444635,0.17381945536182747,0.9029850124453074,51.73723017668423
7.076050281524658,0.3662057629833422,0.17560409984594555,0.9082629391143562,52.03963309940027
7.142682313919067,0.36880340459049643,0.1789056632149898,0.915584019641924,52.459100115105315
7.1759045124053955,0.37017243475975015,0.18070735535756322,0.9201656617793668,52.72160887282008
7.242528438568115,0.37228876674790523,0.1835015991281213,0.9271033947137801,53.11911168935088
7.27581000328064,0.37373049886703913,0.1854248587346885,0.9317946899672989,53.387903107827256
7.342539310455322,0.3756167081095273,0.18798762267956642,0.9388195156455941,53.7903959710087
7.375866413116455,0.37704420228252444,0.1899298092342363,0.9431870995250002,54.040640093968044
7.4425482749938965,0.37914255554938914,0.19281676921456803,0.9482767118400619,54.332253398978885
7.475881099700928,0.3805499160919229,0.19477499589653377,0.9513353048717001,54.507497870939886
7.542518854141235,0.38271840488226117,0.1978066871367562,0.9570076888707384,54.83250153386231
7.5758140087127686,0.3836943904366493,0.19922813996519145,0.9609800642050703,55.0601018751614
7.642568349838257,0.38554654389404186,0.20188269953593724,0.9668986411214102,55.399211353191234
7.675851821899414,0.3871647493025098,0.20419504958310408,0.9712892446710719,55.65077440610201
7.7427403926849365,0.38927609842996036,0.2072746723204944,0.9783658288948263,56.056232815491995
7.775820732116699,0.3909376483733081,0.20971394038739893,0.9822057706698071,56.27624527277437
7.842644453048706,0.39272452119494256,0.21242335338579932,0.9874620766668776,56.57740942223581
7.875888109207153,0.39389309993416777,0.21420813136578118,0.9907412800359992,56.76529393545156
7.942535161972046,0.39634286782652395,0.2178992971396233,0.9956940598180608,57.04906731382141
7.975939989089966,0.3976435176204605,0.21991672450764999,0.999616258597255,57.273792750280606
8.042539119720459,0.39953879434884043,0.22288079579752515,1.005252932402594,57.59675036981848
8.076061487197876,0.4010549544676866,0.2252513978129288,1.009024895403572,57.81286793025402
8.142519235610962,0.40300599336595055,0.22836034824147194,1.015323398156926,58.17374555527273
8.175851821899414,0.40427016202533644,0.23040326381388826,1.019480587740897,58.41193497307001
8.242571592330933,0.4063303129485046,0.23374360923897508,1.0255500275127392,58.75968825600541
8.27583122253418,0.4074980587540353,0.23568453277274953,1.0300648559019154,59.01836886793106
8.34249234199524,0.4093646331661388,0.23879657140968483,1.0366043529482387,59.393054448823655
8.375855207443237,0.4105880408564569,0.24086722100039853,1.0407885281214087,59.63279002698971
8.442494630813599,0.4124149306157868,0.2439871285998036,1.0473491760283848,60.00868746293079
8.475833415985107,0.4136174012200658,0.24607177638113903,1.052036373653857,60.27724410461408
8.542973518371582,0.4157057592687671,0.24969786132419614,1.0591474295880219,60.684677597523184
8.575856924057007,0.4168756489093048,0.25179266190921745,1.0637951918474928,60.95097475917106
8.642590522766113,0.4185750021526973,0.25486954144418383,1.0704066995234736,61.329786245223104
8.675820350646973,0.4196594375718894,0.2568647587314904,1.0754258138573065,61.617360313445346
8.742560386657715,0.42165839253212145,0.26052805904380183,1.0830763628083733,62.05570447929971
8.77614450454712,0.42291415146135736,0.26288881234444966,1.0875336249647227,62.311086789041916
8.84248685836792,0.4246916249227019,0.2662813592074931,1.094493267351795,62.70984492474152
8.875860214233398,0.42559088119451005,0.2680646549461739,1.0994408662611581,62.99332146097154
8.942567348480225,0.4272949988795021,0.2713997434328831,1.106772494984288,63.41339284376378
8.97585129737854,0.428434504435488,0.27367033216481845,1.1122318791849977,63.726192517204844
9.042574167251587,0.4301088488062973,0.2770575862497035,1.1203620710200108,64.19201819598283
9.075812101364136,0.4312796488906407,0.2794650968546193,1.1255407089005192,64.48873229016252
9.142535209655762,0.4328535084577846,0.28277470403980937,1.132900577580145,64.9104217032756
9.175816059112549,0.43380941227308534,0.2848347491774412,1.1377810409408071,65.19005165590977
9.242511749267578,0.43577405939694513,0.2890147729786109,1.145290967478489,65.62033875097224
9.276085138320923,0.4368137042748477,0.29132454306969424,1.1508929177586205,65.9413068590659
9.342568397521973,0.4383830749125824,0.29485161348254396,1.1591148905959725,66.41239120191737
9.375889778137207,0.4392181697796068,0.29680627359977396,1.1643736851873503,66.71369793732956
9.442545413970947,0.44071531784772633,0.30028071524029687,1.1716892291992482,67.1328477340535
9.475829362869263,0.441759782403465,0.30274290840380014,1.17694499794251,67.43398110113918
9.542532444000244,0.4432812051307775,0.30639332021930094,1.184802101653967,67.88415998300223
9.57579493522644,0.44440128303476617,0.3091187690748791,1.1894798912011342,68.15217758150533
9.642895221710205,0.4458365523128125,0.31271423638523904,1.196634144142393,68.56208608060852
9.675766944885254,0.4468134401793779,0.3151995638168239,1.2010925597568236,68.81753447863062
9.742515563964844,0.44825900137666247,0.3189293286692234,1.2065647223507017,69.1310663000692
9.775811433792114,0.44910501990067286,0.32117352784272146,1.2105030651383228,69.35671672007568
9.842509508132935,0.45028850579379776,0.32435496839952166,1.2173711263099753,69.75022763864904
9.875986814498901,0.4511704151302914,0.32673742148640605,1.222046353378611,70.01809841794719
9.942535877227783,0.4524635967231781,0.3302876563683585,1.2294735796487426,70.44364713671442
9.975873708724976,0.4533154286812531,0.3326805145826555,1.2340536544923002,70.7060660951043
10.04288125038147,0.4544657219067195,0.33598919527088333,1.2402453818741317,71.06082594197883
10.076154708862305,0.4554389110867338,0.33877626444382875,1.2446099662419576,71.31089820558404
10.142580509185791,0.45666267468564825,0.3423985336343278,1.2514926779994648,71.70524854089427
10.175849199295044,0.45741146212031003,0.3446809132675417,1.2560220136197688,71.96476035593595
10.24250841140747,0.4585385029179947,0.34815447064468114,1.2632750517052815,72.38032882688348
10.27606725692749,0.4591283700143175,0.35006160500877803,1.2679797725326265,72.64988947407764
10.342518091201782,0.46015020005825935,0.353339933769045,1.2748563372953465,73.04388761252989
10.375838279724121,0.46089994932353096,0.3557734537927356,1.2803508301306412,73.35869886255713
10.442503213882446,0.46183951660454503,0.358943178415196,1.2883768662566761,73.81855685879847
10.475860118865967,0.46259908200267724,0.36151590888033824,1.2936407961080667,74.12015782293608
10.542521476745605,0.46358602562434637,0.36498571636298766,1.3020328243165697,74.60098562083803
10.575844764709473,0.464346966134634,0.36769665772206916,1.3077838672485043,74.93049610863642
10.642515420913696,0.46533534170793706,0.3713661772957717,1.316315307797082,75.4193116452367
10.675938606262207,0.46593599308006184,0.37369252158989863,1.3217368646224725,75.72994396972193
10.74256157875061,0.46675059236840943,0.3769449480411007,1.3292412637701854,76.15991436866744
10.775882244110107,0.46747601364297997,0.37980760093032917,1.3339342223780855,76.42880109032971
10.842575311660767,0.4682167919307646,0.38295522160648626,1.34089610034968,76.82768731558717
10.875702142715454,0.468908517292697,0.38582730103669194,1.345619888743767,77.09834045388124
10.942601919174194,0.4697230510162952,0.38940451480253785,1.353096234695402,77.52670352308965
10.975880146026611,0.4702722952081432,0.3918821142913473,1.358197011341575,77.81895649715425
11.042580127716064,0.4711070495429337,0.39572422686883035,1.3660909507516332,78.27124590908258
11.075825214385986,0.4715259243195697,0.3978129359826008,1.37122596861257,78.56546076023855
11.142703771591187,0.4723079337916305,0.4016392160545913,1.3786166720883313,78.98891687703234
11.175819635391235,0.4727633290159493,0.40399726078386367,1.3835592190707353,79.27210395916921
11.242763757705688,0.4733443384215651,0.4071498645577619,1.39033704168514,79.66044458926292
11.275925636291504,0.4738952476420396,0.4100532885471959,1.3947185042653252,79.91148390320204
11.342615127563477,0.4744718273988754,0.41336510297667906,1.4010150203303786,80.27224769936592
11.375893115997314,0.4749064313140002,0.41587105543676905,1.4056383730541344,80.53714629763745
11.44252610206604,0.4755280748870681,0.419580354309545,1.4125405672918636,80.93261289683885
11.475767612457275,0.47595665696216555,0.4222225019676975,1.417107977491154,81.19430622456318
11.54253625869751,0.4765387742281207,0.4259781076637347,1.4233699543390304,81.55309106935513
11.575798273086548,0.4769604428320029,0.42875853650884876,1.4272541940312744,81.77564161033791
11.642578601837158,0.47765517400704394,0.43340784964541684,1.4328192959556474,82.09449846316461
11.675877094268799,0.4780384336639879,0.4361820641992556,1.436370795541349,82.29798440036778
11.742552280426025,0.47853215565178625,0.43993543947107516,1.441996817874171,82.62033173548484
11.775795698165894,0.4788522250261769,0.4424486050845575,1.4460410696899906,82.85205029581941
11.842578172683716,0.47932787791129894,0.44627574220848704,1.4527769389863878,83.23798717785473
11.875839710235596,0.47966384819030006,0.44906347497923904,1.4581927223412294,83.54828870684436
11.942617893218994,0.4801542042589829,0.45332821315282595,1.4661742762141532,84.00559805771918
11.975829839706421,0.4804110429653546,0.4558495394417645,1.4712829203059177,84.29830180321173
12.042595386505127,0.4808270300102059,0.45998729864274995,1.4796503668085748,84.77772117311548
12.075852394104004,0.48108437022779404,0.4627805755836228,1.4858106564238607,85.13067976864963
12.142602920532227,0.48139065149342575,0.466522318781734,1.495012117111158,85.6578846313873
12.175867080688477,0.48159359390394907,0.4691859449676721,1.5010082391263908,86.00143711630564
12.24254846572876,0.48184321372180017,0.4728903760633961,1.5100300245288918,86.51834734354168
12.2758047580719,0.48199577878435207,0.4754196665647452,1.5161759014147278,86.87048015050709
12.342652082443237,0.48219056315756054,0.47908875878737134,1.5249293530192902,87.37201598362053
12.375967264175415,0.48230792465041555,0.48162711319024154,1.5307312682808694,87.70444124120155
12.442611455917358,0.4824504109277996,0.48527738803307824,1.5392709322891318,88.19372794733476
12.475883483886719,0.4825049224457132,0.48740902163623734,1.5443888735046036,88.48696437877736
12.542555093765259,0.48260965978274184,0.49114376494020845,1.5523114987875686,88.94089737015489
12.575837135314941,0.4826534806951863,0.4935523287910345,1.5577146456220805,89.2504748798619
12.642489433288574,0.48271394248463384,0.4974486230256838,1.5658235554219633,89.71508118784745
12.675846815109253,0.48272785861952816,0.49999023011114563,1.5709679758167794,90.00983476451144
12.74255084991455,0.4827284749710695,0.5037835768415937,1.5791102605484508,90.47635331523001
12.775814056396484,0.4827046131796058,0.5061853047983913,1.5839913360450768,90.7560183406714
12.842570543289185,0.48265104086128835,0.5096807117396451,1.591071355852128,91.16167359448447
12.875889539718628,0.4826040037819016,0.5122230282895086,1.595962476052573,91.44191413906115
12.942622423171997,0.4825141061067707,0.5162760891702362,1.6034317335097392,91.86987106745339
12.975867509841919,0.48242975745699307,0.5186847617245922,1.609094746520745,92.1943378123117
13.042618989944458,0.4822868625445701,0.5223206067844837,1.6177408912838795,92.68972541629844
13.075939178466797,0.4821728356504889,0.5245901180001864,1.623039371868608,92.9933059916354
13.142680644989014,0.48197312081336474,0.5287666188605132,1.6310550434909479,93.45257014555825
13.17595100402832,0.4818149394406806,0.5314408605718239,1.6365487402845311,93.76733578575512
13.242597341537476,0.48156507396617304,0.5351231089043379,1.6446484678397881,94.23141598987716
13.275830268859863,0.4813776515863565,0.5376545768915487,1.6497585496860157,94.52420211263242
13.342549085617065,0.48109699560479824,0.541017760237565,1.657119638764376,94.94596144944232
13.37585973739624,0.4808540549625464,0.5440983747992134,1.66208672913359,95.23055476405835
13.442548513412476,0.48049303498837925,0.548062178803375,1.669336520734452,95.64593722513713
13.475910425186157,0.48023115043327924,0.5507217932743331,1.6745738521719133,95.94601421241487
13.54255485534668,0.4798284173505588,0.5545498923692161,1.6829340322511075,96.42501724692202
13.57597827911377,0.47959451409893,0.5563897891775397,1.688699200327004,96.75533704585446
13.642536163330078,0.4791599135192831,0.5601060808864778,1.6974251968139522,97.25529981660257
13.675964117050171,0.4788547548441793,0.5624937518016935,1.703560130076498,97.60680560014087
13.742579698562622,0.4783476696539919,0.566360559595025,1.713394551222898,98.17027642578381
13.77588152885437,0.4780166744276544,0.5686037198248278,1.7201121694496435,98.55516759855648
13.842597961425781,0.4774778637183054,0.5721805916879735,1.7302461434558611,99.13580153880802
13.87585973739624,0.47709526252383555,0.5745558925309691,1.736850350668836,99.51419473914135
13.94255542755127,0.4765356929781896,0.5778299806519694,1.7470249119366925,100.0971541581868
13.975867986679077,0.4760982302842899,0.5803383519454387,1.7536911200962504,100.47909975108513
14.042562484741211,0.47536141685772304,0.5844458185119198,1.7633862122194741,101.03458761173638
14.075855493545532,0.4748542545337128,0.587070596526732,1.7694253552264425,101.38060501791162
14.142560720443726,0.47411926965165385,0.5906823177168559,1.778002629640571,101.87204664156673
14.175862312316895,0.47366551502448406,0.5927628543316615,1.7839552345070717,102.21310577752625
14.242585897445679,0.47290197070399725,0.5962907203331075,1.7929310055372336,102.72737957543032
14.275848150253296,0.4723466759486551,0.5987727278836759,1.7983832483254356,103.03977007607493
14.34255576133728,0.4715006015395752,0.6024422289662615,1.8066297701886627,103.51226097450021
14.375910520553589,0.470909579960362,0.604913207335877,1.8117437787607007,103.80527208207171
14.442540168762207,0.46997811957322044,0.608731925466148,1.8188699253599796,104.2135702064019
14.47584867477417,0.4693257223300803,0.6113252405527784,1.8238127934911552,104.49677568900798
14.542604923248291,0.46839805899092274,0.6148874764977696,1.8309459398162793,104.90547486808684
14.57583212852478,0.4678055196578764,0.6170762893426586,1.8348956010441166,105.13177378694837
14.642816305160522,0.46679175556823627,0.6208544850548392,1.8413190486031357,105.49981022200377
14.675827264785767,0.46611331967132497,0.6233027491646733,1.846015928285262,105.76892160467035
14.742511987686157,0.46497735476653806,0.6273771635364067,1.853281827179695,106.18522694569013
14.775927543640137,0.4643001252883703,0.6296782988091533,1.858265450905424,106.47076755185567
14.842540979385376,0.46328713386241577,0.6330665574129997,1.8651993958035038,106.86805332989192
14.875826120376587,0.4625161829657102,0.635631071524679,1.8694896695722139,107.11386790979469
14.942640781402588,0.46132109286061307,0.6395435180005463,1.8760974421127297,107.49246538834869
14.975819826126099,0.46055578936771624,0.6419627977858033,1.8796785165010594,107.69764583692238
15.042595148086548,0.459465741462484,0.6453417294849257,1.8842718214577965,107.96082282495993
15.07584524154663,0.45860152497476775,0.6480393724860367,1.8878577844471827,108.16628336974188
15.14261245727539,0.4574967341910632,0.6513737303422781,1.893239761280428,108.474647927724
15.175872087478638,0.45668668325392503,0.6538029285652447,1.8972176299605024,108.70256301454955
15.24260425567627,0.4553519255517512,0.6577864924083979,1.9036409542070145,109.07059238431874
15.275840997695923,0.4545534382044898,0.6600727803434308,1.9087598766015517,109.36388503318072
15.34252667427063,0.45329398375806507,0.6636525630576215,1.9166245476009318,109.81449748870415
15.375805377960205,0.45242543693121096,0.6660609632929708,1.9220698826161366,110.12649220311019
15.442531824111938,0.4510759950082901,0.6697553722754322,1.9295016856298832,110.55230314997047
15.475855588912964,0.450219861058637,0.6720204883095069,1.9337894064292853,110.79797145550667
15.542553186416626,0.44901633763951276,0.675151076243334,1.9403208887853824,111.1721978284752
15.575932025909424,0.44804921374021145,0.677672883361612,1.9451251435871,111.44746135231908
15.642602682113647,0.44667500250635783,0.6811754982421414,1.9519289283599082,111.83728950451636
15.675899028778076,0.4457149421625789,0.6835738160807777,1.95700020653292,112.12785234056675
15.742535829544067,0.4443522304903661,0.6869153006393777,1.9651662489131279,112.59573210427763
15.77580738067627,0.4433694101539363,0.6892822400164785,1.9710342701033183,112.93194495256887
15.842573881149292,0.4417125552082545,0.6932495703082033,1.9796747051407233,113.42700541336914
15.87613582611084,0.4408251133271539,0.6952485038025129,1.9856458760985283,113.76912830800245
15.942572832107544,0.43919782864939305,0.6989685518399157,1.9946108548843573,114.28278375585478
15.975821256637573,0.43814271537470884,0.7013010514886749,2.000775493683182,114.63599154125002
16.042608499526978,0.436551186456853,0.7047672618729324,2.0092196135991887,115.11980397413957
16.075826406478882,0.4355207964429273,0.7069504941742586,2.014281615377611,115.40983531193089
16.14255380630493,0.43407233405460255,0.7099668032205977,2.0215319825333355,115.82525074987417
16.175850868225098,0.4326844648726549,0.7129009201807699,2.0268881692128464,116.13213764089434
16.242547750473022,0.4310550141047609,0.7162029446460836,2.0348369757043776,116.58757070502527
16.275819301605225,0.4300204262155338,0.7182464124760363,2.040027220812481,116.88494984435802
16.34255337715149,0.4284465695309501,0.7213345122397036,2.0476261458289957,117.3203361766407
16.375813484191895,0.42721447534919654,0.7237404326160859,2.052803201313903,117.61695960623092
16.44254446029663,0.42541060286651017,0.7272027281046904,2.059850891671585,118.02076251904116
16.475724697113037,0.42408727105635025,0.7297082975494434,2.064407427856563,118.28183281163905
16.54254651069641,0.422229710089549,0.7331631991528701,2.071526773683306,118.68974128040547
16.575857400894165,0.42110074830913335,0.7351991560702044,2.0771409806986045,119.01141164769483
16.642580270767212,0.41920311456893855,0.7386310948642733,2.0855495738442227,119.49318854658138
16.675836324691772,0.417688850414211,0.7413446514671409,2.0907571659509876,119.79156159572466
16.742592334747314,0.4157653309508489,0.7446894458352832,2.097982329709461,120.20553298537607
16.77584671974182,0.4146683812387907,0.7465369085469015,2.1035808871872894,120.52630670021703
16.842568159103394,0.41282271313355895,0.7496598084251087,2.111277435365293,120.96728642763574
16.875809907913208,0.411441893050535,0.7519744526255348,2.116487991360126,121.26582929505628
16.942565441131592,0.4094776921300742,0.7552091837057309,2.1244799621544828,121.72373549156472
16.975809335708618,0.4081980268419404,0.7572705268734137,2.13030525316263,122.05750008076706
17.042673349380493,0.4062031154434121,0.760459125727847,2.1386375794314847,122.53490720949843
17.0759117603302,0.40495865511047063,0.7623940389506287,2.1440829997758395,122.84690681290463
17.142619848251343,0.40330609425181596,0.7649162707552761,2.1522766131761935,123.31636627970676
17.175693035125732,0.4015487136578598,0.7676538825440253,2.1582247829176064,123.65717130171714
17.242809295654297,0.39937875474784235,0.7709218037126514,2.1666037046537236,124.13724815406708
17.275825023651123,0.39808475382803743,0.7728089644633698,2.172538912236504,124.47731049909444
17.34257936477661,0.39588060212017795,0.7760315184055178,2.1821254537092662,125.02657886561084
17.375957489013672,0.3944087245667811,0.7781308957897856,2.1877745677979994,125.35024926088315
17.442599773406982,0.392457037681618,0.7808564047674835,2.1958506365075956,125.81297391300068
17.47588324546814,0.39080485078627664,0.783171572179518,2.2006762873630428,126.08946334042149
17.542609691619873,0.38874321726143946,0.7859830372613182,2.2080685570196468,126.51300919276753
17.575838327407837,0.38737487871750753,0.7878211382087805,2.213818732391045,126.84246997300872
17.642627239227295,0.38531186122775707,0.7905675709347423,2.221859414578304,127.30316712674467
17.675827741622925,0.38399904897665726,0.7922782673588358,2.227327614704476,127.61647191550723
17.742825984954834,0.38192975225220027,0.7949638467466937,2.2351406774914238,128.06412743827005
17.775813102722168,0.3805130926984498,0.7967726069463721,2.2405048987327887,128.3714746757747
17.842821836471558,0.37815673821291695,0.7997725751830836,2.2493258926982453,128.87688040110572
17.875856637954712,0.3763863553089014,0.8019933403322611,2.2548421809152157,129.1929404345159
17.942593336105347,0.3742651435779891,0.8045725093547561,2.262191444179877,129.6140222021115
17.97585129737854,0.37263187779877416,0.8065538211515141,2.267571687001371,129.9222874085387
18.04262399673462,0.3702353002992788,0.8094236229165334,2.2758578863921017,130.39705166183143
18.075895071029663,0.3680698419950669,0.8120174352381527,2.2813883984129286,130.71392665917116
18.14259386062622,0.3654540509295042,0.8150532923423605,2.289365584427951,131.17098575022274
18.176119089126587,0.363421985379882,0.8173961279934665,2.2942891717562275,131.45308652419706
18.24260449409485,0.3608278248412806,0.8203166381862141,2.3014104169778835,131.86110382027567
18.27588653564453,0.35895562410191195,0.8224087637877189,2.3061919758220646,132.1350669615407
18.342566967010498,0.356243331920228,0.8254017760864031,2.3135041802691574,132.5540254152959
18.37586498260498,0.35443750320404094,0.8273647863048836,2.317944739394599,132.808450711862
18.442583799362183,0.3517004129330105,0.830316573936937,2.324829293851415,133.20290662606556
18.475871086120605,0.3500502375613431,0.8320587351106514,2.3291941904252247,133.45299677775594
18.542558193206787,0.3474067134138671,0.8348451140676235,2.334548485464134,133.7597752857533
18.57583475112915,0.3454693509722998,0.8368775351081714,2.3381806589599843,133.96788349752478
18.642627716064453,0.34298509241238795,0.8394354928613171,2.3441093171965757,134.30757059265696
18.675889015197754,0.34111597420349804,0.8413562550763071,2.3474033044202636,134.4963021583443
18.742562294006348,0.3386348408122529,0.8438675271708349,2.3529968185724743,134.81678691191266
18.775856494903564,0.3367508897666607,0.8457719827020326,2.357242669785404,135.06005626685402
18.84254503250122,0.3338580016644087,0.8486702682139092,2.3638977049651984,135.44136169516733
18.875810146331787,0.3322387209793557,0.8502492385345612,2.368687753449454,135.7158112569782
18.942549467086792,0.32982490257617014,0.8525869213429544,2.375763679416407,136.12123195103166
18.97590160369873,0.32770637203546793,0.8546485310089837,2.3804535013405155,136.389938953951
19.042593479156494,0.32514853638221114,0.857072527946204,2.3876922023003515,136.8046859681069
19.075883865356445,0.3232964368941176,0.8588149610869374,2.3923169716152075,137.06966573106976
19.142571210861206,0.32052930538576346,0.8613910676197355,2.3993907060955286,137.4749608621883
19.175920486450195,0.318263997345658,0.8634942165231365,2.404649227060179,137.77625191994386
19.242555856704712,0.31581787697214964,0.86568375252202,2.4123628654259686,138.21821084299378
19.275869131088257,0.3140232038609011,0.8672849736109991,2.4177493502661025,138.52683369074464
19.342623949050903,0.3113081476959344,0.8696830675228149,2.425933675007801,138.99576095660848
19.375852584838867,0.3092909073030029,0.871448368943756,2.431602917955145,139.3205846505256
19.44256353378296,0.3064199365448286,0.8739173790400385,2.44006241769389,139.8052782823477
19.475902318954468,0.30407319961831936,0.8759263839341347,2.446152296783619,140.15420265193416
19.542696475982666,0.30131859901658636,0.8782055328511789,2.455004672601944,140.66140642498783
19.575794219970703,0.2993561905284642,0.8798136179059846,2.4610241417029264,141.00629659938355
19.642728805541992,0.29574387976366745,0.8827750768842721,2.469379790748197,141.48504002477006
19.675870656967163,0.29354788870183796,0.8845221583659317,2.47517574668066,141.817123837944
19.742584943771362,0.2902449615147819,0.8871186977409297,2.4845300715990457,142.35308717596155
19.775867223739624,0.2877086184845854,0.8890937728405054,2.4910378814363834,142.72595721351473
19.842586517333984,0.28453775593984737,0.8914877203733393,2.5000874211154636,143.2444576436622
19.875807285308838,0.2826121594692609,0.8929064150105579,2.5054879707237405,143.5538863432675
19.94253706932068,0.27915962692464424,0.8954672856315689,2.512847755470753,143.97557094739605
19.975856065750122,0.2768918357948934,0.8971173376763244,2.5178825845336283,144.26404540326863
20.04283118247986,0.27371281092825933,0.8993924915390276,2.526365324228425,144.7500705864886
20.075782299041748,0.27185398589658705,0.900686508055397,2.533170091487286,145.1399550309901
20.14260697364807,0.26895076329574424,0.9026952315929793,2.5427559659208128,145.68918517897356
20.175952672958374,0.2670683106788817,0.9039702430216381,2.548858375493452,146.038827492346
20.242598056793213,0.2639620912623024,0.9060684106164003,2.5583959569565997,146.5852906569466
20.27581810951233,0.26217502751396704,0.9072331010564227,2.5647771998683084,146.95090894383526
20.342565536499023,0.25893266042650304,0.9093579604237231,2.574137816845955,147.48723279029295
20.37584662437439,0.25667984209702865,0.9108045196648737,2.5801624838430866,147.83242078220033
20.442543029785156,0.25323180085224206,0.9129866124813626,2.5888116073050074,148.32797905305597
20.475898027420044,0.25106662125445584,0.9143186657400532,2.5948044023203845,148.67134091492412
20.54259443283081,0.24792156303753987,0.9162243587912461,2.6049729673171877,149.2539567729454
20.575829029083252,0.24607910322758292,0.9173024032799554,2.6122381262068237,149.6702197148135
20.642724990844727,0.24272646796931532,0.919276777327666,2.622351227119528,150.24965771490136
20.675917387008667,0.24051735859979095,0.9205417051527537,2.6286554423623847,150.61086264145908
20.742555141448975,0.2373404826036017,0.9223266622979276,2.638108515267089,151.1524838223281
20.77581787109375,0.23534625927541764,0.9234162917011742,2.6437899064180486,151.47800355704106
20.842612981796265,0.23230362625381346,0.9250633515769546,2.6520220692262293,151.94967174221438
20.875867128372192,0.22970766454957325,0.9264728636665273,2.6584916976375506,152.320354145201
20.942567348480225,0.22646526626936114,0.9281678008196492,2.668215074108756,152.87746257961788
20.97590398788452,0.2239588633009139,0.9294663320962587,2.6746327540486354,153.24516855443875
21.04258441925049,0.22042513744465383,0.9312518517103963,2.6832241205400504,153.73741759464696
21.075835943222046,0.21814859330150932,0.932371498106312,2.6886073300886184,154.04585278201444
21.142648935317993,0.21508796148402576,0.9338408621612234,2.697265485169202,154.5419285265016
21.175901174545288,0.2127895994696776,0.9349395218530746,2.703565532547994,154.90289465203884
21.24259901046753,0.20950117211181127,0.9364770199405981,2.712247653640403,155.4003435478554
21.275826692581177,0.20743376153353382,0.937415882253733,2.71787647442036,155.72285122218247
21.342623710632324,0.20415160423974088,0.93889665075441,2.7267473896331915,156.23111722429613
21.375831604003906,0.20194520995216397,0.9398691082919105,2.733350774119715,156.60946328587607
21.442503452301025,0.1987737160091572,0.9412360071603083,2.742829637614688,157.15256215871867
21.475863933563232,0.1968343362377074,0.9420441211133571,2.7485091953263665,157.47797684509882
21.54273748397827,0.1937796494452696,0.9433049498779263,2.7568252429337003,157.9544512752289
21.575876235961914,0.1912955330130576,0.9443303174925299,2.7620822570501686,158.25565599694323
21.642675638198853,0.18796749021955284,0.945659848440779,2.7694036728536333,158.67514222254215
21.6758553981781,0.18546098844535316,0.9466507439652431,2.7741734293730604,158.94842914041033
21.74262285232544,0.18181669703397974,0.9480619910771575,2.781303892217156,159.35697456735184
21.77582550048828,0.17969775217029046,0.9488501099019874,2.7857910251651528,159.61406834738617
21.84258723258972,0.17603271868085252,0.9502206669487443,2.7924091031113583,159.99325628219233
21.875914812088013,0.17339246848673984,0.9511927580691266,2.7969857625621386,160.25547955299072
21.942583322525024,0.16978589247633413,0.9524847434573113,2.803581181648848,160.63336923077918
21.975836515426636,0.16738766705642444,0.9533256935213182,2.8075209615614773,160.85910199198327
22.042577981948853,0.16378455952088022,0.9545752010713332,2.8132891582379442,161.18959531694622
22.075899124145508,0.1615055359956044,0.9553456600848574,2.81664939140686,161.38212249570498
22.142558574676514,0.15804704344548814,0.9565067949650237,2.8221483212125587,161.6971879654102
22.175928354263306,0.1555442599826293,0.9573411868617656,2.8259885882670797,161.91721905983738
22.242586612701416,0.15216009179752107,0.9584371700801251,2.8318227779301757,162.25149350441163
22.275862216949463,0.14922325759606841,0.9593980073881652,2.8355726143555073,162.46634330544757
22.34257483482361,0.14609612994498097,0.9603650256413653,2.8407243754368916,162.76151747247064
22.37583041191101,0.14431594388131025,0.9608988685632104,2.8440382049212816,162.9513859159522
22.44256830215454,0.14079424629735537,0.9619877773947131,2.8499769684636234,163.29165200245453
22.47591543197632,0.13809409874202816,0.9628131684468074,2.854170595857109,163.5319291529517
22.542534351348877,0.13474833868558977,0.9637952077129821,2.8603356435127574,163.88516036411738
22.575810432434082,0.1320407929447797,0.9645900134638699,2.864898842683784,164.1466124176948
22.64264488220215,0.12827848047110352,0.965662719074896,2.8720575707933578,164.55677732505504
22.675890684127808,0.1259071768602203,0.9663117531992226,2.8774885772897973,164.86795107580917
22.742581367492676,0.12240196634705446,0.967255037990814,2.886253178330161,165.37012572453796
22.77590775489807,0.12005604459551474,0.9678645536921421,2.8929975274968043,165.7565484673492
22.84256911277771,0.11628117631879369,0.9688307919280734,2.902487197633698,166.30026651516457
22.876112699508667,0.11353156328107498,0.9695115064158335,2.908234278969784,166.62955002024069
22.94258213043213,0.1096818768752844,0.9704287504325498,2.9164387135858307,167.0996294970312
22.975879669189453,0.10732034371436026,0.9709609553209286,2.921377455579683,167.38259856938296
23.042600870132446,0.1037559132169591,0.9717526792235668,2.9284957491323422,167.79044674728553
23.075830459594727,0.10125091802472921,0.9722956291721642,2.93351741831974,168.0781671978343
23.14260959625244,0.09727700945366415,0.9731445671854899,2.940826374913218,168.4969395632849
23.175865173339844,0.09477265939161753,0.973651302275623,2.9461153386113264,168.7999748611844
23.242599964141846,0.09089757925965913,0.9744210660767739,2.954382591299555,169.2736535483881
23.27567982673645,0.08811758858314911,0.974954475248264,2.960147974286428,169.60398566081247
23.342565059661865,0.0843764181389646,0.9756356022830565,2.968005405862478,170.05418332793295
23.375823736190796,0.08181935529766468,0.9760802035267593,2.973458976441415,170.36664990538276
23.44257688522339,0.07806030946796624,0.9767155517113136,2.98170666326934,170.8392075513685
23.475814819335938,0.07526559250410883,0.9771743872059481,2.987175112619445,171.15252661961057
23.54253840446472,0.07091612298788569,0.9778661518672307,2.9948348537469958,171.591397458382
23.575822591781616,0.06919502011555934,0.9780822196426421,3.0002305290783453,171.9005468824912
23.642592668533325,0.06519281824161763,0.9786632673589004,3.008421681608,172.36986535178832
23.676197052001953,0.06265412459096051,0.9790019076698605,3.0149403033100652,172.74335486355903
23.74257183074951,0.058464340904156004,0.9795490776128236,3.0243039002951355,173.27984945186498
23.77582597732544,0.055926216220551855,0.9798425854242242,3.0302523671302213,173.62067149608896
23.84258198738098,0.052547915333936435,0.9802014326169075,3.037925591615724,174.06031487436468
23.875839233398438,0.04986494380130979,0.9804879677745476,3.042097980113831,174.29937512579517
23.94256091117859,0.04624200558196925,0.9808444776159335,3.0479541139627173,174.63490687960004
23.975682973861694,0.043284756555090065,0.9811374715203733,3.052698746528232,174.90675430094436
24.042587280273438,0.039477846446080794,0.9814733992840751,3.059999628739777,175.32506403838804
24.075884103775024,0.0366587171444836,0.9817111977990856,3.0647927773873915,175.5996912264752
24.14258623123169,0.03283062769766301,0.9820009785325773,3.071358625047551,175.97588658632816
24.175894021987915,0.030280858311289044,0.9821774342411023,3.076232421850404,176.255134573336
24.242591857910156,0.02632931898120816,0.9824382617064722,3.0832639556485613,176.658011783474
24.275876760482788,0.023662703208244623,0.9825955550294702,3.088209511502758,176.9413712612657
24.342554092407227,0.02010738046057195,0.9827729289526376,3.0955376866220337,177.36124476713297
24.375849962234497,0.017570711399193695,0.9828901846100442,3.1007704323985115,177.66105901539004
24.442769527435303,0.013776733118055662,0.9830452134037122,3.109597584729525,178.1668175890762
24.475852966308594,0.01096417601079619,0.983145045965697,3.1162869380220464,178.5500893004096
24.5428307056427,0.007133099608825383,0.9832393870969092,3.1260957219726686,179.11209122293593
24.575829029083252,0.004321936754007355,0.9832912270134486,3.1321012651209137,179.45618349901406
24.64262318611145,0.0010416396380980852,0.9832977483988135,3.140698232447965,179.94875344346596
24.675835847854614,-0.0015217840860603793,0.983303443215187,3.1467678363261244,180.29651612900074
24.742615699768066,-0.00499435011552446,0.9832782496615291,3.155996165610917,180.82526044897634
24.775907516479492,-0.0076720647774511375,0.9832500090638604,3.161783871248564,181.1568715550776
24.842589378356934,-0.01117038926842584,0.9831713933075148,3.170614970676174,181.66285628074004
24.875805854797363,-0.013574199140560989,0.9831013739350766,3.176541511726109,182.00242207001233
24.94255542755127,-0.017463739811189455,0.9829756394813047,3.185434179275568,182.5119343892093
24.975877046585083,-0.020005805567771373,0.9828656453805773,3.1915667509423207,182.86330486327572
25.04260563850403,-0.0240754349263331,0.9826736244351837,3.2016056815343474,183.43849321702362
25.07586169242859,-0.026474429747084444,0.9825216758321806,3.208273458973716,183.820528723032
25.142589807510376,-0.029839613600871562,0.9822813347307633,3.21766560210948,184.35865888529403
25.175915718078613,-0.03210547207458547,0.9821033489579154,3.2229558014790483,184.66176498195307
25.242697715759277,-0.0355364905833892,0.9818202372000971,3.2303326268806756,185.08442594367122
25.275888681411743,-0.03794044475160149,0.9816096180789253,3.2347897370892116,185.339799547445
25.342546939849854,-0.04150621153079512,0.9812785814961759,3.2407916668035406,185.68368478901021
25.375865697860718,-0.04417762342733372,0.9810236353609152,3.245019132008662,185.92590070330206
25.442588090896606,-0.048209940843642496,0.9806174559638889,3.251719874613885,186.30982497418483
25.475936889648438,-0.05087276072016045,0.9803264593226543,3.2560892201163854,186.56017003071258
25.542558670043945,-0.05510474153113054,0.9798513854442955,3.262708588094785,186.93943187891892
25.575849294662476,-0.05789316050106644,0.979514977808622,3.26686554728481,187.17760809611548
25.642640829086304,-0.061607310040443924,0.9790357387806252,3.272903785445319,187.52357365840749
25.675827026367188,-0.06439554827794913,0.97867314473728,3.276347853236147,187.72090420717888
25.74258303642273,-0.06850953475709923,0.9781185575546361,3.281320293377501,188.0058040411599
25.775874853134155,-0.07115436664130328,0.977744186334316,3.2856037600427355,188.2512286027628
25.84253168106079,-0.0752791260797403,0.9771488094275237,3.292644141336134,188.6546127370374
25.875861644744873,-0.0779128325302137,0.9767449467226704,3.2972989897526155,188.92131590557494
25.942589282989502,-0.08146280118130786,0.9761725483408127,3.304968473022208,189.3607449279688
25.975882291793823,-0.08383466445517648,0.9757750366009417,3.3105865652810924,189.68263790331798
26.042554140090942,-0.08715205448110308,0.9751958859439999,3.3199378217358424,190.21842543131964
26.075809955596924,-0.08992848521203575,0.9747103749793496,3.325567173809803,190.54096354655078
26.142623901367188,-0.09366180198871507,0.9740162436828163,3.33359691717662,191.00103395204258
26.175868272781372,-0.09575262649071645,0.9735956547673373,3.339028764977355,191.3122559059821
26.24259042739868,-0.0991445676227646,0.972912450821869,3.346978714447758,191.76775445797844
26.27591824531555,-0.10150502961586491,0.9724224414232672,3.3523293432455246,192.07432290583165
26.34257674217224,-0.10487579616944046,0.9716981700668484,3.360494440273713,192.54214850486167
26.37587881088257,-0.10695855479676272,0.9712276936289685,3.3657403860800996,192.84271905912195
26.4425950050354,-0.11056270894493794,0.9704160292311556,3.373971292695892,193.31431526977318
26.47592520713806,-0.11304327717100629,0.9698359985046474,3.3798271758255543,193.64983265842469
26.54257082939148,-0.11682738926117567,0.9689269465904782,3.3889163026796125,194.17060126662125
26.575899362564087,-0.11956127878726658,0.9682488021307483,3.3952011534831303,194.53069669253222
26.642736434936523,-0.12382058915212055,0.9671638519829681,3.4040881564873344,195.03988445719318
26.67584776878357,-0.1263995965863446,0.9664676970022439,3.40919819923274,195.33266833963637
26.74254035949707,-0.13027823419227955,0.965402153923302,3.4166027969979913,195.75692054057728
26.775968551635742,-0.1331161953131012,0.9646097814496514,3.42094800217255,196.00588245819787
26.84280800819397,-0.13672796552178004,0.9635590267540783,3.4277006738860267,196.3927820478175
26.87584137916565,-0.13915997103014321,0.9628387166874117,3.432882231103361,196.6896634076763
26.942816495895386,-0.14283622794897838,0.9617334318407786,3.4404577388399242,197.12370802865007
26.97591495513916,-0.14486890806862432,0.9610897484530158,3.445214513254253,197.3962511266869
27.042792081832886,-0.14860490893216147,0.9599270436419785,3.4531274579984954,197.84962946405224
27.07589316368103,-0.15050130075863977,0.9592973137282816,3.458142842210659,198.13698981204575
27.142600774765015,-0.15377175890593728,0.9582227030594686,3.4651265729436735,198.53712810830328
27.175888061523438,-0.15632277072443884,0.9573795613736762,3.4704391957768816,198.84151897479094
27.242546558380127,-0.16042861944089765,0.956002269544864,3.479228174803054,199.3450903792196
27.275827407836914,-0.1626936437036322,0.9551983051215057,3.4845029385257575,199.64731207845927
27.34261131286621,-0.16642313391278823,0.9538706170405956,3.4918806416704182,200.07002333114872
27.37588882446289,-0.16867821657440518,0.9530394965531813,3.496616500187308,200.34136803653757
27.44257879257202,-0.17169814893502208,0.9518998836758513,3.5029241456316886,200.7027694991655
27.475916624069214,-0.1738252603367569,0.9510927485495347,3.507016339412502,200.9372349317558
27.542555570602417,-0.1771651226236291,0.9498178086535811,3.512717782965988,201.2639035845026
27.575838327407837,-0.1800534857579778,0.9487188277798234,3.516376847311682,201.47355252847768
27.642575979232788,-0.18347091440840205,0.9473682004756641,3.522845023965363,201.84415175187863
27.675849437713623,-0.18559222699080058,0.9465092161614393,3.5283337504865884,202.1586326164464
27.742591381072998,-0.1891964520417323,0.9450496709902381,3.53666123530587,202.6357623505505
27.775859355926514,-0.1916687116924238,0.9440244074731953,3.5422775799323873,202.95755519394092
27.842538595199585,-0.19531459302491191,0.9424840225146872,3.5509934363345974,203.45693698062962
27.87582278251648,-0.1977668551515324,0.9414226544157454,3.5567821965855044,203.78860851161969
27.94254207611084,-0.20114472024294047,0.9399250733534403,3.565438645447941,204.28458649700815
27.97593379020691,-0.20333470453111271,0.938931001707578,3.571125289858863,204.6104072213456
28.042628049850464,-0.2071785398125138,0.93718757846564,3.5794587705619083,205.08788049428384
28.075884103775024,-0.20985019144209355,0.9359489279493677,3.584241737333504,205.3619243038476
28.142589569091797,-0.21336193935681208,0.9342763468407375,3.5899538058201967,205.68920172042473
28.175858736038208,-0.2155197344156274,0.9332275043777607,3.593569557031142,205.89636900458123
28.242536306381226,-0.21856641010774577,0.9317314607156854,3.599728291892971,206.2492385193041
28.2758150100708,-0.22069174297529337,0.9306820025614503,3.6036937554685093,206.4764428459953
28.342607975006104,-0.2243556899751364,0.9288706898785295,3.6094556903995465,206.80657739937274
28.375893354415894,-0.226375854784007,0.9278401691842774,3.6128631886626135,207.00181266854463
28.44258165359497,-0.2297382901684533,0.9261290199323532,3.6178989727309903,207.29034184220185
28.475939750671387,-0.23224655839501857,0.9248457138089305,3.6219216092154043,207.5208219352741
28.54253387451172,-0.23563242446333332,0.9230798649589855,3.6279626271083365,207.86694676450216
28.575864553451538,-0.23812076136463564,0.9217719570355406,3.6323383144155694,208.11765517967555
28.64271306991577,-0.24151317429985675,0.919954833553218,3.6399416253921038,208.55329280895646
28.675861597061157,-0.24349939435952167,0.9188619097348198,3.645929554235352,208.89637585969925
28.742574214935303,-0.24694319494875214,0.9169670543485929,3.6545695585064366,209.3914116394074
28.77584958076477,-0.24952240768371417,0.9155290207909339,3.6607577367481894,209.74596813553453
28.84257459640503,-0.2524887082488371,0.9138126625625891,3.669662869976097,210.25619468549536
28.87586498260498,-0.2548072574483073,0.9124672562933032,3.67478669175436,210.54976804836704
28.942549228668213,-0.2580861172022292,0.9105313980065238,3.682169773768041,210.9727874875499
28.975879430770874,-0.26011044742444245,0.9093106574308633,3.686716438965317,211.23329221421284
29.042587280273438,-0.26351061233677076,0.9072549656862051,3.6936946518962976,211.63311436370162
29.075838327407837,-0.26543702256472634,0.906057241466579,3.6987768409791815,211.92430234883832
29.142564058303833,-0.2690150757023094,0.9038467170551637,3.705497362477726,212.30935986683187
29.17585825920105,-0.27151347901845657,0.902279379056372,3.7097121161155333,212.55084746196565
29.24257731437683,-0.2751483702338773,0.8999669331185614,3.7159314750598567,212.90719048075232
29.275855779647827,-0.2770345368276067,0.898725997255012,3.7208021900445165,213.18626189258444
29.34266424179077,-0.280004419558722,0.8967689827978231,3.7283379571924593,213.61802954555492
29.37584376335144,-0.28177540123773837,0.8955766092868674,3.7336960432050166,213.92502526034252
29.44254970550537,-0.2849837299688279,0.8934296633599892,3.7412306672411484,214.3567274178307
29.47584295272827,-0.2869949545430521,0.8920519945427141,3.745971289362746,214.6283450576646
29.542816162109375,-0.28997683452174117,0.8899906639001347,3.75193948321539,214.97029737673702
29.575809478759766,-0.292295404927976,0.8883835680202249,3.7558950846091315,215.19693664203447
29.64259672164917,-0.2956448756152844,0.8860304750684018,3.762158609114823,215.55581016108735
29.675833463668823,-0.2974788075825938,0.8847055022038197,3.7670967442549532,215.83874446328207
29.74257802963257,-0.3003202199926204,0.8826432345292589,3.7745872437371695,216.267918470058
29.775852918624878,-0.302149192065315,0.8812943304502001,3.7800659660499707,216.58182613570565
29.842561960220337,-0.30527301048385197,0.8789876655361533,3.7888495842565324,217.0850903877959
29.875836849212646,-0.30752771161199716,0.877297371380007,3.795252400759484,217.45194475041174
29.94256567955017,-0.3105562293705418,0.8749756006220616,3.805519029619683,218.04017925392836
29.97587275505066,-0.31266929930283927,0.8733275772961221,3.8124859951908006,218.43935697716634
30.042590379714966,-0.3158957735452822,0.87077713770949,3.8218599115241987,218.9764428205788
30.075708389282227,-0.3177538123314202,0.8692608545495667,3.8269983792242894,219.2708553329583
30.1426043510437,-0.32081167556726936,0.866764495985452,3.834455779900875,219.69813291786465
30.17606520652771,-0.3231061251171533,0.8648750997259804,3.839407240153547,219.98183069276953
30.242579460144043,-0.32607092395118487,0.8623802561034358,3.8464845708455666,220.38733187164067
30.27605390548706,-0.3283221877675041,0.8604775081252798,3.8515688246186106,220.67863815480956
30.34248995780945,-0.3313784363364957,0.8578466023265758,3.859803253963446,221.1504362029673
30.375848054885864,-0.3334977472276437,0.8559979095439839,3.865682007624916,221.4872639765666
30.442536115646362,-0.33706942546151886,0.8528666114621498,3.8746744887051703,222.00249518981641
30.47577977180481,-0.33904349837234443,0.8510751679990348,3.880742695180721,222.35017781007943
30.542819023132324,-0.3418362698501611,0.8485056685942501,3.8893745463339204,222.84474645054289
30.575817584991455,-0.34389502191766247,0.8465997525603799,3.8956991230330615,223.20711800261046
30.642573595046997,-0.3467382396646958,0.8439180761702155,3.9057948080356817,223.7855581445541
30.675813674926758,-0.3481486832564983,0.8425295802332906,3.912163390056166,224.15045101581077
30.742539167404175,-0.3507554111831824,0.839995443101196,3.92144007881009,224.6819661292671
30.77600646018982,-0.35216263681831,0.8385794476750574,3.9274438740058883,225.02595825504724
30.842530965805054,-0.3552163510419466,0.835564721049135,3.9365532639940564,225.547887855308
30.87612271308899,-0.3568937711750346,0.8338467997007227,3.943064192285203,225.92093656710304
30.9426052570343,-0.35942818769532375,0.8312239475677181,3.952631287897519,226.46909076788685
30.976106643676758,-0.36108422065882495,0.8294768494866235,3.959226752630106,226.84698306099148
31.04279923439026,-0.36386520625572993,0.826531446426542,3.9693424841890015,227.42657178600348
31.076128005981445,-0.3657752914778155,0.8244666519523259,3.9762206992026163,227.82066447686714
31.142822265625,-0.3682556102012192,0.8217153060874445,3.986859038534462,228.43019642160993
31.17604923248291,-0.36993811074977406,0.8198166117671576,3.993752968742374,228.82518952678103
31.242796421051025,-0.37254559333622034,0.8168434058414902,4.003924586981151,229.40798032268125
31.275803327560425,-0.37429063472626056,0.8148119489336925,4.010018878627145,229.75715751311853
31.3425235748291,-0.3768619984103635,0.8117769576702099,4.019286395777781,230.2881471324151
31.376165628433228,-0.37829871972793205,0.8100234873173026,4.02569078200661,230.65509143369866
31.44262981414795,-0.38061495405489654,0.8071908519053546,4.0349658476180394,231.1865135479405
31.475916624069214,-0.38220771856865565,0.8052141518172657,4.040931018488981,231.52829266291982
31.542635679244995,-0.38456478255513343,0.8022510714521732,4.050130857017313,232.05540458279512
31.57589840888977,-0.38630608855005333,0.8000376213616354,4.055638747298807,232.37098344994584
31.64266562461853,-0.3887335176716513,0.7968933494176293,4.063834585257008,232.84057037452388
31.67584991455078,-0.3902647764249132,0.7948671523036169,4.069533875364913,233.16711564392747
31.742573976516724,-0.39291751328773483,0.7913565520594186,4.078127373591989,233.6594868235921
31.775834798812866,-0.3945844320811802,0.7890938512168186,4.083589350630203,233.97243505567914
31.84256362915039,-0.3968688627679814,0.7859368830943603,4.091669085014032,234.43536973545926
31.875829458236694,-0.3982567345771497,0.7839763804462341,4.096717977651668,234.7246499748105
31.942558526992798,-0.4007294557901879,0.7805020573186248,4.1037483785991995,235.12746227738882
31.9758358001709,-0.40217380959250515,0.7784172752921805,4.108947481863989,235.42534895171394
32.04252481460571,-0.404356557413424,0.7752417376264529,4.11697796663564,235.88546183657363
32.07584810256958,-0.4059406696531598,0.7729157868107254,4.12202210151015,236.1744694761778
32.14255452156067,-0.40808625290691103,0.769703737091312,4.129056006162358,236.57748252624674
32.17615222930908,-0.4094025881789539,0.7676936713968479,4.134132598938226,236.8683498666106
32.24254631996155,-0.41123740186921603,0.7648531490889552,4.14214360836853,237.32734689660649
32.27608132362366,-0.412538753785216,0.7628228084691905,4.14848055764697,237.6904273452496
32.34258961677551,-0.4145475641104208,0.7596556777615124,4.157799806067928,238.22438094800444
32.375795125961304,-0.41581507462760636,0.7576059994237612,4.1637997127762425,238.5681502798631
32.442501068115234,-0.41770386624257966,0.7545136094040973,4.173110493741259,239.10161873312927
32.4758358001709,-0.41908641822567294,0.7522232398651392,4.179166172104039,239.44858354540526
32.542555809020996,-0.42108952336848826,0.7488429261677698,4.188024678986436,239.95613860255423
32.57583427429199,-0.4222164401599286,0.7468727822803722,4.194193633588229,240.30959366524476
32.64275145530701,-0.42393774561784237,0.7438391567899774,4.20266134408316,240.79475773874296
32.67584276199341,-0.42511291252659256,0.7417377390650166,4.207817558987026,241.09018709099692
32.74292612075806,-0.4266310828055867,0.7389573014782191,4.215673354282717,241.54029100615872
32.77610731124878,-0.4279941862101901,0.736486916457131,4.221189409143804,241.85633766926165
32.84276556968689,-0.4299875134900739,0.7328023637309565,4.228861100209013,242.29589318902634
32.875813245773315,-0.43062276601814276,0.7315010838290232,4.233916686035643,242.58555691985842
32.9425265789032,-0.432258967916664,0.7283598482366977,4.241939414735872,243.04522541455998
32.97608995437622,-0.4332905468438607,0.7263306581663849,4.24727921647199,243.3511735174762
33.04245114326477,-0.4349566226005912,0.7230322108310479,4.254846127147414,243.78472556313048
33.0760543346405,-0.43608850286674483,0.7207494283447594,4.2601321206229805,244.08759067981413
33.1427435874939,-0.4378004840425224,0.717248365493954,4.267143562411466,244.48931670259597
33.17583155632019,-0.43876914179180426,0.7151992765387332,4.271617442013973,244.74565112186932
33.24276661872864,-0.44037468245447275,0.7118050696270707,4.278948308553981,245.16567883478547
33.276060342788696,-0.4413847240722817,0.7096183217325537,4.284036145936012,245.4571904436247
33.34276008605957,-0.4430141101798467,0.7060694167788355,4.291500658246458,245.88487549513673
33.375789403915405,-0.4441137782313451,0.7036266712089758,4.29691686383696,246.19520121644763
33.44264817237854,-0.4455268208175497,0.700397548598957,4.304785154401341,246.6460210577693
33.47579908370972,-0.4464194239714743,0.6983117832719088,4.310091477404715,246.95005097059578
33.54251194000244,-0.44771022932097154,0.6952540615183054,4.318282517047473,247.4193629719502
33.575751066207886,-0.44858308175256695,0.6931506070686637,4.323597696748968,247.72390033619945
33.642515659332275,-0.4501715717816801,0.6893351609648377,4.33208640763001,248.21026764318992
33.67582607269287,-0.4510647139256192,0.6870910718616834,4.337634379223917,248.52814300037926
33.74266171455383,-0.45233355383600304,0.6838463199190816,4.345317841276622,248.9683729480482
33.77583312988281,-0.45330359844996965,0.6813506265020967,4.349476181614117,249.20662829916563
33.84249424934387,-0.45481546970500764,0.6774143036466758,4.35608890400604,249.58550938331453
33.876035928726196,-0.4555918535195292,0.675291812076194,4.360616426471639,249.84491731224398
33.94274544715881,-0.4570616936474706,0.6713294422125929,4.3667675503651235,250.19735075060274
33.97577500343323,-0.4578658937492841,0.6690694662515846,4.370547579457942,250.4139304640579
34.04247188568115,-0.45898859340937026,0.6658689607505217,4.376782798059883,250.77118217429054
34.075801849365234,-0.4598288577859947,0.6634690249589104,4.3816375227556,251.04933741005308
34.142815589904785,-0.46090456391995677,0.660302886911417,4.389435296359024,251.49611692712782
34.175793409347534,-0.4615285570887017,0.6584008278143683,4.39414378183825,251.76589327298606
34.242491006851196,-0.462690348690043,0.6549061938563865,4.401015225225758,252.15959797825337
34.27578377723694,-0.4634764950944759,0.652485040654848,4.406324349317537,252.46378838162354
34.3424756526947,-0.46456230205910964,0.6490507447783403,4.415016195424332,252.9617944797201
34.37575364112854,-0.4652688848437176,0.6467462128208077,4.420434857417698,253.27226094254792
34.44252920150757,-0.4664887386193915,0.6427546069775032,4.428425107050808,253.73006852378109
34.475913524627686,-0.46703003904556434,0.6408270394387614,4.433447010025095,254.0178023693319
34.54255390167236,-0.46815290064511794,0.6369586160410449,4.440943468638035,254.44731780914788
34.575778007507324,-0.46887508731903343,0.6343829932007496,4.445987320904602,254.73630925650966
34.64253878593445,-0.46987803622510116,0.6307022439028577,4.453118418828618,255.14489107085026
34.675776958465576,-0.4703706678974352,0.6287688141067537,4.457862118390309,255.41668503501322
34.7424201965332,-0.4713580371178106,0.6250113824710805,4.464895579878483,255.81967269365342
34.77579951286316,-0.4719452719623408,0.6226759246157523,4.470158805078039,256.1212332842149
34.84241271018982,-0.47281239556472976,0.6191586550147055,4.478372428022576,256.5918392134486
34.875789165496826,-0.47351479820189357,0.6162888248324604,4.48378646912988,256.9020409190075
34.942450761795044,-0.47430516966064784,0.6128413615820509,4.49140797492069,257.3387210343554
34.97576355934143,-0.4748641832917716,0.6103605580791058,4.496472134014959,257.62887597723983
35.04246425628662,-0.4756412585960079,0.6068004343753521,4.504237222198023,258.0737827576763
35.07577991485596,-0.47616094389385133,0.6043520721513203,4.509438097639787,258.3717709702626
35.14247131347656,-0.4767990647975942,0.6011666204682464,4.516798047556256,258.793465037904
35.17574214935303,-0.47739497039983797,0.5982699685307791,4.521156108812665,259.04316355475567
35.24243950843811,-0.478148021634551,0.5944061302317206,4.527409305599371,259.4014453390987
35.2757248878479,-0.4785849165589073,0.592040807777694,4.532285804706283,259.6808481567241
35.3424551486969,-0.47926502312270836,0.5883100513321255,4.5394023695008645,260.088597284085
35.375723123550415,-0.4796468230843345,0.5860748835355423,4.543664761941374,260.3328143815546
35.44246506690979,-0.4801964742255357,0.5827860821254287,4.550174157821908,260.70577529268905
35.47590112686157,-0.4806404675547725,0.5801400098771152,4.554900859959446,260.97659537618546
35.54249095916748,-0.4812334929648742,0.5764247034766459,4.562195875724478,261.3945689910032
35.5757942199707,-0.48166792181314044,0.5736277758812759,4.567452695473148,261.695762576263
35.64254570007324,-0.4823165479308854,0.569298807567591,4.5752360406165264,262.14171540347223
35.676098585128784,-0.4826331977250859,0.5669204509119534,4.580147501191168,262.42312136564414
35.742549896240234,-0.4831130863369909,0.5632513503373751,4.586950307294238,262.8128934441959
35.77579855918884,-0.4834027560540253,0.5609075641564365,4.591533249906803,263.0754767136465
35.84243655204773,-0.4839524648449959,0.5565332938514567,4.599392972752684,263.525805660858
35.87603712081909,-0.4842525355100926,0.5538788183463093,4.6047701254529505,263.8338938163807
35.94244861602783,-0.48460242406332227,0.5504595543332618,4.613012111447924,264.3061248286986
35.97602844238281,-0.48483703378059123,0.5480676925406764,4.618737774764702,264.6341811716628
36.04270839691162,-0.48524703173659833,0.5438749775099194,4.626991597428609,265.10709037515414
36.07602071762085,-0.4854930479926982,0.5410743141443738,4.6321564437783165,265.40301427282594
36.14269948005676,-0.4857649771557922,0.5375046396353903,4.639773187408761,265.8394215364836
36.175729751586914,-0.4859631796254624,0.5348380518406203,4.645127913831622,266.1462247609607
36.24268436431885,-0.4862028155609128,0.5311813013004235,4.6528465714393805,266.5884712653918
36.27572798728943,-0.48634221223497387,0.5287658340240396,4.658220614267259,266.8963812383518
36.3427095413208,-0.4864863102431206,0.5257050345807214,4.666438970893198,267.3672583875515
36.376018047332764,-0.48664544513975944,0.5227485451947582,4.672257851866685,267.7006557088212
36.44245624542236,-0.48680972385673066,0.5188288827373109,4.681321899015433,268.2199873557521
36.47574305534363,-0.4869159503506913,0.5158811418869625,4.686786462211327,268.5330837637593
36.54244780540466,-0.48700111446574534,0.5121664999441753,4.6948014705140135,268.99230991226557
36.57575464248657,-0.4870587289236835,0.5093563661067018,4.700386832160875,269.312327561685
36.64275240898132,-0.48711385160151316,0.5052210754955062,4.708072056632683,269.75265848853024
36.67609405517578,-0.48710743248837207,0.5029571160778684,4.713156357986595,270.043967497882
36.74247980117798,-0.4870846261621947,0.4997515147045577,4.7213774234108215,270.51499984979114
36.77578091621399,-0.4870743147391206,0.4969001719427065,4.726759397634192,270.8233642582385
36.842753410339355,-0.4870126201517556,0.49353001795736695,4.733929363412963,271.2341730366153
36.87595319747925,-0.4869631716690987,0.49098978858255987,4.738157981046205,271.47645498017465
36.942460775375366,-0.4868698355887705,0.48739496330680926,4.744268004483872,271.826533535879
36.97604489326477,-0.4867918496237882,0.48483177279858924,4.748095826522688,272.0458515834303
37.04247808456421,-0.4866595508859021,0.48092323567203943,4.754120601021512,272.391045734731
37.07603669166565,-0.4865551589425652,0.47851783945143966,4.75777034268413,272.600160528312
37.142741680145264,-0.48638281027414726,0.47459776172534074,4.763468079703448,272.9266168122944
37.17602276802063,-0.4862471383065592,0.471788915740672,4.767750726675315,273.1719944089269
37.24269962310791,-0.48602781868761125,0.467811208900763,4.774575711150425,273.563037214593
37.276018142700195,-0.4858581772447813,0.46500728535668834,4.779498548012613,273.8450949900278
37.34276056289673,-0.48562053779202735,0.46186488445453594,4.786743486727525,274.2601994012232
37.37603425979614,-0.48542947626583044,0.4591932114377782,4.790987244053181,274.503348785261
37.4426953792572,-0.48514264548303054,0.45559628104095723,4.797758608610165,274.8913193959206
37.47586417198181,-0.4849251020021183,0.453026115198397,4.803036384732739,275.193713692959
37.54258608818054,-0.48460127648266615,0.4495431515759575,4.810485483734885,275.6205156269571
37.57578492164612,-0.48433845338508774,0.4467399325506365,4.815576227008926,275.9121937311443
37.64246320724487,-0.4839050660428661,0.442382876035066,4.823291680715565,276.3542566655633
37.676138162612915,-0.48358677781863735,0.43945499091168694,4.828523350906303,276.65400928729696
37.742472648620605,-0.4831256719334018,0.4355771720006806,4.836011296705805,277.08303697883116
37.77579951286316,-0.48274553855646307,0.4323855776726282,4.841510925993999,277.39814252593123
37.84270167350769,-0.48224115359556774,0.4286246222881196,4.85056638035217,277.91698184222776
37.87603807449341,-0.48192756331192477,0.4265226471975004,4.85636858532627,278.2494236991135
37.94272971153259,-0.48141309374596475,0.42304176586183123,4.8653479398945905,278.7639028186298
37.97576427459717,-0.4810125588309461,0.4203927213267781,4.871555700790235,279.11958131817653
38.0425226688385,-0.4804471455653739,0.4169275884854503,4.881407984124732,279.6840755718103
38.07577872276306,-0.4799870614674979,0.4141474640414878,4.88787894081596,280.0548340796296
38.1427686214447,-0.4793218779180852,0.41039841429285406,4.897316606934355,280.5955725166673
38.17574381828308,-0.4788542978047961,0.4079006775963504,4.903643709484296,280.9580887893253
38.24274277687073,-0.47806419568964564,0.4037390090709948,4.912963885192598,281.49209552173136
38.276026487350464,-0.4775976260377112,0.40152339351294,4.918713598089227,281.8215298041202
38.34273028373718,-0.4767192371214459,0.3972292115471425,4.927325106074105,282.31493286689687
38.37602615356445,-0.4761715923517529,0.39475435717519736,4.932971843755623,282.63846710406534
38.44244861602783,-0.4754288049168365,0.3915576198361736,4.941619842431231,283.1339609294124
38.47602558135986,-0.474879651527998,0.3892122502141196,4.947829171082652,283.4897292547485
38.542534589767456,-0.4740928053231923,0.38597775878564544,4.956720569571329,283.99916886211867
38.57577061653137,-0.4734555167197859,0.3833681786021974,4.9616552232479965,284.28190369115043
38.64249873161316,-0.4725322179565978,0.37972424402962635,4.969320938488058,284.72111682135505
38.67583179473877,-0.4719481403070705,0.3775304575404268,4.97424283954035,285.00312097883244
38.742493629455566,-0.470884280856656,0.37348510676601265,4.982146149787846,285.45594730019644
38.775761127471924,-0.4702392190646104,0.3711755804100619,4.987188336013062,285.74484329042036
38.842533111572266,-0.4691060564916204,0.36710112363770264,4.994567474868994,286.1676368033062
38.87580180168152,-0.46839550454773804,0.3646666264082916,4.9995688736547725,286.4541958453932
38.942503213882446,-0.4673408483432289,0.36112327193206956,5.007242518889196,286.8938633308063
38.97579646110535,-0.4666017824302148,0.35869284638896376,5.0125066644946195,287.1954766567394
39.04275989532471,-0.46562767227572893,0.3556104778641822,5.021016208420573,287.68303760927773
39.07582068443298,-0.4650445903192283,0.3538411207651251,5.0264328217402845,287.99338669175154
39.142470359802246,-0.4640809920172663,0.35089772357561533,5.034479780641844,288.45444347472613
39.175742387771606,-0.46324838411373775,0.3483401418958624,5.039949910488167,288.767858828309
39.24274921417236,-0.46210630234474775,0.34496540175331747,5.048037355003601,289.2312352660896
39.27575445175171,-0.46123531585604877,0.34242926778283295,5.052830726545508,289.505875225079
39.34248924255371,-0.4599845804009021,0.3388872902551344,5.0598970926419025,289.9107481788967
39.375747203826904,-0.4591209780098544,0.33649461436207656,5.065023281610558,290.2044571717872
39.44267225265503,-0.45777144072188486,0.33280895411926786,5.07244746439156,290.62983151147233
39.475826025009155,-0.45687644228719376,0.33043273541433393,5.0778477110032005,290.9392428506491
39.54270339012146,-0.45542263969715746,0.32660740659681897,5.0860275385250935,291.40791244479857
39.575923204422,-0.4545381294189449,0.32437442790302323,5.091464621405981,291.71943434673625
39.6425039768219,-0.453126240907706,0.32083234438355107,5.099935538948392,292.2047821705197
39.6758337020874,-0.4522128224145459,0.3186087027686659,5.105114652700404,292.5015235301282
39.74246668815613,-0.4507614666122505,0.3151013220504945,5.111764356458586,292.8825234904843
39.77580761909485,-0.4498251054785295,0.31289421441675647,5.115703805454893,293.1082372915797
39.842488050460815,-0.44839390947623287,0.30954703581662074,5.122589097584557,293.5027354713241
39.87575554847717,-0.44733276362779895,0.3070881237976624,5.127064959927522,293.7591834932576
39.942442417144775,-0.44591083501990286,0.3038792449972041,5.133543820644669,294.1303948684032
39.975759744644165,-0.4449776993607036,0.3018101047647584,5.13806494536951,294.3894362337888
40.042484521865845,-0.44332736481418383,0.2981362102619883,5.145031319194906,294.7885800524944
40.07604932785034,-0.44215560778437346,0.29557659156639754,5.149860968696596,295.0652985854687
40.14247679710388,-0.4405299150839508,0.29210701330840916,5.157602350820364,295.50884710875863
40.17604088783264,-0.43943519794801156,0.28981647074356476,5.1630095609053726,295.8186574255702
40.24244952201843,-0.4377123707069036,0.28624824231929613,5.170703705667904,296.259499447426
40.27602815628052,-0.4365878574538848,0.28397439916611056,5.17593032131233,296.5589624649886
40.34241509437561,-0.4346961689909825,0.28016279875733974,5.18352490330018,296.99409996005846
40.37602949142456,-0.4334257965021675,0.27766170289682146,5.18852959393884,297.28084761142236
40.442474365234375,-0.4317609379018956,0.2744690557805917,5.196169874630948,297.71860344937545
40.47606658935547,-0.4306382791609786,0.272346128310656,5.200875277011049,297.98820314666597
40.54244542121887,-0.4289173538014016,0.2691179663111155,5.2077760263396,298.3835869586697
40.57600712776184,-0.42777077034497485,0.2670016699842118,5.21262932292627,298.66166036981116
40.64252185821533,-0.42602933619650146,0.26381947006155504,5.219066193353068,299.0304658785393
40.676103830337524,-0.4248595014634555,0.26171465062074795,5.22316362139248,299.26523121205616
40.742467641830444,-0.42282533799940947,0.258051097510114,5.2302567695431055,299.67163866454797
40.77579355239868,-0.4217578434162977,0.25620781450292673,5.235692174401995,299.98306442290726
40.84242653846741,-0.41967443326966447,0.25256411432729675,5.243437662486166,300.4268482003991
40.875776052474976,-0.4181906902080162,0.25001625808678635,5.248817846896594,300.7351100601187
40.942484855651855,-0.4160655968702635,0.24643596491023684,5.257090382417796,301.20909143135566
40.97577214241028,-0.41488112319419834,0.24451388237941823,5.262268509244763,301.50577624432435
41.04252910614014,-0.41273346654037435,0.24099682274958845,5.270448861879405,301.9744759252181
41.07575488090515,-0.41118298358248073,0.23849559884252314,5.275996085083521,302.29230840283094
41.14252972602844,-0.4090228655201397,0.23508346989546822,5.284428551543167,302.77545314185426
41.17578959465027,-0.40750643649404883,0.23272336869686977,5.2896290233677234,303.07341822887804
41.24248504638672,-0.40522452518858926,0.22921677516830158,5.296944906290623,303.49258744377204
41.27573919296265,-0.40389149494848425,0.22722703710148112,5.302081849560413,303.78691261272917
41.342750787734985,-0.4018183329773365,0.22414545502407038,5.310512547540097,304.2699560253145
41.37575674057007,-0.40060479530148974,0.22239294569210719,5.316291359845297,304.60105758100076
41.44268202781677,-0.39839273703699435,0.21917164496164682,5.324818600103626,305.08963245869705
41.47583031654358,-0.3967821007157364,0.21686056167011875,5.329938218213148,305.3829649690914
41.542736768722534,-0.39480027562485814,0.21409898987935677,5.337298273073186,305.8046650495563
41.575780391693115,-0.39323993139944025,0.2119221979176322,5.341898808431582,306.0682563090931
41.6426842212677,-0.3910051852780032,0.2088533138150973,5.348755152934238,306.461095911983
41.67582988739014,-0.3892616576564609,0.20646992511129583,5.3541839636495,306.77214385374293
41.74255013465881,-0.3867901435864754,0.20315344389914905,5.362377883579027,307.24162088337295
41.77585959434509,-0.3850929824065868,0.20091532020278768,5.36715916745005,307.5155682698366
41.84277868270874,-0.3827216276356717,0.19783816533687495,5.374459165221577,307.93382733259995
41.87604284286499,-0.381104848749013,0.19576433027655252,5.379098077103881,308.1996174049891
41.942509174346924,-0.37885732806145783,0.1929306911036476,5.386270202724034,308.61054993316145
41.9758141040802,-0.3773543261952225,0.19105652451114438,5.390910478027232,308.8764181238135
42.04276418685913,-0.3748888048972887,0.18798936127609983,5.39827452935746,309.29834718515326
42.07581853866577,-0.37336245601953555,0.1861327610141401,5.403666936786954,309.6073093722783
42.14278721809387,-0.37094634858720454,0.18321104845290412,5.4119463819244125,310.08168663536475
42.17580270767212,-0.36914126421709237,0.18105042566209545,5.417346151112898,310.3910706202098
42.2427704334259,-0.3667464269866987,0.17824669980696173,5.425876296984769,310.8798119772989
42.27582240104675,-0.3649995523205159,0.1762207532824095,5.431412828747693,311.1970318804546
42.342517614364624,-0.3624809597809396,0.17334585125997914,5.438787396516195,311.6195634893229
42.37579107284546,-0.36079109912913626,0.17144596251324523,5.44423491780431,311.9316834679396
42.44253993034363,-0.3580589389837865,0.16839115380535996,5.453369409200894,312.4550512729624
42.47606110572815,-0.3564314814157211,0.16662504550665064,5.459409095830077,312.80109982639624
42.54266834259033,-0.35374500687293353,0.16371778606420162,5.467972892131003,313.29176921104903
42.57583808898926,-0.3519409073594688,0.16179874290327145,5.472595696794332,313.5566364077711
42.64263558387756,-0.34964674355077846,0.15941856521173578,5.479336643092979,313.94286418060796
42.67588782310486,-0.3478823146586804,0.1575818715719355,5.48404647324026,314.2127175702706
42.74274039268494,-0.3456424723699167,0.15530180167591334,5.491340314178055,314.63062387244605
42.77589678764343,-0.34376708148157026,0.1533835978086286,5.4960705362668305,314.90164563429244
42.84254002571106,-0.34151324864779004,0.15114193357432804,5.503308422216101,315.3163459517827
42.8757758140564,-0.3398023434190123,0.1494432070720365,5.508442410092984,315.6105017891994
42.942490339279175,-0.3367588223671783,0.1464271516495406,5.516212647009755,316.05570357034713
42.97582268714905,-0.33492976902912713,0.14466494239064703,5.521763550245014,316.37374689821297
43.04249691963196,-0.3321767767852864,0.14204136536850132,5.529713827404267,316.8292642253974
43.076125383377075,-0.3304190927816407,0.14039960539855542,5.535064984715642,317.13586295484976
43.14253759384155,-0.3274369285235111,0.1376169181816804,5.543258169929262,317.6052978883592
43.175785779953,-0.32517016923705394,0.13552481847842723,5.548376288533812,317.8985444834473
43.24254059791565,-0.32207196413508504,0.13272292581182202,5.556506892809503,318.36439379333547
43.27583026885986,-0.3201731135253371,0.1310463028097502,5.56208962311608,318.68426067806206
43.34248733520508,-0.31715656401664216,0.12839674252615216,5.570541580059115,319.16852213952427
43.37584400177002,-0.31513360001371943,0.12664995502579324,5.576604596362815,319.51590738484526
43.44251465797424,-0.31176597388013816,0.12375678780742255,5.585365781112393,320.0178862945305
43.47584843635559,-0.30981855715101575,0.12213780683720019,5.590686214150546,320.3227246527986
43.542479038238525,-0.306426777315999,0.1193083642967277,5.598726369075741,320.7833915966436
43.575767517089844,-0.3044237989934177,0.11768868057142548,5.603947430009868,321.08253635274974
43.64246201515198,-0.3013902790206318,0.11525034339255297,5.611512792348084,321.51599968521674
43.67593955993652,-0.29929742941209925,0.11358769891578555,5.6172996338447625,321.84756127968757
43.74256491661072,-0.2959340156326396,0.1109334657356077,5.625850763578225,322.33750492348383
43.77585053443909,-0.2933877928744122,0.10894822431525042,5.630909813372025,322.62736712501504
43.84250068664551,-0.2901257464572177,0.10646802398960602,5.638781764865587,323.0783967221279
43.875747203826904,-0.287880495567632,0.10478251241125171,5.644120384276425,323.3842770827955
43.9424684047699,-0.2848385509092581,0.10254184096591251,5.6520731746675965,323.8399384075618
43.97581768035889,-0.28246363665070373,0.10079499513408927,5.657470932515672,324.1492071510902
44.04262948036194,-0.2790716227576038,0.09834253503503906,5.66458981791091,324.5570892390746
44.07581663131714,-0.276999060000142,0.09687848621536506,5.6690495210981435,324.8126114095842
44.14256310462952,-0.2741752502375517,0.09491205445371498,5.6759047122343755,325.20538492944576
44.17586803436279,-0.27187023688794487,0.09329835639944832,5.680279435930762,325.4560381337846
44.24252653121948,-0.2686262763914014,0.0910626523271921,5.6865221664325505,325.81372024417465
44.275779008865356,-0.2663817146643848,0.08953650002219266,5.690980107074029,326.0691414282512
44.342544078826904,-0.26260342172672707,0.08697228701255025,5.698027094708732,326.47290407800057
44.375810623168945,-0.26026451399802375,0.08542389253206023,5.70322161587625,326.77052821749066
44.44249629974365,-0.2570965003933397,0.08336540897156584,5.711254156833645,327.23075891311544
44.475825786590576,-0.2548478601504593,0.0819189643234869,5.716409238089836,327.5261233121422
44.542484998703,-0.25146502327609305,0.07976644592393017,5.724265776930508,327.9762698292933
44.575796365737915,-0.24908303851201136,0.07827183480267984,5.7293740993793865,328.2689551460059
44.64263892173767,-0.24625870018989526,0.07655504033931831,5.737724518078548,328.747398894635
44.675968170166016,-0.24397168770128752,0.0751591917946205,5.74364439068636,329.08658261031775
44.742573976516724,-0.24082754212370447,0.07328189754580293,5.752163597340525,329.5746971964012
44.77576231956482,-0.23851953239037127,0.07191887331309965,5.757688132679882,329.8912297551172
44.84251284599304,-0.23510528006703021,0.06993365413368213,5.766159536211104,330.37660542400846
44.87586808204651,-0.23266414931684773,0.06853628924677371,5.771892310189352,330.70506917786446
44.94251370429993,-0.229425863281568,0.06672998866425178,5.780735016194769,331.21171891144985
44.97590184211731,-0.22661437464935644,0.06515807125750643,5.78695882902371,331.5683171190276
45.04249835014343,-0.2226836387620596,0.06301746505974348,5.796689226436403,332.12582782375983
45.07580804824829,-0.22032360169138157,0.061778060355605825,5.8037433310018365,332.5299982436032
45.14262509346008,-0.21659312231443004,0.059838973818102034,5.814052182094052,333.12065190281595
45.175798416137695,-0.2137331075329672,0.058371465339903915,5.820437472587157,333.4865020990359
45.24250054359436,-0.2100447004434588,0.05654408129055157,5.829797594493885,334.02279758001936
45.2757728099823,-0.2076454234372138,0.05538323020616565,5.836457216674083,334.40436582409643
45.34278464317322,-0.204110996034141,0.05370226571515524,5.845933365419816,334.94730915326505
45.37589621543884,-0.20156553642736638,0.052508393559420954,5.852300856619321,335.3121395250834
45.44248867034912,-0.19764448324191825,0.05069761722864645,5.861283556018119,335.82681028926925
45.47595477104187,-0.19545150328963884,0.04973115858387346,5.867204417107778,336.16605064078993
45.542521953582764,-0.19177925254807865,0.04810942393873599,5.875514968483895,336.6422101600681
45.57580780982971,-0.18957013833649816,0.047167135640822665,5.880525789016532,336.92930902848565
45.64255905151367,-0.18604670597785491,0.04566851182050788,5.887422403656409,337.32445594027877
45.675883769989014,-0.1837034991161473,0.04469103279653807,5.891701542639945,337.5696325439853
45.742584466934204,-0.18042866534625257,0.043350575494067546,5.898417376862104,337.95442150082454
45.77584767341614,-0.1778295686212797,0.04228478447457648,5.903035380634329,338.2190136267485
45.842485189437866,-0.17415115650259846,0.04081088716135885,5.910062622015953,338.6216448995353
45.87586045265198,-0.17191529340936781,0.03994276642926036,5.914772961455097,338.8915274694722
45.942561864852905,-0.1681001362554929,0.03846009712418274,5.9218261039850955,339.2956427687453
45.975842237472534,-0.16547359229483097,0.037460406973554246,5.926987788025674,339.5913854794505
46.04251527786255,-0.1618858844956326,0.036131071333252066,5.934654748600935,340.0306699621062
46.075790882110596,-0.15971502058572884,0.03535547894132262,5.940056599197063,340.34017320282453
46.142539262771606,-0.1561408325943806,0.034077775983096845,5.947140996436499,340.74607926503836
46.17576599121094,-0.15399415146796389,0.03333729392748028,5.951961222084133,341.0222578509485
46.24253439903259,-0.15057018744985623,0.03216122190192164,5.959402455588543,341.4486091251225
46.2758584022522,-0.148283583994744,0.031394318289368804,5.964687438097292,341.75141631767434
46.34254813194275,-0.14526132227042823,0.030412996736775923,5.972424766018258,342.1947325522544
46.3758442401886,-0.1428345010101923,0.029623408729459032,5.977918686607764,342.5095110150131
46.44256544113159,-0.13901287743395635,0.028401969731092925,5.986086570409125,342.97749628438436
46.4758734703064,-0.13658273912273283,0.02765618876995192,5.991869891661249,343.3088561836994
46.54254698753357,-0.13295147832083323,0.026565993451684644,6.000633815652327,343.8109920403616
46.57582330703735,-0.13037898671461504,0.025813004310209584,6.006574840633523,344.1513876977659
46.64248991012573,-0.1269859507352618,0.02486097918895406,6.015694363689641,344.67389788005374
46.67575407028198,-0.1249253123067019,0.0243087235716149,6.0216243885284015,345.0136632757225
46.74263072013855,-0.12146241214814452,0.023379781517247372,6.029738452082295,345.4785648720615
46.7758572101593,-0.11899256626983049,0.022733293042146108,6.035256457331785,345.7947232841883
46.842479944229126,-0.11522336469786601,0.021769201132556572,6.04345825664207,346.2646517690809
46.87581205368042,-0.1124886298994929,0.021089029907821407,6.049203333308853,346.59382041506666
46.942490339279175,-0.10876894845960056,0.020204183297708185,6.058082080121666,347.1025351348061
46.9758243560791,-0.10681804637435886,0.019779835834611587,6.063532557782754,347.41482450111675
47.04248929023743,-0.1030202944651466,0.018921034241265792,6.071792164495429,347.888065106191
47.075809478759766,-0.1002702982455164,0.018318530051036636,6.077031758068026,348.18827170426465
47.142510414123535,-0.09639150715431165,0.01750354967455949,6.084793811398458,348.6330046004539
47.1758291721344,-0.09389933993844585,0.017005372326543373,6.089197739170064,348.88533107504736
47.242557525634766,-0.09014810591275559,0.016270459760063388,6.0960362428303485,349.2771484729664
47.2758367061615,-0.08725195677695048,0.015708636570548946,6.100726181681973,349.5458621753389
47.34271049499512,-0.0830314155066233,0.014921328754396836,6.107612428054306,349.94041502916093
47.37583041191101,-0.08066717642362031,0.014515016105126947,6.112790408439798,350.2370914516511
47.44253921508789,-0.07715021719295677,0.013923794948798016,6.1204757876850095,350.67743124635916
47.475873947143555,-0.07464190173886086,0.013512185952977854,6.125899246844341,350.9881725665504
47.542548179626465,-0.07074606918788497,0.012889407470497003,6.134713079904155,351.49316800221067
47.575740575790405,-0.06836933359276394,0.01254010561740402,6.140368123226704,351.81717811755635
47.64250659942627,-0.0646083964351356,0.011998972118931073,6.148435248824178,352.2793903670936
47.67618489265442,-0.062222012843119824,0.011679877449924443,6.154153144133002,352.6070016359868
47.74252533912659,-0.057763090177747445,0.01107494951162368,6.16266465149439,353.0946750850889
47.775989055633545,-0.05524500753203988,0.010776756185673813,6.1686129966200225,353.43549015587485
47.84254264831543,-0.0514130372406165,0.010340694711609014,6.176888171020495,353.90962272375657
47.87585139274597,-0.048886227318951286,0.010074383809558935,6.182214679702295,354.21480919076356
47.94253206253052,-0.045220198398992446,0.009709582782061028,6.189260553393736,354.61850801626537
47.975884675979614,-0.04295767021196772,0.009506047122791312,6.192547380432622,354.806829333583
48.04259729385376,-0.03906573981967678,0.009145128588825624,6.197817065564408,355.1087600509972
48.075846433639526,-0.03639563716146032,0.008911862248544462,6.202674691948149,355.38708154123697
48.14259314537048,-0.032163777836163886,0.008558081961549866,6.2106792631427865,355.8457096875017
48.1758234500885,-0.029768877771017718,0.00839411215282692,6.216350730209147,356.1706608140516
48.242502212524414,-0.02637793769301688,0.00818366665448008,6.22524500510111,356.6802652271902
48.2758367061615,-0.023704101319269002,0.008020456505853922,6.231613723856485,357.04516593277907
48.342575550079346,-0.01995109748947383,0.007825866958723584,6.240980575151805,357.5818469793275
48.375850200653076,-0.0177801106334636,0.007748862173875232,6.24745366435242,357.9527276709345
48.442567110061646,-0.013892843545333135,0.0075994676220530665,6.257259849361668,358.5145806850888
48.47599482536316,-0.01134962572423956,0.007531617243407772,6.264029841668063,358.90247267158134
48.54250168800354,-0.007564033043412596,0.0074573167910031825,6.274361628672675,359.49444046177365
48.575809478759766,-0.00529334116371787,0.007446831488767005,6.280557032208866,359.8494109367779
48.64251780509949,-0.0013899485320250807,0.007426873915715067,6.289191742872678,360.3441434151309
48.67586588859558,0.0019337419008442188,0.0074137397955175285,6.294444481803312,360.6451031867403
48.74260330200195,0.005729335420837092,0.0074704482506822165,6.3020092707817605,361.07853366811247
48.7758629322052,0.007986094296445681,0.007527472566810243,6.306501478403236,361.33591820551953
48.84259343147278,0.011359900486053981,0.007620914992789551,6.313286039186368,361.72464490424295
48.87577033042908,0.013900554961404068,0.007692196154672229,6.317750976649368,361.9804669766627
48.942591190338135,0.017807383963377735,0.007818561112178601,6.323236435848333,362.2947606374546
48.975865602493286,0.02034595127370869,0.007919558512907413,6.325924929422472,362.4487999725008
49.04252576828003,0.023710374589145492,0.008075884177611441,6.330146605015809,362.6906841664724
49.075888872146606,0.026389040011674244,0.008193144575744308,6.332963830544114,362.8520992991808
49.142579793930054,0.029586994982353742,0.008366446543527806,6.336988433410188,363.0826920576231
49.17583394050598,0.0318630244006699,0.008490165125368127,6.338928701401146,363.1938612246293
49.242493629455566,0.035274376940477546,0.00868117996965885,6.341421278012104,363.33667534455026
49.275821685791016,0.03740836804191677,0.008809315673865857,6.343116251826657,363.4337901905093
49.34251952171326,0.04065059756256177,0.009006165798708634,6.345657185239856,363.57937495110934
49.375816106796265,0.04279065359590498,0.009141284659071552,6.347415944989125,363.68014446191995
49.44250297546387,0.04643731880680702,0.009366238334698145,6.349363633826281,363.79173881209374
49.475908517837524,0.04884519801349398,0.009522861778751826,6.349199707185699,363.78234650743866
49.54249095916748,0.052405041238228305,0.009756025848642033,6.348291613009917,363.7303165437659
49.575817823410034,0.05508294063194407,0.009924659374325219,6.347233490325359,363.6696905797337
49.64252281188965,0.05840628870189571,0.010143120340061334,6.3459326447617395,363.59515761913997
49.67581081390381,0.06094917191729162,0.010300174573449292,6.345632588005862,363.57796563341384
49.742453813552856,0.06454303024884749,0.01052471915269497,6.345618285391591,363.5771461539801
49.77583646774292,0.06722151453449113,0.010687907489934388,6.344902880597184,363.53615647861716
49.842567682266235,0.07071046063678131,0.010906435939999905,6.342541033853528,363.40083262834895
49.87578511238098,0.07310787582833636,0.011049017472721991,6.341172942047182,363.32244674185887
49.94247841835022,0.07714163008158881,0.011278882661659249,6.339112089654143,363.2043685975383
49.975796699523926,0.07967641219499394,0.011420592642851373,6.337305494419285,363.1008583152925
50.04247307777405,0.08390257638247746,0.011646018161339818,6.333907856291061,362.9061879902326
50.075823068618774,0.08698383540087919,0.011800457192120913,6.3315772456813235,362.7726538386062
50.14251089096069,0.09117334179012702,0.012003136622145246,6.328579265189873,362.6008822093835
50.175819635391235,0.09452260517865786,0.012153053236771981,6.325914815080215,362.4482204633769
50.242515563964844,0.09878619399589149,0.01233582428927731,6.321248840601376,362.1808798184237
50.27572846412659,0.10172268413457079,0.012447765802296576,6.317855451933937,361.9864529695319
50.3425178527832,0.10592985178216921,0.01259355327615978,6.312871946139911,361.70091912035525
50.37584137916565,0.10918552857086458,0.01269072524449872,6.309012996537685,361.47981759479404
50.44247651100159,0.11389665953359487,0.012812182913666054,6.302697696528896,361.11797755793145
50.475799798965454,0.11696731462574382,0.01287206895437219,6.2974448492284925,360.81701157719164
50.54247713088989,0.12214726352331733,0.01294856501835543,6.289494635005169,360.36149785597036
50.57580804824829,0.125622300483517,0.01297207103666145,6.283552532456478,360.02104045849643
50.642521142959595,0.13032691953252265,0.012970944156049758,6.274346801429668,359.4935909233276
50.67580962181091,0.13366789726975628,0.01294229474523282,6.268395288637915,359.15259435864203
50.74273657798767,0.1382111271988068,0.012870956960238985,6.260609641997165,358.70650966534686
50.77582263946533,0.14114368348166612,0.01280044956735072,6.256927027716458,358.4955114094877
50.84264945983887,0.14619347472977107,0.012672050851005937,6.251065689463308,358.15968146528365
50.87580132484436,0.14884955220486018,0.012577798169367438,6.246379463817043,357.89118051390665
50.942509174346924,0.15373586799051736,0.012401157021815545,6.238225059299788,357.42396755062555
50.97589826583862,0.1569381129433223,0.012257148660447234,6.232478894920275,357.0947365832911
51.04253029823303,0.16100302081718423,0.012040221654217802,6.223517701803983,356.5812980383258
51.075770139694214,0.16434714217562618,0.011847253271764911,6.218093488791119,356.2705135255088
51.1425347328186,0.16865950605920746,0.011560146893898074,6.210100706135719,355.812560812789
51.17581081390381,0.17186150744952497,0.011329834062994301,6.204458581158978,355.48929086413636
51.24250149726868,0.17687974088759986,0.010941709984304403,6.196766428374289,355.0485629742039
51.27581214904785,0.18007588503183936,0.01066437773494798,6.191753067695707,354.7613185661443
51.342512369155884,0.18442662035537305,0.010256885669318913,6.184155607892363,354.3260161843924
51.37587785720825,0.18803049503757868,0.009909565748898133,6.178981419566467,354.0295570309127
51.44274616241455,0.19224750844138444,0.009456110448162754,6.170884809855133,353.56565546608863
51.47579073905945,0.1954370025907316,0.009099658843909758,6.166119686903999,353.2926340321277
51.542734146118164,0.20002522524962146,0.008558556998042303,6.1595262684547425,352.91485898242166
51.57581639289856,0.2030732821215304,0.008178713962818024,6.154674071329736,352.63684856579323
51.642473220825195,0.20779187696189844,0.007570255299845112,6.146781876335458,352.18465910152685
51.67584848403931,0.2104284848144406,0.007197484196699314,6.140557933853377,351.82805346537145
51.74246859550476,0.21466704103623646,0.00658387924101074,6.1319916948658335,351.3372441250848
51.77576541900635,0.21770915217076617,0.006124114196156598,6.126425683755072,351.0183351797152
51.84247660636902,0.22236749502668682,0.00539319075020344,6.118603907454163,350.57018040937766
51.875856161117554,0.2255309959162388,0.004871393416387419,6.1127896116179725,350.23704579712347
51.942442417144775,0.2303630432448299,0.004046142668085589,6.10384363520823,349.72447910522163
51.975834369659424,0.2333834995862411,0.003495002081815808,6.098166196140315,349.3991858081874
52.04243183135986,0.23851289001674192,0.0025472242393835554,6.089470173640142,348.9009404203767
52.07575821876526,0.24205505111364223,0.0018600545289691392,6.08313784672777,348.5381248138007
52.142560958862305,0.24627010799446653,0.00098320001093289,6.072204515139134,347.9116910577548
52.17578673362732,0.24967696574559936,0.0002633475773783159,6.064964246907544,347.496854245542
52.24250102043152,0.2541056287441329,-0.0007294328342805495,6.055413137511864,346.9496159875018
52.27581429481506,0.25736271016639833,-0.0014788076031804903,6.049931938184955,346.6355663994
52.34257912635803,0.26218994331704587,-0.0026224690607684273,6.041815045445591,346.170502702674
52.37576174736023,0.2651645037694874,-0.003361612319390285,6.036017438658519,345.8383243024984
52.44247770309448,0.26982227447958157,-0.004537755805079577,6.026734964052261,345.3064776841225
52.475879430770874,0.27332565513250917,-0.005443373037522091,6.020119190403016,344.92742177580686
52.5425078868866,0.27773422439052686,-0.0066449277305220406,6.010199899334781,344.35908826183515
52.575809955596924,0.2805535249843572,-0.0074437137661180555,6.003549997678672,343.97807696276305
52.64270091056824,0.2851406553118073,-0.008758650459376675,5.994751224244329,343.47394438008337
52.675801038742065,0.288221246650551,-0.009671236119183399,5.988822858721432,343.13427405621053
52.74248456954956,0.29294032344787163,-0.011096288261937343,5.9800563125293955,342.63198795850036
52.77590799331665,0.29613418690329846,-0.012091837762893153,5.974245784678431,342.2990692358969
52.84248900413513,0.3008701250584167,-0.013601089959402755,5.965258025000464,341.7841085390715
52.87572145462036,0.3041769781860212,-0.014683315811498128,5.9593567753026715,341.44599183753513
52.942442417144775,0.30878468884675836,-0.016235522146912477,5.950470306281169,340.93683466782926
52.97584366798401,0.3115522436075684,-0.017205908815760458,5.944859571265406,340.6153632314598
53.04248118400574,0.31594044860244386,-0.018754762804234937,5.936741114381412,340.15020991584805
53.07581448554993,0.3190911534113474,-0.019885599394540432,5.931642557291042,339.8580841129633
53.14251780509949,0.32346683033756474,-0.021496172313215912,5.92430644529327,339.4377558574557
53.17578935623169,0.3266022777953729,-0.022666430248533757,5.919205980531317,339.1455207530406
53.24244785308838,0.33123633648249123,-0.024428158610453506,5.9117295083818115,338.71715045322685
53.27579474449158,0.3339622865880836,-0.025501903057790307,5.90654857770344,338.4203049914063
53.34284210205078,0.3382781769431515,-0.027212727606254684,5.898576711342059,337.9635506940569
53.37579798698425,0.341513030438007,-0.02851001444679526,5.89290007004883,337.63830310614514
53.44246697425842,0.34583198612511,-0.030293644394713277,5.884212626376656,337.1405492489719
53.47578740119934,0.3488811963348906,-0.03157344647476962,5.877953175849911,336.78190915171854
53.54270958900452,0.35361338627898437,-0.03359433940191868,5.869088344103334,336.27399170654604
53.575886964797974,0.3566684340022899,-0.03493639507395494,5.863874960847982,335.97528684903017
53.642486572265625,0.36136451603710623,-0.03702474986209021,5.855942448456581,335.5207873680677
53.67583179473877,0.36440441655879224,-0.03841062545192846,5.850190129990264,335.1912037975326
53.74246335029602,0.368292295995551,-0.0402349698220173,5.841689412732861,334.70414857584933
53.77581810951233,0.3714474996062312,-0.04171374165832633,5.8359655520079095,334.37619551378896
53.84244680404663,0.3757933998189281,-0.04379987869513779,5.826971209888913,333.8608576708737
53.875794410705566,0.37879930448158855,-0.0452709554339754,5.821239938513109,333.532480009796
53.942485332489014,0.3836517483675992,-0.04766820790888599,5.812766952390718,333.04701366511006
53.97578716278076,0.38661535133236646,-0.0491795938894132,5.8067983737652415,332.70503930017827
54.042490005493164,0.39069735977733333,-0.051305077541510744,5.797143251461893,332.15184154151376
54.07578372955322,0.3936530054793671,-0.05286321725577702,5.791164855294101,331.8093046728421
54.14245390892029,0.3975294337850891,-0.054961072327811965,5.782481096772116,331.3117619592216
54.17574214935303,0.4004687739878684,-0.05656029433164025,5.777294946618968,331.0146174435251
54.242446422576904,0.404793139921335,-0.058950251907649895,5.769820388560708,330.5863568130613
54.275750398635864,0.40783059847002096,-0.06065334156482463,5.76425031515716,330.2672151154599
54.34242033958435,0.4120398952454004,-0.06306214403405122,5.755801079844128,329.78310959191026
54.375781774520874,0.4143247232751427,-0.0644184923434491,5.750486877107998,329.4786282036532
54.44248676300049,0.41830321703504164,-0.06676474647357325,5.743157264546742,329.05867233842713
54.47577238082886,0.4215362962674555,-0.06867595339617079,5.738240823603185,328.776981022136
54.54245209693909,0.4252935518796778,-0.07097372337725416,5.730055109559652,328.3079741551406
54.57577443122864,0.4283848236466952,-0.07286251505141642,5.724090105598375,327.9662046033806
54.64248299598694,0.4321076997830877,-0.07521134444460992,5.715399746145082,327.4682836842553
54.67606282234192,0.4348157028741517,-0.07693613528322386,5.709867851512662,327.15132946910654
54.74245810508728,0.43859052914770313,-0.07938234015768357,5.699939925723437,326.5825012220649
54.7758002281189,0.44150617245916607,-0.08128829550745853,5.693398421538848,326.2077006406207
54.84247279167175,0.44513107363342913,-0.08373243915162704,5.683256297716373,325.6265997502939
54.87581276893616,0.44812907987778533,-0.085756938164639,5.6767860465282975,325.2558816648276
54.94254732131958,0.45196714655396514,-0.08842693428141306,5.6677641440910485,324.7389647319945
54.9757354259491,0.45435841551555606,-0.09012924635969635,5.661679353372012,324.3903319045733
55.04248929023743,0.4581136914323866,-0.09282084963455352,5.652554898581401,323.86753915471337
55.07573962211609,0.4605964103270751,-0.094634095825172,5.646007687824245,323.49241161074565
55.14273190498352,0.46426214560300383,-0.09734799814095063,5.636845634812751,322.9674646415119
55.175745487213135,0.46698172702576135,-0.09938658588067849,5.630563635048976,322.6075325681454
55.24282479286194,0.47066788185577063,-0.10220799833202637,5.621817015446137,322.1063881798964
55.27579426765442,0.4732019035916197,-0.10417634646624728,5.616535099207511,321.8037566716815
55.34278464317322,0.47684507662464326,-0.10704696872102379,5.608616792402857,321.3500711108851
55.3760621547699,0.4794644275640273,-0.10913174686274787,5.60277494107786,321.0153576854199
55.44252681732178,0.4827341636818683,-0.11180361533703691,5.5932109199704385,320.46737964079057
55.47583746910095,0.48509152329978217,-0.11374613573814121,5.587065178182021,320.1152545743371
55.542444705963135,0.488632791419756,-0.11670312934287029,5.578384506458093,319.61788872121747
55.57608246803284,0.4911916206779853,-0.11886473750675315,5.572594184904141,319.2861277341524
55.64244246482849,0.49481222580967815,-0.12197682319634748,5.562957909812566,318.7340098411781
55.675766944885254,0.4970159886036653,-0.12392167100878791,5.556726897216934,318.3769991173555
55.74243497848511,0.5006861810987474,-0.12716915144557137,5.548347789289529,317.8969115970306
55.776108741760254,0.5033798203793989,-0.1295801492417177,5.543192388767047,317.60152890539285
55.84278678894043,0.5070641029382933,-0.13294277438158436,5.535314596071471,317.15016463205734
55.87574005126953,0.5094113164809532,-0.13512631094471464,5.529887545192878,316.8392175215112
55.942461252212524,0.5130435417196227,-0.13852975764736866,5.521883963933632,316.3806460943664
55.97580695152283,0.5154261362762712,-0.14079871688437198,5.516945383911505,316.0976863023109
56.0427508354187,0.5190629614914917,-0.14429868318863875,5.50897850904489,315.641217996545
56.076091051101685,0.5214526136231762,-0.14663497870584263,5.503063169717125,315.3022940186763
56.14278507232666,0.5248975074732672,-0.1500514914143331,5.494059826550425,314.7864404537164
56.17580270767212,0.5271566190378327,-0.15233239669732765,5.487444261119813,314.40739647544973
56.242555141448975,0.5306361380549345,-0.15588034691761946,5.478224810121714,313.87916084383096
56.2758309841156,0.5330567806756165,-0.1583877758675067,5.472659897812755,313.56031485516723
56.342731952667236,0.5362016752415668,-0.16171807497573842,5.464291073036106,313.08081651598076
56.375800132751465,0.5385842533143247,-0.1642520101450276,5.458855517301752,312.76938211309414
56.44244718551636,0.5415631194443098,-0.16750016862142136,5.450168901951419,312.2716757152665
56.475804805755615,0.5438219733659322,-0.16997407705086431,5.444332604963277,311.937280529861
56.54272532463074,0.5468304722246347,-0.17333773258151433,5.434855256096919,311.39426843884564
56.575788259506226,0.549147072790476,-0.17594410731790952,5.428769443949816,311.0455770879072
56.642597675323486,0.5525023686500542,-0.17978267992473426,5.420072739557568,310.5472926305585
56.67586421966553,0.5546772323273966,-0.18232267583423456,5.414615395045627,310.2346098226754
56.7425103187561,0.5580004889388823,-0.18624221312521316,5.40638222965916,309.76288419399765
56.775798320770264,0.560135112883514,-0.18880950684594167,5.400142503602689,309.40537422564404
56.842509508132935,0.56293630935115,-0.19225444271994913,5.390853200741191,308.87313637706137
56.8757700920105,0.56503976218419,-0.19485351521487287,5.384209792700625,308.4924971347537
56.94244337081909,0.5678499425974822,-0.19840726519786375,5.374288925379971,307.92407330817093
56.97580552101135,0.5699147774150012,-0.20104385487843374,5.366551543559474,307.48075398537526
57.04241943359375,0.5729259661607945,-0.20495981501101868,5.355484468179526,306.84665727455103
57.0757794380188,0.5746780148180037,-0.20731974826964866,5.349471056451888,306.50211416208293
57.142483949661255,0.5774032124293567,-0.2110078257476291,5.34071132703543,306.0002186368433
57.17580032348633,0.5790688398785065,-0.21332304251063083,5.334495919299916,305.6441020056454
57.24249887466431,0.5820065139179362,-0.21738705741011163,5.325297844591866,305.1170911452281
57.275781869888306,0.5839384746279397,-0.22012200980991442,5.319455787326746,304.782365920263
57.34246110916138,0.5864220467748523,-0.2237269174623988,5.310564604045883,304.27293864339225
57.3757746219635,0.5880740187140808,-0.2261624683451785,5.304529095651266,303.9271294851649
57.44249939918518,0.5908055596902086,-0.2302004934127167,5.294592087201656,303.35778084001646
57.47584557533264,0.5922571870684272,-0.23243964178213597,5.288710188132129,303.0207728478106
57.542720794677734,0.5945868869251314,-0.23603746490428862,5.280593510490452,302.5557214752743
57.57578444480896,0.5962495469071041,-0.2386294243280248,5.275597303514033,302.2694599019517
57.6425986289978,0.5986874579258495,-0.24248179912622778,5.269086554516297,301.8964214629124
57.67585492134094,0.6003943333607369,-0.24520865028292965,5.265065406176112,301.6660266342237
57.74266576766968,0.6025719229634364,-0.24876684667825377,5.259023212459532,301.3198344352632
57.775744676589966,0.6041768773668829,-0.25139422340395257,5.254220133475161,301.04463828079076
57.84254550933838,0.6065346582046978,-0.25530375689058515,5.246995942424205,300.63072262317485
57.87586188316345,0.6081781041243965,-0.2580639037988617,5.242374677461783,300.3659436448164
57.9425847530365,0.6104264715762087,-0.26190928370203326,5.236190861444882,300.0116370857626
57.97589921951294,0.6118235533140358,-0.26434283525058966,5.232334732387013,299.7906971654889
58.042519092559814,0.6141692388267712,-0.2684230357835495,5.225946002030621,299.4246498796206
58.075878381729126,0.6157492900752299,-0.27121223578165815,5.22078172632695,299.12875867755827
58.14261603355408,0.6179206600395828,-0.27511914453165265,5.212645712740432,298.66259943698964
58.17585015296936,0.6194655542467322,-0.27793241062226604,5.207001497943511,298.3392097504608
58.24253797531128,0.6214375067824494,-0.28161986415932627,5.198590674671902,297.85730507476717
58.27588677406311,0.6227437494005371,-0.2841021923749101,5.1930911526866925,297.5422056756753
58.3425452709198,0.6247041961855753,-0.2878688002008545,5.184901676224602,297.07298323797573
58.375844955444336,0.6261789280576882,-0.2907253483180453,5.179360833932197,296.7555163596733
58.44280648231506,0.6283754769433365,-0.2950505146045197,5.171754638043419,296.3197134370966
58.47586226463318,0.6295446496535565,-0.2974482562304818,5.167236689468043,296.0608540516704
58.5425386428833,0.6317542420059777,-0.30192373162893005,5.160607150192499,295.68100943106555
58.57574224472046,0.6329567013071015,-0.3044501676181964,5.156263848631935,295.43215658249267
58.64250922203064,0.6349929962470846,-0.30871828197083473,5.149607079605031,295.0507518120576
58.67590808868408,0.6364177986468627,-0.31174700066757477,5.144193318437653,294.74056614587505
58.74259424209595,0.6382931031915852,-0.31583397414665315,5.135508696220073,294.2429739461422
58.77588105201721,0.6396756076163457,-0.3188832658370275,5.130236094764777,293.94087613569917
58.842549085617065,0.6417427796165843,-0.3235116649625439,5.121605809766875,293.4463972293243
58.875853061676025,0.643076776801856,-0.3265825690960792,5.115838508721749,293.1159552202572
58.94258165359497,0.6450343463408128,-0.33116293618420245,5.10681561361082,292.5989814114117
58.975852727890015,0.6462628152343937,-0.3341261517471874,5.101640937243836,292.30249429523747
59.04258751869202,0.6479756080547667,-0.3383361246960032,5.093195158248068,291.8185868040797
59.07582139968872,0.6490600699701587,-0.341068884805403,5.087444969342873,291.4891252484091
59.14255738258362,0.6509221622955859,-0.3457612426285207,5.078716098766135,290.9889978044461
59.17583155632019,0.6521237742872273,-0.34887973283183316,5.073186626128847,290.67218235939646
59.24257946014404,0.6537689783066224,-0.3532622506441193,5.065520589092195,290.2329507916053
59.275813817977905,0.6549310971062721,-0.35639964193930973,5.059689516490567,289.89885494149763
59.34283447265625,0.6565145411891254,-0.3607948309642379,5.051276035899788,289.41679801263075
59.37584090232849,0.6575828629212034,-0.3638242971949115,5.044882757118096,289.0504901211892
59.44252395629883,0.6592530886468264,-0.3686279880820641,5.035634913092151,288.5206276889074
59.47581648826599,0.6601237830164214,-0.37128710904962114,5.030049343769187,288.20059814052377
59.54245638847351,0.6616181024775865,-0.3758245074916128,5.02126367015617,287.6972161223184
59.57579684257507,0.6627812771383543,-0.37939654849523174,5.015212707683149,287.35052151062234
59.64257097244263,0.6642250425720914,-0.3840344357901577,5.006492328673556,286.85088059761813
59.67579793930054,0.6649284909400159,-0.38645926568242744,5.001434178070939,286.56106991594663
59.7426335811615,0.6662863334488566,-0.3910065677580973,4.994109761886863,286.1414117812017
59.77584886550903,0.6672683602273441,-0.39435251017228495,4.9889969517780965,285.8484693405176
59.84248113632202,0.6687120513257397,-0.3993876575998191,4.980325386978399,285.3516252757208
59.875813007354736,0.6695552475736718,-0.40248026116150454,4.974008889431348,284.98971662496996
59.942506313323975,0.6706783999279078,-0.4067485281377634,4.96461855403168,284.45169003835673
59.97589731216431,0.6715210259506664,-0.40998754303234153,4.95881135463126,284.1189620219218
60.04249858856201,0.6727729272350904,-0.4149222860125104,4.9505051462826275,283.64305133978877
60.07584524154663,0.6735264912615221,-0.4180417566894101,4.945191865349102,283.3386227669304
60.14254856109619,0.6747529818680843,-0.4231606731327089,4.937178477676206,282.87948947367136
60.17583680152893,0.6752834352458137,-0.42562365706125305,4.931736656675139,282.5676960974445
60.24249029159546,0.6763235694159397,-0.4302769170148556,4.923770280126237,282.11125634318046
60.276118516922,0.6769627747341138,-0.4332687878714625,4.917998108620461,281.7805352772738
60.34249496459961,0.6779083925948016,-0.43781199916989233,4.9097232837663185,281.3064227369215
60.3758430480957,0.6785737074368855,-0.44109542301894045,4.904246804637754,280.9926435962633
60.442848205566406,0.6795526874602312,-0.44607769362795946,4.895702184925446,280.5030729492037
60.47584414482117,0.680044530064531,-0.4488292718201917,4.889860281301702,280.168356527241
60.54284310340881,0.6807996154472726,-0.45310843930595085,4.881044072161731,279.663224952216
60.57584810256958,0.6813467967713667,-0.45627749735857925,4.87558312094578,279.3503354954152
60.642534494400024,0.6821807587633704,-0.46124922089632625,4.868114467686283,278.92241318499936
60.67585253715515,0.6826780905617207,-0.4644170809139547,4.863128537576242,278.6367404327468
60.74258589744568,0.6833998847969384,-0.4691698811993834,4.855567338172822,278.20351561887406
60.77610802650452,0.6838010332299665,-0.4720205660932777,4.850638750199682,277.92112832905417
60.84252882003784,0.6845427258285516,-0.4772251332104105,4.84322194825235,277.4961768799877
60.87577152252197,0.6849568589860272,-0.48039591903225975,4.837887664163833,277.1905449149918
60.94252157211304,0.6855592819722639,-0.4851861148282265,4.8295895738362695,276.7150993612041
60.97578239440918,0.6858704281062644,-0.4879719352251798,4.8239182495328095,276.3901564143659
61.04251027107239,0.6862998881234033,-0.491991508749403,4.8148144423370045,275.86854668454544
61.07610630989075,0.6866206348627782,-0.49505878043605367,4.808976617349883,275.53406395124733
61.14251971244812,0.6870842645284603,-0.4997438727235387,4.799455013867294,274.98851625749796
61.176074743270874,0.6874042122092614,-0.5032126255106771,4.7936355935916115,274.65508803648845
61.242772579193115,0.687777006170781,-0.507838740995191,4.785010042431112,274.16088035901765
61.2758047580719,0.6879973989589536,-0.5109085712146861,4.778777858604242,273.80380252858834
61.34281802177429,0.6883313934806504,-0.515802184807078,4.768719986430545,273.22752890215344
61.37608289718628,0.6885393238406583,-0.5192818513645212,4.7622573553311796,272.8572474156098
61.44250726699829,0.6887895334412345,-0.5242490555614663,4.753283434268379,272.3430796130278
61.47588109970093,0.6889277308352107,-0.5275911882534077,4.747267353428054,271.9983835716676
61.542527198791504,0.6891126876736142,-0.5327326488551909,4.737882439576897,271.46066761690247
61.57577419281006,0.6892054902915493,-0.5362012548259164,4.731153045547099,271.07510174031455
61.64247441291809,0.6892805052314139,-0.5409403242944043,4.721664176324031,270.5314295814811
61.6760892868042,0.6893196881010694,-0.54442130079387,4.715028636991807,270.15124118295165
61.742549896240234,0.6893206195330546,-0.5491406216303228,4.705341765574237,269.59622433403894
61.77581071853638,0.6892911115546944,-0.552214178468978,4.6995487327731436,269.2643080039555
61.84251952171326,0.6892186160776583,-0.5565845253455727,4.691462871337742,268.80102226997934
61.87575674057007,0.6891588702246697,-0.5599353523776892,4.68584564229978,268.4791787535458
61.94250249862671,0.6890353089217424,-0.5646653391150721,4.6771424065479055,267.980520076856
61.97576689720154,0.6889210000514598,-0.5677907811049729,4.6710464208289935,267.63124582319034
62.042476415634155,0.6887266305890097,-0.5724269000429458,4.661739992317165,267.0980267471224
62.075759410858154,0.6885663443407565,-0.5757631155299583,4.655473806076828,266.7390007219081
62.14250874519348,0.6882997000343025,-0.5802794732453964,4.646119704167319,266.20305016135796
62.17580056190491,0.6880890414305861,-0.5836044965604366,4.641106077507149,265.915790513676
62.242558002471924,0.6877541309350153,-0.5882371976983188,4.634215981870989,265.5210171132825
62.275845766067505,0.6875125693978095,-0.59128104451419,4.629117143475661,265.2288751928109
62.342795848846436,0.6871312204472235,-0.5957687594783672,4.620369507679799,264.7276725809905
62.376107931137085,0.6868415890569601,-0.598970645023866,4.614574131188869,264.39562196737086
62.44248914718628,0.6863897807435846,-0.6035641803060037,4.606000170710248,263.9043702182339
62.47580409049988,0.6860346027138516,-0.6070321505801745,4.600407371585903,263.5839264327445
62.542513370513916,0.6854755243257042,-0.6120916417588196,4.592040821538492,263.10455842594286
62.57574677467346,0.6850532604881735,-0.6156838541658283,4.585889297807629,262.7521020785898
62.64254927635193,0.6844168351296896,-0.620666550571937,4.576597027068291,262.21969418313284
62.67583656311035,0.6839632466343037,-0.6239754074356534,4.570117953265167,261.8484705990601
62.74253988265991,0.6832653460304388,-0.6287978114138761,4.560853366109517,261.3176488561102
62.776142597198486,0.6827999356699872,-0.6317770296146682,4.554249622059681,260.93928219306997
62.842785358428955,0.6820137672135581,-0.6367318340888156,4.5439671222371025,260.3501383503922
62.87591052055359,0.6814553430623096,-0.6400297203697708,4.537442917076948,259.9763289300379
62.942516565322876,0.6806285491067646,-0.6446551508652293,4.527644959929631,259.4149473376466
62.975884199142456,0.6799980677641881,-0.6480831496547389,4.521414818188442,259.0579865101082
63.042486906051636,0.6790538611472929,-0.6529740223242436,4.511385822192501,258.48336736678715
63.07592582702637,0.6784302579041592,-0.6559828435602886,4.504698778075026,258.10022796143807
63.14257478713989,0.6773867560327042,-0.6609812399314481,4.494944841811295,257.54136857988664
63.175803899765015,0.6766656471280206,-0.6642491002211932,4.488558895950411,257.17548083385896
63.24258780479431,0.6755049124733992,-0.6693975570007495,4.4788324751275645,256.6181979709417
63.27586269378662,0.6747539118132222,-0.672516416991445,4.471909365858023,256.22153302868907
63.34287118911743,0.6737044598066495,-0.6766740974141019,4.462751121658237,255.6968042882912
63.376068353652954,0.672969866192587,-0.6795217348192539,4.456947457499881,255.36427882630602
63.442511558532715,0.6718370544830501,-0.6838386151074395,4.448338824415524,254.87104048319569
63.47589635848999,0.671005329375728,-0.6869450460317381,4.443008362017851,254.56562748495585
63.54251575469971,0.6699446381189932,-0.6906860393057417,4.435727847575844,254.1484847347448
63.57582187652588,0.6691421888784321,-0.6935247937760626,4.430962940538287,253.8754756717206
63.6425461769104,0.6678238410904088,-0.6981507539655,4.423437859099802,253.44432026480317
63.67579460144043,0.6670159831258311,-0.7008405511151656,4.418408551828263,253.15616218426956
63.74251985549927,0.66570169487752,-0.7051996720431077,4.411392059710145,252.75414679891455
63.77596068382263,0.6648264169921347,-0.7080135249918158,4.407088828472505,252.50758981072892
63.84254431724548,0.6635747674565811,-0.7119503474727598,4.400435547591469,252.12638489633048
63.87577176094055,0.6627850232883268,-0.714360283917547,4.395813605096655,251.86156709822546
63.942527532577515,0.6614965989014328,-0.7182998317324264,4.388026545097139,251.41540142543806
63.97583341598511,0.6605478982213476,-0.7211409942435337,4.382197786274951,251.081438145127
64.04282236099243,0.6590584402400566,-0.7255330642146104,4.372875708270509,250.5473224191808
64.07584691047668,0.6581179122870553,-0.7281812704615405,4.366691555145156,250.19299654523542
64.14267897605896,0.6565895578493108,-0.7324472291546797,4.357351153152535,249.65783093210263
64.17584037780762,0.655523200648989,-0.7353382036962548,4.351607607110535,249.32874998445698
64.24251389503479,0.653824511139073,-0.7398798737212212,4.342664875620753,248.81636921277374
64.27603793144226,0.6526230983743453,-0.7430073137859605,4.336431000637538,248.45919448622334
64.3427083492279,0.6508194262939742,-0.7475946777131177,4.327597553700791,247.95307525819496
64.37583088874817,0.6496160140636191,-0.7505638886979071,4.321818641712762,247.62196799110336
64.44271492958069,0.6478825842587732,-0.7547436755566987,4.313108634392014,247.12292133209644
64.47588920593262,0.6465900529368942,-0.7578283379825698,4.306983059746184,246.771951757798
64.54250073432922,0.6448511695112021,-0.7618395375770588,4.297737148013066,246.2422000377399
64.57574439048767,0.6436637456438019,-0.7645262629661591,4.291651559159625,245.89352148058586
64.64269375801086,0.6417912454581101,-0.7687153188665585,4.284190026899839,245.46600717339942
64.6758246421814,0.6406179304985087,-0.771263396704425,4.278897169952151,245.16274880873036
64.74272894859314,0.6387618529209972,-0.7752713226572817,4.270588721713267,244.68670979033942
64.77604460716248,0.6374505301437869,-0.7780551128487615,4.265196925401034,244.37778261765425
64.8427186012268,0.6355341067176535,-0.7820468538404726,4.257407187161388,243.9314634930109
64.87581539154053,0.6341301516438977,-0.7849369413914722,4.251924329255853,243.6173188753538
64.9427080154419,0.6320898826369887,-0.789053335957895,4.243370104765248,243.12719791503466
64.97602963447571,0.630416529844905,-0.7924144575472902,4.23792515465103,242.81522525383073
65.042484998703,0.628148100251411,-0.7968375658866765,4.229990465151224,242.36060103374507
65.07600164413452,0.6266583366713172,-0.7996740344587776,4.22452421185256,242.04740778998217
65.14253878593445,0.6244548981349225,-0.8038109293526342,4.215641739600537,241.53847961829916
65.17594504356384,0.623045494773577,-0.80638904966614,4.210320153157466,241.23357517479715
65.24251890182495,0.620817682316027,-0.8104425608188677,4.202409546539836,240.7803308022187
65.27583742141724,0.6192525999593145,-0.8132474817944229,4.196674708759021,240.45174880118583
65.34252333641052,0.616900905387303,-0.8174015076897804,4.187566437333132,239.92988328982278
65.37583112716675,0.6151659923973762,-0.8204221188523602,4.181912538997451,239.60593877739223
65.442702293396,0.6126529877118665,-0.8247117457972545,4.173299992762012,239.1124762272403
65.47604465484619,0.610940658927571,-0.8275773158192772,4.166928786523357,238.74743299935795
65.54247641563416,0.6086350998270256,-0.8313383855209453,4.156948243968559,238.1755900337173
65.57585859298706,0.6069430832424576,-0.8340703287104012,4.1509282592148535,237.8306703145969
65.64268612861633,0.604609750088119,-0.837752199754893,4.142776531023633,237.3636106935021
65.6757984161377,0.6027451253922175,-0.8406941437367872,4.136284069427677,236.99162004540307
65.74278736114502,0.6004322506714492,-0.8442178062172158,4.125715292003739,236.38607370439829
65.77606749534607,0.5985196045835753,-0.8471294377402793,4.118843162492203,235.99232968711996
65.84275960922241,0.5958470192179989,-0.8510956307866852,4.109039409975302,235.43061604451077
65.8758316040039,0.5942448031947987,-0.8533929829818686,4.103291324109097,235.10127498409847
65.94273829460144,0.5916133693137016,-0.8571665995829439,4.093923631879734,234.56454575557842
65.97584891319275,0.5897534647362537,-0.8597903078010596,4.087707670047196,234.20839737695962
66.04254865646362,0.5869735033806986,-0.8636533642602092,4.078095720224595,233.65767321923303
66.07607126235962,0.5851477106553641,-0.8661303159272744,4.071866917880777,233.30078913351107
66.14254117012024,0.5823008877940162,-0.8699553334296852,4.062159842781622,232.74461469891295
66.17583322525024,0.5803618221361674,-0.8725092988842891,4.055418675943319,232.35837429008464
66.24255681037903,0.5774365212192296,-0.8763047969728531,4.045750710316179,231.804440663172
66.27586698532104,0.5756948866641709,-0.8784931687834512,4.039425701265241,231.4420443391712
66.34257555007935,0.5728284116341361,-0.8820899739347301,4.030382257249769,230.92389316482183
66.37584638595581,0.5709697951902284,-0.8843707044909908,4.024357101921756,230.57867719361587
66.44249868392944,0.5678871835916093,-0.8881407569180332,4.015194976723522,230.0537260883866
66.47583818435669,0.5658275144587648,-0.8906057999713232,4.008920426889024,229.6942208645254
66.54250431060791,0.5629123933633627,-0.8940288484580518,4.0002449683827415,229.19715370677451
66.57585453987122,0.5606501016020036,-0.8966742356817234,3.9944195056279503,228.86337927721434
66.64262557029724,0.5576726062193527,-0.9000666304612389,3.9859048721078696,228.3755267124131
66.67590618133545,0.5555443090793094,-0.9024671700966616,3.9802353673456605,228.0506880176092
66.74255800247192,0.552625783040513,-0.9056943289104669,3.9720244857107487,227.58023915384726
66.77589344978333,0.5504617535152801,-0.9080724592603314,3.9667158384091157,227.2760760685402
66.84256291389465,0.5473313962302224,-0.911461194946146,3.958181705273047,226.7871062580407
66.87584686279297,0.5448740423823888,-0.9141073809958723,3.9525125449869125,226.462287300262
66.9425117969513,0.541738757028025,-0.9173895832228659,3.9442584799128393,225.9893642076913
66.97605729103088,0.5393305811979514,-0.9198999598035482,3.9383818635893695,225.65265889453877
67.0424575805664,0.5359594690299153,-0.9233460194312768,3.9281670222384513,225.06739159673546
67.07585263252258,0.5337956893194911,-0.9255053764993548,3.92118953929855,224.66761127265457
67.14277386665344,0.5303766947461271,-0.9288865844210594,3.911208866644889,224.09576085289817
67.17595267295837,0.5279759629955129,-0.9312207633328644,3.9051841928711983,223.75057247272252
67.24261546134949,0.5245976230449654,-0.9344450124366992,3.8956914965028506,223.20668103461705
67.27583408355713,0.5221608606672923,-0.9367422459173644,3.889160173596622,222.83246379745302
67.3425178527832,0.5187320154563119,-0.9399116388373985,3.8791528040346015,222.25908375752158
67.3759229183197,0.5164567420179791,-0.9419727920322261,3.872715531599093,221.89025521539102
67.44285988807678,0.5130026397261104,-0.9450657502850656,3.8629947243529412,221.33329398672635
67.47623419761658,0.510394517228737,-0.9473799632710826,3.855895395368563,220.92653239854658
67.54258751869202,0.5066482095581873,-0.9506343583301118,3.846240913517198,220.37337133507774
67.57591843605042,0.5041483585030614,-0.9527636831715895,3.840301220025742,220.03305196641594
67.64280152320862,0.5003991511706843,-0.9559083657682512,3.8311848851758175,219.51072445488725
67.67604947090149,0.49792575238005665,-0.9579447136437607,3.82537688114604,219.17795033658604
67.74263668060303,0.4946180072030055,-0.9606097267863967,3.817216465345515,218.71039295214408
67.77589344978333,0.49221488432327887,-0.9625361840621434,3.8122559739955,218.4261777334771
67.84273433685303,0.48871933534754236,-0.9653028857084137,3.8045362397682743,217.98386954329433
67.87581014633179,0.4862933313790271,-0.9671994363418371,3.7987861681745856,217.6544147090779
67.94250583648682,0.48244282448940606,-0.9701862916528032,3.7897192933462622,217.13492104804158
67.97583842277527,0.4797765150788399,-0.9722157752735512,3.7841847964821635,216.81781773600034
68.0426070690155,0.4760489381368269,-0.9749999057739075,3.7757755430490767,216.33600300542858
68.0758113861084,0.47367584285373415,-0.9767348098310977,3.770125399935478,216.01227365137444
68.14266085624695,0.46994745948543676,-0.9794442612590363,3.7619947172759858,215.54641985042534
68.17579913139343,0.46744055789310807,-0.9812347954341187,3.756547848622986,215.23433726504635
68.24287009239197,0.4641373664032732,-0.9835423057181975,3.7480173675671176,214.7455767033288
68.275869846344,0.4616036451809058,-0.9853080386642351,3.7422563775193147,214.4154962877728
68.34267282485962,0.4578505083175642,-0.9878859126762118,3.73358842150336,213.91885899105358
68.3758487701416,0.4555202566820056,-0.9894447471331502,3.728600207196302,213.6330553639524
68.44262838363647,0.45150707610555696,-0.9921339820119436,3.7216483669746596,213.234744259403
68.4758403301239,0.44859860956393804,-0.9940588423804086,3.717185334708995,212.97903134674968
68.54257464408875,0.4445805210035193,-0.996666982062266,3.710817406094108,212.61417591287608
68.57589387893677,0.4417628881164524,-0.9984762235217206,3.706606671185234,212.3729185739492
68.64264583587646,0.43817200122147515,-1.0007283122321429,3.7002568205818465,212.0090989338365
68.67592120170593,0.43556106813762674,-1.0023607260470033,3.695362136031572,211.72865416705787
68.74266314506531,0.43145205706422096,-1.0049132512852137,3.687667845117676,211.28780377134578
68.77587103843689,0.4291271155868958,-1.006306217167541,3.6828776934475935,211.0133482974225
68.84263515472412,0.4252060841261064,-1.008666138645185,3.6757304949433225,210.60384398778555
68.87586212158203,0.4226653504595991,-1.0101651713817492,3.6700712819686796,210.27959496897284
68.94258093833923,0.4188469414352227,-1.0123922925033078,3.660782877892576,209.74740861700002
68.97586631774902,0.4159448255451723,-1.0140673674855176,3.6547718926850528,209.40300453389335
69.04257035255432,0.4116829427766925,-1.0164802528965686,3.6469189255969225,208.95306266308836
69.07590293884277,0.40888221216058357,-1.0180314985963959,3.6418977023174683,208.66536776118278
69.14265561103821,0.404793544417516,-1.0202616885635503,3.634318154399904,208.23109165488918
69.17589902877808,0.40243947612654163,-1.0215059036625518,3.628829835206747,207.91663412850065
69.2426540851593,0.3982703467469646,-1.0237232746130827,3.620812068895211,207.45724995772744
69.27596092224121,0.39589458999067173,-1.0249415848999368,3.6151331019538935,207.13186911999563
69.34257888793945,0.3926030621059761,-1.0266006286844265,3.6072001034314978,206.67734178577885
69.3757095336914,0.3900884637083229,-1.027868156561891,3.602231356240762,206.3926535422822
69.44261837005615,0.38622225836276314,-1.029795195083041,3.5949046588578435,205.97286470447142
69.47586011886597,0.3834543118013638,-1.031154934033683,3.5896097349378477,205.6694879110128
69.54266428947449,0.37950700306517604,-1.0330546517769554,3.581341386527705,205.1957464435679
69.57584619522095,0.37712661064586567,-1.0341659570434485,3.575803738768841,204.87846259855493
69.64256358146667,0.37339129069251403,-1.0358926743519412,3.5679576751519777,204.4289162675175
69.67588567733765,0.3707058260710016,-1.0371195962834017,3.563143735722,204.15309785534816
69.7426164150238,0.3672494636027945,-1.0386536991735504,3.5557891423055294,203.7317106925497
69.77584552764893,0.3649215320459839,-1.0396723867040167,3.551413027115144,203.48097776147756
69.8427882194519,0.361650464751836,-1.041080192723051,3.545551141886544,203.14511647788868
69.87603378295898,0.35943627753193275,-1.0420237531361456,3.5417953347380693,202.92992457961603
69.9425277709961,0.35556815524012614,-1.043678360000641,3.5369899582409396,202.65459678735914
69.97603869438171,0.35321749771217914,-1.0446570828004818,3.53407828737545,202.48777033543539
70.0425534248352,0.34942282889234744,-1.0462362378399406,3.5291396909390933,202.20480960291377
70.07608819007874,0.34669067889868865,-1.0473609971530253,3.525875378825218,202.0177782957753
70.14276146888733,0.3429572838197299,-1.048869323867207,3.520291922536523,201.6978698153373
70.17582368850708,0.340092848853753,-1.0500209156089255,3.5167144420776357,201.49289528375255
70.24255633354187,0.3365727291394669,-1.0513937007791594,3.5106317551415804,201.1443829942172
70.27601313591003,0.3333204086727199,-1.0526774859118402,3.505988614402785,200.87835062619897
70.34260296821594,0.32934481606270744,-1.0541905114639276,3.499203254407451,200.48957813598943
70.37588477134705,0.32646351383312433,-1.0552734839132394,3.4950851216788688,200.25362651116697
70.44255352020264,0.32219626363434806,-1.05685228764261,3.4884474808942336,199.87331770828348
70.47591924667358,0.31981307021884736,-1.0576986652199962,3.4835735120662026,199.59405986495898
70.54257392883301,0.3162391422579621,-1.0589563074526265,3.476178183128448,199.17033872871465
70.57585096359253,0.31383575285289794,-1.0597866043379685,3.471764752160874,198.9174677611003
70.6425461769104,0.3099234190851319,-1.0611330608262346,3.4653892334199226,198.55217744503724
70.6758623123169,0.30700021161207147,-1.0621272436209195,3.461113118431127,198.30717410346662
70.74257707595825,0.3031851493065397,-1.0633851090765523,3.455055639951897,197.96010615211543
70.77611231803894,0.30047083027819105,-1.0642667112643291,3.4509431797638506,197.7244795399248
70.84279441833496,0.29607451811859076,-1.0656860138308386,3.4451093000563033,197.39022285449533
70.87582325935364,0.29313945776055617,-1.066610666729758,3.4412539879833686,197.16932974401033
70.94260501861572,0.28905738811944925,-1.0678666011063593,3.4356822841878403,196.85009463182953
70.97581195831299,0.2862444711954606,-1.0687194783922325,3.431511771149142,196.61114183630784
71.0425636768341,0.28175671573000455,-1.0700672264906526,3.425441242254877,196.26332615125423
71.07585000991821,0.27906115814474497,-1.0708471232310355,3.421567124482039,196.041355553534
71.14283871650696,0.27469091171504056,-1.072107133320526,3.4158319121094913,195.71275208997582
71.1758770942688,0.2717277243193458,-1.072943426903357,3.4118253773394196,195.48319455717828
71.24283862113953,0.2673167550008492,-1.074166589074314,3.406174996653962,195.15945159125934
71.2758948802948,0.2644770216437413,-1.0749334818375647,3.402500890695058,194.94894082633027
71.34261584281921,0.26005420222056536,-1.076116318668324,3.3984131663063666,194.71473147104555
71.37571954727173,0.25734482801479286,-1.0768210199478594,3.3957861104817457,194.56421225974952
71.44276762008667,0.2529363184477172,-1.077969660406236,3.391544905169039,194.32120909528294
71.47587990760803,0.24995492656205717,-1.078732487111613,3.389063122305957,194.17901341156048
71.54285931587219,0.24592960868011626,-1.07973992253696,3.384854056915002,193.93785172896415
71.57586455345154,0.24294034624473432,-1.080485769449179,3.381597665756293,193.7512742591264
71.6425929069519,0.23879608526570686,-1.0814958078890433,3.3762525511165182,193.44502174925373
71.67581725120544,0.23606409130330724,-1.0821462967346362,3.372704078901322,193.24170926760357
71.74261927604675,0.23151927810813422,-1.0832242548067663,3.3674412834952028,192.94017330239208
71.77585625648499,0.2286568803886565,-1.0838805991520328,3.3632933477649,192.70251409135423
71.84253168106079,0.2242106794852466,-1.0848853201612543,3.356708929423769,192.32525470985888
71.87588739395142,0.2214678290958439,-1.0854791207601597,3.3521273813534114,192.06275134179108
71.94249987602234,0.21715697686945754,-1.086400249194242,3.3457559240198402,191.6976937272298
71.97583484649658,0.21414776487534742,-1.0870268827492962,3.341502476736827,191.45398914953174
72.04256558418274,0.20936522122246046,-1.0880064030162735,3.3349525458973064,191.0787057563246
72.07581782341003,0.20651001766832575,-1.088560540342559,3.3310187419727812,190.85331539401733
72.14259028434753,0.2021396975693544,-1.08939478551779,3.324803342570574,190.49719924028273
72.1758177280426,0.19951454788211,-1.0898715195847253,3.3207083795408887,190.26257514141966
72.24251008033752,0.19589813673026432,-1.0905075178769539,3.315313837662091,189.95349065935795
72.27579927444458,0.19299204998845895,-1.091024422377846,3.3112280603011905,189.71939286054828
72.34264516830444,0.18942730027973873,-1.0916204997230807,3.3047707289458392,189.34941502696915
72.37592768669128,0.18651433187235225,-1.092110171838263,3.2996972425511886,189.05872566913862
72.4424786567688,0.1818394794939207,-1.0928745054494504,3.2927465450219913,188.6604800360436
72.4758415222168,0.1789280791287221,-1.0933192105777079,3.2885409383589614,188.4195165239599
72.54260659217834,0.17472786199476537,-1.0939376419171096,3.2827568801226823,188.08811439856322
72.57599830627441,0.17207926800070034,-1.0943078124216465,3.278660105439561,187.85338649960434
72.64256572723389,0.16805646146720435,-1.094858534230208,3.2719941778744284,187.4714569835823
72.67586874961853,0.16459167883235404,-1.0953339919394969,3.2675026198548514,187.2141096656224
72.74256324768066,0.1597734710050838,-1.0959539214084657,3.26099154719747,186.84105268225144
72.77583909034729,0.15686192722233627,-1.0962989198688378,3.256546553693244,186.5863733144962
72.8425521850586,0.15229935935664557,-1.0968259576362651,3.2509426006466526,186.26529045633706
72.87585139274597,0.14910875291119743,-1.0971804590065906,3.2470450339776544,186.0419763358326
72.9425437450409,0.1446617503097134,-1.0976461522450633,3.2416081155161676,185.73046385443263
72.9758460521698,0.14174054549363713,-1.097935406060369,3.2376407927672153,185.50315300495143
73.04275512695312,0.13717674256304538,-1.098376564234292,3.230913756218889,185.11772220210207
73.07605648040771,0.1342524322010072,-1.098635582880617,3.2268602521977052,184.88547352944894
73.14254117012024,0.12955037885953768,-1.0990429526025072,3.221089122908936,184.5548121781781
73.17582988739014,0.12660401986843384,-1.0992736869421058,3.2172500520879304,184.33484962288267
73.24270915985107,0.12189438387984633,-1.0996349405025252,3.2112444449941626,183.99075368299594
73.2758469581604,0.11883711753872475,-1.0998478919904158,3.2068867858017835,183.74107820271624
73.34245681762695,0.11409263184412266,-1.1001610363135745,3.2009083987559785,183.39854185669594
73.37602138519287,0.11102049474555353,-1.1003417529833175,3.1965759928178548,183.15031328130402
73.44256448745728,0.10626711926528226,-1.1006053727028813,3.1898822811120326,182.7667918512831
73.47591543197632,0.10333229371114758,-1.100742138284856,3.1856970060748218,182.52699325554946
73.54258060455322,0.09844363956538191,-1.1009639821570054,3.1808643977264244,182.2501051931466
73.57585859298706,0.09550834731532029,-1.1010730907288686,3.1762371427298066,181.9849830111096
73.64271807670593,0.09147459763266527,-1.1011964334162654,3.16968214538746,181.60940932867368
73.67585444450378,0.08825683975523951,-1.1012951395711705,3.1646136903792863,181.31900824805336
73.74251985549927,0.08396535594671356,-1.1013880410978893,3.15730520389175,180.90026281768914
73.77585053443909,0.081160854036157,-1.1014282317449835,3.152659114926175,180.6340615287194
73.84249258041382,0.07677710674499638,-1.101477970432161,3.146137371578673,180.26039315984002
73.87585425376892,0.07356323616564858,-1.1015014617064545,3.1417511087936063,180.00907881442038
73.94254446029663,0.06898816698084861,-1.1015044990683076,3.135395884248426,179.64495127012358
73.97580170631409,0.06577365496830126,-1.1014901643087378,3.1317464308355367,179.43585299203542
74.04250049591064,0.061164143015180805,-1.1014440808326282,3.12651886762284,179.13633568281006
74.07581114768982,0.05795582062013466,-1.1013987809348253,3.1221074422107877,178.8835796250627
74.14251351356506,0.05391232090993264,-1.101303407050756,3.114730112454873,178.46088976597252
74.17580890655518,0.05110934740674403,-1.101224465616869,3.109983723621439,178.18894171788872
74.24246740341187,0.04701053327051044,-1.101089008604485,3.103649948671078,177.82604314484735
74.27580833435059,0.043789209348416624,-1.10097813711788,3.100328468737124,177.6357363628944
74.34253406524658,0.039828337421906695,-1.1008036262979977,3.095286826434666,177.34687153714893
74.37583065032959,0.03679339352279218,-1.1006701408517758,3.0921333118265246,177.1661884594696
74.44258141517639,0.03222661009378308,-1.1004492617524868,3.0863298404496127,176.83367404304755
74.47587704658508,0.02901427041269264,-1.1002788619874908,3.082510429616468,176.61483792208182
74.54259133338928,0.024584159408495704,-1.100014259372309,3.0768201410648497,176.28880840386248
74.57586097717285,0.021925849802111652,-1.099832689932348,3.0725330523966288,176.04317631677506
74.64268445968628,0.017114964243340025,-1.0995118156070662,3.0653493361914723,175.63157969699986
74.6760025024414,0.013635580030058686,-1.099258674085341,3.0600065842854294,175.32546256179813
74.74262809753418,0.009010193543784822,-1.0988779704347749,3.0530446199772627,174.92657138981946
74.77584147453308,0.006220010679126198,-1.0986193873527283,3.0491617239995477,174.70409783800807
74.84261703491211,0.001644533572638135,-1.098196368404159,3.0426048415209994,174.32841614522397
74.87588787078857,-0.0014127453257420652,-1.0978928223160558,3.0384434394571707,174.08998537010956
74.94257116317749,-0.00569593244213662,-1.0974422014344807,3.0316513127565634,173.70082517624664
74.97585439682007,-0.008889059424059625,-1.0970964771914649,3.0276393149448726,173.47095463422102
75.04251289367676,-0.0130235300968303,-1.0966119181478875,3.021384635253965,173.11258788572582
75.07579350471497,-0.016084263198006016,-1.0962467930524584,3.0169442357760934,172.8581717362917
75.1425154209137,-0.020178347288990123,-1.095725230667623,3.011010750340752,172.51820806304428
75.1758246421814,-0.023231883799266745,-1.0953299209592362,3.0071354189151567,172.29616792814326
75.24251818656921,-0.028025423133521576,-1.0946931835566895,3.000868091628313,171.93707652577996
75.27581739425659,-0.031203691342448547,-1.0942467117913297,2.9963472093235954,171.67804905004425
75.34250950813293,-0.03520286798679739,-1.09364467739071,2.9886982972202216,171.2397986686544
75.37584924697876,-0.03797868165352608,-1.0932129137700508,2.9826993072390104,170.89608186138972
75.44260716438293,-0.04273376868039733,-1.0924653956183248,2.9730453848233824,170.3429528512275
75.47591376304626,-0.0453592881527618,-1.0920066110871542,2.9671034133273224,170.00250296251622
75.54253458976746,-0.049801715623077336,-1.0912284288308516,2.9584702713172804,169.50786036140374
75.5758421421051,-0.05258956917037938,-1.0907069637633113,2.9527344184009783,169.17922019739183
75.64255857467651,-0.05690504599463486,-1.0898833592210517,2.9457978785343637,168.78178573861055
75.67585587501526,-0.06006171003308061,-1.0892670242447973,2.942090908373397,168.56939199360622
75.74256944656372,-0.06469412786251003,-1.0883362440197686,2.936371095588997,168.24167086145516
75.7758572101593,-0.06770607512473498,-1.0877094623293426,2.931993349621721,167.99084449374982
75.8425509929657,-0.07235269426689894,-1.0867251509134663,2.9261791493518343,167.6577153570415
75.87585926055908,-0.07454120096385869,-1.0862202101513445,2.9227083525773363,167.45885335031514
75.94254302978516,-0.07881239076994051,-1.085272576609273,2.9178352850128775,167.17964714558954
75.97583723068237,-0.08155007288479635,-1.084647382580993,2.9146318581941486,166.99610430889737
76.04251408576965,-0.08609004249851654,-1.0836089421451036,2.909852805998486,166.72228478801316
76.0758068561554,-0.08895379029100833,-1.082932089999523,2.9063847409708194,166.52357929885096
76.14257669448853,-0.09366638202600377,-1.0818130247324806,2.9004137668362167,166.18146768135642
76.17579436302185,-0.0965196093922134,-1.0811069431498082,2.89576366575418,165.9150365150465
76.24259424209595,-0.10110690652697216,-1.0799608176761542,2.8886594679012485,165.50799596124764
76.2758252620697,-0.1042220748919983,-1.0791592112836825,2.884324592733702,165.25962590943115
76.34251952171326,-0.10911375214986116,-1.0778819700423945,2.878174857119602,164.90727201362193
76.37586975097656,-0.11189500633747787,-1.077123057599768,2.8740153035344727,164.66894714853552
76.4427101612091,-0.11683324814202711,-1.0757777761675924,2.8681773096729946,164.33445473944954
76.47590160369873,-0.11978815598597357,-1.074943471674307,2.863230933534354,164.0510482628212
76.54261946678162,-0.12468769414341595,-1.0735512125200188,2.856435722574956,163.66171135394669
76.57587265968323,-0.12788656536444817,-1.0726145592974627,2.8521227573541252,163.41459664960635
76.6425940990448,-0.13239526977504107,-1.071263666773591,2.8456144638114584,163.0416988977793
76.67586946487427,-0.13519949583872876,-1.0703990448484317,2.841073725651871,162.78153376536096
76.74254012107849,-0.13962072322816968,-1.069026383315724,2.834642078921824,162.4130275524101
76.7758457660675,-0.14268916780867258,-1.0680561424139394,2.830571403578037,162.17979503544316
76.84251713752747,-0.14667925274820215,-1.066757845667076,2.824053601325199,161.8063524746547
76.8758442401886,-0.1494797314519012,-1.0658355824495211,2.818630460081732,161.4956293697007
76.94248104095459,-0.15380855805556135,-1.0643894965350535,2.8102611826508785,161.0161050953387
76.97583556175232,-0.1569775200595936,-1.0633108006369234,2.8043831139096684,160.67931656477958
77.04250192642212,-0.1616181376323014,-1.0616916104676184,2.796241513405102,160.21283721738635
77.0758330821991,-0.16398433895225215,-1.0608174714146017,2.7909466046352986,159.90946129196982
77.14254856109619,-0.16813700591880607,-1.0592969819212916,2.7831475422666414,159.46260793408646
77.17592215538025,-0.17089284853621078,-1.0582632803991692,2.777892661365112,159.16152543658492
77.24245548248291,-0.17528967469450796,-1.05659889592275,2.770012096137368,158.71000230885764
77.27582859992981,-0.17815673100933183,-1.0554828978217752,2.7655026704531402,158.4516312491235
77.34251642227173,-0.18242956963032106,-1.0537969111063252,2.759184193176646,158.08960916823105
77.37583756446838,-0.18477166439050038,-1.0528368468621443,2.755593638108904,157.88388551674012
77.44272804260254,-0.1887007672773937,-1.0512371414924837,2.7498155758993854,157.55282693837069
77.47628736495972,-0.19167733228599393,-1.0500185710194692,2.7456484089553164,157.3140658599491
77.54255056381226,-0.1958519369287144,-1.0482769408409305,2.739002566004397,156.93328710755463
77.57584762573242,-0.19846822292047533,-1.0471564459490474,2.7343623500561525,156.66742231769095
77.64260745048523,-0.20291237968250472,-1.0452529652424993,2.7276737794031356,156.28419544829802
77.67582297325134,-0.20559782791350684,-1.0440683994779911,2.7229888615759283,156.01576942943342
77.74250268936157,-0.2095254545245941,-1.04231348318169,2.7150017394297294,155.55814104000078
77.77587366104126,-0.21220454902550015,-1.041095275023182,2.709616794455355,155.2496064200589
77.84250783920288,-0.21647257116435628,-1.039137270558394,2.701880763006779,154.80636446787506
77.87584471702576,-0.21938375133195379,-1.0377737203358988,2.6971618650998317,154.53599153385383
77.94248080253601,-0.2236752749899194,-1.0357343035673252,2.6894165960409366,154.0922203055859
77.97588539123535,-0.22668714637328383,-1.034278606840516,2.68391033310443,153.77673467843474
78.0425238609314,-0.2309903115229296,-1.0321592537917377,2.6748861992224797,153.259689893238
78.07581090927124,-0.23435203496293583,-1.0304858643441033,2.6686217485941524,152.90076331126676
78.14253759384155,-0.2390773235241649,-1.0280769520663628,2.658929533559483,152.34544029564697
78.17575192451477,-0.2420276464958817,-1.026525825047449,2.652848009857103,151.9969946544918
78.24252271652222,-0.24621226413699843,-1.0242850702404243,2.6433346613646873,151.45191993683926
78.27582693099976,-0.24890191702263886,-1.0228115428191225,2.6365588966027844,151.06369721300874
78.34251999855042,-0.2527346102023287,-1.0206736075291205,2.6271629526263536,150.52534927861788
78.37584042549133,-0.25541087974857957,-1.0191597666436234,2.6211419163115584,150.18036930948512
78.44246649742126,-0.25928535669110625,-1.0169319006243027,2.612361022100741,149.67726113085445
78.47580814361572,-0.2620620929051754,-1.0153148535857552,2.605944669204917,149.30963119005716
78.54248237609863,-0.26616066924097825,-1.0128871523572005,2.5963022180433035,148.7571594343357
78.57579326629639,-0.2687830113096609,-1.0112937751235824,2.5900689979577742,148.4000222306587
78.6425940990448,-0.27284061049588937,-1.0088018501022813,2.581143817369109,147.88864705153608
78.6758930683136,-0.2753265633654906,-1.0072324322801445,2.575597407638601,147.5708611825277
78.74253368377686,-0.27897155435540794,-1.0049047145830128,2.5677560700733015,147.12158563429864
78.775794506073,-0.28143707625091724,-1.0033080683232731,2.562563305171324,146.82406212141169
78.84257531166077,-0.28538480626895585,-1.0007380398258765,2.5539919559907642,146.33295998863267
78.87618780136108,-0.28782327662914065,-0.9991086482941319,2.548932233131844,146.04305922331068
78.94253516197205,-0.2917473673277932,-0.9964747757977496,2.5407856858356292,145.57629644563386
78.97584342956543,-0.2943978057979337,-0.9946638417354176,2.5352737748375067,145.2604872083897
79.04251646995544,-0.2980798594567958,-0.9921027181292225,2.5264160698866713,144.7529780985347
79.07582402229309,-0.30081444968903387,-0.9901831564943667,2.5206011452781696,144.4198074602808
79.14253115653992,-0.3045835267592972,-0.9874838306039354,2.5122003646050692,143.93847818309706
79.17587065696716,-0.30706743754853705,-0.9856730956323753,2.5075061196766293,143.66951776069678
79.24250411987305,-0.31066879437895706,-0.9830169409078106,2.501020724616143,143.2979319952559
79.27583932876587,-0.31268544029908085,-0.9814909543817644,2.4965500740452886,143.0417825858682
79.342538356781,-0.316546830297951,-0.9786051614217658,2.489778650139208,142.6538085747558
79.37583827972412,-0.31877105821530893,-0.9768981795885625,2.4853061318337226,142.39755215205648
79.44253158569336,-0.3222697965509124,-0.974202305676504,2.478657832087412,142.016632635655
79.4758837223053,-0.3250294493477462,-0.9720698205384578,2.4736900796505243,141.7320013873555
79.54252505302429,-0.3285495302184276,-0.969285312926703,2.465962304670827,141.28923249599205
79.57581663131714,-0.3306114095387478,-0.9676166472961015,2.4610809939019966,141.0095539904463
79.64256954193115,-0.33415067251934516,-0.9647575101225332,2.4548534327866425,140.65274102187672
79.67585730552673,-0.33642694833016407,-0.9628899903493368,2.450639495002259,140.41130017170084
79.74285531044006,-0.3402852511259749,-0.9597209761108714,2.444673420138494,140.06946926174803
79.77580046653748,-0.34242571125753973,-0.9579158085109629,2.4403446266822315,139.82144766632032
79.84272956848145,-0.3458921768217671,-0.954990238203927,2.4341619863442987,139.46720846870943
79.87581872940063,-0.3483751372451849,-0.9528742206935847,2.4297448822897123,139.21412704871153
79.94253253936768,-0.3516415312220907,-0.9500440190186997,2.423618740313858,138.86312496879714
79.97584414482117,-0.35417361612899534,-0.9478466728760019,2.4196395953495657,138.63513675627246
80.04251098632812,-0.35785830239118616,-0.9446114385866899,2.4133290039509707,138.2735665029014
80.07608151435852,-0.36035865554613644,-0.9423881877802407,2.4083836824478397,137.9902204524367
80.14256167411804,-0.3637134871963674,-0.9393531156664668,2.4007082633254844,137.55045133073173
80.17585587501526,-0.36618972842193614,-0.937097291299344,2.3952352552301908,137.23687106563048
80.2425811290741,-0.369385408373637,-0.9341234937623168,2.387582336112072,136.7983910992073
80.27579855918884,-0.3715274128407283,-0.9321059906223192,2.3825048521366985,136.50747269687307
80.34279990196228,-0.3748543328439689,-0.9289512056481393,2.3753673380300184,136.09852326234522
80.37604641914368,-0.37707392643326076,-0.9268168605795482,2.370442532103239,135.81635266781976
80.4425482749939,-0.38079368837294647,-0.9232270953476739,2.3635139135670946,135.41937206784257
80.47567939758301,-0.38307832804322595,-0.9209736702236209,2.3581415445386704,135.11155799652707
80.54266786575317,-0.3863805327892445,-0.9176769442073271,2.3495218632126913,134.61768663580074
80.57586646080017,-0.3885370214884345,-0.9154864172378229,2.3442774327232887,134.31720290280822
80.64282774925232,-0.3916670103432689,-0.9122705077242198,2.3370271939124376,133.90179481848452
80.67585277557373,-0.3939967582851072,-0.9098625202870816,2.332256879843334,133.62847595537298
80.7425811290741,-0.3969880946864077,-0.9067070932115598,2.3253077310145582,133.23031905627587
80.77583026885986,-0.3992905793976476,-0.9042720502910538,2.3208122180542543,132.97274513690408
80.84258913993835,-0.40244417213567985,-0.9008844190663324,2.3141112396576067,132.58880735616785
80.87586188316345,-0.4047177915121962,-0.8984213674774572,2.3100730588337144,132.35743663804814
80.94256782531738,-0.40774566120742844,-0.895089041658751,2.303802667573587,131.99816968294715
80.97588658332825,-0.4096161240170024,-0.8929965483003404,2.299914544205772,131.77539662374514
81.04257655143738,-0.41296563404922665,-0.8892688793053405,2.2934025460387057,131.40228661257532
81.0758421421051,-0.4146217112304005,-0.8873605080365152,2.288972602568507,131.14846954825137
81.14258050918579,-0.4181122415816082,-0.8834032681175683,2.282235474902713,130.76246056696058
81.17584681510925,-0.4198070100372201,-0.8814107115580301,2.278200227766931,130.53125793678802
81.24260377883911,-0.4227280216338989,-0.8779888861955968,2.2722334636057417,130.18938753300193
81.2758400440216,-0.42471539219435855,-0.8756385268241611,2.2678721700329683,129.93950381806448
81.34256720542908,-0.4273755112702188,-0.8724440935401082,2.260463177817426,129.51499983366864
81.37588906288147,-0.42924884075645536,-0.8701742397174455,2.25526710168065,129.21728660100274
81.44256925582886,-0.432217520413095,-0.8665518245918339,2.2476323978977804,128.77985029641175
81.47588157653809,-0.43414789542348053,-0.8641529012746207,2.243105389356255,128.52047181316266
81.54256796836853,-0.4370061299062652,-0.8605647120053903,2.2366699765460045,128.1517498197109
81.57588601112366,-0.4387309302656387,-0.858356837255764,2.232363044436554,127.90498078718998
81.64266109466553,-0.4416270471173631,-0.8546496687312712,2.225805984876444,127.5292889483798
81.67590951919556,-0.4433328886246569,-0.8524169640284623,2.221526897450778,127.28411529872162
81.74261236190796,-0.44618745417455213,-0.8486790077050156,2.215057871857248,126.91346743465024
81.77586221694946,-0.4479479480608719,-0.8463300940933076,2.2097115420944005,126.6071453033539
81.842524766922,-0.45095473976633527,-0.8423070602362919,2.201802704698887,126.15400229973574
81.87585759162903,-0.45259269233587307,-0.8400460987483717,2.1967257655259167,125.8631151122799
81.94254612922668,-0.45537103987833727,-0.8362105199052482,2.1895931396807584,125.4544457545064
81.97610259056091,-0.4571559728648926,-0.8337020579537018,2.1839762656929627,125.13262258094889
82.04257488250732,-0.45954926820860753,-0.8302766442013757,2.1755741512061015,124.65121688186602
82.07583594322205,-0.461466508626818,-0.8275261233459825,2.170228649627378,124.34494220202464
82.14273118972778,-0.46389654471706465,-0.8239542489141247,2.1626831594712805,123.91261746172275
82.17584013938904,-0.4658553862418314,-0.8210705593172629,2.1582034652235778,123.65594988782034
82.24254941940308,-0.4683339936404056,-0.8173353248868619,2.151225452606902,123.25613921549578
82.27584171295166,-0.47002187821663516,-0.8147614433168574,2.145968977628906,122.9549653841405
82.34293222427368,-0.4727601587793798,-0.8105626378213567,2.1383709323223283,122.51962945552441
82.37605166435242,-0.4745748137230803,-0.8077250526894347,2.1339349804763814,122.26546813662839
82.44256162643433,-0.4771441481754993,-0.8036522702071648,2.127690597776684,121.90769136227121
82.47611379623413,-0.4788398581883621,-0.8009264119680893,2.1233272702984363,121.65769111313416
82.54253768920898,-0.481286857796153,-0.796948053617478,2.116690014112636,121.27740434614071
82.57596969604492,-0.4828031367986071,-0.794436586787518,2.1123354881364285,121.02790838592392
82.64266228675842,-0.48526258994940463,-0.7903540806320498,2.1057015289547922,120.64781052335411
82.67584204673767,-0.4868985490352823,-0.787596114944051,2.101140900147558,120.3865057407738
82.74259686470032,-0.4895500155472956,-0.7831023371352881,2.093514379797081,119.94953831232085
82.77589297294617,-0.4913602940238687,-0.779978224789952,2.088213704914344,119.645832012969
82.84259271621704,-0.4937453564886285,-0.775774495080894,2.0794214447607975,119.14207261378975
82.8758442401886,-0.4953962557085362,-0.7728125967439498,2.073946187094043,118.82836345773808
82.94256567955017,-0.4978108671381962,-0.7684243678253654,2.0658423869169344,118.36404990957237
82.97576260566711,-0.4993963302386937,-0.7654863702955778,2.0603961527969568,118.05200368025751
83.04263949394226,-0.5016800423880355,-0.7611888894193987,2.0519161057633455,117.56613277515915
83.07582807540894,-0.5030228984324862,-0.7585887465902377,2.0460882070432596,117.23221877506853
83.14260649681091,-0.5052213850483627,-0.7543161848912096,2.0375682063767084,116.7440586954265
83.17579936981201,-0.5066638951671529,-0.7514547733225675,2.0314175759781308,116.39165353224314
83.24259805679321,-0.5089346602351756,-0.7469001596074205,2.023062577598252,115.91294738723744
83.2758412361145,-0.5103331502256588,-0.7440140853700488,2.0173936136149515,115.58813967678266
83.34258961677551,-0.5125510960348679,-0.7394005355284403,2.0093459026572753,115.12703980416663
83.37584900856018,-0.5139070664921321,-0.7364972381494415,2.004827833439864,114.86817350646098
83.44258260726929,-0.5160680420604113,-0.7318490109828508,1.9976796231685783,114.45861122684424
83.47594380378723,-0.5170856511209596,-0.7295420898013003,1.9928403078561883,114.18133888371126
83.54257130622864,-0.519104821848953,-0.7250649324448943,1.9854628962249632,113.75864433351134
83.57604932785034,-0.5203383606779369,-0.722251857386481,1.9803431834742544,113.46530640057641
83.64283466339111,-0.5223081233579524,-0.7177308961433946,1.971811945044394,112.9765024445256
83.67580986022949,-0.523672230726815,-0.7145361197803547,1.966071735583236,112.64761266888019
83.74255275726318,-0.5255937052550341,-0.7099358505995961,1.9570455792425148,112.1304520053316
83.77582216262817,-0.5268524397635874,-0.7068430301551663,1.951691009830427,111.82365777690913
83.84259557723999,-0.5285951546779153,-0.7024660667319412,1.9434733617458426,111.35282122413868
83.87605094909668,-0.52981327932341,-0.6993601112395279,1.9378869791729092,111.03274507996416
83.94251275062561,-0.5316019257635884,-0.6947145145609475,1.929819704411893,110.57052428398552
83.97585535049438,-0.532829308208153,-0.6914620406768506,1.9244169085009468,110.26096688071777
84.04249811172485,-0.5346734487748794,-0.6864904890217978,1.9161160385290663,109.78536206504214
84.07588934898376,-0.5358508376848219,-0.6832214064000108,1.9101173120759705,109.44166035682626
84.1443383693695,-0.537475135589966,-0.6785904018887601,1.9014713789143562,108.94628487671356
84.17585325241089,-0.5384600730955876,-0.6756867481420971,1.8954142945149628,108.59923950447379
84.24254417419434,-0.5400510001382766,-0.6709663336394187,1.8873230571847555,108.13564575441421
84.27578783035278,-0.5410445076509627,-0.6679203079324191,1.882501781409863,107.85940700064421
84.34278512001038,-0.542476786552269,-0.6634493526035007,1.8745933275779056,107.40628597359898
84.3757107257843,-0.5435249990638125,-0.6601356254536963,1.8681546448124746,107.03737662551616
84.44253897666931,-0.5449399201408964,-0.6555086621588698,1.8577061072020826,106.438719518357
84.47589039802551,-0.5458025647344971,-0.6525585854724878,1.851429422344172,106.07909196666505
84.54253363609314,-0.5471795802307475,-0.6478007823044627,1.8424078838418052,105.56219588576465
84.57581877708435,-0.5481197967426705,-0.644455610134707,1.836542668781131,105.22614381685146
84.64268755912781,-0.5494311120513247,-0.6396395229829812,1.8268457550621213,104.6705515864497
84.67590856552124,-0.5502395711844723,-0.6365324346697474,1.8201012753065098,104.28412136144173
84.7425696849823,-0.5515119134991655,-0.6315627884269551,1.8100671954560288,103.7092109347119
84.77588486671448,-0.5522272933800063,-0.6285826207648438,1.803211053644389,103.31638294516178
84.84253358840942,-0.5532620573989747,-0.6241527067166383,1.7932766506875155,102.74718358375064
84.8758282661438,-0.5539711323936836,-0.6210264037207012,1.7865182391406873,102.3599551259049
84.9425094127655,-0.5549973027664743,-0.6163518796150551,1.7765022093506935,101.78607889146095
84.97585105895996,-0.5557158080038676,-0.6129680470139779,1.770578036779518,101.44664880602544
85.04255199432373,-0.556711173643293,-0.6080660894600329,1.76176759341938,100.94184758585045
85.07605075836182,-0.5574096265834682,-0.6045184150986057,1.7557983150655845,100.59983312943918
85.1425507068634,-0.5582670063739429,-0.5998676593380161,1.7466079739832494,100.07326537313568
85.17582702636719,-0.5589132039705402,-0.5963015833705816,1.7406558354795698,99.73223295779754
85.24251651763916,-0.5596715832315549,-0.5917730477798783,1.7314857882881038,99.20682795579074
85.27580332756042,-0.5602109168563307,-0.5884686431849773,1.7254229308634934,98.859451813571
85.34264159202576,-0.5609799068386156,-0.5835534686527543,1.716384403700991,98.34158235414526
85.37582087516785,-0.5614912540205644,-0.5801161148912647,1.7109576598459904,98.03065283475517
85.44250822067261,-0.5621905335340202,-0.5751536228828177,1.7030304078341474,97.57645475133998
85.47591137886047,-0.5625545926201665,-0.5722964542452552,1.6977243849394745,97.27244203347543
85.54264044761658,-0.5631924407072058,-0.5673282274114271,1.6896617398637948,96.81048649892705
85.5758421421051,-0.5636348202881675,-0.5637378588603754,1.6835286018998175,96.45908357841968
85.64277935028076,-0.5642400745415026,-0.5584711467590475,1.674757463955287,95.95653439267103
85.67596006393433,-0.5645633000160123,-0.5552792469703676,1.6686924839643829,95.60903663636094
85.74277448654175,-0.565051637852827,-0.5502914284577302,1.6596321230443434,95.08991619477742
85.77588510513306,-0.5653119682129009,-0.5472315590336595,1.653492244220961,94.73812705147584
85.84263396263123,-0.565708562263211,-0.5424139270203546,1.643803101008904,94.18298003832716
85.8759400844574,-0.5659249805131656,-0.539353041675942,1.6375907461835832,93.82703832599854
85.94248676300049,-0.5662612147810645,-0.5344154229023865,1.6283450013363552,93.29729616779754
85.97585463523865,-0.5664574296201795,-0.531074761223109,1.6222770481083661,92.949628057551
86.0425009727478,-0.5667420029550037,-0.5258208634567177,1.6131324740873851,92.4256825607038
86.07581806182861,-0.5668588022866329,-0.5227554554349964,1.6073991528075866,92.0971874487788
86.14257001876831,-0.5670645025659901,-0.5174909011899608,1.5983368196584435,91.5779540067914
86.17588710784912,-0.5671448365498377,-0.5142853611243213,1.5923917531080327,91.23732678452846
86.24253296852112,-0.5672615620521437,-0.5091432500488179,1.583220768892568,90.71186809500124
86.27582669258118,-0.5673017153674108,-0.505801176164027,1.5780024451125167,90.41288016627155
86.3424882888794,-0.5673423537123778,-0.5006407438671476,1.570810290901576,90.0008000843774
86.37612390518188,-0.5673346198058301,-0.49743426202607055,1.565419180757542,89.69191222623408
86.4424991607666,-0.5673069127586697,-0.4924308908825814,1.5572327989212504,89.22286709753203
86.47582697868347,-0.5672583602970499,-0.4892236800659638,1.55141838202672,88.88972554914587
86.54249978065491,-0.5671675042856005,-0.4839513838454925,1.5432586267973254,88.42220601264175
86.57583427429199,-0.5670673150403129,-0.48115631983317386,1.5373348562682767,88.08279896252328
86.64257335662842,-0.5669064833012141,-0.4768284530222602,1.5285430755625355,87.57906703367976
86.6759340763092,-0.5667734939910901,-0.4735678959141221,1.52239514548098,87.22681658726512
86.74258041381836,-0.5665432275950689,-0.46851889409325087,1.513243107149304,86.70244341691813
86.77594137191772,-0.5663499847674414,-0.4649039672019196,1.5073619898862654,86.36548021892449
86.842524766922,-0.5660363327234523,-0.4600512557568965,1.4986581870000744,85.86678904783196
86.87586379051208,-0.5657872304946,-0.45644273757000975,1.492793831836345,85.53078624738451
86.94254922866821,-0.5653869475696024,-0.4512834955981766,1.4831580067779373,84.97869413941136
86.97586154937744,-0.5650916547810461,-0.44796235973926435,1.4769193328131602,84.62124445147148
87.0425009727478,-0.564634372842919,-0.44324334864029835,1.468024783944784,84.11162434064066
87.07586526870728,-0.564292553721009,-0.43991399762633787,1.4625564314423714,83.7983108213626
87.14266610145569,-0.5637856003321942,-0.4353851033396725,1.453951568847851,83.3052885114066
87.17579889297485,-0.5633800936347363,-0.4317866870141745,1.4481779258932976,82.97448313769526
87.24276280403137,-0.5627706301018585,-0.42683427716126054,1.4395558574779914,82.48047500682516
87.27573776245117,-0.5623458712640267,-0.4236507570068127,1.4338862015826215,82.155627652729
87.34252691268921,-0.5617108119455936,-0.4191468329856621,1.4252913966620333,81.66318160504102
87.37580561637878,-0.5612618618599732,-0.41610778810485516,1.4187158623661298,81.28643124184222
87.44251441955566,-0.5605405868030842,-0.4113836456728194,1.4094901174829668,80.75783499717257
87.47582936286926,-0.560043677607405,-0.4083491956580714,1.403466709329248,80.4127191316798
87.54257130622864,-0.5593073156124703,-0.4040654546692761,1.3951286929789748,79.93498598529806
87.57581686973572,-0.5587897479318122,-0.40116735386435165,1.389778590724055,79.62844770612773
87.64253640174866,-0.5579279038141285,-0.3963804376041893,1.3815860305800498,79.15904858646914
87.67588901519775,-0.5573484080282366,-0.3933608107053692,1.3758553732178211,78.83070610577786
87.74254965782166,-0.5564305062407566,-0.38868496466441266,1.3669271588254728,78.31915710250836
87.77592206001282,-0.5558076215453602,-0.3856822311712442,1.3615492193516228,78.01102386817993
87.8425042629242,-0.554895163150344,-0.3814407721627191,1.3530688028410593,77.52513179361159
87.87575149536133,-0.554160482234626,-0.3780353433113833,1.3470847751352433,77.18227226157897
87.94252848625183,-0.5531306454774401,-0.3735196532726362,1.337723041849117,76.6458844553568
87.97586059570312,-0.552430274580964,-0.37057637179667136,1.3322087517485284,76.32993890558231
88.04253673553467,-0.5512972796703974,-0.3659007191777768,1.3238607578339872,75.8516340868782
88.07584118843079,-0.5504863073652148,-0.3626497320590066,1.3181700678568427,75.52558156867042
88.14251255989075,-0.5493183957111216,-0.3581432018543867,1.3100829671026364,75.06222482695733
88.17585802078247,-0.548462937938275,-0.35490626762791705,1.3056930794591506,74.81070279244896
88.24254655838013,-0.5471702385798117,-0.3501310148568977,1.2992497969350505,74.44152989760764
88.27583456039429,-0.5463073801323987,-0.3470376341738788,1.2930396145016512,74.08571265416757
88.34249472618103,-0.544985518232632,-0.3424077308806454,1.2838027379695647,73.55647861299558
88.37582468986511,-0.5440758644763203,-0.3393290048841481,1.276847904510991,73.15799600860294
88.44251203536987,-0.5426092208878617,-0.33444889456710897,1.2665374049936369,72.56724790158687
88.47588348388672,-0.5416083728640667,-0.3312565101770248,1.2602517216479348,72.20710477452246
88.54250454902649,-0.5400457355172913,-0.3263667513743973,1.2511778421234667,71.68720977396028
88.57584762573242,-0.538993679233887,-0.3231926399880476,1.2451620739449016,71.34253164679939
88.64258193969727,-0.537471170720856,-0.3187201587541479,1.2361131851977247,70.82406851230273
88.67584705352783,-0.5364145616691484,-0.31569021309953715,1.230260084252302,70.48871053106598
88.74263596534729,-0.534845898276725,-0.31128494699368636,1.2213257620286098,69.97681157483848
88.77589106559753,-0.533704620900052,-0.3081362444981207,1.2151415513300212,69.6224824021897
88.84254002571106,-0.5320713824492059,-0.30375769849124495,1.2058567160048048,69.09050052458082
88.87583470344543,-0.5310151168602116,-0.3010202641990042,1.2001837873350332,68.76546565432415
88.94252848625183,-0.5293871072680414,-0.29684795162571065,1.1922364887944412,68.31011898941775
88.97582197189331,-0.5282039797292631,-0.29385654634560876,1.1872098930964854,68.02211627060626
89.0425455570221,-0.5264748333003786,-0.2895746024552122,1.17914101076598,67.55980336768063
89.07584261894226,-0.5252068700762648,-0.2864773684590537,1.173550649687074,67.2394992719051
89.14256930351257,-0.5233667668742081,-0.28208780206767775,1.1655531993272559,66.78127911942214
89.17586493492126,-0.5220915031178417,-0.27911139630181725,1.1596324029262548,66.44204247428854
89.24252533912659,-0.5201243128670033,-0.274584608491517,1.1511915654133928,65.95841810924584
89.2758297920227,-0.5189171695861055,-0.27190630259892157,1.1456273469906582,65.6396118773342
89.34255933761597,-0.5169498502911161,-0.2675549707490019,1.1377823857302753,65.19012870667063
89.37582612037659,-0.5155002154810417,-0.2643910223225518,1.1326017826154797,64.89330201286052
89.4424684047699,-0.5132818412524696,-0.25962539104116833,1.124551736554254,64.43206834866636
89.47585344314575,-0.5118362343145915,-0.2566085204648779,1.1188774340710173,64.10695476469631
89.54252028465271,-0.509646788445589,-0.25210064518666125,1.1092576525153806,63.555781881720534
89.57582545280457,-0.5080455029248933,-0.24885983614319176,1.1028540990192899,63.188885292508296
89.64254355430603,-0.5056715727993646,-0.24414793183481226,1.0933837965686597,62.646276931374786
89.67583322525024,-0.504048070783857,-0.2410120237035438,1.0873935159818946,62.30305913565399
89.74307608604431,-0.5017516295170288,-0.23666342613259184,1.0787392225009902,61.807204644530586
89.7758686542511,-0.5001105536575675,-0.23359611451452333,1.072749652465075,61.464027560374625
89.84264636039734,-0.49789211113505416,-0.2295575725210688,1.0641911357985208,60.97366067648869
89.87584686279297,-0.4962100436874295,-0.22650997717963856,1.0584746081516585,60.64612776885363
89.94258904457092,-0.4937595323526567,-0.222153653897593,1.0495806701307038,60.136542657001996
89.97607064247131,-0.492282771157473,-0.21961380396949073,1.0428467485664332,59.75071737179716
90.04285478591919,-0.4898605825298832,-0.21546035074925235,1.0329715957319716,59.18491279233586
90.07586812973022,-0.4879557713057471,-0.21222429080694322,1.0269927969892367,58.84235285781902
90.14259505271912,-0.4852202941898179,-0.20768170727856142,1.018382080930785,58.34899516908422
90.17579650878906,-0.4835304143585581,-0.2049601884218958,1.0126938198209348,58.023081814721394
90.2427909374237,-0.4808714297574237,-0.20070495605201338,1.0034570833950867,57.49385580104555
90.27586770057678,-0.4792110672337767,-0.19812137884906678,0.9970299483418334,57.125608088133546
90.34249758720398,-0.47665862391481534,-0.19418678345814577,0.9881386444204421,56.6161738990697
90.37581372261047,-0.4747498651165679,-0.19127140188995861,0.9825069090924416,56.293499233440556
90.44252419471741,-0.4720621168500974,-0.1872485809151514,0.9734554228225574,55.774887271855576
90.47583055496216,-0.47018197072351936,-0.18447873894467592,0.9675060702534346,55.43401447880952
90.54258298873901,-0.4672813805136838,-0.18025562754809615,0.9591318114639154,54.95420479361974
90.57587695121765,-0.46573387457328,-0.17809639661829912,0.9536050536244487,54.63754489502746
90.64268898963928,-0.46281126613089074,-0.17395518705709806,0.9454023664339819,54.16756553834769
90.67589902877808,-0.4610815509312963,-0.1715797939583895,0.940308686375886,53.875719168828844
90.7424988746643,-0.4582653263841191,-0.167717285962859,0.9333655919773904,53.47790916303412
90.77601838111877,-0.45651112652587106,-0.16536316332582385,0.9286447793066857,53.207426521130856
90.8425726890564,-0.45373870982336223,-0.1616578611902262,0.9208023064946897,52.7580859280574
90.8758294582367,-0.45164444202975584,-0.15887874451440348,0.9148974172806292,52.41976069759941
90.9424946308136,-0.4486349524668989,-0.15495939512138496,0.9059492286215876,51.90706725314949
90.97582769393921,-0.4464155754466015,-0.15210470758574332,0.9003798700761518,51.5879665139009
91.04249334335327,-0.4433010274702925,-0.14817856404797997,0.8928268997750153,51.15521319285813
91.07581448554993,-0.4413667709876939,-0.14579390537710585,0.8872371826816221,50.83494599473456
91.14254999160767,-0.43839664877405743,-0.1421596812235335,0.8785873011112852,50.33934428746627
91.17583918571472,-0.43602194037509145,-0.13926298736219533,0.8725369411852315,49.9926841991683
91.24262428283691,-0.4331483901491433,-0.13587329122169473,0.8634467066705172,49.47185212669102
91.275874376297,-0.4311506531111803,-0.13354415151275167,0.856967036815163,49.100594391341076
91.3425931930542,-0.4277490351630592,-0.12958901148884971,0.8465144088009304,48.501702921305345
91.37610101699829,-0.4257945314058385,-0.12740150389949706,0.8402565434439606,48.14315364758985
91.44259452819824,-0.42222795021500603,-0.12338613761545887,0.8317879927349334,47.65794143337007
91.47596549987793,-0.42006416674393066,-0.1210211794705473,0.8268850346801258,47.377022629699916
91.54255962371826,-0.41668004910873524,-0.11734320089216833,0.8197161933526513,46.96627827763667
91.57584810256958,-0.4141308053069144,-0.11458988397778354,0.8144372513207432,46.663817178914115
91.64258027076721,-0.4106576827860116,-0.11091566913754956,0.8062215634557668,46.19309293845412
91.67583894729614,-0.4084380294297829,-0.10861345099365778,0.8009379600666056,45.89036476363417
91.74252080917358,-0.40514343126349023,-0.10523048921224475,0.7933371631463539,45.45487117916772
91.77589344978333,-0.4030842467133329,-0.10315584624263342,0.7883006542790185,45.16630047758918
91.84249758720398,-0.39969416915985234,-0.09974393783126871,0.7806401633056377,44.7273866758164
91.87598037719727,-0.39732432304161364,-0.09738788276857738,0.7753070024872446,44.42181906945793
91.94257354736328,-0.3939869011748273,-0.09412516929429963,0.7672192742287344,43.95842637439661
91.97583794593811,-0.3919576866970653,-0.09218788312297892,0.7613308784407677,43.62104614764351
92.04254531860352,-0.3883298874590511,-0.08870819327662308,0.7523094704201108,43.1041575427944
92.07589912414551,-0.3858891495502147,-0.08641604517290075,0.7469269066724125,42.795759357091164
92.14250564575195,-0.3821501057057995,-0.08294178701045145,0.7386284200096225,42.32029109496769
92.1758041381836,-0.3794843222149532,-0.08050011275112331,0.7325653381064473,41.97290209107361
92.24251627922058,-0.3757437363367456,-0.07713838661095022,0.7224946037372794,41.39589151512294
92.27586531639099,-0.373475302274979,-0.07515546425325528,0.7164714233421399,41.05078869923551
92.3425714969635,-0.369677450790745,-0.07184556641932369,0.7074431143762455,40.53350469934964
92.37578773498535,-0.3670369091457659,-0.06957876344940683,0.701794562686231,40.20986652715032
92.44249963760376,-0.36321058211951784,-0.06634574869433896,0.6935172089315231,39.735609091468795
92.47580862045288,-0.36074265812373363,-0.06430174586849974,0.6876225293623874,39.39786883057533
92.54249668121338,-0.3567756885987584,-0.061036037908849455,0.6786948698057667,38.88635161705132
92.57580327987671,-0.35417236758116394,-0.05893723642461425,0.6722984882265535,38.51986594840718
92.64254665374756,-0.35024616098572864,-0.05581360325621286,0.6632657816693874,38.00232998510142
92.67581033706665,-0.347617155695957,-0.053761450322240875,0.6558549241890979,37.57771912890787
92.74254560470581,-0.3440908618722151,-0.05107518969532067,0.6435527844743727,36.872858444273845
92.7758526802063,-0.3417319155269027,-0.0493184008048608,0.6364833764169711,36.467811198928956
92.8425555229187,-0.33824461524932137,-0.04675585718303396,0.6262861621917306,35.88355386103191
92.87591791152954,-0.33564182128364795,-0.044861853905507676,0.619876268893321,35.516294027903854
92.94244861602783,-0.3318994886014568,-0.042189810257508925,0.6096228565385888,34.928816774370404
92.97595119476318,-0.32959286498761003,-0.040592375635605735,0.6025004637401428,34.52073372698507
93.04248905181885,-0.3260628336172925,-0.03817232255950477,0.5916983876186981,33.901820355247246
93.07590460777283,-0.3233973285438617,-0.036365187928285456,0.5852058843263999,33.529827318123765
93.14280533790588,-0.31934901342549515,-0.033664241340146644,0.5756439600476145,32.98196941292569
93.17606806755066,-0.3167712865171363,-0.03199245366395384,0.5700452560267073,32.661187301784786
93.24270248413086,-0.3128879978796561,-0.029504244326418932,0.5622196706264712,32.21281428613206
93.27581787109375,-0.310169749325156,-0.027785129096639355,0.5567859559282522,31.90148536684591
93.3427345752716,-0.3063587550459274,-0.02542139977313318,0.5491554870208181,31.464291702744134
93.37580132484436,-0.30362505552984553,-0.023741046894972043,0.5441212932831907,31.175853648326896
93.44257235527039,-0.2997160077930447,-0.02137703556371058,0.53733362768613,30.786949056869172
93.47606229782104,-0.2969166322800398,-0.019703654629821696,0.5327666536803894,30.52528072119428
93.54250884056091,-0.29305239571559,-0.0174335393917001,0.5259677208633051,30.13573056558236
93.5758261680603,-0.2905061026459951,-0.015960142912788147,0.5208793319239766,29.844187354837786
93.64256119728088,-0.2870215086661756,-0.013981654547463085,0.5134056922708061,29.415979345109502
93.67612195014954,-0.284105102823812,-0.012316452254936515,0.50775169174983,29.092028977892802
93.74278044700623,-0.279861279346285,-0.009940952744493761,0.49923407028180966,28.60400521628521
93.77608847618103,-0.27732299475577715,-0.008563899366509468,0.4930474118291879,28.249535797661046
93.84256196022034,-0.2734723516743183,-0.006505583490252861,0.4837604506176856,27.717432115740262
93.87580871582031,-0.27086781884953204,-0.005138282034785037,0.4777076801892205,27.37063391582762
93.94251132011414,-0.2666965724771242,-0.0029671686167855454,0.46903158791222976,26.873530445690005
93.97608470916748,-0.263833029690143,-0.0015083510321895546,0.463733252389821,26.56995818181174
94.0424370765686,-0.2595886718129189,0.0006195770098989112,0.45565484644099685,26.10709961575074
94.07583045959473,-0.25670358289066697,0.002036915962100455,0.45002612835891176,25.78459782557829
94.14280915260315,-0.2524028887870503,0.004117081317766676,0.4414232057214247,25.291686666972726
94.175772190094,-0.24938271281071975,0.005550994559220007,0.4352949483704408,24.94056338499133
94.24254131317139,-0.24476416638777154,0.007710292270437298,0.4254997816747942,24.379341673703674
94.27588057518005,-0.2419625506252377,0.008969654202629046,0.42005194294858317,24.067203507223855
94.342604637146,-0.23769477935576344,0.010868818964502591,0.41222552043876304,23.618782528724978
94.37605953216553,-0.23450721698995722,0.012274425347183905,0.4068362452978058,23.309999808513357
94.44252753257751,-0.2303254922797033,0.014062079801626992,0.39780131405588337,22.79233638016031
94.4761106967926,-0.22724664448439535,0.015363609725505996,0.3921450753456609,22.468257774146043
94.54254817962646,-0.2230657796426353,0.01708097570183826,0.3845787500601312,22.034739268862072
94.57580041885376,-0.22021206671452692,0.018233600024190097,0.37978939375796694,21.760329366163678
94.64281749725342,-0.2159214930361298,0.0199444222639683,0.37227106324231307,21.329560758632294
94.67576360702515,-0.21293029968300986,0.02111697171861854,0.366789749081915,21.01550459105619
94.74249505996704,-0.20821637294445006,0.022941546889792535,0.3586811594205783,20.550916625658186
94.77581000328064,-0.20533311642745128,0.024015969305180677,0.3532403214752854,20.23917957437827
94.84248471260071,-0.20056797845184865,0.025784291863098503,0.3458645659099493,19.816579909764382
94.87585401535034,-0.19754863193395752,0.02686935411504804,0.34130739852970127,19.55547345234148
94.94250774383545,-0.19353622383018854,0.02827090089757104,0.3342894925588049,19.15337705918946
94.97581815719604,-0.19037377285171783,0.029379629404520644,0.3283932886909663,18.815549462413596
95.04259920120239,-0.1855817919524118,0.031025093564212472,0.31972527658282557,18.318908951848837
95.07582116127014,-0.182919423619571,0.03188861043385885,0.3142975800678416,18.007924849062388
95.14283227920532,-0.17838914362551933,0.033365001804385494,0.3062880375116772,17.549011864763745
95.17574739456177,-0.17584266158622208,0.03415168343400729,0.3013233195472971,17.26455447893198
95.24266529083252,-0.17120152222406426,0.03560716938063308,0.29367429466808614,16.826297635962632
95.27582883834839,-0.16799733269140232,0.03658503563594928,0.2880187784853462,16.502260427723694
95.34279465675354,-0.16353604920390075,0.037902779937055674,0.27935938381253334,16.00611365983345
95.37587189674377,-0.1599322524638146,0.038960006729019704,0.2738137898028864,15.688374528187648
95.44253373146057,-0.15526389715519281,0.040266025183964084,0.2653926976513672,15.205881489014855
95.47584867477417,-0.1521663948443397,0.04110443236594818,0.2593444767537161,14.85934395801662
95.54273509979248,-0.1475010519866773,0.04233990216529157,0.25037318022631494,14.345326530236164
95.57578587532043,-0.1442594768654939,0.04317295147554155,0.24508347888023474,14.042248968221097
95.64271712303162,-0.13929471428596474,0.04442194271872678,0.23797975230697865,13.635235416758594
95.6757800579071,-0.1368347618336731,0.044987684651499965,0.23291961503286185,13.345310907194868
95.7426962852478,-0.1319322590520795,0.04616459192369378,0.22519545015986248,12.9027488597088
95.77604985237122,-0.12879903550470084,0.046882026205496766,0.2196582915842486,12.585493042831454
95.84247708320618,-0.124249930723674,0.04789199947974273,0.21161061781621715,12.124395301025109
95.87577033042908,-0.12137110776953729,0.04850183735828196,0.20598010244387854,11.801790533706574
95.94252014160156,-0.11671221183281076,0.04947897076818036,0.1974274008415145,11.311756828456339
95.97581934928894,-0.11381580809524215,0.050050737055050094,0.19067207045797302,10.92470490826292
96.04249215126038,-0.10903128563856497,0.05098516543386859,0.1804379546861266,10.33833326748785
96.07602667808533,-0.1057381088432237,0.05159375046876481,0.1744861582164247,9.997320449253069
96.14254832267761,-0.10086546140223511,0.05245816757318637,0.16674089872383652,9.553549769094127
96.17590737342834,-0.09783490532834972,0.05296053149153862,0.16194499726684297,9.278764856647754
96.24250364303589,-0.09309893094549881,0.05373420669715655,0.15370981013843465,8.806923390689498
96.27594137191772,-0.09005923295712057,0.054200013570708146,0.14767200087349908,8.460982402303703
96.34268856048584,-0.08518704788583213,0.054932030465873874,0.13876883831168296,7.950868763192758
96.37585616111755,-0.08214114407855092,0.0553513694581076,0.1333427256602917,7.639975409105498
96.44245648384094,-0.07781500903044535,0.055917744538972844,0.12493500278145975,7.158248372832844
96.47609663009644,-0.07489940046699442,0.05627962304231232,0.11983765894452647,6.866192084249547
96.54259037971497,-0.07049415081966488,0.056807304761551575,0.11229672504855909,6.4341283984234705
96.5758764743805,-0.06743196048904093,0.057155981855099014,0.10719667446369124,6.141917024607316
96.64256596565247,-0.06302309843283317,0.057628032543312106,0.09964831250491762,5.709427742132484
96.67586064338684,-0.06009107371541718,0.057919139567299494,0.09426482831845462,5.400976819172735
96.74267029762268,-0.055121202447200604,0.058408117256126116,0.08529969120427738,4.887312299774284
96.77578258514404,-0.05205943040970126,0.0586680931784782,0.07995368725601848,4.581008836278775
96.84255194664001,-0.04702156971095161,0.05908511794312733,0.0722582057705532,4.140090225840549
96.87576198577881,-0.04396721171843488,0.059300653647089474,0.06699820802255996,3.8387145546322183
96.94277477264404,-0.038882959446768374,0.05965242290376376,0.059625982907087316,3.41631716989529
96.97588086128235,-0.03555659234806351,0.059853329485408155,0.054707040702813126,3.134482541921601
97.04262471199036,-0.030724380047838343,0.06011421724292523,0.04749553925545236,2.7212939450353444
97.07591652870178,-0.027249196446930003,0.06028640360225936,0.042245287467181925,2.4204766761864356
97.14261484146118,-0.022105026097928193,0.06050819410104471,0.0338178441939232,1.9376197445427947
97.17600131034851,-0.018498069665027074,0.06063847399948661,0.027840111158199843,1.5951208705399211
